index,athlete,school,conference,event,season,class_year,birth_date,age_at_meet,performance,unit,meet,meet_date,round,place,wind,indoor_outdoor,source_url,data_status
0,"Wise, Taylen",Arizona,Big 12,100H,2026,SR-4,,,13.33,seconds,LSU Battle on the Bayou,2026-04-03,,,3.8,Outdoor,https://www.tfrrs.org/results/93386/5904423/_LSU_Battle_on_the_Bayou/100-Hurdles,TFRRS all_performances
1,"Woods, Cecelia",Arizona,Big 12,400H,2026,SR-4,,,59.66,seconds,LSU Battle on the Bayou,2026-04-03,,,,Outdoor,https://www.tfrrs.org/results/93386/5904430/_LSU_Battle_on_the_Bayou/400-Hurdles,TFRRS all_performances
2,"Koseoglu, Charli",Arizona,Big 12,100H,2026,JR-3,,,16.97,seconds,2026 Bryan Clay Multi Event,2026-04-09,,,+0.0,Outdoor,https://www.tfrrs.org/results/94627/5915534/2026_Bryan_Clay_Multi_Event/100-Hurdles,TFRRS all_performances
3,"Powers, Hollan",Arizona,Big 12,100H,2026,SR-4,,,13.39,seconds,2026 Bryan Clay Multi Event,2026-04-09,,,1.6,Outdoor,https://www.tfrrs.org/results/94627/5915520/2026_Bryan_Clay_Multi_Event/100-Hurdles,TFRRS all_performances
4,"Koseoglu, Charli",Arizona,Big 12,Long Jump,2026,JR-3,,,5.07,m,2026 Bryan Clay Multi Event,2026-04-09,,,+0.0,Outdoor,https://www.tfrrs.org/results/94627/5915538/2026_Bryan_Clay_Multi_Event/Long-Jump,TFRRS all_performances
5,"Koseoglu, Charli",Arizona,Big 12,Long Jump,2026,JR-3,,,5.16,m,2026 Bryan Clay Multi Event,2026-04-09,,,0.8,Outdoor,https://www.tfrrs.org/results/94627/5915538/2026_Bryan_Clay_Multi_Event/Long-Jump,TFRRS all_performances
6,"Koseoglu, Charli",Arizona,Big 12,Long Jump,2026,JR-3,,,5.34,m,2026 Bryan Clay Multi Event,2026-04-09,,,+0.0,Outdoor,https://www.tfrrs.org/results/94627/5915538/2026_Bryan_Clay_Multi_Event/Long-Jump,TFRRS all_performances
7,"Powers, Hollan",Arizona,Big 12,Long Jump,2026,SR-4,,,5.81,m,2026 Bryan Clay Multi Event,2026-04-09,,,+0.0,Outdoor,https://www.tfrrs.org/results/94627/5915524/2026_Bryan_Clay_Multi_Event/Long-Jump,TFRRS all_performances
8,"Powers, Hollan",Arizona,Big 12,Long Jump,2026,SR-4,,,5.91,m,2026 Bryan Clay Multi Event,2026-04-09,,,1.6,Outdoor,https://www.tfrrs.org/results/94627/5915524/2026_Bryan_Clay_Multi_Event/Long-Jump,TFRRS all_performances
9,"Powers, Hollan",Arizona,Big 12,Long Jump,2026,SR-4,,,5.95,m,2026 Bryan Clay Multi Event,2026-04-09,,,1.0,Outdoor,https://www.tfrrs.org/results/94627/5915524/2026_Bryan_Clay_Multi_Event/Long-Jump,TFRRS all_performances
10,"Dillon, Olivia",Arizona,Big 12,100H,2026,SR-4,,,14.68,seconds,Dual In the Desert,2026-04-11,,,-0.2,Outdoor,https://www.tfrrs.org/results/96197/5937165/Dual_In_the_Desert/100-Hurdles,TFRRS all_performances
11,"Psarras, Emily",Arizona,Big 12,100H,2026,JR-3,,,16.27,seconds,Dual In the Desert,2026-04-11,,,-0.2,Outdoor,https://www.tfrrs.org/results/96197/5937165/Dual_In_the_Desert/100-Hurdles,TFRRS all_performances
12,"Wise, Taylen",Arizona,Big 12,100H,2026,SR-4,,,13.69,seconds,Dual In the Desert,2026-04-11,,,-0.2,Outdoor,https://www.tfrrs.org/results/96197/5937165/Dual_In_the_Desert/100-Hurdles,TFRRS all_performances
13,"Woods, Cecelia",Arizona,Big 12,400H,2026,SR-4,,,1:00.01,seconds,Dual In the Desert,2026-04-11,,,,Outdoor,https://www.tfrrs.org/results/96197/5937179/Dual_In_the_Desert/400-Hurdles,TFRRS all_performances
14,"Aguilar-Perez, Camila",Arizona,Big 12,400m,2026,SR-4,,,55.94,seconds,Dual In the Desert,2026-04-11,,,,Outdoor,https://www.tfrrs.org/results/96197/5937175/Dual_In_the_Desert/400-Meters,TFRRS all_performances
15,"Lyons, Brooke",Arizona,Big 12,400m,2026,JR-3,,,53.29,seconds,Dual In the Desert,2026-04-11,,,,Outdoor,https://www.tfrrs.org/results/96197/5937175/Dual_In_the_Desert/400-Meters,TFRRS all_performances
16,"Maraz, Anja",Arizona,Big 12,Long Jump,2026,FR-1,,,5.81,m,Dual In the Desert,2026-04-11,,,NWI,Outdoor,https://www.tfrrs.org/results/96197/5937193/Dual_In_the_Desert/Long-Jump,TFRRS all_performances
17,"Vanek, Sydnie",Arizona,Big 12,Long Jump,2026,JR-3,,,5.98,m,Dual In the Desert,2026-04-11,,,NWI,Outdoor,https://www.tfrrs.org/results/96197/5937193/Dual_In_the_Desert/Long-Jump,TFRRS all_performances
18,"Vanek, Sydnie",Arizona,Big 12,Long Jump,2026,JR-3,,,5.99,m,Dual In the Desert,2026-04-11,,,NWI,Outdoor,https://www.tfrrs.org/results/96197/5937193/Dual_In_the_Desert/Long-Jump,TFRRS all_performances
19,"Vanek, Sydnie",Arizona,Big 12,Long Jump,2026,JR-3,,,6.08,m,Dual In the Desert,2026-04-11,,,NWI,Outdoor,https://www.tfrrs.org/results/96197/5937193/Dual_In_the_Desert/Long-Jump,TFRRS all_performances
20,"Vanek, Sydnie",Arizona,Big 12,Long Jump,2026,JR-3,,,6.14,m,Dual In the Desert,2026-04-11,,,NWI,Outdoor,https://www.tfrrs.org/results/96197/5937193/Dual_In_the_Desert/Long-Jump,TFRRS all_performances
21,"Vanek, Sydnie",Arizona,Big 12,Long Jump,2026,JR-3,,,6.27,m,Dual In the Desert,2026-04-11,,,NWI,Outdoor,https://www.tfrrs.org/results/96197/5937193/Dual_In_the_Desert/Long-Jump,TFRRS all_performances
22,"Vanek, Sydnie",Arizona,Big 12,Long Jump,2026,JR-3,,,6.30,m,Dual In the Desert,2026-04-11,,,NWI,Outdoor,https://www.tfrrs.org/results/96197/5937193/Dual_In_the_Desert/Long-Jump,TFRRS all_performances
23,"White, KENNEDY",Arizona,Big 12,Long Jump,2026,SO-2,,,5.12,m,Dual In the Desert,2026-04-11,,,NWI,Outdoor,https://www.tfrrs.org/results/96197/5937193/Dual_In_the_Desert/Long-Jump,TFRRS all_performances
24,"White, KENNEDY",Arizona,Big 12,Long Jump,2026,SO-2,,,5.34,m,Dual In the Desert,2026-04-11,,,NWI,Outdoor,https://www.tfrrs.org/results/96197/5937193/Dual_In_the_Desert/Long-Jump,TFRRS all_performances
25,"White, KENNEDY",Arizona,Big 12,Long Jump,2026,SO-2,,,5.64,m,Dual In the Desert,2026-04-11,,,NWI,Outdoor,https://www.tfrrs.org/results/96197/5937193/Dual_In_the_Desert/Long-Jump,TFRRS all_performances
26,"Wise, Taylen",Arizona,Big 12,100H,2026,SR-4,,,13.51,seconds,66th Annual Mt. SAC Relays,2026-04-15,,,1.6,Outdoor,https://www.tfrrs.org/results/95455/5966522/66th_Annual_Mt_SAC_Relays/100-Hurdles,TFRRS all_performances
27,"Nordman, Brooke",Arizona,Big 12,400H,2026,JR-3,,,59.88,seconds,66th Annual Mt. SAC Relays,2026-04-15,,,,Outdoor,https://www.tfrrs.org/results/95455/5966546/66th_Annual_Mt_SAC_Relays/400-Hurdles,TFRRS all_performances
28,"Woods, Cecelia",Arizona,Big 12,400H,2026,JR-3,,,1:01.55,seconds,66th Annual Mt. SAC Relays,2026-04-15,,,,Outdoor,https://www.tfrrs.org/results/95455/5966552/66th_Annual_Mt_SAC_Relays/400-Hurdles,TFRRS all_performances
29,"Aguilar-Perez, Camila",Arizona,Big 12,400m,2026,SR-4,,,56.11,seconds,66th Annual Mt. SAC Relays,2026-04-15,,,,Outdoor,https://www.tfrrs.org/results/95455/5966527/66th_Annual_Mt_SAC_Relays/400-Meters,TFRRS all_performances
30,"Nordman, Brooke",Arizona,Big 12,400m,2026,JR-3,,,55.48,seconds,66th Annual Mt. SAC Relays,2026-04-15,,,,Outdoor,https://www.tfrrs.org/results/95455/5966527/66th_Annual_Mt_SAC_Relays/400-Meters,TFRRS all_performances
31,"Vanek, Sydnie",Arizona,Big 12,Long Jump,2026,SO-2,,,6.17,m,66th Annual Mt. SAC Relays,2026-04-15,,,2.3,Outdoor,https://www.tfrrs.org/results/95455/5966549/66th_Annual_Mt_SAC_Relays/Long-Jump,TFRRS all_performances
32,"Vanek, Sydnie",Arizona,Big 12,Long Jump,2026,SO-2,,,6.37,m,66th Annual Mt. SAC Relays,2026-04-15,,,2.1,Outdoor,https://www.tfrrs.org/results/95455/5966549/66th_Annual_Mt_SAC_Relays/Long-Jump,TFRRS all_performances
33,"Vanek, Sydnie",Arizona,Big 12,Long Jump,2026,SO-2,,,6.38,m,66th Annual Mt. SAC Relays,2026-04-15,,,2.5,Outdoor,https://www.tfrrs.org/results/95455/5966549/66th_Annual_Mt_SAC_Relays/Long-Jump,TFRRS all_performances
34,"Vanek, Sydnie",Arizona,Big 12,Long Jump,2026,SO-2,,,6.41,m,66th Annual Mt. SAC Relays,2026-04-15,,,2.3,Outdoor,https://www.tfrrs.org/results/95455/5966549/66th_Annual_Mt_SAC_Relays/Long-Jump,TFRRS all_performances
35,"Koseoglu, Charli",Arizona,Big 12,100H,2026,FR-1,,,15.30,seconds,Desert Heat Classic,2026-05-02,,,1.8,Outdoor,https://www.tfrrs.org/results/96521/5999900/Desert_Heat_Classic/100-Hurdles,TFRRS all_performances
36,"Powers, Hollan",Arizona,Big 12,100H,2026,SR-4,,,13.28,seconds,Desert Heat Classic,2026-05-02,,,0.7,Outdoor,https://www.tfrrs.org/results/96521/5999900/Desert_Heat_Classic/100-Hurdles,TFRRS all_performances
37,"Wise, Taylen",Arizona,Big 12,100H,2026,SR-4,,,13.40,seconds,Desert Heat Classic,2026-05-02,,,0.7,Outdoor,https://www.tfrrs.org/results/96521/5999900/Desert_Heat_Classic/100-Hurdles,TFRRS all_performances
38,"Nordman, Brooke",Arizona,Big 12,400H,2026,JR-3,,,58.10,seconds,Desert Heat Classic,2026-05-02,,,,Outdoor,https://www.tfrrs.org/results/96521/5999922/Desert_Heat_Classic/400-Hurdles,TFRRS all_performances
39,"Woods, Cecelia",Arizona,Big 12,400H,2026,JR-3,,,59.01,seconds,Desert Heat Classic,2026-05-02,,,,Outdoor,https://www.tfrrs.org/results/96521/5999922/Desert_Heat_Classic/400-Hurdles,TFRRS all_performances
40,"Aguilar-Perez, Camila",Arizona,Big 12,400m,2026,SR-4,,,55.39,seconds,Desert Heat Classic,2026-05-02,,,,Outdoor,https://www.tfrrs.org/results/96521/5999905/Desert_Heat_Classic/400-Meters,TFRRS all_performances
41,"Koseoglu, Charli",Arizona,Big 12,100H,2026,FR-1,,,14.64,seconds,Big 12 Outdoor Track & Field Championships,2026-05-14,,,0.7,Outdoor,https://www.tfrrs.org/results/94673/5999882/Big_12_Outdoor_Track__Field_Championships/100-Hurdles,TFRRS all_performances
42,"Powers, Hollan",Arizona,Big 12,100H,2026,SR-4,,,13.10,seconds,Big 12 Outdoor Track & Field Championships,2026-05-14,,,2.6,Outdoor,https://www.tfrrs.org/results/94673/5999867/Big_12_Outdoor_Track__Field_Championships/100-Hurdles,TFRRS all_performances
43,"Powers, Hollan",Arizona,Big 12,100H,2026,SR-4,,,13.35,seconds,Big 12 Outdoor Track & Field Championships,2026-05-14,,,1.0,Outdoor,https://www.tfrrs.org/results/94673/5999867/Big_12_Outdoor_Track__Field_Championships/100-Hurdles,TFRRS all_performances
44,"Wise, Taylen",Arizona,Big 12,100H,2026,SR-4,,,13.09,seconds,Big 12 Outdoor Track & Field Championships,2026-05-14,,,2.6,Outdoor,https://www.tfrrs.org/results/94673/5999867/Big_12_Outdoor_Track__Field_Championships/100-Hurdles,TFRRS all_performances
45,"Wise, Taylen",Arizona,Big 12,100H,2026,SR-4,,,13.30,seconds,Big 12 Outdoor Track & Field Championships,2026-05-14,,,0.7,Outdoor,https://www.tfrrs.org/results/94673/5999867/Big_12_Outdoor_Track__Field_Championships/100-Hurdles,TFRRS all_performances
46,"Nordman, Brooke",Arizona,Big 12,400H,2026,JR-3,,,58.83,seconds,Big 12 Outdoor Track & Field Championships,2026-05-14,,,,Outdoor,https://www.tfrrs.org/results/94673/5999866/Big_12_Outdoor_Track__Field_Championships/400-Hurdles,TFRRS all_performances
47,"Woods, Cecelia",Arizona,Big 12,400H,2026,JR-3,,,58.99,seconds,Big 12 Outdoor Track & Field Championships,2026-05-14,,,,Outdoor,https://www.tfrrs.org/results/94673/5999866/Big_12_Outdoor_Track__Field_Championships/400-Hurdles,TFRRS all_performances
48,"Aguilar-Perez, Camila",Arizona,Big 12,400m,2026,SR-4,,,56.48,seconds,Big 12 Outdoor Track & Field Championships,2026-05-14,,,,Outdoor,https://www.tfrrs.org/results/94673/5999840/Big_12_Outdoor_Track__Field_Championships/400-Meters,TFRRS all_performances
49,"Koseoglu, Charli",Arizona,Big 12,Long Jump,2026,FR-1,,,5.16,m,Big 12 Outdoor Track & Field Championships,2026-05-14,,,0.6,Outdoor,https://www.tfrrs.org/results/94673/5999886/Big_12_Outdoor_Track__Field_Championships/Long-Jump,TFRRS all_performances
50,"Koseoglu, Charli",Arizona,Big 12,Long Jump,2026,FR-1,,,5.27,m,Big 12 Outdoor Track & Field Championships,2026-05-14,,,0.4,Outdoor,https://www.tfrrs.org/results/94673/5999886/Big_12_Outdoor_Track__Field_Championships/Long-Jump,TFRRS all_performances
51,"Koseoglu, Charli",Arizona,Big 12,Long Jump,2026,FR-1,,,5.41,m,Big 12 Outdoor Track & Field Championships,2026-05-14,,,-1.2,Outdoor,https://www.tfrrs.org/results/94673/5999886/Big_12_Outdoor_Track__Field_Championships/Long-Jump,TFRRS all_performances
52,"Vanek, Sydnie",Arizona,Big 12,Long Jump,2026,SO-2,,,6.07,m,Big 12 Outdoor Track & Field Championships,2026-05-14,,,-0.1,Outdoor,https://www.tfrrs.org/results/94673/5999871/Big_12_Outdoor_Track__Field_Championships/Long-Jump,TFRRS all_performances
53,"Vanek, Sydnie",Arizona,Big 12,Long Jump,2026,SO-2,,,6.11,m,Big 12 Outdoor Track & Field Championships,2026-05-14,,,-0.1,Outdoor,https://www.tfrrs.org/results/94673/5999871/Big_12_Outdoor_Track__Field_Championships/Long-Jump,TFRRS all_performances
54,"Vanek, Sydnie",Arizona,Big 12,Long Jump,2026,SO-2,,,6.16,m,Big 12 Outdoor Track & Field Championships,2026-05-14,,,-0.1,Outdoor,https://www.tfrrs.org/results/94673/5999871/Big_12_Outdoor_Track__Field_Championships/Long-Jump,TFRRS all_performances
55,"Vanek, Sydnie",Arizona,Big 12,Long Jump,2026,SO-2,,,6.21,m,Big 12 Outdoor Track & Field Championships,2026-05-14,,,-0.1,Outdoor,https://www.tfrrs.org/results/94673/5999871/Big_12_Outdoor_Track__Field_Championships/Long-Jump,TFRRS all_performances
56,"Vanek, Sydnie",Arizona,Big 12,Long Jump,2026,SO-2,,,6.41,m,Big 12 Outdoor Track & Field Championships,2026-05-14,,,-0.1,Outdoor,https://www.tfrrs.org/results/94673/5999871/Big_12_Outdoor_Track__Field_Championships/Long-Jump,TFRRS all_performances
57,"Vanek, Sydnie",Arizona,Big 12,Long Jump,2026,SO-2,,,6.50,m,Big 12 Outdoor Track & Field Championships,2026-05-14,,,0.2,Outdoor,https://www.tfrrs.org/results/94673/5999871/Big_12_Outdoor_Track__Field_Championships/Long-Jump,TFRRS all_performances
58,"Powers, Hollan",Arizona,Big 12,100H,2026,SR-4,,,13.38,seconds,NCAA Division I West First Rounds,2026-05-27,,,1.8,Outdoor,https://www.tfrrs.org/results/96717/6004603/NCAA_Division_I_West_First_Rounds/100-Hurdles,TFRRS all_performances
59,"Powers, Hollan",Arizona,Big 12,100H,2026,SR-4,,,13.45,seconds,NCAA Division I West First Rounds,2026-05-27,,,1.2,Outdoor,https://www.tfrrs.org/results/96717/6004603/NCAA_Division_I_West_First_Rounds/100-Hurdles,TFRRS all_performances
60,"Wise, Taylen",Arizona,Big 12,100H,2026,SR-4,,,12.95,seconds,NCAA Division I West First Rounds,2026-05-27,,,2.7,Outdoor,https://www.tfrrs.org/results/96717/6004603/NCAA_Division_I_West_First_Rounds/100-Hurdles,TFRRS all_performances
61,"Wise, Taylen",Arizona,Big 12,100H,2026,SR-4,,,13.21,seconds,NCAA Division I West First Rounds,2026-05-27,,,0.3,Outdoor,https://www.tfrrs.org/results/96717/6004603/NCAA_Division_I_West_First_Rounds/100-Hurdles,TFRRS all_performances
62,"Nordman, Brooke",Arizona,Big 12,400H,2026,JR-3,,,58.56,seconds,NCAA Division I West First Rounds,2026-05-27,,,,Outdoor,https://www.tfrrs.org/results/96717/6004602/NCAA_Division_I_West_First_Rounds/400-Hurdles,TFRRS all_performances
63,"Vanek, Sydnie",Arizona,Big 12,Long Jump,2026,SO-2,,,6.47,m,NCAA Division I West First Rounds,2026-05-27,,,0.1,Outdoor,https://www.tfrrs.org/results/96717/6004604/NCAA_Division_I_West_First_Rounds/Long-Jump,TFRRS all_performances
64,"Vanek, Sydnie",Arizona,Big 12,Long Jump,2026,SO-2,,,6.48,m,NCAA Division I West First Rounds,2026-05-27,,,0.3,Outdoor,https://www.tfrrs.org/results/96717/6004604/NCAA_Division_I_West_First_Rounds/Long-Jump,TFRRS all_performances
65,"Vanek, Sydnie",Arizona,Big 12,Long Jump,2026,SO-2,,,6.63,m,NCAA Division I West First Rounds,2026-05-27,,,1.4,Outdoor,https://www.tfrrs.org/results/96717/6004604/NCAA_Division_I_West_First_Rounds/Long-Jump,TFRRS all_performances
66,"Powers, Hollan",Arizona,Big 12,100H,2026,SR-4,,,13.23,seconds,NCAA Division I Outdoor Track & Field Championships,2026-06-10,,,0.6,Outdoor,https://www.tfrrs.org/results/96875/6005730/NCAA_Division_I_Outdoor_Track__Field_Championships/100-Hurdles,TFRRS all_performances
67,"Wise, Taylen",Arizona,Big 12,100H,2026,SR-4,,,13.13,seconds,NCAA Division I Outdoor Track & Field Championships,2026-06-10,,,1.2,Outdoor,https://www.tfrrs.org/results/96875/6005713/NCAA_Division_I_Outdoor_Track__Field_Championships/100-Hurdles,TFRRS all_performances
68,"Powers, Hollan",Arizona,Big 12,Long Jump,2026,SR-4,,,5.87,m,NCAA Division I Outdoor Track & Field Championships,2026-06-10,,,-1.8,Outdoor,https://www.tfrrs.org/results/96875/6005734/NCAA_Division_I_Outdoor_Track__Field_Championships/Long-Jump,TFRRS all_performances
69,"Powers, Hollan",Arizona,Big 12,Long Jump,2026,SR-4,,,5.98,m,NCAA Division I Outdoor Track & Field Championships,2026-06-10,,,0.4,Outdoor,https://www.tfrrs.org/results/96875/6005734/NCAA_Division_I_Outdoor_Track__Field_Championships/Long-Jump,TFRRS all_performances
70,"Vanek, Sydnie",Arizona,Big 12,Long Jump,2026,SO-2,,,5.96,m,NCAA Division I Outdoor Track & Field Championships,2026-06-10,,,0.6,Outdoor,https://www.tfrrs.org/results/96875/6005690/NCAA_Division_I_Outdoor_Track__Field_Championships/Long-Jump,TFRRS all_performances
71,"Vanek, Sydnie",Arizona,Big 12,Long Jump,2026,SO-2,,,6.25,m,NCAA Division I Outdoor Track & Field Championships,2026-06-10,,,1.0,Outdoor,https://www.tfrrs.org/results/96875/6005690/NCAA_Division_I_Outdoor_Track__Field_Championships/Long-Jump,TFRRS all_performances
72,"Vanek, Sydnie",Arizona,Big 12,Long Jump,2026,SO-2,,,6.31,m,NCAA Division I Outdoor Track & Field Championships,2026-06-10,,,0.9,Outdoor,https://www.tfrrs.org/results/96875/6005690/NCAA_Division_I_Outdoor_Track__Field_Championships/Long-Jump,TFRRS all_performances
73,"Ahlander, Berklie",BYU,Big 12,100H,2026,FR-1,,,14.60,seconds,Utah Tech Invitational,2026-03-21,,,0.7,Outdoor,https://www.tfrrs.org/results/94597/5862652/Utah_Tech_Invitational/100-Hurdles,TFRRS all_performances
74,"Brown, Tia",BYU,Big 12,100H,2026,FR-1,,,14.14,seconds,Utah Tech Invitational,2026-03-21,,,0.7,Outdoor,https://www.tfrrs.org/results/94597/5862652/Utah_Tech_Invitational/100-Hurdles,TFRRS all_performances
75,"Ahlander, Berklie",BYU,Big 12,400H,2026,FR-1,,,1:04.16,seconds,Utah Tech Invitational,2026-03-21,,,,Outdoor,https://www.tfrrs.org/results/94597/5862653/Utah_Tech_Invitational/400-Hurdles,TFRRS all_performances
76,"Brown, Tia",BYU,Big 12,400H,2026,FR-1,,,1:01.04,seconds,Utah Tech Invitational,2026-03-21,,,,Outdoor,https://www.tfrrs.org/results/94597/5862653/Utah_Tech_Invitational/400-Hurdles,TFRRS all_performances
77,"Taggart, Madelynne",BYU,Big 12,400H,2026,JR-3,,,1:03.25,seconds,Utah Tech Invitational,2026-03-21,,,,Outdoor,https://www.tfrrs.org/results/94597/5862653/Utah_Tech_Invitational/400-Hurdles,TFRRS all_performances
78,"Taylor, Mayci",BYU,Big 12,400H,2026,SR-4,,,58.47,seconds,Utah Tech Invitational,2026-03-21,,,,Outdoor,https://www.tfrrs.org/results/94597/5862653/Utah_Tech_Invitational/400-Hurdles,TFRRS all_performances
79,"McEuen, Kali",BYU,Big 12,400m,2026,SR-4,,,54.90,seconds,Utah Tech Invitational,2026-03-21,,,,Outdoor,https://www.tfrrs.org/results/94597/5862667/Utah_Tech_Invitational/400-Meters,TFRRS all_performances
80,"Rasmussen, Paje",BYU,Big 12,400m,2026,JR-3,,,54.06,seconds,Utah Tech Invitational,2026-03-21,,,,Outdoor,https://www.tfrrs.org/results/94597/5862667/Utah_Tech_Invitational/400-Meters,TFRRS all_performances
81,"Mackley, Sarena",BYU,Big 12,Long Jump,2026,SO-2,,,4.94,m,Utah Tech Invitational,2026-03-21,,,NWI,Outdoor,https://www.tfrrs.org/results/94597/5862666/Utah_Tech_Invitational/Long-Jump,TFRRS all_performances
82,"Mackley, Sarena",BYU,Big 12,Long Jump,2026,SO-2,,,5.16,m,Utah Tech Invitational,2026-03-21,,,NWI,Outdoor,https://www.tfrrs.org/results/94597/5862666/Utah_Tech_Invitational/Long-Jump,TFRRS all_performances
83,"Ahlander, Berklie",BYU,Big 12,100H,2026,FR-1,,,14.77,seconds,Trojan Invite,2026-03-27,,,-1.1,Outdoor,https://www.tfrrs.org/results/95520/5876000/Trojan_Invite/100-Hurdles,TFRRS all_performances
84,"Bonds, Zoey",BYU,Big 12,100H,2026,SR-4,,,13.46,seconds,Trojan Invite,2026-03-27,,,-0.5,Outdoor,https://www.tfrrs.org/results/95520/5876000/Trojan_Invite/100-Hurdles,TFRRS all_performances
85,"Brown, Tia",BYU,Big 12,100H,2026,FR-1,,,14.06,seconds,Trojan Invite,2026-03-27,,,-0.5,Outdoor,https://www.tfrrs.org/results/95520/5876000/Trojan_Invite/100-Hurdles,TFRRS all_performances
86,"McEuen, Kali",BYU,Big 12,100H,2026,SR-4,,,13.91,seconds,Trojan Invite,2026-03-27,,,-0.5,Outdoor,https://www.tfrrs.org/results/95520/5876000/Trojan_Invite/100-Hurdles,TFRRS all_performances
87,"Ahlander, Berklie",BYU,Big 12,400H,2026,FR-1,,,1:03.12,seconds,Trojan Invite,2026-03-27,,,,Outdoor,https://www.tfrrs.org/results/95520/5876001/Trojan_Invite/400-Hurdles,TFRRS all_performances
88,"Brown, Tia",BYU,Big 12,400H,2026,FR-1,,,1:00.15,seconds,Trojan Invite,2026-03-27,,,,Outdoor,https://www.tfrrs.org/results/95520/5876001/Trojan_Invite/400-Hurdles,TFRRS all_performances
89,"McEuen, Kali",BYU,Big 12,400H,2026,SR-4,,,59.13,seconds,Trojan Invite,2026-03-27,,,,Outdoor,https://www.tfrrs.org/results/95520/5876001/Trojan_Invite/400-Hurdles,TFRRS all_performances
90,"Taggart, Madelynne",BYU,Big 12,400H,2026,JR-3,,,1:01.90,seconds,Trojan Invite,2026-03-27,,,,Outdoor,https://www.tfrrs.org/results/95520/5876001/Trojan_Invite/400-Hurdles,TFRRS all_performances
91,"Taylor, Mayci",BYU,Big 12,400H,2026,SR-4,,,58.04,seconds,Trojan Invite,2026-03-27,,,,Outdoor,https://www.tfrrs.org/results/95520/5876001/Trojan_Invite/400-Hurdles,TFRRS all_performances
92,"Barber, Marianne",BYU,Big 12,400m,2026,SO-2,,,53.51,seconds,Trojan Invite,2026-03-27,,,,Outdoor,https://www.tfrrs.org/results/95520/5875992/Trojan_Invite/400-Meters,TFRRS all_performances
93,"Hasler, Cambria",BYU,Big 12,400m,2026,FR-1,,,56.37,seconds,Trojan Invite,2026-03-27,,,,Outdoor,https://www.tfrrs.org/results/95520/5875992/Trojan_Invite/400-Meters,TFRRS all_performances
94,"McEuen, Kali",BYU,Big 12,100H,2026,SR-4,,,13.27,seconds,2026 98th Clyde Littlefield Texas Relays (Univ/College),2026-04-01,,,3.7,Outdoor,https://www.tfrrs.org/results/94985/5911812/2026_98th_Clyde_Littlefield_Texas_Relays_Univ_College/100-Hurdles,TFRRS all_performances
95,"McEuen, Kali",BYU,Big 12,100H,2026,SR-4,,,13.66,seconds,2026 98th Clyde Littlefield Texas Relays (Univ/College),2026-04-01,,,0.4,Outdoor,https://www.tfrrs.org/results/94985/5911812/2026_98th_Clyde_Littlefield_Texas_Relays_Univ_College/100-Hurdles,TFRRS all_performances
96,"McEuen, Kali",BYU,Big 12,400H,2026,SR-4,,,57.90,seconds,2026 98th Clyde Littlefield Texas Relays (Univ/College),2026-04-01,,,,Outdoor,https://www.tfrrs.org/results/94985/5911786/2026_98th_Clyde_Littlefield_Texas_Relays_Univ_College/400-Hurdles,TFRRS all_performances
97,"McEuen, Kali",BYU,Big 12,400H,2026,SR-4,,,58.58,seconds,2026 98th Clyde Littlefield Texas Relays (Univ/College),2026-04-01,,,,Outdoor,https://www.tfrrs.org/results/94985/5911786/2026_98th_Clyde_Littlefield_Texas_Relays_Univ_College/400-Hurdles,TFRRS all_performances
98,"Taylor, Mayci",BYU,Big 12,400H,2026,SR-4,,,59.42,seconds,2026 98th Clyde Littlefield Texas Relays (Univ/College),2026-04-01,,,,Outdoor,https://www.tfrrs.org/results/94985/5911786/2026_98th_Clyde_Littlefield_Texas_Relays_Univ_College/400-Hurdles,TFRRS all_performances
99,"Bonds, Zoey",BYU,Big 12,100H,2026,SR-4,,,13.49,seconds,2026 Bryan Clay Multi Event,2026-04-09,,,1.6,Outdoor,https://www.tfrrs.org/results/94627/5915520/2026_Bryan_Clay_Multi_Event/100-Hurdles,TFRRS all_performances
100,"Brown, Tia",BYU,Big 12,100H,2026,FR-1,,,13.77,seconds,2026 Bryan Clay Multi Event,2026-04-09,,,2.6,Outdoor,https://www.tfrrs.org/results/94627/5915513/2026_Bryan_Clay_Multi_Event/100-Hurdles,TFRRS all_performances
101,"Bonds, Zoey",BYU,Big 12,Long Jump,2026,SR-4,,,5.51,m,2026 Bryan Clay Multi Event,2026-04-09,,,1.9,Outdoor,https://www.tfrrs.org/results/94627/5915524/2026_Bryan_Clay_Multi_Event/Long-Jump,TFRRS all_performances
102,"Bonds, Zoey",BYU,Big 12,Long Jump,2026,SR-4,,,5.76,m,2026 Bryan Clay Multi Event,2026-04-09,,,1.7,Outdoor,https://www.tfrrs.org/results/94627/5915524/2026_Bryan_Clay_Multi_Event/Long-Jump,TFRRS all_performances
103,"Bonds, Zoey",BYU,Big 12,Long Jump,2026,SR-4,,,5.79,m,2026 Bryan Clay Multi Event,2026-04-09,,,+0.0,Outdoor,https://www.tfrrs.org/results/94627/5915524/2026_Bryan_Clay_Multi_Event/Long-Jump,TFRRS all_performances
104,"Brown, Tia",BYU,Big 12,Long Jump,2026,FR-1,,,5.30,m,2026 Bryan Clay Multi Event,2026-04-09,,,+0.0,Outdoor,https://www.tfrrs.org/results/94627/5915517/2026_Bryan_Clay_Multi_Event/Long-Jump,TFRRS all_performances
105,"Brown, Tia",BYU,Big 12,Long Jump,2026,FR-1,,,5.52,m,2026 Bryan Clay Multi Event,2026-04-09,,,1.1,Outdoor,https://www.tfrrs.org/results/94627/5915517/2026_Bryan_Clay_Multi_Event/Long-Jump,TFRRS all_performances
106,"Ahlander, Berklie",BYU,Big 12,100H,2026,FR-1,,,14.70,seconds,2026 Weber State Spring Classic,2026-04-10,,,0.9,Outdoor,https://www.tfrrs.org/results/95920/5917922/2026_Weber_State_Spring_Classic/100-Hurdles,TFRRS all_performances
107,"Taggart, Madelynne",BYU,Big 12,100H,2026,JR-3,,,14.86,seconds,2026 Weber State Spring Classic,2026-04-10,,,3.6,Outdoor,https://www.tfrrs.org/results/95920/5917922/2026_Weber_State_Spring_Classic/100-Hurdles,TFRRS all_performances
108,"Ahlander, Berklie",BYU,Big 12,400H,2026,FR-1,,,1:05.21,seconds,2026 Utah Spring Classic,2026-04-10,,,,Outdoor,https://www.tfrrs.org/results/95069/5931129/2026_Utah_Spring_Classic/400-Hurdles,TFRRS all_performances
109,"Taggart, Madelynne",BYU,Big 12,400H,2026,JR-3,,,1:03.29,seconds,2026 Utah Spring Classic,2026-04-10,,,,Outdoor,https://www.tfrrs.org/results/95069/5931129/2026_Utah_Spring_Classic/400-Hurdles,TFRRS all_performances
110,"Mackley, Sarena",BYU,Big 12,Long Jump,2026,SO-2,,,4.86,m,2026 Weber State Spring Classic,2026-04-10,,,NWI,Outdoor,https://www.tfrrs.org/results/95920/5917916/2026_Weber_State_Spring_Classic/Long-Jump,TFRRS all_performances
111,"Mackley, Sarena",BYU,Big 12,Long Jump,2026,SO-2,,,4.95,m,2026 Weber State Spring Classic,2026-04-10,,,0.1,Outdoor,https://www.tfrrs.org/results/95920/5917916/2026_Weber_State_Spring_Classic/Long-Jump,TFRRS all_performances
112,"Mackley, Sarena",BYU,Big 12,Long Jump,2026,SO-2,,,5.00,m,2026 Weber State Spring Classic,2026-04-10,,,0.2,Outdoor,https://www.tfrrs.org/results/95920/5917916/2026_Weber_State_Spring_Classic/Long-Jump,TFRRS all_performances
113,"Mackley, Sarena",BYU,Big 12,Long Jump,2026,SO-2,,,5.15,m,2026 Weber State Spring Classic,2026-04-10,,,NWI,Outdoor,https://www.tfrrs.org/results/95920/5917916/2026_Weber_State_Spring_Classic/Long-Jump,TFRRS all_performances
114,"Mackley, Sarena",BYU,Big 12,Long Jump,2026,SO-2,,,5.19,m,2026 Weber State Spring Classic,2026-04-10,,,0.2,Outdoor,https://www.tfrrs.org/results/95920/5917916/2026_Weber_State_Spring_Classic/Long-Jump,TFRRS all_performances
115,"Mackley, Sarena",BYU,Big 12,Long Jump,2026,SO-2,,,5.22,m,2026 Weber State Spring Classic,2026-04-10,,,NWI,Outdoor,https://www.tfrrs.org/results/95920/5917916/2026_Weber_State_Spring_Classic/Long-Jump,TFRRS all_performances
116,"Bonds, Zoey",BYU,Big 12,100H,2026,SR-4,,,13.26,seconds,Pacific Coast Invitational,2026-04-16,,,1.2,Outdoor,https://www.tfrrs.org/results/95425/5958059/Pacific_Coast_Invitational_/100-Hurdles,TFRRS all_performances
117,"Brown, Tia",BYU,Big 12,100H,2026,FR-1,,,14.06,seconds,Pacific Coast Invitational,2026-04-16,,,1.2,Outdoor,https://www.tfrrs.org/results/95425/5958059/Pacific_Coast_Invitational_/100-Hurdles,TFRRS all_performances
118,"Ahlander, Berklie",BYU,Big 12,100H,2026,FR-1,,,14.58,seconds,Beach Invitational,2026-04-17,,,2.1,Outdoor,https://www.tfrrs.org/results/95723/5946315/Beach_Invitational_/100-Hurdles,TFRRS all_performances
119,"Bonds, Zoey",BYU,Big 12,100H,2026,SR-4,,,13.38,seconds,Beach Invitational,2026-04-17,,,1.0,Outdoor,https://www.tfrrs.org/results/95723/5946315/Beach_Invitational_/100-Hurdles,TFRRS all_performances
120,"McEuen, Kali",BYU,Big 12,100H,2026,SR-4,,,13.16,seconds,Beach Invitational,2026-04-17,,,1.0,Outdoor,https://www.tfrrs.org/results/95723/5946315/Beach_Invitational_/100-Hurdles,TFRRS all_performances
121,"Ahlander, Berklie",BYU,Big 12,400H,2026,FR-1,,,1:02.87,seconds,Beach Invitational,2026-04-17,,,,Outdoor,https://www.tfrrs.org/results/95723/5946337/Beach_Invitational_/400-Hurdles,TFRRS all_performances
122,"Brown, Tia",BYU,Big 12,400H,2026,FR-1,,,1:02.37,seconds,Beach Invitational,2026-04-17,,,,Outdoor,https://www.tfrrs.org/results/95723/5946337/Beach_Invitational_/400-Hurdles,TFRRS all_performances
123,"Taggart, Madelynne",BYU,Big 12,400H,2026,JR-3,,,1:02.78,seconds,Beach Invitational,2026-04-17,,,,Outdoor,https://www.tfrrs.org/results/95723/5946337/Beach_Invitational_/400-Hurdles,TFRRS all_performances
124,"Taylor, Mayci",BYU,Big 12,400H,2026,SR-4,,,57.31,seconds,Beach Invitational,2026-04-17,,,,Outdoor,https://www.tfrrs.org/results/95723/5946337/Beach_Invitational_/400-Hurdles,TFRRS all_performances
125,"Hasler, Cambria",BYU,Big 12,400m,2026,FR-1,,,55.57,seconds,Beach Invitational,2026-04-17,,,,Outdoor,https://www.tfrrs.org/results/95723/5946347/Beach_Invitational_/400-Meters,TFRRS all_performances
126,"Mackley, Sarena",BYU,Big 12,Long Jump,2026,SO-2,,,4.59,m,Beach Invitational,2026-04-17,,,0.2,Outdoor,https://www.tfrrs.org/results/95723/5946314/Beach_Invitational_/Long-Jump,TFRRS all_performances
127,"Mackley, Sarena",BYU,Big 12,Long Jump,2026,SO-2,,,4.69,m,Beach Invitational,2026-04-17,,,1.7,Outdoor,https://www.tfrrs.org/results/95723/5946314/Beach_Invitational_/Long-Jump,TFRRS all_performances
128,"Mackley, Sarena",BYU,Big 12,Long Jump,2026,SO-2,,,4.75,m,Beach Invitational,2026-04-17,,,1.3,Outdoor,https://www.tfrrs.org/results/95723/5946314/Beach_Invitational_/Long-Jump,TFRRS all_performances
129,"Ahlander, Berklie",BYU,Big 12,100H,2026,FR-1,,,14.83,seconds,Aggie Invitational,2026-04-24,,,+0.0,Outdoor,https://www.tfrrs.org/results/95003/5973416/Aggie_Invitational/100-Hurdles,TFRRS all_performances
130,"Ahlander, Berklie",BYU,Big 12,400H,2026,FR-1,,,1:03.48,seconds,Aggie Invitational,2026-04-24,,,,Outdoor,https://www.tfrrs.org/results/95003/5973426/Aggie_Invitational/400-Hurdles,TFRRS all_performances
131,"Taggart, Madelynne",BYU,Big 12,400H,2026,JR-3,,,1:00.46,seconds,Aggie Invitational,2026-04-24,,,,Outdoor,https://www.tfrrs.org/results/95003/5973426/Aggie_Invitational/400-Hurdles,TFRRS all_performances
132,"Hasler, Cambria",BYU,Big 12,400m,2026,FR-1,,,54.72,seconds,Aggie Invitational,2026-04-24,,,,Outdoor,https://www.tfrrs.org/results/95003/5973424/Aggie_Invitational/400-Meters,TFRRS all_performances
133,"Ahlander, Berklie",BYU,Big 12,100H,2026,FR-1,,,14.45,seconds,2026 BYU Robison Invitational,2026-04-29,,,1.1,Outdoor,https://www.tfrrs.org/results/95275/5977298/2026_BYU_Robison_Invitational/100-Hurdles,TFRRS all_performances
134,"Bonds, Zoey",BYU,Big 12,100H,2026,SR-4,,,13.17,seconds,2026 BYU Robison Invitational,2026-04-29,,,1.1,Outdoor,https://www.tfrrs.org/results/95275/5977298/2026_BYU_Robison_Invitational/100-Hurdles,TFRRS all_performances
135,"Bonds, Zoey",BYU,Big 12,100H,2026,SR-4,,,13.30,seconds,2026 BYU Robison Invitational,2026-04-29,,,0.1,Outdoor,https://www.tfrrs.org/results/95275/5977298/2026_BYU_Robison_Invitational/100-Hurdles,TFRRS all_performances
136,"Bonds, Zoey",BYU,Big 12,100H,2026,SR-4,,,13.35,seconds,2026 BYU Robison Invitational,2026-04-29,,,-1.4,Outdoor,https://www.tfrrs.org/results/95275/5977352/2026_BYU_Robison_Invitational/100-Hurdles,TFRRS all_performances
137,"Brown, Tia",BYU,Big 12,100H,2026,FR-1,,,13.78,seconds,2026 BYU Robison Invitational,2026-04-29,,,1.1,Outdoor,https://www.tfrrs.org/results/95275/5977298/2026_BYU_Robison_Invitational/100-Hurdles,TFRRS all_performances
138,"Brown, Tia",BYU,Big 12,100H,2026,FR-1,,,13.86,seconds,2026 BYU Robison Invitational,2026-04-29,,,-1.4,Outdoor,https://www.tfrrs.org/results/95275/5977352/2026_BYU_Robison_Invitational/100-Hurdles,TFRRS all_performances
139,"Brown, Tia",BYU,Big 12,100H,2026,FR-1,,,14.04,seconds,2026 BYU Robison Invitational,2026-04-29,,,0.1,Outdoor,https://www.tfrrs.org/results/95275/5977298/2026_BYU_Robison_Invitational/100-Hurdles,TFRRS all_performances
140,"Mackley, Sarena",BYU,Big 12,100H,2026,SO-2,,,15.40,seconds,2026 BYU Robison Invitational,2026-04-29,,,0.1,Outdoor,https://www.tfrrs.org/results/95275/5977352/2026_BYU_Robison_Invitational/100-Hurdles,TFRRS all_performances
141,"McEuen, Kali",BYU,Big 12,100H,2026,SR-4,,,13.17,seconds,2026 BYU Robison Invitational,2026-04-29,,,1.7,Outdoor,https://www.tfrrs.org/results/95275/5977298/2026_BYU_Robison_Invitational/100-Hurdles,TFRRS all_performances
142,"McEuen, Kali",BYU,Big 12,100H,2026,SR-4,,,13.49,seconds,2026 BYU Robison Invitational,2026-04-29,,,0.1,Outdoor,https://www.tfrrs.org/results/95275/5977298/2026_BYU_Robison_Invitational/100-Hurdles,TFRRS all_performances
143,"Ahlander, Berklie",BYU,Big 12,400H,2026,FR-1,,,1:01.66,seconds,2026 BYU Robison Invitational,2026-04-29,,,,Outdoor,https://www.tfrrs.org/results/95275/5977302/2026_BYU_Robison_Invitational/400-Hurdles,TFRRS all_performances
144,"McEuen, Kali",BYU,Big 12,400H,2026,SR-4,,,56.44,seconds,2026 BYU Robison Invitational,2026-04-29,,,,Outdoor,https://www.tfrrs.org/results/95275/5977302/2026_BYU_Robison_Invitational/400-Hurdles,TFRRS all_performances
145,"Taggart, Madelynne",BYU,Big 12,400H,2026,JR-3,,,59.97,seconds,2026 BYU Robison Invitational,2026-04-29,,,,Outdoor,https://www.tfrrs.org/results/95275/5977302/2026_BYU_Robison_Invitational/400-Hurdles,TFRRS all_performances
146,"Taylor, Mayci",BYU,Big 12,400H,2026,SR-4,,,56.41,seconds,2026 BYU Robison Invitational,2026-04-29,,,,Outdoor,https://www.tfrrs.org/results/95275/5977302/2026_BYU_Robison_Invitational/400-Hurdles,TFRRS all_performances
147,"Hasler, Cambria",BYU,Big 12,400m,2026,FR-1,,,53.85,seconds,2026 BYU Robison Invitational,2026-04-29,,,,Outdoor,https://www.tfrrs.org/results/95275/5977300/2026_BYU_Robison_Invitational/400-Meters,TFRRS all_performances
148,"Brown, Tia",BYU,Big 12,Long Jump,2026,FR-1,,,5.52,m,2026 BYU Robison Invitational,2026-04-29,,,+0.0,Outdoor,https://www.tfrrs.org/results/95275/5977356/2026_BYU_Robison_Invitational/Long-Jump,TFRRS all_performances
149,"Brown, Tia",BYU,Big 12,Long Jump,2026,FR-1,,,5.84,m,2026 BYU Robison Invitational,2026-04-29,,,+0.0,Outdoor,https://www.tfrrs.org/results/95275/5977356/2026_BYU_Robison_Invitational/Long-Jump,TFRRS all_performances
150,"Mackley, Sarena",BYU,Big 12,Long Jump,2026,SO-2,,,5.05,m,2026 BYU Robison Invitational,2026-04-29,,,+0.0,Outdoor,https://www.tfrrs.org/results/95275/5977356/2026_BYU_Robison_Invitational/Long-Jump,TFRRS all_performances
151,"Mackley, Sarena",BYU,Big 12,Long Jump,2026,SO-2,,,5.12,m,2026 BYU Robison Invitational,2026-04-29,,,-0.3,Outdoor,https://www.tfrrs.org/results/95275/5977356/2026_BYU_Robison_Invitational/Long-Jump,TFRRS all_performances
152,"Mackley, Sarena",BYU,Big 12,Long Jump,2026,SO-2,,,5.13,m,2026 BYU Robison Invitational,2026-04-29,,,+0.0,Outdoor,https://www.tfrrs.org/results/95275/5977356/2026_BYU_Robison_Invitational/Long-Jump,TFRRS all_performances
153,"Bonds, Zoey",BYU,Big 12,100H,2026,SR-4,,,13.21,seconds,Big 12 Outdoor Track & Field Championships,2026-05-14,,,0.8,Outdoor,https://www.tfrrs.org/results/94673/5999882/Big_12_Outdoor_Track__Field_Championships/100-Hurdles,TFRRS all_performances
154,"Bonds, Zoey",BYU,Big 12,100H,2026,SR-4,,,13.37,seconds,Big 12 Outdoor Track & Field Championships,2026-05-14,,,0.6,Outdoor,https://www.tfrrs.org/results/94673/5999867/Big_12_Outdoor_Track__Field_Championships/100-Hurdles,TFRRS all_performances
155,"Brown, Tia",BYU,Big 12,100H,2026,FR-1,,,13.84,seconds,Big 12 Outdoor Track & Field Championships,2026-05-14,,,0.1,Outdoor,https://www.tfrrs.org/results/94673/5999882/Big_12_Outdoor_Track__Field_Championships/100-Hurdles,TFRRS all_performances
156,"McEuen, Kali",BYU,Big 12,100H,2026,SR-4,,,13.17,seconds,Big 12 Outdoor Track & Field Championships,2026-05-14,,,2.6,Outdoor,https://www.tfrrs.org/results/94673/5999867/Big_12_Outdoor_Track__Field_Championships/100-Hurdles,TFRRS all_performances
157,"McEuen, Kali",BYU,Big 12,100H,2026,SR-4,,,13.26,seconds,Big 12 Outdoor Track & Field Championships,2026-05-14,,,1.0,Outdoor,https://www.tfrrs.org/results/94673/5999867/Big_12_Outdoor_Track__Field_Championships/100-Hurdles,TFRRS all_performances
158,"McEuen, Kali",BYU,Big 12,400H,2026,SR-4,,,55.88,seconds,Big 12 Outdoor Track & Field Championships,2026-05-14,,,,Outdoor,https://www.tfrrs.org/results/94673/5999866/Big_12_Outdoor_Track__Field_Championships/400-Hurdles,TFRRS all_performances
159,"McEuen, Kali",BYU,Big 12,400H,2026,SR-4,,,56.47,seconds,Big 12 Outdoor Track & Field Championships,2026-05-14,,,,Outdoor,https://www.tfrrs.org/results/94673/5999866/Big_12_Outdoor_Track__Field_Championships/400-Hurdles,TFRRS all_performances
160,"Barber, Marianne",BYU,Big 12,400m,2026,SO-2,,,53.57,seconds,Big 12 Outdoor Track & Field Championships,2026-05-14,,,,Outdoor,https://www.tfrrs.org/results/94673/5999840/Big_12_Outdoor_Track__Field_Championships/400-Meters,TFRRS all_performances
161,"Hasler, Cambria",BYU,Big 12,400m,2026,FR-1,,,54.13,seconds,Big 12 Outdoor Track & Field Championships,2026-05-14,,,,Outdoor,https://www.tfrrs.org/results/94673/5999840/Big_12_Outdoor_Track__Field_Championships/400-Meters,TFRRS all_performances
162,"Bonds, Zoey",BYU,Big 12,Long Jump,2026,SR-4,,,5.77,m,Big 12 Outdoor Track & Field Championships,2026-05-14,,,0.1,Outdoor,https://www.tfrrs.org/results/94673/5999886/Big_12_Outdoor_Track__Field_Championships/Long-Jump,TFRRS all_performances
163,"Bonds, Zoey",BYU,Big 12,Long Jump,2026,SR-4,,,5.79,m,Big 12 Outdoor Track & Field Championships,2026-05-14,,,-0.8,Outdoor,https://www.tfrrs.org/results/94673/5999886/Big_12_Outdoor_Track__Field_Championships/Long-Jump,TFRRS all_performances
164,"Bonds, Zoey",BYU,Big 12,Long Jump,2026,SR-4,,,5.83,m,Big 12 Outdoor Track & Field Championships,2026-05-14,,,0.3,Outdoor,https://www.tfrrs.org/results/94673/5999886/Big_12_Outdoor_Track__Field_Championships/Long-Jump,TFRRS all_performances
165,"Brown, Tia",BYU,Big 12,Long Jump,2026,FR-1,,,4.62,m,Big 12 Outdoor Track & Field Championships,2026-05-14,,,2.9,Outdoor,https://www.tfrrs.org/results/94673/5999886/Big_12_Outdoor_Track__Field_Championships/Long-Jump,TFRRS all_performances
166,"Brown, Tia",BYU,Big 12,Long Jump,2026,FR-1,,,5.46,m,Big 12 Outdoor Track & Field Championships,2026-05-14,,,-2.0,Outdoor,https://www.tfrrs.org/results/94673/5999886/Big_12_Outdoor_Track__Field_Championships/Long-Jump,TFRRS all_performances
167,"Brown, Tia",BYU,Big 12,Long Jump,2026,FR-1,,,5.52,m,Big 12 Outdoor Track & Field Championships,2026-05-14,,,0.9,Outdoor,https://www.tfrrs.org/results/94673/5999886/Big_12_Outdoor_Track__Field_Championships/Long-Jump,TFRRS all_performances
168,"Bonds, Zoey",BYU,Big 12,100H,2026,SR-4,,,13.27,seconds,NCAA Division I West First Rounds,2026-05-27,,,2.7,Outdoor,https://www.tfrrs.org/results/96717/6004603/NCAA_Division_I_West_First_Rounds/100-Hurdles,TFRRS all_performances
169,"Bonds, Zoey",BYU,Big 12,100H,2026,SR-4,,,13.30,seconds,NCAA Division I West First Rounds,2026-05-27,,,0.7,Outdoor,https://www.tfrrs.org/results/96717/6004603/NCAA_Division_I_West_First_Rounds/100-Hurdles,TFRRS all_performances
170,"McEuen, Kali",BYU,Big 12,100H,2026,SR-4,,,13.07,seconds,NCAA Division I West First Rounds,2026-05-27,,,2.0,Outdoor,https://www.tfrrs.org/results/96717/6004603/NCAA_Division_I_West_First_Rounds/100-Hurdles,TFRRS all_performances
171,"McEuen, Kali",BYU,Big 12,100H,2026,SR-4,,,13.18,seconds,NCAA Division I West First Rounds,2026-05-27,,,1.6,Outdoor,https://www.tfrrs.org/results/96717/6004603/NCAA_Division_I_West_First_Rounds/100-Hurdles,TFRRS all_performances
172,"McEuen, Kali",BYU,Big 12,400H,2026,SR-4,,,57.34,seconds,NCAA Division I West First Rounds,2026-05-27,,,,Outdoor,https://www.tfrrs.org/results/96717/6004602/NCAA_Division_I_West_First_Rounds/400-Hurdles,TFRRS all_performances
173,"McEuen, Kali",BYU,Big 12,400H,2026,SR-4,,,57.56,seconds,NCAA Division I West First Rounds,2026-05-27,,,,Outdoor,https://www.tfrrs.org/results/96717/6004602/NCAA_Division_I_West_First_Rounds/400-Hurdles,TFRRS all_performances
174,"Taylor, Mayci",BYU,Big 12,400H,2026,SR-4,,,58.73,seconds,NCAA Division I West First Rounds,2026-05-27,,,,Outdoor,https://www.tfrrs.org/results/96717/6004602/NCAA_Division_I_West_First_Rounds/400-Hurdles,TFRRS all_performances
175,"Bonds, Zoey",BYU,Big 12,100H,2026,SR-4,,,13.60,seconds,NCAA Division I Outdoor Track & Field Championships,2026-06-10,,,0.6,Outdoor,https://www.tfrrs.org/results/96875/6005730/NCAA_Division_I_Outdoor_Track__Field_Championships/100-Hurdles,TFRRS all_performances
176,"Bonds, Zoey",BYU,Big 12,Long Jump,2026,SR-4,,,4.73,m,NCAA Division I Outdoor Track & Field Championships,2026-06-10,,,3.7,Outdoor,https://www.tfrrs.org/results/96875/6005734/NCAA_Division_I_Outdoor_Track__Field_Championships/Long-Jump,TFRRS all_performances
177,"Bonds, Zoey",BYU,Big 12,Long Jump,2026,SR-4,,,5.00,m,NCAA Division I Outdoor Track & Field Championships,2026-06-10,,,2.1,Outdoor,https://www.tfrrs.org/results/96875/6005734/NCAA_Division_I_Outdoor_Track__Field_Championships/Long-Jump,TFRRS all_performances
178,"Bonds, Zoey",BYU,Big 12,Long Jump,2026,SR-4,,,5.99,m,NCAA Division I Outdoor Track & Field Championships,2026-06-10,,,1.8,Outdoor,https://www.tfrrs.org/results/96875/6005734/NCAA_Division_I_Outdoor_Track__Field_Championships/Long-Jump,TFRRS all_performances
179,"Braxton, Kaylah",Baylor,Big 12,100H,2026,SO-2,,,13.88,seconds,TCU Alumni Invitational,2026-03-20,,,2.8,Outdoor,https://www.tfrrs.org/results/93600/5860157/TCU_Alumni_Invitational/100-Hurdles,TFRRS all_performances
180,"Todorovich, Logan",Baylor,Big 12,100H,2026,SO-2,,,14.14,seconds,TCU Alumni Invitational,2026-03-20,,,1.5,Outdoor,https://www.tfrrs.org/results/93600/5860157/TCU_Alumni_Invitational/100-Hurdles,TFRRS all_performances
181,"Wesseh, Kiara",Baylor,Big 12,100H,2026,SO-2,,,14.84,seconds,TCU Alumni Invitational,2026-03-20,,,2.5,Outdoor,https://www.tfrrs.org/results/93600/5860157/TCU_Alumni_Invitational/100-Hurdles,TFRRS all_performances
182,"Jones, Alyssa",Baylor,Big 12,400m,2026,FR-1,,,55.23,seconds,TCU Alumni Invitational,2026-03-20,,,,Outdoor,https://www.tfrrs.org/results/93600/5860148/TCU_Alumni_Invitational/400-Meters,TFRRS all_performances
183,"Browne, Mackenize",Baylor,Big 12,400m,2026,JR-3,,,57.33,seconds,Clyde Hart Classic,2026-03-27,,,,Outdoor,https://www.tfrrs.org/results/92784/5903934/Clyde_Hart_Classic/400-Meters,TFRRS all_performances
184,"Mathew, Sameena",Baylor,Big 12,400m,2026,SO-2,,,56.05,seconds,Clyde Hart Classic,2026-03-27,,,,Outdoor,https://www.tfrrs.org/results/92784/5903934/Clyde_Hart_Classic/400-Meters,TFRRS all_performances
185,"De Gannes, Janae",Baylor,Big 12,Long Jump,2026,SO-2,,,6.30,m,Clyde Hart Classic,2026-03-27,,,2.8,Outdoor,https://www.tfrrs.org/results/92784/5903950/Clyde_Hart_Classic/Long-Jump,TFRRS all_performances
186,"De Gannes, Janae",Baylor,Big 12,Long Jump,2026,SO-2,,,6.47,m,Clyde Hart Classic,2026-03-27,,,1.5,Outdoor,https://www.tfrrs.org/results/92784/5903950/Clyde_Hart_Classic/Long-Jump,TFRRS all_performances
187,"Todorovich, Madilyn",Baylor,Big 12,Long Jump,2026,FR-1,,,5.31,m,Clyde Hart Classic,2026-03-27,,,0.8,Outdoor,https://www.tfrrs.org/results/92784/5903950/Clyde_Hart_Classic/Long-Jump,TFRRS all_performances
188,"Todorovich, Madilyn",Baylor,Big 12,Long Jump,2026,FR-1,,,5.55,m,Clyde Hart Classic,2026-03-27,,,0.8,Outdoor,https://www.tfrrs.org/results/92784/5903950/Clyde_Hart_Classic/Long-Jump,TFRRS all_performances
189,"Todorovich, Madilyn",Baylor,Big 12,Long Jump,2026,FR-1,,,5.60,m,Clyde Hart Classic,2026-03-27,,,1.1,Outdoor,https://www.tfrrs.org/results/92784/5903950/Clyde_Hart_Classic/Long-Jump,TFRRS all_performances
190,"Wells, Joy",Baylor,Big 12,Long Jump,2026,SR-4,,,4.21,m,Clyde Hart Classic,2026-03-27,,,0.6,Outdoor,https://www.tfrrs.org/results/92784/5903950/Clyde_Hart_Classic/Long-Jump,TFRRS all_performances
191,"Wells, Joy",Baylor,Big 12,Long Jump,2026,SR-4,,,5.07,m,Clyde Hart Classic,2026-03-27,,,0.8,Outdoor,https://www.tfrrs.org/results/92784/5903950/Clyde_Hart_Classic/Long-Jump,TFRRS all_performances
192,"Wells, Joy",Baylor,Big 12,Long Jump,2026,SR-4,,,5.14,m,Clyde Hart Classic,2026-03-27,,,1.2,Outdoor,https://www.tfrrs.org/results/92784/5903950/Clyde_Hart_Classic/Long-Jump,TFRRS all_performances
193,"Wesseh, Kiara",Baylor,Big 12,Long Jump,2026,SO-2,,,3.29,m,Clyde Hart Classic,2026-03-27,,,1.2,Outdoor,https://www.tfrrs.org/results/92784/5903950/Clyde_Hart_Classic/Long-Jump,TFRRS all_performances
194,"Wesseh, Kiara",Baylor,Big 12,Long Jump,2026,SO-2,,,5.17,m,Clyde Hart Classic,2026-03-27,,,0.4,Outdoor,https://www.tfrrs.org/results/92784/5903950/Clyde_Hart_Classic/Long-Jump,TFRRS all_performances
195,"Wesseh, Kiara",Baylor,Big 12,Long Jump,2026,SO-2,,,5.20,m,Clyde Hart Classic,2026-03-27,,,0.6,Outdoor,https://www.tfrrs.org/results/92784/5903950/Clyde_Hart_Classic/Long-Jump,TFRRS all_performances
196,"Braxton, Kaylah",Baylor,Big 12,100H,2026,SO-2,,,14.14,seconds,2026 98th Clyde Littlefield Texas Relays (Univ/College),2026-04-01,,,1.8,Outdoor,https://www.tfrrs.org/results/94985/5911812/2026_98th_Clyde_Littlefield_Texas_Relays_Univ_College/100-Hurdles,TFRRS all_performances
197,"Todorovich, Logan",Baylor,Big 12,100H,2026,SO-2,,,14.06,seconds,2026 98th Clyde Littlefield Texas Relays (Univ/College),2026-04-01,,,3.0,Outdoor,https://www.tfrrs.org/results/94985/5911888/2026_98th_Clyde_Littlefield_Texas_Relays_Univ_College/100-Hurdles,TFRRS all_performances
198,"Todorovich, Madilyn",Baylor,Big 12,100H,2026,FR-1,,,14.47,seconds,2026 98th Clyde Littlefield Texas Relays (Univ/College),2026-04-01,,,1.9,Outdoor,https://www.tfrrs.org/results/94985/5911888/2026_98th_Clyde_Littlefield_Texas_Relays_Univ_College/100-Hurdles,TFRRS all_performances
199,"Wesseh, Kiara",Baylor,Big 12,100H,2026,SO-2,,,14.66,seconds,2026 98th Clyde Littlefield Texas Relays (Univ/College),2026-04-01,,,3.4,Outdoor,https://www.tfrrs.org/results/94985/5911888/2026_98th_Clyde_Littlefield_Texas_Relays_Univ_College/100-Hurdles,TFRRS all_performances
200,"Lucero, Serafima",Baylor,Big 12,400H,2026,JR-3,,,58.75,seconds,2026 98th Clyde Littlefield Texas Relays (Univ/College),2026-04-01,,,,Outdoor,https://www.tfrrs.org/results/94985/5911786/2026_98th_Clyde_Littlefield_Texas_Relays_Univ_College/400-Hurdles,TFRRS all_performances
201,"Yourish, Cymia",Baylor,Big 12,400H,2026,FR-1,,,1:01.98,seconds,2026 98th Clyde Littlefield Texas Relays (Univ/College),2026-04-01,,,,Outdoor,https://www.tfrrs.org/results/94985/5911788/2026_98th_Clyde_Littlefield_Texas_Relays_Univ_College/400-Hurdles,TFRRS all_performances
202,"De Gannes, Janae",Baylor,Big 12,Long Jump,2026,SO-2,,,5.98,m,2026 98th Clyde Littlefield Texas Relays (Univ/College),2026-04-01,,,2.0,Outdoor,https://www.tfrrs.org/results/94985/5911835/2026_98th_Clyde_Littlefield_Texas_Relays_Univ_College/Long-Jump,TFRRS all_performances
203,"De Gannes, Janae",Baylor,Big 12,Long Jump,2026,SO-2,,,6.09,m,2026 98th Clyde Littlefield Texas Relays (Univ/College),2026-04-01,,,2.9,Outdoor,https://www.tfrrs.org/results/94985/5911835/2026_98th_Clyde_Littlefield_Texas_Relays_Univ_College/Long-Jump,TFRRS all_performances
204,"De Gannes, Janae",Baylor,Big 12,Long Jump,2026,SO-2,,,6.10,m,2026 98th Clyde Littlefield Texas Relays (Univ/College),2026-04-01,,,3.0,Outdoor,https://www.tfrrs.org/results/94985/5911835/2026_98th_Clyde_Littlefield_Texas_Relays_Univ_College/Long-Jump,TFRRS all_performances
205,"De Gannes, Janae",Baylor,Big 12,Long Jump,2026,SO-2,,,6.11,m,2026 98th Clyde Littlefield Texas Relays (Univ/College),2026-04-01,,,3.2,Outdoor,https://www.tfrrs.org/results/94985/5911835/2026_98th_Clyde_Littlefield_Texas_Relays_Univ_College/Long-Jump,TFRRS all_performances
206,"De Gannes, Janae",Baylor,Big 12,Long Jump,2026,SO-2,,,6.23,m,2026 98th Clyde Littlefield Texas Relays (Univ/College),2026-04-01,,,1.9,Outdoor,https://www.tfrrs.org/results/94985/5911835/2026_98th_Clyde_Littlefield_Texas_Relays_Univ_College/Long-Jump,TFRRS all_performances
207,"Todorovich, Logan",Baylor,Big 12,Long Jump,2026,SO-2,,,5.60,m,2026 98th Clyde Littlefield Texas Relays (Univ/College),2026-04-01,,,-1.2,Outdoor,https://www.tfrrs.org/results/94985/5911892/2026_98th_Clyde_Littlefield_Texas_Relays_Univ_College/Long-Jump,TFRRS all_performances
208,"Todorovich, Logan",Baylor,Big 12,Long Jump,2026,SO-2,,,5.68,m,2026 98th Clyde Littlefield Texas Relays (Univ/College),2026-04-01,,,-0.2,Outdoor,https://www.tfrrs.org/results/94985/5911892/2026_98th_Clyde_Littlefield_Texas_Relays_Univ_College/Long-Jump,TFRRS all_performances
209,"Todorovich, Madilyn",Baylor,Big 12,Long Jump,2026,FR-1,,,4.98,m,2026 98th Clyde Littlefield Texas Relays (Univ/College),2026-04-01,,,NWI,Outdoor,https://www.tfrrs.org/results/94985/5911892/2026_98th_Clyde_Littlefield_Texas_Relays_Univ_College/Long-Jump,TFRRS all_performances
210,"Todorovich, Madilyn",Baylor,Big 12,Long Jump,2026,FR-1,,,5.22,m,2026 98th Clyde Littlefield Texas Relays (Univ/College),2026-04-01,,,-0.4,Outdoor,https://www.tfrrs.org/results/94985/5911892/2026_98th_Clyde_Littlefield_Texas_Relays_Univ_College/Long-Jump,TFRRS all_performances
211,"Todorovich, Madilyn",Baylor,Big 12,Long Jump,2026,FR-1,,,5.28,m,2026 98th Clyde Littlefield Texas Relays (Univ/College),2026-04-01,,,-0.5,Outdoor,https://www.tfrrs.org/results/94985/5911892/2026_98th_Clyde_Littlefield_Texas_Relays_Univ_College/Long-Jump,TFRRS all_performances
212,"Wesseh, Kiara",Baylor,Big 12,Long Jump,2026,SO-2,,,4.79,m,2026 98th Clyde Littlefield Texas Relays (Univ/College),2026-04-01,,,-0.9,Outdoor,https://www.tfrrs.org/results/94985/5911892/2026_98th_Clyde_Littlefield_Texas_Relays_Univ_College/Long-Jump,TFRRS all_performances
213,"Wesseh, Kiara",Baylor,Big 12,Long Jump,2026,SO-2,,,5.01,m,2026 98th Clyde Littlefield Texas Relays (Univ/College),2026-04-01,,,-0.4,Outdoor,https://www.tfrrs.org/results/94985/5911892/2026_98th_Clyde_Littlefield_Texas_Relays_Univ_College/Long-Jump,TFRRS all_performances
214,"Wesseh, Kiara",Baylor,Big 12,Long Jump,2026,SO-2,,,5.10,m,2026 98th Clyde Littlefield Texas Relays (Univ/College),2026-04-01,,,-0.6,Outdoor,https://www.tfrrs.org/results/94985/5911892/2026_98th_Clyde_Littlefield_Texas_Relays_Univ_College/Long-Jump,TFRRS all_performances
215,"Braxton, Kaylah",Baylor,Big 12,100H,2026,SO-2,,,13.84,seconds,Baylor Invitational,2026-04-10,,,1.0,Outdoor,https://www.tfrrs.org/results/92815/5913078/Baylor_Invitational/100-Hurdles,TFRRS all_performances
216,"Lucero, Serafima",Baylor,Big 12,400H,2026,JR-3,,,55.93,seconds,Baylor Invitational,2026-04-10,,,,Outdoor,https://www.tfrrs.org/results/92815/5913088/Baylor_Invitational/400-Hurdles,TFRRS all_performances
217,"Browne, Mackenize",Baylor,Big 12,400m,2026,JR-3,,,56.53,seconds,Baylor Invitational,2026-04-10,,,,Outdoor,https://www.tfrrs.org/results/92815/5913086/Baylor_Invitational/400-Meters,TFRRS all_performances
218,"Kinchen, Aaryona",Baylor,Big 12,400m,2026,SO-2,,,54.94,seconds,Baylor Invitational,2026-04-10,,,,Outdoor,https://www.tfrrs.org/results/92815/5913086/Baylor_Invitational/400-Meters,TFRRS all_performances
219,"Mathew, Sameena",Baylor,Big 12,400m,2026,SO-2,,,56.35,seconds,Baylor Invitational,2026-04-10,,,,Outdoor,https://www.tfrrs.org/results/92815/5913086/Baylor_Invitational/400-Meters,TFRRS all_performances
220,"Yourish, Cymia",Baylor,Big 12,400m,2026,FR-1,,,56.66,seconds,Baylor Invitational,2026-04-10,,,,Outdoor,https://www.tfrrs.org/results/92815/5913086/Baylor_Invitational/400-Meters,TFRRS all_performances
221,"Copeland, Isabella",Baylor,Big 12,Long Jump,2026,JR-3,,,5.10,m,Baylor Invitational,2026-04-10,,,-0.4,Outdoor,https://www.tfrrs.org/results/92815/5913100/Baylor_Invitational/Long-Jump,TFRRS all_performances
222,"Copeland, Isabella",Baylor,Big 12,Long Jump,2026,JR-3,,,5.12,m,Baylor Invitational,2026-04-10,,,1.8,Outdoor,https://www.tfrrs.org/results/92815/5913100/Baylor_Invitational/Long-Jump,TFRRS all_performances
223,"Copeland, Isabella",Baylor,Big 12,Long Jump,2026,JR-3,,,5.25,m,Baylor Invitational,2026-04-10,,,-0.9,Outdoor,https://www.tfrrs.org/results/92815/5913100/Baylor_Invitational/Long-Jump,TFRRS all_performances
224,"Copeland, Isabella",Baylor,Big 12,Long Jump,2026,JR-3,,,5.44,m,Baylor Invitational,2026-04-10,,,0.7,Outdoor,https://www.tfrrs.org/results/92815/5913100/Baylor_Invitational/Long-Jump,TFRRS all_performances
225,"Copeland, Isabella",Baylor,Big 12,Long Jump,2026,JR-3,,,5.52,m,Baylor Invitational,2026-04-10,,,+0.0,Outdoor,https://www.tfrrs.org/results/92815/5913100/Baylor_Invitational/Long-Jump,TFRRS all_performances
226,"Todorovich, Logan",Baylor,Big 12,Long Jump,2026,SO-2,,,5.69,m,Baylor Invitational,2026-04-10,,,-1.1,Outdoor,https://www.tfrrs.org/results/92815/5913100/Baylor_Invitational/Long-Jump,TFRRS all_performances
227,"Todorovich, Logan",Baylor,Big 12,Long Jump,2026,SO-2,,,5.71,m,Baylor Invitational,2026-04-10,,,1.0,Outdoor,https://www.tfrrs.org/results/92815/5913100/Baylor_Invitational/Long-Jump,TFRRS all_performances
228,"Todorovich, Logan",Baylor,Big 12,Long Jump,2026,SO-2,,,5.75,m,Baylor Invitational,2026-04-10,,,-1.3,Outdoor,https://www.tfrrs.org/results/92815/5913100/Baylor_Invitational/Long-Jump,TFRRS all_performances
229,"Todorovich, Logan",Baylor,Big 12,Long Jump,2026,SO-2,,,5.76,m,Baylor Invitational,2026-04-10,,,2.0,Outdoor,https://www.tfrrs.org/results/92815/5913100/Baylor_Invitational/Long-Jump,TFRRS all_performances
230,"Todorovich, Madilyn",Baylor,Big 12,Long Jump,2026,FR-1,,,5.03,m,Baylor Invitational,2026-04-10,,,-0.6,Outdoor,https://www.tfrrs.org/results/92815/5913100/Baylor_Invitational/Long-Jump,TFRRS all_performances
231,"Todorovich, Madilyn",Baylor,Big 12,Long Jump,2026,FR-1,,,5.35,m,Baylor Invitational,2026-04-10,,,0.4,Outdoor,https://www.tfrrs.org/results/92815/5913100/Baylor_Invitational/Long-Jump,TFRRS all_performances
232,"Todorovich, Madilyn",Baylor,Big 12,Long Jump,2026,FR-1,,,5.39,m,Baylor Invitational,2026-04-10,,,1.4,Outdoor,https://www.tfrrs.org/results/92815/5913100/Baylor_Invitational/Long-Jump,TFRRS all_performances
233,"Webb, Iyanna",Baylor,Big 12,Long Jump,2026,SO-2,,,5.35,m,Baylor Invitational,2026-04-10,,,-0.4,Outdoor,https://www.tfrrs.org/results/92815/5913100/Baylor_Invitational/Long-Jump,TFRRS all_performances
234,"Webb, Iyanna",Baylor,Big 12,Long Jump,2026,SO-2,,,5.87,m,Baylor Invitational,2026-04-10,,,1.3,Outdoor,https://www.tfrrs.org/results/92815/5913100/Baylor_Invitational/Long-Jump,TFRRS all_performances
235,"Wells, Joy",Baylor,Big 12,Long Jump,2026,SR-4,,,4.86,m,Baylor Invitational,2026-04-10,,,1.9,Outdoor,https://www.tfrrs.org/results/92815/5913100/Baylor_Invitational/Long-Jump,TFRRS all_performances
236,"Wells, Joy",Baylor,Big 12,Long Jump,2026,SR-4,,,5.02,m,Baylor Invitational,2026-04-10,,,0.6,Outdoor,https://www.tfrrs.org/results/92815/5913100/Baylor_Invitational/Long-Jump,TFRRS all_performances
237,"Wells, Joy",Baylor,Big 12,Long Jump,2026,SR-4,,,5.06,m,Baylor Invitational,2026-04-10,,,0.7,Outdoor,https://www.tfrrs.org/results/92815/5913100/Baylor_Invitational/Long-Jump,TFRRS all_performances
238,"Wesseh, Kiara",Baylor,Big 12,Long Jump,2026,SO-2,,,5.19,m,Baylor Invitational,2026-04-10,,,0.6,Outdoor,https://www.tfrrs.org/results/92815/5913100/Baylor_Invitational/Long-Jump,TFRRS all_performances
239,"Wesseh, Kiara",Baylor,Big 12,Long Jump,2026,SO-2,,,5.31,m,Baylor Invitational,2026-04-10,,,2.6,Outdoor,https://www.tfrrs.org/results/92815/5913100/Baylor_Invitational/Long-Jump,TFRRS all_performances
240,"Wesseh, Kiara",Baylor,Big 12,Long Jump,2026,SO-2,,,5.39,m,Baylor Invitational,2026-04-10,,,0.5,Outdoor,https://www.tfrrs.org/results/92815/5913100/Baylor_Invitational/Long-Jump,TFRRS all_performances
241,"Braxton, Kaylah",Baylor,Big 12,100H,2026,SO-2,,,14.00,seconds,Tom Jones Memorial,2026-04-16,,,0.4,Outdoor,https://www.tfrrs.org/results/96536/5940545/Tom_Jones_Memorial/100-Hurdles,TFRRS all_performances
242,"Lucero, Serafima",Baylor,Big 12,400H,2026,JR-3,,,57.07,seconds,Tom Jones Memorial,2026-04-16,,,,Outdoor,https://www.tfrrs.org/results/96536/5940569/Tom_Jones_Memorial/400-Hurdles,TFRRS all_performances
243,"Kinchen, Aaryona",Baylor,Big 12,400m,2026,SO-2,,,54.98,seconds,Tom Jones Memorial,2026-04-16,,,,Outdoor,https://www.tfrrs.org/results/96536/5940561/Tom_Jones_Memorial/400-Meters,TFRRS all_performances
244,"De Gannes, Janae",Baylor,Big 12,Long Jump,2026,SO-2,,,5.41,m,Tom Jones Memorial,2026-04-16,,,NWI,Outdoor,https://www.tfrrs.org/results/96536/5940593/Tom_Jones_Memorial/Long-Jump,TFRRS all_performances
245,"De Gannes, Janae",Baylor,Big 12,Long Jump,2026,SO-2,,,6.13,m,Tom Jones Memorial,2026-04-16,,,0.3,Outdoor,https://www.tfrrs.org/results/96536/5940593/Tom_Jones_Memorial/Long-Jump,TFRRS all_performances
246,"De Gannes, Janae",Baylor,Big 12,Long Jump,2026,SO-2,,,6.14,m,Tom Jones Memorial,2026-04-16,,,NWI,Outdoor,https://www.tfrrs.org/results/96536/5940593/Tom_Jones_Memorial/Long-Jump,TFRRS all_performances
247,"De Gannes, Janae",Baylor,Big 12,Long Jump,2026,SO-2,,,6.19,m,Tom Jones Memorial,2026-04-16,,,1.4,Outdoor,https://www.tfrrs.org/results/96536/5940593/Tom_Jones_Memorial/Long-Jump,TFRRS all_performances
248,"Todorovich, Logan",Baylor,Big 12,100H,2026,SO-2,,,14.05,seconds,2026 Jim Freeman / Clark Wood Open,2026-04-23,,,2.0,Outdoor,https://www.tfrrs.org/results/93931/6002082/2026_Jim_Freeman___Clark_Wood_Open/100-Hurdles,TFRRS all_performances
249,"Todorovich, Madilyn",Baylor,Big 12,100H,2026,FR-1,,,14.70,seconds,2026 Jim Freeman / Clark Wood Open,2026-04-23,,,1.8,Outdoor,https://www.tfrrs.org/results/93931/6002082/2026_Jim_Freeman___Clark_Wood_Open/100-Hurdles,TFRRS all_performances
250,"Wesseh, Kiara",Baylor,Big 12,100H,2026,SO-2,,,14.46,seconds,2026 Jim Freeman / Clark Wood Open,2026-04-23,,,1.8,Outdoor,https://www.tfrrs.org/results/93931/6002082/2026_Jim_Freeman___Clark_Wood_Open/100-Hurdles,TFRRS all_performances
251,"Todorovich, Logan",Baylor,Big 12,Long Jump,2026,SO-2,,,5.63,m,2026 Jim Freeman / Clark Wood Open,2026-04-23,,,1.4,Outdoor,https://www.tfrrs.org/results/93931/6002087/2026_Jim_Freeman___Clark_Wood_Open/Long-Jump,TFRRS all_performances
252,"Todorovich, Logan",Baylor,Big 12,Long Jump,2026,SO-2,,,5.88,m,2026 Jim Freeman / Clark Wood Open,2026-04-23,,,2.6,Outdoor,https://www.tfrrs.org/results/93931/6002087/2026_Jim_Freeman___Clark_Wood_Open/Long-Jump,TFRRS all_performances
253,"Todorovich, Logan",Baylor,Big 12,Long Jump,2026,SO-2,,,6.02,m,2026 Jim Freeman / Clark Wood Open,2026-04-23,,,2.2,Outdoor,https://www.tfrrs.org/results/93931/6002087/2026_Jim_Freeman___Clark_Wood_Open/Long-Jump,TFRRS all_performances
254,"Wesseh, Kiara",Baylor,Big 12,Long Jump,2026,SO-2,,,5.26,m,2026 Jim Freeman / Clark Wood Open,2026-04-23,,,3.8,Outdoor,https://www.tfrrs.org/results/93931/6002087/2026_Jim_Freeman___Clark_Wood_Open/Long-Jump,TFRRS all_performances
255,"Wesseh, Kiara",Baylor,Big 12,Long Jump,2026,SO-2,,,5.27,m,2026 Jim Freeman / Clark Wood Open,2026-04-23,,,2.8,Outdoor,https://www.tfrrs.org/results/93931/6002087/2026_Jim_Freeman___Clark_Wood_Open/Long-Jump,TFRRS all_performances
256,"Wesseh, Kiara",Baylor,Big 12,Long Jump,2026,SO-2,,,5.29,m,2026 Jim Freeman / Clark Wood Open,2026-04-23,,,1.1,Outdoor,https://www.tfrrs.org/results/93931/6002087/2026_Jim_Freeman___Clark_Wood_Open/Long-Jump,TFRRS all_performances
257,"Braxton, Kaylah",Baylor,Big 12,100H,2026,SO-2,,,13.55,seconds,Michael Johnson Invitational,2026-04-24,,,2.4,Outdoor,https://www.tfrrs.org/results/92814/5961962/Michael_Johnson_Invitational/100-Hurdles,TFRRS all_performances
258,"Braxton, Kaylah",Baylor,Big 12,100H,2026,SO-2,,,13.72,seconds,Michael Johnson Invitational,2026-04-24,,,1.0,Outdoor,https://www.tfrrs.org/results/92814/5961962/Michael_Johnson_Invitational/100-Hurdles,TFRRS all_performances
259,"Edwards, Jada",Baylor,Big 12,400m,2026,FR-1,,,54.46,seconds,Michael Johnson Invitational,2026-04-24,,,,Outdoor,https://www.tfrrs.org/results/92814/5961970/Michael_Johnson_Invitational/400-Meters,TFRRS all_performances
260,"Kinchen, Aaryona",Baylor,Big 12,400m,2026,SO-2,,,55.65,seconds,Michael Johnson Invitational,2026-04-24,,,,Outdoor,https://www.tfrrs.org/results/92814/5961970/Michael_Johnson_Invitational/400-Meters,TFRRS all_performances
261,"Mathew, Sameena",Baylor,Big 12,400m,2026,SO-2,,,56.59,seconds,Michael Johnson Invitational,2026-04-24,,,,Outdoor,https://www.tfrrs.org/results/92814/5961970/Michael_Johnson_Invitational/400-Meters,TFRRS all_performances
262,"Yourish, Cymia",Baylor,Big 12,400m,2026,FR-1,,,56.13,seconds,Michael Johnson Invitational,2026-04-24,,,,Outdoor,https://www.tfrrs.org/results/92814/5961970/Michael_Johnson_Invitational/400-Meters,TFRRS all_performances
263,"De Gannes, Janae",Baylor,Big 12,Long Jump,2026,SO-2,,,6.24,m,Michael Johnson Invitational,2026-04-24,,,1.6,Outdoor,https://www.tfrrs.org/results/92814/5961986/Michael_Johnson_Invitational/Long-Jump,TFRRS all_performances
264,"De Gannes, Janae",Baylor,Big 12,Long Jump,2026,SO-2,,,6.26,m,Michael Johnson Invitational,2026-04-24,,,2.9,Outdoor,https://www.tfrrs.org/results/92814/5961986/Michael_Johnson_Invitational/Long-Jump,TFRRS all_performances
265,"De Gannes, Janae",Baylor,Big 12,Long Jump,2026,SO-2,,,6.49,m,Michael Johnson Invitational,2026-04-24,,,1.6,Outdoor,https://www.tfrrs.org/results/92814/5961986/Michael_Johnson_Invitational/Long-Jump,TFRRS all_performances
266,"De Gannes, Janae",Baylor,Big 12,Long Jump,2026,SO-2,,,6.51,m,Michael Johnson Invitational,2026-04-24,,,2.6,Outdoor,https://www.tfrrs.org/results/92814/5961986/Michael_Johnson_Invitational/Long-Jump,TFRRS all_performances
267,"Braxton, Kaylah",Baylor,Big 12,100H,2026,SO-2,,,14.02,seconds,2026 Alumni Muster,2026-05-01,,,1.5,Outdoor,https://www.tfrrs.org/results/95784/5977258/2026_Alumni_Muster/100-Hurdles,TFRRS all_performances
268,"Lucero, Serafima",Baylor,Big 12,400H,2026,JR-3,,,57.21,seconds,2026 Alumni Muster,2026-05-01,,,,Outdoor,https://www.tfrrs.org/results/95784/5977267/2026_Alumni_Muster/400-Hurdles,TFRRS all_performances
269,"Browne, Mackenize",Baylor,Big 12,400m,2026,JR-3,,,57.18,seconds,2026 Alumni Muster,2026-05-01,,,,Outdoor,https://www.tfrrs.org/results/95784/5977259/2026_Alumni_Muster/400-Meters,TFRRS all_performances
270,"Edwards, Jada",Baylor,Big 12,400m,2026,FR-1,,,53.55,seconds,2026 Alumni Muster,2026-05-01,,,,Outdoor,https://www.tfrrs.org/results/95784/5977259/2026_Alumni_Muster/400-Meters,TFRRS all_performances
271,"Jones, Alyssa",Baylor,Big 12,400m,2026,FR-1,,,53.92,seconds,2026 Alumni Muster,2026-05-01,,,,Outdoor,https://www.tfrrs.org/results/95784/5977259/2026_Alumni_Muster/400-Meters,TFRRS all_performances
272,"Mathew, Sameena",Baylor,Big 12,400m,2026,SO-2,,,56.37,seconds,2026 Alumni Muster,2026-05-01,,,,Outdoor,https://www.tfrrs.org/results/95784/5977259/2026_Alumni_Muster/400-Meters,TFRRS all_performances
273,"Braxton, Kaylah",Baylor,Big 12,100H,2026,SO-2,,,14.05,seconds,Big 12 Outdoor Track & Field Championships,2026-05-14,,,1.0,Outdoor,https://www.tfrrs.org/results/94673/5999867/Big_12_Outdoor_Track__Field_Championships/100-Hurdles,TFRRS all_performances
274,"Todorovich, Logan",Baylor,Big 12,100H,2026,SO-2,,,13.92,seconds,Big 12 Outdoor Track & Field Championships,2026-05-14,,,1.8,Outdoor,https://www.tfrrs.org/results/94673/5999882/Big_12_Outdoor_Track__Field_Championships/100-Hurdles,TFRRS all_performances
275,"Todorovich, Madilyn",Baylor,Big 12,100H,2026,FR-1,,,14.17,seconds,Big 12 Outdoor Track & Field Championships,2026-05-14,,,2.2,Outdoor,https://www.tfrrs.org/results/94673/5999882/Big_12_Outdoor_Track__Field_Championships/100-Hurdles,TFRRS all_performances
276,"Wesseh, Kiara",Baylor,Big 12,100H,2026,SO-2,,,14.18,seconds,Big 12 Outdoor Track & Field Championships,2026-05-14,,,2.2,Outdoor,https://www.tfrrs.org/results/94673/5999882/Big_12_Outdoor_Track__Field_Championships/100-Hurdles,TFRRS all_performances
277,"Edwards, Jada",Baylor,Big 12,400m,2026,FR-1,,,54.36,seconds,Big 12 Outdoor Track & Field Championships,2026-05-14,,,,Outdoor,https://www.tfrrs.org/results/94673/5999840/Big_12_Outdoor_Track__Field_Championships/400-Meters,TFRRS all_performances
278,"Jones, Alyssa",Baylor,Big 12,400m,2026,FR-1,,,54.98,seconds,Big 12 Outdoor Track & Field Championships,2026-05-14,,,,Outdoor,https://www.tfrrs.org/results/94673/5999840/Big_12_Outdoor_Track__Field_Championships/400-Meters,TFRRS all_performances
279,"Kinchen, Aaryona",Baylor,Big 12,400m,2026,SO-2,,,55.70,seconds,Big 12 Outdoor Track & Field Championships,2026-05-14,,,,Outdoor,https://www.tfrrs.org/results/94673/5999840/Big_12_Outdoor_Track__Field_Championships/400-Meters,TFRRS all_performances
280,"De Gannes, Janae",Baylor,Big 12,Long Jump,2026,SO-2,,,5.35,m,Big 12 Outdoor Track & Field Championships,2026-05-14,,,+0.0,Outdoor,https://www.tfrrs.org/results/94673/5999871/Big_12_Outdoor_Track__Field_Championships/Long-Jump,TFRRS all_performances
281,"De Gannes, Janae",Baylor,Big 12,Long Jump,2026,SO-2,,,6.07,m,Big 12 Outdoor Track & Field Championships,2026-05-14,,,+0.0,Outdoor,https://www.tfrrs.org/results/94673/5999871/Big_12_Outdoor_Track__Field_Championships/Long-Jump,TFRRS all_performances
282,"De Gannes, Janae",Baylor,Big 12,Long Jump,2026,SO-2,,,6.21,m,Big 12 Outdoor Track & Field Championships,2026-05-14,,,-0.1,Outdoor,https://www.tfrrs.org/results/94673/5999871/Big_12_Outdoor_Track__Field_Championships/Long-Jump,TFRRS all_performances
283,"De Gannes, Janae",Baylor,Big 12,Long Jump,2026,SO-2,,,6.24,m,Big 12 Outdoor Track & Field Championships,2026-05-14,,,+0.0,Outdoor,https://www.tfrrs.org/results/94673/5999871/Big_12_Outdoor_Track__Field_Championships/Long-Jump,TFRRS all_performances
284,"De Gannes, Janae",Baylor,Big 12,Long Jump,2026,SO-2,,,6.33,m,Big 12 Outdoor Track & Field Championships,2026-05-14,,,+0.0,Outdoor,https://www.tfrrs.org/results/94673/5999871/Big_12_Outdoor_Track__Field_Championships/Long-Jump,TFRRS all_performances
285,"Todorovich, Logan",Baylor,Big 12,Long Jump,2026,SO-2,,,5.73,m,Big 12 Outdoor Track & Field Championships,2026-05-14,,,-1.1,Outdoor,https://www.tfrrs.org/results/94673/5999886/Big_12_Outdoor_Track__Field_Championships/Long-Jump,TFRRS all_performances
286,"Todorovich, Logan",Baylor,Big 12,Long Jump,2026,SO-2,,,5.82,m,Big 12 Outdoor Track & Field Championships,2026-05-14,,,0.4,Outdoor,https://www.tfrrs.org/results/94673/5999886/Big_12_Outdoor_Track__Field_Championships/Long-Jump,TFRRS all_performances
287,"Todorovich, Logan",Baylor,Big 12,Long Jump,2026,SO-2,,,5.83,m,Big 12 Outdoor Track & Field Championships,2026-05-14,,,0.2,Outdoor,https://www.tfrrs.org/results/94673/5999871/Big_12_Outdoor_Track__Field_Championships/Long-Jump,TFRRS all_performances
288,"Todorovich, Logan",Baylor,Big 12,Long Jump,2026,SO-2,,,5.94,m,Big 12 Outdoor Track & Field Championships,2026-05-14,,,0.5,Outdoor,https://www.tfrrs.org/results/94673/5999871/Big_12_Outdoor_Track__Field_Championships/Long-Jump,TFRRS all_performances
289,"Todorovich, Logan",Baylor,Big 12,Long Jump,2026,SO-2,,,5.98,m,Big 12 Outdoor Track & Field Championships,2026-05-14,,,0.3,Outdoor,https://www.tfrrs.org/results/94673/5999886/Big_12_Outdoor_Track__Field_Championships/Long-Jump,TFRRS all_performances
290,"Todorovich, Madilyn",Baylor,Big 12,Long Jump,2026,FR-1,,,5.25,m,Big 12 Outdoor Track & Field Championships,2026-05-14,,,-1.5,Outdoor,https://www.tfrrs.org/results/94673/5999886/Big_12_Outdoor_Track__Field_Championships/Long-Jump,TFRRS all_performances
291,"Todorovich, Madilyn",Baylor,Big 12,Long Jump,2026,FR-1,,,5.40,m,Big 12 Outdoor Track & Field Championships,2026-05-14,,,+0.0,Outdoor,https://www.tfrrs.org/results/94673/5999886/Big_12_Outdoor_Track__Field_Championships/Long-Jump,TFRRS all_performances
292,"Todorovich, Madilyn",Baylor,Big 12,Long Jump,2026,FR-1,,,5.58,m,Big 12 Outdoor Track & Field Championships,2026-05-14,,,2.2,Outdoor,https://www.tfrrs.org/results/94673/5999886/Big_12_Outdoor_Track__Field_Championships/Long-Jump,TFRRS all_performances
293,"Wesseh, Kiara",Baylor,Big 12,Long Jump,2026,SO-2,,,5.15,m,Big 12 Outdoor Track & Field Championships,2026-05-14,,,0.9,Outdoor,https://www.tfrrs.org/results/94673/5999886/Big_12_Outdoor_Track__Field_Championships/Long-Jump,TFRRS all_performances
294,"Wesseh, Kiara",Baylor,Big 12,Long Jump,2026,SO-2,,,5.28,m,Big 12 Outdoor Track & Field Championships,2026-05-14,,,-1.0,Outdoor,https://www.tfrrs.org/results/94673/5999886/Big_12_Outdoor_Track__Field_Championships/Long-Jump,TFRRS all_performances
295,"Lucero, Serafima",Baylor,Big 12,400H,2026,JR-3,,,56.28,seconds,NCAA Division I West First Rounds,2026-05-27,,,,Outdoor,https://www.tfrrs.org/results/96717/6004602/NCAA_Division_I_West_First_Rounds/400-Hurdles,TFRRS all_performances
296,"Lucero, Serafima",Baylor,Big 12,400H,2026,JR-3,,,56.35,seconds,NCAA Division I West First Rounds,2026-05-27,,,,Outdoor,https://www.tfrrs.org/results/96717/6004602/NCAA_Division_I_West_First_Rounds/400-Hurdles,TFRRS all_performances
297,"De Gannes, Janae",Baylor,Big 12,Long Jump,2026,SO-2,,,6.21,m,NCAA Division I West First Rounds,2026-05-27,,,0.7,Outdoor,https://www.tfrrs.org/results/96717/6004604/NCAA_Division_I_West_First_Rounds/Long-Jump,TFRRS all_performances
298,"De Gannes, Janae",Baylor,Big 12,Long Jump,2026,SO-2,,,6.25,m,NCAA Division I West First Rounds,2026-05-27,,,0.5,Outdoor,https://www.tfrrs.org/results/96717/6004604/NCAA_Division_I_West_First_Rounds/Long-Jump,TFRRS all_performances
299,"De Gannes, Janae",Baylor,Big 12,Long Jump,2026,SO-2,,,6.41,m,NCAA Division I West First Rounds,2026-05-27,,,0.6,Outdoor,https://www.tfrrs.org/results/96717/6004604/NCAA_Division_I_West_First_Rounds/Long-Jump,TFRRS all_performances
300,"Todorovich, Logan",Baylor,Big 12,100H,2026,SO-2,,,13.96,seconds,NCAA Division I Outdoor Track & Field Championships,2026-06-10,,,-0.3,Outdoor,https://www.tfrrs.org/results/96875/6005730/NCAA_Division_I_Outdoor_Track__Field_Championships/100-Hurdles,TFRRS all_performances
301,"Lucero, Serafima",Baylor,Big 12,400H,2026,JR-3,,,56.54,seconds,NCAA Division I Outdoor Track & Field Championships,2026-06-10,,,,Outdoor,https://www.tfrrs.org/results/96875/6005720/NCAA_Division_I_Outdoor_Track__Field_Championships/400-Hurdles,TFRRS all_performances
302,"De Gannes, Janae",Baylor,Big 12,Long Jump,2026,SO-2,,,6.00,m,NCAA Division I Outdoor Track & Field Championships,2026-06-10,,,1.0,Outdoor,https://www.tfrrs.org/results/96875/6005690/NCAA_Division_I_Outdoor_Track__Field_Championships/Long-Jump,TFRRS all_performances
303,"De Gannes, Janae",Baylor,Big 12,Long Jump,2026,SO-2,,,6.24,m,NCAA Division I Outdoor Track & Field Championships,2026-06-10,,,0.6,Outdoor,https://www.tfrrs.org/results/96875/6005690/NCAA_Division_I_Outdoor_Track__Field_Championships/Long-Jump,TFRRS all_performances
304,"De Gannes, Janae",Baylor,Big 12,Long Jump,2026,SO-2,,,6.39,m,NCAA Division I Outdoor Track & Field Championships,2026-06-10,,,1.0,Outdoor,https://www.tfrrs.org/results/96875/6005690/NCAA_Division_I_Outdoor_Track__Field_Championships/Long-Jump,TFRRS all_performances
305,"Todorovich, Logan",Baylor,Big 12,Long Jump,2026,SO-2,,,5.67,m,NCAA Division I Outdoor Track & Field Championships,2026-06-10,,,3.2,Outdoor,https://www.tfrrs.org/results/96875/6005734/NCAA_Division_I_Outdoor_Track__Field_Championships/Long-Jump,TFRRS all_performances
306,"Todorovich, Logan",Baylor,Big 12,Long Jump,2026,SO-2,,,5.85,m,NCAA Division I Outdoor Track & Field Championships,2026-06-10,,,2.4,Outdoor,https://www.tfrrs.org/results/96875/6005734/NCAA_Division_I_Outdoor_Track__Field_Championships/Long-Jump,TFRRS all_performances
307,"Todorovich, Logan",Baylor,Big 12,Long Jump,2026,SO-2,,,6.03,m,NCAA Division I Outdoor Track & Field Championships,2026-06-10,,,-0.6,Outdoor,https://www.tfrrs.org/results/96875/6005734/NCAA_Division_I_Outdoor_Track__Field_Championships/Long-Jump,TFRRS all_performances
308,"N'Douma-Mona, Zola",Iowa State,Big 12,100H,2026,FR-1,,,13.65,seconds,Clyde Hart Classic,2026-03-27,,,1.1,Outdoor,https://www.tfrrs.org/results/92784/5903926/Clyde_Hart_Classic/100-Hurdles,TFRRS all_performances
309,"N'Douma-Mona, Zola",Iowa State,Big 12,100H,2026,FR-1,,,13.69,seconds,Clyde Hart Classic,2026-03-27,,,1.4,Outdoor,https://www.tfrrs.org/results/92784/5903926/Clyde_Hart_Classic/100-Hurdles,TFRRS all_performances
310,"David, Karynne",Iowa State,Big 12,400m,2026,SO-2,,,56.83,seconds,Clyde Hart Classic,2026-03-27,,,,Outdoor,https://www.tfrrs.org/results/92784/5903934/Clyde_Hart_Classic/400-Meters,TFRRS all_performances
311,"Moon, Cameron",Iowa State,Big 12,400m,2026,JR-3,,,58.14,seconds,Clyde Hart Classic,2026-03-27,,,,Outdoor,https://www.tfrrs.org/results/92784/5903934/Clyde_Hart_Classic/400-Meters,TFRRS all_performances
312,"Sandvig, Brooklyn",Iowa State,Big 12,400m,2026,JR-3,,,56.86,seconds,Clyde Hart Classic,2026-03-27,,,,Outdoor,https://www.tfrrs.org/results/92784/5903934/Clyde_Hart_Classic/400-Meters,TFRRS all_performances
313,"Cinnamo, Ava",Iowa State,Big 12,Long Jump,2026,SR-4,,,5.62,m,Clyde Hart Classic,2026-03-27,,,1.0,Outdoor,https://www.tfrrs.org/results/92784/5903950/Clyde_Hart_Classic/Long-Jump,TFRRS all_performances
314,"Cinnamo, Ava",Iowa State,Big 12,Long Jump,2026,SR-4,,,5.64,m,Clyde Hart Classic,2026-03-27,,,0.9,Outdoor,https://www.tfrrs.org/results/92784/5903950/Clyde_Hart_Classic/Long-Jump,TFRRS all_performances
315,"Willits, Sydney",Iowa State,Big 12,Long Jump,2026,SR-4,,,6.22,m,Clyde Hart Classic,2026-03-27,,,3.4,Outdoor,https://www.tfrrs.org/results/92784/5903950/Clyde_Hart_Classic/Long-Jump,TFRRS all_performances
316,"Willits, Sydney",Iowa State,Big 12,Long Jump,2026,SR-4,,,6.33,m,Clyde Hart Classic,2026-03-27,,,2.4,Outdoor,https://www.tfrrs.org/results/92784/5903950/Clyde_Hart_Classic/Long-Jump,TFRRS all_performances
317,"Denge-Hagen, Maia",Iowa State,Big 12,100H,2026,SO-2,,,14.65,seconds,Bobcat Invitational 2026,2026-04-02,,,0.8,Outdoor,https://www.tfrrs.org/results/93729/5895073/Bobcat_Invitational_2026/100-Hurdles,TFRRS all_performances
318,"N'Douma-Mona, Zola",Iowa State,Big 12,100H,2026,FR-1,,,13.46,seconds,Bobcat Invitational 2026,2026-04-02,,,0.8,Outdoor,https://www.tfrrs.org/results/93729/5895073/Bobcat_Invitational_2026/100-Hurdles,TFRRS all_performances
319,"Denge-Hagen, Maia",Iowa State,Big 12,Long Jump,2026,SO-2,,,5.50,m,Bobcat Invitational 2026,2026-04-02,,,2.7,Outdoor,https://www.tfrrs.org/results/93729/5895077/Bobcat_Invitational_2026/Long-Jump,TFRRS all_performances
320,"Denge-Hagen, Maia",Iowa State,Big 12,Long Jump,2026,SO-2,,,5.52,m,Bobcat Invitational 2026,2026-04-02,,,2.8,Outdoor,https://www.tfrrs.org/results/93729/5895077/Bobcat_Invitational_2026/Long-Jump,TFRRS all_performances
321,"Denge-Hagen, Maia",Iowa State,Big 12,Long Jump,2026,SO-2,,,5.76,m,Bobcat Invitational 2026,2026-04-02,,,3.5,Outdoor,https://www.tfrrs.org/results/93729/5895077/Bobcat_Invitational_2026/Long-Jump,TFRRS all_performances
322,"N'Douma-Mona, Zola",Iowa State,Big 12,Long Jump,2026,FR-1,,,5.77,m,Bobcat Invitational 2026,2026-04-02,,,4.2,Outdoor,https://www.tfrrs.org/results/93729/5895077/Bobcat_Invitational_2026/Long-Jump,TFRRS all_performances
323,"N'Douma-Mona, Zola",Iowa State,Big 12,Long Jump,2026,FR-1,,,6.07,m,Bobcat Invitational 2026,2026-04-02,,,4.2,Outdoor,https://www.tfrrs.org/results/93729/5895077/Bobcat_Invitational_2026/Long-Jump,TFRRS all_performances
324,"Havighurst, Emma",Iowa State,Big 12,100H,2026,FR-1,,,14.05,seconds,Jim Duncan Invitational,2026-04-10,,,+0.0,Outdoor,https://www.tfrrs.org/results/96367/5924654/Jim_Duncan_Invitational/100-Hurdles,TFRRS all_performances
325,"David, Karynne",Iowa State,Big 12,400m,2026,SO-2,,,55.41,seconds,Jim Duncan Invitational,2026-04-10,,,,Outdoor,https://www.tfrrs.org/results/96367/5924664/Jim_Duncan_Invitational/400-Meters,TFRRS all_performances
326,"Moon, Cameron",Iowa State,Big 12,400m,2026,JR-3,,,57.43,seconds,Jim Duncan Invitational,2026-04-10,,,,Outdoor,https://www.tfrrs.org/results/96367/5924664/Jim_Duncan_Invitational/400-Meters,TFRRS all_performances
327,"Sandvig, Brooklyn",Iowa State,Big 12,400m,2026,JR-3,,,56.63,seconds,Jim Duncan Invitational,2026-04-10,,,,Outdoor,https://www.tfrrs.org/results/96367/5924664/Jim_Duncan_Invitational/400-Meters,TFRRS all_performances
328,"Cinnamo, Ava",Iowa State,Big 12,Long Jump,2026,SR-4,,,5.53,m,Jim Duncan Invitational,2026-04-10,,,2.0,Outdoor,https://www.tfrrs.org/results/96367/5924680/Jim_Duncan_Invitational/Long-Jump,TFRRS all_performances
329,"Cinnamo, Ava",Iowa State,Big 12,Long Jump,2026,SR-4,,,5.56,m,Jim Duncan Invitational,2026-04-10,,,1.3,Outdoor,https://www.tfrrs.org/results/96367/5924680/Jim_Duncan_Invitational/Long-Jump,TFRRS all_performances
330,"Cinnamo, Ava",Iowa State,Big 12,Long Jump,2026,SR-4,,,5.59,m,Jim Duncan Invitational,2026-04-10,,,1.3,Outdoor,https://www.tfrrs.org/results/96367/5924680/Jim_Duncan_Invitational/Long-Jump,TFRRS all_performances
331,"Cinnamo, Ava",Iowa State,Big 12,Long Jump,2026,SR-4,,,5.75,m,Jim Duncan Invitational,2026-04-10,,,1.6,Outdoor,https://www.tfrrs.org/results/96367/5924680/Jim_Duncan_Invitational/Long-Jump,TFRRS all_performances
332,"Laing, Amari",Iowa State,Big 12,Long Jump,2026,JR-3,,,5.39,m,Jim Duncan Invitational,2026-04-10,,,0.2,Outdoor,https://www.tfrrs.org/results/96367/5924680/Jim_Duncan_Invitational/Long-Jump,TFRRS all_performances
333,"Laing, Amari",Iowa State,Big 12,Long Jump,2026,JR-3,,,5.78,m,Jim Duncan Invitational,2026-04-10,,,1.3,Outdoor,https://www.tfrrs.org/results/96367/5924680/Jim_Duncan_Invitational/Long-Jump,TFRRS all_performances
334,"Willits, Sydney",Iowa State,Big 12,Long Jump,2026,SR-4,,,5.74,m,Jim Duncan Invitational,2026-04-10,,,0.3,Outdoor,https://www.tfrrs.org/results/96367/5924680/Jim_Duncan_Invitational/Long-Jump,TFRRS all_performances
335,"Willits, Sydney",Iowa State,Big 12,Long Jump,2026,SR-4,,,6.03,m,Jim Duncan Invitational,2026-04-10,,,3.2,Outdoor,https://www.tfrrs.org/results/96367/5924680/Jim_Duncan_Invitational/Long-Jump,TFRRS all_performances
336,"Havighurst, Emma",Iowa State,Big 12,100H,2026,FR-1,,,13.64,seconds,66th Annual Mt. SAC Relays,2026-04-15,,,3.6,Outdoor,https://www.tfrrs.org/results/95455/5966522/66th_Annual_Mt_SAC_Relays/100-Hurdles,TFRRS all_performances
337,"N'Douma-Mona, Zola",Iowa State,Big 12,100H,2026,FR-1,,,13.47,seconds,66th Annual Mt. SAC Relays,2026-04-15,,,3.6,Outdoor,https://www.tfrrs.org/results/95455/5966522/66th_Annual_Mt_SAC_Relays/100-Hurdles,TFRRS all_performances
338,"Joseph, Rachel",Iowa State,Big 12,400m,2026,SR-4,,,50.98,seconds,66th Annual Mt. SAC Relays,2026-04-15,,,,Outdoor,https://www.tfrrs.org/results/95455/5966568/66th_Annual_Mt_SAC_Relays/400-Meters,TFRRS all_performances
339,"Willits, Sydney",Iowa State,Big 12,Long Jump,2026,SR-4,,,5.94,m,66th Annual Mt. SAC Relays,2026-04-15,,,2.9,Outdoor,https://www.tfrrs.org/results/95455/5966549/66th_Annual_Mt_SAC_Relays/Long-Jump,TFRRS all_performances
340,"Willits, Sydney",Iowa State,Big 12,Long Jump,2026,SR-4,,,6.05,m,66th Annual Mt. SAC Relays,2026-04-15,,,2.3,Outdoor,https://www.tfrrs.org/results/95455/5966549/66th_Annual_Mt_SAC_Relays/Long-Jump,TFRRS all_performances
341,"Willits, Sydney",Iowa State,Big 12,Long Jump,2026,SR-4,,,6.36,m,66th Annual Mt. SAC Relays,2026-04-15,,,1.9,Outdoor,https://www.tfrrs.org/results/95455/5966549/66th_Annual_Mt_SAC_Relays/Long-Jump,TFRRS all_performances
342,"Denge-Hagen, Maia",Iowa State,Big 12,100H,2026,SO-2,,,14.14,seconds,116th Drake Relays,2026-04-22,,,2.7,Outdoor,https://www.tfrrs.org/results/95611/5987031/116th_Drake_Relays/100-Hurdles,TFRRS all_performances
343,"Havighurst, Emma",Iowa State,Big 12,100H,2026,FR-1,,,13.41,seconds,116th Drake Relays,2026-04-22,,,1.2,Outdoor,https://www.tfrrs.org/results/95611/5986877/116th_Drake_Relays/100-Hurdles,TFRRS all_performances
344,"Havighurst, Emma",Iowa State,Big 12,100H,2026,FR-1,,,13.61,seconds,116th Drake Relays,2026-04-22,,,3.3,Outdoor,https://www.tfrrs.org/results/95611/5986877/116th_Drake_Relays/100-Hurdles,TFRRS all_performances
345,"N'Douma-Mona, Zola",Iowa State,Big 12,100H,2026,FR-1,,,13.46,seconds,116th Drake Relays,2026-04-22,,,1.2,Outdoor,https://www.tfrrs.org/results/95611/5986877/116th_Drake_Relays/100-Hurdles,TFRRS all_performances
346,"N'Douma-Mona, Zola",Iowa State,Big 12,100H,2026,FR-1,,,13.57,seconds,116th Drake Relays,2026-04-22,,,3.3,Outdoor,https://www.tfrrs.org/results/95611/5986877/116th_Drake_Relays/100-Hurdles,TFRRS all_performances
347,"Denge-Hagen, Maia",Iowa State,Big 12,Long Jump,2026,SO-2,,,5.02,m,116th Drake Relays,2026-04-22,,,1.1,Outdoor,https://www.tfrrs.org/results/95611/5987036/116th_Drake_Relays/Long-Jump,TFRRS all_performances
348,"Denge-Hagen, Maia",Iowa State,Big 12,Long Jump,2026,SO-2,,,5.14,m,116th Drake Relays,2026-04-22,,,1.3,Outdoor,https://www.tfrrs.org/results/95611/5987036/116th_Drake_Relays/Long-Jump,TFRRS all_performances
349,"Denge-Hagen, Maia",Iowa State,Big 12,Long Jump,2026,SO-2,,,5.33,m,116th Drake Relays,2026-04-22,,,1.5,Outdoor,https://www.tfrrs.org/results/95611/5987036/116th_Drake_Relays/Long-Jump,TFRRS all_performances
350,"Laing, Amari",Iowa State,Big 12,Long Jump,2026,JR-3,,,4.23,m,116th Drake Relays,2026-04-22,,,0.7,Outdoor,https://www.tfrrs.org/results/95611/5986952/116th_Drake_Relays/Long-Jump,TFRRS all_performances
351,"Laing, Amari",Iowa State,Big 12,Long Jump,2026,JR-3,,,5.49,m,116th Drake Relays,2026-04-22,,,1.1,Outdoor,https://www.tfrrs.org/results/95611/5986952/116th_Drake_Relays/Long-Jump,TFRRS all_performances
352,"Laing, Amari",Iowa State,Big 12,Long Jump,2026,JR-3,,,5.72,m,116th Drake Relays,2026-04-22,,,1.5,Outdoor,https://www.tfrrs.org/results/95611/5986952/116th_Drake_Relays/Long-Jump,TFRRS all_performances
353,"Laing, Amari",Iowa State,Big 12,Long Jump,2026,JR-3,,,5.79,m,116th Drake Relays,2026-04-22,,,1.6,Outdoor,https://www.tfrrs.org/results/95611/5986952/116th_Drake_Relays/Long-Jump,TFRRS all_performances
354,"Laing, Amari",Iowa State,Big 12,Long Jump,2026,JR-3,,,5.86,m,116th Drake Relays,2026-04-22,,,1.1,Outdoor,https://www.tfrrs.org/results/95611/5986952/116th_Drake_Relays/Long-Jump,TFRRS all_performances
355,"N'Douma-Mona, Zola",Iowa State,Big 12,Long Jump,2026,FR-1,,,4.09,m,116th Drake Relays,2026-04-22,,,7.7,Outdoor,https://www.tfrrs.org/results/95611/5987036/116th_Drake_Relays/Long-Jump,TFRRS all_performances
356,"Willits, Sydney",Iowa State,Big 12,Long Jump,2026,SR-4,,,6.29,m,116th Drake Relays,2026-04-22,,,1.0,Outdoor,https://www.tfrrs.org/results/95611/5986952/116th_Drake_Relays/Long-Jump,TFRRS all_performances
357,"Willits, Sydney",Iowa State,Big 12,Long Jump,2026,SR-4,,,6.43,m,116th Drake Relays,2026-04-22,,,1.2,Outdoor,https://www.tfrrs.org/results/95611/5986952/116th_Drake_Relays/Long-Jump,TFRRS all_performances
358,"Denge-Hagen, Maia",Iowa State,Big 12,100H,2026,SO-2,,,14.18,seconds,2026 Alumni Muster,2026-05-01,,,2.0,Outdoor,https://www.tfrrs.org/results/95784/5977258/2026_Alumni_Muster/100-Hurdles,TFRRS all_performances
359,"Havighurst, Emma",Iowa State,Big 12,100H,2026,FR-1,,,13.60,seconds,2026 Alumni Muster,2026-05-01,,,1.5,Outdoor,https://www.tfrrs.org/results/95784/5977258/2026_Alumni_Muster/100-Hurdles,TFRRS all_performances
360,"N'Douma-Mona, Zola",Iowa State,Big 12,100H,2026,FR-1,,,13.64,seconds,2026 Alumni Muster,2026-05-01,,,1.5,Outdoor,https://www.tfrrs.org/results/95784/5977258/2026_Alumni_Muster/100-Hurdles,TFRRS all_performances
361,"David, Karynne",Iowa State,Big 12,400m,2026,SO-2,,,55.03,seconds,2026 Alumni Muster,2026-05-01,,,,Outdoor,https://www.tfrrs.org/results/95784/5977259/2026_Alumni_Muster/400-Meters,TFRRS all_performances
362,"Joseph, Rachel",Iowa State,Big 12,400m,2026,SR-4,,,50.55,seconds,2026 Alumni Muster,2026-05-01,,,,Outdoor,https://www.tfrrs.org/results/95784/5977259/2026_Alumni_Muster/400-Meters,TFRRS all_performances
363,"Moon, Cameron",Iowa State,Big 12,400m,2026,JR-3,,,57.00,seconds,2026 Alumni Muster,2026-05-01,,,,Outdoor,https://www.tfrrs.org/results/95784/5977259/2026_Alumni_Muster/400-Meters,TFRRS all_performances
364,"Cinnamo, Ava",Iowa State,Big 12,Long Jump,2026,SR-4,,,5.70,m,2026 Alumni Muster,2026-05-01,,,1.5,Outdoor,https://www.tfrrs.org/results/95784/5977279/2026_Alumni_Muster/Long-Jump,TFRRS all_performances
365,"Laing, Amari",Iowa State,Big 12,Long Jump,2026,JR-3,,,5.73,m,2026 Alumni Muster,2026-05-01,,,1.0,Outdoor,https://www.tfrrs.org/results/95784/5977279/2026_Alumni_Muster/Long-Jump,TFRRS all_performances
366,"Laing, Amari",Iowa State,Big 12,Long Jump,2026,JR-3,,,5.76,m,2026 Alumni Muster,2026-05-01,,,0.7,Outdoor,https://www.tfrrs.org/results/95784/5977279/2026_Alumni_Muster/Long-Jump,TFRRS all_performances
367,"Laing, Amari",Iowa State,Big 12,Long Jump,2026,JR-3,,,5.78,m,2026 Alumni Muster,2026-05-01,,,3.0,Outdoor,https://www.tfrrs.org/results/95784/5977279/2026_Alumni_Muster/Long-Jump,TFRRS all_performances
368,"Laing, Amari",Iowa State,Big 12,Long Jump,2026,JR-3,,,5.83,m,2026 Alumni Muster,2026-05-01,,,1.6,Outdoor,https://www.tfrrs.org/results/95784/5977279/2026_Alumni_Muster/Long-Jump,TFRRS all_performances
369,"Laing, Amari",Iowa State,Big 12,Long Jump,2026,JR-3,,,5.97,m,2026 Alumni Muster,2026-05-01,,,3.2,Outdoor,https://www.tfrrs.org/results/95784/5977279/2026_Alumni_Muster/Long-Jump,TFRRS all_performances
370,"N'Douma-Mona, Zola",Iowa State,Big 12,Long Jump,2026,FR-1,,,4.48,m,2026 Alumni Muster,2026-05-01,,,0.5,Outdoor,https://www.tfrrs.org/results/95784/5977279/2026_Alumni_Muster/Long-Jump,TFRRS all_performances
371,"N'Douma-Mona, Zola",Iowa State,Big 12,Long Jump,2026,FR-1,,,6.15,m,2026 Alumni Muster,2026-05-01,,,2.7,Outdoor,https://www.tfrrs.org/results/95784/5977279/2026_Alumni_Muster/Long-Jump,TFRRS all_performances
372,"Willits, Sydney",Iowa State,Big 12,Long Jump,2026,SR-4,,,5.76,m,2026 Alumni Muster,2026-05-01,,,1.9,Outdoor,https://www.tfrrs.org/results/95784/5977279/2026_Alumni_Muster/Long-Jump,TFRRS all_performances
373,"Willits, Sydney",Iowa State,Big 12,Long Jump,2026,SR-4,,,6.02,m,2026 Alumni Muster,2026-05-01,,,1.1,Outdoor,https://www.tfrrs.org/results/95784/5977279/2026_Alumni_Muster/Long-Jump,TFRRS all_performances
374,"Willits, Sydney",Iowa State,Big 12,Long Jump,2026,SR-4,,,6.13,m,2026 Alumni Muster,2026-05-01,,,1.0,Outdoor,https://www.tfrrs.org/results/95784/5977279/2026_Alumni_Muster/Long-Jump,TFRRS all_performances
375,"Havighurst, Emma",Iowa State,Big 12,100H,2026,FR-1,,,13.41,seconds,Cyclone Twilight 2026,2026-05-08,,,2.5,Outdoor,https://www.tfrrs.org/results/96810/5992336/Cyclone_Twilight_2026/100-Hurdles,TFRRS all_performances
376,"Havighurst, Emma",Iowa State,Big 12,100H,2026,FR-1,,,13.69,seconds,Cyclone Twilight 2026,2026-05-08,,,0.9,Outdoor,https://www.tfrrs.org/results/96810/5992336/Cyclone_Twilight_2026/100-Hurdles,TFRRS all_performances
377,"David, Karynne",Iowa State,Big 12,400m,2026,SO-2,,,55.18,seconds,Cyclone Twilight 2026,2026-05-08,,,,Outdoor,https://www.tfrrs.org/results/96810/5992344/Cyclone_Twilight_2026/400-Meters,TFRRS all_performances
378,"Moon, Cameron",Iowa State,Big 12,400m,2026,JR-3,,,56.47,seconds,Cyclone Twilight 2026,2026-05-08,,,,Outdoor,https://www.tfrrs.org/results/96810/5992344/Cyclone_Twilight_2026/400-Meters,TFRRS all_performances
379,"Laing, Amari",Iowa State,Big 12,Long Jump,2026,JR-3,,,5.91,m,Cyclone Twilight 2026,2026-05-08,,,3.7,Outdoor,https://www.tfrrs.org/results/96810/5992358/Cyclone_Twilight_2026/Long-Jump,TFRRS all_performances
380,"Laing, Amari",Iowa State,Big 12,Long Jump,2026,JR-3,,,6.07,m,Cyclone Twilight 2026,2026-05-08,,,1.0,Outdoor,https://www.tfrrs.org/results/96810/5992358/Cyclone_Twilight_2026/Long-Jump,TFRRS all_performances
381,"Laing, Amari",Iowa State,Big 12,Long Jump,2026,JR-3,,,6.09,m,Cyclone Twilight 2026,2026-05-08,,,3.3,Outdoor,https://www.tfrrs.org/results/96810/5992358/Cyclone_Twilight_2026/Long-Jump,TFRRS all_performances
382,"Laing, Amari",Iowa State,Big 12,Long Jump,2026,JR-3,,,6.10,m,Cyclone Twilight 2026,2026-05-08,,,0.3,Outdoor,https://www.tfrrs.org/results/96810/5992358/Cyclone_Twilight_2026/Long-Jump,TFRRS all_performances
383,"Denge-Hagen, Maia",Iowa State,Big 12,100H,2026,SO-2,,,14.09,seconds,Big 12 Outdoor Track & Field Championships,2026-05-14,,,1.8,Outdoor,https://www.tfrrs.org/results/94673/5999882/Big_12_Outdoor_Track__Field_Championships/100-Hurdles,TFRRS all_performances
384,"Havighurst, Emma",Iowa State,Big 12,100H,2026,FR-1,,,13.70,seconds,Big 12 Outdoor Track & Field Championships,2026-05-14,,,0.6,Outdoor,https://www.tfrrs.org/results/94673/5999867/Big_12_Outdoor_Track__Field_Championships/100-Hurdles,TFRRS all_performances
385,"N'Douma-Mona, Zola",Iowa State,Big 12,100H,2026,FR-1,,,13.35,seconds,Big 12 Outdoor Track & Field Championships,2026-05-14,,,0.8,Outdoor,https://www.tfrrs.org/results/94673/5999882/Big_12_Outdoor_Track__Field_Championships/100-Hurdles,TFRRS all_performances
386,"Joseph, Rachel",Iowa State,Big 12,400m,2026,SR-4,,,50.08,seconds,Big 12 Outdoor Track & Field Championships,2026-05-14,,,,Outdoor,https://www.tfrrs.org/results/94673/5999840/Big_12_Outdoor_Track__Field_Championships/400-Meters,TFRRS all_performances
387,"Joseph, Rachel",Iowa State,Big 12,400m,2026,SR-4,,,50.49,seconds,Big 12 Outdoor Track & Field Championships,2026-05-14,,,,Outdoor,https://www.tfrrs.org/results/94673/5999840/Big_12_Outdoor_Track__Field_Championships/400-Meters,TFRRS all_performances
388,"Denge-Hagen, Maia",Iowa State,Big 12,Long Jump,2026,SO-2,,,5.64,m,Big 12 Outdoor Track & Field Championships,2026-05-14,,,0.6,Outdoor,https://www.tfrrs.org/results/94673/5999886/Big_12_Outdoor_Track__Field_Championships/Long-Jump,TFRRS all_performances
389,"Denge-Hagen, Maia",Iowa State,Big 12,Long Jump,2026,SO-2,,,5.73,m,Big 12 Outdoor Track & Field Championships,2026-05-14,,,0.4,Outdoor,https://www.tfrrs.org/results/94673/5999886/Big_12_Outdoor_Track__Field_Championships/Long-Jump,TFRRS all_performances
390,"Denge-Hagen, Maia",Iowa State,Big 12,Long Jump,2026,SO-2,,,5.88,m,Big 12 Outdoor Track & Field Championships,2026-05-14,,,1.3,Outdoor,https://www.tfrrs.org/results/94673/5999886/Big_12_Outdoor_Track__Field_Championships/Long-Jump,TFRRS all_performances
391,"Laing, Amari",Iowa State,Big 12,Long Jump,2026,JR-3,,,5.30,m,Big 12 Outdoor Track & Field Championships,2026-05-14,,,-0.4,Outdoor,https://www.tfrrs.org/results/94673/5999871/Big_12_Outdoor_Track__Field_Championships/Long-Jump,TFRRS all_performances
392,"Laing, Amari",Iowa State,Big 12,Long Jump,2026,JR-3,,,5.48,m,Big 12 Outdoor Track & Field Championships,2026-05-14,,,-0.2,Outdoor,https://www.tfrrs.org/results/94673/5999871/Big_12_Outdoor_Track__Field_Championships/Long-Jump,TFRRS all_performances
393,"Laing, Amari",Iowa State,Big 12,Long Jump,2026,JR-3,,,5.49,m,Big 12 Outdoor Track & Field Championships,2026-05-14,,,-0.1,Outdoor,https://www.tfrrs.org/results/94673/5999871/Big_12_Outdoor_Track__Field_Championships/Long-Jump,TFRRS all_performances
394,"N'Douma-Mona, Zola",Iowa State,Big 12,Long Jump,2026,FR-1,,,5.59,m,Big 12 Outdoor Track & Field Championships,2026-05-14,,,0.6,Outdoor,https://www.tfrrs.org/results/94673/5999886/Big_12_Outdoor_Track__Field_Championships/Long-Jump,TFRRS all_performances
395,"Willits, Sydney",Iowa State,Big 12,Long Jump,2026,SR-4,,,5.88,m,Big 12 Outdoor Track & Field Championships,2026-05-14,,,-0.2,Outdoor,https://www.tfrrs.org/results/94673/5999871/Big_12_Outdoor_Track__Field_Championships/Long-Jump,TFRRS all_performances
396,"Willits, Sydney",Iowa State,Big 12,Long Jump,2026,SR-4,,,6.07,m,Big 12 Outdoor Track & Field Championships,2026-05-14,,,-0.2,Outdoor,https://www.tfrrs.org/results/94673/5999871/Big_12_Outdoor_Track__Field_Championships/Long-Jump,TFRRS all_performances
397,"Willits, Sydney",Iowa State,Big 12,Long Jump,2026,SR-4,,,6.10,m,Big 12 Outdoor Track & Field Championships,2026-05-14,,,-0.1,Outdoor,https://www.tfrrs.org/results/94673/5999871/Big_12_Outdoor_Track__Field_Championships/Long-Jump,TFRRS all_performances
398,"Willits, Sydney",Iowa State,Big 12,Long Jump,2026,SR-4,,,6.26,m,Big 12 Outdoor Track & Field Championships,2026-05-14,,,+0.0,Outdoor,https://www.tfrrs.org/results/94673/5999871/Big_12_Outdoor_Track__Field_Championships/Long-Jump,TFRRS all_performances
399,"Havighurst, Emma",Iowa State,Big 12,100H,2026,FR-1,,,13.54,seconds,NCAA Division I West First Rounds,2026-05-27,,,0.3,Outdoor,https://www.tfrrs.org/results/96717/6004603/NCAA_Division_I_West_First_Rounds/100-Hurdles,TFRRS all_performances
400,"N'Douma-Mona, Zola",Iowa State,Big 12,100H,2026,FR-1,,,13.53,seconds,NCAA Division I West First Rounds,2026-05-27,,,2.1,Outdoor,https://www.tfrrs.org/results/96717/6004603/NCAA_Division_I_West_First_Rounds/100-Hurdles,TFRRS all_performances
401,"Joseph, Rachel",Iowa State,Big 12,400m,2026,SR-4,,,50.25,seconds,NCAA Division I West First Rounds,2026-05-27,,,,Outdoor,https://www.tfrrs.org/results/96717/6004609/NCAA_Division_I_West_First_Rounds/400-Meters,TFRRS all_performances
402,"Joseph, Rachel",Iowa State,Big 12,400m,2026,SR-4,,,50.32,seconds,NCAA Division I West First Rounds,2026-05-27,,,,Outdoor,https://www.tfrrs.org/results/96717/6004609/NCAA_Division_I_West_First_Rounds/400-Meters,TFRRS all_performances
403,"Willits, Sydney",Iowa State,Big 12,Long Jump,2026,SR-4,,,6.17,m,NCAA Division I West First Rounds,2026-05-27,,,0.7,Outdoor,https://www.tfrrs.org/results/96717/6004604/NCAA_Division_I_West_First_Rounds/Long-Jump,TFRRS all_performances
404,"Willits, Sydney",Iowa State,Big 12,Long Jump,2026,SR-4,,,6.35,m,NCAA Division I West First Rounds,2026-05-27,,,-0.1,Outdoor,https://www.tfrrs.org/results/96717/6004604/NCAA_Division_I_West_First_Rounds/Long-Jump,TFRRS all_performances
405,"Joseph, Rachel",Iowa State,Big 12,400m,2026,SR-4,,,50.82,seconds,NCAA Division I Outdoor Track & Field Championships,2026-06-10,,,,Outdoor,https://www.tfrrs.org/results/96875/6005718/NCAA_Division_I_Outdoor_Track__Field_Championships/400-Meters,TFRRS all_performances
406,"Joseph, Rachel",Iowa State,Big 12,400m,2026,SR-4,,,50.97,seconds,NCAA Division I Outdoor Track & Field Championships,2026-06-10,,,,Outdoor,https://www.tfrrs.org/results/96875/6005718/NCAA_Division_I_Outdoor_Track__Field_Championships/400-Meters,TFRRS all_performances
407,"Willits, Sydney",Iowa State,Big 12,Long Jump,2026,SR-4,,,5.86,m,NCAA Division I Outdoor Track & Field Championships,2026-06-10,,,1.7,Outdoor,https://www.tfrrs.org/results/96875/6005690/NCAA_Division_I_Outdoor_Track__Field_Championships/Long-Jump,TFRRS all_performances
408,"Willits, Sydney",Iowa State,Big 12,Long Jump,2026,SR-4,,,6.08,m,NCAA Division I Outdoor Track & Field Championships,2026-06-10,,,1.2,Outdoor,https://www.tfrrs.org/results/96875/6005690/NCAA_Division_I_Outdoor_Track__Field_Championships/Long-Jump,TFRRS all_performances
409,"Camacho, Savanna",Texas Tech,Big 12,400H,2026,SO-2,,,1:04.04,seconds,ACU Wes Kittley Invite 2026,2026-03-20,,,,Outdoor,https://www.tfrrs.org/results/94512/5861531/ACU_Wes_Kittley_Invite_2026/400-Hurdles,TFRRS all_performances
410,"Kinsey, Brooklyn",Texas Tech,Big 12,400H,2026,FR-1,,,1:05.64,seconds,ACU Wes Kittley Invite 2026,2026-03-20,,,,Outdoor,https://www.tfrrs.org/results/94512/5861531/ACU_Wes_Kittley_Invite_2026/400-Hurdles,TFRRS all_performances
411,"Adkins, Symoria",Texas Tech,Big 12,100H,2026,JR-3,,,12.95,seconds,Masked Rider Open,2026-03-26,,,3.6,Outdoor,https://www.tfrrs.org/results/96010/5868296/Masked_Rider_Open/100-Hurdles,TFRRS all_performances
412,"Bouijoux, Auceane",Texas Tech,Big 12,100H,2026,SO-2,,,13.29,seconds,Masked Rider Open,2026-03-26,,,3.6,Outdoor,https://www.tfrrs.org/results/96010/5868296/Masked_Rider_Open/100-Hurdles,TFRRS all_performances
413,"Siirtola, Siiri",Texas Tech,Big 12,100H,2026,FR-1,,,13.42,seconds,Masked Rider Open,2026-03-26,,,3.6,Outdoor,https://www.tfrrs.org/results/96010/5868296/Masked_Rider_Open/100-Hurdles,TFRRS all_performances
414,"Balde, Vanessa",Texas Tech,Big 12,400H,2026,SR-4,,,55.71,seconds,Masked Rider Open,2026-03-26,,,,Outdoor,https://www.tfrrs.org/results/96010/5868306/Masked_Rider_Open/400-Hurdles,TFRRS all_performances
415,"Camacho, Savanna",Texas Tech,Big 12,400H,2026,SO-2,,,1:02.82,seconds,Masked Rider Open,2026-03-26,,,,Outdoor,https://www.tfrrs.org/results/96010/5868306/Masked_Rider_Open/400-Hurdles,TFRRS all_performances
416,"Ewusi, Lovina",Texas Tech,Big 12,400H,2026,JR-3,,,57.63,seconds,Masked Rider Open,2026-03-26,,,,Outdoor,https://www.tfrrs.org/results/96010/5868306/Masked_Rider_Open/400-Hurdles,TFRRS all_performances
417,"Kinsey, Brooklyn",Texas Tech,Big 12,400H,2026,FR-1,,,1:04.95,seconds,Masked Rider Open,2026-03-26,,,,Outdoor,https://www.tfrrs.org/results/96010/5868306/Masked_Rider_Open/400-Hurdles,TFRRS all_performances
418,"Robinson, Jailah",Texas Tech,Big 12,400m,2026,FR-1,,,56.64,seconds,Masked Rider Open,2026-03-26,,,,Outdoor,https://www.tfrrs.org/results/96010/5868304/Masked_Rider_Open/400-Meters,TFRRS all_performances
419,"Szlachta, Olga",Texas Tech,Big 12,Long Jump,2026,FR-1,,,5.87,m,Masked Rider Open,2026-03-26,,,3.1,Outdoor,https://www.tfrrs.org/results/96010/5868320/Masked_Rider_Open/Long-Jump,TFRRS all_performances
420,"Szlachta, Olga",Texas Tech,Big 12,Long Jump,2026,FR-1,,,5.99,m,Masked Rider Open,2026-03-26,,,2.7,Outdoor,https://www.tfrrs.org/results/96010/5868320/Masked_Rider_Open/Long-Jump,TFRRS all_performances
421,"Szlachta, Olga",Texas Tech,Big 12,Long Jump,2026,FR-1,,,6.01,m,Masked Rider Open,2026-03-26,,,4.0,Outdoor,https://www.tfrrs.org/results/96010/5868320/Masked_Rider_Open/Long-Jump,TFRRS all_performances
422,"Vodnyanszka, Renata",Texas Tech,Big 12,Long Jump,2026,FR-1,,,5.94,m,Masked Rider Open,2026-03-26,,,1.6,Outdoor,https://www.tfrrs.org/results/96010/5868320/Masked_Rider_Open/Long-Jump,TFRRS all_performances
423,"Vodnyanszka, Renata",Texas Tech,Big 12,Long Jump,2026,FR-1,,,5.95,m,Masked Rider Open,2026-03-26,,,2.8,Outdoor,https://www.tfrrs.org/results/96010/5868320/Masked_Rider_Open/Long-Jump,TFRRS all_performances
424,"Vodnyanszka, Renata",Texas Tech,Big 12,Long Jump,2026,FR-1,,,6.09,m,Masked Rider Open,2026-03-26,,,4.3,Outdoor,https://www.tfrrs.org/results/96010/5868320/Masked_Rider_Open/Long-Jump,TFRRS all_performances
425,"Adkins, Symoria",Texas Tech,Big 12,100H,2026,JR-3,,,12.99,seconds,2026 98th Clyde Littlefield Texas Relays (Univ/College),2026-04-01,,,3.4,Outdoor,https://www.tfrrs.org/results/94985/5911812/2026_98th_Clyde_Littlefield_Texas_Relays_Univ_College/100-Hurdles,TFRRS all_performances
426,"Adkins, Symoria",Texas Tech,Big 12,100H,2026,JR-3,,,13.00,seconds,2026 98th Clyde Littlefield Texas Relays (Univ/College),2026-04-01,,,0.4,Outdoor,https://www.tfrrs.org/results/94985/5911812/2026_98th_Clyde_Littlefield_Texas_Relays_Univ_College/100-Hurdles,TFRRS all_performances
427,"Bouijoux, Auceane",Texas Tech,Big 12,100H,2026,SO-2,,,13.34,seconds,2026 98th Clyde Littlefield Texas Relays (Univ/College),2026-04-01,,,3.4,Outdoor,https://www.tfrrs.org/results/94985/5911812/2026_98th_Clyde_Littlefield_Texas_Relays_Univ_College/100-Hurdles,TFRRS all_performances
428,"Siirtola, Siiri",Texas Tech,Big 12,100H,2026,FR-1,,,13.69,seconds,2026 98th Clyde Littlefield Texas Relays (Univ/College),2026-04-01,,,1.3,Outdoor,https://www.tfrrs.org/results/94985/5911812/2026_98th_Clyde_Littlefield_Texas_Relays_Univ_College/100-Hurdles,TFRRS all_performances
429,"Balde, Vanessa",Texas Tech,Big 12,400H,2026,SR-4,,,56.02,seconds,2026 98th Clyde Littlefield Texas Relays (Univ/College),2026-04-01,,,,Outdoor,https://www.tfrrs.org/results/94985/5911786/2026_98th_Clyde_Littlefield_Texas_Relays_Univ_College/400-Hurdles,TFRRS all_performances
430,"Balde, Vanessa",Texas Tech,Big 12,400H,2026,SR-4,,,57.53,seconds,2026 98th Clyde Littlefield Texas Relays (Univ/College),2026-04-01,,,,Outdoor,https://www.tfrrs.org/results/94985/5911786/2026_98th_Clyde_Littlefield_Texas_Relays_Univ_College/400-Hurdles,TFRRS all_performances
431,"Ewusi, Lovina",Texas Tech,Big 12,400H,2026,NA,,,57.15,seconds,2026 98th Clyde Littlefield Texas Relays (Univ/College),2026-04-01,,,,Outdoor,https://www.tfrrs.org/results/94985/5911786/2026_98th_Clyde_Littlefield_Texas_Relays_Univ_College/400-Hurdles,TFRRS all_performances
432,"Ewusi, Lovina",Texas Tech,Big 12,400H,2026,NA,,,57.91,seconds,2026 98th Clyde Littlefield Texas Relays (Univ/College),2026-04-01,,,,Outdoor,https://www.tfrrs.org/results/94985/5911786/2026_98th_Clyde_Littlefield_Texas_Relays_Univ_College/400-Hurdles,TFRRS all_performances
433,"Vodnyanszka, Renata",Texas Tech,Big 12,Long Jump,2026,FR-1,,,5.66,m,2026 98th Clyde Littlefield Texas Relays (Univ/College),2026-04-01,,,2.0,Outdoor,https://www.tfrrs.org/results/94985/5911835/2026_98th_Clyde_Littlefield_Texas_Relays_Univ_College/Long-Jump,TFRRS all_performances
434,"Vodnyanszka, Renata",Texas Tech,Big 12,Long Jump,2026,FR-1,,,5.81,m,2026 98th Clyde Littlefield Texas Relays (Univ/College),2026-04-01,,,3.6,Outdoor,https://www.tfrrs.org/results/94985/5911835/2026_98th_Clyde_Littlefield_Texas_Relays_Univ_College/Long-Jump,TFRRS all_performances
435,"Vodnyanszka, Renata",Texas Tech,Big 12,Long Jump,2026,FR-1,,,5.91,m,2026 98th Clyde Littlefield Texas Relays (Univ/College),2026-04-01,,,2.2,Outdoor,https://www.tfrrs.org/results/94985/5911835/2026_98th_Clyde_Littlefield_Texas_Relays_Univ_College/Long-Jump,TFRRS all_performances
436,"Washington, Tamiah",Texas Tech,Big 12,Long Jump,2026,JR-3,,,6.21,m,2026 98th Clyde Littlefield Texas Relays (Univ/College),2026-04-01,,,2.2,Outdoor,https://www.tfrrs.org/results/94985/5911835/2026_98th_Clyde_Littlefield_Texas_Relays_Univ_College/Long-Jump,TFRRS all_performances
437,"Washington, Tamiah",Texas Tech,Big 12,Long Jump,2026,JR-3,,,6.23,m,2026 98th Clyde Littlefield Texas Relays (Univ/College),2026-04-01,,,3.1,Outdoor,https://www.tfrrs.org/results/94985/5911835/2026_98th_Clyde_Littlefield_Texas_Relays_Univ_College/Long-Jump,TFRRS all_performances
438,"Washington, Tamiah",Texas Tech,Big 12,Long Jump,2026,JR-3,,,6.27,m,2026 98th Clyde Littlefield Texas Relays (Univ/College),2026-04-01,,,2.1,Outdoor,https://www.tfrrs.org/results/94985/5911835/2026_98th_Clyde_Littlefield_Texas_Relays_Univ_College/Long-Jump,TFRRS all_performances
439,"Washington, Tamiah",Texas Tech,Big 12,Long Jump,2026,JR-3,,,6.30,m,2026 98th Clyde Littlefield Texas Relays (Univ/College),2026-04-01,,,2.5,Outdoor,https://www.tfrrs.org/results/94985/5911835/2026_98th_Clyde_Littlefield_Texas_Relays_Univ_College/Long-Jump,TFRRS all_performances
440,"Washington, Tamiah",Texas Tech,Big 12,Long Jump,2026,JR-3,,,6.38,m,2026 98th Clyde Littlefield Texas Relays (Univ/College),2026-04-01,,,2.9,Outdoor,https://www.tfrrs.org/results/94985/5911835/2026_98th_Clyde_Littlefield_Texas_Relays_Univ_College/Long-Jump,TFRRS all_performances
441,"Oshiokpu, Grace",Texas Tech,Big 12,Long Jump,2026,JR-3,,,5.73,m,66th Annual Mt. SAC Relays,2026-04-15,,,0.9,Outdoor,https://www.tfrrs.org/results/95455/5966569/66th_Annual_Mt_SAC_Relays/Long-Jump,TFRRS all_performances
442,"Oshiokpu, Grace",Texas Tech,Big 12,Long Jump,2026,JR-3,,,5.96,m,66th Annual Mt. SAC Relays,2026-04-15,,,1.3,Outdoor,https://www.tfrrs.org/results/95455/5966569/66th_Annual_Mt_SAC_Relays/Long-Jump,TFRRS all_performances
443,"Oshiokpu, Grace",Texas Tech,Big 12,Long Jump,2026,JR-3,,,5.97,m,66th Annual Mt. SAC Relays,2026-04-15,,,+0.0,Outdoor,https://www.tfrrs.org/results/95455/5966569/66th_Annual_Mt_SAC_Relays/Long-Jump,TFRRS all_performances
444,"Szlachta, Olga",Texas Tech,Big 12,Long Jump,2026,FR-1,,,5.72,m,66th Annual Mt. SAC Relays,2026-04-15,,,0.7,Outdoor,https://www.tfrrs.org/results/95455/5966569/66th_Annual_Mt_SAC_Relays/Long-Jump,TFRRS all_performances
445,"Szlachta, Olga",Texas Tech,Big 12,Long Jump,2026,FR-1,,,5.73,m,66th Annual Mt. SAC Relays,2026-04-15,,,0.7,Outdoor,https://www.tfrrs.org/results/95455/5966569/66th_Annual_Mt_SAC_Relays/Long-Jump,TFRRS all_performances
446,"Szlachta, Olga",Texas Tech,Big 12,Long Jump,2026,FR-1,,,5.88,m,66th Annual Mt. SAC Relays,2026-04-15,,,+0.0,Outdoor,https://www.tfrrs.org/results/95455/5966569/66th_Annual_Mt_SAC_Relays/Long-Jump,TFRRS all_performances
447,"Szlachta, Olga",Texas Tech,Big 12,Long Jump,2026,FR-1,,,6.04,m,66th Annual Mt. SAC Relays,2026-04-15,,,3.2,Outdoor,https://www.tfrrs.org/results/95455/5966569/66th_Annual_Mt_SAC_Relays/Long-Jump,TFRRS all_performances
448,"Vodnyanszka, Renata",Texas Tech,Big 12,Long Jump,2026,FR-1,,,5.89,m,66th Annual Mt. SAC Relays,2026-04-15,,,1.3,Outdoor,https://www.tfrrs.org/results/95455/5966569/66th_Annual_Mt_SAC_Relays/Long-Jump,TFRRS all_performances
449,"Vodnyanszka, Renata",Texas Tech,Big 12,Long Jump,2026,FR-1,,,5.93,m,66th Annual Mt. SAC Relays,2026-04-15,,,0.8,Outdoor,https://www.tfrrs.org/results/95455/5966569/66th_Annual_Mt_SAC_Relays/Long-Jump,TFRRS all_performances
450,"Vodnyanszka, Renata",Texas Tech,Big 12,Long Jump,2026,FR-1,,,5.97,m,66th Annual Mt. SAC Relays,2026-04-15,,,0.9,Outdoor,https://www.tfrrs.org/results/95455/5966569/66th_Annual_Mt_SAC_Relays/Long-Jump,TFRRS all_performances
451,"Vodnyanszka, Renata",Texas Tech,Big 12,Long Jump,2026,FR-1,,,5.98,m,66th Annual Mt. SAC Relays,2026-04-15,,,0.6,Outdoor,https://www.tfrrs.org/results/95455/5966569/66th_Annual_Mt_SAC_Relays/Long-Jump,TFRRS all_performances
452,"Vodnyanszka, Renata",Texas Tech,Big 12,Long Jump,2026,FR-1,,,6.08,m,66th Annual Mt. SAC Relays,2026-04-15,,,2.1,Outdoor,https://www.tfrrs.org/results/95455/5966569/66th_Annual_Mt_SAC_Relays/Long-Jump,TFRRS all_performances
453,"Washington, Tamiah",Texas Tech,Big 12,Long Jump,2026,JR-3,,,6.23,m,66th Annual Mt. SAC Relays,2026-04-15,,,2.5,Outdoor,https://www.tfrrs.org/results/95455/5966569/66th_Annual_Mt_SAC_Relays/Long-Jump,TFRRS all_performances
454,"Washington, Tamiah",Texas Tech,Big 12,Long Jump,2026,JR-3,,,6.28,m,66th Annual Mt. SAC Relays,2026-04-15,,,0.8,Outdoor,https://www.tfrrs.org/results/95455/5966569/66th_Annual_Mt_SAC_Relays/Long-Jump,TFRRS all_performances
455,"Washington, Tamiah",Texas Tech,Big 12,Long Jump,2026,JR-3,,,6.33,m,66th Annual Mt. SAC Relays,2026-04-15,,,+0.0,Outdoor,https://www.tfrrs.org/results/95455/5966569/66th_Annual_Mt_SAC_Relays/Long-Jump,TFRRS all_performances
456,"Adkins, Symoria",Texas Tech,Big 12,100H,2026,JR-3,,,13.24,seconds,Tom Jones Memorial,2026-04-16,,,-1.0,Outdoor,https://www.tfrrs.org/results/96536/5940546/Tom_Jones_Memorial/100-Hurdles,TFRRS all_performances
457,"Bouijoux, Auceane",Texas Tech,Big 12,100H,2026,SO-2,,,13.42,seconds,Tom Jones Memorial,2026-04-16,,,3.0,Outdoor,https://www.tfrrs.org/results/96536/5940546/Tom_Jones_Memorial/100-Hurdles,TFRRS all_performances
458,"Forbes, Tonie-Ann",Texas Tech,Big 12,100H,2026,JR-3,,,13.11,seconds,Tom Jones Memorial,2026-04-16,,,-0.8,Outdoor,https://www.tfrrs.org/results/96536/5940546/Tom_Jones_Memorial/100-Hurdles,TFRRS all_performances
459,Siiri Sirtola,Texas Tech,Big 12,100H,2026,FR-1,,,13.60,seconds,Tom Jones Memorial,2026-04-16,,,0.4,Outdoor,https://www.tfrrs.org/results/96536/5940545/Tom_Jones_Memorial/100-Hurdles,TFRRS all_performances
460,"Balde, Vanessa",Texas Tech,Big 12,400H,2026,SR-4,,,56.79,seconds,Tom Jones Memorial,2026-04-16,,,,Outdoor,https://www.tfrrs.org/results/96536/5940569/Tom_Jones_Memorial/400-Hurdles,TFRRS all_performances
461,"Ewusi, Lovina",Texas Tech,Big 12,400H,2026,JR-3,,,56.41,seconds,Tom Jones Memorial,2026-04-16,,,,Outdoor,https://www.tfrrs.org/results/96536/5940569/Tom_Jones_Memorial/400-Hurdles,TFRRS all_performances
462,"Farrington, Collinique",Texas Tech,Big 12,400m,2026,SR-4,,,52.80,seconds,Tom Jones Memorial,2026-04-16,,,,Outdoor,https://www.tfrrs.org/results/96536/5940563/Tom_Jones_Memorial/400-Meters,TFRRS all_performances
463,"Kelley, Mekenze",Texas Tech,Big 12,400m,2026,SR-4,,,53.53,seconds,Tom Jones Memorial,2026-04-16,,,,Outdoor,https://www.tfrrs.org/results/96536/5940563/Tom_Jones_Memorial/400-Meters,TFRRS all_performances
464,"Omli, Harli",Texas Tech,Big 12,400m,2026,FR-1,,,56.97,seconds,Tom Jones Memorial,2026-04-16,,,,Outdoor,https://www.tfrrs.org/results/96536/5940561/Tom_Jones_Memorial/400-Meters,TFRRS all_performances
465,"Adkins, Symoria",Texas Tech,Big 12,100H,2026,JR-3,,,12.99,seconds,Michael Johnson Invitational,2026-04-24,,,0.9,Outdoor,https://www.tfrrs.org/results/92814/5961962/Michael_Johnson_Invitational/100-Hurdles,TFRRS all_performances
466,"Forbes, Tonie-Ann",Texas Tech,Big 12,100H,2026,JR-3,,,12.95,seconds,Michael Johnson Invitational,2026-04-24,,,2.4,Outdoor,https://www.tfrrs.org/results/92814/5961962/Michael_Johnson_Invitational/100-Hurdles,TFRRS all_performances
467,"Forbes, Tonie-Ann",Texas Tech,Big 12,100H,2026,JR-3,,,13.35,seconds,Michael Johnson Invitational,2026-04-24,,,0.9,Outdoor,https://www.tfrrs.org/results/92814/5961962/Michael_Johnson_Invitational/100-Hurdles,TFRRS all_performances
468,"Camacho, Savanna",Texas Tech,Big 12,400H,2026,SO-2,,,1:03.83,seconds,Michael Johnson Invitational,2026-04-24,,,,Outdoor,https://www.tfrrs.org/results/92814/5961972/Michael_Johnson_Invitational/400-Hurdles,TFRRS all_performances
469,"Kinsey, Brooklyn",Texas Tech,Big 12,400H,2026,FR-1,,,1:07.47,seconds,Michael Johnson Invitational,2026-04-24,,,,Outdoor,https://www.tfrrs.org/results/92814/5961972/Michael_Johnson_Invitational/400-Hurdles,TFRRS all_performances
470,"Robinson, Jailah",Texas Tech,Big 12,400m,2026,FR-1,,,55.55,seconds,Michael Johnson Invitational,2026-04-24,,,,Outdoor,https://www.tfrrs.org/results/92814/5961970/Michael_Johnson_Invitational/400-Meters,TFRRS all_performances
471,"Bouijoux, Auceane",Texas Tech,Big 12,100H,2026,SO-2,,,13.59,seconds,Corky/Crofoot Shootout,2026-04-30,,,-0.3,Outdoor,https://www.tfrrs.org/results/96729/5971259/Corky_Crofoot_Shootout/100-Hurdles,TFRRS all_performances
472,"Forbes, Tonie-Ann",Texas Tech,Big 12,100H,2026,JR-3,,,13.11,seconds,Corky/Crofoot Shootout,2026-04-30,,,-0.3,Outdoor,https://www.tfrrs.org/results/96729/5971259/Corky_Crofoot_Shootout/100-Hurdles,TFRRS all_performances
473,"Siirtola, Siiri",Texas Tech,Big 12,100H,2026,FR-1,,,13.58,seconds,Corky/Crofoot Shootout,2026-04-30,,,-0.3,Outdoor,https://www.tfrrs.org/results/96729/5971259/Corky_Crofoot_Shootout/100-Hurdles,TFRRS all_performances
474,"Camacho, Savanna",Texas Tech,Big 12,400H,2026,SO-2,,,1:04.50,seconds,Corky/Crofoot Shootout,2026-04-30,,,,Outdoor,https://www.tfrrs.org/results/96729/5971269/Corky_Crofoot_Shootout/400-Hurdles,TFRRS all_performances
475,"Ewusi, Lovina",Texas Tech,Big 12,400H,2026,JR-3,,,57.97,seconds,Corky/Crofoot Shootout,2026-04-30,,,,Outdoor,https://www.tfrrs.org/results/96729/5971269/Corky_Crofoot_Shootout/400-Hurdles,TFRRS all_performances
476,"Harris, Magi",Texas Tech,Big 12,400H,2026,SR-4,,,1:03.09,seconds,Corky/Crofoot Shootout,2026-04-30,,,,Outdoor,https://www.tfrrs.org/results/96729/5971269/Corky_Crofoot_Shootout/400-Hurdles,TFRRS all_performances
477,"Kinsey, Brooklyn",Texas Tech,Big 12,400H,2026,FR-1,,,1:05.42,seconds,Corky/Crofoot Shootout,2026-04-30,,,,Outdoor,https://www.tfrrs.org/results/96729/5971269/Corky_Crofoot_Shootout/400-Hurdles,TFRRS all_performances
478,"Arendt, Fanny",Texas Tech,Big 12,400m,2026,SR-4,,,53.36,seconds,Corky/Crofoot Shootout,2026-04-30,,,,Outdoor,https://www.tfrrs.org/results/96729/5971267/Corky_Crofoot_Shootout/400-Meters,TFRRS all_performances
479,"Balde, Vanessa",Texas Tech,Big 12,400m,2026,SR-4,,,53.13,seconds,Corky/Crofoot Shootout,2026-04-30,,,,Outdoor,https://www.tfrrs.org/results/96729/5971267/Corky_Crofoot_Shootout/400-Meters,TFRRS all_performances
480,"Umoibang, Mercy",Texas Tech,Big 12,400m,2026,SR-4,,,56.34,seconds,Corky/Crofoot Shootout,2026-04-30,,,,Outdoor,https://www.tfrrs.org/results/96729/5971267/Corky_Crofoot_Shootout/400-Meters,TFRRS all_performances
481,"Vodnyanszka, Renata",Texas Tech,Big 12,Long Jump,2026,FR-1,,,4.21,m,Corky/Crofoot Shootout,2026-04-30,,,0.2,Outdoor,https://www.tfrrs.org/results/96729/5971283/Corky_Crofoot_Shootout/Long-Jump,TFRRS all_performances
482,"Vodnyanszka, Renata",Texas Tech,Big 12,Long Jump,2026,FR-1,,,5.92,m,Corky/Crofoot Shootout,2026-04-30,,,+0.0,Outdoor,https://www.tfrrs.org/results/96729/5971283/Corky_Crofoot_Shootout/Long-Jump,TFRRS all_performances
483,"Vodnyanszka, Renata",Texas Tech,Big 12,Long Jump,2026,FR-1,,,6.13,m,Corky/Crofoot Shootout,2026-04-30,,,0.1,Outdoor,https://www.tfrrs.org/results/96729/5971283/Corky_Crofoot_Shootout/Long-Jump,TFRRS all_performances
484,"Vodnyanszka, Renata",Texas Tech,Big 12,Long Jump,2026,FR-1,,,6.16,m,Corky/Crofoot Shootout,2026-04-30,,,1.3,Outdoor,https://www.tfrrs.org/results/96729/5971283/Corky_Crofoot_Shootout/Long-Jump,TFRRS all_performances
485,"Adkins, Symoria",Texas Tech,Big 12,100H,2026,JR-3,,,13.03,seconds,Big 12 Outdoor Track & Field Championships,2026-05-14,,,1.0,Outdoor,https://www.tfrrs.org/results/94673/5999867/Big_12_Outdoor_Track__Field_Championships/100-Hurdles,TFRRS all_performances
486,"Adkins, Symoria",Texas Tech,Big 12,100H,2026,JR-3,,,13.03,seconds,Big 12 Outdoor Track & Field Championships,2026-05-14,,,2.6,Outdoor,https://www.tfrrs.org/results/94673/5999867/Big_12_Outdoor_Track__Field_Championships/100-Hurdles,TFRRS all_performances
487,"Bouijoux, Auceane",Texas Tech,Big 12,100H,2026,SO-2,,,13.32,seconds,Big 12 Outdoor Track & Field Championships,2026-05-14,,,0.7,Outdoor,https://www.tfrrs.org/results/94673/5999867/Big_12_Outdoor_Track__Field_Championships/100-Hurdles,TFRRS all_performances
488,"Bouijoux, Auceane",Texas Tech,Big 12,100H,2026,SO-2,,,13.38,seconds,Big 12 Outdoor Track & Field Championships,2026-05-14,,,2.6,Outdoor,https://www.tfrrs.org/results/94673/5999867/Big_12_Outdoor_Track__Field_Championships/100-Hurdles,TFRRS all_performances
489,"Forbes, Tonie-Ann",Texas Tech,Big 12,100H,2026,JR-3,,,12.75,seconds,Big 12 Outdoor Track & Field Championships,2026-05-14,,,2.6,Outdoor,https://www.tfrrs.org/results/94673/5999867/Big_12_Outdoor_Track__Field_Championships/100-Hurdles,TFRRS all_performances
490,"Forbes, Tonie-Ann",Texas Tech,Big 12,100H,2026,JR-3,,,12.97,seconds,Big 12 Outdoor Track & Field Championships,2026-05-14,,,0.6,Outdoor,https://www.tfrrs.org/results/94673/5999867/Big_12_Outdoor_Track__Field_Championships/100-Hurdles,TFRRS all_performances
491,"Siirtola, Siiri",Texas Tech,Big 12,100H,2026,FR-1,,,13.52,seconds,Big 12 Outdoor Track & Field Championships,2026-05-14,,,0.7,Outdoor,https://www.tfrrs.org/results/94673/5999867/Big_12_Outdoor_Track__Field_Championships/100-Hurdles,TFRRS all_performances
492,"Balde, Vanessa",Texas Tech,Big 12,400H,2026,SR-4,,,55.39,seconds,Big 12 Outdoor Track & Field Championships,2026-05-14,,,,Outdoor,https://www.tfrrs.org/results/94673/5999866/Big_12_Outdoor_Track__Field_Championships/400-Hurdles,TFRRS all_performances
493,"Balde, Vanessa",Texas Tech,Big 12,400H,2026,SR-4,,,56.82,seconds,Big 12 Outdoor Track & Field Championships,2026-05-14,,,,Outdoor,https://www.tfrrs.org/results/94673/5999866/Big_12_Outdoor_Track__Field_Championships/400-Hurdles,TFRRS all_performances
494,"Camacho, Savanna",Texas Tech,Big 12,400H,2026,SO-2,,,1:04.28,seconds,Big 12 Outdoor Track & Field Championships,2026-05-14,,,,Outdoor,https://www.tfrrs.org/results/94673/5999866/Big_12_Outdoor_Track__Field_Championships/400-Hurdles,TFRRS all_performances
495,"Ewusi, Lovina",Texas Tech,Big 12,400H,2026,JR-3,,,55.75,seconds,Big 12 Outdoor Track & Field Championships,2026-05-14,,,,Outdoor,https://www.tfrrs.org/results/94673/5999866/Big_12_Outdoor_Track__Field_Championships/400-Hurdles,TFRRS all_performances
496,"Ewusi, Lovina",Texas Tech,Big 12,400H,2026,JR-3,,,56.66,seconds,Big 12 Outdoor Track & Field Championships,2026-05-14,,,,Outdoor,https://www.tfrrs.org/results/94673/5999866/Big_12_Outdoor_Track__Field_Championships/400-Hurdles,TFRRS all_performances
497,"Harris, Magi",Texas Tech,Big 12,400H,2026,SR-4,,,1:01.05,seconds,Big 12 Outdoor Track & Field Championships,2026-05-14,,,,Outdoor,https://www.tfrrs.org/results/94673/5999866/Big_12_Outdoor_Track__Field_Championships/400-Hurdles,TFRRS all_performances
498,"Farrington, Collinique",Texas Tech,Big 12,400m,2026,SR-4,,,51.85,seconds,Big 12 Outdoor Track & Field Championships,2026-05-14,,,,Outdoor,https://www.tfrrs.org/results/94673/5999840/Big_12_Outdoor_Track__Field_Championships/400-Meters,TFRRS all_performances
499,"Farrington, Collinique",Texas Tech,Big 12,400m,2026,SR-4,,,51.99,seconds,Big 12 Outdoor Track & Field Championships,2026-05-14,,,,Outdoor,https://www.tfrrs.org/results/94673/5999840/Big_12_Outdoor_Track__Field_Championships/400-Meters,TFRRS all_performances
500,"Kelley, Mekenze",Texas Tech,Big 12,400m,2026,SR-4,,,52.17,seconds,Big 12 Outdoor Track & Field Championships,2026-05-14,,,,Outdoor,https://www.tfrrs.org/results/94673/5999840/Big_12_Outdoor_Track__Field_Championships/400-Meters,TFRRS all_performances
501,"Kelley, Mekenze",Texas Tech,Big 12,400m,2026,SR-4,,,52.35,seconds,Big 12 Outdoor Track & Field Championships,2026-05-14,,,,Outdoor,https://www.tfrrs.org/results/94673/5999840/Big_12_Outdoor_Track__Field_Championships/400-Meters,TFRRS all_performances
502,"Robinson, Jailah",Texas Tech,Big 12,400m,2026,FR-1,,,54.72,seconds,Big 12 Outdoor Track & Field Championships,2026-05-14,,,,Outdoor,https://www.tfrrs.org/results/94673/5999840/Big_12_Outdoor_Track__Field_Championships/400-Meters,TFRRS all_performances
503,"Oshiokpu, Grace",Texas Tech,Big 12,Long Jump,2026,JR-3,,,5.68,m,Big 12 Outdoor Track & Field Championships,2026-05-14,,,-0.3,Outdoor,https://www.tfrrs.org/results/94673/5999871/Big_12_Outdoor_Track__Field_Championships/Long-Jump,TFRRS all_performances
504,"Oshiokpu, Grace",Texas Tech,Big 12,Long Jump,2026,JR-3,,,5.80,m,Big 12 Outdoor Track & Field Championships,2026-05-14,,,0.2,Outdoor,https://www.tfrrs.org/results/94673/5999871/Big_12_Outdoor_Track__Field_Championships/Long-Jump,TFRRS all_performances
505,"Oshiokpu, Grace",Texas Tech,Big 12,Long Jump,2026,JR-3,,,5.88,m,Big 12 Outdoor Track & Field Championships,2026-05-14,,,0.4,Outdoor,https://www.tfrrs.org/results/94673/5999871/Big_12_Outdoor_Track__Field_Championships/Long-Jump,TFRRS all_performances
506,"Oshiokpu, Grace",Texas Tech,Big 12,Long Jump,2026,JR-3,,,6.15,m,Big 12 Outdoor Track & Field Championships,2026-05-14,,,1.0,Outdoor,https://www.tfrrs.org/results/94673/5999871/Big_12_Outdoor_Track__Field_Championships/Long-Jump,TFRRS all_performances
507,"Oshiokpu, Grace",Texas Tech,Big 12,Long Jump,2026,JR-3,,,6.16,m,Big 12 Outdoor Track & Field Championships,2026-05-14,,,0.4,Outdoor,https://www.tfrrs.org/results/94673/5999871/Big_12_Outdoor_Track__Field_Championships/Long-Jump,TFRRS all_performances
508,"Szlachta, Olga",Texas Tech,Big 12,Long Jump,2026,FR-1,,,5.80,m,Big 12 Outdoor Track & Field Championships,2026-05-14,,,+0.0,Outdoor,https://www.tfrrs.org/results/94673/5999871/Big_12_Outdoor_Track__Field_Championships/Long-Jump,TFRRS all_performances
509,"Szlachta, Olga",Texas Tech,Big 12,Long Jump,2026,FR-1,,,6.14,m,Big 12 Outdoor Track & Field Championships,2026-05-14,,,0.2,Outdoor,https://www.tfrrs.org/results/94673/5999871/Big_12_Outdoor_Track__Field_Championships/Long-Jump,TFRRS all_performances
510,"Szlachta, Olga",Texas Tech,Big 12,Long Jump,2026,FR-1,,,6.21,m,Big 12 Outdoor Track & Field Championships,2026-05-14,,,0.6,Outdoor,https://www.tfrrs.org/results/94673/5999871/Big_12_Outdoor_Track__Field_Championships/Long-Jump,TFRRS all_performances
511,"Vodnyanszka, Renata",Texas Tech,Big 12,Long Jump,2026,FR-1,,,5.77,m,Big 12 Outdoor Track & Field Championships,2026-05-14,,,0.4,Outdoor,https://www.tfrrs.org/results/94673/5999871/Big_12_Outdoor_Track__Field_Championships/Long-Jump,TFRRS all_performances
512,"Vodnyanszka, Renata",Texas Tech,Big 12,Long Jump,2026,FR-1,,,5.80,m,Big 12 Outdoor Track & Field Championships,2026-05-14,,,+0.0,Outdoor,https://www.tfrrs.org/results/94673/5999871/Big_12_Outdoor_Track__Field_Championships/Long-Jump,TFRRS all_performances
513,"Vodnyanszka, Renata",Texas Tech,Big 12,Long Jump,2026,FR-1,,,6.06,m,Big 12 Outdoor Track & Field Championships,2026-05-14,,,-0.1,Outdoor,https://www.tfrrs.org/results/94673/5999871/Big_12_Outdoor_Track__Field_Championships/Long-Jump,TFRRS all_performances
514,"Washington, Tamiah",Texas Tech,Big 12,Long Jump,2026,JR-3,,,5.79,m,Big 12 Outdoor Track & Field Championships,2026-05-14,,,0.2,Outdoor,https://www.tfrrs.org/results/94673/5999871/Big_12_Outdoor_Track__Field_Championships/Long-Jump,TFRRS all_performances
515,"Washington, Tamiah",Texas Tech,Big 12,Long Jump,2026,JR-3,,,5.95,m,Big 12 Outdoor Track & Field Championships,2026-05-14,,,-0.1,Outdoor,https://www.tfrrs.org/results/94673/5999871/Big_12_Outdoor_Track__Field_Championships/Long-Jump,TFRRS all_performances
516,"Washington, Tamiah",Texas Tech,Big 12,Long Jump,2026,JR-3,,,6.17,m,Big 12 Outdoor Track & Field Championships,2026-05-14,,,0.2,Outdoor,https://www.tfrrs.org/results/94673/5999871/Big_12_Outdoor_Track__Field_Championships/Long-Jump,TFRRS all_performances
517,"Washington, Tamiah",Texas Tech,Big 12,Long Jump,2026,JR-3,,,6.23,m,Big 12 Outdoor Track & Field Championships,2026-05-14,,,+0.0,Outdoor,https://www.tfrrs.org/results/94673/5999871/Big_12_Outdoor_Track__Field_Championships/Long-Jump,TFRRS all_performances
518,"Washington, Tamiah",Texas Tech,Big 12,Long Jump,2026,JR-3,,,6.25,m,Big 12 Outdoor Track & Field Championships,2026-05-14,,,-0.2,Outdoor,https://www.tfrrs.org/results/94673/5999871/Big_12_Outdoor_Track__Field_Championships/Long-Jump,TFRRS all_performances
519,"Adkins, Symoria",Texas Tech,Big 12,100H,2026,JR-3,,,12.80,seconds,NCAA Division I West First Rounds,2026-05-27,,,1.8,Outdoor,https://www.tfrrs.org/results/96717/6004603/NCAA_Division_I_West_First_Rounds/100-Hurdles,TFRRS all_performances
520,"Adkins, Symoria",Texas Tech,Big 12,100H,2026,JR-3,,,12.82,seconds,NCAA Division I West First Rounds,2026-05-27,,,2.7,Outdoor,https://www.tfrrs.org/results/96717/6004603/NCAA_Division_I_West_First_Rounds/100-Hurdles,TFRRS all_performances
521,"Bouijoux, Auceane",Texas Tech,Big 12,100H,2026,SO-2,,,13.39,seconds,NCAA Division I West First Rounds,2026-05-27,,,0.7,Outdoor,https://www.tfrrs.org/results/96717/6004603/NCAA_Division_I_West_First_Rounds/100-Hurdles,TFRRS all_performances
522,"Bouijoux, Auceane",Texas Tech,Big 12,100H,2026,SO-2,,,13.86,seconds,NCAA Division I West First Rounds,2026-05-27,,,1.8,Outdoor,https://www.tfrrs.org/results/96717/6004603/NCAA_Division_I_West_First_Rounds/100-Hurdles,TFRRS all_performances
523,"Forbes, Tonie-Ann",Texas Tech,Big 12,100H,2026,JR-3,,,12.92,seconds,NCAA Division I West First Rounds,2026-05-27,,,1.8,Outdoor,https://www.tfrrs.org/results/96717/6004603/NCAA_Division_I_West_First_Rounds/100-Hurdles,TFRRS all_performances
524,"Forbes, Tonie-Ann",Texas Tech,Big 12,100H,2026,JR-3,,,13.23,seconds,NCAA Division I West First Rounds,2026-05-27,,,1.2,Outdoor,https://www.tfrrs.org/results/96717/6004603/NCAA_Division_I_West_First_Rounds/100-Hurdles,TFRRS all_performances
525,"Siirtola, Siiri",Texas Tech,Big 12,100H,2026,FR-1,,,13.47,seconds,NCAA Division I West First Rounds,2026-05-27,,,0.7,Outdoor,https://www.tfrrs.org/results/96717/6004603/NCAA_Division_I_West_First_Rounds/100-Hurdles,TFRRS all_performances
526,"Balde, Vanessa",Texas Tech,Big 12,400H,2026,SR-4,,,55.77,seconds,NCAA Division I West First Rounds,2026-05-27,,,,Outdoor,https://www.tfrrs.org/results/96717/6004602/NCAA_Division_I_West_First_Rounds/400-Hurdles,TFRRS all_performances
527,"Balde, Vanessa",Texas Tech,Big 12,400H,2026,SR-4,,,56.52,seconds,NCAA Division I West First Rounds,2026-05-27,,,,Outdoor,https://www.tfrrs.org/results/96717/6004602/NCAA_Division_I_West_First_Rounds/400-Hurdles,TFRRS all_performances
528,"Ewusi, Lovina",Texas Tech,Big 12,400H,2026,JR-3,,,55.98,seconds,NCAA Division I West First Rounds,2026-05-27,,,,Outdoor,https://www.tfrrs.org/results/96717/6004602/NCAA_Division_I_West_First_Rounds/400-Hurdles,TFRRS all_performances
529,"Ewusi, Lovina",Texas Tech,Big 12,400H,2026,JR-3,,,57.61,seconds,NCAA Division I West First Rounds,2026-05-27,,,,Outdoor,https://www.tfrrs.org/results/96717/6004602/NCAA_Division_I_West_First_Rounds/400-Hurdles,TFRRS all_performances
530,"Farrington, Collinique",Texas Tech,Big 12,400m,2026,SR-4,,,51.89,seconds,NCAA Division I West First Rounds,2026-05-27,,,,Outdoor,https://www.tfrrs.org/results/96717/6004609/NCAA_Division_I_West_First_Rounds/400-Meters,TFRRS all_performances
531,"Farrington, Collinique",Texas Tech,Big 12,400m,2026,SR-4,,,52.30,seconds,NCAA Division I West First Rounds,2026-05-27,,,,Outdoor,https://www.tfrrs.org/results/96717/6004609/NCAA_Division_I_West_First_Rounds/400-Meters,TFRRS all_performances
532,"Kelley, Mekenze",Texas Tech,Big 12,400m,2026,SR-4,,,52.69,seconds,NCAA Division I West First Rounds,2026-05-27,,,,Outdoor,https://www.tfrrs.org/results/96717/6004609/NCAA_Division_I_West_First_Rounds/400-Meters,TFRRS all_performances
533,"Washington, Tamiah",Texas Tech,Big 12,Long Jump,2026,JR-3,,,6.30,m,NCAA Division I West First Rounds,2026-05-27,,,0.5,Outdoor,https://www.tfrrs.org/results/96717/6004604/NCAA_Division_I_West_First_Rounds/Long-Jump,TFRRS all_performances
534,"Washington, Tamiah",Texas Tech,Big 12,Long Jump,2026,JR-3,,,6.33,m,NCAA Division I West First Rounds,2026-05-27,,,1.6,Outdoor,https://www.tfrrs.org/results/96717/6004604/NCAA_Division_I_West_First_Rounds/Long-Jump,TFRRS all_performances
535,"Adkins, Symoria",Texas Tech,Big 12,100H,2026,JR-3,,,12.82,seconds,NCAA Division I Outdoor Track & Field Championships,2026-06-10,,,1.2,Outdoor,https://www.tfrrs.org/results/96875/6005713/NCAA_Division_I_Outdoor_Track__Field_Championships/100-Hurdles,TFRRS all_performances
536,"Adkins, Symoria",Texas Tech,Big 12,100H,2026,JR-3,,,12.84,seconds,NCAA Division I Outdoor Track & Field Championships,2026-06-10,,,1.5,Outdoor,https://www.tfrrs.org/results/96875/6005713/NCAA_Division_I_Outdoor_Track__Field_Championships/100-Hurdles,TFRRS all_performances
537,"Forbes, Tonie-Ann",Texas Tech,Big 12,100H,2026,JR-3,,,12.80,seconds,NCAA Division I Outdoor Track & Field Championships,2026-06-10,,,1.2,Outdoor,https://www.tfrrs.org/results/96875/6005713/NCAA_Division_I_Outdoor_Track__Field_Championships/100-Hurdles,TFRRS all_performances
538,"Forbes, Tonie-Ann",Texas Tech,Big 12,100H,2026,JR-3,,,12.86,seconds,NCAA Division I Outdoor Track & Field Championships,2026-06-10,,,1.2,Outdoor,https://www.tfrrs.org/results/96875/6005713/NCAA_Division_I_Outdoor_Track__Field_Championships/100-Hurdles,TFRRS all_performances
539,"Balde, Vanessa",Texas Tech,Big 12,400H,2026,SR-4,,,55.77,seconds,NCAA Division I Outdoor Track & Field Championships,2026-06-10,,,,Outdoor,https://www.tfrrs.org/results/96875/6005720/NCAA_Division_I_Outdoor_Track__Field_Championships/400-Hurdles,TFRRS all_performances
540,"Balde, Vanessa",Texas Tech,Big 12,400H,2026,SR-4,,,56.21,seconds,NCAA Division I Outdoor Track & Field Championships,2026-06-10,,,,Outdoor,https://www.tfrrs.org/results/96875/6005720/NCAA_Division_I_Outdoor_Track__Field_Championships/400-Hurdles,TFRRS all_performances
541,"Ewusi, Lovina",Texas Tech,Big 12,400H,2026,JR-3,,,56.68,seconds,NCAA Division I Outdoor Track & Field Championships,2026-06-10,,,,Outdoor,https://www.tfrrs.org/results/96875/6005720/NCAA_Division_I_Outdoor_Track__Field_Championships/400-Hurdles,TFRRS all_performances
542,"Farrington, Collinique",Texas Tech,Big 12,400m,2026,SR-4,,,51.96,seconds,NCAA Division I Outdoor Track & Field Championships,2026-06-10,,,,Outdoor,https://www.tfrrs.org/results/96875/6005718/NCAA_Division_I_Outdoor_Track__Field_Championships/400-Meters,TFRRS all_performances
