index,athlete,school,conference,event,season,class_year,birth_date,age_at_meet,performance,unit,meet,meet_date,round,place,wind,indoor_outdoor,source_url,data_status
0,"Bonds, Talie",Arizona,Big 12,100H,2023,SR-4,,,13.28,seconds,Island Relays Bahamas,2023-03-17,,,-3.2,Outdoor,https://www.tfrrs.org/results/78004/4735482/Island_Relays_Bahamas/100-Hurdles,TFRRS all_performances
1,"Bonds, Talie",Arizona,Big 12,100H,2023,SR-4,,,13.80,seconds,Island Relays Bahamas,2023-03-17,,,-3.4,Outdoor,https://www.tfrrs.org/results/78004/4735482/Island_Relays_Bahamas/100-Hurdles,TFRRS all_performances
2,"Powers, Hollan",Arizona,Big 12,100H,2023,SO-2,,,14.51,seconds,Island Relays Bahamas,2023-03-17,,,-3.2,Outdoor,https://www.tfrrs.org/results/78004/4735482/Island_Relays_Bahamas/100-Hurdles,TFRRS all_performances
3,"Powers, Hollan",Arizona,Big 12,100H,2023,SO-2,,,15.41,seconds,Island Relays Bahamas,2023-03-17,,,-3.4,Outdoor,https://www.tfrrs.org/results/78004/4735482/Island_Relays_Bahamas/100-Hurdles,TFRRS all_performances
4,"Wise, Taylen",Arizona,Big 12,100H,2023,FR-1,,,14.77,seconds,Island Relays Bahamas,2023-03-17,,,-3.0,Outdoor,https://www.tfrrs.org/results/78004/4735482/Island_Relays_Bahamas/100-Hurdles,TFRRS all_performances
5,"Wise, Taylen",Arizona,Big 12,100H,2023,FR-1,,,18.08,seconds,Island Relays Bahamas,2023-03-17,,,-3.4,Outdoor,https://www.tfrrs.org/results/78004/4735482/Island_Relays_Bahamas/100-Hurdles,TFRRS all_performances
6,"Sanchez Nunez, Antonia",Arizona,Big 12,400m,2023,FR-1,,,56.85,seconds,Island Relays Bahamas,2023-03-17,,,,Outdoor,https://www.tfrrs.org/results/78004/4735473/Island_Relays_Bahamas/400-Meters,TFRRS all_performances
7,"Bonds, Talie",Arizona,Big 12,100H,2023,SR-4,,,12.96,seconds,2023 Willie Williams Classic/Dave Murray Distance Carnival,2023-03-24,,,0.9,Outdoor,https://www.tfrrs.org/results/76355/4747851/_2023_Willie_Williams_Classic_Dave_Murray_Distance_Carnival/100-Hurdles,TFRRS all_performances
8,"Lewis, Ajaysha",Arizona,Big 12,100H,2023,JR-3,,,14.36,seconds,2023 Willie Williams Classic/Dave Murray Distance Carnival,2023-03-24,,,0.9,Outdoor,https://www.tfrrs.org/results/76355/4747851/_2023_Willie_Williams_Classic_Dave_Murray_Distance_Carnival/100-Hurdles,TFRRS all_performances
9,"Sieben, Skylar",Arizona,Big 12,100H,2023,SR-4,,,14.30,seconds,2023 Willie Williams Classic/Dave Murray Distance Carnival,2023-03-24,,,0.9,Outdoor,https://www.tfrrs.org/results/76355/4747851/_2023_Willie_Williams_Classic_Dave_Murray_Distance_Carnival/100-Hurdles,TFRRS all_performances
10,"Aguilar-Perez, Camila",Arizona,Big 12,400m,2023,FR-1,,,55.35,seconds,2023 Willie Williams Classic/Dave Murray Distance Carnival,2023-03-24,,,,Outdoor,https://www.tfrrs.org/results/76355/4747893/_2023_Willie_Williams_Classic_Dave_Murray_Distance_Carnival/400-Meters,TFRRS all_performances
11,"Montgomery, Athena",Arizona,Big 12,400m,2023,SR-4,,,57.96,seconds,2023 Willie Williams Classic/Dave Murray Distance Carnival,2023-03-24,,,,Outdoor,https://www.tfrrs.org/results/76355/4747893/_2023_Willie_Williams_Classic_Dave_Murray_Distance_Carnival/400-Meters,TFRRS all_performances
12,"Sanchez Nunez, Antonia",Arizona,Big 12,400m,2023,FR-1,,,55.39,seconds,2023 Willie Williams Classic/Dave Murray Distance Carnival,2023-03-24,,,,Outdoor,https://www.tfrrs.org/results/76355/4747893/_2023_Willie_Williams_Classic_Dave_Murray_Distance_Carnival/400-Meters,TFRRS all_performances
13,"Akinlosotu, Esther",Arizona,Big 12,Long Jump,2023,FR-1,,,5.28,m,2023 Willie Williams Classic/Dave Murray Distance Carnival,2023-03-24,,,0.6,Outdoor,https://www.tfrrs.org/results/76355/4747870/_2023_Willie_Williams_Classic_Dave_Murray_Distance_Carnival/Long-Jump,TFRRS all_performances
14,"Akinlosotu, Esther",Arizona,Big 12,Long Jump,2023,FR-1,,,5.38,m,2023 Willie Williams Classic/Dave Murray Distance Carnival,2023-03-24,,,0.3,Outdoor,https://www.tfrrs.org/results/76355/4747870/_2023_Willie_Williams_Classic_Dave_Murray_Distance_Carnival/Long-Jump,TFRRS all_performances
15,"Akinlosotu, Esther",Arizona,Big 12,Long Jump,2023,FR-1,,,5.46,m,2023 Willie Williams Classic/Dave Murray Distance Carnival,2023-03-24,,,+0.0,Outdoor,https://www.tfrrs.org/results/76355/4747870/_2023_Willie_Williams_Classic_Dave_Murray_Distance_Carnival/Long-Jump,TFRRS all_performances
16,"Bosko, Jenica",Arizona,Big 12,Long Jump,2023,SO-2,,,5.04,m,2023 Willie Williams Classic/Dave Murray Distance Carnival,2023-03-24,,,+0.0,Outdoor,https://www.tfrrs.org/results/76355/4747870/_2023_Willie_Williams_Classic_Dave_Murray_Distance_Carnival/Long-Jump,TFRRS all_performances
17,"Bosko, Jenica",Arizona,Big 12,Long Jump,2023,SO-2,,,5.38,m,2023 Willie Williams Classic/Dave Murray Distance Carnival,2023-03-24,,,+0.0,Outdoor,https://www.tfrrs.org/results/76355/4747870/_2023_Willie_Williams_Classic_Dave_Murray_Distance_Carnival/Long-Jump,TFRRS all_performances
18,"Bosko, Jenica",Arizona,Big 12,Long Jump,2023,SO-2,,,5.49,m,2023 Willie Williams Classic/Dave Murray Distance Carnival,2023-03-24,,,0.1,Outdoor,https://www.tfrrs.org/results/76355/4747870/_2023_Willie_Williams_Classic_Dave_Murray_Distance_Carnival/Long-Jump,TFRRS all_performances
19,"Mikinski, Paris",Arizona,Big 12,Long Jump,2023,FR-1,,,4.86,m,2023 Willie Williams Classic/Dave Murray Distance Carnival,2023-03-24,,,0.8,Outdoor,https://www.tfrrs.org/results/76355/4747870/_2023_Willie_Williams_Classic_Dave_Murray_Distance_Carnival/Long-Jump,TFRRS all_performances
20,"Mikinski, Paris",Arizona,Big 12,Long Jump,2023,FR-1,,,4.94,m,2023 Willie Williams Classic/Dave Murray Distance Carnival,2023-03-24,,,0.8,Outdoor,https://www.tfrrs.org/results/76355/4747870/_2023_Willie_Williams_Classic_Dave_Murray_Distance_Carnival/Long-Jump,TFRRS all_performances
21,"Mikinski, Paris",Arizona,Big 12,Long Jump,2023,FR-1,,,5.17,m,2023 Willie Williams Classic/Dave Murray Distance Carnival,2023-03-24,,,0.4,Outdoor,https://www.tfrrs.org/results/76355/4747870/_2023_Willie_Williams_Classic_Dave_Murray_Distance_Carnival/Long-Jump,TFRRS all_performances
22,"Perkins, Rylee",Arizona,Big 12,Long Jump,2023,JR-3,,,5.24,m,2023 Willie Williams Classic/Dave Murray Distance Carnival,2023-03-24,,,0.1,Outdoor,https://www.tfrrs.org/results/76355/4747870/_2023_Willie_Williams_Classic_Dave_Murray_Distance_Carnival/Long-Jump,TFRRS all_performances
23,"Wise, Taylen",Arizona,Big 12,Long Jump,2023,FR-1,,,5.55,m,2023 Willie Williams Classic/Dave Murray Distance Carnival,2023-03-24,,,0.2,Outdoor,https://www.tfrrs.org/results/76355/4747870/_2023_Willie_Williams_Classic_Dave_Murray_Distance_Carnival/Long-Jump,TFRRS all_performances
24,"Wise, Taylen",Arizona,Big 12,Long Jump,2023,FR-1,,,5.63,m,2023 Willie Williams Classic/Dave Murray Distance Carnival,2023-03-24,,,0.1,Outdoor,https://www.tfrrs.org/results/76355/4747870/_2023_Willie_Williams_Classic_Dave_Murray_Distance_Carnival/Long-Jump,TFRRS all_performances
25,"Wise, Taylen",Arizona,Big 12,Long Jump,2023,FR-1,,,5.67,m,2023 Willie Williams Classic/Dave Murray Distance Carnival,2023-03-24,,,0.8,Outdoor,https://www.tfrrs.org/results/76355/4747870/_2023_Willie_Williams_Classic_Dave_Murray_Distance_Carnival/Long-Jump,TFRRS all_performances
26,"Wise, Taylen",Arizona,Big 12,Long Jump,2023,FR-1,,,5.76,m,2023 Willie Williams Classic/Dave Murray Distance Carnival,2023-03-24,,,0.2,Outdoor,https://www.tfrrs.org/results/76355/4747870/_2023_Willie_Williams_Classic_Dave_Murray_Distance_Carnival/Long-Jump,TFRRS all_performances
27,"Bonds, Talie",Arizona,Big 12,100H,2023,SR-4,,,12.67,seconds,Jim Click Shootout 2023 Multi,2023-04-06,,,1.2,Outdoor,https://www.tfrrs.org/results/76356/4799478/_Jim_Click_Shootout_2023_Multi/100-Hurdles,TFRRS all_performances
28,"Lewis, Ajaysha",Arizona,Big 12,100H,2023,JR-3,,,13.99,seconds,Jim Click Shootout 2023 Multi,2023-04-06,,,1.2,Outdoor,https://www.tfrrs.org/results/76356/4799478/_Jim_Click_Shootout_2023_Multi/100-Hurdles,TFRRS all_performances
29,"Powers, Hollan",Arizona,Big 12,100H,2023,SO-2,,,14.42,seconds,Jim Click Shootout 2023 Multi,2023-04-06,,,0.3,Outdoor,https://www.tfrrs.org/results/76356/4799471/_Jim_Click_Shootout_2023_Multi/100-Hurdles,TFRRS all_performances
30,"Sieben, Skylar",Arizona,Big 12,100H,2023,SR-4,,,14.19,seconds,Jim Click Shootout 2023 Multi,2023-04-06,,,0.6,Outdoor,https://www.tfrrs.org/results/76356/4799471/_Jim_Click_Shootout_2023_Multi/100-Hurdles,TFRRS all_performances
31,"Wise, Taylen",Arizona,Big 12,100H,2023,FR-1,,,14.06,seconds,Jim Click Shootout 2023 Multi,2023-04-06,,,1.2,Outdoor,https://www.tfrrs.org/results/76356/4799478/_Jim_Click_Shootout_2023_Multi/100-Hurdles,TFRRS all_performances
32,"Montgomery, Athena",Arizona,Big 12,400H,2023,SR-4,,,1:03.36,seconds,Jim Click Shootout 2023 Multi,2023-04-06,,,,Outdoor,https://www.tfrrs.org/results/76356/4799493/_Jim_Click_Shootout_2023_Multi/400-Hurdles,TFRRS all_performances
33,"Sanchez Nunez, Antonia",Arizona,Big 12,400H,2023,FR-1,,,59.80,seconds,Jim Click Shootout 2023 Multi,2023-04-06,,,,Outdoor,https://www.tfrrs.org/results/76356/4799493/_Jim_Click_Shootout_2023_Multi/400-Hurdles,TFRRS all_performances
34,"Aguilar-Perez, Camila",Arizona,Big 12,400m,2023,FR-1,,,55.56,seconds,Jim Click Shootout 2023 Multi,2023-04-06,,,,Outdoor,https://www.tfrrs.org/results/76356/4799476/_Jim_Click_Shootout_2023_Multi/400-Meters,TFRRS all_performances
35,"Bosko, Jenica",Arizona,Big 12,Long Jump,2023,SO-2,,,6.05,m,Jim Click Shootout 2023 Multi,2023-04-06,,,+0.0,Outdoor,https://www.tfrrs.org/results/76356/4799504/_Jim_Click_Shootout_2023_Multi/Long-Jump,TFRRS all_performances
36,"Bosko, Jenica",Arizona,Big 12,Long Jump,2023,SO-2,,,6.08,m,Jim Click Shootout 2023 Multi,2023-04-06,,,+0.0,Outdoor,https://www.tfrrs.org/results/76356/4799504/_Jim_Click_Shootout_2023_Multi/Long-Jump,TFRRS all_performances
37,"Bosko, Jenica",Arizona,Big 12,Long Jump,2023,SO-2,,,6.50,m,Jim Click Shootout 2023 Multi,2023-04-06,,,-1.2,Outdoor,https://www.tfrrs.org/results/76356/4799504/_Jim_Click_Shootout_2023_Multi/Long-Jump,TFRRS all_performances
38,"Ford, Lauryn",Arizona,Big 12,Long Jump,2023,JR-3,,,5.53,m,Jim Click Shootout 2023 Multi,2023-04-06,,,-2.5,Outdoor,https://www.tfrrs.org/results/76356/4799504/_Jim_Click_Shootout_2023_Multi/Long-Jump,TFRRS all_performances
39,"Ford, Lauryn",Arizona,Big 12,Long Jump,2023,JR-3,,,5.69,m,Jim Click Shootout 2023 Multi,2023-04-06,,,0.8,Outdoor,https://www.tfrrs.org/results/76356/4799504/_Jim_Click_Shootout_2023_Multi/Long-Jump,TFRRS all_performances
40,"Ford, Lauryn",Arizona,Big 12,Long Jump,2023,JR-3,,,5.84,m,Jim Click Shootout 2023 Multi,2023-04-06,,,1.0,Outdoor,https://www.tfrrs.org/results/76356/4799504/_Jim_Click_Shootout_2023_Multi/Long-Jump,TFRRS all_performances
41,"Ford, Lauryn",Arizona,Big 12,Long Jump,2023,JR-3,,,6.07,m,Jim Click Shootout 2023 Multi,2023-04-06,,,1.9,Outdoor,https://www.tfrrs.org/results/76356/4799504/_Jim_Click_Shootout_2023_Multi/Long-Jump,TFRRS all_performances
42,"Howard, Neysia",Arizona,Big 12,Long Jump,2023,SR-4,,,5.50,m,Jim Click Shootout 2023 Multi,2023-04-06,,,-0.3,Outdoor,https://www.tfrrs.org/results/76356/4799504/_Jim_Click_Shootout_2023_Multi/Long-Jump,TFRRS all_performances
43,"Howard, Neysia",Arizona,Big 12,Long Jump,2023,SR-4,,,5.69,m,Jim Click Shootout 2023 Multi,2023-04-06,,,+0.0,Outdoor,https://www.tfrrs.org/results/76356/4799504/_Jim_Click_Shootout_2023_Multi/Long-Jump,TFRRS all_performances
44,"Howard, Neysia",Arizona,Big 12,Long Jump,2023,SR-4,,,5.79,m,Jim Click Shootout 2023 Multi,2023-04-06,,,+0.0,Outdoor,https://www.tfrrs.org/results/76356/4799504/_Jim_Click_Shootout_2023_Multi/Long-Jump,TFRRS all_performances
45,"Powers, Hollan",Arizona,Big 12,Long Jump,2023,SO-2,,,5.36,m,Jim Click Shootout 2023 Multi,2023-04-06,,,+0.0,Outdoor,https://www.tfrrs.org/results/76356/4799475/_Jim_Click_Shootout_2023_Multi/Long-Jump,TFRRS all_performances
46,"Powers, Hollan",Arizona,Big 12,Long Jump,2023,SO-2,,,5.37,m,Jim Click Shootout 2023 Multi,2023-04-06,,,-1.8,Outdoor,https://www.tfrrs.org/results/76356/4799475/_Jim_Click_Shootout_2023_Multi/Long-Jump,TFRRS all_performances
47,"Powers, Hollan",Arizona,Big 12,Long Jump,2023,SO-2,,,5.46,m,Jim Click Shootout 2023 Multi,2023-04-06,,,+0.0,Outdoor,https://www.tfrrs.org/results/76356/4799475/_Jim_Click_Shootout_2023_Multi/Long-Jump,TFRRS all_performances
48,"Sieben, Skylar",Arizona,Big 12,Long Jump,2023,SR-4,,,5.28,m,Jim Click Shootout 2023 Multi,2023-04-06,,,-1.7,Outdoor,https://www.tfrrs.org/results/76356/4799475/_Jim_Click_Shootout_2023_Multi/Long-Jump,TFRRS all_performances
49,"Sieben, Skylar",Arizona,Big 12,Long Jump,2023,SR-4,,,5.67,m,Jim Click Shootout 2023 Multi,2023-04-06,,,+0.0,Outdoor,https://www.tfrrs.org/results/76356/4799475/_Jim_Click_Shootout_2023_Multi/Long-Jump,TFRRS all_performances
50,"Sieben, Skylar",Arizona,Big 12,Long Jump,2023,SR-4,,,5.71,m,Jim Click Shootout 2023 Multi,2023-04-06,,,+0.0,Outdoor,https://www.tfrrs.org/results/76356/4799475/_Jim_Click_Shootout_2023_Multi/Long-Jump,TFRRS all_performances
51,"Wise, Taylen",Arizona,Big 12,Long Jump,2023,FR-1,,,5.95,m,Jim Click Shootout 2023 Multi,2023-04-06,,,0.9,Outdoor,https://www.tfrrs.org/results/76356/4799504/_Jim_Click_Shootout_2023_Multi/Long-Jump,TFRRS all_performances
52,"Wise, Taylen",Arizona,Big 12,Long Jump,2023,FR-1,,,6.14,m,Jim Click Shootout 2023 Multi,2023-04-06,,,-0.1,Outdoor,https://www.tfrrs.org/results/76356/4799504/_Jim_Click_Shootout_2023_Multi/Long-Jump,TFRRS all_performances
53,"Bonds, Talie",Arizona,Big 12,100H,2023,,,,12.65,seconds,63rd Annual Mt. SAC Relays,2023-04-12,,,1.2,Outdoor,https://www.tfrrs.org/results/77931/4827081/63rd_Annual_Mt_SAC_Relays/100-Hurdles,TFRRS all_performances
54,"Lewis, Ajaysha",Arizona,Big 12,100H,2023,,,,14.43,seconds,63rd Annual Mt. SAC Relays,2023-04-12,,,0.7,Outdoor,https://www.tfrrs.org/results/77931/4827017/63rd_Annual_Mt_SAC_Relays/100-Hurdles,TFRRS all_performances
55,"Powers, Hollan",Arizona,Big 12,100H,2023,,,,14.32,seconds,63rd Annual Mt. SAC Relays,2023-04-12,,,0.1,Outdoor,https://www.tfrrs.org/results/77931/4827017/63rd_Annual_Mt_SAC_Relays/100-Hurdles,TFRRS all_performances
56,"Sieben, Skylar",Arizona,Big 12,100H,2023,,,,14.61,seconds,63rd Annual Mt. SAC Relays,2023-04-12,,,1.5,Outdoor,https://www.tfrrs.org/results/77931/4827017/63rd_Annual_Mt_SAC_Relays/100-Hurdles,TFRRS all_performances
57,"Montgomery, Athena",Arizona,Big 12,400H,2023,,,,1:02.83,seconds,63rd Annual Mt. SAC Relays,2023-04-12,,,,Outdoor,https://www.tfrrs.org/results/77931/4826975/63rd_Annual_Mt_SAC_Relays/400-Hurdles,TFRRS all_performances
58,"Sanchez Nunez, Antonia",Arizona,Big 12,400H,2023,,,,59.84,seconds,63rd Annual Mt. SAC Relays,2023-04-12,,,,Outdoor,https://www.tfrrs.org/results/77931/4826975/63rd_Annual_Mt_SAC_Relays/400-Hurdles,TFRRS all_performances
59,"Santiago, Xahria",Arizona,Big 12,400H,2023,,,,1:01.24,seconds,63rd Annual Mt. SAC Relays,2023-04-12,,,,Outdoor,https://www.tfrrs.org/results/77931/4827047/63rd_Annual_Mt_SAC_Relays/400-Hurdles,TFRRS all_performances
60,"Aguilar-Perez, Camila",Arizona,Big 12,400m,2023,,,,55.80,seconds,63rd Annual Mt. SAC Relays,2023-04-12,,,,Outdoor,https://www.tfrrs.org/results/77931/4826994/63rd_Annual_Mt_SAC_Relays/400-Meters,TFRRS all_performances
61,"Bosko, Jenica",Arizona,Big 12,Long Jump,2023,,,,5.95,m,63rd Annual Mt. SAC Relays,2023-04-12,,,0.3,Outdoor,https://www.tfrrs.org/results/77931/4827056/63rd_Annual_Mt_SAC_Relays/Long-Jump,TFRRS all_performances
62,"Bosko, Jenica",Arizona,Big 12,Long Jump,2023,,,,6.07,m,63rd Annual Mt. SAC Relays,2023-04-12,,,+0.0,Outdoor,https://www.tfrrs.org/results/77931/4827056/63rd_Annual_Mt_SAC_Relays/Long-Jump,TFRRS all_performances
63,"Bosko, Jenica",Arizona,Big 12,Long Jump,2023,,,,6.28,m,63rd Annual Mt. SAC Relays,2023-04-12,,,1.6,Outdoor,https://www.tfrrs.org/results/77931/4827056/63rd_Annual_Mt_SAC_Relays/Long-Jump,TFRRS all_performances
64,"Bosko, Jenica",Arizona,Big 12,Long Jump,2023,,,,6.33,m,63rd Annual Mt. SAC Relays,2023-04-12,,,-1.3,Outdoor,https://www.tfrrs.org/results/77931/4827056/63rd_Annual_Mt_SAC_Relays/Long-Jump,TFRRS all_performances
65,"Ford, Lauryn",Arizona,Big 12,Long Jump,2023,,,,5.42,m,63rd Annual Mt. SAC Relays,2023-04-12,,,-0.1,Outdoor,https://www.tfrrs.org/results/77931/4827056/63rd_Annual_Mt_SAC_Relays/Long-Jump,TFRRS all_performances
66,"Ford, Lauryn",Arizona,Big 12,Long Jump,2023,,,,5.66,m,63rd Annual Mt. SAC Relays,2023-04-12,,,1.2,Outdoor,https://www.tfrrs.org/results/77931/4827056/63rd_Annual_Mt_SAC_Relays/Long-Jump,TFRRS all_performances
67,"Powers, Hollan",Arizona,Big 12,Long Jump,2023,,,,5.35,m,63rd Annual Mt. SAC Relays,2023-04-12,,,0.2,Outdoor,https://www.tfrrs.org/results/77931/4827056/63rd_Annual_Mt_SAC_Relays/Long-Jump,TFRRS all_performances
68,"Powers, Hollan",Arizona,Big 12,Long Jump,2023,,,,5.53,m,63rd Annual Mt. SAC Relays,2023-04-12,,,0.1,Outdoor,https://www.tfrrs.org/results/77931/4827056/63rd_Annual_Mt_SAC_Relays/Long-Jump,TFRRS all_performances
69,"Sanchez N, Antonia",Arizona,Big 12,400H,2023,FR-1,,,1:00.28,seconds,Encuentro Selectivo FMAA,2023-04-28,,,,Outdoor,https://www.tfrrs.org/results/81028/4903677/Encuentro_Selectivo_FMAA/400-Hurdles,TFRRS all_performances
70,"Sanchez N, Antonia",Arizona,Big 12,400H,2023,FR-1,,,58.43,seconds,Encuentro Selectivo FMAA,2023-04-28,,,,Outdoor,https://www.tfrrs.org/results/81028/4903677/Encuentro_Selectivo_FMAA/400-Hurdles,TFRRS all_performances
71,"Bonds, Talie",Arizona,Big 12,100H,2023,SR-4,,,12.95,seconds,Desert Heat Classic 2023,2023-04-29,,,-1.5,Outdoor,https://www.tfrrs.org/results/76358/4881904/_Desert_Heat_Classic_2023/100-Hurdles,TFRRS all_performances
72,"Lewis, Ajaysha",Arizona,Big 12,100H,2023,JR-3,,,13.90,seconds,Desert Heat Classic 2023,2023-04-29,,,0.5,Outdoor,https://www.tfrrs.org/results/76358/4881904/_Desert_Heat_Classic_2023/100-Hurdles,TFRRS all_performances
73,"Powers, Hollan",Arizona,Big 12,100H,2023,SO-2,,,14.33,seconds,Desert Heat Classic 2023,2023-04-29,,,0.3,Outdoor,https://www.tfrrs.org/results/76358/4881904/_Desert_Heat_Classic_2023/100-Hurdles,TFRRS all_performances
74,"Wise, Taylen",Arizona,Big 12,100H,2023,FR-1,,,14.17,seconds,Desert Heat Classic 2023,2023-04-29,,,0.5,Outdoor,https://www.tfrrs.org/results/76358/4881904/_Desert_Heat_Classic_2023/100-Hurdles,TFRRS all_performances
75,"Montgomery, Athena",Arizona,Big 12,400H,2023,SR-4,,,1:00.95,seconds,Desert Heat Classic 2023,2023-04-29,,,,Outdoor,https://www.tfrrs.org/results/76358/4881910/_Desert_Heat_Classic_2023/400-Hurdles,TFRRS all_performances
76,"Santiago, Xahria",Arizona,Big 12,400H,2023,SR-4,,,58.41,seconds,Desert Heat Classic 2023,2023-04-29,,,,Outdoor,https://www.tfrrs.org/results/76358/4881910/_Desert_Heat_Classic_2023/400-Hurdles,TFRRS all_performances
77,"Aguilar-Perez, Camila",Arizona,Big 12,400m,2023,FR-1,,,55.54,seconds,Desert Heat Classic 2023,2023-04-29,,,,Outdoor,https://www.tfrrs.org/results/76358/4881902/_Desert_Heat_Classic_2023/400-Meters,TFRRS all_performances
78,"Bosko, Jenica",Arizona,Big 12,Long Jump,2023,SO-2,,,6.09,m,Desert Heat Classic 2023,2023-04-29,,,+0.0,Outdoor,https://www.tfrrs.org/results/76358/4881922/_Desert_Heat_Classic_2023/Long-Jump,TFRRS all_performances
79,"Bosko, Jenica",Arizona,Big 12,Long Jump,2023,SO-2,,,6.44,m,Desert Heat Classic 2023,2023-04-29,,,+0.0,Outdoor,https://www.tfrrs.org/results/76358/4881922/_Desert_Heat_Classic_2023/Long-Jump,TFRRS all_performances
80,"Bosko, Jenica",Arizona,Big 12,Long Jump,2023,SO-2,,,6.45,m,Desert Heat Classic 2023,2023-04-29,,,+0.0,Outdoor,https://www.tfrrs.org/results/76358/4881922/_Desert_Heat_Classic_2023/Long-Jump,TFRRS all_performances
81,"Ford, Lauryn",Arizona,Big 12,Long Jump,2023,JR-3,,,5.81,m,Desert Heat Classic 2023,2023-04-29,,,0.5,Outdoor,https://www.tfrrs.org/results/76358/4881922/_Desert_Heat_Classic_2023/Long-Jump,TFRRS all_performances
82,"Ford, Lauryn",Arizona,Big 12,Long Jump,2023,JR-3,,,5.90,m,Desert Heat Classic 2023,2023-04-29,,,+0.0,Outdoor,https://www.tfrrs.org/results/76358/4881922/_Desert_Heat_Classic_2023/Long-Jump,TFRRS all_performances
83,"Wise, Taylen",Arizona,Big 12,Long Jump,2023,FR-1,,,5.62,m,Desert Heat Classic 2023,2023-04-29,,,0.5,Outdoor,https://www.tfrrs.org/results/76358/4881922/_Desert_Heat_Classic_2023/Long-Jump,TFRRS all_performances
84,"Wise, Taylen",Arizona,Big 12,Long Jump,2023,FR-1,,,5.83,m,Desert Heat Classic 2023,2023-04-29,,,+0.0,Outdoor,https://www.tfrrs.org/results/76358/4881922/_Desert_Heat_Classic_2023/Long-Jump,TFRRS all_performances
85,"Wise, Taylen",Arizona,Big 12,Long Jump,2023,FR-1,,,6.02,m,Desert Heat Classic 2023,2023-04-29,,,+0.0,Outdoor,https://www.tfrrs.org/results/76358/4881922/_Desert_Heat_Classic_2023/Long-Jump,TFRRS all_performances
86,"Bonds, Talie",Arizona,Big 12,100H,2023,SR-4,,,12.75,seconds,Pac-12 Track & Field Championships,2023-05-12,,,-0.1,Outdoor,https://www.tfrrs.org/results/79702/4929178/Pac-12_Track__Field_Championships/100-Hurdles,TFRRS all_performances
87,"Bonds, Talie",Arizona,Big 12,100H,2023,SR-4,,,12.75,seconds,Pac-12 Track & Field Championships,2023-05-12,,,1.8,Outdoor,https://www.tfrrs.org/results/79702/4929178/Pac-12_Track__Field_Championships/100-Hurdles,TFRRS all_performances
88,"Lewis, Ajaysha",Arizona,Big 12,100H,2023,JR-3,,,14.08,seconds,Pac-12 Track & Field Championships,2023-05-12,,,1.8,Outdoor,https://www.tfrrs.org/results/79702/4929178/Pac-12_Track__Field_Championships/100-Hurdles,TFRRS all_performances
89,"Sieben, Skylar",Arizona,Big 12,100H,2023,SR-4,,,14.35,seconds,Pac-12 Track & Field Championships,2023-05-12,,,1.2,Outdoor,https://www.tfrrs.org/results/79702/4929170/Pac-12_Track__Field_Championships/100-Hurdles,TFRRS all_performances
90,"Wise, Taylen",Arizona,Big 12,100H,2023,FR-1,,,13.91,seconds,Pac-12 Track & Field Championships,2023-05-12,,,1.7,Outdoor,https://www.tfrrs.org/results/79702/4929178/Pac-12_Track__Field_Championships/100-Hurdles,TFRRS all_performances
91,"Wise, Taylen",Arizona,Big 12,100H,2023,FR-1,,,14.54,seconds,Pac-12 Track & Field Championships,2023-05-12,,,-0.1,Outdoor,https://www.tfrrs.org/results/79702/4929178/Pac-12_Track__Field_Championships/100-Hurdles,TFRRS all_performances
92,"Montgomery, Athena",Arizona,Big 12,400H,2023,SR-4,,,1:01.84,seconds,Pac-12 Track & Field Championships,2023-05-12,,,,Outdoor,https://www.tfrrs.org/results/79702/4929160/Pac-12_Track__Field_Championships/400-Hurdles,TFRRS all_performances
93,"Sanchez Nunez, Antonia",Arizona,Big 12,400H,2023,FR-1,,,59.92,seconds,Pac-12 Track & Field Championships,2023-05-12,,,,Outdoor,https://www.tfrrs.org/results/79702/4929160/Pac-12_Track__Field_Championships/400-Hurdles,TFRRS all_performances
94,"Santiago, Xahria",Arizona,Big 12,400H,2023,SR-4,,,59.92,seconds,Pac-12 Track & Field Championships,2023-05-12,,,,Outdoor,https://www.tfrrs.org/results/79702/4929160/Pac-12_Track__Field_Championships/400-Hurdles,TFRRS all_performances
95,"Aguilar-Perez, Camila",Arizona,Big 12,400m,2023,FR-1,,,57.61,seconds,Pac-12 Track & Field Championships,2023-05-12,,,,Outdoor,https://www.tfrrs.org/results/79702/4929197/Pac-12_Track__Field_Championships/400-Meters,TFRRS all_performances
96,"Ford, Lauryn",Arizona,Big 12,Long Jump,2023,JR-3,,,5.40,m,Pac-12 Track & Field Championships,2023-05-12,,,1.8,Outdoor,https://www.tfrrs.org/results/79702/4929145/Pac-12_Track__Field_Championships/Long-Jump,TFRRS all_performances
97,"Ford, Lauryn",Arizona,Big 12,Long Jump,2023,JR-3,,,5.65,m,Pac-12 Track & Field Championships,2023-05-12,,,1.8,Outdoor,https://www.tfrrs.org/results/79702/4929145/Pac-12_Track__Field_Championships/Long-Jump,TFRRS all_performances
98,"Ford, Lauryn",Arizona,Big 12,Long Jump,2023,JR-3,,,5.73,m,Pac-12 Track & Field Championships,2023-05-12,,,1.8,Outdoor,https://www.tfrrs.org/results/79702/4929145/Pac-12_Track__Field_Championships/Long-Jump,TFRRS all_performances
99,"Powers, Hollan",Arizona,Big 12,Long Jump,2023,SO-2,,,5.30,m,Pac-12 Track & Field Championships,2023-05-12,,,1.7,Outdoor,https://www.tfrrs.org/results/79702/4929174/Pac-12_Track__Field_Championships/Long-Jump,TFRRS all_performances
100,"Sieben, Skylar",Arizona,Big 12,Long Jump,2023,SR-4,,,5.36,m,Pac-12 Track & Field Championships,2023-05-12,,,0.7,Outdoor,https://www.tfrrs.org/results/79702/4929174/Pac-12_Track__Field_Championships/Long-Jump,TFRRS all_performances
101,"Sieben, Skylar",Arizona,Big 12,Long Jump,2023,SR-4,,,5.46,m,Pac-12 Track & Field Championships,2023-05-12,,,1.6,Outdoor,https://www.tfrrs.org/results/79702/4929174/Pac-12_Track__Field_Championships/Long-Jump,TFRRS all_performances
102,"Wise, Taylen",Arizona,Big 12,Long Jump,2023,FR-1,,,5.84,m,Pac-12 Track & Field Championships,2023-05-12,,,2.0,Outdoor,https://www.tfrrs.org/results/79702/4929145/Pac-12_Track__Field_Championships/Long-Jump,TFRRS all_performances
103,"Bonds, Talie",Arizona,Big 12,100H,2023,SR-4,,,12.72,seconds,NCAA West Preliminary Round,2023-05-24,,,0.2,Outdoor,https://www.tfrrs.org/results/81275/4936756/NCAA_West_Preliminary_Round/100-Hurdles,TFRRS all_performances
104,"Bonds, Talie",Arizona,Big 12,100H,2023,SR-4,,,12.86,seconds,NCAA West Preliminary Round,2023-05-24,,,0.8,Outdoor,https://www.tfrrs.org/results/81275/4936756/NCAA_West_Preliminary_Round/100-Hurdles,TFRRS all_performances
105,"Sanchez Nunez, Antonia",Arizona,Big 12,400H,2023,FR-1,,,59.61,seconds,NCAA West Preliminary Round,2023-05-24,,,,Outdoor,https://www.tfrrs.org/results/81275/4936760/NCAA_West_Preliminary_Round/400-Hurdles,TFRRS all_performances
106,"Bosko, Jenica",Arizona,Big 12,Long Jump,2023,SO-2,,,5.96,m,NCAA West Preliminary Round,2023-05-24,,,1.6,Outdoor,https://www.tfrrs.org/results/81275/4936740/NCAA_West_Preliminary_Round/Long-Jump,TFRRS all_performances
107,"Bonds, Talie",Arizona,Big 12,100H,2023,SR-4,,,12.75,seconds,NCAA Division I Outdoor Track & Field Championships,2023-06-07,,,+0.0,Outdoor,https://www.tfrrs.org/results/81300/4938114/NCAA_Division_I_Outdoor_Track__Field_Championships/100-Hurdles,TFRRS all_performances
108,"Tabugbo, Adaobi",BYU,Big 12,100H,2023,JR-3,,,13.63,seconds,Cardinal Classic,2023-03-18,,,-0.2,Outdoor,https://www.tfrrs.org/results/77088/4735141/Cardinal_Classic/100-Hurdles,TFRRS all_performances
109,"Bingham, Kathryn",BYU,Big 12,400H,2023,JR-3,,,1:03.80,seconds,Cardinal Classic,2023-03-18,,,,Outdoor,https://www.tfrrs.org/results/77088/4735142/Cardinal_Classic/400-Hurdles,TFRRS all_performances
110,"Passmore, Madeleine",BYU,Big 12,Long Jump,2023,FR-1,,,5.45,m,Cardinal Classic,2023-03-18,,,+0.0,Outdoor,https://www.tfrrs.org/results/77088/4735174/Cardinal_Classic/Long-Jump,TFRRS all_performances
111,"Passmore, Madeleine",BYU,Big 12,Long Jump,2023,FR-1,,,5.48,m,Cardinal Classic,2023-03-18,,,-0.4,Outdoor,https://www.tfrrs.org/results/77088/4735174/Cardinal_Classic/Long-Jump,TFRRS all_performances
112,"Passmore, Madeleine",BYU,Big 12,Long Jump,2023,FR-1,,,5.50,m,Cardinal Classic,2023-03-18,,,0.4,Outdoor,https://www.tfrrs.org/results/77088/4735174/Cardinal_Classic/Long-Jump,TFRRS all_performances
113,"Passmore, Madeleine",BYU,Big 12,Long Jump,2023,FR-1,,,5.58,m,Cardinal Classic,2023-03-18,,,0.7,Outdoor,https://www.tfrrs.org/results/77088/4735174/Cardinal_Classic/Long-Jump,TFRRS all_performances
114,"Passmore, Madeleine",BYU,Big 12,Long Jump,2023,FR-1,,,5.68,m,Cardinal Classic,2023-03-18,,,1.3,Outdoor,https://www.tfrrs.org/results/77088/4735174/Cardinal_Classic/Long-Jump,TFRRS all_performances
115,"Blackmon, Christina",BYU,Big 12,100H,2023,JR-3,,,16.55,seconds,44th Aztec Invitational,2023-03-23,,,-1.3,Outdoor,https://www.tfrrs.org/results/77705/4749105/44th_Aztec_Invitational/100-Hurdles,TFRRS all_performances
116,"Bonds, Zoey",BYU,Big 12,100H,2023,FR-1,,,14.73,seconds,44th Aztec Invitational,2023-03-23,,,-1.3,Outdoor,https://www.tfrrs.org/results/77705/4749105/44th_Aztec_Invitational/100-Hurdles,TFRRS all_performances
117,"Eaton , Madelyn",BYU,Big 12,100H,2023,JR-3,,,15.61,seconds,44th Aztec Invitational,2023-03-23,,,-1.3,Outdoor,https://www.tfrrs.org/results/77705/4749105/44th_Aztec_Invitational/100-Hurdles,TFRRS all_performances
118,"Eaton , Madelyn",BYU,Big 12,400H,2023,JR-3,,,1:04.73,seconds,44th Aztec Invitational,2023-03-23,,,,Outdoor,https://www.tfrrs.org/results/77705/4749153/44th_Aztec_Invitational/400-Hurdles,TFRRS all_performances
119,"Bonds, Zoey",BYU,Big 12,Long Jump,2023,FR-1,,,4.85,m,44th Aztec Invitational,2023-03-23,,,0.2,Outdoor,https://www.tfrrs.org/results/77705/4749102/44th_Aztec_Invitational/Long-Jump,TFRRS all_performances
120,"Bonds, Zoey",BYU,Big 12,Long Jump,2023,FR-1,,,4.87,m,44th Aztec Invitational,2023-03-23,,,0.2,Outdoor,https://www.tfrrs.org/results/77705/4749102/44th_Aztec_Invitational/Long-Jump,TFRRS all_performances
121,"Bonds, Zoey",BYU,Big 12,Long Jump,2023,FR-1,,,5.02,m,44th Aztec Invitational,2023-03-23,,,0.5,Outdoor,https://www.tfrrs.org/results/77705/4749102/44th_Aztec_Invitational/Long-Jump,TFRRS all_performances
122,"Eaton , Madelyn",BYU,Big 12,Long Jump,2023,JR-3,,,4.75,m,44th Aztec Invitational,2023-03-23,,,0.4,Outdoor,https://www.tfrrs.org/results/77705/4749102/44th_Aztec_Invitational/Long-Jump,TFRRS all_performances
123,"Eaton , Madelyn",BYU,Big 12,Long Jump,2023,JR-3,,,5.00,m,44th Aztec Invitational,2023-03-23,,,+0.0,Outdoor,https://www.tfrrs.org/results/77705/4749102/44th_Aztec_Invitational/Long-Jump,TFRRS all_performances
124,"Bingham, Kathryn",BYU,Big 12,400H,2023,JR-3,,,1:04.02,seconds,2023 95th Clyde Littlefield Texas Relays,2023-03-29,,,,Outdoor,https://www.tfrrs.org/results/77369/4767401/2023_95th_Clyde_Littlefield_Texas_Relays/400-Hurdles,TFRRS all_performances
125,"Bonds, Zoey",BYU,Big 12,100H,2023,FR-1,,,14.50,seconds,Bobcat Invitational 2023,2023-03-30,,,2.0,Outdoor,https://www.tfrrs.org/results/75304/4766852/Bobcat_Invitational_2023/100-Hurdles,TFRRS all_performances
126,"Blackmon, Christina",BYU,Big 12,100H,2023,JR-3,,,16.30,seconds,2023 Utah-WSU Spring Classic,2023-04-07,,,-1.9,Outdoor,https://www.tfrrs.org/results/78325/4800299/2023_Utah-WSU_Spring_Classic/100-Hurdles,TFRRS all_performances
127,"Boggess, Meredith",BYU,Big 12,100H,2023,FR-1,,,16.07,seconds,2023 Utah-WSU Spring Classic,2023-04-07,,,-1.9,Outdoor,https://www.tfrrs.org/results/78325/4800299/2023_Utah-WSU_Spring_Classic/100-Hurdles,TFRRS all_performances
128,"Chenn, Eva",BYU,Big 12,100H,2023,FR-1,,,16.91,seconds,2023 Utah-WSU Spring Classic,2023-04-07,,,0.3,Outdoor,https://www.tfrrs.org/results/78325/4800299/2023_Utah-WSU_Spring_Classic/100-Hurdles,TFRRS all_performances
129,"Eaton , Madelyn",BYU,Big 12,100H,2023,JR-3,,,15.40,seconds,2023 Utah-WSU Spring Classic,2023-04-07,,,-1.9,Outdoor,https://www.tfrrs.org/results/78325/4800299/2023_Utah-WSU_Spring_Classic/100-Hurdles,TFRRS all_performances
130,"Lord, Tori",BYU,Big 12,100H,2023,FR-1,,,16.14,seconds,2023 Utah-WSU Spring Classic,2023-04-07,,,-0.6,Outdoor,https://www.tfrrs.org/results/78325/4800299/2023_Utah-WSU_Spring_Classic/100-Hurdles,TFRRS all_performances
131,"Middleton, Lindsey",BYU,Big 12,100H,2023,SO-2,,,14.61,seconds,Trojan Invite,2023-04-07,,,0.6,Outdoor,https://www.tfrrs.org/results/76990/4797075/Trojan_Invite/100-Hurdles,TFRRS all_performances
132,"Tabugbo, Adaobi",BYU,Big 12,100H,2023,JR-3,,,13.44,seconds,Trojan Invite,2023-04-07,,,0.9,Outdoor,https://www.tfrrs.org/results/76990/4797075/Trojan_Invite/100-Hurdles,TFRRS all_performances
133,"Bingham, Kathryn",BYU,Big 12,400H,2023,JR-3,,,1:04.68,seconds,2023 Utah-WSU Spring Classic,2023-04-07,,,,Outdoor,https://www.tfrrs.org/results/78325/4800318/2023_Utah-WSU_Spring_Classic/400-Hurdles,TFRRS all_performances
134,"Boggess, Meredith",BYU,Big 12,400H,2023,FR-1,,,1:03.72,seconds,2023 Utah-WSU Spring Classic,2023-04-07,,,,Outdoor,https://www.tfrrs.org/results/78325/4800318/2023_Utah-WSU_Spring_Classic/400-Hurdles,TFRRS all_performances
135,"Eaton , Madelyn",BYU,Big 12,400H,2023,JR-3,,,1:03.38,seconds,2023 Utah-WSU Spring Classic,2023-04-07,,,,Outdoor,https://www.tfrrs.org/results/78325/4800318/2023_Utah-WSU_Spring_Classic/400-Hurdles,TFRRS all_performances
136,"Hawkins , Kira",BYU,Big 12,400m,2023,FR-1,,,1:01.82,seconds,2023 Utah-WSU Spring Classic,2023-04-07,,,,Outdoor,https://www.tfrrs.org/results/78325/4800292/2023_Utah-WSU_Spring_Classic/400-Meters,TFRRS all_performances
137,"Oblad, Sami",BYU,Big 12,400m,2023,JR-3,,,56.75,seconds,Trojan Invite,2023-04-07,,,,Outdoor,https://www.tfrrs.org/results/76990/4797046/Trojan_Invite/400-Meters,TFRRS all_performances
138,"Pontius, Brilee",BYU,Big 12,400m,2023,SO-2,,,55.50,seconds,Trojan Invite,2023-04-07,,,,Outdoor,https://www.tfrrs.org/results/76990/4797046/Trojan_Invite/400-Meters,TFRRS all_performances
139,"Boggess, Meredith",BYU,Big 12,400H,2023,FR-1,,,1:04.17,seconds,Pacific Coast Invitational (Open/Unattached),2023-04-13,,,,Outdoor,https://www.tfrrs.org/results/77074/4937771/Pacific_Coast_Invitational_Open_Unattached/400-Hurdles,TFRRS all_performances
140,"Boggess, Meredith",BYU,Big 12,400H,2023,FR-1,,,1:04.17,seconds,Pacific Coast Invitational 2023,2023-04-13,,,,Outdoor,https://www.tfrrs.org/results/77075/4818030/Pacific_Coast_Invitational_2023/400-Hurdles,TFRRS all_performances
141,"Eaton , Madelyn",BYU,Big 12,400H,2023,JR-3,,,1:04.21,seconds,Pacific Coast Invitational (Open/Unattached),2023-04-13,,,,Outdoor,https://www.tfrrs.org/results/77074/4937771/Pacific_Coast_Invitational_Open_Unattached/400-Hurdles,TFRRS all_performances
142,"Eaton , Madelyn",BYU,Big 12,400H,2023,JR-3,,,1:04.21,seconds,Pacific Coast Invitational 2023,2023-04-13,,,,Outdoor,https://www.tfrrs.org/results/77075/4818030/Pacific_Coast_Invitational_2023/400-Hurdles,TFRRS all_performances
143,"Bonds, Zoey",BYU,Big 12,Long Jump,2023,FR-1,,,4.99,m,Pacific Coast Invitational (Open/Unattached),2023-04-13,,,0.6,Outdoor,https://www.tfrrs.org/results/77074/4937753/Pacific_Coast_Invitational_Open_Unattached/Long-Jump,TFRRS all_performances
144,"Bonds, Zoey",BYU,Big 12,Long Jump,2023,FR-1,,,4.99,m,Pacific Coast Invitational 2023,2023-04-13,,,0.6,Outdoor,https://www.tfrrs.org/results/77075/4818012/Pacific_Coast_Invitational_2023/Long-Jump,TFRRS all_performances
145,"Bonds, Zoey",BYU,Big 12,Long Jump,2023,FR-1,,,5.15,m,Pacific Coast Invitational (Open/Unattached),2023-04-13,,,1.8,Outdoor,https://www.tfrrs.org/results/77074/4937753/Pacific_Coast_Invitational_Open_Unattached/Long-Jump,TFRRS all_performances
146,"Bonds, Zoey",BYU,Big 12,Long Jump,2023,FR-1,,,5.15,m,Pacific Coast Invitational 2023,2023-04-13,,,1.8,Outdoor,https://www.tfrrs.org/results/77075/4818012/Pacific_Coast_Invitational_2023/Long-Jump,TFRRS all_performances
147,"Bonds, Zoey",BYU,Big 12,Long Jump,2023,FR-1,,,5.19,m,Pacific Coast Invitational (Open/Unattached),2023-04-13,,,+0.0,Outdoor,https://www.tfrrs.org/results/77074/4937753/Pacific_Coast_Invitational_Open_Unattached/Long-Jump,TFRRS all_performances
148,"Bonds, Zoey",BYU,Big 12,Long Jump,2023,FR-1,,,5.19,m,Pacific Coast Invitational 2023,2023-04-13,,,+0.0,Outdoor,https://www.tfrrs.org/results/77075/4818012/Pacific_Coast_Invitational_2023/Long-Jump,TFRRS all_performances
149,"Bonds, Zoey",BYU,Big 12,100H,2023,FR-1,,,14.50,seconds,Beach Invitational 2023,2023-04-14,,,1.9,Outdoor,https://www.tfrrs.org/results/77073/4826828/Beach_Invitational_2023/100-Hurdles,TFRRS all_performances
150,"Eaton , Madelyn",BYU,Big 12,100H,2023,JR-3,,,15.51,seconds,Beach Invitational 2023,2023-04-14,,,1.7,Outdoor,https://www.tfrrs.org/results/77073/4826828/Beach_Invitational_2023/100-Hurdles,TFRRS all_performances
151,"Lord, Tori",BYU,Big 12,100H,2023,FR-1,,,16.11,seconds,Beach Invitational 2023,2023-04-14,,,1.7,Outdoor,https://www.tfrrs.org/results/77073/4826828/Beach_Invitational_2023/100-Hurdles,TFRRS all_performances
152,"Boggess, Meredith",BYU,Big 12,400H,2023,FR-1,,,1:05.71,seconds,Beach Invitational 2023,2023-04-14,,,,Outdoor,https://www.tfrrs.org/results/77073/4826851/Beach_Invitational_2023/400-Hurdles,TFRRS all_performances
153,"Eaton , Madelyn",BYU,Big 12,400H,2023,JR-3,,,1:02.79,seconds,Beach Invitational 2023,2023-04-14,,,,Outdoor,https://www.tfrrs.org/results/77073/4826851/Beach_Invitational_2023/400-Hurdles,TFRRS all_performances
154,"Boggess, Meredith",BYU,Big 12,Long Jump,2023,FR-1,,,4.86,m,Beach Invitational 2023,2023-04-14,,,+0.0,Outdoor,https://www.tfrrs.org/results/77073/4826819/Beach_Invitational_2023/Long-Jump,TFRRS all_performances
155,"Boggess, Meredith",BYU,Big 12,Long Jump,2023,FR-1,,,5.13,m,Beach Invitational 2023,2023-04-14,,,1.5,Outdoor,https://www.tfrrs.org/results/77073/4826819/Beach_Invitational_2023/Long-Jump,TFRRS all_performances
156,"Boggess, Meredith",BYU,Big 12,Long Jump,2023,FR-1,,,5.15,m,Beach Invitational 2023,2023-04-14,,,1.8,Outdoor,https://www.tfrrs.org/results/77073/4826819/Beach_Invitational_2023/Long-Jump,TFRRS all_performances
157,"Eaton , Madelyn",BYU,Big 12,Long Jump,2023,JR-3,,,4.88,m,Beach Invitational 2023,2023-04-14,,,0.3,Outdoor,https://www.tfrrs.org/results/77073/4826819/Beach_Invitational_2023/Long-Jump,TFRRS all_performances
158,"Eaton , Madelyn",BYU,Big 12,Long Jump,2023,JR-3,,,5.03,m,Beach Invitational 2023,2023-04-14,,,1.0,Outdoor,https://www.tfrrs.org/results/77073/4826819/Beach_Invitational_2023/Long-Jump,TFRRS all_performances
159,"Eaton , Madelyn",BYU,Big 12,Long Jump,2023,JR-3,,,5.12,m,Beach Invitational 2023,2023-04-14,,,1.6,Outdoor,https://www.tfrrs.org/results/77073/4826819/Beach_Invitational_2023/Long-Jump,TFRRS all_performances
160,"Lord, Tori",BYU,Big 12,Long Jump,2023,FR-1,,,4.51,m,Beach Invitational 2023,2023-04-14,,,0.3,Outdoor,https://www.tfrrs.org/results/77073/4826819/Beach_Invitational_2023/Long-Jump,TFRRS all_performances
161,"Lord, Tori",BYU,Big 12,Long Jump,2023,FR-1,,,4.57,m,Beach Invitational 2023,2023-04-14,,,0.3,Outdoor,https://www.tfrrs.org/results/77073/4826819/Beach_Invitational_2023/Long-Jump,TFRRS all_performances
162,"Lord, Tori",BYU,Big 12,Long Jump,2023,FR-1,,,4.65,m,Beach Invitational 2023,2023-04-14,,,1.2,Outdoor,https://www.tfrrs.org/results/77073/4826819/Beach_Invitational_2023/Long-Jump,TFRRS all_performances
163,"Boggess, Meredith",BYU,Big 12,100H,2023,FR-1,,,16.05,seconds,2023 BYU Robison Invitational,2023-04-19,,,1.6,Outdoor,https://www.tfrrs.org/results/80716/4897851/2023_BYU_Robison_Invitational/100-Hurdles,TFRRS all_performances
164,"Lord, Tori",BYU,Big 12,100H,2023,,,,15.97,seconds,2023 BYU Robison Invitational,2023-04-19,,,1.6,Outdoor,https://www.tfrrs.org/results/80716/4897851/2023_BYU_Robison_Invitational/100-Hurdles,TFRRS all_performances
165,"Middleton, Lindsey",BYU,Big 12,100H,2023,SO-2,,,14.04,seconds,2023 BYU Robison Invitational,2023-04-19,,,1.0,Outdoor,https://www.tfrrs.org/results/80716/4897823/2023_BYU_Robison_Invitational/100-Hurdles,TFRRS all_performances
166,"Middleton, Lindsey",BYU,Big 12,100H,2023,SO-2,,,14.05,seconds,2023 BYU Robison Invitational,2023-04-19,,,2.0,Outdoor,https://www.tfrrs.org/results/80716/4897823/2023_BYU_Robison_Invitational/100-Hurdles,TFRRS all_performances
167,"Bingham, Kathryn",BYU,Big 12,400H,2023,JR-3,,,1:02.05,seconds,2023 BYU Robison Invitational,2023-04-19,,,,Outdoor,https://www.tfrrs.org/results/80716/4897826/2023_BYU_Robison_Invitational/400-Hurdles,TFRRS all_performances
168,"Boggess, Meredith",BYU,Big 12,400H,2023,FR-1,,,1:03.50,seconds,2023 BYU Robison Invitational,2023-04-19,,,,Outdoor,https://www.tfrrs.org/results/80716/4897826/2023_BYU_Robison_Invitational/400-Hurdles,TFRRS all_performances
169,"Eaton, Madelyn",BYU,Big 12,400H,2023,JR-3,,,1:03.73,seconds,2023 BYU Robison Invitational,2023-04-19,,,,Outdoor,https://www.tfrrs.org/results/80716/4897826/2023_BYU_Robison_Invitational/400-Hurdles,TFRRS all_performances
170,"Barber, Marianne",BYU,Big 12,400m,2023,FR-1,,,54.46,seconds,2023 BYU Robison Invitational,2023-04-19,,,,Outdoor,https://www.tfrrs.org/results/80716/4897816/2023_BYU_Robison_Invitational/400-Meters,TFRRS all_performances
171,"Hawkins, Kira",BYU,Big 12,400m,2023,FR-1,,,1:00.66,seconds,2023 BYU Robison Invitational,2023-04-19,,,,Outdoor,https://www.tfrrs.org/results/80716/4897816/2023_BYU_Robison_Invitational/400-Meters,TFRRS all_performances
172,"Oblad, Sami",BYU,Big 12,400m,2023,JR-3,,,55.21,seconds,2023 BYU Robison Invitational,2023-04-19,,,,Outdoor,https://www.tfrrs.org/results/80716/4897816/2023_BYU_Robison_Invitational/400-Meters,TFRRS all_performances
173,"Pontius, Brilee",BYU,Big 12,400m,2023,SO-2,,,55.24,seconds,2023 BYU Robison Invitational,2023-04-19,,,,Outdoor,https://www.tfrrs.org/results/80716/4897816/2023_BYU_Robison_Invitational/400-Meters,TFRRS all_performances
174,"Seymour, Claire",BYU,Big 12,400m,2023,SR-4,,,53.90,seconds,2023 BYU Robison Invitational,2023-04-19,,,,Outdoor,https://www.tfrrs.org/results/80716/4897816/2023_BYU_Robison_Invitational/400-Meters,TFRRS all_performances
175,"Bonds, Zoey",BYU,Big 12,100H,2023,FR-1,,,14.20,seconds,Desert Heat Classic 2023,2023-04-29,,,0.3,Outdoor,https://www.tfrrs.org/results/76358/4881904/_Desert_Heat_Classic_2023/100-Hurdles,TFRRS all_performances
176,"Chenn, Eva",BYU,Big 12,100H,2023,FR-1,,,16.41,seconds,Desert Heat Classic 2023,2023-04-29,,,0.4,Outdoor,https://www.tfrrs.org/results/76358/4881904/_Desert_Heat_Classic_2023/100-Hurdles,TFRRS all_performances
177,"Eaton , Madelyn",BYU,Big 12,100H,2023,JR-3,,,15.39,seconds,Desert Heat Classic 2023,2023-04-29,,,0.4,Outdoor,https://www.tfrrs.org/results/76358/4881904/_Desert_Heat_Classic_2023/100-Hurdles,TFRRS all_performances
178,"Lord, Tori",BYU,Big 12,100H,2023,FR-1,,,15.57,seconds,Desert Heat Classic 2023,2023-04-29,,,0.4,Outdoor,https://www.tfrrs.org/results/76358/4881904/_Desert_Heat_Classic_2023/100-Hurdles,TFRRS all_performances
179,"Middleton, Lindsey",BYU,Big 12,100H,2023,SO-2,,,14.15,seconds,Desert Heat Classic 2023,2023-04-29,,,0.5,Outdoor,https://www.tfrrs.org/results/76358/4881904/_Desert_Heat_Classic_2023/100-Hurdles,TFRRS all_performances
180,"Tabugbo, Adaobi",BYU,Big 12,100H,2023,JR-3,,,13.92,seconds,Desert Heat Classic 2023,2023-04-29,,,-1.5,Outdoor,https://www.tfrrs.org/results/76358/4881904/_Desert_Heat_Classic_2023/100-Hurdles,TFRRS all_performances
181,"Bingham, Kathryn",BYU,Big 12,400H,2023,JR-3,,,1:02.33,seconds,Desert Heat Classic 2023,2023-04-29,,,,Outdoor,https://www.tfrrs.org/results/76358/4881910/_Desert_Heat_Classic_2023/400-Hurdles,TFRRS all_performances
182,"Boggess, Meredith",BYU,Big 12,400H,2023,FR-1,,,1:03.78,seconds,Desert Heat Classic 2023,2023-04-29,,,,Outdoor,https://www.tfrrs.org/results/76358/4881910/_Desert_Heat_Classic_2023/400-Hurdles,TFRRS all_performances
183,"Eaton , Madelyn",BYU,Big 12,400H,2023,JR-3,,,1:03.27,seconds,Desert Heat Classic 2023,2023-04-29,,,,Outdoor,https://www.tfrrs.org/results/76358/4881910/_Desert_Heat_Classic_2023/400-Hurdles,TFRRS all_performances
184,"Middleton, Lindsey",BYU,Big 12,400H,2023,SO-2,,,1:02.63,seconds,Desert Heat Classic 2023,2023-04-29,,,,Outdoor,https://www.tfrrs.org/results/76358/4881910/_Desert_Heat_Classic_2023/400-Hurdles,TFRRS all_performances
185,"Oblad, Sami",BYU,Big 12,400m,2023,JR-3,,,56.37,seconds,Desert Heat Classic 2023,2023-04-29,,,,Outdoor,https://www.tfrrs.org/results/76358/4881902/_Desert_Heat_Classic_2023/400-Meters,TFRRS all_performances
186,"Pontius, Brilee",BYU,Big 12,400m,2023,SO-2,,,54.81,seconds,Desert Heat Classic 2023,2023-04-29,,,,Outdoor,https://www.tfrrs.org/results/76358/4881902/_Desert_Heat_Classic_2023/400-Meters,TFRRS all_performances
187,"Chenn, Eva",BYU,Big 12,Long Jump,2023,FR-1,,,4.46,m,Desert Heat Classic 2023,2023-04-29,,,0.3,Outdoor,https://www.tfrrs.org/results/76358/4881922/_Desert_Heat_Classic_2023/Long-Jump,TFRRS all_performances
188,"Chenn, Eva",BYU,Big 12,Long Jump,2023,FR-1,,,4.48,m,Desert Heat Classic 2023,2023-04-29,,,1.1,Outdoor,https://www.tfrrs.org/results/76358/4881922/_Desert_Heat_Classic_2023/Long-Jump,TFRRS all_performances
189,"Chenn, Eva",BYU,Big 12,Long Jump,2023,FR-1,,,4.49,m,Desert Heat Classic 2023,2023-04-29,,,+0.0,Outdoor,https://www.tfrrs.org/results/76358/4881922/_Desert_Heat_Classic_2023/Long-Jump,TFRRS all_performances
190,"Lord, Tori",BYU,Big 12,Long Jump,2023,FR-1,,,4.47,m,Desert Heat Classic 2023,2023-04-29,,,1.1,Outdoor,https://www.tfrrs.org/results/76358/4881922/_Desert_Heat_Classic_2023/Long-Jump,TFRRS all_performances
191,"Lord, Tori",BYU,Big 12,Long Jump,2023,FR-1,,,4.63,m,Desert Heat Classic 2023,2023-04-29,,,+0.0,Outdoor,https://www.tfrrs.org/results/76358/4881922/_Desert_Heat_Classic_2023/Long-Jump,TFRRS all_performances
192,"Lord, Tori",BYU,Big 12,Long Jump,2023,FR-1,,,4.70,m,Desert Heat Classic 2023,2023-04-29,,,+0.0,Outdoor,https://www.tfrrs.org/results/76358/4881922/_Desert_Heat_Classic_2023/Long-Jump,TFRRS all_performances
193,"Bonds, Zoey",BYU,Big 12,100H,2023,FR-1,,,14.27,seconds,2023 BYU Westminster Dual,2023-05-03,,,-1.2,Outdoor,https://www.tfrrs.org/results/81019/4914401/2023_BYU_Westminster_Dual/100-Hurdles,TFRRS all_performances
194,"Chenn, Eva",BYU,Big 12,100H,2023,,,,16.51,seconds,2023 BYU Westminster Dual,2023-05-03,,,-1.2,Outdoor,https://www.tfrrs.org/results/81019/4914401/2023_BYU_Westminster_Dual/100-Hurdles,TFRRS all_performances
195,"Lord, Tori",BYU,Big 12,100H,2023,,,,16.18,seconds,2023 BYU Westminster Dual,2023-05-03,,,-1.2,Outdoor,https://www.tfrrs.org/results/81019/4914401/2023_BYU_Westminster_Dual/100-Hurdles,TFRRS all_performances
196,"Bingham, Kathryn",BYU,Big 12,400H,2023,JR-3,,,1:01.06,seconds,2023 BYU Westminster Dual,2023-05-03,,,,Outdoor,https://www.tfrrs.org/results/81019/4914390/2023_BYU_Westminster_Dual/400-Hurdles,TFRRS all_performances
197,"Boggess, Meredith",BYU,Big 12,400H,2023,FR-1,,,1:02.33,seconds,2023 BYU Westminster Dual,2023-05-03,,,,Outdoor,https://www.tfrrs.org/results/81019/4914390/2023_BYU_Westminster_Dual/400-Hurdles,TFRRS all_performances
198,"Eaton, Madelyn",BYU,Big 12,400H,2023,JR-3,,,1:02.78,seconds,2023 BYU Westminster Dual,2023-05-03,,,,Outdoor,https://www.tfrrs.org/results/81019/4914390/2023_BYU_Westminster_Dual/400-Hurdles,TFRRS all_performances
199,"Chenn, Eva",BYU,Big 12,100H,2023,,,,16.09,seconds,BYU Cougar Invitational,2023-05-12,,,+0.0,Outdoor,https://www.tfrrs.org/results/81215/4928571/BYU_Cougar_Invitational/100-Hurdles,TFRRS all_performances
200,"Lord, Tori",BYU,Big 12,100H,2023,,,,15.47,seconds,BYU Cougar Invitational,2023-05-12,,,+0.0,Outdoor,https://www.tfrrs.org/results/81215/4928571/BYU_Cougar_Invitational/100-Hurdles,TFRRS all_performances
201,"Bingham, Kathryn",BYU,Big 12,400H,2023,JR-3,,,1:01.13,seconds,BYU Cougar Invitational,2023-05-12,,,,Outdoor,https://www.tfrrs.org/results/81215/4928530/BYU_Cougar_Invitational/400-Hurdles,TFRRS all_performances
202,"Boggess, Meredith",BYU,Big 12,400H,2023,FR-1,,,1:01.76,seconds,BYU Cougar Invitational,2023-05-12,,,,Outdoor,https://www.tfrrs.org/results/81215/4928530/BYU_Cougar_Invitational/400-Hurdles,TFRRS all_performances
203,"Boggess, Meredith",BYU,Big 12,400H,2023,FR-1,,,1:02.43,seconds,BYU Cougar Invitational,2023-05-12,,,,Outdoor,https://www.tfrrs.org/results/81215/4928530/BYU_Cougar_Invitational/400-Hurdles,TFRRS all_performances
204,"Eaton, Madelyn",BYU,Big 12,400H,2023,JR-3,,,1:02.14,seconds,BYU Cougar Invitational,2023-05-12,,,,Outdoor,https://www.tfrrs.org/results/81215/4928530/BYU_Cougar_Invitational/400-Hurdles,TFRRS all_performances
205,"Eaton, Madelyn",BYU,Big 12,400H,2023,JR-3,,,1:03.96,seconds,BYU Cougar Invitational,2023-05-12,,,,Outdoor,https://www.tfrrs.org/results/81215/4928530/BYU_Cougar_Invitational/400-Hurdles,TFRRS all_performances
206,"Middleton, Lindsey",BYU,Big 12,400H,2023,SO-2,,,1:01.27,seconds,BYU Cougar Invitational,2023-05-12,,,,Outdoor,https://www.tfrrs.org/results/81215/4928530/BYU_Cougar_Invitational/400-Hurdles,TFRRS all_performances
207,"Bingham, Kathryn",BYU,Big 12,400m,2023,JR-3,,,58.30,seconds,BYU Cougar Invitational,2023-05-12,,,,Outdoor,https://www.tfrrs.org/results/81215/4928526/BYU_Cougar_Invitational/400-Meters,TFRRS all_performances
208,"Hawkins, Kira",BYU,Big 12,400m,2023,FR-1,,,59.28,seconds,BYU Cougar Invitational,2023-05-12,,,,Outdoor,https://www.tfrrs.org/results/81215/4928526/BYU_Cougar_Invitational/400-Meters,TFRRS all_performances
209,"Oblad, Sami",BYU,Big 12,400m,2023,JR-3,,,54.85,seconds,BYU Cougar Invitational,2023-05-12,,,,Outdoor,https://www.tfrrs.org/results/81215/4928526/BYU_Cougar_Invitational/400-Meters,TFRRS all_performances
210,"Chenn, Eva",BYU,Big 12,Long Jump,2023,,,,4.31,m,BYU Cougar Invitational,2023-05-12,,,+0.0,Outdoor,https://www.tfrrs.org/results/81215/4928575/BYU_Cougar_Invitational/Long-Jump,TFRRS all_performances
211,"Chenn, Eva",BYU,Big 12,Long Jump,2023,,,,4.49,m,BYU Cougar Invitational,2023-05-12,,,1.7,Outdoor,https://www.tfrrs.org/results/81215/4928575/BYU_Cougar_Invitational/Long-Jump,TFRRS all_performances
212,"Chenn, Eva",BYU,Big 12,Long Jump,2023,,,,4.53,m,BYU Cougar Invitational,2023-05-12,,,0.3,Outdoor,https://www.tfrrs.org/results/81215/4928575/BYU_Cougar_Invitational/Long-Jump,TFRRS all_performances
213,"Lord, Tori",BYU,Big 12,Long Jump,2023,,,,4.67,m,BYU Cougar Invitational,2023-05-12,,,0.3,Outdoor,https://www.tfrrs.org/results/81215/4928575/BYU_Cougar_Invitational/Long-Jump,TFRRS all_performances
214,"Lord, Tori",BYU,Big 12,Long Jump,2023,,,,4.91,m,BYU Cougar Invitational,2023-05-12,,,1.6,Outdoor,https://www.tfrrs.org/results/81215/4928575/BYU_Cougar_Invitational/Long-Jump,TFRRS all_performances
215,"Tabugbo, Adaobi",BYU,Big 12,100H,2023,JR-3,,,13.29,seconds,NCAA West Preliminary Round,2023-05-24,,,0.8,Outdoor,https://www.tfrrs.org/results/81275/4936756/NCAA_West_Preliminary_Round/100-Hurdles,TFRRS all_performances
216,"Tabugbo, Adaobi",BYU,Big 12,100H,2023,JR-3,,,13.33,seconds,NCAA West Preliminary Round,2023-05-24,,,0.8,Outdoor,https://www.tfrrs.org/results/81275/4936756/NCAA_West_Preliminary_Round/100-Hurdles,TFRRS all_performances
217,"Scott, Alexandra",Baylor,Big 12,400H,2023,FR-1,,,1:02.11,seconds,Clyde Hart Classic,2023-03-24,,,,Outdoor,https://www.tfrrs.org/results/75340/4747625/Clyde_Hart_Classic/400-Hurdles,TFRRS all_performances
218,"Williamson, Audrey",Baylor,Big 12,400H,2023,SO-2,,,1:05.66,seconds,Clyde Hart Classic,2023-03-24,,,,Outdoor,https://www.tfrrs.org/results/75340/4747625/Clyde_Hart_Classic/400-Hurdles,TFRRS all_performances
219,"Ayers, Mariah",Baylor,Big 12,400m,2023,JR-3,,,53.32,seconds,Clyde Hart Classic,2023-03-24,,,,Outdoor,https://www.tfrrs.org/results/75340/4747655/Clyde_Hart_Classic/400-Meters,TFRRS all_performances
220,"Kennard, Kourtney",Baylor,Big 12,400m,2023,SO-2,,,59.36,seconds,Clyde Hart Classic,2023-03-24,,,,Outdoor,https://www.tfrrs.org/results/75340/4747655/Clyde_Hart_Classic/400-Meters,TFRRS all_performances
221,"Williams, Lily",Baylor,Big 12,400m,2023,SO-2,,,54.27,seconds,Clyde Hart Classic,2023-03-24,,,,Outdoor,https://www.tfrrs.org/results/75340/4747655/Clyde_Hart_Classic/400-Meters,TFRRS all_performances
222,"Ealy, Keviah",Baylor,Big 12,Long Jump,2023,FR-1,,,5.61,m,Clyde Hart Classic,2023-03-24,,,-1.0,Outdoor,https://www.tfrrs.org/results/75340/4747642/Clyde_Hart_Classic/Long-Jump,TFRRS all_performances
223,"Ealy, Keviah",Baylor,Big 12,Long Jump,2023,FR-1,,,5.70,m,Clyde Hart Classic,2023-03-24,,,-1.0,Outdoor,https://www.tfrrs.org/results/75340/4747642/Clyde_Hart_Classic/Long-Jump,TFRRS all_performances
224,"Ealy, Keviah",Baylor,Big 12,Long Jump,2023,FR-1,,,5.85,m,Clyde Hart Classic,2023-03-24,,,1.2,Outdoor,https://www.tfrrs.org/results/75340/4747642/Clyde_Hart_Classic/Long-Jump,TFRRS all_performances
225,"Fitzgerald, Nikayla",Baylor,Big 12,Long Jump,2023,SO-2,,,5.42,m,Clyde Hart Classic,2023-03-24,,,-2.0,Outdoor,https://www.tfrrs.org/results/75340/4747642/Clyde_Hart_Classic/Long-Jump,TFRRS all_performances
226,"Fitzgerald, Nikayla",Baylor,Big 12,Long Jump,2023,SO-2,,,5.61,m,Clyde Hart Classic,2023-03-24,,,-1.0,Outdoor,https://www.tfrrs.org/results/75340/4747642/Clyde_Hart_Classic/Long-Jump,TFRRS all_performances
227,"Fitzgerald, Nikayla",Baylor,Big 12,Long Jump,2023,SO-2,,,5.68,m,Clyde Hart Classic,2023-03-24,,,-3.0,Outdoor,https://www.tfrrs.org/results/75340/4747642/Clyde_Hart_Classic/Long-Jump,TFRRS all_performances
228,"Fitzgerald, Nikayla",Baylor,Big 12,Long Jump,2023,SO-2,,,5.74,m,Clyde Hart Classic,2023-03-24,,,1.1,Outdoor,https://www.tfrrs.org/results/75340/4747642/Clyde_Hart_Classic/Long-Jump,TFRRS all_performances
229,"Fitzgerald, Nikayla",Baylor,Big 12,Long Jump,2023,SO-2,,,5.85,m,Clyde Hart Classic,2023-03-24,,,-2.0,Outdoor,https://www.tfrrs.org/results/75340/4747642/Clyde_Hart_Classic/Long-Jump,TFRRS all_performances
230,"Johnson, Koi",Baylor,Big 12,Long Jump,2023,JR-3,,,5.66,m,Clyde Hart Classic,2023-03-24,,,0.1,Outdoor,https://www.tfrrs.org/results/75340/4747642/Clyde_Hart_Classic/Long-Jump,TFRRS all_performances
231,"Johnson, Koi",Baylor,Big 12,Long Jump,2023,JR-3,,,5.93,m,Clyde Hart Classic,2023-03-24,,,0.2,Outdoor,https://www.tfrrs.org/results/75340/4747642/Clyde_Hart_Classic/Long-Jump,TFRRS all_performances
232,"Johnson, Koi",Baylor,Big 12,Long Jump,2023,JR-3,,,6.02,m,Clyde Hart Classic,2023-03-24,,,-0.4,Outdoor,https://www.tfrrs.org/results/75340/4747642/Clyde_Hart_Classic/Long-Jump,TFRRS all_performances
233,"Rutenis, Alexandra",Baylor,Big 12,Long Jump,2023,SO-2,,,5.15,m,Clyde Hart Classic,2023-03-24,,,-1.8,Outdoor,https://www.tfrrs.org/results/75340/4747642/Clyde_Hart_Classic/Long-Jump,TFRRS all_performances
234,"Rutenis, Alexandra",Baylor,Big 12,Long Jump,2023,SO-2,,,5.36,m,Clyde Hart Classic,2023-03-24,,,-2.2,Outdoor,https://www.tfrrs.org/results/75340/4747642/Clyde_Hart_Classic/Long-Jump,TFRRS all_performances
235,"Rutenis, Alexandra",Baylor,Big 12,Long Jump,2023,SO-2,,,5.41,m,Clyde Hart Classic,2023-03-24,,,0.2,Outdoor,https://www.tfrrs.org/results/75340/4747642/Clyde_Hart_Classic/Long-Jump,TFRRS all_performances
236,"Gryne, Jasmine",Baylor,Big 12,400H,2023,SO-2,,,59.15,seconds,2023 95th Clyde Littlefield Texas Relays,2023-03-29,,,,Outdoor,https://www.tfrrs.org/results/77369/4767284/2023_95th_Clyde_Littlefield_Texas_Relays/400-Hurdles,TFRRS all_performances
237,"Morake, Gontse",Baylor,Big 12,400H,2023,JR-3,,,1:00.14,seconds,2023 95th Clyde Littlefield Texas Relays,2023-03-29,,,,Outdoor,https://www.tfrrs.org/results/77369/4767284/2023_95th_Clyde_Littlefield_Texas_Relays/400-Hurdles,TFRRS all_performances
238,"Scott, Alexandra",Baylor,Big 12,400H,2023,FR-1,,,1:02.18,seconds,2023 95th Clyde Littlefield Texas Relays,2023-03-29,,,,Outdoor,https://www.tfrrs.org/results/77369/4767401/2023_95th_Clyde_Littlefield_Texas_Relays/400-Hurdles,TFRRS all_performances
239,"Williamson, Audrey",Baylor,Big 12,400H,2023,SO-2,,,1:04.96,seconds,2023 95th Clyde Littlefield Texas Relays,2023-03-29,,,,Outdoor,https://www.tfrrs.org/results/77369/4767401/2023_95th_Clyde_Littlefield_Texas_Relays/400-Hurdles,TFRRS all_performances
240,"Johnson, Koi",Baylor,Big 12,Long Jump,2023,JR-3,,,6.10,m,2023 95th Clyde Littlefield Texas Relays,2023-03-29,,,2.0,Outdoor,https://www.tfrrs.org/results/77369/4767288/2023_95th_Clyde_Littlefield_Texas_Relays/Long-Jump,TFRRS all_performances
241,"Williamson, Audrey",Baylor,Big 12,400H,2023,SO-2,,,1:04.46,seconds,2023 North Texas Classic,2023-04-08,,,,Outdoor,https://www.tfrrs.org/results/78270/4798758/2023_North_Texas_Classic/400-Hurdles,TFRRS all_performances
242,"Fitzgerald, Nikayla",Baylor,Big 12,Long Jump,2023,SO-2,,,4.77,m,2023 North Texas Classic,2023-04-08,,,+0.0,Outdoor,https://www.tfrrs.org/results/78270/4798778/2023_North_Texas_Classic/Long-Jump,TFRRS all_performances
243,"Fitzgerald, Nikayla",Baylor,Big 12,Long Jump,2023,SO-2,,,5.52,m,2023 North Texas Classic,2023-04-08,,,+0.0,Outdoor,https://www.tfrrs.org/results/78270/4798778/2023_North_Texas_Classic/Long-Jump,TFRRS all_performances
244,"Fitzgerald, Nikayla",Baylor,Big 12,Long Jump,2023,SO-2,,,5.57,m,2023 North Texas Classic,2023-04-08,,,0.4,Outdoor,https://www.tfrrs.org/results/78270/4798778/2023_North_Texas_Classic/Long-Jump,TFRRS all_performances
245,"Fitzgerald, Nikayla",Baylor,Big 12,Long Jump,2023,SO-2,,,5.62,m,2023 North Texas Classic,2023-04-08,,,1.0,Outdoor,https://www.tfrrs.org/results/78270/4798778/2023_North_Texas_Classic/Long-Jump,TFRRS all_performances
246,"Fitzgerald, Nikayla",Baylor,Big 12,Long Jump,2023,SO-2,,,5.76,m,2023 North Texas Classic,2023-04-08,,,0.4,Outdoor,https://www.tfrrs.org/results/78270/4798778/2023_North_Texas_Classic/Long-Jump,TFRRS all_performances
247,"Rutenis, Alexandra",Baylor,Big 12,Long Jump,2023,SO-2,,,4.68,m,2023 North Texas Classic,2023-04-08,,,0.4,Outdoor,https://www.tfrrs.org/results/78270/4798778/2023_North_Texas_Classic/Long-Jump,TFRRS all_performances
248,"Rutenis, Alexandra",Baylor,Big 12,Long Jump,2023,SO-2,,,5.29,m,2023 North Texas Classic,2023-04-08,,,-0.3,Outdoor,https://www.tfrrs.org/results/78270/4798778/2023_North_Texas_Classic/Long-Jump,TFRRS all_performances
249,"Rutenis, Alexandra",Baylor,Big 12,Long Jump,2023,SO-2,,,5.36,m,2023 North Texas Classic,2023-04-08,,,-0.6,Outdoor,https://www.tfrrs.org/results/78270/4798778/2023_North_Texas_Classic/Long-Jump,TFRRS all_performances
250,"Gryne, Jasmine",Baylor,Big 12,400H,2023,SO-2,,,1:09.85,seconds,UF Tom Jones Memorial,2023-04-14,,,,Outdoor,https://www.tfrrs.org/results/78102/4824387/UF_Tom_Jones_Memorial/400-Hurdles,TFRRS all_performances
251,"Morake, Gontse",Baylor,Big 12,400H,2023,JR-3,,,57.46,seconds,UF Tom Jones Memorial,2023-04-14,,,,Outdoor,https://www.tfrrs.org/results/78102/4824387/UF_Tom_Jones_Memorial/400-Hurdles,TFRRS all_performances
252,"Ayers, Mariah",Baylor,Big 12,400m,2023,JR-3,,,52.25,seconds,UF Tom Jones Memorial,2023-04-14,,,,Outdoor,https://www.tfrrs.org/results/78102/4824405/UF_Tom_Jones_Memorial/400-Meters,TFRRS all_performances
253,"Francis, Kavia",Baylor,Big 12,400m,2023,SO-2,,,55.39,seconds,UF Tom Jones Memorial,2023-04-14,,,,Outdoor,https://www.tfrrs.org/results/78102/4824405/UF_Tom_Jones_Memorial/400-Meters,TFRRS all_performances
254,"Nse Uko, Imaobong",Baylor,Big 12,400m,2023,SO-2,,,52.10,seconds,UF Tom Jones Memorial,2023-04-14,,,,Outdoor,https://www.tfrrs.org/results/78102/4824405/UF_Tom_Jones_Memorial/400-Meters,TFRRS all_performances
255,"Fitzgerald, Nikayla",Baylor,Big 12,Long Jump,2023,SO-2,,,4.83,m,UF Tom Jones Memorial,2023-04-14,,,-0.8,Outdoor,https://www.tfrrs.org/results/78102/4824431/UF_Tom_Jones_Memorial/Long-Jump,TFRRS all_performances
256,"Fitzgerald, Nikayla",Baylor,Big 12,Long Jump,2023,SO-2,,,5.00,m,UF Tom Jones Memorial,2023-04-14,,,-2.0,Outdoor,https://www.tfrrs.org/results/78102/4824431/UF_Tom_Jones_Memorial/Long-Jump,TFRRS all_performances
257,"Johnson, Koi",Baylor,Big 12,Long Jump,2023,JR-3,,,5.21,m,UF Tom Jones Memorial,2023-04-14,,,-0.9,Outdoor,https://www.tfrrs.org/results/78102/4824431/UF_Tom_Jones_Memorial/Long-Jump,TFRRS all_performances
258,"Gryne, Jasmine",Baylor,Big 12,400H,2023,SO-2,,,1:00.40,seconds,Michael Johnson Invitational,2023-04-21,,,,Outdoor,https://www.tfrrs.org/results/75342/4853626/Michael_Johnson_Invitational/400-Hurdles,TFRRS all_performances
259,"Scott, Alexandra",Baylor,Big 12,400H,2023,FR-1,,,1:00.95,seconds,Michael Johnson Invitational,2023-04-21,,,,Outdoor,https://www.tfrrs.org/results/75342/4853626/Michael_Johnson_Invitational/400-Hurdles,TFRRS all_performances
260,"Williamson, Audrey",Baylor,Big 12,400H,2023,SO-2,,,1:04.60,seconds,Michael Johnson Invitational,2023-04-21,,,,Outdoor,https://www.tfrrs.org/results/75342/4853626/Michael_Johnson_Invitational/400-Hurdles,TFRRS all_performances
261,"Nse Uko, Imaobong",Baylor,Big 12,400m,2023,SO-2,,,51.66,seconds,Michael Johnson Invitational,2023-04-21,,,,Outdoor,https://www.tfrrs.org/results/75342/4853633/Michael_Johnson_Invitational/400-Meters,TFRRS all_performances
262,"Johnson, Koi",Baylor,Big 12,Long Jump,2023,JR-3,,,5.81,m,Michael Johnson Invitational,2023-04-21,,,0.4,Outdoor,https://www.tfrrs.org/results/75342/4853607/Michael_Johnson_Invitational/Long-Jump,TFRRS all_performances
263,"Johnson, Koi",Baylor,Big 12,Long Jump,2023,JR-3,,,6.11,m,Michael Johnson Invitational,2023-04-21,,,1.8,Outdoor,https://www.tfrrs.org/results/75342/4853607/Michael_Johnson_Invitational/Long-Jump,TFRRS all_performances
264,"Rutenis, Alexandra",Baylor,Big 12,Long Jump,2023,SO-2,,,5.48,m,Michael Johnson Invitational,2023-04-21,,,0.6,Outdoor,https://www.tfrrs.org/results/75342/4853607/Michael_Johnson_Invitational/Long-Jump,TFRRS all_performances
265,"Gryne, Jasmine",Baylor,Big 12,400H,2023,SO-2,,,59.54,seconds,LSU Invitational,2023-04-29,,,,Outdoor,https://www.tfrrs.org/results/78407/4880391/LSU_Invitational/400-Hurdles,TFRRS all_performances
266,"Morake, Gontse",Baylor,Big 12,400H,2023,JR-3,,,58.04,seconds,LSU Invitational,2023-04-29,,,,Outdoor,https://www.tfrrs.org/results/78407/4880391/LSU_Invitational/400-Hurdles,TFRRS all_performances
267,"Scott, Alexandra",Baylor,Big 12,400H,2023,FR-1,,,1:01.17,seconds,LSU Invitational,2023-04-29,,,,Outdoor,https://www.tfrrs.org/results/78407/4880391/LSU_Invitational/400-Hurdles,TFRRS all_performances
268,"Nse Uko, Imaobong",Baylor,Big 12,400m,2023,SO-2,,,51.89,seconds,LSU Invitational,2023-04-29,,,,Outdoor,https://www.tfrrs.org/results/78407/4880389/LSU_Invitational/400-Meters,TFRRS all_performances
269,"Ealy, Keviah",Baylor,Big 12,Long Jump,2023,FR-1,,,5.49,m,LSU Invitational,2023-04-29,,,-0.5,Outdoor,https://www.tfrrs.org/results/78407/4880371/LSU_Invitational/Long-Jump,TFRRS all_performances
270,"Fitzgerald, Nikayla",Baylor,Big 12,Long Jump,2023,SO-2,,,5.51,m,LSU Invitational,2023-04-29,,,-0.9,Outdoor,https://www.tfrrs.org/results/78407/4880371/LSU_Invitational/Long-Jump,TFRRS all_performances
271,"Fitzgerald, Nikayla",Baylor,Big 12,Long Jump,2023,SO-2,,,5.62,m,LSU Invitational,2023-04-29,,,1.2,Outdoor,https://www.tfrrs.org/results/78407/4880371/LSU_Invitational/Long-Jump,TFRRS all_performances
272,"Fitzgerald, Nikayla",Baylor,Big 12,Long Jump,2023,SO-2,,,5.65,m,LSU Invitational,2023-04-29,,,1.3,Outdoor,https://www.tfrrs.org/results/78407/4880371/LSU_Invitational/Long-Jump,TFRRS all_performances
273,"Morake, Gontse",Baylor,Big 12,400H,2023,JR-3,,,57.02,seconds,Big 12 Outdoor Track & Field Championships,2023-05-12,,,,Outdoor,https://www.tfrrs.org/results/79703/4926667/Big_12_Outdoor_Track__Field_Championships/400-Hurdles,TFRRS all_performances
274,"Morake, Gontse",Baylor,Big 12,400H,2023,JR-3,,,57.43,seconds,Big 12 Outdoor Track & Field Championships,2023-05-12,,,,Outdoor,https://www.tfrrs.org/results/79703/4926667/Big_12_Outdoor_Track__Field_Championships/400-Hurdles,TFRRS all_performances
275,"Scott, Alexandra",Baylor,Big 12,400H,2023,FR-1,,,1:03.23,seconds,Big 12 Outdoor Track & Field Championships,2023-05-12,,,,Outdoor,https://www.tfrrs.org/results/79703/4926667/Big_12_Outdoor_Track__Field_Championships/400-Hurdles,TFRRS all_performances
276,"Ayers, Mariah",Baylor,Big 12,400m,2023,JR-3,,,52.11,seconds,Big 12 Outdoor Track & Field Championships,2023-05-12,,,,Outdoor,https://www.tfrrs.org/results/79703/4926704/Big_12_Outdoor_Track__Field_Championships/400-Meters,TFRRS all_performances
277,"Ayers, Mariah",Baylor,Big 12,400m,2023,JR-3,,,52.19,seconds,Big 12 Outdoor Track & Field Championships,2023-05-12,,,,Outdoor,https://www.tfrrs.org/results/79703/4926704/Big_12_Outdoor_Track__Field_Championships/400-Meters,TFRRS all_performances
278,"Francis, Kavia",Baylor,Big 12,400m,2023,SO-2,,,55.07,seconds,Big 12 Outdoor Track & Field Championships,2023-05-12,,,,Outdoor,https://www.tfrrs.org/results/79703/4926704/Big_12_Outdoor_Track__Field_Championships/400-Meters,TFRRS all_performances
279,"Nse Uko, Imaobong",Baylor,Big 12,400m,2023,SO-2,,,52.13,seconds,Big 12 Outdoor Track & Field Championships,2023-05-12,,,,Outdoor,https://www.tfrrs.org/results/79703/4926704/Big_12_Outdoor_Track__Field_Championships/400-Meters,TFRRS all_performances
280,"Nse Uko, Imaobong",Baylor,Big 12,400m,2023,SO-2,,,52.20,seconds,Big 12 Outdoor Track & Field Championships,2023-05-12,,,,Outdoor,https://www.tfrrs.org/results/79703/4926704/Big_12_Outdoor_Track__Field_Championships/400-Meters,TFRRS all_performances
281,"Ealy, Keviah",Baylor,Big 12,Long Jump,2023,FR-1,,,5.87,m,Big 12 Outdoor Track & Field Championships,2023-05-12,,,+0.0,Outdoor,https://www.tfrrs.org/results/79703/4926684/Big_12_Outdoor_Track__Field_Championships/Long-Jump,TFRRS all_performances
282,"Ealy, Keviah",Baylor,Big 12,Long Jump,2023,FR-1,,,6.10,m,Big 12 Outdoor Track & Field Championships,2023-05-12,,,-0.4,Outdoor,https://www.tfrrs.org/results/79703/4926684/Big_12_Outdoor_Track__Field_Championships/Long-Jump,TFRRS all_performances
283,"Fitzgerald, Nikayla",Baylor,Big 12,Long Jump,2023,SO-2,,,5.53,m,Big 12 Outdoor Track & Field Championships,2023-05-12,,,+0.0,Outdoor,https://www.tfrrs.org/results/79703/4926684/Big_12_Outdoor_Track__Field_Championships/Long-Jump,TFRRS all_performances
284,"Fitzgerald, Nikayla",Baylor,Big 12,Long Jump,2023,SO-2,,,5.55,m,Big 12 Outdoor Track & Field Championships,2023-05-12,,,-0.1,Outdoor,https://www.tfrrs.org/results/79703/4926684/Big_12_Outdoor_Track__Field_Championships/Long-Jump,TFRRS all_performances
285,"Fitzgerald, Nikayla",Baylor,Big 12,Long Jump,2023,SO-2,,,5.56,m,Big 12 Outdoor Track & Field Championships,2023-05-12,,,+0.0,Outdoor,https://www.tfrrs.org/results/79703/4926684/Big_12_Outdoor_Track__Field_Championships/Long-Jump,TFRRS all_performances
286,"Johnson, Koi",Baylor,Big 12,Long Jump,2023,JR-3,,,4.60,m,Big 12 Outdoor Track & Field Championships,2023-05-12,,,0.9,Outdoor,https://www.tfrrs.org/results/79703/4926684/Big_12_Outdoor_Track__Field_Championships/Long-Jump,TFRRS all_performances
287,"Johnson, Koi",Baylor,Big 12,Long Jump,2023,JR-3,,,5.78,m,Big 12 Outdoor Track & Field Championships,2023-05-12,,,0.8,Outdoor,https://www.tfrrs.org/results/79703/4926684/Big_12_Outdoor_Track__Field_Championships/Long-Jump,TFRRS all_performances
288,"Gryne, Jasmine",Baylor,Big 12,400H,2023,SO-2,,,58.83,seconds,NCAA West Preliminary Round,2023-05-24,,,,Outdoor,https://www.tfrrs.org/results/81275/4936760/NCAA_West_Preliminary_Round/400-Hurdles,TFRRS all_performances
289,"Gryne, Jasmine",Baylor,Big 12,400H,2023,SO-2,,,59.44,seconds,NCAA West Preliminary Round,2023-05-24,,,,Outdoor,https://www.tfrrs.org/results/81275/4936760/NCAA_West_Preliminary_Round/400-Hurdles,TFRRS all_performances
290,"Morake, Gontse",Baylor,Big 12,400H,2023,JR-3,,,56.33,seconds,NCAA West Preliminary Round,2023-05-24,,,,Outdoor,https://www.tfrrs.org/results/81275/4936760/NCAA_West_Preliminary_Round/400-Hurdles,TFRRS all_performances
291,"Morake, Gontse",Baylor,Big 12,400H,2023,JR-3,,,56.64,seconds,NCAA West Preliminary Round,2023-05-24,,,,Outdoor,https://www.tfrrs.org/results/81275/4936760/NCAA_West_Preliminary_Round/400-Hurdles,TFRRS all_performances
292,"Nse Uko, Imaobong",Baylor,Big 12,400m,2023,SO-2,,,51.51,seconds,NCAA West Preliminary Round,2023-05-24,,,,Outdoor,https://www.tfrrs.org/results/81275/4936765/NCAA_West_Preliminary_Round/400-Meters,TFRRS all_performances
293,"Nse Uko, Imaobong",Baylor,Big 12,400m,2023,SO-2,,,51.86,seconds,NCAA West Preliminary Round,2023-05-24,,,,Outdoor,https://www.tfrrs.org/results/81275/4936765/NCAA_West_Preliminary_Round/400-Meters,TFRRS all_performances
294,"Johnson, Koi",Baylor,Big 12,Long Jump,2023,JR-3,,,5.86,m,NCAA West Preliminary Round,2023-05-24,,,1.7,Outdoor,https://www.tfrrs.org/results/81275/4936740/NCAA_West_Preliminary_Round/Long-Jump,TFRRS all_performances
295,"Morake, Gontse",Baylor,Big 12,400H,2023,JR-3,,,56.43,seconds,NCAA Division I Outdoor Track & Field Championships,2023-06-07,,,,Outdoor,https://www.tfrrs.org/results/81300/4938124/NCAA_Division_I_Outdoor_Track__Field_Championships/400-Hurdles,TFRRS all_performances
296,"Morake, Gontse",Baylor,Big 12,400H,2023,JR-3,,,57.34,seconds,Trackwired Arkansas Grand Prix,2023-06-23,,,,Outdoor,https://www.tfrrs.org/results/81278/4938725/Trackwired_Arkansas_Grand_Prix/400-Hurdles,TFRRS all_performances
297,"Nse Uko, Imaobong",Baylor,Big 12,400m,2023,SO-2,,,51.71,seconds,Trackwired Arkansas Grand Prix,2023-06-23,,,,Outdoor,https://www.tfrrs.org/results/81278/4938717/Trackwired_Arkansas_Grand_Prix/400-Meters,TFRRS all_performances
298,"Fisher, Kiersten",Iowa State,Big 12,100H,2023,FR-1,,,14.40,seconds,UCF Black and Gold Invite,2023-03-17,,,1.0,Outdoor,https://www.tfrrs.org/results/77632/4732613/UCF_Black_and_Gold_Invite/100-Hurdles,TFRRS all_performances
299,"Ruffener, Katie",Iowa State,Big 12,100H,2023,FR-1,,,14.63,seconds,UCF Black and Gold Invite,2023-03-17,,,1.0,Outdoor,https://www.tfrrs.org/results/77632/4732613/UCF_Black_and_Gold_Invite/100-Hurdles,TFRRS all_performances
300,"Barnes, Bria",Iowa State,Big 12,400H,2023,JR-3,,,1:01.95,seconds,UCF Black and Gold Invite,2023-03-17,,,,Outdoor,https://www.tfrrs.org/results/77632/4732599/UCF_Black_and_Gold_Invite/400-Hurdles,TFRRS all_performances
301,"Carney, Mackenzie",Iowa State,Big 12,400H,2023,FR-1,,,1:05.41,seconds,UCF Black and Gold Invite,2023-03-17,,,,Outdoor,https://www.tfrrs.org/results/77632/4732599/UCF_Black_and_Gold_Invite/400-Hurdles,TFRRS all_performances
302,"Cinnamo, Ava",Iowa State,Big 12,400H,2023,FR-1,,,1:03.60,seconds,UCF Black and Gold Invite,2023-03-17,,,,Outdoor,https://www.tfrrs.org/results/77632/4732599/UCF_Black_and_Gold_Invite/400-Hurdles,TFRRS all_performances
303,"Hall, Kaylyn",Iowa State,Big 12,400H,2023,SR-4,,,1:00.30,seconds,UCF Black and Gold Invite,2023-03-17,,,,Outdoor,https://www.tfrrs.org/results/77632/4732599/UCF_Black_and_Gold_Invite/400-Hurdles,TFRRS all_performances
304,"Amos, Zakiyah",Iowa State,Big 12,400m,2023,SR-4,,,54.49,seconds,UCF Black and Gold Invite,2023-03-17,,,,Outdoor,https://www.tfrrs.org/results/77632/4732590/UCF_Black_and_Gold_Invite/400-Meters,TFRRS all_performances
305,"Christianson, Kinsey",Iowa State,Big 12,400m,2023,FR-1,,,59.28,seconds,UCF Black and Gold Invite,2023-03-17,,,,Outdoor,https://www.tfrrs.org/results/77632/4732590/UCF_Black_and_Gold_Invite/400-Meters,TFRRS all_performances
306,"Clark, Makayla",Iowa State,Big 12,400m,2023,FR-1,,,56.57,seconds,UCF Black and Gold Invite,2023-03-17,,,,Outdoor,https://www.tfrrs.org/results/77632/4732590/UCF_Black_and_Gold_Invite/400-Meters,TFRRS all_performances
307,"Cinnamo, Ava",Iowa State,Big 12,100H,2023,FR-1,,,14.81,seconds,44th Aztec Invitational,2023-03-23,,,1.2,Outdoor,https://www.tfrrs.org/results/77705/4759767/44th_Aztec_Invitational/100-Hurdles,TFRRS all_performances
308,"Fisher, Kiersten",Iowa State,Big 12,100H,2023,FR-1,,,14.62,seconds,44th Aztec Invitational,2023-03-23,,,0.4,Outdoor,https://www.tfrrs.org/results/77705/4759767/44th_Aztec_Invitational/100-Hurdles,TFRRS all_performances
309,"Willits, Sydney",Iowa State,Big 12,100H,2023,SO-2,,,14.68,seconds,44th Aztec Invitational,2023-03-23,,,-1.3,Outdoor,https://www.tfrrs.org/results/77705/4759767/44th_Aztec_Invitational/100-Hurdles,TFRRS all_performances
310,"Cinnamo, Ava",Iowa State,Big 12,Long Jump,2023,FR-1,,,5.30,m,44th Aztec Invitational,2023-03-23,,,1.3,Outdoor,https://www.tfrrs.org/results/77705/4759771/44th_Aztec_Invitational/Long-Jump,TFRRS all_performances
311,"Cinnamo, Ava",Iowa State,Big 12,Long Jump,2023,FR-1,,,5.47,m,44th Aztec Invitational,2023-03-23,,,2.0,Outdoor,https://www.tfrrs.org/results/77705/4759771/44th_Aztec_Invitational/Long-Jump,TFRRS all_performances
312,"Cinnamo, Ava",Iowa State,Big 12,Long Jump,2023,FR-1,,,5.71,m,44th Aztec Invitational,2023-03-23,,,0.7,Outdoor,https://www.tfrrs.org/results/77705/4759771/44th_Aztec_Invitational/Long-Jump,TFRRS all_performances
313,"Fisher, Kiersten",Iowa State,Big 12,Long Jump,2023,FR-1,,,5.33,m,44th Aztec Invitational,2023-03-23,,,0.9,Outdoor,https://www.tfrrs.org/results/77705/4759771/44th_Aztec_Invitational/Long-Jump,TFRRS all_performances
314,"Fisher, Kiersten",Iowa State,Big 12,Long Jump,2023,FR-1,,,5.39,m,44th Aztec Invitational,2023-03-23,,,+0.0,Outdoor,https://www.tfrrs.org/results/77705/4759771/44th_Aztec_Invitational/Long-Jump,TFRRS all_performances
315,"Fisher, Kiersten",Iowa State,Big 12,Long Jump,2023,FR-1,,,5.55,m,44th Aztec Invitational,2023-03-23,,,0.7,Outdoor,https://www.tfrrs.org/results/77705/4759771/44th_Aztec_Invitational/Long-Jump,TFRRS all_performances
316,"Willits, Sydney",Iowa State,Big 12,Long Jump,2023,SO-2,,,5.46,m,44th Aztec Invitational,2023-03-23,,,0.4,Outdoor,https://www.tfrrs.org/results/77705/4759771/44th_Aztec_Invitational/Long-Jump,TFRRS all_performances
317,"Willits, Sydney",Iowa State,Big 12,Long Jump,2023,SO-2,,,5.60,m,44th Aztec Invitational,2023-03-23,,,+0.0,Outdoor,https://www.tfrrs.org/results/77705/4759771/44th_Aztec_Invitational/Long-Jump,TFRRS all_performances
318,"Willits, Sydney",Iowa State,Big 12,Long Jump,2023,SO-2,,,5.75,m,44th Aztec Invitational,2023-03-23,,,1.2,Outdoor,https://www.tfrrs.org/results/77705/4759771/44th_Aztec_Invitational/Long-Jump,TFRRS all_performances
319,"Amos, Zakiyah",Iowa State,Big 12,400H,2023,SR-4,,,1:00.56,seconds,2023 95th Clyde Littlefield Texas Relays,2023-03-29,,,,Outdoor,https://www.tfrrs.org/results/77369/4767401/2023_95th_Clyde_Littlefield_Texas_Relays/400-Hurdles,TFRRS all_performances
320,"Carney, Mackenzie",Iowa State,Big 12,400H,2023,FR-1,,,1:06.61,seconds,2023 95th Clyde Littlefield Texas Relays,2023-03-29,,,,Outdoor,https://www.tfrrs.org/results/77369/4767401/2023_95th_Clyde_Littlefield_Texas_Relays/400-Hurdles,TFRRS all_performances
321,"Carney, Mackenzie",Iowa State,Big 12,100H,2023,FR-1,,,14.87,seconds,Dutch Invitational 2023,2023-04-07,,,1.1,Outdoor,https://www.tfrrs.org/results/78498/4794615/Dutch_Invitational_2023/100-Hurdles,TFRRS all_performances
322,"Cinnamo, Ava",Iowa State,Big 12,100H,2023,FR-1,,,14.64,seconds,Dutch Invitational 2023,2023-04-07,,,1.1,Outdoor,https://www.tfrrs.org/results/78498/4794615/Dutch_Invitational_2023/100-Hurdles,TFRRS all_performances
323,"Gubbels, Kailynn",Iowa State,Big 12,100H,2023,FR-1,,,15.27,seconds,Dutch Invitational 2023,2023-04-07,,,1.1,Outdoor,https://www.tfrrs.org/results/78498/4794615/Dutch_Invitational_2023/100-Hurdles,TFRRS all_performances
324,"Ruffener, Katie",Iowa State,Big 12,100H,2023,FR-1,,,14.17,seconds,Dutch Invitational 2023,2023-04-07,,,1.1,Outdoor,https://www.tfrrs.org/results/78498/4794615/Dutch_Invitational_2023/100-Hurdles,TFRRS all_performances
325,"Willits, Sydney",Iowa State,Big 12,100H,2023,SO-2,,,17.26,seconds,Dutch Invitational 2023,2023-04-07,,,1.1,Outdoor,https://www.tfrrs.org/results/78498/4794615/Dutch_Invitational_2023/100-Hurdles,TFRRS all_performances
326,"Carney, Mackenzie",Iowa State,Big 12,400H,2023,FR-1,,,1:04.42,seconds,Dutch Invitational 2023,2023-04-07,,,,Outdoor,https://www.tfrrs.org/results/78498/4794604/Dutch_Invitational_2023/400-Hurdles,TFRRS all_performances
327,"Ruffener, Katie",Iowa State,Big 12,400H,2023,FR-1,,,1:09.07,seconds,Dutch Invitational 2023,2023-04-07,,,,Outdoor,https://www.tfrrs.org/results/78498/4794604/Dutch_Invitational_2023/400-Hurdles,TFRRS all_performances
328,"Willits, Sydney",Iowa State,Big 12,Long Jump,2023,SO-2,,,0.64,m,Dutch Invitational 2023,2023-04-07,,,1.2,Outdoor,https://www.tfrrs.org/results/78498/4794634/Dutch_Invitational_2023/Long-Jump,TFRRS all_performances
329,"Willits, Sydney",Iowa State,Big 12,Long Jump,2023,SO-2,,,6.21,m,Dutch Invitational 2023,2023-04-07,,,1.7,Outdoor,https://www.tfrrs.org/results/78498/4794634/Dutch_Invitational_2023/Long-Jump,TFRRS all_performances
330,"Fisher, Kiersten",Iowa State,Big 12,100H,2023,FR-1,,,14.26,seconds,2023 Bryan Clay Invitational,2023-04-13,,,0.9,Outdoor,https://www.tfrrs.org/results/76221/4898410/2023_Bryan_Clay_Invitational/100-Hurdles,TFRRS all_performances
331,"Gubbels, Kailynn",Iowa State,Big 12,100H,2023,FR-1,,,15.20,seconds,2023 Bryan Clay Invitational,2023-04-13,,,0.9,Outdoor,https://www.tfrrs.org/results/76221/4898410/2023_Bryan_Clay_Invitational/100-Hurdles,TFRRS all_performances
332,"Willits, Sydney",Iowa State,Big 12,100H,2023,SO-2,,,14.55,seconds,2023 Bryan Clay Invitational,2023-04-13,,,0.7,Outdoor,https://www.tfrrs.org/results/76221/4898410/2023_Bryan_Clay_Invitational/100-Hurdles,TFRRS all_performances
333,"Fisher, Kiersten",Iowa State,Big 12,Long Jump,2023,FR-1,,,5.46,m,2023 Bryan Clay Invitational,2023-04-13,,,1.1,Outdoor,https://www.tfrrs.org/results/76221/4898414/2023_Bryan_Clay_Invitational/Long-Jump,TFRRS all_performances
334,"Fisher, Kiersten",Iowa State,Big 12,Long Jump,2023,FR-1,,,5.62,m,2023 Bryan Clay Invitational,2023-04-13,,,0.3,Outdoor,https://www.tfrrs.org/results/76221/4898414/2023_Bryan_Clay_Invitational/Long-Jump,TFRRS all_performances
335,"Gubbels, Kailynn",Iowa State,Big 12,Long Jump,2023,FR-1,,,5.24,m,2023 Bryan Clay Invitational,2023-04-13,,,0.5,Outdoor,https://www.tfrrs.org/results/76221/4898414/2023_Bryan_Clay_Invitational/Long-Jump,TFRRS all_performances
336,"Willits, Sydney",Iowa State,Big 12,Long Jump,2023,SO-2,,,5.56,m,2023 Bryan Clay Invitational,2023-04-13,,,+0.0,Outdoor,https://www.tfrrs.org/results/76221/4898414/2023_Bryan_Clay_Invitational/Long-Jump,TFRRS all_performances
337,"Willits, Sydney",Iowa State,Big 12,Long Jump,2023,SO-2,,,5.85,m,2023 Bryan Clay Invitational,2023-04-13,,,-0.3,Outdoor,https://www.tfrrs.org/results/76221/4898414/2023_Bryan_Clay_Invitational/Long-Jump,TFRRS all_performances
338,"Hall, Kaylyn",Iowa State,Big 12,100H,2023,SR-4,,,13.23,seconds,Beach Invitational 2023,2023-04-14,,,1.4,Outdoor,https://www.tfrrs.org/results/77073/4826828/Beach_Invitational_2023/100-Hurdles,TFRRS all_performances
339,"Vlahovic, Katarina",Iowa State,Big 12,100H,2023,SR-4,,,13.77,seconds,Beach Invitational 2023,2023-04-14,,,1.4,Outdoor,https://www.tfrrs.org/results/77073/4826828/Beach_Invitational_2023/100-Hurdles,TFRRS all_performances
340,"Amos, Zakiyah",Iowa State,Big 12,400H,2023,SR-4,,,1:00.39,seconds,Beach Invitational 2023,2023-04-14,,,,Outdoor,https://www.tfrrs.org/results/77073/4826851/Beach_Invitational_2023/400-Hurdles,TFRRS all_performances
341,"Barnes, Bria",Iowa State,Big 12,400H,2023,JR-3,,,1:02.51,seconds,Beach Invitational 2023,2023-04-14,,,,Outdoor,https://www.tfrrs.org/results/77073/4826851/Beach_Invitational_2023/400-Hurdles,TFRRS all_performances
342,"Hall, Kaylyn",Iowa State,Big 12,400H,2023,SR-4,,,1:01.71,seconds,Beach Invitational 2023,2023-04-14,,,,Outdoor,https://www.tfrrs.org/results/77073/4826851/Beach_Invitational_2023/400-Hurdles,TFRRS all_performances
343,"Joseph, Rachel",Iowa State,Big 12,400m,2023,FR-1,,,53.72,seconds,Beach Invitational 2023,2023-04-14,,,,Outdoor,https://www.tfrrs.org/results/77073/4826833/Beach_Invitational_2023/400-Meters,TFRRS all_performances
344,"Fisher, Kiersten",Iowa State,Big 12,100H,2023,FR-1,,,14.62,seconds,Drake Relays,2023-04-26,,,-1.3,Outdoor,https://www.tfrrs.org/results/80800/4890218/Drake_Relays/100-Hurdles,TFRRS all_performances
345,"Hall, Kaylyn",Iowa State,Big 12,100H,2023,SR-4,,,13.12,seconds,Drake Relays,2023-04-26,,,0.6,Outdoor,https://www.tfrrs.org/results/80800/4890173/Drake_Relays/100-Hurdles,TFRRS all_performances
346,"Hall, Kaylyn",Iowa State,Big 12,100H,2023,SR-4,,,13.16,seconds,Drake Relays,2023-04-26,,,0.4,Outdoor,https://www.tfrrs.org/results/80800/4890173/Drake_Relays/100-Hurdles,TFRRS all_performances
347,"Ruffener, Katie",Iowa State,Big 12,100H,2023,FR-1,,,14.18,seconds,Drake Relays,2023-04-26,,,1.9,Outdoor,https://www.tfrrs.org/results/80800/4890173/Drake_Relays/100-Hurdles,TFRRS all_performances
348,"Vlahovic, Katarina",Iowa State,Big 12,100H,2023,SR-4,,,14.01,seconds,Drake Relays,2023-04-26,,,-0.7,Outdoor,https://www.tfrrs.org/results/80800/4890173/Drake_Relays/100-Hurdles,TFRRS all_performances
349,"Carney, Mackenzie",Iowa State,Big 12,400H,2023,FR-1,,,1:03.57,seconds,Drake Relays,2023-04-26,,,,Outdoor,https://www.tfrrs.org/results/80800/4890161/Drake_Relays/400-Hurdles,TFRRS all_performances
350,"Fisher, Kiersten",Iowa State,Big 12,Long Jump,2023,FR-1,,,5.33,m,Drake Relays,2023-04-26,,,1.6,Outdoor,https://www.tfrrs.org/results/80800/4890222/Drake_Relays/Long-Jump,TFRRS all_performances
351,"Fisher, Kiersten",Iowa State,Big 12,Long Jump,2023,FR-1,,,5.58,m,Drake Relays,2023-04-26,,,1.5,Outdoor,https://www.tfrrs.org/results/80800/4890222/Drake_Relays/Long-Jump,TFRRS all_performances
352,"Fisher, Kiersten",Iowa State,Big 12,Long Jump,2023,FR-1,,,5.60,m,Drake Relays,2023-04-26,,,1.7,Outdoor,https://www.tfrrs.org/results/80800/4890222/Drake_Relays/Long-Jump,TFRRS all_performances
353,"Gubbels, Kailynn",Iowa State,Big 12,Long Jump,2023,FR-1,,,5.45,m,Drake Relays,2023-04-26,,,1.0,Outdoor,https://www.tfrrs.org/results/80800/4890222/Drake_Relays/Long-Jump,TFRRS all_performances
354,"Naughton, Brooke",Iowa State,Big 12,Long Jump,2023,FR-1,,,5.27,m,Drake Relays,2023-04-26,,,1.2,Outdoor,https://www.tfrrs.org/results/80800/4890222/Drake_Relays/Long-Jump,TFRRS all_performances
355,"Willits, Sydney",Iowa State,Big 12,Long Jump,2023,SO-2,,,5.41,m,Drake Relays,2023-04-26,,,1.6,Outdoor,https://www.tfrrs.org/results/80800/4890222/Drake_Relays/Long-Jump,TFRRS all_performances
356,"Willits, Sydney",Iowa State,Big 12,Long Jump,2023,SO-2,,,5.45,m,Drake Relays,2023-04-26,,,1.7,Outdoor,https://www.tfrrs.org/results/80800/4890222/Drake_Relays/Long-Jump,TFRRS all_performances
357,"Willits, Sydney",Iowa State,Big 12,Long Jump,2023,SO-2,,,5.52,m,Drake Relays,2023-04-26,,,0.6,Outdoor,https://www.tfrrs.org/results/80800/4890222/Drake_Relays/Long-Jump,TFRRS all_performances
358,"Amos, Zakiyah",Iowa State,Big 12,400m,2023,SR-4,,,55.23,seconds,Desert Heat Classic 2023,2023-04-29,,,,Outdoor,https://www.tfrrs.org/results/76358/4881902/_Desert_Heat_Classic_2023/400-Meters,TFRRS all_performances
359,"Joseph, Rachel",Iowa State,Big 12,400m,2023,FR-1,,,52.36,seconds,Desert Heat Classic 2023,2023-04-29,,,,Outdoor,https://www.tfrrs.org/results/76358/4881902/_Desert_Heat_Classic_2023/400-Meters,TFRRS all_performances
360,"Carney, Mackenzie",Iowa State,Big 12,100H,2023,FR-1,,,14.65,seconds,Iowa State Alumni Meet,2023-05-06,,,1.2,Outdoor,https://www.tfrrs.org/results/81059/4909052/Iowa_State_Alumni_Meet/100-Hurdles,TFRRS all_performances
361,"Fisher, Kiersten",Iowa State,Big 12,100H,2023,FR-1,,,14.08,seconds,Iowa State Alumni Meet,2023-05-06,,,1.2,Outdoor,https://www.tfrrs.org/results/81059/4909052/Iowa_State_Alumni_Meet/100-Hurdles,TFRRS all_performances
362,"Gubbels, Kailynn",Iowa State,Big 12,100H,2023,FR-1,,,14.51,seconds,Iowa State Alumni Meet,2023-05-06,,,0.7,Outdoor,https://www.tfrrs.org/results/81059/4909051/Iowa_State_Alumni_Meet/100-Hurdles,TFRRS all_performances
363,"Gubbels, Kailynn",Iowa State,Big 12,100H,2023,FR-1,,,14.70,seconds,Iowa State Alumni Meet,2023-05-06,,,1.2,Outdoor,https://www.tfrrs.org/results/81059/4909052/Iowa_State_Alumni_Meet/100-Hurdles,TFRRS all_performances
364,"Ruffener, Katie",Iowa State,Big 12,100H,2023,FR-1,,,14.22,seconds,Iowa State Alumni Meet,2023-05-06,,,1.2,Outdoor,https://www.tfrrs.org/results/81059/4909052/Iowa_State_Alumni_Meet/100-Hurdles,TFRRS all_performances
365,"Vlahovic, Katarina",Iowa State,Big 12,100H,2023,SR-4,,,13.45,seconds,Iowa State Alumni Meet,2023-05-06,,,1.2,Outdoor,https://www.tfrrs.org/results/81059/4909052/Iowa_State_Alumni_Meet/100-Hurdles,TFRRS all_performances
366,"Amos, Zakiyah",Iowa State,Big 12,400H,2023,SR-4,,,59.93,seconds,Iowa State Alumni Meet,2023-05-06,,,,Outdoor,https://www.tfrrs.org/results/81059/4909031/Iowa_State_Alumni_Meet/400-Hurdles,TFRRS all_performances
367,"Carney, Mackenzie",Iowa State,Big 12,400H,2023,FR-1,,,1:04.00,seconds,Iowa State Alumni Meet,2023-05-06,,,,Outdoor,https://www.tfrrs.org/results/81059/4909031/Iowa_State_Alumni_Meet/400-Hurdles,TFRRS all_performances
368,"Barnes, Bria",Iowa State,Big 12,400m,2023,JR-3,,,53.80,seconds,Iowa State Alumni Meet,2023-05-06,,,,Outdoor,https://www.tfrrs.org/results/81059/4909040/Iowa_State_Alumni_Meet/400-Meters,TFRRS all_performances
369,"Fisher, Kiersten",Iowa State,Big 12,100H,2023,FR-1,,,14.00,seconds,Big 12 Outdoor Track & Field Championships,2023-05-12,,,1.3,Outdoor,https://www.tfrrs.org/results/79703/4928893/Big_12_Outdoor_Track__Field_Championships/100-Hurdles,TFRRS all_performances
370,"Hall, Kaylyn",Iowa State,Big 12,100H,2023,SR-4,,,13.17,seconds,Big 12 Outdoor Track & Field Championships,2023-05-12,,,1.0,Outdoor,https://www.tfrrs.org/results/79703/4926697/Big_12_Outdoor_Track__Field_Championships/100-Hurdles,TFRRS all_performances
371,"Hall, Kaylyn",Iowa State,Big 12,100H,2023,SR-4,,,13.31,seconds,Big 12 Outdoor Track & Field Championships,2023-05-12,,,-0.2,Outdoor,https://www.tfrrs.org/results/79703/4926697/Big_12_Outdoor_Track__Field_Championships/100-Hurdles,TFRRS all_performances
372,"Ruffener, Katie",Iowa State,Big 12,100H,2023,FR-1,,,14.00,seconds,Big 12 Outdoor Track & Field Championships,2023-05-12,,,-0.2,Outdoor,https://www.tfrrs.org/results/79703/4926697/Big_12_Outdoor_Track__Field_Championships/100-Hurdles,TFRRS all_performances
373,"Ruffener, Katie",Iowa State,Big 12,100H,2023,FR-1,,,14.12,seconds,Big 12 Outdoor Track & Field Championships,2023-05-12,,,1.0,Outdoor,https://www.tfrrs.org/results/79703/4926697/Big_12_Outdoor_Track__Field_Championships/100-Hurdles,TFRRS all_performances
374,"Vlahovic, Katarina",Iowa State,Big 12,100H,2023,SR-4,,,13.61,seconds,Big 12 Outdoor Track & Field Championships,2023-05-12,,,1.0,Outdoor,https://www.tfrrs.org/results/79703/4926697/Big_12_Outdoor_Track__Field_Championships/100-Hurdles,TFRRS all_performances
375,"Willits, Sydney",Iowa State,Big 12,100H,2023,SO-2,,,13.93,seconds,Big 12 Outdoor Track & Field Championships,2023-05-12,,,1.3,Outdoor,https://www.tfrrs.org/results/79703/4928893/Big_12_Outdoor_Track__Field_Championships/100-Hurdles,TFRRS all_performances
376,"Amos, Zakiyah",Iowa State,Big 12,400H,2023,SR-4,,,57.99,seconds,Big 12 Outdoor Track & Field Championships,2023-05-12,,,,Outdoor,https://www.tfrrs.org/results/79703/4926667/Big_12_Outdoor_Track__Field_Championships/400-Hurdles,TFRRS all_performances
377,"Amos, Zakiyah",Iowa State,Big 12,400H,2023,SR-4,,,58.91,seconds,Big 12 Outdoor Track & Field Championships,2023-05-12,,,,Outdoor,https://www.tfrrs.org/results/79703/4926667/Big_12_Outdoor_Track__Field_Championships/400-Hurdles,TFRRS all_performances
378,"Carney, Mackenzie",Iowa State,Big 12,400H,2023,FR-1,,,1:03.99,seconds,Big 12 Outdoor Track & Field Championships,2023-05-12,,,,Outdoor,https://www.tfrrs.org/results/79703/4926667/Big_12_Outdoor_Track__Field_Championships/400-Hurdles,TFRRS all_performances
379,"Barnes, Bria",Iowa State,Big 12,400m,2023,JR-3,,,55.33,seconds,Big 12 Outdoor Track & Field Championships,2023-05-12,,,,Outdoor,https://www.tfrrs.org/results/79703/4926704/Big_12_Outdoor_Track__Field_Championships/400-Meters,TFRRS all_performances
380,"Joseph, Rachel",Iowa State,Big 12,400m,2023,FR-1,,,54.24,seconds,Big 12 Outdoor Track & Field Championships,2023-05-12,,,,Outdoor,https://www.tfrrs.org/results/79703/4926704/Big_12_Outdoor_Track__Field_Championships/400-Meters,TFRRS all_performances
381,"Fisher, Kiersten",Iowa State,Big 12,Long Jump,2023,FR-1,,,5.79,m,Big 12 Outdoor Track & Field Championships,2023-05-12,,,0.8,Outdoor,https://www.tfrrs.org/results/79703/4928897/Big_12_Outdoor_Track__Field_Championships/Long-Jump,TFRRS all_performances
382,"Fisher, Kiersten",Iowa State,Big 12,Long Jump,2023,FR-1,,,5.86,m,Big 12 Outdoor Track & Field Championships,2023-05-12,,,0.3,Outdoor,https://www.tfrrs.org/results/79703/4928897/Big_12_Outdoor_Track__Field_Championships/Long-Jump,TFRRS all_performances
383,"Gubbels, Kailynn",Iowa State,Big 12,Long Jump,2023,FR-1,,,5.24,m,Big 12 Outdoor Track & Field Championships,2023-05-12,,,0.5,Outdoor,https://www.tfrrs.org/results/79703/4928897/Big_12_Outdoor_Track__Field_Championships/Long-Jump,TFRRS all_performances
384,"Gubbels, Kailynn",Iowa State,Big 12,Long Jump,2023,FR-1,,,5.30,m,Big 12 Outdoor Track & Field Championships,2023-05-12,,,0.3,Outdoor,https://www.tfrrs.org/results/79703/4928897/Big_12_Outdoor_Track__Field_Championships/Long-Jump,TFRRS all_performances
385,"Willits, Sydney",Iowa State,Big 12,Long Jump,2023,SO-2,,,5.72,m,Big 12 Outdoor Track & Field Championships,2023-05-12,,,0.8,Outdoor,https://www.tfrrs.org/results/79703/4928897/Big_12_Outdoor_Track__Field_Championships/Long-Jump,TFRRS all_performances
386,"Willits, Sydney",Iowa State,Big 12,Long Jump,2023,SO-2,,,5.79,m,Big 12 Outdoor Track & Field Championships,2023-05-12,,,+0.0,Outdoor,https://www.tfrrs.org/results/79703/4928897/Big_12_Outdoor_Track__Field_Championships/Long-Jump,TFRRS all_performances
387,"Willits, Sydney",Iowa State,Big 12,Long Jump,2023,SO-2,,,5.80,m,Big 12 Outdoor Track & Field Championships,2023-05-12,,,-0.5,Outdoor,https://www.tfrrs.org/results/79703/4926684/Big_12_Outdoor_Track__Field_Championships/Long-Jump,TFRRS all_performances
388,"Willits, Sydney",Iowa State,Big 12,Long Jump,2023,SO-2,,,5.95,m,Big 12 Outdoor Track & Field Championships,2023-05-12,,,0.7,Outdoor,https://www.tfrrs.org/results/79703/4928897/Big_12_Outdoor_Track__Field_Championships/Long-Jump,TFRRS all_performances
389,"Willits, Sydney",Iowa State,Big 12,Long Jump,2023,SO-2,,,6.03,m,Big 12 Outdoor Track & Field Championships,2023-05-12,,,-0.3,Outdoor,https://www.tfrrs.org/results/79703/4926684/Big_12_Outdoor_Track__Field_Championships/Long-Jump,TFRRS all_performances
390,"Willits, Sydney",Iowa State,Big 12,Long Jump,2023,SO-2,,,6.09,m,Big 12 Outdoor Track & Field Championships,2023-05-12,,,0.9,Outdoor,https://www.tfrrs.org/results/79703/4926684/Big_12_Outdoor_Track__Field_Championships/Long-Jump,TFRRS all_performances
391,"Willits, Sydney",Iowa State,Big 12,Long Jump,2023,SO-2,,,6.14,m,Big 12 Outdoor Track & Field Championships,2023-05-12,,,1.4,Outdoor,https://www.tfrrs.org/results/79703/4926684/Big_12_Outdoor_Track__Field_Championships/Long-Jump,TFRRS all_performances
392,"Hall, Kaylyn",Iowa State,Big 12,100H,2023,SR-4,,,13.30,seconds,NCAA West Preliminary Round,2023-05-24,,,0.8,Outdoor,https://www.tfrrs.org/results/81275/4936756/NCAA_West_Preliminary_Round/100-Hurdles,TFRRS all_performances
393,"Hall, Kaylyn",Iowa State,Big 12,100H,2023,SR-4,,,13.39,seconds,NCAA West Preliminary Round,2023-05-24,,,0.5,Outdoor,https://www.tfrrs.org/results/81275/4936756/NCAA_West_Preliminary_Round/100-Hurdles,TFRRS all_performances
394,"Vlahovic, Katarina",Iowa State,Big 12,100H,2023,SR-4,,,13.69,seconds,NCAA West Preliminary Round,2023-05-24,,,-1.7,Outdoor,https://www.tfrrs.org/results/81275/4936756/NCAA_West_Preliminary_Round/100-Hurdles,TFRRS all_performances
395,"Amos, Zakiyah",Iowa State,Big 12,400H,2023,SR-4,,,57.50,seconds,NCAA West Preliminary Round,2023-05-24,,,,Outdoor,https://www.tfrrs.org/results/81275/4936760/NCAA_West_Preliminary_Round/400-Hurdles,TFRRS all_performances
396,"Amos, Zakiyah",Iowa State,Big 12,400H,2023,SR-4,,,59.07,seconds,NCAA West Preliminary Round,2023-05-24,,,,Outdoor,https://www.tfrrs.org/results/81275/4936760/NCAA_West_Preliminary_Round/400-Hurdles,TFRRS all_performances
397,"Joseph, Rachel",Iowa State,Big 12,400m,2023,FR-1,,,53.14,seconds,NCAA West Preliminary Round,2023-05-24,,,,Outdoor,https://www.tfrrs.org/results/81275/4936765/NCAA_West_Preliminary_Round/400-Meters,TFRRS all_performances
398,"Willits, Sydney",Iowa State,Big 12,Long Jump,2023,SO-2,,,5.91,m,NCAA West Preliminary Round,2023-05-24,,,1.2,Outdoor,https://www.tfrrs.org/results/81275/4936740/NCAA_West_Preliminary_Round/Long-Jump,TFRRS all_performances
399,"Willits, Sydney",Iowa State,Big 12,Long Jump,2023,SO-2,,,6.42,m,NCAA West Preliminary Round,2023-05-24,,,2.0,Outdoor,https://www.tfrrs.org/results/81275/4936740/NCAA_West_Preliminary_Round/Long-Jump,TFRRS all_performances
400,"Willits, Sydney",Iowa State,Big 12,Long Jump,2023,SO-2,,,5.54,m,NCAA Division I Outdoor Track & Field Championships,2023-06-07,,,-0.8,Outdoor,https://www.tfrrs.org/results/81300/4938104/NCAA_Division_I_Outdoor_Track__Field_Championships/Long-Jump,TFRRS all_performances
401,"Willits, Sydney",Iowa State,Big 12,Long Jump,2023,SO-2,,,5.79,m,NCAA Division I Outdoor Track & Field Championships,2023-06-07,,,-0.4,Outdoor,https://www.tfrrs.org/results/81300/4938104/NCAA_Division_I_Outdoor_Track__Field_Championships/Long-Jump,TFRRS all_performances
402,"Willits, Sydney",Iowa State,Big 12,Long Jump,2023,SO-2,,,6.01,m,NCAA Division I Outdoor Track & Field Championships,2023-06-07,,,-0.8,Outdoor,https://www.tfrrs.org/results/81300/4938104/NCAA_Division_I_Outdoor_Track__Field_Championships/Long-Jump,TFRRS all_performances
403,"Harris, Magi",Texas Tech,Big 12,400H,2023,FR-1,,,1:02.31,seconds,Wes Kittley Invitational,2023-03-17,,,,Outdoor,https://www.tfrrs.org/results/77411/4734093/Wes_Kittley_Invitational/400-Hurdles,TFRRS all_performances
404,"Arendt, Fanny",Texas Tech,Big 12,400m,2023,SO-2,,,56.65,seconds,Wes Kittley Invitational,2023-03-17,,,,Outdoor,https://www.tfrrs.org/results/77411/4734075/Wes_Kittley_Invitational/400-Meters,TFRRS all_performances
405,"Tyler, Torrye",Texas Tech,Big 12,400m,2023,SO-2,,,57.49,seconds,Wes Kittley Invitational,2023-03-17,,,,Outdoor,https://www.tfrrs.org/results/77411/4734075/Wes_Kittley_Invitational/400-Meters,TFRRS all_performances
406,"Krebs, Naomi",Texas Tech,Big 12,100H,2023,FR-1,,,13.70,seconds,TTU Masked Rider,2023-03-24,,,-0.1,Outdoor,https://www.tfrrs.org/results/78880/4748698/TTU_Masked_Rider/100-Hurdles,TFRRS all_performances
407,"Harris, Magi",Texas Tech,Big 12,400H,2023,FR-1,,,1:01.39,seconds,TTU Masked Rider,2023-03-24,,,,Outdoor,https://www.tfrrs.org/results/78880/4748720/TTU_Masked_Rider/400-Hurdles,TFRRS all_performances
408,"Schulz, Sylvia",Texas Tech,Big 12,400H,2023,JR-3,,,57.22,seconds,TTU Masked Rider,2023-03-24,,,,Outdoor,https://www.tfrrs.org/results/78880/4748720/TTU_Masked_Rider/400-Hurdles,TFRRS all_performances
409,"Watkins, Simone",Texas Tech,Big 12,400H,2023,JR-3,,,1:02.63,seconds,TTU Masked Rider,2023-03-24,,,,Outdoor,https://www.tfrrs.org/results/78880/4748720/TTU_Masked_Rider/400-Hurdles,TFRRS all_performances
410,"Arendt, Fanny",Texas Tech,Big 12,400m,2023,SO-2,,,56.45,seconds,TTU Masked Rider,2023-03-24,,,,Outdoor,https://www.tfrrs.org/results/78880/4748714/TTU_Masked_Rider/400-Meters,TFRRS all_performances
411,"Land, Macklynn",Texas Tech,Big 12,400m,2023,FR-1,,,57.80,seconds,TTU Masked Rider,2023-03-24,,,,Outdoor,https://www.tfrrs.org/results/78880/4748714/TTU_Masked_Rider/400-Meters,TFRRS all_performances
412,"Umoibang, Mercy",Texas Tech,Big 12,400m,2023,FR-1,,,56.98,seconds,TTU Masked Rider,2023-03-24,,,,Outdoor,https://www.tfrrs.org/results/78880/4748714/TTU_Masked_Rider/400-Meters,TFRRS all_performances
413,"Price, Lexye",Texas Tech,Big 12,400H,2023,SR-4,,,1:00.33,seconds,2023 95th Clyde Littlefield Texas Relays,2023-03-29,,,,Outdoor,https://www.tfrrs.org/results/77369/4767284/2023_95th_Clyde_Littlefield_Texas_Relays/400-Hurdles,TFRRS all_performances
414,"Watkins, Simone",Texas Tech,Big 12,400H,2023,JR-3,,,1:01.49,seconds,2023 95th Clyde Littlefield Texas Relays,2023-03-29,,,,Outdoor,https://www.tfrrs.org/results/77369/4767284/2023_95th_Clyde_Littlefield_Texas_Relays/400-Hurdles,TFRRS all_performances
415,"Harris, Magi",Texas Tech,Big 12,400H,2023,FR-1,,,1:03.32,seconds,Jim Click Shootout 2023 Multi,2023-04-06,,,,Outdoor,https://www.tfrrs.org/results/76356/4799493/_Jim_Click_Shootout_2023_Multi/400-Hurdles,TFRRS all_performances
416,"Price, Lexye",Texas Tech,Big 12,400H,2023,SR-4,,,59.87,seconds,Jim Click Shootout 2023 Multi,2023-04-06,,,,Outdoor,https://www.tfrrs.org/results/76356/4799493/_Jim_Click_Shootout_2023_Multi/400-Hurdles,TFRRS all_performances
417,"Land, Macklynn",Texas Tech,Big 12,400m,2023,FR-1,,,57.09,seconds,Jim Click Shootout 2023 Multi,2023-04-06,,,,Outdoor,https://www.tfrrs.org/results/76356/4799476/_Jim_Click_Shootout_2023_Multi/400-Meters,TFRRS all_performances
418,"Tyler, Torrye",Texas Tech,Big 12,400m,2023,SO-2,,,57.59,seconds,Jim Click Shootout 2023 Multi,2023-04-06,,,,Outdoor,https://www.tfrrs.org/results/76356/4799476/_Jim_Click_Shootout_2023_Multi/400-Meters,TFRRS all_performances
419,"Umoibang, Mercy",Texas Tech,Big 12,400m,2023,FR-1,,,56.89,seconds,Jim Click Shootout 2023 Multi,2023-04-06,,,,Outdoor,https://www.tfrrs.org/results/76356/4799476/_Jim_Click_Shootout_2023_Multi/400-Meters,TFRRS all_performances
420,"Krebs, Naomi",Texas Tech,Big 12,100H,2023,FR-1,,,13.84,seconds,UF Tom Jones Memorial,2023-04-14,,,-1.0,Outdoor,https://www.tfrrs.org/results/78102/4824428/UF_Tom_Jones_Memorial/100-Hurdles,TFRRS all_performances
421,"Roswell, Demisha",Texas Tech,Big 12,100H,2023,SR-4,,,13.11,seconds,UF Tom Jones Memorial,2023-04-14,,,1.6,Outdoor,https://www.tfrrs.org/results/78102/4824428/UF_Tom_Jones_Memorial/100-Hurdles,TFRRS all_performances
422,"Watkins, Simone",Texas Tech,Big 12,100H,2023,JR-3,,,13.85,seconds,UF Tom Jones Memorial,2023-04-14,,,1.6,Outdoor,https://www.tfrrs.org/results/78102/4824428/UF_Tom_Jones_Memorial/100-Hurdles,TFRRS all_performances
423,"Harris, Magi",Texas Tech,Big 12,400H,2023,FR-1,,,1:01.58,seconds,UF Tom Jones Memorial,2023-04-14,,,,Outdoor,https://www.tfrrs.org/results/78102/4824387/UF_Tom_Jones_Memorial/400-Hurdles,TFRRS all_performances
424,"Price, Lexye",Texas Tech,Big 12,400H,2023,SR-4,,,58.67,seconds,UF Tom Jones Memorial,2023-04-14,,,,Outdoor,https://www.tfrrs.org/results/78102/4824387/UF_Tom_Jones_Memorial/400-Hurdles,TFRRS all_performances
425,"Schulz, Sylvia",Texas Tech,Big 12,400H,2023,JR-3,,,57.04,seconds,UF Tom Jones Memorial,2023-04-14,,,,Outdoor,https://www.tfrrs.org/results/78102/4824387/UF_Tom_Jones_Memorial/400-Hurdles,TFRRS all_performances
426,"Dubarry-Gay, Nayanna",Texas Tech,Big 12,400m,2023,JR-3,,,54.59,seconds,UF Tom Jones Memorial,2023-04-14,,,,Outdoor,https://www.tfrrs.org/results/78102/4824405/UF_Tom_Jones_Memorial/400-Meters,TFRRS all_performances
427,"Dumas, Zariere",Texas Tech,Big 12,400m,2023,SO-2,,,55.39,seconds,UF Tom Jones Memorial,2023-04-14,,,,Outdoor,https://www.tfrrs.org/results/78102/4824405/UF_Tom_Jones_Memorial/400-Meters,TFRRS all_performances
428,"Krebs, Naomi",Texas Tech,Big 12,100H,2023,FR-1,,,13.31,seconds,Michael Johnson Invitational,2023-04-21,,,1.1,Outdoor,https://www.tfrrs.org/results/75342/4853618/Michael_Johnson_Invitational/100-Hurdles,TFRRS all_performances
429,"Krebs, Naomi",Texas Tech,Big 12,100H,2023,FR-1,,,13.47,seconds,Michael Johnson Invitational,2023-04-21,,,-1.0,Outdoor,https://www.tfrrs.org/results/75342/4853618/Michael_Johnson_Invitational/100-Hurdles,TFRRS all_performances
430,"Roswell, Demisha",Texas Tech,Big 12,100H,2023,SR-4,,,12.84,seconds,Michael Johnson Invitational,2023-04-21,,,1.1,Outdoor,https://www.tfrrs.org/results/75342/4853618/Michael_Johnson_Invitational/100-Hurdles,TFRRS all_performances
431,"Roswell, Demisha",Texas Tech,Big 12,100H,2023,SR-4,,,13.20,seconds,Michael Johnson Invitational,2023-04-21,,,-0.2,Outdoor,https://www.tfrrs.org/results/75342/4853618/Michael_Johnson_Invitational/100-Hurdles,TFRRS all_performances
432,"Tyler, Torrye",Texas Tech,Big 12,400H,2023,SO-2,,,1:07.59,seconds,Michael Johnson Invitational,2023-04-21,,,,Outdoor,https://www.tfrrs.org/results/75342/4853626/Michael_Johnson_Invitational/400-Hurdles,TFRRS all_performances
433,"Watkins, Simone",Texas Tech,Big 12,400H,2023,JR-3,,,59.54,seconds,Michael Johnson Invitational,2023-04-21,,,,Outdoor,https://www.tfrrs.org/results/75342/4853626/Michael_Johnson_Invitational/400-Hurdles,TFRRS all_performances
434,"Dubarry-Gay, Nayanna",Texas Tech,Big 12,400m,2023,JR-3,,,55.04,seconds,Michael Johnson Invitational,2023-04-21,,,,Outdoor,https://www.tfrrs.org/results/75342/4853633/Michael_Johnson_Invitational/400-Meters,TFRRS all_performances
435,"Dumas, Zariere",Texas Tech,Big 12,400m,2023,SO-2,,,55.50,seconds,Michael Johnson Invitational,2023-04-21,,,,Outdoor,https://www.tfrrs.org/results/75342/4853633/Michael_Johnson_Invitational/400-Meters,TFRRS all_performances
436,"Jackson, Le-Taija",Texas Tech,Big 12,400m,2023,JR-3,,,56.01,seconds,Michael Johnson Invitational,2023-04-21,,,,Outdoor,https://www.tfrrs.org/results/75342/4853633/Michael_Johnson_Invitational/400-Meters,TFRRS all_performances
437,"Harris, Magi",Texas Tech,Big 12,400H,2023,FR-1,,,1:04.09,seconds,Corky/Crofoot Shootout,2023-04-28,,,,Outdoor,https://www.tfrrs.org/results/80804/4888713/Corky_Crofoot_Shootout/400-Hurdles,TFRRS all_performances
438,"Schulz, Sylvia",Texas Tech,Big 12,400H,2023,JR-3,,,57.08,seconds,Corky/Crofoot Shootout,2023-04-28,,,,Outdoor,https://www.tfrrs.org/results/80804/4888713/Corky_Crofoot_Shootout/400-Hurdles,TFRRS all_performances
439,"Tyler, Torrye",Texas Tech,Big 12,400H,2023,SO-2,,,1:05.53,seconds,Corky/Crofoot Shootout,2023-04-28,,,,Outdoor,https://www.tfrrs.org/results/80804/4888713/Corky_Crofoot_Shootout/400-Hurdles,TFRRS all_performances
440,"Bock, Emma",Texas Tech,Big 12,400m,2023,FR-1,,,56.89,seconds,Corky/Crofoot Shootout,2023-04-28,,,,Outdoor,https://www.tfrrs.org/results/80804/4888721/Corky_Crofoot_Shootout/400-Meters,TFRRS all_performances
441,"Dubarry-Gay, Nayanna",Texas Tech,Big 12,400m,2023,JR-3,,,54.25,seconds,Corky/Crofoot Shootout,2023-04-28,,,,Outdoor,https://www.tfrrs.org/results/80804/4888721/Corky_Crofoot_Shootout/400-Meters,TFRRS all_performances
442,"Dumas, Zariere",Texas Tech,Big 12,400m,2023,SO-2,,,55.45,seconds,Corky/Crofoot Shootout,2023-04-28,,,,Outdoor,https://www.tfrrs.org/results/80804/4888721/Corky_Crofoot_Shootout/400-Meters,TFRRS all_performances
443,"Umoibang, Mercy",Texas Tech,Big 12,400m,2023,FR-1,,,55.81,seconds,Corky/Crofoot Shootout,2023-04-28,,,,Outdoor,https://www.tfrrs.org/results/80804/4888721/Corky_Crofoot_Shootout/400-Meters,TFRRS all_performances
444,"Krebs, Naomi",Texas Tech,Big 12,100H,2023,FR-1,,,13.33,seconds,Big 12 Outdoor Track & Field Championships,2023-05-12,,,1.0,Outdoor,https://www.tfrrs.org/results/79703/4926697/Big_12_Outdoor_Track__Field_Championships/100-Hurdles,TFRRS all_performances
445,"Krebs, Naomi",Texas Tech,Big 12,100H,2023,FR-1,,,13.59,seconds,Big 12 Outdoor Track & Field Championships,2023-05-12,,,-0.2,Outdoor,https://www.tfrrs.org/results/79703/4926697/Big_12_Outdoor_Track__Field_Championships/100-Hurdles,TFRRS all_performances
446,"Roswell, Demisha",Texas Tech,Big 12,100H,2023,SR-4,,,13.02,seconds,Big 12 Outdoor Track & Field Championships,2023-05-12,,,1.0,Outdoor,https://www.tfrrs.org/results/79703/4926697/Big_12_Outdoor_Track__Field_Championships/100-Hurdles,TFRRS all_performances
447,"Harris, Magi",Texas Tech,Big 12,400H,2023,FR-1,,,1:02.56,seconds,Big 12 Outdoor Track & Field Championships,2023-05-12,,,,Outdoor,https://www.tfrrs.org/results/79703/4926667/Big_12_Outdoor_Track__Field_Championships/400-Hurdles,TFRRS all_performances
448,"Harris, Magi",Texas Tech,Big 12,400H,2023,FR-1,,,58.99,seconds,Big 12 Outdoor Track & Field Championships,2023-05-12,,,,Outdoor,https://www.tfrrs.org/results/79703/4926667/Big_12_Outdoor_Track__Field_Championships/400-Hurdles,TFRRS all_performances
449,"Price, Lexye",Texas Tech,Big 12,400H,2023,SR-4,,,58.73,seconds,Big 12 Outdoor Track & Field Championships,2023-05-12,,,,Outdoor,https://www.tfrrs.org/results/79703/4926667/Big_12_Outdoor_Track__Field_Championships/400-Hurdles,TFRRS all_performances
450,"Price, Lexye",Texas Tech,Big 12,400H,2023,SR-4,,,58.87,seconds,Big 12 Outdoor Track & Field Championships,2023-05-12,,,,Outdoor,https://www.tfrrs.org/results/79703/4926667/Big_12_Outdoor_Track__Field_Championships/400-Hurdles,TFRRS all_performances
451,"Schulz, Sylvia",Texas Tech,Big 12,400H,2023,JR-3,,,56.32,seconds,Big 12 Outdoor Track & Field Championships,2023-05-12,,,,Outdoor,https://www.tfrrs.org/results/79703/4926667/Big_12_Outdoor_Track__Field_Championships/400-Hurdles,TFRRS all_performances
452,"Schulz, Sylvia",Texas Tech,Big 12,400H,2023,JR-3,,,57.52,seconds,Big 12 Outdoor Track & Field Championships,2023-05-12,,,,Outdoor,https://www.tfrrs.org/results/79703/4926667/Big_12_Outdoor_Track__Field_Championships/400-Hurdles,TFRRS all_performances
453,"Watkins, Simone",Texas Tech,Big 12,400H,2023,JR-3,,,59.97,seconds,Big 12 Outdoor Track & Field Championships,2023-05-12,,,,Outdoor,https://www.tfrrs.org/results/79703/4926667/Big_12_Outdoor_Track__Field_Championships/400-Hurdles,TFRRS all_performances
454,"Dubarry-Gay, Nayanna",Texas Tech,Big 12,400m,2023,JR-3,,,53.54,seconds,Big 12 Outdoor Track & Field Championships,2023-05-12,,,,Outdoor,https://www.tfrrs.org/results/79703/4926704/Big_12_Outdoor_Track__Field_Championships/400-Meters,TFRRS all_performances
455,"Dubarry-Gay, Nayanna",Texas Tech,Big 12,400m,2023,JR-3,,,53.80,seconds,Big 12 Outdoor Track & Field Championships,2023-05-12,,,,Outdoor,https://www.tfrrs.org/results/79703/4926704/Big_12_Outdoor_Track__Field_Championships/400-Meters,TFRRS all_performances
456,"Dumas, Zariere",Texas Tech,Big 12,400m,2023,SO-2,,,54.05,seconds,Big 12 Outdoor Track & Field Championships,2023-05-12,,,,Outdoor,https://www.tfrrs.org/results/79703/4926704/Big_12_Outdoor_Track__Field_Championships/400-Meters,TFRRS all_performances
457,"Umoibang, Mercy",Texas Tech,Big 12,400m,2023,FR-1,,,54.96,seconds,Big 12 Outdoor Track & Field Championships,2023-05-12,,,,Outdoor,https://www.tfrrs.org/results/79703/4926704/Big_12_Outdoor_Track__Field_Championships/400-Meters,TFRRS all_performances
458,"Krebs, Naomi",Texas Tech,Big 12,100H,2023,FR-1,,,13.54,seconds,NCAA West Preliminary Round,2023-05-24,,,1.5,Outdoor,https://www.tfrrs.org/results/81275/4936756/NCAA_West_Preliminary_Round/100-Hurdles,TFRRS all_performances
459,"Roswell, Demisha",Texas Tech,Big 12,100H,2023,SR-4,,,12.77,seconds,NCAA West Preliminary Round,2023-05-24,,,0.8,Outdoor,https://www.tfrrs.org/results/81275/4936756/NCAA_West_Preliminary_Round/100-Hurdles,TFRRS all_performances
460,"Roswell, Demisha",Texas Tech,Big 12,100H,2023,SR-4,,,13.04,seconds,NCAA West Preliminary Round,2023-05-24,,,0.5,Outdoor,https://www.tfrrs.org/results/81275/4936756/NCAA_West_Preliminary_Round/100-Hurdles,TFRRS all_performances
461,"Harris, Magi",Texas Tech,Big 12,400H,2023,FR-1,,,1:03.06,seconds,NCAA West Preliminary Round,2023-05-24,,,,Outdoor,https://www.tfrrs.org/results/81275/4936760/NCAA_West_Preliminary_Round/400-Hurdles,TFRRS all_performances
462,"Price, Lexye",Texas Tech,Big 12,400H,2023,SR-4,,,1:00.89,seconds,NCAA West Preliminary Round,2023-05-24,,,,Outdoor,https://www.tfrrs.org/results/81275/4936760/NCAA_West_Preliminary_Round/400-Hurdles,TFRRS all_performances
463,"Schulz, Sylvia",Texas Tech,Big 12,400H,2023,JR-3,,,57.15,seconds,NCAA West Preliminary Round,2023-05-24,,,,Outdoor,https://www.tfrrs.org/results/81275/4936760/NCAA_West_Preliminary_Round/400-Hurdles,TFRRS all_performances
464,"Schulz, Sylvia",Texas Tech,Big 12,400H,2023,JR-3,,,57.95,seconds,NCAA West Preliminary Round,2023-05-24,,,,Outdoor,https://www.tfrrs.org/results/81275/4936760/NCAA_West_Preliminary_Round/400-Hurdles,TFRRS all_performances
465,"Watkins, Simone",Texas Tech,Big 12,400H,2023,JR-3,,,59.91,seconds,NCAA West Preliminary Round,2023-05-24,,,,Outdoor,https://www.tfrrs.org/results/81275/4936760/NCAA_West_Preliminary_Round/400-Hurdles,TFRRS all_performances
466,"Dubarry-Gay, Nayanna",Texas Tech,Big 12,400m,2023,JR-3,,,54.92,seconds,NCAA West Preliminary Round,2023-05-24,,,,Outdoor,https://www.tfrrs.org/results/81275/4936765/NCAA_West_Preliminary_Round/400-Meters,TFRRS all_performances
467,"Roswell, Demisha",Texas Tech,Big 12,100H,2023,SR-4,,,12.99,seconds,NCAA Division I Outdoor Track & Field Championships,2023-06-07,,,0.2,Outdoor,https://www.tfrrs.org/results/81300/4938114/NCAA_Division_I_Outdoor_Track__Field_Championships/100-Hurdles,TFRRS all_performances
