index,athlete,school,conference,event,season,class_year,birth_date,age_at_meet,performance,unit,meet,meet_date,round,place,wind,indoor_outdoor,source_url,data_status
0,"Bonds, Talie",Arizona,Big 12,100H,2022,JR-3,,,13.26,seconds,2022 Willie Williams Classic/Dave Murray Distance Classic,2022-03-18,,,0.8,Outdoor,https://www.tfrrs.org/results/71096/4425789/2022_Willie_Williams_Classic_Dave_Murray_Distance_Classic/100-Hurdles,TFRRS all_performances
1,"Lewis, Ajaysha",Arizona,Big 12,100H,2022,SO-2,,,14.47,seconds,2022 Willie Williams Classic/Dave Murray Distance Classic,2022-03-18,,,0.8,Outdoor,https://www.tfrrs.org/results/71096/4425789/2022_Willie_Williams_Classic_Dave_Murray_Distance_Classic/100-Hurdles,TFRRS all_performances
2,"Powers, Hollan",Arizona,Big 12,100H,2022,FR-1,,,15.02,seconds,2022 Willie Williams Classic/Dave Murray Distance Classic,2022-03-18,,,1.9,Outdoor,https://www.tfrrs.org/results/71096/4425789/2022_Willie_Williams_Classic_Dave_Murray_Distance_Classic/100-Hurdles,TFRRS all_performances
3,"Sieben, Skylar",Arizona,Big 12,100H,2022,JR-3,,,14.20,seconds,2022 Willie Williams Classic/Dave Murray Distance Classic,2022-03-18,,,0.8,Outdoor,https://www.tfrrs.org/results/71096/4425789/2022_Willie_Williams_Classic_Dave_Murray_Distance_Classic/100-Hurdles,TFRRS all_performances
4,"Montgomery, Athena",Arizona,Big 12,400H,2022,SO-2,,,1:06.66,seconds,2022 Willie Williams Classic/Dave Murray Distance Classic,2022-03-18,,,,Outdoor,https://www.tfrrs.org/results/71096/4425796/2022_Willie_Williams_Classic_Dave_Murray_Distance_Classic/400-Hurdles,TFRRS all_performances
5,"Meisberger, Shannon",Arizona,Big 12,400m,2022,SR-4,,,52.61,seconds,2022 Willie Williams Classic/Dave Murray Distance Classic,2022-03-18,,,,Outdoor,https://www.tfrrs.org/results/71096/4425791/2022_Willie_Williams_Classic_Dave_Murray_Distance_Classic/400-Meters,TFRRS all_performances
6,"Montgomery, Athena",Arizona,Big 12,400m,2022,SO-2,,,58.31,seconds,2022 Willie Williams Classic/Dave Murray Distance Classic,2022-03-18,,,,Outdoor,https://www.tfrrs.org/results/71096/4425791/2022_Willie_Williams_Classic_Dave_Murray_Distance_Classic/400-Meters,TFRRS all_performances
7,"Bosko, Jenica",Arizona,Big 12,Long Jump,2022,FR-1,,,4.72,m,2022 Willie Williams Classic/Dave Murray Distance Classic,2022-03-18,,,0.6,Outdoor,https://www.tfrrs.org/results/71096/4425773/2022_Willie_Williams_Classic_Dave_Murray_Distance_Classic/Long-Jump,TFRRS all_performances
8,"Bosko, Jenica",Arizona,Big 12,Long Jump,2022,FR-1,,,5.30,m,2022 Willie Williams Classic/Dave Murray Distance Classic,2022-03-18,,,0.3,Outdoor,https://www.tfrrs.org/results/71096/4425773/2022_Willie_Williams_Classic_Dave_Murray_Distance_Classic/Long-Jump,TFRRS all_performances
9,"Bosko, Jenica",Arizona,Big 12,Long Jump,2022,FR-1,,,5.67,m,2022 Willie Williams Classic/Dave Murray Distance Classic,2022-03-18,,,1.7,Outdoor,https://www.tfrrs.org/results/71096/4425773/2022_Willie_Williams_Classic_Dave_Murray_Distance_Classic/Long-Jump,TFRRS all_performances
10,"Bosko, Jenica",Arizona,Big 12,Long Jump,2022,FR-1,,,5.73,m,2022 Willie Williams Classic/Dave Murray Distance Classic,2022-03-18,,,0.7,Outdoor,https://www.tfrrs.org/results/71096/4425773/2022_Willie_Williams_Classic_Dave_Murray_Distance_Classic/Long-Jump,TFRRS all_performances
11,"Bosko, Jenica",Arizona,Big 12,Long Jump,2022,FR-1,,,5.74,m,2022 Willie Williams Classic/Dave Murray Distance Classic,2022-03-18,,,0.6,Outdoor,https://www.tfrrs.org/results/71096/4425773/2022_Willie_Williams_Classic_Dave_Murray_Distance_Classic/Long-Jump,TFRRS all_performances
12,"Poirier-Shelton, Tiana",Arizona,Big 12,Long Jump,2022,SR-4,,,5.42,m,2022 Willie Williams Classic/Dave Murray Distance Classic,2022-03-18,,,0.5,Outdoor,https://www.tfrrs.org/results/71096/4425773/2022_Willie_Williams_Classic_Dave_Murray_Distance_Classic/Long-Jump,TFRRS all_performances
13,"Poirier-Shelton, Tiana",Arizona,Big 12,Long Jump,2022,SR-4,,,5.59,m,2022 Willie Williams Classic/Dave Murray Distance Classic,2022-03-18,,,1.6,Outdoor,https://www.tfrrs.org/results/71096/4425773/2022_Willie_Williams_Classic_Dave_Murray_Distance_Classic/Long-Jump,TFRRS all_performances
14,"Poirier-Shelton, Tiana",Arizona,Big 12,Long Jump,2022,SR-4,,,5.72,m,2022 Willie Williams Classic/Dave Murray Distance Classic,2022-03-18,,,0.1,Outdoor,https://www.tfrrs.org/results/71096/4425773/2022_Willie_Williams_Classic_Dave_Murray_Distance_Classic/Long-Jump,TFRRS all_performances
15,"Bonds, Talie",Arizona,Big 12,100H,2022,JR-3,,,13.18,seconds,2022 ASU Invitational,2022-03-25,,,0.5,Outdoor,https://www.tfrrs.org/results/72833/4442857/2022_ASU_Invitational/100-Hurdles,TFRRS all_performances
16,"Bonds, Talie",Arizona,Big 12,100H,2022,JR-3,,,13.31,seconds,2022 ASU Invitational,2022-03-25,,,-0.1,Outdoor,https://www.tfrrs.org/results/72833/4442857/2022_ASU_Invitational/100-Hurdles,TFRRS all_performances
17,"Lewis, Ajaysha",Arizona,Big 12,100H,2022,SO-2,,,14.22,seconds,2022 ASU Invitational,2022-03-25,,,0.5,Outdoor,https://www.tfrrs.org/results/72833/4442857/2022_ASU_Invitational/100-Hurdles,TFRRS all_performances
18,"Lewis, Ajaysha",Arizona,Big 12,100H,2022,SO-2,,,14.48,seconds,2022 ASU Invitational,2022-03-25,,,-0.3,Outdoor,https://www.tfrrs.org/results/72833/4442857/2022_ASU_Invitational/100-Hurdles,TFRRS all_performances
19,"Powers, Hollan",Arizona,Big 12,100H,2022,FR-1,,,14.71,seconds,2022 ASU Invitational,2022-03-25,,,0.3,Outdoor,https://www.tfrrs.org/results/72833/4442857/2022_ASU_Invitational/100-Hurdles,TFRRS all_performances
20,"Sieben, Skylar",Arizona,Big 12,100H,2022,JR-3,,,14.20,seconds,2022 ASU Invitational,2022-03-25,,,-0.1,Outdoor,https://www.tfrrs.org/results/72833/4442857/2022_ASU_Invitational/100-Hurdles,TFRRS all_performances
21,"Meisberger, Shannon",Arizona,Big 12,400H,2022,SR-4,,,56.51,seconds,2022 ASU Invitational,2022-03-25,,,,Outdoor,https://www.tfrrs.org/results/72833/4442871/2022_ASU_Invitational/400-Hurdles,TFRRS all_performances
22,"Montgomery, Athena",Arizona,Big 12,400H,2022,SO-2,,,1:03.31,seconds,2022 ASU Invitational,2022-03-25,,,,Outdoor,https://www.tfrrs.org/results/72833/4442871/2022_ASU_Invitational/400-Hurdles,TFRRS all_performances
23,"Powers, Hollan",Arizona,Big 12,Long Jump,2022,FR-1,,,3.88,m,2022 ASU Invitational,2022-03-25,,,+0.0,Outdoor,https://www.tfrrs.org/results/72833/4442851/2022_ASU_Invitational/Long-Jump,TFRRS all_performances
24,"Powers, Hollan",Arizona,Big 12,Long Jump,2022,FR-1,,,5.01,m,2022 ASU Invitational,2022-03-25,,,-0.7,Outdoor,https://www.tfrrs.org/results/72833/4442851/2022_ASU_Invitational/Long-Jump,TFRRS all_performances
25,"Bonds, Talie",Arizona,Big 12,100H,2022,JR-3,,,13.81,seconds,2022 Jim Click Shootout,2022-04-08,,,-1.4,Outdoor,https://www.tfrrs.org/results/70958/4485714/2022_Jim_Click_Shootout/100-Hurdles,TFRRS all_performances
26,"Lewis, Ajaysha",Arizona,Big 12,100H,2022,SO-2,,,14.38,seconds,2022 Jim Click Shootout,2022-04-08,,,-1.4,Outdoor,https://www.tfrrs.org/results/70958/4485714/2022_Jim_Click_Shootout/100-Hurdles,TFRRS all_performances
27,"Powers, Hollan",Arizona,Big 12,100H,2022,FR-1,,,14.63,seconds,2022 Jim Click Shootout,2022-04-08,,,-0.8,Outdoor,https://www.tfrrs.org/results/70958/4485708/2022_Jim_Click_Shootout/100-Hurdles,TFRRS all_performances
28,"Sieben, Skylar",Arizona,Big 12,100H,2022,JR-3,,,14.07,seconds,2022 Jim Click Shootout,2022-04-08,,,2.0,Outdoor,https://www.tfrrs.org/results/70958/4485708/2022_Jim_Click_Shootout/100-Hurdles,TFRRS all_performances
29,"Meisberger, Shannon",Arizona,Big 12,400H,2022,SR-4,,,56.69,seconds,2022 Jim Click Shootout,2022-04-08,,,,Outdoor,https://www.tfrrs.org/results/70958/4485729/2022_Jim_Click_Shootout/400-Hurdles,TFRRS all_performances
30,"Montgomery, Athena",Arizona,Big 12,400H,2022,SO-2,,,1:02.71,seconds,2022 Jim Click Shootout,2022-04-08,,,,Outdoor,https://www.tfrrs.org/results/70958/4485729/2022_Jim_Click_Shootout/400-Hurdles,TFRRS all_performances
31,"Bosko, Jenica",Arizona,Big 12,400m,2022,FR-1,,,55.83,seconds,2022 Jim Click Shootout,2022-04-08,,,,Outdoor,https://www.tfrrs.org/results/70958/4485713/2022_Jim_Click_Shootout/400-Meters,TFRRS all_performances
32,"Foreman, Anna",Arizona,Big 12,400m,2022,JR-3,,,53.85,seconds,2022 Jim Click Shootout,2022-04-08,,,,Outdoor,https://www.tfrrs.org/results/70958/4485713/2022_Jim_Click_Shootout/400-Meters,TFRRS all_performances
33,"Bosko, Jenica",Arizona,Big 12,Long Jump,2022,FR-1,,,5.74,m,2022 Jim Click Shootout,2022-04-08,,,1.5,Outdoor,https://www.tfrrs.org/results/70958/4485741/2022_Jim_Click_Shootout/Long-Jump,TFRRS all_performances
34,"Bosko, Jenica",Arizona,Big 12,Long Jump,2022,FR-1,,,5.76,m,2022 Jim Click Shootout,2022-04-08,,,2.0,Outdoor,https://www.tfrrs.org/results/70958/4485741/2022_Jim_Click_Shootout/Long-Jump,TFRRS all_performances
35,"Bosko, Jenica",Arizona,Big 12,Long Jump,2022,FR-1,,,5.78,m,2022 Jim Click Shootout,2022-04-08,,,1.7,Outdoor,https://www.tfrrs.org/results/70958/4485741/2022_Jim_Click_Shootout/Long-Jump,TFRRS all_performances
36,"Bosko, Jenica",Arizona,Big 12,Long Jump,2022,FR-1,,,5.83,m,2022 Jim Click Shootout,2022-04-08,,,1.3,Outdoor,https://www.tfrrs.org/results/70958/4485741/2022_Jim_Click_Shootout/Long-Jump,TFRRS all_performances
37,"Bosko, Jenica",Arizona,Big 12,Long Jump,2022,FR-1,,,5.90,m,2022 Jim Click Shootout,2022-04-08,,,0.7,Outdoor,https://www.tfrrs.org/results/70958/4485741/2022_Jim_Click_Shootout/Long-Jump,TFRRS all_performances
38,"Howard, Neysia",Arizona,Big 12,Long Jump,2022,JR-3,,,5.48,m,2022 Jim Click Shootout,2022-04-08,,,1.1,Outdoor,https://www.tfrrs.org/results/70958/4485741/2022_Jim_Click_Shootout/Long-Jump,TFRRS all_performances
39,"Powers, Hollan",Arizona,Big 12,Long Jump,2022,FR-1,,,5.11,m,2022 Jim Click Shootout,2022-04-08,,,+0.0,Outdoor,https://www.tfrrs.org/results/70958/4485712/2022_Jim_Click_Shootout/Long-Jump,TFRRS all_performances
40,"Powers, Hollan",Arizona,Big 12,Long Jump,2022,FR-1,,,5.16,m,2022 Jim Click Shootout,2022-04-08,,,1.1,Outdoor,https://www.tfrrs.org/results/70958/4485712/2022_Jim_Click_Shootout/Long-Jump,TFRRS all_performances
41,"Sieben, Skylar",Arizona,Big 12,Long Jump,2022,JR-3,,,5.39,m,2022 Jim Click Shootout,2022-04-08,,,0.1,Outdoor,https://www.tfrrs.org/results/70958/4485712/2022_Jim_Click_Shootout/Long-Jump,TFRRS all_performances
42,"Sieben, Skylar",Arizona,Big 12,Long Jump,2022,JR-3,,,5.62,m,2022 Jim Click Shootout,2022-04-08,,,0.3,Outdoor,https://www.tfrrs.org/results/70958/4485712/2022_Jim_Click_Shootout/Long-Jump,TFRRS all_performances
43,"Bonds, Talie",Arizona,Big 12,100H,2022,JR-3,,,13.27,seconds,62nd Annual Mt. SAC Relays (Collegiate),2022-04-13,,,-0.3,Outdoor,https://www.tfrrs.org/results/72999/4504229/62nd_Annual_Mt_SAC_Relays_Collegiate/100-Hurdles,TFRRS all_performances
44,"Bonds, Talie",Arizona,Big 12,100H,2022,JR-3,,,13.40,seconds,62nd Annual Mt. SAC Relays (Collegiate),2022-04-13,,,-2.6,Outdoor,https://www.tfrrs.org/results/72999/4504229/62nd_Annual_Mt_SAC_Relays_Collegiate/100-Hurdles,TFRRS all_performances
45,"Lewis, Ajaysha",Arizona,Big 12,100H,2022,SO-2,,,14.33,seconds,62nd Annual Mt. SAC Relays (Collegiate),2022-04-13,,,-0.3,Outdoor,https://www.tfrrs.org/results/72999/4504229/62nd_Annual_Mt_SAC_Relays_Collegiate/100-Hurdles,TFRRS all_performances
46,"Powers, Hollan",Arizona,Big 12,100H,2022,FR-1,,,14.69,seconds,62nd Annual Mt. SAC Relays (Collegiate),2022-04-13,,,0.3,Outdoor,https://www.tfrrs.org/results/72999/4504229/62nd_Annual_Mt_SAC_Relays_Collegiate/100-Hurdles,TFRRS all_performances
47,"Sieben, Skylar",Arizona,Big 12,100H,2022,JR-3,,,14.18,seconds,62nd Annual Mt. SAC Relays (Collegiate),2022-04-13,,,0.3,Outdoor,https://www.tfrrs.org/results/72999/4504229/62nd_Annual_Mt_SAC_Relays_Collegiate/100-Hurdles,TFRRS all_performances
48,"Meisberger, Shannon",Arizona,Big 12,400H,2022,SR-4,,,56.45,seconds,62nd Annual Mt. SAC Relays (Elite),2022-04-13,,,,Outdoor,https://www.tfrrs.org/results/72997/4504264/62nd_Annual_Mt_SAC_Relays_Elite/400-Hurdles,TFRRS all_performances
49,"Montgomery, Athena",Arizona,Big 12,400H,2022,SO-2,,,1:04.25,seconds,62nd Annual Mt. SAC Relays (Collegiate),2022-04-13,,,,Outdoor,https://www.tfrrs.org/results/72999/4504256/62nd_Annual_Mt_SAC_Relays_Collegiate/400-Hurdles,TFRRS all_performances
50,"Foreman, Anna",Arizona,Big 12,400m,2022,JR-3,,,54.37,seconds,62nd Annual Mt. SAC Relays (Collegiate),2022-04-13,,,,Outdoor,https://www.tfrrs.org/results/72999/4504198/62nd_Annual_Mt_SAC_Relays_Collegiate/400-Meters,TFRRS all_performances
51,"Bonds, Talie",Arizona,Big 12,100H,2022,JR-3,,,13.25,seconds,Desert Heat Classic 2022,2022-04-30,,,-0.6,Outdoor,https://www.tfrrs.org/results/71098/4538648/Desert_Heat_Classic_2022/100-Hurdles,TFRRS all_performances
52,"Lewis, Ajaysha",Arizona,Big 12,100H,2022,SO-2,,,14.11,seconds,Desert Heat Classic 2022,2022-04-30,,,-0.3,Outdoor,https://www.tfrrs.org/results/71098/4538648/Desert_Heat_Classic_2022/100-Hurdles,TFRRS all_performances
53,"Powers, Hollan",Arizona,Big 12,100H,2022,FR-1,,,14.53,seconds,Desert Heat Classic 2022,2022-04-30,,,-0.3,Outdoor,https://www.tfrrs.org/results/71098/4538648/Desert_Heat_Classic_2022/100-Hurdles,TFRRS all_performances
54,"Sieben, Skylar",Arizona,Big 12,100H,2022,JR-3,,,14.19,seconds,Desert Heat Classic 2022,2022-04-30,,,0.4,Outdoor,https://www.tfrrs.org/results/71098/4538648/Desert_Heat_Classic_2022/100-Hurdles,TFRRS all_performances
55,"Meisberger, Shannon",Arizona,Big 12,400H,2022,SR-4,,,57.15,seconds,Desert Heat Classic 2022,2022-04-30,,,,Outdoor,https://www.tfrrs.org/results/71098/4538654/Desert_Heat_Classic_2022/400-Hurdles,TFRRS all_performances
56,"Montgomery, Athena",Arizona,Big 12,400H,2022,SO-2,,,1:03.15,seconds,Desert Heat Classic 2022,2022-04-30,,,,Outdoor,https://www.tfrrs.org/results/71098/4538654/Desert_Heat_Classic_2022/400-Hurdles,TFRRS all_performances
57,"Bosko, Jenica",Arizona,Big 12,400m,2022,FR-1,,,56.00,seconds,Desert Heat Classic 2022,2022-04-30,,,,Outdoor,https://www.tfrrs.org/results/71098/4538645/Desert_Heat_Classic_2022/400-Meters,TFRRS all_performances
58,"Foreman, Anna",Arizona,Big 12,400m,2022,JR-3,,,54.17,seconds,Desert Heat Classic 2022,2022-04-30,,,,Outdoor,https://www.tfrrs.org/results/71098/4538645/Desert_Heat_Classic_2022/400-Meters,TFRRS all_performances
59,"Bosko, Jenica",Arizona,Big 12,Long Jump,2022,FR-1,,,5.86,m,Desert Heat Classic 2022,2022-04-30,,,-1.5,Outdoor,https://www.tfrrs.org/results/71098/4538665/Desert_Heat_Classic_2022/Long-Jump,TFRRS all_performances
60,"Bosko, Jenica",Arizona,Big 12,Long Jump,2022,FR-1,,,5.91,m,Desert Heat Classic 2022,2022-04-30,,,+0.0,Outdoor,https://www.tfrrs.org/results/71098/4538665/Desert_Heat_Classic_2022/Long-Jump,TFRRS all_performances
61,"Bosko, Jenica",Arizona,Big 12,Long Jump,2022,FR-1,,,6.10,m,Desert Heat Classic 2022,2022-04-30,,,-1.0,Outdoor,https://www.tfrrs.org/results/71098/4538665/Desert_Heat_Classic_2022/Long-Jump,TFRRS all_performances
62,"Perkins, Rylee",Arizona,Big 12,Long Jump,2022,SO-2,,,5.54,m,Desert Heat Classic 2022,2022-04-30,,,0.5,Outdoor,https://www.tfrrs.org/results/71098/4538665/Desert_Heat_Classic_2022/Long-Jump,TFRRS all_performances
63,"Perkins, Rylee",Arizona,Big 12,Long Jump,2022,SO-2,,,5.63,m,Desert Heat Classic 2022,2022-04-30,,,+0.0,Outdoor,https://www.tfrrs.org/results/71098/4538665/Desert_Heat_Classic_2022/Long-Jump,TFRRS all_performances
64,"Poirier-Shelton, Tiana",Arizona,Big 12,Long Jump,2022,SR-4,,,5.46,m,Desert Heat Classic 2022,2022-04-30,,,0.6,Outdoor,https://www.tfrrs.org/results/71098/4538665/Desert_Heat_Classic_2022/Long-Jump,TFRRS all_performances
65,"Poirier-Shelton, Tiana",Arizona,Big 12,Long Jump,2022,SR-4,,,5.64,m,Desert Heat Classic 2022,2022-04-30,,,-0.3,Outdoor,https://www.tfrrs.org/results/71098/4538665/Desert_Heat_Classic_2022/Long-Jump,TFRRS all_performances
66,"Poirier-Shelton, Tiana",Arizona,Big 12,Long Jump,2022,SR-4,,,5.68,m,Desert Heat Classic 2022,2022-04-30,,,0.7,Outdoor,https://www.tfrrs.org/results/71098/4538665/Desert_Heat_Classic_2022/Long-Jump,TFRRS all_performances
67,"Bonds, Talie",Arizona,Big 12,100H,2022,JR-3,,,13.14,seconds,Pac-12 Track & Field Championships,2022-05-13,,,1.2,Outdoor,https://www.tfrrs.org/results/74310/4560220/Pac-12_Track__Field_Championships/100-Hurdles,TFRRS all_performances
68,"Bonds, Talie",Arizona,Big 12,100H,2022,JR-3,,,13.17,seconds,Pac-12 Track & Field Championships,2022-05-13,,,0.3,Outdoor,https://www.tfrrs.org/results/74310/4560220/Pac-12_Track__Field_Championships/100-Hurdles,TFRRS all_performances
69,"Lewis, Ajaysha",Arizona,Big 12,100H,2022,SO-2,,,14.16,seconds,Pac-12 Track & Field Championships,2022-05-13,,,1.2,Outdoor,https://www.tfrrs.org/results/74310/4560220/Pac-12_Track__Field_Championships/100-Hurdles,TFRRS all_performances
70,"Powers, Hollan",Arizona,Big 12,100H,2022,FR-1,,,14.35,seconds,Pac-12 Track & Field Championships,2022-05-13,,,0.7,Outdoor,https://www.tfrrs.org/results/74310/4560212/Pac-12_Track__Field_Championships/100-Hurdles,TFRRS all_performances
71,"Sieben, Skylar",Arizona,Big 12,100H,2022,JR-3,,,14.14,seconds,Pac-12 Track & Field Championships,2022-05-13,,,0.6,Outdoor,https://www.tfrrs.org/results/74310/4560212/Pac-12_Track__Field_Championships/100-Hurdles,TFRRS all_performances
72,"Meisberger, Shannon",Arizona,Big 12,400H,2022,SR-4,,,56.43,seconds,Pac-12 Track & Field Championships,2022-05-13,,,,Outdoor,https://www.tfrrs.org/results/74310/4560202/Pac-12_Track__Field_Championships/400-Hurdles,TFRRS all_performances
73,"Meisberger, Shannon",Arizona,Big 12,400H,2022,SR-4,,,58.77,seconds,Pac-12 Track & Field Championships,2022-05-13,,,,Outdoor,https://www.tfrrs.org/results/74310/4560202/Pac-12_Track__Field_Championships/400-Hurdles,TFRRS all_performances
74,"Montgomery, Athena",Arizona,Big 12,400H,2022,SO-2,,,1:05.23,seconds,Pac-12 Track & Field Championships,2022-05-13,,,,Outdoor,https://www.tfrrs.org/results/74310/4560202/Pac-12_Track__Field_Championships/400-Hurdles,TFRRS all_performances
75,"Foreman, Anna",Arizona,Big 12,400m,2022,JR-3,,,54.74,seconds,Pac-12 Track & Field Championships,2022-05-13,,,,Outdoor,https://www.tfrrs.org/results/74310/4560238/Pac-12_Track__Field_Championships/400-Meters,TFRRS all_performances
76,"Bosko, Jenica",Arizona,Big 12,Long Jump,2022,FR-1,,,5.55,m,Pac-12 Track & Field Championships,2022-05-13,,,0.6,Outdoor,https://www.tfrrs.org/results/74310/4560187/Pac-12_Track__Field_Championships/Long-Jump,TFRRS all_performances
77,"Bosko, Jenica",Arizona,Big 12,Long Jump,2022,FR-1,,,5.69,m,Pac-12 Track & Field Championships,2022-05-13,,,0.9,Outdoor,https://www.tfrrs.org/results/74310/4560187/Pac-12_Track__Field_Championships/Long-Jump,TFRRS all_performances
78,"Bosko, Jenica",Arizona,Big 12,Long Jump,2022,FR-1,,,5.76,m,Pac-12 Track & Field Championships,2022-05-13,,,0.4,Outdoor,https://www.tfrrs.org/results/74310/4560187/Pac-12_Track__Field_Championships/Long-Jump,TFRRS all_performances
79,"Bosko, Jenica",Arizona,Big 12,Long Jump,2022,FR-1,,,5.91,m,Pac-12 Track & Field Championships,2022-05-13,,,0.9,Outdoor,https://www.tfrrs.org/results/74310/4560187/Pac-12_Track__Field_Championships/Long-Jump,TFRRS all_performances
80,"Poirier-Shelton, Tiana",Arizona,Big 12,Long Jump,2022,SR-4,,,5.35,m,Pac-12 Track & Field Championships,2022-05-13,,,+0.0,Outdoor,https://www.tfrrs.org/results/74310/4560187/Pac-12_Track__Field_Championships/Long-Jump,TFRRS all_performances
81,"Poirier-Shelton, Tiana",Arizona,Big 12,Long Jump,2022,SR-4,,,5.66,m,Pac-12 Track & Field Championships,2022-05-13,,,1.9,Outdoor,https://www.tfrrs.org/results/74310/4560187/Pac-12_Track__Field_Championships/Long-Jump,TFRRS all_performances
82,"Powers, Hollan",Arizona,Big 12,Long Jump,2022,FR-1,,,4.74,m,Pac-12 Track & Field Championships,2022-05-13,,,0.1,Outdoor,https://www.tfrrs.org/results/74310/4560216/Pac-12_Track__Field_Championships/Long-Jump,TFRRS all_performances
83,"Powers, Hollan",Arizona,Big 12,Long Jump,2022,FR-1,,,5.24,m,Pac-12 Track & Field Championships,2022-05-13,,,+0.0,Outdoor,https://www.tfrrs.org/results/74310/4560216/Pac-12_Track__Field_Championships/Long-Jump,TFRRS all_performances
84,"Powers, Hollan",Arizona,Big 12,Long Jump,2022,FR-1,,,5.33,m,Pac-12 Track & Field Championships,2022-05-13,,,+0.0,Outdoor,https://www.tfrrs.org/results/74310/4560216/Pac-12_Track__Field_Championships/Long-Jump,TFRRS all_performances
85,"Sieben, Skylar",Arizona,Big 12,Long Jump,2022,JR-3,,,5.65,m,Pac-12 Track & Field Championships,2022-05-13,,,0.5,Outdoor,https://www.tfrrs.org/results/74310/4560216/Pac-12_Track__Field_Championships/Long-Jump,TFRRS all_performances
86,"Sieben, Skylar",Arizona,Big 12,Long Jump,2022,JR-3,,,5.66,m,Pac-12 Track & Field Championships,2022-05-13,,,+0.0,Outdoor,https://www.tfrrs.org/results/74310/4560216/Pac-12_Track__Field_Championships/Long-Jump,TFRRS all_performances
87,"Sieben, Skylar",Arizona,Big 12,Long Jump,2022,JR-3,,,5.74,m,Pac-12 Track & Field Championships,2022-05-13,,,0.3,Outdoor,https://www.tfrrs.org/results/74310/4560216/Pac-12_Track__Field_Championships/Long-Jump,TFRRS all_performances
88,"Bonds, Talie",Arizona,Big 12,100H,2022,JR-3,,,13.22,seconds,NCAA West Preliminary Round,2022-05-25,,,0.6,Outdoor,https://www.tfrrs.org/results/75211/4565980/NCAA_West_Preliminary_Round/100-Hurdles,TFRRS all_performances
89,"Meisberger, Shannon",Arizona,Big 12,400H,2022,SR-4,,,56.12,seconds,NCAA West Preliminary Round,2022-05-25,,,,Outdoor,https://www.tfrrs.org/results/75211/4565966/NCAA_West_Preliminary_Round/400-Hurdles,TFRRS all_performances
90,"Meisberger, Shannon",Arizona,Big 12,400H,2022,SR-4,,,56.39,seconds,NCAA West Preliminary Round,2022-05-25,,,,Outdoor,https://www.tfrrs.org/results/75211/4565966/NCAA_West_Preliminary_Round/400-Hurdles,TFRRS all_performances
91,"Foreman, Anna",Arizona,Big 12,400m,2022,JR-3,,,54.11,seconds,NCAA West Preliminary Round,2022-05-25,,,,Outdoor,https://www.tfrrs.org/results/75211/4565979/NCAA_West_Preliminary_Round/400-Meters,TFRRS all_performances
92,"Bosko, Jenica",Arizona,Big 12,Long Jump,2022,FR-1,,,5.66,m,NCAA West Preliminary Round,2022-05-25,,,1.6,Outdoor,https://www.tfrrs.org/results/75211/4565975/NCAA_West_Preliminary_Round/Long-Jump,TFRRS all_performances
93,"Bosko, Jenica",Arizona,Big 12,Long Jump,2022,FR-1,,,5.73,m,NCAA West Preliminary Round,2022-05-25,,,-0.4,Outdoor,https://www.tfrrs.org/results/75211/4565975/NCAA_West_Preliminary_Round/Long-Jump,TFRRS all_performances
94,"Bonds, Talie",Arizona,Big 12,100H,2022,JR-3,,,13.15,seconds,NCAA Division I Outdoor Track & Field Championships,2022-06-08,,,0.5,Outdoor,https://www.tfrrs.org/results/75224/4567522/NCAA_Division_I_Outdoor_Track__Field_Championships/100-Hurdles,TFRRS all_performances
95,"Meisberger, Shannon",Arizona,Big 12,400H,2022,SR-4,,,55.79,seconds,NCAA Division I Outdoor Track & Field Championships,2022-06-08,,,,Outdoor,https://www.tfrrs.org/results/75224/4567498/NCAA_Division_I_Outdoor_Track__Field_Championships/400-Hurdles,TFRRS all_performances
96,"Meisberger, Shannon",Arizona,Big 12,400H,2022,SR-4,,,56.83,seconds,NCAA Division I Outdoor Track & Field Championships,2022-06-08,,,,Outdoor,https://www.tfrrs.org/results/75224/4567498/NCAA_Division_I_Outdoor_Track__Field_Championships/400-Hurdles,TFRRS all_performances
97,"Tabugbo, Adaobi",BYU,Big 12,100H,2022,SO-2,,,13.59,seconds,Trojan Invite,2022-03-18,,,0.7,Outdoor,https://www.tfrrs.org/results/72420/4425996/Trojan_Invite/100-Hurdles,TFRRS all_performances
98,"Perry, Kayla",BYU,Big 12,400H,2022,JR-3,,,1:00.96,seconds,Trojan Invite,2022-03-18,,,,Outdoor,https://www.tfrrs.org/results/72420/4425973/Trojan_Invite/400-Hurdles,TFRRS all_performances
99,"Taylor, Chloe",BYU,Big 12,400H,2022,FR-1,,,1:04.90,seconds,Trojan Invite,2022-03-18,,,,Outdoor,https://www.tfrrs.org/results/72420/4425973/Trojan_Invite/400-Hurdles,TFRRS all_performances
100,"Thomas, Kate",BYU,Big 12,400H,2022,SO-2,,,1:00.85,seconds,Trojan Invite,2022-03-18,,,,Outdoor,https://www.tfrrs.org/results/72420/4425973/Trojan_Invite/400-Hurdles,TFRRS all_performances
101,"Raymond, Taye",BYU,Big 12,Long Jump,2022,SO-2,,,5.56,m,Trojan Invite,2022-03-18,,,-1.1,Outdoor,https://www.tfrrs.org/results/72420/4425991/Trojan_Invite/Long-Jump,TFRRS all_performances
102,"Raymond, Taye",BYU,Big 12,Long Jump,2022,SO-2,,,5.61,m,Trojan Invite,2022-03-18,,,-2.0,Outdoor,https://www.tfrrs.org/results/72420/4425991/Trojan_Invite/Long-Jump,TFRRS all_performances
103,"Raymond, Taye",BYU,Big 12,Long Jump,2022,SO-2,,,5.77,m,Trojan Invite,2022-03-18,,,1.4,Outdoor,https://www.tfrrs.org/results/72420/4425991/Trojan_Invite/Long-Jump,TFRRS all_performances
104,"Folsom, Halley",BYU,Big 12,100H,2022,SR-4,,,14.40,seconds,2022 94th Clyde Littlefield Texas Relays,2022-03-23,,,-0.6,Outdoor,https://www.tfrrs.org/results/72503/4452842/2022_94th_Clyde_Littlefield_Texas_Relays/100-Hurdles,TFRRS all_performances
105,"Tabugbo, Adaobi",BYU,Big 12,100H,2022,SO-2,,,13.86,seconds,2022 94th Clyde Littlefield Texas Relays,2022-03-23,,,0.9,Outdoor,https://www.tfrrs.org/results/72503/4440637/2022_94th_Clyde_Littlefield_Texas_Relays/100-Hurdles,TFRRS all_performances
106,"Folsom, Halley",BYU,Big 12,Long Jump,2022,SR-4,,,5.39,m,2022 94th Clyde Littlefield Texas Relays,2022-03-23,,,0.8,Outdoor,https://www.tfrrs.org/results/72503/4452846/2022_94th_Clyde_Littlefield_Texas_Relays/Long-Jump,TFRRS all_performances
107,"Folsom, Halley",BYU,Big 12,Long Jump,2022,SR-4,,,5.40,m,2022 94th Clyde Littlefield Texas Relays,2022-03-23,,,1.2,Outdoor,https://www.tfrrs.org/results/72503/4452846/2022_94th_Clyde_Littlefield_Texas_Relays/Long-Jump,TFRRS all_performances
108,"Bingham, Kathryn",BYU,Big 12,400H,2022,SO-2,,,1:03.19,seconds,Texas State Bobcat Invitational,2022-03-24,,,,Outdoor,https://www.tfrrs.org/results/72944/4442523/Texas_State_Bobcat_Invitational/400-Hurdles,TFRRS all_performances
109,"Taylor, Chloe",BYU,Big 12,400H,2022,FR-1,,,1:04.29,seconds,Texas State Bobcat Invitational,2022-03-24,,,,Outdoor,https://www.tfrrs.org/results/72944/4442523/Texas_State_Bobcat_Invitational/400-Hurdles,TFRRS all_performances
110,"Thomas, Kate",BYU,Big 12,400H,2022,SO-2,,,1:01.02,seconds,Texas State Bobcat Invitational,2022-03-24,,,,Outdoor,https://www.tfrrs.org/results/72944/4442523/Texas_State_Bobcat_Invitational/400-Hurdles,TFRRS all_performances
111,"Raymond, Taye",BYU,Big 12,Long Jump,2022,SO-2,,,5.48,m,Texas State Bobcat Invitational,2022-03-24,,,0.8,Outdoor,https://www.tfrrs.org/results/72944/4442512/Texas_State_Bobcat_Invitational/Long-Jump,TFRRS all_performances
112,"Raymond, Taye",BYU,Big 12,Long Jump,2022,SO-2,,,5.70,m,Texas State Bobcat Invitational,2022-03-24,,,2.0,Outdoor,https://www.tfrrs.org/results/72944/4442512/Texas_State_Bobcat_Invitational/Long-Jump,TFRRS all_performances
113,"Raymond, Taye",BYU,Big 12,Long Jump,2022,SO-2,,,5.74,m,Texas State Bobcat Invitational,2022-03-24,,,2.0,Outdoor,https://www.tfrrs.org/results/72944/4442512/Texas_State_Bobcat_Invitational/Long-Jump,TFRRS all_performances
114,"Tabugbo, Adaobi",BYU,Big 12,100H,2022,SO-2,,,13.46,seconds,2022 UVU Collegiate Invitational,2022-03-31,,,1.1,Outdoor,https://www.tfrrs.org/results/74121/4464576/2022_UVU_Collegiate_Invitational/100-Hurdles,TFRRS all_performances
115,"Bolli, Layne",BYU,Big 12,400m,2022,SO-2,,,55.83,seconds,2022 UVU Collegiate Invitational,2022-03-31,,,,Outdoor,https://www.tfrrs.org/results/74121/4464573/2022_UVU_Collegiate_Invitational/400-Meters,TFRRS all_performances
116,"Oblad, Sami",BYU,Big 12,400m,2022,SO-2,,,56.86,seconds,2022 UVU Collegiate Invitational,2022-03-31,,,,Outdoor,https://www.tfrrs.org/results/74121/4464573/2022_UVU_Collegiate_Invitational/400-Meters,TFRRS all_performances
117,"Perry, Kayla",BYU,Big 12,400m,2022,JR-3,,,56.88,seconds,2022 UVU Collegiate Invitational,2022-03-31,,,,Outdoor,https://www.tfrrs.org/results/74121/4464573/2022_UVU_Collegiate_Invitational/400-Meters,TFRRS all_performances
118,"Wilson, Georgi Ana",BYU,Big 12,400m,2022,SO-2,,,1:02.46,seconds,2022 UVU Collegiate Invitational,2022-03-31,,,,Outdoor,https://www.tfrrs.org/results/74121/4464573/2022_UVU_Collegiate_Invitational/400-Meters,TFRRS all_performances
119,"Andam, Camilla",BYU,Big 12,Long Jump,2022,SO-2,,,5.33,m,2022 UVU Collegiate Invitational,2022-03-31,,,+0.0,Outdoor,https://www.tfrrs.org/results/74121/4464549/2022_UVU_Collegiate_Invitational/Long-Jump,TFRRS all_performances
120,"Raymond, Taye",BYU,Big 12,Long Jump,2022,SO-2,,,5.61,m,2022 UVU Collegiate Invitational,2022-03-31,,,0.5,Outdoor,https://www.tfrrs.org/results/74121/4464549/2022_UVU_Collegiate_Invitational/Long-Jump,TFRRS all_performances
121,"Tabugbo, Adaobi",BYU,Big 12,100H,2022,SO-2,,,13.56,seconds,John McDonnell Invitational,2022-04-07,,,0.6,Outdoor,https://www.tfrrs.org/results/73448/4480931/John_McDonnell_Invitational/100-Hurdles,TFRRS all_performances
122,"Perry, Kayla",BYU,Big 12,400H,2022,JR-3,,,1:01.87,seconds,John McDonnell Invitational,2022-04-07,,,,Outdoor,https://www.tfrrs.org/results/73448/4480919/John_McDonnell_Invitational/400-Hurdles,TFRRS all_performances
123,"Bolli, Layne",BYU,Big 12,400m,2022,SO-2,,,58.13,seconds,John McDonnell Invitational,2022-04-07,,,,Outdoor,https://www.tfrrs.org/results/73448/4480929/John_McDonnell_Invitational/400-Meters,TFRRS all_performances
124,"Hart, Annalise",BYU,Big 12,400m,2022,SO-2,,,55.95,seconds,John McDonnell Invitational,2022-04-07,,,,Outdoor,https://www.tfrrs.org/results/73448/4480929/John_McDonnell_Invitational/400-Meters,TFRRS all_performances
125,"Jensen, Brinn",BYU,Big 12,400m,2022,JR-3,,,55.36,seconds,2022 SUN ANGEL CLASSIC INVITATIONAL,2022-04-07,,,,Outdoor,https://www.tfrrs.org/results/73083/4485684/2022_SUN_ANGEL_CLASSIC_INVITATIONAL/400-Meters,TFRRS all_performances
126,"Pontius, Brilee",BYU,Big 12,400m,2022,FR-1,,,56.87,seconds,John McDonnell Invitational,2022-04-07,,,,Outdoor,https://www.tfrrs.org/results/73448/4480929/John_McDonnell_Invitational/400-Meters,TFRRS all_performances
127,"Raymond, Taye",BYU,Big 12,Long Jump,2022,SO-2,,,5.31,m,John McDonnell Invitational,2022-04-07,,,1.0,Outdoor,https://www.tfrrs.org/results/73448/4480933/John_McDonnell_Invitational/Long-Jump,TFRRS all_performances
128,"Torgerson, Mayci",BYU,Big 12,Long Jump,2022,SO-2,,,4.86,m,John McDonnell Invitational,2022-04-07,,,1.1,Outdoor,https://www.tfrrs.org/results/73448/4480933/John_McDonnell_Invitational/Long-Jump,TFRRS all_performances
129,"Oblad, Sami",BYU,Big 12,400m,2022,SO-2,,,57.14,seconds,2022 Aggie Invitational,2022-04-08,,,,Outdoor,https://www.tfrrs.org/results/72750/4484231/2022_Aggie_Invitational/400-Meters,TFRRS all_performances
130,"Wilson, Georgi Ana",BYU,Big 12,400m,2022,SO-2,,,1:00.02,seconds,2022 Aggie Invitational,2022-04-08,,,,Outdoor,https://www.tfrrs.org/results/72750/4484231/2022_Aggie_Invitational/400-Meters,TFRRS all_performances
131,"Andam, Camilla",BYU,Big 12,Long Jump,2022,SO-2,,,5.15,m,2022 Aggie Invitational,2022-04-08,,,0.6,Outdoor,https://www.tfrrs.org/results/72750/4484234/2022_Aggie_Invitational/Long-Jump,TFRRS all_performances
132,"Andam, Camilla",BYU,Big 12,Long Jump,2022,SO-2,,,5.37,m,2022 Aggie Invitational,2022-04-08,,,0.6,Outdoor,https://www.tfrrs.org/results/72750/4484234/2022_Aggie_Invitational/Long-Jump,TFRRS all_performances
133,"Folsom, Halley",BYU,Big 12,100H,2022,SR-4,,,14.01,seconds,Bryan Clay Invitational,2022-04-13,,,2.0,Outdoor,https://www.tfrrs.org/results/70993/4515135/Bryan_Clay_Invitational/100-Hurdles,TFRRS all_performances
134,"Ellsworth, Alena",BYU,Big 12,400m,2022,SR-4,,,53.68,seconds,Bryan Clay Invitational,2022-04-13,,,,Outdoor,https://www.tfrrs.org/results/70993/4501766/Bryan_Clay_Invitational/400-Meters,TFRRS all_performances
135,"Hunter, Meghan",BYU,Big 12,400m,2022,SO-2,,,54.52,seconds,Bryan Clay Invitational,2022-04-13,,,,Outdoor,https://www.tfrrs.org/results/70993/4501766/Bryan_Clay_Invitational/400-Meters,TFRRS all_performances
136,"Seymour, Claire",BYU,Big 12,400m,2022,JR-3,,,53.69,seconds,Bryan Clay Invitational,2022-04-13,,,,Outdoor,https://www.tfrrs.org/results/70993/4501766/Bryan_Clay_Invitational/400-Meters,TFRRS all_performances
137,"Folsom, Halley",BYU,Big 12,Long Jump,2022,SR-4,,,5.40,m,Bryan Clay Invitational,2022-04-13,,,1.5,Outdoor,https://www.tfrrs.org/results/70993/4515139/Bryan_Clay_Invitational/Long-Jump,TFRRS all_performances
138,"Folsom, Halley",BYU,Big 12,Long Jump,2022,SR-4,,,5.78,m,Bryan Clay Invitational,2022-04-13,,,1.5,Outdoor,https://www.tfrrs.org/results/70993/4515139/Bryan_Clay_Invitational/Long-Jump,TFRRS all_performances
139,"Folsom, Halley",BYU,Big 12,100H,2022,SR-4,,,13.99,seconds,2022 BYU Robison Invitational,2022-04-20,,,-0.5,Outdoor,https://www.tfrrs.org/results/74719/4553696/2022_BYU_Robison_Invitational/100-Hurdles,TFRRS all_performances
140,"Torgerson, Mayci",BYU,Big 12,100H,2022,SO-2,,,14.89,seconds,2022 BYU Robison Invitational,2022-04-20,,,1.9,Outdoor,https://www.tfrrs.org/results/74719/4553696/2022_BYU_Robison_Invitational/100-Hurdles,TFRRS all_performances
141,"Torgerson, Mayci",BYU,Big 12,100H,2022,SO-2,,,15.00,seconds,2022 BYU Robison Invitational,2022-04-20,,,0.1,Outdoor,https://www.tfrrs.org/results/74719/4542239/2022_BYU_Robison_Invitational/100-Hurdles,TFRRS all_performances
142,"Folsom, Halley",BYU,Big 12,400H,2022,SR-4,,,58.19,seconds,2022 BYU Robison Invitational,2022-04-20,,,,Outdoor,https://www.tfrrs.org/results/74719/4542238/2022_BYU_Robison_Invitational/400-Hurdles,TFRRS all_performances
143,"Perry, Kayla",BYU,Big 12,400H,2022,JR-3,,,1:01.36,seconds,2022 BYU Robison Invitational,2022-04-20,,,,Outdoor,https://www.tfrrs.org/results/74719/4542238/2022_BYU_Robison_Invitational/400-Hurdles,TFRRS all_performances
144,"Thomas, Kate",BYU,Big 12,400H,2022,SO-2,,,1:02.23,seconds,2022 BYU Robison Invitational,2022-04-20,,,,Outdoor,https://www.tfrrs.org/results/74719/4542238/2022_BYU_Robison_Invitational/400-Hurdles,TFRRS all_performances
145,"Bolli, Layne",BYU,Big 12,400m,2022,SO-2,,,56.03,seconds,2022 BYU Robison Invitational,2022-04-20,,,,Outdoor,https://www.tfrrs.org/results/74719/4522318/2022_BYU_Robison_Invitational/400-Meters,TFRRS all_performances
146,"Hart, Annalise",BYU,Big 12,400m,2022,SO-2,,,54.89,seconds,2022 BYU Robison Invitational,2022-04-20,,,,Outdoor,https://www.tfrrs.org/results/74719/4522318/2022_BYU_Robison_Invitational/400-Meters,TFRRS all_performances
147,"Jensen, Brinn",BYU,Big 12,400m,2022,JR-3,,,55.23,seconds,2022 BYU Robison Invitational,2022-04-20,,,,Outdoor,https://www.tfrrs.org/results/74719/4522318/2022_BYU_Robison_Invitational/400-Meters,TFRRS all_performances
148,"Oblad, Sami",BYU,Big 12,400m,2022,SO-2,,,57.66,seconds,2022 BYU Robison Invitational,2022-04-20,,,,Outdoor,https://www.tfrrs.org/results/74719/4522318/2022_BYU_Robison_Invitational/400-Meters,TFRRS all_performances
149,"Pontius, Brilee",BYU,Big 12,400m,2022,FR-1,,,55.83,seconds,2022 BYU Robison Invitational,2022-04-20,,,,Outdoor,https://www.tfrrs.org/results/74719/4522318/2022_BYU_Robison_Invitational/400-Meters,TFRRS all_performances
150,"Wilson, Georgi Ana",BYU,Big 12,400m,2022,SO-2,,,1:02.07,seconds,2022 BYU Robison Invitational,2022-04-20,,,,Outdoor,https://www.tfrrs.org/results/74719/4522318/2022_BYU_Robison_Invitational/400-Meters,TFRRS all_performances
151,"Ford, Lauryn",BYU,Big 12,Long Jump,2022,SO-2,,,5.64,m,2022 BYU Robison Invitational,2022-04-20,,,1.2,Outdoor,https://www.tfrrs.org/results/74719/4522345/2022_BYU_Robison_Invitational/Long-Jump,TFRRS all_performances
152,"Torgerson, Mayci",BYU,Big 12,100H,2022,SO-2,,,15.43,seconds,2022 Idaho State Bengal Invitational,2022-04-29,,,+0.0,Outdoor,https://www.tfrrs.org/results/72137/4537208/2022_Idaho_State_Bengal_Invitational/100-Hurdles,TFRRS all_performances
153,"Oblad, Sami",BYU,Big 12,400m,2022,SO-2,,,56.70,seconds,2022 Idaho State Bengal Invitational,2022-04-29,,,,Outdoor,https://www.tfrrs.org/results/72137/4537215/2022_Idaho_State_Bengal_Invitational/400-Meters,TFRRS all_performances
154,"Tabugbo, Adaobi",BYU,Big 12,100H,2022,SO-2,,,13.58,seconds,Desert Heat Classic 2022,2022-04-30,,,-0.6,Outdoor,https://www.tfrrs.org/results/71098/4538648/Desert_Heat_Classic_2022/100-Hurdles,TFRRS all_performances
155,"Perry, Kayla",BYU,Big 12,400H,2022,JR-3,,,1:00.11,seconds,Desert Heat Classic 2022,2022-04-30,,,,Outdoor,https://www.tfrrs.org/results/71098/4538654/Desert_Heat_Classic_2022/400-Hurdles,TFRRS all_performances
156,"Thomas, Kate",BYU,Big 12,400H,2022,SO-2,,,1:00.59,seconds,Desert Heat Classic 2022,2022-04-30,,,,Outdoor,https://www.tfrrs.org/results/71098/4538654/Desert_Heat_Classic_2022/400-Hurdles,TFRRS all_performances
157,"Bolli, Layne",BYU,Big 12,400m,2022,SO-2,,,56.43,seconds,Desert Heat Classic 2022,2022-04-30,,,,Outdoor,https://www.tfrrs.org/results/71098/4538645/Desert_Heat_Classic_2022/400-Meters,TFRRS all_performances
158,"Hart, Annalise",BYU,Big 12,400m,2022,SO-2,,,54.72,seconds,Desert Heat Classic 2022,2022-04-30,,,,Outdoor,https://www.tfrrs.org/results/71098/4538645/Desert_Heat_Classic_2022/400-Meters,TFRRS all_performances
159,"Jensen, Brinn",BYU,Big 12,400m,2022,JR-3,,,55.76,seconds,Desert Heat Classic 2022,2022-04-30,,,,Outdoor,https://www.tfrrs.org/results/71098/4538645/Desert_Heat_Classic_2022/400-Meters,TFRRS all_performances
160,"Pontius, Brilee",BYU,Big 12,400m,2022,FR-1,,,55.04,seconds,Desert Heat Classic 2022,2022-04-30,,,,Outdoor,https://www.tfrrs.org/results/71098/4538645/Desert_Heat_Classic_2022/400-Meters,TFRRS all_performances
161,"Ford, Lauryn",BYU,Big 12,Long Jump,2022,SO-2,,,5.36,m,Desert Heat Classic 2022,2022-04-30,,,-0.1,Outdoor,https://www.tfrrs.org/results/71098/4538665/Desert_Heat_Classic_2022/Long-Jump,TFRRS all_performances
162,"Ford, Lauryn",BYU,Big 12,Long Jump,2022,SO-2,,,5.55,m,Desert Heat Classic 2022,2022-04-30,,,-1.8,Outdoor,https://www.tfrrs.org/results/71098/4538665/Desert_Heat_Classic_2022/Long-Jump,TFRRS all_performances
163,"Raymond, Taye",BYU,Big 12,Long Jump,2022,SO-2,,,5.61,m,Desert Heat Classic 2022,2022-04-30,,,+0.0,Outdoor,https://www.tfrrs.org/results/71098/4538665/Desert_Heat_Classic_2022/Long-Jump,TFRRS all_performances
164,"Raymond, Taye",BYU,Big 12,Long Jump,2022,SO-2,,,5.71,m,Desert Heat Classic 2022,2022-04-30,,,+0.0,Outdoor,https://www.tfrrs.org/results/71098/4538665/Desert_Heat_Classic_2022/Long-Jump,TFRRS all_performances
165,"Raymond, Taye",BYU,Big 12,Long Jump,2022,SO-2,,,5.73,m,Desert Heat Classic 2022,2022-04-30,,,+0.0,Outdoor,https://www.tfrrs.org/results/71098/4538665/Desert_Heat_Classic_2022/Long-Jump,TFRRS all_performances
166,"Raymond, Taye",BYU,Big 12,Long Jump,2022,SO-2,,,5.80,m,Desert Heat Classic 2022,2022-04-30,,,+0.0,Outdoor,https://www.tfrrs.org/results/71098/4538665/Desert_Heat_Classic_2022/Long-Jump,TFRRS all_performances
167,"Raymond, Taye",BYU,Big 12,Long Jump,2022,SO-2,,,5.90,m,Desert Heat Classic 2022,2022-04-30,,,-1.8,Outdoor,https://www.tfrrs.org/results/71098/4538665/Desert_Heat_Classic_2022/Long-Jump,TFRRS all_performances
168,"Raymond, Taye",BYU,Big 12,Long Jump,2022,SO-2,,,5.91,m,Desert Heat Classic 2022,2022-04-30,,,-0.8,Outdoor,https://www.tfrrs.org/results/71098/4538665/Desert_Heat_Classic_2022/Long-Jump,TFRRS all_performances
169,"Folsom, Halley",BYU,Big 12,100H,2022,SR-4,,,13.97,seconds,2022 BYU Cougar Invitational,2022-05-06,,,0.9,Outdoor,https://www.tfrrs.org/results/75150/4558050/2022_BYU_Cougar_Invitational/100-Hurdles,TFRRS all_performances
170,"Folsom, Halley",BYU,Big 12,100H,2022,SR-4,,,14.04,seconds,Oregon Twilight,2022-05-06,,,-0.8,Outdoor,https://www.tfrrs.org/results/73108/4547288/Oregon_Twilight/100-Hurdles,TFRRS all_performances
171,"Tabugbo, Adaobi",BYU,Big 12,100H,2022,SO-2,,,13.62,seconds,2022 BYU Cougar Invitational,2022-05-06,,,0.9,Outdoor,https://www.tfrrs.org/results/75150/4558050/2022_BYU_Cougar_Invitational/100-Hurdles,TFRRS all_performances
172,"Tabugbo, Adaobi",BYU,Big 12,100H,2022,SO-2,,,13.66,seconds,2022 BYU Cougar Invitational,2022-05-06,,,-0.3,Outdoor,https://www.tfrrs.org/results/75150/4558065/2022_BYU_Cougar_Invitational/100-Hurdles,TFRRS all_performances
173,"Torgerson, Mayci",BYU,Big 12,100H,2022,SO-2,,,15.26,seconds,2022 BYU Cougar Invitational,2022-05-06,,,0.9,Outdoor,https://www.tfrrs.org/results/75150/4558050/2022_BYU_Cougar_Invitational/100-Hurdles,TFRRS all_performances
174,"Folsom, Halley",BYU,Big 12,400H,2022,SR-4,,,58.08,seconds,2022 BYU Cougar Invitational,2022-05-06,,,,Outdoor,https://www.tfrrs.org/results/75150/4558083/2022_BYU_Cougar_Invitational/400-Hurdles,TFRRS all_performances
175,"Folsom, Halley",BYU,Big 12,400H,2022,SR-4,,,59.11,seconds,Oregon Twilight,2022-05-06,,,,Outdoor,https://www.tfrrs.org/results/73108/4547269/Oregon_Twilight/400-Hurdles,TFRRS all_performances
176,"Perry, Kayla",BYU,Big 12,400H,2022,JR-3,,,1:00.11,seconds,2022 BYU Cougar Invitational,2022-05-06,,,,Outdoor,https://www.tfrrs.org/results/75150/4558083/2022_BYU_Cougar_Invitational/400-Hurdles,TFRRS all_performances
177,"Perry, Kayla",BYU,Big 12,400H,2022,JR-3,,,1:01.09,seconds,2022 BYU Cougar Invitational,2022-05-06,,,,Outdoor,https://www.tfrrs.org/results/75150/4558083/2022_BYU_Cougar_Invitational/400-Hurdles,TFRRS all_performances
178,"Thomas, Kate",BYU,Big 12,400H,2022,SO-2,,,1:00.64,seconds,2022 BYU Cougar Invitational,2022-05-06,,,,Outdoor,https://www.tfrrs.org/results/75150/4558083/2022_BYU_Cougar_Invitational/400-Hurdles,TFRRS all_performances
179,"Thomas, Kate",BYU,Big 12,400H,2022,SO-2,,,1:00.93,seconds,2022 BYU Cougar Invitational,2022-05-06,,,,Outdoor,https://www.tfrrs.org/results/75150/4558083/2022_BYU_Cougar_Invitational/400-Hurdles,TFRRS all_performances
180,"Bolli, Layne",BYU,Big 12,400m,2022,SO-2,,,55.30,seconds,2022 BYU Cougar Invitational,2022-05-06,,,,Outdoor,https://www.tfrrs.org/results/75150/4558081/2022_BYU_Cougar_Invitational/400-Meters,TFRRS all_performances
181,"Ellsworth, Alena",BYU,Big 12,400m,2022,SR-4,,,52.96,seconds,2022 BYU Cougar Invitational,2022-05-06,,,,Outdoor,https://www.tfrrs.org/results/75150/4558081/2022_BYU_Cougar_Invitational/400-Meters,TFRRS all_performances
182,"Ellsworth, Alena",BYU,Big 12,400m,2022,SR-4,,,54.38,seconds,Oregon Twilight,2022-05-06,,,,Outdoor,https://www.tfrrs.org/results/73108/4547294/Oregon_Twilight/400-Meters,TFRRS all_performances
183,"Hart, Annalise",BYU,Big 12,400m,2022,SO-2,,,53.92,seconds,2022 BYU Cougar Invitational,2022-05-06,,,,Outdoor,https://www.tfrrs.org/results/75150/4558081/2022_BYU_Cougar_Invitational/400-Meters,TFRRS all_performances
184,"Hunter, Meghan",BYU,Big 12,400m,2022,SO-2,,,53.81,seconds,2022 BYU Cougar Invitational,2022-05-06,,,,Outdoor,https://www.tfrrs.org/results/75150/4558081/2022_BYU_Cougar_Invitational/400-Meters,TFRRS all_performances
185,"Jensen, Brinn",BYU,Big 12,400m,2022,JR-3,,,54.81,seconds,2022 BYU Cougar Invitational,2022-05-06,,,,Outdoor,https://www.tfrrs.org/results/75150/4558081/2022_BYU_Cougar_Invitational/400-Meters,TFRRS all_performances
186,"Oblad, Sami",BYU,Big 12,400m,2022,SO-2,,,55.67,seconds,2022 BYU Cougar Invitational,2022-05-06,,,,Outdoor,https://www.tfrrs.org/results/75150/4558081/2022_BYU_Cougar_Invitational/400-Meters,TFRRS all_performances
187,"Pontius, Brilee",BYU,Big 12,400m,2022,FR-1,,,54.63,seconds,2022 BYU Cougar Invitational,2022-05-06,,,,Outdoor,https://www.tfrrs.org/results/75150/4558081/2022_BYU_Cougar_Invitational/400-Meters,TFRRS all_performances
188,"Andam, Camilla",BYU,Big 12,Long Jump,2022,SO-2,,,5.35,m,2022 BYU Cougar Invitational,2022-05-06,,,+0.0,Outdoor,https://www.tfrrs.org/results/75150/4558084/2022_BYU_Cougar_Invitational/Long-Jump,TFRRS all_performances
189,"Folsom, Halley",BYU,Big 12,Long Jump,2022,SR-4,,,5.27,m,2022 BYU Cougar Invitational,2022-05-06,,,-1.3,Outdoor,https://www.tfrrs.org/results/75150/4558084/2022_BYU_Cougar_Invitational/Long-Jump,TFRRS all_performances
190,"Ford, Lauryn",BYU,Big 12,Long Jump,2022,SO-2,,,5.48,m,2022 BYU Cougar Invitational,2022-05-06,,,+0.0,Outdoor,https://www.tfrrs.org/results/75150/4558084/2022_BYU_Cougar_Invitational/Long-Jump,TFRRS all_performances
191,"Raymond, Taye",BYU,Big 12,Long Jump,2022,SO-2,,,5.93,m,2022 BYU Cougar Invitational,2022-05-06,,,-1.1,Outdoor,https://www.tfrrs.org/results/75150/4558084/2022_BYU_Cougar_Invitational/Long-Jump,TFRRS all_performances
192,"Tabugbo, Adaobi",BYU,Big 12,100H,2022,SO-2,,,13.48,seconds,NCAA West Preliminary Round,2022-05-25,,,-0.4,Outdoor,https://www.tfrrs.org/results/75211/4565980/NCAA_West_Preliminary_Round/100-Hurdles,TFRRS all_performances
193,"Folsom, Halley",BYU,Big 12,400H,2022,SR-4,,,57.67,seconds,NCAA West Preliminary Round,2022-05-25,,,,Outdoor,https://www.tfrrs.org/results/75211/4565966/NCAA_West_Preliminary_Round/400-Hurdles,TFRRS all_performances
194,"Folsom, Halley",BYU,Big 12,400H,2022,SR-4,,,57.85,seconds,NCAA West Preliminary Round,2022-05-25,,,,Outdoor,https://www.tfrrs.org/results/75211/4565966/NCAA_West_Preliminary_Round/400-Hurdles,TFRRS all_performances
195,"Perry, Kayla",BYU,Big 12,400H,2022,JR-3,,,1:01.55,seconds,NCAA West Preliminary Round,2022-05-25,,,,Outdoor,https://www.tfrrs.org/results/75211/4565966/NCAA_West_Preliminary_Round/400-Hurdles,TFRRS all_performances
196,"Ellsworth, Alena",BYU,Big 12,400m,2022,SR-4,,,53.82,seconds,NCAA West Preliminary Round,2022-05-25,,,,Outdoor,https://www.tfrrs.org/results/75211/4565979/NCAA_West_Preliminary_Round/400-Meters,TFRRS all_performances
197,"Hart, Annalise",BYU,Big 12,400m,2022,SO-2,,,54.68,seconds,NCAA West Preliminary Round,2022-05-25,,,,Outdoor,https://www.tfrrs.org/results/75211/4565979/NCAA_West_Preliminary_Round/400-Meters,TFRRS all_performances
198,"Folsom, Halley",BYU,Big 12,100H,2022,SR-4,,,13.97,seconds,NCAA Division I Outdoor Track & Field Championships,2022-06-08,,,-0.1,Outdoor,https://www.tfrrs.org/results/75224/4567514/NCAA_Division_I_Outdoor_Track__Field_Championships/100-Hurdles,TFRRS all_performances
199,"Folsom, Halley",BYU,Big 12,Long Jump,2022,SR-4,,,5.25,m,NCAA Division I Outdoor Track & Field Championships,2022-06-08,,,-0.5,Outdoor,https://www.tfrrs.org/results/75224/4567518/NCAA_Division_I_Outdoor_Track__Field_Championships/Long-Jump,TFRRS all_performances
200,"Folsom, Halley",BYU,Big 12,Long Jump,2022,SR-4,,,5.40,m,NCAA Division I Outdoor Track & Field Championships,2022-06-08,,,-0.4,Outdoor,https://www.tfrrs.org/results/75224/4567518/NCAA_Division_I_Outdoor_Track__Field_Championships/Long-Jump,TFRRS all_performances
201,"Williamson, Audrey",Baylor,Big 12,400H,2022,FR-1,,,1:07.56,seconds,Longhorn Invitational,2022-03-05,,,,Outdoor,https://www.tfrrs.org/results/72652/4405069/Longhorn_Invitational/400-Hurdles,TFRRS all_performances
202,"Garcia, Briana",Baylor,Big 12,400m,2022,JR-3,,,59.15,seconds,Longhorn Invitational,2022-03-05,,,,Outdoor,https://www.tfrrs.org/results/72652/4405097/Longhorn_Invitational/400-Meters,TFRRS all_performances
203,"Gryne, Jasmine",Baylor,Big 12,400m,2022,FR-1,,,57.39,seconds,Longhorn Invitational,2022-03-05,,,,Outdoor,https://www.tfrrs.org/results/72652/4405097/Longhorn_Invitational/400-Meters,TFRRS all_performances
204,"Wash, Cierra",Baylor,Big 12,400m,2022,FR-1,,,56.80,seconds,Longhorn Invitational,2022-03-05,,,,Outdoor,https://www.tfrrs.org/results/72652/4405097/Longhorn_Invitational/400-Meters,TFRRS all_performances
205,"Bailey, Kennedy",Baylor,Big 12,100H,2022,SR-4,,,13.53,seconds,TCU Invitational,2022-03-18,,,1.9,Outdoor,https://www.tfrrs.org/results/71303/4426264/TCU_Invitational/100-Hurdles,TFRRS all_performances
206,"Duncan, Alexis",Baylor,Big 12,100H,2022,SR-4,,,13.38,seconds,TCU Invitational,2022-03-18,,,1.9,Outdoor,https://www.tfrrs.org/results/71303/4426264/TCU_Invitational/100-Hurdles,TFRRS all_performances
207,"Garcia, Briana",Baylor,Big 12,400H,2022,JR-3,,,1:01.80,seconds,TCU Invitational,2022-03-18,,,,Outdoor,https://www.tfrrs.org/results/71303/4426273/TCU_Invitational/400-Hurdles,TFRRS all_performances
208,"Gryne, Jasmine",Baylor,Big 12,400H,2022,FR-1,,,58.59,seconds,TCU Invitational,2022-03-18,,,,Outdoor,https://www.tfrrs.org/results/71303/4426273/TCU_Invitational/400-Hurdles,TFRRS all_performances
209,"Williamson, Audrey",Baylor,Big 12,400H,2022,FR-1,,,1:06.36,seconds,TCU Invitational,2022-03-18,,,,Outdoor,https://www.tfrrs.org/results/71303/4426273/TCU_Invitational/400-Hurdles,TFRRS all_performances
210,"Ayers, Mariah",Baylor,Big 12,400m,2022,SO-2,,,52.77,seconds,TCU Invitational,2022-03-18,,,,Outdoor,https://www.tfrrs.org/results/71303/4426271/TCU_Invitational/400-Meters,TFRRS all_performances
211,"Carter, Demitra",Baylor,Big 12,400m,2022,SR-4,,,57.42,seconds,TCU Invitational,2022-03-18,,,,Outdoor,https://www.tfrrs.org/results/71303/4426271/TCU_Invitational/400-Meters,TFRRS all_performances
212,"Morake, Gontse",Baylor,Big 12,400m,2022,SO-2,,,56.07,seconds,TCU Invitational,2022-03-18,,,,Outdoor,https://www.tfrrs.org/results/71303/4426271/TCU_Invitational/400-Meters,TFRRS all_performances
213,"Stewart, Morgan",Baylor,Big 12,400m,2022,SR-4,,,54.89,seconds,TCU Invitational,2022-03-18,,,,Outdoor,https://www.tfrrs.org/results/71303/4426271/TCU_Invitational/400-Meters,TFRRS all_performances
214,"Wash, Cierra",Baylor,Big 12,400m,2022,FR-1,,,56.62,seconds,TCU Invitational,2022-03-18,,,,Outdoor,https://www.tfrrs.org/results/71303/4426271/TCU_Invitational/400-Meters,TFRRS all_performances
215,"Williams, Lily",Baylor,Big 12,400m,2022,FR-1,,,57.86,seconds,TCU Invitational,2022-03-18,,,,Outdoor,https://www.tfrrs.org/results/71303/4426271/TCU_Invitational/400-Meters,TFRRS all_performances
216,"Clark, Kayla",Baylor,Big 12,Long Jump,2022,SO-2,,,5.08,m,TCU Invitational,2022-03-18,,,-0.5,Outdoor,https://www.tfrrs.org/results/71303/4426280/TCU_Invitational/Long-Jump,TFRRS all_performances
217,"Clark, Kayla",Baylor,Big 12,Long Jump,2022,SO-2,,,5.22,m,TCU Invitational,2022-03-18,,,-2.3,Outdoor,https://www.tfrrs.org/results/71303/4426280/TCU_Invitational/Long-Jump,TFRRS all_performances
218,"Johnson, Koi",Baylor,Big 12,Long Jump,2022,SO-2,,,5.49,m,TCU Invitational,2022-03-18,,,-3.0,Outdoor,https://www.tfrrs.org/results/71303/4426280/TCU_Invitational/Long-Jump,TFRRS all_performances
219,"Johnson, Koi",Baylor,Big 12,Long Jump,2022,SO-2,,,5.87,m,TCU Invitational,2022-03-18,,,0.1,Outdoor,https://www.tfrrs.org/results/71303/4426280/TCU_Invitational/Long-Jump,TFRRS all_performances
220,"Madlock, Alex",Baylor,Big 12,Long Jump,2022,SR-4,,,6.07,m,TCU Invitational,2022-03-18,,,0.3,Outdoor,https://www.tfrrs.org/results/71303/4426280/TCU_Invitational/Long-Jump,TFRRS all_performances
221,"Madlock, Alex",Baylor,Big 12,Long Jump,2022,SR-4,,,6.20,m,TCU Invitational,2022-03-18,,,0.7,Outdoor,https://www.tfrrs.org/results/71303/4426280/TCU_Invitational/Long-Jump,TFRRS all_performances
222,"Pettway, Caira",Baylor,Big 12,Long Jump,2022,SR-4,,,5.93,m,TCU Invitational,2022-03-18,,,-2.6,Outdoor,https://www.tfrrs.org/results/71303/4426280/TCU_Invitational/Long-Jump,TFRRS all_performances
223,"Pettway, Caira",Baylor,Big 12,Long Jump,2022,SR-4,,,6.02,m,TCU Invitational,2022-03-18,,,0.3,Outdoor,https://www.tfrrs.org/results/71303/4426280/TCU_Invitational/Long-Jump,TFRRS all_performances
224,"Pettway, Caira",Baylor,Big 12,Long Jump,2022,SR-4,,,6.27,m,TCU Invitational,2022-03-18,,,0.6,Outdoor,https://www.tfrrs.org/results/71303/4426280/TCU_Invitational/Long-Jump,TFRRS all_performances
225,"Pettway, Caira",Baylor,Big 12,Long Jump,2022,SR-4,,,6.36,m,TCU Invitational,2022-03-18,,,1.5,Outdoor,https://www.tfrrs.org/results/71303/4426280/TCU_Invitational/Long-Jump,TFRRS all_performances
226,"Rutenis, Alexandra",Baylor,Big 12,Long Jump,2022,FR-1,,,5.18,m,TCU Invitational,2022-03-18,,,-1.0,Outdoor,https://www.tfrrs.org/results/71303/4426280/TCU_Invitational/Long-Jump,TFRRS all_performances
227,"Rutenis, Alexandra",Baylor,Big 12,Long Jump,2022,FR-1,,,5.44,m,TCU Invitational,2022-03-18,,,0.6,Outdoor,https://www.tfrrs.org/results/71303/4426280/TCU_Invitational/Long-Jump,TFRRS all_performances
228,"Rutenis, Alexandra",Baylor,Big 12,Long Jump,2022,FR-1,,,5.52,m,TCU Invitational,2022-03-18,,,1.3,Outdoor,https://www.tfrrs.org/results/71303/4426280/TCU_Invitational/Long-Jump,TFRRS all_performances
229,"Duncan, Alexis",Baylor,Big 12,100H,2022,SR-4,,,13.46,seconds,2022 94th Clyde Littlefield Texas Relays,2022-03-23,,,1.1,Outdoor,https://www.tfrrs.org/results/72503/4440637/2022_94th_Clyde_Littlefield_Texas_Relays/100-Hurdles,TFRRS all_performances
230,"Nugent, Ackera",Baylor,Big 12,100H,2022,FR-1,,,12.97,seconds,2022 94th Clyde Littlefield Texas Relays,2022-03-23,,,1.3,Outdoor,https://www.tfrrs.org/results/72503/4440637/2022_94th_Clyde_Littlefield_Texas_Relays/100-Hurdles,TFRRS all_performances
231,"Rhodes, Kiara",Baylor,Big 12,100H,2022,SR-4,,,14.17,seconds,2022 94th Clyde Littlefield Texas Relays,2022-03-23,,,0.9,Outdoor,https://www.tfrrs.org/results/72503/4440637/2022_94th_Clyde_Littlefield_Texas_Relays/100-Hurdles,TFRRS all_performances
232,"Garcia, Briana",Baylor,Big 12,400H,2022,JR-3,,,1:02.12,seconds,2022 94th Clyde Littlefield Texas Relays,2022-03-23,,,,Outdoor,https://www.tfrrs.org/results/72503/4440736/2022_94th_Clyde_Littlefield_Texas_Relays/400-Hurdles,TFRRS all_performances
233,"Gryne, Jasmine",Baylor,Big 12,400H,2022,FR-1,,,59.28,seconds,2022 94th Clyde Littlefield Texas Relays,2022-03-23,,,,Outdoor,https://www.tfrrs.org/results/72503/4440620/2022_94th_Clyde_Littlefield_Texas_Relays/400-Hurdles,TFRRS all_performances
234,"Morake, Gontse",Baylor,Big 12,400H,2022,SO-2,,,58.53,seconds,2022 94th Clyde Littlefield Texas Relays,2022-03-23,,,,Outdoor,https://www.tfrrs.org/results/72503/4440620/2022_94th_Clyde_Littlefield_Texas_Relays/400-Hurdles,TFRRS all_performances
235,"Morake, Gontse",Baylor,Big 12,400H,2022,SO-2,,,58.80,seconds,2022 94th Clyde Littlefield Texas Relays,2022-03-23,,,,Outdoor,https://www.tfrrs.org/results/72503/4440620/2022_94th_Clyde_Littlefield_Texas_Relays/400-Hurdles,TFRRS all_performances
236,"Madlock, Alex",Baylor,Big 12,Long Jump,2022,SR-4,,,5.75,m,2022 94th Clyde Littlefield Texas Relays,2022-03-23,,,+0.0,Outdoor,https://www.tfrrs.org/results/72503/4440691/2022_94th_Clyde_Littlefield_Texas_Relays/Long-Jump,TFRRS all_performances
237,"Madlock, Alex",Baylor,Big 12,Long Jump,2022,SR-4,,,5.85,m,2022 94th Clyde Littlefield Texas Relays,2022-03-23,,,0.7,Outdoor,https://www.tfrrs.org/results/72503/4440691/2022_94th_Clyde_Littlefield_Texas_Relays/Long-Jump,TFRRS all_performances
238,"Madlock, Alex",Baylor,Big 12,Long Jump,2022,SR-4,,,6.08,m,2022 94th Clyde Littlefield Texas Relays,2022-03-23,,,0.7,Outdoor,https://www.tfrrs.org/results/72503/4440691/2022_94th_Clyde_Littlefield_Texas_Relays/Long-Jump,TFRRS all_performances
239,"Madlock, Alex",Baylor,Big 12,Long Jump,2022,SR-4,,,6.14,m,2022 94th Clyde Littlefield Texas Relays,2022-03-23,,,1.2,Outdoor,https://www.tfrrs.org/results/72503/4440691/2022_94th_Clyde_Littlefield_Texas_Relays/Long-Jump,TFRRS all_performances
240,"Madlock, Alex",Baylor,Big 12,Long Jump,2022,SR-4,,,6.18,m,2022 94th Clyde Littlefield Texas Relays,2022-03-23,,,1.7,Outdoor,https://www.tfrrs.org/results/72503/4440691/2022_94th_Clyde_Littlefield_Texas_Relays/Long-Jump,TFRRS all_performances
241,"Madlock, Alex",Baylor,Big 12,Long Jump,2022,SR-4,,,6.38,m,2022 94th Clyde Littlefield Texas Relays,2022-03-23,,,0.9,Outdoor,https://www.tfrrs.org/results/72503/4440691/2022_94th_Clyde_Littlefield_Texas_Relays/Long-Jump,TFRRS all_performances
242,"Pettway, Caira",Baylor,Big 12,Long Jump,2022,SR-4,,,5.99,m,2022 94th Clyde Littlefield Texas Relays,2022-03-23,,,0.6,Outdoor,https://www.tfrrs.org/results/72503/4440691/2022_94th_Clyde_Littlefield_Texas_Relays/Long-Jump,TFRRS all_performances
243,"Pettway, Caira",Baylor,Big 12,Long Jump,2022,SR-4,,,6.02,m,2022 94th Clyde Littlefield Texas Relays,2022-03-23,,,0.4,Outdoor,https://www.tfrrs.org/results/72503/4440691/2022_94th_Clyde_Littlefield_Texas_Relays/Long-Jump,TFRRS all_performances
244,"Pettway, Caira",Baylor,Big 12,Long Jump,2022,SR-4,,,6.13,m,2022 94th Clyde Littlefield Texas Relays,2022-03-23,,,0.7,Outdoor,https://www.tfrrs.org/results/72503/4440691/2022_94th_Clyde_Littlefield_Texas_Relays/Long-Jump,TFRRS all_performances
245,"Pettway, Caira",Baylor,Big 12,Long Jump,2022,SR-4,,,6.14,m,2022 94th Clyde Littlefield Texas Relays,2022-03-23,,,0.3,Outdoor,https://www.tfrrs.org/results/72503/4440691/2022_94th_Clyde_Littlefield_Texas_Relays/Long-Jump,TFRRS all_performances
246,"Pettway, Caira",Baylor,Big 12,Long Jump,2022,SR-4,,,6.27,m,2022 94th Clyde Littlefield Texas Relays,2022-03-23,,,1.7,Outdoor,https://www.tfrrs.org/results/72503/4440691/2022_94th_Clyde_Littlefield_Texas_Relays/Long-Jump,TFRRS all_performances
247,"Pettway, Caira",Baylor,Big 12,Long Jump,2022,SR-4,,,6.32,m,2022 94th Clyde Littlefield Texas Relays,2022-03-23,,,0.9,Outdoor,https://www.tfrrs.org/results/72503/4440691/2022_94th_Clyde_Littlefield_Texas_Relays/Long-Jump,TFRRS all_performances
248,"Clark, Kayla",Baylor,Big 12,100H,2022,SO-2,,,14.55,seconds,Baylor Invitational,2022-04-02,,,1.5,Outdoor,https://www.tfrrs.org/results/71445/4461531/Baylor_Invitational/100-Hurdles,TFRRS all_performances
249,"Garcia, Briana",Baylor,Big 12,400H,2022,JR-3,,,1:02.31,seconds,Baylor Invitational,2022-04-02,,,,Outdoor,https://www.tfrrs.org/results/71445/4461507/Baylor_Invitational/400-Hurdles,TFRRS all_performances
250,"Gryne, Jasmine",Baylor,Big 12,400H,2022,FR-1,,,59.36,seconds,Baylor Invitational,2022-04-02,,,,Outdoor,https://www.tfrrs.org/results/71445/4461507/Baylor_Invitational/400-Hurdles,TFRRS all_performances
251,"Williamson, Audrey",Baylor,Big 12,400H,2022,FR-1,,,1:05.46,seconds,Baylor Invitational,2022-04-02,,,,Outdoor,https://www.tfrrs.org/results/71445/4461507/Baylor_Invitational/400-Hurdles,TFRRS all_performances
252,"Francis, Kavia",Baylor,Big 12,400m,2022,FR-1,,,53.08,seconds,Baylor Invitational,2022-04-02,,,,Outdoor,https://www.tfrrs.org/results/71445/4461538/Baylor_Invitational/400-Meters,TFRRS all_performances
253,"Minor, Arria",Baylor,Big 12,400m,2022,SO-2,,,56.98,seconds,Baylor Invitational,2022-04-02,,,,Outdoor,https://www.tfrrs.org/results/71445/4461538/Baylor_Invitational/400-Meters,TFRRS all_performances
254,"Nse Uko, Imaobong",Baylor,Big 12,400m,2022,FR-1,,,53.10,seconds,Baylor Invitational,2022-04-02,,,,Outdoor,https://www.tfrrs.org/results/71445/4461538/Baylor_Invitational/400-Meters,TFRRS all_performances
255,"Wash, Cierra",Baylor,Big 12,400m,2022,FR-1,,,58.37,seconds,Baylor Invitational,2022-04-02,,,,Outdoor,https://www.tfrrs.org/results/71445/4461538/Baylor_Invitational/400-Meters,TFRRS all_performances
256,"Clark, Kayla",Baylor,Big 12,Long Jump,2022,SO-2,,,5.19,m,Baylor Invitational,2022-04-02,,,1.4,Outdoor,https://www.tfrrs.org/results/71445/4461524/Baylor_Invitational/Long-Jump,TFRRS all_performances
257,"Clark, Kayla",Baylor,Big 12,Long Jump,2022,SO-2,,,5.28,m,Baylor Invitational,2022-04-02,,,0.2,Outdoor,https://www.tfrrs.org/results/71445/4461524/Baylor_Invitational/Long-Jump,TFRRS all_performances
258,"Clark, Kayla",Baylor,Big 12,Long Jump,2022,SO-2,,,5.61,m,Baylor Invitational,2022-04-02,,,1.8,Outdoor,https://www.tfrrs.org/results/71445/4461524/Baylor_Invitational/Long-Jump,TFRRS all_performances
259,"Rutenis, Alexandra",Baylor,Big 12,Long Jump,2022,FR-1,,,5.23,m,Baylor Invitational,2022-04-02,,,1.6,Outdoor,https://www.tfrrs.org/results/71445/4461524/Baylor_Invitational/Long-Jump,TFRRS all_performances
260,"Rutenis, Alexandra",Baylor,Big 12,Long Jump,2022,FR-1,,,5.36,m,Baylor Invitational,2022-04-02,,,1.7,Outdoor,https://www.tfrrs.org/results/71445/4461524/Baylor_Invitational/Long-Jump,TFRRS all_performances
261,"Rutenis, Alexandra",Baylor,Big 12,Long Jump,2022,FR-1,,,5.48,m,Baylor Invitational,2022-04-02,,,1.6,Outdoor,https://www.tfrrs.org/results/71445/4461524/Baylor_Invitational/Long-Jump,TFRRS all_performances
262,"Rutenis, Alexandra",Baylor,Big 12,Long Jump,2022,FR-1,,,5.56,m,Baylor Invitational,2022-04-02,,,0.8,Outdoor,https://www.tfrrs.org/results/71445/4461524/Baylor_Invitational/Long-Jump,TFRRS all_performances
263,"Rutenis, Alexandra",Baylor,Big 12,Long Jump,2022,FR-1,,,5.70,m,Baylor Invitational,2022-04-02,,,2.0,Outdoor,https://www.tfrrs.org/results/71445/4461524/Baylor_Invitational/Long-Jump,TFRRS all_performances
264,"Rutenis, Alexandra",Baylor,Big 12,Long Jump,2022,FR-1,,,5.79,m,Baylor Invitational,2022-04-02,,,1.5,Outdoor,https://www.tfrrs.org/results/71445/4461524/Baylor_Invitational/Long-Jump,TFRRS all_performances
265,"Garcia, Briana",Baylor,Big 12,400H,2022,JR-3,,,1:01.27,seconds,44 Farms Team Invitational,2022-04-08,,,,Outdoor,https://www.tfrrs.org/results/74390/4485812/44_Farms_Team_Invitational/400-Hurdles,TFRRS all_performances
266,"Morake, Gontse",Baylor,Big 12,400H,2022,SO-2,,,59.06,seconds,44 Farms Team Invitational,2022-04-08,,,,Outdoor,https://www.tfrrs.org/results/74390/4485812/44_Farms_Team_Invitational/400-Hurdles,TFRRS all_performances
267,"Williamson, Audrey",Baylor,Big 12,400H,2022,FR-1,,,1:05.31,seconds,44 Farms Team Invitational,2022-04-08,,,,Outdoor,https://www.tfrrs.org/results/74390/4485812/44_Farms_Team_Invitational/400-Hurdles,TFRRS all_performances
268,"Ayers, Mariah",Baylor,Big 12,400m,2022,SO-2,,,54.29,seconds,44 Farms Team Invitational,2022-04-08,,,,Outdoor,https://www.tfrrs.org/results/74390/4485834/44_Farms_Team_Invitational/400-Meters,TFRRS all_performances
269,"Francis, Kavia",Baylor,Big 12,400m,2022,FR-1,,,52.85,seconds,44 Farms Team Invitational,2022-04-08,,,,Outdoor,https://www.tfrrs.org/results/74390/4485834/44_Farms_Team_Invitational/400-Meters,TFRRS all_performances
270,"Garcia, Briana",Baylor,Big 12,400m,2022,JR-3,,,57.37,seconds,44 Farms Team Invitational,2022-04-08,,,,Outdoor,https://www.tfrrs.org/results/74390/4485834/44_Farms_Team_Invitational/400-Meters,TFRRS all_performances
271,"Nse Uko, Imaobong",Baylor,Big 12,400m,2022,FR-1,,,53.19,seconds,44 Farms Team Invitational,2022-04-08,,,,Outdoor,https://www.tfrrs.org/results/74390/4485834/44_Farms_Team_Invitational/400-Meters,TFRRS all_performances
272,"Wash, Cierra",Baylor,Big 12,400m,2022,FR-1,,,55.84,seconds,44 Farms Team Invitational,2022-04-08,,,,Outdoor,https://www.tfrrs.org/results/74390/4485834/44_Farms_Team_Invitational/400-Meters,TFRRS all_performances
273,"Williams, Lily",Baylor,Big 12,400m,2022,FR-1,,,1:01.79,seconds,44 Farms Team Invitational,2022-04-08,,,,Outdoor,https://www.tfrrs.org/results/74390/4485834/44_Farms_Team_Invitational/400-Meters,TFRRS all_performances
274,"Madlock, Alex",Baylor,Big 12,Long Jump,2022,SR-4,,,6.24,m,44 Farms Team Invitational,2022-04-08,,,2.0,Outdoor,https://www.tfrrs.org/results/74390/4485837/44_Farms_Team_Invitational/Long-Jump,TFRRS all_performances
275,"Miller, Alyssa",Baylor,Big 12,Long Jump,2022,JR-3,,,5.41,m,44 Farms Team Invitational,2022-04-08,,,0.2,Outdoor,https://www.tfrrs.org/results/74390/4486617/44_Farms_Team_Invitational/Long-Jump,TFRRS all_performances
276,"Miller, Alyssa",Baylor,Big 12,Long Jump,2022,JR-3,,,5.54,m,44 Farms Team Invitational,2022-04-08,,,0.5,Outdoor,https://www.tfrrs.org/results/74390/4486617/44_Farms_Team_Invitational/Long-Jump,TFRRS all_performances
277,"Pettway, Caira",Baylor,Big 12,Long Jump,2022,SR-4,,,6.03,m,44 Farms Team Invitational,2022-04-08,,,1.9,Outdoor,https://www.tfrrs.org/results/74390/4485837/44_Farms_Team_Invitational/Long-Jump,TFRRS all_performances
278,"Pettway, Caira",Baylor,Big 12,Long Jump,2022,SR-4,,,6.11,m,44 Farms Team Invitational,2022-04-08,,,1.4,Outdoor,https://www.tfrrs.org/results/74390/4485837/44_Farms_Team_Invitational/Long-Jump,TFRRS all_performances
279,"Pettway, Caira",Baylor,Big 12,Long Jump,2022,SR-4,,,6.28,m,44 Farms Team Invitational,2022-04-08,,,1.8,Outdoor,https://www.tfrrs.org/results/74390/4485837/44_Farms_Team_Invitational/Long-Jump,TFRRS all_performances
280,"Rhodes, Kiara",Baylor,Big 12,Long Jump,2022,SR-4,,,5.18,m,44 Farms Team Invitational,2022-04-08,,,0.6,Outdoor,https://www.tfrrs.org/results/74390/4486617/44_Farms_Team_Invitational/Long-Jump,TFRRS all_performances
281,"Rutenis, Alexandra",Baylor,Big 12,Long Jump,2022,FR-1,,,5.40,m,44 Farms Team Invitational,2022-04-08,,,1.5,Outdoor,https://www.tfrrs.org/results/74390/4485837/44_Farms_Team_Invitational/Long-Jump,TFRRS all_performances
282,"Rutenis, Alexandra",Baylor,Big 12,Long Jump,2022,FR-1,,,5.56,m,44 Farms Team Invitational,2022-04-08,,,1.4,Outdoor,https://www.tfrrs.org/results/74390/4485837/44_Farms_Team_Invitational/Long-Jump,TFRRS all_performances
283,"Carter, Demitra",Baylor,Big 12,400H,2022,SR-4,,,1:02.15,seconds,Michael Johnson Invitational,2022-04-22,,,,Outdoor,https://www.tfrrs.org/results/71446/4517833/Michael_Johnson_Invitational/400-Hurdles,TFRRS all_performances
284,"Garcia, Briana",Baylor,Big 12,400H,2022,JR-3,,,1:00.62,seconds,Michael Johnson Invitational,2022-04-22,,,,Outdoor,https://www.tfrrs.org/results/71446/4517833/Michael_Johnson_Invitational/400-Hurdles,TFRRS all_performances
285,"Gryne, Jasmine",Baylor,Big 12,400H,2022,FR-1,,,59.30,seconds,Michael Johnson Invitational,2022-04-22,,,,Outdoor,https://www.tfrrs.org/results/71446/4517833/Michael_Johnson_Invitational/400-Hurdles,TFRRS all_performances
286,"Morake, Gontse",Baylor,Big 12,400H,2022,SO-2,,,57.80,seconds,Michael Johnson Invitational,2022-04-22,,,,Outdoor,https://www.tfrrs.org/results/71446/4517833/Michael_Johnson_Invitational/400-Hurdles,TFRRS all_performances
287,"Williamson, Audrey",Baylor,Big 12,400H,2022,FR-1,,,1:05.45,seconds,Michael Johnson Invitational,2022-04-22,,,,Outdoor,https://www.tfrrs.org/results/71446/4517833/Michael_Johnson_Invitational/400-Hurdles,TFRRS all_performances
288,"Francis, Kavia",Baylor,Big 12,400m,2022,FR-1,,,52.54,seconds,Michael Johnson Invitational,2022-04-22,,,,Outdoor,https://www.tfrrs.org/results/71446/4517840/Michael_Johnson_Invitational/400-Meters,TFRRS all_performances
289,"Nse Uko, Imaobong",Baylor,Big 12,400m,2022,FR-1,,,52.89,seconds,Michael Johnson Invitational,2022-04-22,,,,Outdoor,https://www.tfrrs.org/results/71446/4517840/Michael_Johnson_Invitational/400-Meters,TFRRS all_performances
290,"Wash, Cierra",Baylor,Big 12,400m,2022,FR-1,,,56.40,seconds,Michael Johnson Invitational,2022-04-22,,,,Outdoor,https://www.tfrrs.org/results/71446/4517840/Michael_Johnson_Invitational/400-Meters,TFRRS all_performances
291,"Williams, Lily",Baylor,Big 12,400m,2022,FR-1,,,59.71,seconds,Michael Johnson Invitational,2022-04-22,,,,Outdoor,https://www.tfrrs.org/results/71446/4517840/Michael_Johnson_Invitational/400-Meters,TFRRS all_performances
292,"Clark, Kayla",Baylor,Big 12,Long Jump,2022,SO-2,,,5.13,m,Michael Johnson Invitational,2022-04-22,,,1.6,Outdoor,https://www.tfrrs.org/results/71446/4517813/Michael_Johnson_Invitational/Long-Jump,TFRRS all_performances
293,"Johnson, Koi",Baylor,Big 12,Long Jump,2022,SO-2,,,5.94,m,Michael Johnson Invitational,2022-04-22,,,1.6,Outdoor,https://www.tfrrs.org/results/71446/4517813/Michael_Johnson_Invitational/Long-Jump,TFRRS all_performances
294,"Madlock, Alex",Baylor,Big 12,Long Jump,2022,SR-4,,,6.12,m,Michael Johnson Invitational,2022-04-22,,,1.3,Outdoor,https://www.tfrrs.org/results/71446/4517813/Michael_Johnson_Invitational/Long-Jump,TFRRS all_performances
295,"Miller, Alyssa",Baylor,Big 12,Long Jump,2022,JR-3,,,5.63,m,Michael Johnson Invitational,2022-04-22,,,1.8,Outdoor,https://www.tfrrs.org/results/71446/4517813/Michael_Johnson_Invitational/Long-Jump,TFRRS all_performances
296,"Pettway, Caira",Baylor,Big 12,Long Jump,2022,SR-4,,,5.91,m,Michael Johnson Invitational,2022-04-22,,,1.6,Outdoor,https://www.tfrrs.org/results/71446/4517813/Michael_Johnson_Invitational/Long-Jump,TFRRS all_performances
297,"Rutenis, Alexandra",Baylor,Big 12,Long Jump,2022,FR-1,,,5.14,m,Michael Johnson Invitational,2022-04-22,,,1.2,Outdoor,https://www.tfrrs.org/results/71446/4517813/Michael_Johnson_Invitational/Long-Jump,TFRRS all_performances
298,"Bailey, Kennedy",Baylor,Big 12,100H,2022,SR-4,,,13.72,seconds,LSU Invitational,2022-04-30,,,0.7,Outdoor,https://www.tfrrs.org/results/74135/4536408/LSU_Invitational/100-Hurdles,TFRRS all_performances
299,"Duncan, Alexis",Baylor,Big 12,100H,2022,SR-4,,,13.27,seconds,LSU Invitational,2022-04-30,,,1.6,Outdoor,https://www.tfrrs.org/results/74135/4536408/LSU_Invitational/100-Hurdles,TFRRS all_performances
300,"Miller, Alyssa",Baylor,Big 12,100H,2022,JR-3,,,14.49,seconds,LSU Invitational,2022-04-30,,,0.7,Outdoor,https://www.tfrrs.org/results/74135/4536408/LSU_Invitational/100-Hurdles,TFRRS all_performances
301,"Nugent, Ackera",Baylor,Big 12,100H,2022,FR-1,,,12.99,seconds,LSU Invitational,2022-04-30,,,1.6,Outdoor,https://www.tfrrs.org/results/74135/4536408/LSU_Invitational/100-Hurdles,TFRRS all_performances
302,"Rhodes, Kiara",Baylor,Big 12,100H,2022,SR-4,,,13.80,seconds,LSU Invitational,2022-04-30,,,0.7,Outdoor,https://www.tfrrs.org/results/74135/4536408/LSU_Invitational/100-Hurdles,TFRRS all_performances
303,"Carter, Demitra",Baylor,Big 12,400H,2022,SR-4,,,1:04.21,seconds,LSU Invitational,2022-04-30,,,,Outdoor,https://www.tfrrs.org/results/74135/4536434/LSU_Invitational/400-Hurdles,TFRRS all_performances
304,"Garcia, Briana",Baylor,Big 12,400H,2022,JR-3,,,1:00.62,seconds,LSU Invitational,2022-04-30,,,,Outdoor,https://www.tfrrs.org/results/74135/4536434/LSU_Invitational/400-Hurdles,TFRRS all_performances
305,"Francis, Kavia",Baylor,Big 12,400m,2022,FR-1,,,51.87,seconds,LSU Invitational,2022-04-30,,,,Outdoor,https://www.tfrrs.org/results/74135/4536432/LSU_Invitational/400-Meters,TFRRS all_performances
306,"Morake, Gontse",Baylor,Big 12,400m,2022,SO-2,,,53.75,seconds,LSU Invitational,2022-04-30,,,,Outdoor,https://www.tfrrs.org/results/74135/4536432/LSU_Invitational/400-Meters,TFRRS all_performances
307,"Nse Uko, Imaobong",Baylor,Big 12,400m,2022,FR-1,,,51.66,seconds,LSU Invitational,2022-04-30,,,,Outdoor,https://www.tfrrs.org/results/74135/4536432/LSU_Invitational/400-Meters,TFRRS all_performances
308,"Wash, Cierra",Baylor,Big 12,400m,2022,FR-1,,,55.40,seconds,LSU Invitational,2022-04-30,,,,Outdoor,https://www.tfrrs.org/results/74135/4536432/LSU_Invitational/400-Meters,TFRRS all_performances
309,"Williams, Lily",Baylor,Big 12,400m,2022,FR-1,,,57.99,seconds,LSU Invitational,2022-04-30,,,,Outdoor,https://www.tfrrs.org/results/74135/4536432/LSU_Invitational/400-Meters,TFRRS all_performances
310,"Pettway, Caira",Baylor,Big 12,Long Jump,2022,SR-4,,,6.05,m,LSU Invitational,2022-04-30,,,1.5,Outdoor,https://www.tfrrs.org/results/74135/4536414/LSU_Invitational/Long-Jump,TFRRS all_performances
311,"Pettway, Caira",Baylor,Big 12,Long Jump,2022,SR-4,,,6.09,m,LSU Invitational,2022-04-30,,,1.5,Outdoor,https://www.tfrrs.org/results/74135/4536414/LSU_Invitational/Long-Jump,TFRRS all_performances
312,"Pettway, Caira",Baylor,Big 12,Long Jump,2022,SR-4,,,6.29,m,LSU Invitational,2022-04-30,,,0.5,Outdoor,https://www.tfrrs.org/results/74135/4536414/LSU_Invitational/Long-Jump,TFRRS all_performances
313,"Rutenis, Alexandra",Baylor,Big 12,Long Jump,2022,FR-1,,,5.26,m,LSU Invitational,2022-04-30,,,0.5,Outdoor,https://www.tfrrs.org/results/74135/4536414/LSU_Invitational/Long-Jump,TFRRS all_performances
314,"Rutenis, Alexandra",Baylor,Big 12,Long Jump,2022,FR-1,,,5.63,m,LSU Invitational,2022-04-30,,,0.7,Outdoor,https://www.tfrrs.org/results/74135/4536414/LSU_Invitational/Long-Jump,TFRRS all_performances
315,"Bailey, Kennedy",Baylor,Big 12,100H,2022,SR-4,,,13.49,seconds,Big 12 Championships,2022-05-13,,,0.1,Outdoor,https://www.tfrrs.org/results/75162/4560542/Big_12_Championships/100-Hurdles,TFRRS all_performances
316,"Duncan, Alexis",Baylor,Big 12,100H,2022,SR-4,,,12.93,seconds,Big 12 Championships,2022-05-13,,,1.5,Outdoor,https://www.tfrrs.org/results/75162/4560542/Big_12_Championships/100-Hurdles,TFRRS all_performances
317,"Duncan, Alexis",Baylor,Big 12,100H,2022,SR-4,,,13.01,seconds,Big 12 Championships,2022-05-13,,,0.1,Outdoor,https://www.tfrrs.org/results/75162/4560542/Big_12_Championships/100-Hurdles,TFRRS all_performances
318,"Nugent, Ackera",Baylor,Big 12,100H,2022,FR-1,,,12.45,seconds,Big 12 Championships,2022-05-13,,,1.5,Outdoor,https://www.tfrrs.org/results/75162/4560542/Big_12_Championships/100-Hurdles,TFRRS all_performances
319,"Nugent, Ackera",Baylor,Big 12,100H,2022,FR-1,,,12.74,seconds,Big 12 Championships,2022-05-13,,,1.1,Outdoor,https://www.tfrrs.org/results/75162/4560542/Big_12_Championships/100-Hurdles,TFRRS all_performances
320,"Rhodes, Kiara",Baylor,Big 12,100H,2022,SR-4,,,13.99,seconds,Big 12 Championships,2022-05-13,,,0.1,Outdoor,https://www.tfrrs.org/results/75162/4560542/Big_12_Championships/100-Hurdles,TFRRS all_performances
321,"Carter, Demitra",Baylor,Big 12,400H,2022,SR-4,,,1:03.97,seconds,Big 12 Championships,2022-05-13,,,,Outdoor,https://www.tfrrs.org/results/75162/4560519/Big_12_Championships/400-Hurdles,TFRRS all_performances
322,"Garcia, Briana",Baylor,Big 12,400H,2022,JR-3,,,1:00.33,seconds,Big 12 Championships,2022-05-13,,,,Outdoor,https://www.tfrrs.org/results/75162/4560519/Big_12_Championships/400-Hurdles,TFRRS all_performances
323,"Gryne, Jasmine",Baylor,Big 12,400H,2022,FR-1,,,1:03.48,seconds,Big 12 Championships,2022-05-13,,,,Outdoor,https://www.tfrrs.org/results/75162/4560519/Big_12_Championships/400-Hurdles,TFRRS all_performances
324,"Gryne, Jasmine",Baylor,Big 12,400H,2022,FR-1,,,58.42,seconds,Big 12 Championships,2022-05-13,,,,Outdoor,https://www.tfrrs.org/results/75162/4560519/Big_12_Championships/400-Hurdles,TFRRS all_performances
325,"Morake, Gontse",Baylor,Big 12,400H,2022,SO-2,,,56.19,seconds,Big 12 Championships,2022-05-13,,,,Outdoor,https://www.tfrrs.org/results/75162/4560519/Big_12_Championships/400-Hurdles,TFRRS all_performances
326,"Morake, Gontse",Baylor,Big 12,400H,2022,SO-2,,,56.95,seconds,Big 12 Championships,2022-05-13,,,,Outdoor,https://www.tfrrs.org/results/75162/4560519/Big_12_Championships/400-Hurdles,TFRRS all_performances
327,"Ayers, Mariah",Baylor,Big 12,400m,2022,SO-2,,,53.08,seconds,Big 12 Championships,2022-05-13,,,,Outdoor,https://www.tfrrs.org/results/75162/4560541/Big_12_Championships/400-Meters,TFRRS all_performances
328,"Francis, Kavia",Baylor,Big 12,400m,2022,FR-1,,,51.15,seconds,Big 12 Championships,2022-05-13,,,,Outdoor,https://www.tfrrs.org/results/75162/4560541/Big_12_Championships/400-Meters,TFRRS all_performances
329,"Francis, Kavia",Baylor,Big 12,400m,2022,FR-1,,,51.70,seconds,Big 12 Championships,2022-05-13,,,,Outdoor,https://www.tfrrs.org/results/75162/4560541/Big_12_Championships/400-Meters,TFRRS all_performances
330,"Nse Uko, Imaobong",Baylor,Big 12,400m,2022,FR-1,,,51.24,seconds,Big 12 Championships,2022-05-13,,,,Outdoor,https://www.tfrrs.org/results/75162/4560541/Big_12_Championships/400-Meters,TFRRS all_performances
331,"Nse Uko, Imaobong",Baylor,Big 12,400m,2022,FR-1,,,51.89,seconds,Big 12 Championships,2022-05-13,,,,Outdoor,https://www.tfrrs.org/results/75162/4560541/Big_12_Championships/400-Meters,TFRRS all_performances
332,"Stewart, Morgan",Baylor,Big 12,400m,2022,SR-4,,,55.24,seconds,Big 12 Championships,2022-05-13,,,,Outdoor,https://www.tfrrs.org/results/75162/4560541/Big_12_Championships/400-Meters,TFRRS all_performances
333,"Wash, Cierra",Baylor,Big 12,400m,2022,FR-1,,,56.39,seconds,Big 12 Championships,2022-05-13,,,,Outdoor,https://www.tfrrs.org/results/75162/4560541/Big_12_Championships/400-Meters,TFRRS all_performances
334,"Johnson, Koi",Baylor,Big 12,Long Jump,2022,SO-2,,,6.01,m,Big 12 Championships,2022-05-13,,,0.3,Outdoor,https://www.tfrrs.org/results/75162/4560552/Big_12_Championships/Long-Jump,TFRRS all_performances
335,"Johnson, Koi",Baylor,Big 12,Long Jump,2022,SO-2,,,6.07,m,Big 12 Championships,2022-05-13,,,0.6,Outdoor,https://www.tfrrs.org/results/75162/4560552/Big_12_Championships/Long-Jump,TFRRS all_performances
336,"Johnson, Koi",Baylor,Big 12,Long Jump,2022,SO-2,,,6.20,m,Big 12 Championships,2022-05-13,,,0.7,Outdoor,https://www.tfrrs.org/results/75162/4560552/Big_12_Championships/Long-Jump,TFRRS all_performances
337,"Johnson, Koi",Baylor,Big 12,Long Jump,2022,SO-2,,,6.27,m,Big 12 Championships,2022-05-13,,,1.2,Outdoor,https://www.tfrrs.org/results/75162/4560552/Big_12_Championships/Long-Jump,TFRRS all_performances
338,"Madlock, Alex",Baylor,Big 12,Long Jump,2022,SR-4,,,5.79,m,Big 12 Championships,2022-05-13,,,+0.0,Outdoor,https://www.tfrrs.org/results/75162/4560552/Big_12_Championships/Long-Jump,TFRRS all_performances
339,"Madlock, Alex",Baylor,Big 12,Long Jump,2022,SR-4,,,6.11,m,Big 12 Championships,2022-05-13,,,0.6,Outdoor,https://www.tfrrs.org/results/75162/4560552/Big_12_Championships/Long-Jump,TFRRS all_performances
340,"Madlock, Alex",Baylor,Big 12,Long Jump,2022,SR-4,,,6.19,m,Big 12 Championships,2022-05-13,,,0.3,Outdoor,https://www.tfrrs.org/results/75162/4560552/Big_12_Championships/Long-Jump,TFRRS all_performances
341,"Madlock, Alex",Baylor,Big 12,Long Jump,2022,SR-4,,,6.33,m,Big 12 Championships,2022-05-13,,,1.5,Outdoor,https://www.tfrrs.org/results/75162/4560552/Big_12_Championships/Long-Jump,TFRRS all_performances
342,"Miller, Alyssa",Baylor,Big 12,Long Jump,2022,JR-3,,,5.63,m,Big 12 Championships,2022-05-13,,,0.8,Outdoor,https://www.tfrrs.org/results/75162/4560551/Big_12_Championships/Long-Jump,TFRRS all_performances
343,"Miller, Alyssa",Baylor,Big 12,Long Jump,2022,JR-3,,,5.73,m,Big 12 Championships,2022-05-13,,,1.9,Outdoor,https://www.tfrrs.org/results/75162/4560551/Big_12_Championships/Long-Jump,TFRRS all_performances
344,"Pettway, Caira",Baylor,Big 12,Long Jump,2022,SR-4,,,6.10,m,Big 12 Championships,2022-05-13,,,0.5,Outdoor,https://www.tfrrs.org/results/75162/4560552/Big_12_Championships/Long-Jump,TFRRS all_performances
345,"Pettway, Caira",Baylor,Big 12,Long Jump,2022,SR-4,,,6.16,m,Big 12 Championships,2022-05-13,,,+0.0,Outdoor,https://www.tfrrs.org/results/75162/4560552/Big_12_Championships/Long-Jump,TFRRS all_performances
346,"Pettway, Caira",Baylor,Big 12,Long Jump,2022,SR-4,,,6.22,m,Big 12 Championships,2022-05-13,,,1.8,Outdoor,https://www.tfrrs.org/results/75162/4560552/Big_12_Championships/Long-Jump,TFRRS all_performances
347,"Pettway, Caira",Baylor,Big 12,Long Jump,2022,SR-4,,,6.26,m,Big 12 Championships,2022-05-13,,,1.1,Outdoor,https://www.tfrrs.org/results/75162/4560552/Big_12_Championships/Long-Jump,TFRRS all_performances
348,"Pettway, Caira",Baylor,Big 12,Long Jump,2022,SR-4,,,6.29,m,Big 12 Championships,2022-05-13,,,0.8,Outdoor,https://www.tfrrs.org/results/75162/4560552/Big_12_Championships/Long-Jump,TFRRS all_performances
349,"Bailey, Kennedy",Baylor,Big 12,100H,2022,SR-4,,,13.57,seconds,NCAA West Preliminary Round,2022-05-25,,,0.5,Outdoor,https://www.tfrrs.org/results/75211/4565980/NCAA_West_Preliminary_Round/100-Hurdles,TFRRS all_performances
350,"Duncan, Alexis",Baylor,Big 12,100H,2022,SR-4,,,13.32,seconds,NCAA West Preliminary Round,2022-05-25,,,-0.2,Outdoor,https://www.tfrrs.org/results/75211/4565980/NCAA_West_Preliminary_Round/100-Hurdles,TFRRS all_performances
351,"Nugent, Ackera",Baylor,Big 12,100H,2022,FR-1,,,13.17,seconds,NCAA West Preliminary Round,2022-05-25,,,-0.9,Outdoor,https://www.tfrrs.org/results/75211/4565980/NCAA_West_Preliminary_Round/100-Hurdles,TFRRS all_performances
352,"Morake, Gontse",Baylor,Big 12,400H,2022,SO-2,,,57.60,seconds,NCAA West Preliminary Round,2022-05-25,,,,Outdoor,https://www.tfrrs.org/results/75211/4565966/NCAA_West_Preliminary_Round/400-Hurdles,TFRRS all_performances
353,"Morake, Gontse",Baylor,Big 12,400H,2022,SO-2,,,57.83,seconds,NCAA West Preliminary Round,2022-05-25,,,,Outdoor,https://www.tfrrs.org/results/75211/4565966/NCAA_West_Preliminary_Round/400-Hurdles,TFRRS all_performances
354,"Francis, Kavia",Baylor,Big 12,400m,2022,FR-1,,,52.48,seconds,NCAA West Preliminary Round,2022-05-25,,,,Outdoor,https://www.tfrrs.org/results/75211/4565979/NCAA_West_Preliminary_Round/400-Meters,TFRRS all_performances
355,"Francis, Kavia",Baylor,Big 12,400m,2022,FR-1,,,52.61,seconds,NCAA West Preliminary Round,2022-05-25,,,,Outdoor,https://www.tfrrs.org/results/75211/4565979/NCAA_West_Preliminary_Round/400-Meters,TFRRS all_performances
356,"Nse Uko, Imaobong",Baylor,Big 12,400m,2022,FR-1,,,52.53,seconds,NCAA West Preliminary Round,2022-05-25,,,,Outdoor,https://www.tfrrs.org/results/75211/4565979/NCAA_West_Preliminary_Round/400-Meters,TFRRS all_performances
357,"Nse Uko, Imaobong",Baylor,Big 12,400m,2022,FR-1,,,53.14,seconds,NCAA West Preliminary Round,2022-05-25,,,,Outdoor,https://www.tfrrs.org/results/75211/4565979/NCAA_West_Preliminary_Round/400-Meters,TFRRS all_performances
358,"Johnson, Koi",Baylor,Big 12,Long Jump,2022,SO-2,,,5.65,m,NCAA West Preliminary Round,2022-05-25,,,-0.4,Outdoor,https://www.tfrrs.org/results/75211/4565975/NCAA_West_Preliminary_Round/Long-Jump,TFRRS all_performances
359,"Johnson, Koi",Baylor,Big 12,Long Jump,2022,SO-2,,,5.72,m,NCAA West Preliminary Round,2022-05-25,,,0.8,Outdoor,https://www.tfrrs.org/results/75211/4565975/NCAA_West_Preliminary_Round/Long-Jump,TFRRS all_performances
360,"Madlock, Alex",Baylor,Big 12,Long Jump,2022,SR-4,,,5.55,m,NCAA West Preliminary Round,2022-05-25,,,-1.4,Outdoor,https://www.tfrrs.org/results/75211/4565975/NCAA_West_Preliminary_Round/Long-Jump,TFRRS all_performances
361,"Madlock, Alex",Baylor,Big 12,Long Jump,2022,SR-4,,,5.87,m,NCAA West Preliminary Round,2022-05-25,,,0.1,Outdoor,https://www.tfrrs.org/results/75211/4565975/NCAA_West_Preliminary_Round/Long-Jump,TFRRS all_performances
362,"Madlock, Alex",Baylor,Big 12,Long Jump,2022,SR-4,,,6.33,m,NCAA West Preliminary Round,2022-05-25,,,-0.5,Outdoor,https://www.tfrrs.org/results/75211/4565975/NCAA_West_Preliminary_Round/Long-Jump,TFRRS all_performances
363,"Pettway, Caira",Baylor,Big 12,Long Jump,2022,SR-4,,,6.07,m,NCAA West Preliminary Round,2022-05-25,,,-0.9,Outdoor,https://www.tfrrs.org/results/75211/4565975/NCAA_West_Preliminary_Round/Long-Jump,TFRRS all_performances
364,"Pettway, Caira",Baylor,Big 12,Long Jump,2022,SR-4,,,6.09,m,NCAA West Preliminary Round,2022-05-25,,,0.7,Outdoor,https://www.tfrrs.org/results/75211/4565975/NCAA_West_Preliminary_Round/Long-Jump,TFRRS all_performances
365,"Pettway, Caira",Baylor,Big 12,Long Jump,2022,SR-4,,,6.27,m,NCAA West Preliminary Round,2022-05-25,,,1.2,Outdoor,https://www.tfrrs.org/results/75211/4565975/NCAA_West_Preliminary_Round/Long-Jump,TFRRS all_performances
366,"Morake, Gontse",Baylor,Big 12,400H,2022,SO-2,,,57.17,seconds,NCAA Division I Outdoor Track & Field Championships,2022-06-08,,,,Outdoor,https://www.tfrrs.org/results/75224/4567498/NCAA_Division_I_Outdoor_Track__Field_Championships/400-Hurdles,TFRRS all_performances
367,"Francis, Kavia",Baylor,Big 12,400m,2022,FR-1,,,51.17,seconds,NCAA Division I Outdoor Track & Field Championships,2022-06-08,,,,Outdoor,https://www.tfrrs.org/results/75224/4567521/NCAA_Division_I_Outdoor_Track__Field_Championships/400-Meters,TFRRS all_performances
368,"Francis, Kavia",Baylor,Big 12,400m,2022,FR-1,,,52.16,seconds,NCAA Division I Outdoor Track & Field Championships,2022-06-08,,,,Outdoor,https://www.tfrrs.org/results/75224/4567521/NCAA_Division_I_Outdoor_Track__Field_Championships/400-Meters,TFRRS all_performances
369,"Nse Uko, Imaobong",Baylor,Big 12,400m,2022,FR-1,,,51.89,seconds,NCAA Division I Outdoor Track & Field Championships,2022-06-08,,,,Outdoor,https://www.tfrrs.org/results/75224/4567521/NCAA_Division_I_Outdoor_Track__Field_Championships/400-Meters,TFRRS all_performances
370,"Madlock, Alex",Baylor,Big 12,Long Jump,2022,SR-4,,,5.73,m,NCAA Division I Outdoor Track & Field Championships,2022-06-08,,,0.2,Outdoor,https://www.tfrrs.org/results/75224/4567509/NCAA_Division_I_Outdoor_Track__Field_Championships/Long-Jump,TFRRS all_performances
371,"Madlock, Alex",Baylor,Big 12,Long Jump,2022,SR-4,,,5.88,m,NCAA Division I Outdoor Track & Field Championships,2022-06-08,,,0.3,Outdoor,https://www.tfrrs.org/results/75224/4567509/NCAA_Division_I_Outdoor_Track__Field_Championships/Long-Jump,TFRRS all_performances
372,"Pettway, Caira",Baylor,Big 12,Long Jump,2022,SR-4,,,6.19,m,NCAA Division I Outdoor Track & Field Championships,2022-06-08,,,-0.3,Outdoor,https://www.tfrrs.org/results/75224/4567509/NCAA_Division_I_Outdoor_Track__Field_Championships/Long-Jump,TFRRS all_performances
373,"Pettway, Caira",Baylor,Big 12,Long Jump,2022,SR-4,,,6.26,m,NCAA Division I Outdoor Track & Field Championships,2022-06-08,,,-0.3,Outdoor,https://www.tfrrs.org/results/75224/4567509/NCAA_Division_I_Outdoor_Track__Field_Championships/Long-Jump,TFRRS all_performances
374,"Pettway, Caira",Baylor,Big 12,Long Jump,2022,SR-4,,,6.28,m,NCAA Division I Outdoor Track & Field Championships,2022-06-08,,,0.1,Outdoor,https://www.tfrrs.org/results/75224/4567509/NCAA_Division_I_Outdoor_Track__Field_Championships/Long-Jump,TFRRS all_performances
375,"Pettway, Caira",Baylor,Big 12,Long Jump,2022,SR-4,,,6.41,m,NCAA Division I Outdoor Track & Field Championships,2022-06-08,,,-0.6,Outdoor,https://www.tfrrs.org/results/75224/4567509/NCAA_Division_I_Outdoor_Track__Field_Championships/Long-Jump,TFRRS all_performances
376,"Hall, Kaylyn",Iowa State,Big 12,100H,2022,JR-3,,,13.34,seconds,Texas State Bobcat Invitational,2022-03-24,,,1.3,Outdoor,https://www.tfrrs.org/results/72944/4442527/Texas_State_Bobcat_Invitational/100-Hurdles,TFRRS all_performances
377,"Hall, Kaylyn",Iowa State,Big 12,400H,2022,JR-3,,,59.32,seconds,Texas State Bobcat Invitational,2022-03-24,,,,Outdoor,https://www.tfrrs.org/results/72944/4442523/Texas_State_Bobcat_Invitational/400-Hurdles,TFRRS all_performances
378,"Barnes, Bria",Iowa State,Big 12,400m,2022,JR-3,,,54.40,seconds,Texas State Bobcat Invitational,2022-03-24,,,,Outdoor,https://www.tfrrs.org/results/72944/4442517/Texas_State_Bobcat_Invitational/400-Meters,TFRRS all_performances
379,"Willits, Sydney",Iowa State,Big 12,Long Jump,2022,FR-1,,,5.45,m,Texas State Bobcat Invitational,2022-03-24,,,2.0,Outdoor,https://www.tfrrs.org/results/72944/4442512/Texas_State_Bobcat_Invitational/Long-Jump,TFRRS all_performances
380,"Willits, Sydney",Iowa State,Big 12,Long Jump,2022,FR-1,,,5.73,m,Texas State Bobcat Invitational,2022-03-24,,,2.0,Outdoor,https://www.tfrrs.org/results/72944/4442512/Texas_State_Bobcat_Invitational/Long-Jump,TFRRS all_performances
381,"Willits, Sydney",Iowa State,Big 12,Long Jump,2022,FR-1,,,5.84,m,Texas State Bobcat Invitational,2022-03-24,,,1.3,Outdoor,https://www.tfrrs.org/results/72944/4442512/Texas_State_Bobcat_Invitational/Long-Jump,TFRRS all_performances
382,"Hall, Kaylyn",Iowa State,Big 12,100H,2022,JR-3,,,13.29,seconds,2022 SUN ANGEL CLASSIC INVITATIONAL,2022-04-07,,,-0.3,Outdoor,https://www.tfrrs.org/results/73083/4485690/2022_SUN_ANGEL_CLASSIC_INVITATIONAL/100-Hurdles,TFRRS all_performances
383,"Hall, Kaylyn",Iowa State,Big 12,100H,2022,JR-3,,,13.39,seconds,2022 SUN ANGEL CLASSIC INVITATIONAL,2022-04-07,,,-0.1,Outdoor,https://www.tfrrs.org/results/73083/4485690/2022_SUN_ANGEL_CLASSIC_INVITATIONAL/100-Hurdles,TFRRS all_performances
384,"Vlahovic, Katarina",Iowa State,Big 12,100H,2022,JR-3,,,13.47,seconds,2022 SUN ANGEL CLASSIC INVITATIONAL,2022-04-07,,,-0.1,Outdoor,https://www.tfrrs.org/results/73083/4485690/2022_SUN_ANGEL_CLASSIC_INVITATIONAL/100-Hurdles,TFRRS all_performances
385,"Vlahovic, Katarina",Iowa State,Big 12,100H,2022,JR-3,,,13.50,seconds,2022 SUN ANGEL CLASSIC INVITATIONAL,2022-04-07,,,-0.1,Outdoor,https://www.tfrrs.org/results/73083/4485690/2022_SUN_ANGEL_CLASSIC_INVITATIONAL/100-Hurdles,TFRRS all_performances
386,"Willits, Sydney",Iowa State,Big 12,100H,2022,FR-1,,,15.14,seconds,2022 SUN ANGEL CLASSIC INVITATIONAL,2022-04-07,,,-0.3,Outdoor,https://www.tfrrs.org/results/73083/4485690/2022_SUN_ANGEL_CLASSIC_INVITATIONAL/100-Hurdles,TFRRS all_performances
387,"Hall, Kaylyn",Iowa State,Big 12,400H,2022,JR-3,,,1:00.24,seconds,2022 SUN ANGEL CLASSIC INVITATIONAL,2022-04-07,,,,Outdoor,https://www.tfrrs.org/results/73083/4485700/2022_SUN_ANGEL_CLASSIC_INVITATIONAL/400-Hurdles,TFRRS all_performances
388,"Amos, Zakiyah",Iowa State,Big 12,400m,2022,SR-4,,,55.29,seconds,2022 SUN ANGEL CLASSIC INVITATIONAL,2022-04-07,,,,Outdoor,https://www.tfrrs.org/results/73083/4485684/2022_SUN_ANGEL_CLASSIC_INVITATIONAL/400-Meters,TFRRS all_performances
389,"Barnes, Bria",Iowa State,Big 12,400m,2022,JR-3,,,55.53,seconds,2022 SUN ANGEL CLASSIC INVITATIONAL,2022-04-07,,,,Outdoor,https://www.tfrrs.org/results/73083/4485684/2022_SUN_ANGEL_CLASSIC_INVITATIONAL/400-Meters,TFRRS all_performances
390,"Hall, Kaylyn",Iowa State,Big 12,100H,2022,JR-3,,,13.35,seconds,Bryan Clay Invitational,2022-04-13,,,-0.2,Outdoor,https://www.tfrrs.org/results/70993/4501690/Bryan_Clay_Invitational/100-Hurdles,TFRRS all_performances
391,"Vlahovic, Katarina",Iowa State,Big 12,100H,2022,JR-3,,,13.61,seconds,Bryan Clay Invitational,2022-04-13,,,-0.2,Outdoor,https://www.tfrrs.org/results/70993/4501690/Bryan_Clay_Invitational/100-Hurdles,TFRRS all_performances
392,"Willits, Sydney",Iowa State,Big 12,100H,2022,FR-1,,,18.95,seconds,Bryan Clay Invitational,2022-04-13,,,0.8,Outdoor,https://www.tfrrs.org/results/70993/4515159/Bryan_Clay_Invitational/100-Hurdles,TFRRS all_performances
393,"Hall, Kaylyn",Iowa State,Big 12,400H,2022,JR-3,,,1:00.29,seconds,Bryan Clay Invitational,2022-04-13,,,,Outdoor,https://www.tfrrs.org/results/70993/4501800/Bryan_Clay_Invitational/400-Hurdles,TFRRS all_performances
394,"Willits, Sydney",Iowa State,Big 12,Long Jump,2022,FR-1,,,5.96,m,Bryan Clay Invitational,2022-04-13,,,1.3,Outdoor,https://www.tfrrs.org/results/70993/4515163/Bryan_Clay_Invitational/Long-Jump,TFRRS all_performances
395,"Willits, Sydney",Iowa State,Big 12,Long Jump,2022,FR-1,,,5.97,m,Bryan Clay Invitational,2022-04-13,,,+0.0,Outdoor,https://www.tfrrs.org/results/70993/4515163/Bryan_Clay_Invitational/Long-Jump,TFRRS all_performances
396,"Willits, Sydney",Iowa State,Big 12,Long Jump,2022,FR-1,,,6.05,m,Bryan Clay Invitational,2022-04-13,,,1.8,Outdoor,https://www.tfrrs.org/results/70993/4515163/Bryan_Clay_Invitational/Long-Jump,TFRRS all_performances
397,"Vlahovic, Katarina",Iowa State,Big 12,100H,2022,JR-3,,,13.47,seconds,Beach Invitational 2022,2022-04-15,,,1.5,Outdoor,https://www.tfrrs.org/results/71032/4506708/Beach_Invitational_2022/100-Hurdles,TFRRS all_performances
398,"Amos, Zakiyah",Iowa State,Big 12,400m,2022,SR-4,,,55.08,seconds,Beach Invitational 2022,2022-04-15,,,,Outdoor,https://www.tfrrs.org/results/71032/4506711/Beach_Invitational_2022/400-Meters,TFRRS all_performances
399,"Barnes, Bria",Iowa State,Big 12,400m,2022,JR-3,,,54.74,seconds,Beach Invitational 2022,2022-04-15,,,,Outdoor,https://www.tfrrs.org/results/71032/4506711/Beach_Invitational_2022/400-Meters,TFRRS all_performances
400,"Willits, Sydney",Iowa State,Big 12,Long Jump,2022,FR-1,,,5.91,m,Musco Twilight XXI,2022-04-22,,,1.2,Outdoor,https://www.tfrrs.org/results/70940/4518155/Musco_Twilight_XXI/Long-Jump,TFRRS all_performances
401,"Willits, Sydney",Iowa State,Big 12,Long Jump,2022,FR-1,,,6.03,m,Musco Twilight XXI,2022-04-22,,,1.0,Outdoor,https://www.tfrrs.org/results/70940/4518155/Musco_Twilight_XXI/Long-Jump,TFRRS all_performances
402,"Willits, Sydney",Iowa State,Big 12,Long Jump,2022,FR-1,,,6.13,m,Musco Twilight XXI,2022-04-22,,,0.2,Outdoor,https://www.tfrrs.org/results/70940/4518155/Musco_Twilight_XXI/Long-Jump,TFRRS all_performances
403,"Vlahovic, Katarina",Iowa State,Big 12,100H,2022,JR-3,,,13.56,seconds,Drake Relays,2022-04-27,,,-1.8,Outdoor,https://www.tfrrs.org/results/74970/4536815/Drake_Relays/100-Hurdles,TFRRS all_performances
404,"Vlahovic, Katarina",Iowa State,Big 12,100H,2022,JR-3,,,13.81,seconds,Drake Relays,2022-04-27,,,-2.3,Outdoor,https://www.tfrrs.org/results/74970/4536815/Drake_Relays/100-Hurdles,TFRRS all_performances
405,"Hall, Kaylyn",Iowa State,Big 12,400H,2022,JR-3,,,59.52,seconds,Drake Relays,2022-04-27,,,,Outdoor,https://www.tfrrs.org/results/74970/4536759/Drake_Relays/400-Hurdles,TFRRS all_performances
406,"Willits, Sydney",Iowa State,Big 12,Long Jump,2022,FR-1,,,5.59,m,Drake Relays,2022-04-27,,,1.1,Outdoor,https://www.tfrrs.org/results/74970/4536849/Drake_Relays/Long-Jump,TFRRS all_performances
407,"Willits, Sydney",Iowa State,Big 12,Long Jump,2022,FR-1,,,5.73,m,Drake Relays,2022-04-27,,,1.7,Outdoor,https://www.tfrrs.org/results/74970/4536849/Drake_Relays/Long-Jump,TFRRS all_performances
408,"Hall, Kaylyn",Iowa State,Big 12,100H,2022,JR-3,,,13.22,seconds,Big 12 Championships,2022-05-13,,,1.1,Outdoor,https://www.tfrrs.org/results/75162/4560542/Big_12_Championships/100-Hurdles,TFRRS all_performances
409,"Hall, Kaylyn",Iowa State,Big 12,100H,2022,JR-3,,,13.68,seconds,Big 12 Championships,2022-05-13,,,1.5,Outdoor,https://www.tfrrs.org/results/75162/4560542/Big_12_Championships/100-Hurdles,TFRRS all_performances
410,"Vlahovic, Katarina",Iowa State,Big 12,100H,2022,JR-3,,,13.27,seconds,Big 12 Championships,2022-05-13,,,1.5,Outdoor,https://www.tfrrs.org/results/75162/4560542/Big_12_Championships/100-Hurdles,TFRRS all_performances
411,"Vlahovic, Katarina",Iowa State,Big 12,100H,2022,JR-3,,,13.37,seconds,Big 12 Championships,2022-05-13,,,0.1,Outdoor,https://www.tfrrs.org/results/75162/4560542/Big_12_Championships/100-Hurdles,TFRRS all_performances
412,"Willits, Sydney",Iowa State,Big 12,100H,2022,FR-1,,,14.80,seconds,Big 12 Championships,2022-05-13,,,1.4,Outdoor,https://www.tfrrs.org/results/75162/4560547/Big_12_Championships/100-Hurdles,TFRRS all_performances
413,"Hall, Kaylyn",Iowa State,Big 12,400H,2022,JR-3,,,1:02.34,seconds,Big 12 Championships,2022-05-13,,,,Outdoor,https://www.tfrrs.org/results/75162/4560519/Big_12_Championships/400-Hurdles,TFRRS all_performances
414,"Amos, Zakiyah",Iowa State,Big 12,400m,2022,SR-4,,,53.81,seconds,Big 12 Championships,2022-05-13,,,,Outdoor,https://www.tfrrs.org/results/75162/4560541/Big_12_Championships/400-Meters,TFRRS all_performances
415,"Barnes, Bria",Iowa State,Big 12,400m,2022,JR-3,,,54.55,seconds,Big 12 Championships,2022-05-13,,,,Outdoor,https://www.tfrrs.org/results/75162/4560541/Big_12_Championships/400-Meters,TFRRS all_performances
416,"Willits, Sydney",Iowa State,Big 12,Long Jump,2022,FR-1,,,5.82,m,Big 12 Championships,2022-05-13,,,+0.0,Outdoor,https://www.tfrrs.org/results/75162/4560552/Big_12_Championships/Long-Jump,TFRRS all_performances
417,"Willits, Sydney",Iowa State,Big 12,Long Jump,2022,FR-1,,,5.88,m,Big 12 Championships,2022-05-13,,,0.5,Outdoor,https://www.tfrrs.org/results/75162/4560552/Big_12_Championships/Long-Jump,TFRRS all_performances
418,"Willits, Sydney",Iowa State,Big 12,Long Jump,2022,FR-1,,,6.07,m,Big 12 Championships,2022-05-13,,,1.1,Outdoor,https://www.tfrrs.org/results/75162/4560552/Big_12_Championships/Long-Jump,TFRRS all_performances
419,"Hall, Kaylyn",Iowa State,Big 12,100H,2022,JR-3,,,13.38,seconds,NCAA West Preliminary Round,2022-05-25,,,0.5,Outdoor,https://www.tfrrs.org/results/75211/4565980/NCAA_West_Preliminary_Round/100-Hurdles,TFRRS all_performances
420,"Vlahovic, Katarina",Iowa State,Big 12,100H,2022,JR-3,,,13.54,seconds,NCAA West Preliminary Round,2022-05-25,,,-0.4,Outdoor,https://www.tfrrs.org/results/75211/4565980/NCAA_West_Preliminary_Round/100-Hurdles,TFRRS all_performances
421,"Hall, Kaylyn",Iowa State,Big 12,400H,2022,JR-3,,,1:01.63,seconds,NCAA West Preliminary Round,2022-05-25,,,,Outdoor,https://www.tfrrs.org/results/75211/4565966/NCAA_West_Preliminary_Round/400-Hurdles,TFRRS all_performances
422,"Amos, Zakiyah",Iowa State,Big 12,400m,2022,SR-4,,,54.96,seconds,NCAA West Preliminary Round,2022-05-25,,,,Outdoor,https://www.tfrrs.org/results/75211/4565979/NCAA_West_Preliminary_Round/400-Meters,TFRRS all_performances
423,"Willits, Sydney",Iowa State,Big 12,Long Jump,2022,FR-1,,,5.90,m,NCAA West Preliminary Round,2022-05-25,,,1.8,Outdoor,https://www.tfrrs.org/results/75211/4565975/NCAA_West_Preliminary_Round/Long-Jump,TFRRS all_performances
424,"Willits, Sydney",Iowa State,Big 12,Long Jump,2022,FR-1,,,5.91,m,NCAA West Preliminary Round,2022-05-25,,,0.3,Outdoor,https://www.tfrrs.org/results/75211/4565975/NCAA_West_Preliminary_Round/Long-Jump,TFRRS all_performances
425,"Willits, Sydney",Iowa State,Big 12,Long Jump,2022,FR-1,,,5.94,m,NCAA West Preliminary Round,2022-05-25,,,-0.5,Outdoor,https://www.tfrrs.org/results/75211/4565975/NCAA_West_Preliminary_Round/Long-Jump,TFRRS all_performances
426,"Price, Lexye",Texas Tech,Big 12,400H,2022,JR-3,,,1:00.02,seconds,Wes Kittley Invitational & Multi,2022-03-17,,,,Outdoor,https://www.tfrrs.org/results/70532/4427296/Wes_Kittley_Invitational__Multi/400-Hurdles,TFRRS all_performances
427,"Schulz, Sylvia",Texas Tech,Big 12,400H,2022,SO-2,,,58.56,seconds,Wes Kittley Invitational & Multi,2022-03-17,,,,Outdoor,https://www.tfrrs.org/results/70532/4427296/Wes_Kittley_Invitational__Multi/400-Hurdles,TFRRS all_performances
428,"Sharer, Allison",Texas Tech,Big 12,400H,2022,FR-1,,,1:07.10,seconds,Wes Kittley Invitational & Multi,2022-03-17,,,,Outdoor,https://www.tfrrs.org/results/70532/4427296/Wes_Kittley_Invitational__Multi/400-Hurdles,TFRRS all_performances
429,"Watkins, Simone",Texas Tech,Big 12,400H,2022,SO-2,,,1:01.12,seconds,Wes Kittley Invitational & Multi,2022-03-17,,,,Outdoor,https://www.tfrrs.org/results/70532/4427296/Wes_Kittley_Invitational__Multi/400-Hurdles,TFRRS all_performances
430,"Archer, Joanna",Texas Tech,Big 12,400m,2022,JR-3,,,55.63,seconds,Wes Kittley Invitational & Multi,2022-03-17,,,,Outdoor,https://www.tfrrs.org/results/70532/4427338/Wes_Kittley_Invitational__Multi/400-Meters,TFRRS all_performances
431,"Dubarry-Gay, Nayanna",Texas Tech,Big 12,400m,2022,SO-2,,,54.94,seconds,Wes Kittley Invitational & Multi,2022-03-17,,,,Outdoor,https://www.tfrrs.org/results/70532/4427338/Wes_Kittley_Invitational__Multi/400-Meters,TFRRS all_performances
432,"Omovoh, Knowledge",Texas Tech,Big 12,400m,2022,SR-4,,,52.45,seconds,Wes Kittley Invitational & Multi,2022-03-17,,,,Outdoor,https://www.tfrrs.org/results/70532/4427338/Wes_Kittley_Invitational__Multi/400-Meters,TFRRS all_performances
433,"Tyler, Torrye",Texas Tech,Big 12,400m,2022,FR-1,,,58.74,seconds,Wes Kittley Invitational & Multi,2022-03-17,,,,Outdoor,https://www.tfrrs.org/results/70532/4427338/Wes_Kittley_Invitational__Multi/400-Meters,TFRRS all_performances
434,"Jones, Callie",Texas Tech,Big 12,100H,2022,SR-4,,,14.37,seconds,2022 94th Clyde Littlefield Texas Relays,2022-03-23,,,1.7,Outdoor,https://www.tfrrs.org/results/72503/4440616/2022_94th_Clyde_Littlefield_Texas_Relays/100-Hurdles,TFRRS all_performances
435,"Roswell, Demisha",Texas Tech,Big 12,100H,2022,JR-3,,,13.01,seconds,2022 94th Clyde Littlefield Texas Relays,2022-03-23,,,0.6,Outdoor,https://www.tfrrs.org/results/72503/4440637/2022_94th_Clyde_Littlefield_Texas_Relays/100-Hurdles,TFRRS all_performances
436,"Tate, Aria",Texas Tech,Big 12,100H,2022,JR-3,,,14.23,seconds,2022 94th Clyde Littlefield Texas Relays,2022-03-23,,,1.2,Outdoor,https://www.tfrrs.org/results/72503/4440616/2022_94th_Clyde_Littlefield_Texas_Relays/100-Hurdles,TFRRS all_performances
437,"Watkins, Simone",Texas Tech,Big 12,100H,2022,SO-2,,,13.71,seconds,2022 94th Clyde Littlefield Texas Relays,2022-03-23,,,1.5,Outdoor,https://www.tfrrs.org/results/72503/4440616/2022_94th_Clyde_Littlefield_Texas_Relays/100-Hurdles,TFRRS all_performances
438,"Price, Lexye",Texas Tech,Big 12,400H,2022,JR-3,,,1:01.32,seconds,2022 94th Clyde Littlefield Texas Relays,2022-03-23,,,,Outdoor,https://www.tfrrs.org/results/72503/4440620/2022_94th_Clyde_Littlefield_Texas_Relays/400-Hurdles,TFRRS all_performances
439,"Schulz, Sylvia",Texas Tech,Big 12,400H,2022,SO-2,,,57.90,seconds,2022 94th Clyde Littlefield Texas Relays,2022-03-23,,,,Outdoor,https://www.tfrrs.org/results/72503/4440620/2022_94th_Clyde_Littlefield_Texas_Relays/400-Hurdles,TFRRS all_performances
440,"Schulz, Sylvia",Texas Tech,Big 12,400H,2022,SO-2,,,57.94,seconds,2022 94th Clyde Littlefield Texas Relays,2022-03-23,,,,Outdoor,https://www.tfrrs.org/results/72503/4440620/2022_94th_Clyde_Littlefield_Texas_Relays/400-Hurdles,TFRRS all_performances
441,"Watkins, Simone",Texas Tech,Big 12,400H,2022,SO-2,,,1:01.47,seconds,2022 94th Clyde Littlefield Texas Relays,2022-03-23,,,,Outdoor,https://www.tfrrs.org/results/72503/4440620/2022_94th_Clyde_Littlefield_Texas_Relays/400-Hurdles,TFRRS all_performances
442,"Kerley, Virginia",Texas Tech,Big 12,Long Jump,2022,SR-4,,,5.66,m,2022 94th Clyde Littlefield Texas Relays,2022-03-23,,,-0.4,Outdoor,https://www.tfrrs.org/results/72503/4440691/2022_94th_Clyde_Littlefield_Texas_Relays/Long-Jump,TFRRS all_performances
443,"Kerley, Virginia",Texas Tech,Big 12,Long Jump,2022,SR-4,,,5.70,m,2022 94th Clyde Littlefield Texas Relays,2022-03-23,,,0.6,Outdoor,https://www.tfrrs.org/results/72503/4440691/2022_94th_Clyde_Littlefield_Texas_Relays/Long-Jump,TFRRS all_performances
444,"Kerley, Virginia",Texas Tech,Big 12,Long Jump,2022,SR-4,,,5.86,m,2022 94th Clyde Littlefield Texas Relays,2022-03-23,,,+0.0,Outdoor,https://www.tfrrs.org/results/72503/4440691/2022_94th_Clyde_Littlefield_Texas_Relays/Long-Jump,TFRRS all_performances
445,"Nichols, Monae'",Texas Tech,Big 12,Long Jump,2022,SR-4,,,6.80,m,2022 94th Clyde Littlefield Texas Relays,2022-03-23,,,1.5,Outdoor,https://www.tfrrs.org/results/72503/4440624/2022_94th_Clyde_Littlefield_Texas_Relays/Long-Jump,TFRRS all_performances
446,"Jones, Callie",Texas Tech,Big 12,100H,2022,SR-4,,,14.25,seconds,TTU Masked Rider Open,2022-04-01,,,1.5,Outdoor,https://www.tfrrs.org/results/74109/4462904/TTU_Masked_Rider_Open/100-Hurdles,TFRRS all_performances
447,"Tate, Aria",Texas Tech,Big 12,100H,2022,JR-3,,,13.82,seconds,TTU Masked Rider Open,2022-04-01,,,1.5,Outdoor,https://www.tfrrs.org/results/74109/4462904/TTU_Masked_Rider_Open/100-Hurdles,TFRRS all_performances
448,"Schulz, Sylvia",Texas Tech,Big 12,400H,2022,SO-2,,,57.82,seconds,TTU Masked Rider Open,2022-04-01,,,,Outdoor,https://www.tfrrs.org/results/74109/4462892/TTU_Masked_Rider_Open/400-Hurdles,TFRRS all_performances
449,"Sharer, Allison",Texas Tech,Big 12,400H,2022,FR-1,,,1:07.87,seconds,TTU Masked Rider Open,2022-04-01,,,,Outdoor,https://www.tfrrs.org/results/74109/4462892/TTU_Masked_Rider_Open/400-Hurdles,TFRRS all_performances
450,"Watkins, Simone",Texas Tech,Big 12,400H,2022,SO-2,,,1:03.22,seconds,TTU Masked Rider Open,2022-04-01,,,,Outdoor,https://www.tfrrs.org/results/74109/4462892/TTU_Masked_Rider_Open/400-Hurdles,TFRRS all_performances
451,"Lewis, Michaela",Texas Tech,Big 12,400m,2022,SO-2,,,54.54,seconds,TTU Masked Rider Open,2022-04-01,,,,Outdoor,https://www.tfrrs.org/results/74109/4462903/TTU_Masked_Rider_Open/400-Meters,TFRRS all_performances
452,"Jones, Callie",Texas Tech,Big 12,Long Jump,2022,SR-4,,,5.61,m,TTU Masked Rider Open,2022-04-01,,,1.9,Outdoor,https://www.tfrrs.org/results/74109/4462906/TTU_Masked_Rider_Open/Long-Jump,TFRRS all_performances
453,"Jones, Callie",Texas Tech,Big 12,Long Jump,2022,SR-4,,,5.82,m,TTU Masked Rider Open,2022-04-01,,,1.1,Outdoor,https://www.tfrrs.org/results/74109/4462906/TTU_Masked_Rider_Open/Long-Jump,TFRRS all_performances
454,"Kerley, Virginia",Texas Tech,Big 12,Long Jump,2022,SR-4,,,5.64,m,TTU Masked Rider Open,2022-04-01,,,1.0,Outdoor,https://www.tfrrs.org/results/74109/4462906/TTU_Masked_Rider_Open/Long-Jump,TFRRS all_performances
455,"Jones, Callie",Texas Tech,Big 12,100H,2022,SR-4,,,14.09,seconds,62nd Annual Mt. SAC Relays (Collegiate),2022-04-13,,,0.2,Outdoor,https://www.tfrrs.org/results/72999/4504569/62nd_Annual_Mt_SAC_Relays_Collegiate/100-Hurdles,TFRRS all_performances
456,"Tate, Aria",Texas Tech,Big 12,100H,2022,JR-3,,,14.14,seconds,62nd Annual Mt. SAC Relays (Collegiate),2022-04-13,,,0.2,Outdoor,https://www.tfrrs.org/results/72999/4504569/62nd_Annual_Mt_SAC_Relays_Collegiate/100-Hurdles,TFRRS all_performances
457,"Jones, Callie",Texas Tech,Big 12,Long Jump,2022,SR-4,,,5.66,m,62nd Annual Mt. SAC Relays (Collegiate),2022-04-13,,,+0.0,Outdoor,https://www.tfrrs.org/results/72999/4504573/62nd_Annual_Mt_SAC_Relays_Collegiate/Long-Jump,TFRRS all_performances
458,"Jones, Callie",Texas Tech,Big 12,Long Jump,2022,SR-4,,,5.70,m,62nd Annual Mt. SAC Relays (Collegiate),2022-04-13,,,0.4,Outdoor,https://www.tfrrs.org/results/72999/4504573/62nd_Annual_Mt_SAC_Relays_Collegiate/Long-Jump,TFRRS all_performances
459,"Nichols, Monae'",Texas Tech,Big 12,Long Jump,2022,SR-4,,,4.29,m,62nd Annual Mt. SAC Relays (Elite),2022-04-13,,,0.1,Outdoor,https://www.tfrrs.org/results/72997/4504270/62nd_Annual_Mt_SAC_Relays_Elite/Long-Jump,TFRRS all_performances
460,"Nichols, Monae'",Texas Tech,Big 12,Long Jump,2022,SR-4,,,6.86,m,62nd Annual Mt. SAC Relays (Elite),2022-04-13,,,1.7,Outdoor,https://www.tfrrs.org/results/72997/4504270/62nd_Annual_Mt_SAC_Relays_Elite/Long-Jump,TFRRS all_performances
461,"Tate, Aria",Texas Tech,Big 12,Long Jump,2022,JR-3,,,5.77,m,62nd Annual Mt. SAC Relays (Collegiate),2022-04-13,,,+0.0,Outdoor,https://www.tfrrs.org/results/72999/4504573/62nd_Annual_Mt_SAC_Relays_Collegiate/Long-Jump,TFRRS all_performances
462,"Tate, Aria",Texas Tech,Big 12,Long Jump,2022,JR-3,,,5.93,m,62nd Annual Mt. SAC Relays (Collegiate),2022-04-13,,,0.9,Outdoor,https://www.tfrrs.org/results/72999/4504573/62nd_Annual_Mt_SAC_Relays_Collegiate/Long-Jump,TFRRS all_performances
463,"Tate, Aria",Texas Tech,Big 12,Long Jump,2022,JR-3,,,5.96,m,62nd Annual Mt. SAC Relays (Collegiate),2022-04-13,,,0.8,Outdoor,https://www.tfrrs.org/results/72999/4504573/62nd_Annual_Mt_SAC_Relays_Collegiate/Long-Jump,TFRRS all_performances
464,"Roswell, Demisha",Texas Tech,Big 12,100H,2022,JR-3,,,12.87,seconds,UF Tom Jones Memorial,2022-04-15,,,1.5,Outdoor,https://www.tfrrs.org/results/73497/4502589/UF_Tom_Jones_Memorial/100-Hurdles,TFRRS all_performances
465,"Watkins, Simone",Texas Tech,Big 12,100H,2022,SO-2,,,13.85,seconds,UF Tom Jones Memorial,2022-04-15,,,0.8,Outdoor,https://www.tfrrs.org/results/73497/4502589/UF_Tom_Jones_Memorial/100-Hurdles,TFRRS all_performances
466,"Price, Lexye",Texas Tech,Big 12,400H,2022,JR-3,,,58.80,seconds,UF Tom Jones Memorial,2022-04-15,,,,Outdoor,https://www.tfrrs.org/results/73497/4502555/UF_Tom_Jones_Memorial/400-Hurdles,TFRRS all_performances
467,"Schulz, Sylvia",Texas Tech,Big 12,400H,2022,SO-2,,,58.49,seconds,UF Tom Jones Memorial,2022-04-15,,,,Outdoor,https://www.tfrrs.org/results/73497/4502555/UF_Tom_Jones_Memorial/400-Hurdles,TFRRS all_performances
468,"Watkins, Simone",Texas Tech,Big 12,400H,2022,SO-2,,,1:02.39,seconds,UF Tom Jones Memorial,2022-04-15,,,,Outdoor,https://www.tfrrs.org/results/73497/4502555/UF_Tom_Jones_Memorial/400-Hurdles,TFRRS all_performances
469,"Omovoh, Knowledge",Texas Tech,Big 12,400m,2022,SR-4,,,53.15,seconds,UF Tom Jones Memorial,2022-04-15,,,,Outdoor,https://www.tfrrs.org/results/73497/4502570/UF_Tom_Jones_Memorial/400-Meters,TFRRS all_performances
470,"Tate, Aria",Texas Tech,Big 12,100H,2022,JR-3,,,13.62,seconds,Michael Johnson Invitational,2022-04-22,,,1.9,Outdoor,https://www.tfrrs.org/results/71446/4517824/Michael_Johnson_Invitational/100-Hurdles,TFRRS all_performances
471,"Price, Lexye",Texas Tech,Big 12,400H,2022,JR-3,,,59.37,seconds,Michael Johnson Invitational,2022-04-22,,,,Outdoor,https://www.tfrrs.org/results/71446/4517833/Michael_Johnson_Invitational/400-Hurdles,TFRRS all_performances
472,"Sharer, Allison",Texas Tech,Big 12,400H,2022,FR-1,,,1:07.45,seconds,Michael Johnson Invitational,2022-04-22,,,,Outdoor,https://www.tfrrs.org/results/71446/4517833/Michael_Johnson_Invitational/400-Hurdles,TFRRS all_performances
473,"Dubarry-Gay, Nayanna",Texas Tech,Big 12,400m,2022,SO-2,,,55.59,seconds,Michael Johnson Invitational,2022-04-22,,,,Outdoor,https://www.tfrrs.org/results/71446/4517840/Michael_Johnson_Invitational/400-Meters,TFRRS all_performances
474,"Jones, Callie",Texas Tech,Big 12,Long Jump,2022,SR-4,,,5.55,m,Michael Johnson Invitational,2022-04-22,,,1.6,Outdoor,https://www.tfrrs.org/results/71446/4517813/Michael_Johnson_Invitational/Long-Jump,TFRRS all_performances
475,"Obamuwagun, Onaara",Texas Tech,Big 12,Long Jump,2022,SO-2,,,5.62,m,Michael Johnson Invitational,2022-04-22,,,1.8,Outdoor,https://www.tfrrs.org/results/71446/4517813/Michael_Johnson_Invitational/Long-Jump,TFRRS all_performances
476,"Usoro, Ruth",Texas Tech,Big 12,Long Jump,2022,SR-4,,,6.51,m,Michael Johnson Invitational,2022-04-22,,,1.1,Outdoor,https://www.tfrrs.org/results/71446/4517813/Michael_Johnson_Invitational/Long-Jump,TFRRS all_performances
477,"Jones, Callie",Texas Tech,Big 12,100H,2022,SR-4,,,14.26,seconds,TTU Corky Classic,2022-04-29,,,-0.4,Outdoor,https://www.tfrrs.org/results/74975/4538276/TTU_Corky_Classic/100-Hurdles,TFRRS all_performances
478,"Roswell, Demisha",Texas Tech,Big 12,100H,2022,JR-3,,,13.01,seconds,TTU Corky Classic,2022-04-29,,,-0.4,Outdoor,https://www.tfrrs.org/results/74975/4538276/TTU_Corky_Classic/100-Hurdles,TFRRS all_performances
479,"Schulz, Sylvia",Texas Tech,Big 12,400H,2022,SO-2,,,57.51,seconds,TTU Corky Classic,2022-04-29,,,,Outdoor,https://www.tfrrs.org/results/74975/4538263/TTU_Corky_Classic/400-Hurdles,TFRRS all_performances
480,"Sharer, Allison",Texas Tech,Big 12,400H,2022,FR-1,,,1:07.73,seconds,TTU Corky Classic,2022-04-29,,,,Outdoor,https://www.tfrrs.org/results/74975/4538263/TTU_Corky_Classic/400-Hurdles,TFRRS all_performances
481,"Arendt, Fanny",Texas Tech,Big 12,400m,2022,FR-1,,,57.58,seconds,TTU Corky Classic,2022-04-29,,,,Outdoor,https://www.tfrrs.org/results/74975/4538274/TTU_Corky_Classic/400-Meters,TFRRS all_performances
482,"Dubarry-Gay, Nayanna",Texas Tech,Big 12,400m,2022,SO-2,,,53.60,seconds,TTU Corky Classic,2022-04-29,,,,Outdoor,https://www.tfrrs.org/results/74975/4538274/TTU_Corky_Classic/400-Meters,TFRRS all_performances
483,"Omovoh, Knowledge",Texas Tech,Big 12,400m,2022,SR-4,,,53.12,seconds,TTU Corky Classic,2022-04-29,,,,Outdoor,https://www.tfrrs.org/results/74975/4538274/TTU_Corky_Classic/400-Meters,TFRRS all_performances
484,"Kerley, Virginia",Texas Tech,Big 12,Long Jump,2022,SR-4,,,5.59,m,TTU Corky Classic,2022-04-29,,,-1.5,Outdoor,https://www.tfrrs.org/results/74975/4538278/TTU_Corky_Classic/Long-Jump,TFRRS all_performances
485,"Kerley, Virginia",Texas Tech,Big 12,Long Jump,2022,SR-4,,,5.68,m,TTU Corky Classic,2022-04-29,,,+0.0,Outdoor,https://www.tfrrs.org/results/74975/4538278/TTU_Corky_Classic/Long-Jump,TFRRS all_performances
486,"Kerley, Virginia",Texas Tech,Big 12,Long Jump,2022,SR-4,,,5.70,m,TTU Corky Classic,2022-04-29,,,0.2,Outdoor,https://www.tfrrs.org/results/74975/4538278/TTU_Corky_Classic/Long-Jump,TFRRS all_performances
487,"Kerley, Virginia",Texas Tech,Big 12,Long Jump,2022,SR-4,,,5.76,m,TTU Corky Classic,2022-04-29,,,-0.9,Outdoor,https://www.tfrrs.org/results/74975/4538278/TTU_Corky_Classic/Long-Jump,TFRRS all_performances
488,"Kerley, Virginia",Texas Tech,Big 12,Long Jump,2022,SR-4,,,5.81,m,TTU Corky Classic,2022-04-29,,,2.0,Outdoor,https://www.tfrrs.org/results/74975/4538278/TTU_Corky_Classic/Long-Jump,TFRRS all_performances
489,"Lasmane, Ruta",Texas Tech,Big 12,Long Jump,2022,SO-2,,,5.97,m,TTU Corky Classic,2022-04-29,,,-0.8,Outdoor,https://www.tfrrs.org/results/74975/4538278/TTU_Corky_Classic/Long-Jump,TFRRS all_performances
490,"Lasmane, Ruta",Texas Tech,Big 12,Long Jump,2022,SO-2,,,6.11,m,TTU Corky Classic,2022-04-29,,,-1.1,Outdoor,https://www.tfrrs.org/results/74975/4538278/TTU_Corky_Classic/Long-Jump,TFRRS all_performances
491,"Nichols, Monae'",Texas Tech,Big 12,Long Jump,2022,SR-4,,,6.10,m,TTU Corky Classic,2022-04-29,,,-1.0,Outdoor,https://www.tfrrs.org/results/74975/4538278/TTU_Corky_Classic/Long-Jump,TFRRS all_performances
492,"Nichols, Monae'",Texas Tech,Big 12,Long Jump,2022,SR-4,,,6.65,m,TTU Corky Classic,2022-04-29,,,-1.4,Outdoor,https://www.tfrrs.org/results/74975/4538278/TTU_Corky_Classic/Long-Jump,TFRRS all_performances
493,"Nichols, Monae'",Texas Tech,Big 12,Long Jump,2022,SR-4,,,6.72,m,TTU Corky Classic,2022-04-29,,,-0.5,Outdoor,https://www.tfrrs.org/results/74975/4538278/TTU_Corky_Classic/Long-Jump,TFRRS all_performances
494,"Nichols, Monae'",Texas Tech,Big 12,Long Jump,2022,SR-4,,,6.74,m,TTU Corky Classic,2022-04-29,,,-1.5,Outdoor,https://www.tfrrs.org/results/74975/4538278/TTU_Corky_Classic/Long-Jump,TFRRS all_performances
495,"Usoro, Ruth",Texas Tech,Big 12,Long Jump,2022,SR-4,,,6.08,m,TTU Corky Classic,2022-04-29,,,-1.0,Outdoor,https://www.tfrrs.org/results/74975/4538278/TTU_Corky_Classic/Long-Jump,TFRRS all_performances
496,"Usoro, Ruth",Texas Tech,Big 12,Long Jump,2022,SR-4,,,6.41,m,TTU Corky Classic,2022-04-29,,,-1.0,Outdoor,https://www.tfrrs.org/results/74975/4538278/TTU_Corky_Classic/Long-Jump,TFRRS all_performances
497,"Usoro, Ruth",Texas Tech,Big 12,Long Jump,2022,SR-4,,,6.49,m,TTU Corky Classic,2022-04-29,,,-1.8,Outdoor,https://www.tfrrs.org/results/74975/4538278/TTU_Corky_Classic/Long-Jump,TFRRS all_performances
498,"Jones, Callie",Texas Tech,Big 12,100H,2022,SR-4,,,13.75,seconds,Big 12 Championships,2022-05-13,,,2.0,Outdoor,https://www.tfrrs.org/results/75162/4560547/Big_12_Championships/100-Hurdles,TFRRS all_performances
499,"Roswell, Demisha",Texas Tech,Big 12,100H,2022,JR-3,,,12.44,seconds,Big 12 Championships,2022-05-13,,,1.5,Outdoor,https://www.tfrrs.org/results/75162/4560542/Big_12_Championships/100-Hurdles,TFRRS all_performances
500,"Roswell, Demisha",Texas Tech,Big 12,100H,2022,JR-3,,,12.78,seconds,Big 12 Championships,2022-05-13,,,0.1,Outdoor,https://www.tfrrs.org/results/75162/4560542/Big_12_Championships/100-Hurdles,TFRRS all_performances
501,"Tate, Aria",Texas Tech,Big 12,100H,2022,JR-3,,,13.51,seconds,Big 12 Championships,2022-05-13,,,2.0,Outdoor,https://www.tfrrs.org/results/75162/4560547/Big_12_Championships/100-Hurdles,TFRRS all_performances
502,"Price, Lexye",Texas Tech,Big 12,400H,2022,JR-3,,,59.82,seconds,Big 12 Championships,2022-05-13,,,,Outdoor,https://www.tfrrs.org/results/75162/4560519/Big_12_Championships/400-Hurdles,TFRRS all_performances
503,"Schulz, Sylvia",Texas Tech,Big 12,400H,2022,SO-2,,,57.77,seconds,Big 12 Championships,2022-05-13,,,,Outdoor,https://www.tfrrs.org/results/75162/4560519/Big_12_Championships/400-Hurdles,TFRRS all_performances
504,"Schulz, Sylvia",Texas Tech,Big 12,400H,2022,SO-2,,,58.10,seconds,Big 12 Championships,2022-05-13,,,,Outdoor,https://www.tfrrs.org/results/75162/4560519/Big_12_Championships/400-Hurdles,TFRRS all_performances
505,"Dubarry-Gay, Nayanna",Texas Tech,Big 12,400m,2022,SO-2,,,53.04,seconds,Big 12 Championships,2022-05-13,,,,Outdoor,https://www.tfrrs.org/results/75162/4560541/Big_12_Championships/400-Meters,TFRRS all_performances
506,"Dubarry-Gay, Nayanna",Texas Tech,Big 12,400m,2022,SO-2,,,53.38,seconds,Big 12 Championships,2022-05-13,,,,Outdoor,https://www.tfrrs.org/results/75162/4560541/Big_12_Championships/400-Meters,TFRRS all_performances
507,"Omovoh, Knowledge",Texas Tech,Big 12,400m,2022,SR-4,,,52.92,seconds,Big 12 Championships,2022-05-13,,,,Outdoor,https://www.tfrrs.org/results/75162/4560541/Big_12_Championships/400-Meters,TFRRS all_performances
508,"Jones, Callie",Texas Tech,Big 12,Long Jump,2022,SR-4,,,5.83,m,Big 12 Championships,2022-05-13,,,2.0,Outdoor,https://www.tfrrs.org/results/75162/4560551/Big_12_Championships/Long-Jump,TFRRS all_performances
509,"Jones, Callie",Texas Tech,Big 12,Long Jump,2022,SR-4,,,6.03,m,Big 12 Championships,2022-05-13,,,1.2,Outdoor,https://www.tfrrs.org/results/75162/4560551/Big_12_Championships/Long-Jump,TFRRS all_performances
510,"Kerley, Virginia",Texas Tech,Big 12,Long Jump,2022,SR-4,,,5.74,m,Big 12 Championships,2022-05-13,,,+0.0,Outdoor,https://www.tfrrs.org/results/75162/4560552/Big_12_Championships/Long-Jump,TFRRS all_performances
511,"Kerley, Virginia",Texas Tech,Big 12,Long Jump,2022,SR-4,,,5.92,m,Big 12 Championships,2022-05-13,,,1.9,Outdoor,https://www.tfrrs.org/results/75162/4560552/Big_12_Championships/Long-Jump,TFRRS all_performances
512,"Kerley, Virginia",Texas Tech,Big 12,Long Jump,2022,SR-4,,,6.05,m,Big 12 Championships,2022-05-13,,,0.4,Outdoor,https://www.tfrrs.org/results/75162/4560552/Big_12_Championships/Long-Jump,TFRRS all_performances
513,"Lasmane, Ruta",Texas Tech,Big 12,Long Jump,2022,SO-2,,,6.05,m,Big 12 Championships,2022-05-13,,,1.5,Outdoor,https://www.tfrrs.org/results/75162/4560552/Big_12_Championships/Long-Jump,TFRRS all_performances
514,"Lasmane, Ruta",Texas Tech,Big 12,Long Jump,2022,SO-2,,,6.37,m,Big 12 Championships,2022-05-13,,,0.9,Outdoor,https://www.tfrrs.org/results/75162/4560552/Big_12_Championships/Long-Jump,TFRRS all_performances
515,"Lasmane, Ruta",Texas Tech,Big 12,Long Jump,2022,SO-2,,,6.42,m,Big 12 Championships,2022-05-13,,,0.9,Outdoor,https://www.tfrrs.org/results/75162/4560552/Big_12_Championships/Long-Jump,TFRRS all_performances
516,"Nichols, Monae'",Texas Tech,Big 12,Long Jump,2022,SR-4,,,6.22,m,Big 12 Championships,2022-05-13,,,1.0,Outdoor,https://www.tfrrs.org/results/75162/4560552/Big_12_Championships/Long-Jump,TFRRS all_performances
517,"Nichols, Monae'",Texas Tech,Big 12,Long Jump,2022,SR-4,,,6.80,m,Big 12 Championships,2022-05-13,,,0.7,Outdoor,https://www.tfrrs.org/results/75162/4560552/Big_12_Championships/Long-Jump,TFRRS all_performances
518,"Nichols, Monae'",Texas Tech,Big 12,Long Jump,2022,SR-4,,,6.97,m,Big 12 Championships,2022-05-13,,,1.0,Outdoor,https://www.tfrrs.org/results/75162/4560552/Big_12_Championships/Long-Jump,TFRRS all_performances
519,"Tate, Aria",Texas Tech,Big 12,Long Jump,2022,JR-3,,,5.77,m,Big 12 Championships,2022-05-13,,,0.2,Outdoor,https://www.tfrrs.org/results/75162/4560551/Big_12_Championships/Long-Jump,TFRRS all_performances
520,"Tate, Aria",Texas Tech,Big 12,Long Jump,2022,JR-3,,,5.80,m,Big 12 Championships,2022-05-13,,,1.8,Outdoor,https://www.tfrrs.org/results/75162/4560551/Big_12_Championships/Long-Jump,TFRRS all_performances
521,"Tate, Aria",Texas Tech,Big 12,Long Jump,2022,JR-3,,,5.86,m,Big 12 Championships,2022-05-13,,,1.7,Outdoor,https://www.tfrrs.org/results/75162/4560551/Big_12_Championships/Long-Jump,TFRRS all_performances
522,"Usoro, Ruth",Texas Tech,Big 12,Long Jump,2022,SR-4,,,6.40,m,Big 12 Championships,2022-05-13,,,0.7,Outdoor,https://www.tfrrs.org/results/75162/4560552/Big_12_Championships/Long-Jump,TFRRS all_performances
523,"Usoro, Ruth",Texas Tech,Big 12,Long Jump,2022,SR-4,,,6.44,m,Big 12 Championships,2022-05-13,,,0.4,Outdoor,https://www.tfrrs.org/results/75162/4560552/Big_12_Championships/Long-Jump,TFRRS all_performances
524,"Usoro, Ruth",Texas Tech,Big 12,Long Jump,2022,SR-4,,,6.47,m,Big 12 Championships,2022-05-13,,,0.4,Outdoor,https://www.tfrrs.org/results/75162/4560552/Big_12_Championships/Long-Jump,TFRRS all_performances
525,"Usoro, Ruth",Texas Tech,Big 12,Long Jump,2022,SR-4,,,6.56,m,Big 12 Championships,2022-05-13,,,0.5,Outdoor,https://www.tfrrs.org/results/75162/4560552/Big_12_Championships/Long-Jump,TFRRS all_performances
526,"Usoro, Ruth",Texas Tech,Big 12,Long Jump,2022,SR-4,,,6.60,m,Big 12 Championships,2022-05-13,,,1.8,Outdoor,https://www.tfrrs.org/results/75162/4560552/Big_12_Championships/Long-Jump,TFRRS all_performances
527,"Usoro, Ruth",Texas Tech,Big 12,Long Jump,2022,SR-4,,,6.78,m,Big 12 Championships,2022-05-13,,,0.8,Outdoor,https://www.tfrrs.org/results/75162/4560552/Big_12_Championships/Long-Jump,TFRRS all_performances
528,"Roswell, Demisha",Texas Tech,Big 12,100H,2022,JR-3,,,12.78,seconds,NCAA West Preliminary Round,2022-05-25,,,1.8,Outdoor,https://www.tfrrs.org/results/75211/4565980/NCAA_West_Preliminary_Round/100-Hurdles,TFRRS all_performances
529,"Roswell, Demisha",Texas Tech,Big 12,100H,2022,JR-3,,,13.07,seconds,NCAA West Preliminary Round,2022-05-25,,,-0.4,Outdoor,https://www.tfrrs.org/results/75211/4565980/NCAA_West_Preliminary_Round/100-Hurdles,TFRRS all_performances
530,"Tate, Aria",Texas Tech,Big 12,100H,2022,JR-3,,,14.50,seconds,NCAA West Preliminary Round,2022-05-25,,,-0.2,Outdoor,https://www.tfrrs.org/results/75211/4565980/NCAA_West_Preliminary_Round/100-Hurdles,TFRRS all_performances
531,"Price, Lexye",Texas Tech,Big 12,400H,2022,JR-3,,,59.54,seconds,NCAA West Preliminary Round,2022-05-25,,,,Outdoor,https://www.tfrrs.org/results/75211/4565966/NCAA_West_Preliminary_Round/400-Hurdles,TFRRS all_performances
532,"Schulz, Sylvia",Texas Tech,Big 12,400H,2022,SO-2,,,58.50,seconds,NCAA West Preliminary Round,2022-05-25,,,,Outdoor,https://www.tfrrs.org/results/75211/4565966/NCAA_West_Preliminary_Round/400-Hurdles,TFRRS all_performances
533,"Schulz, Sylvia",Texas Tech,Big 12,400H,2022,SO-2,,,59.55,seconds,NCAA West Preliminary Round,2022-05-25,,,,Outdoor,https://www.tfrrs.org/results/75211/4565966/NCAA_West_Preliminary_Round/400-Hurdles,TFRRS all_performances
534,"Dubarry-Gay, Nayanna",Texas Tech,Big 12,400m,2022,SO-2,,,53.37,seconds,NCAA West Preliminary Round,2022-05-25,,,,Outdoor,https://www.tfrrs.org/results/75211/4565979/NCAA_West_Preliminary_Round/400-Meters,TFRRS all_performances
535,"Dubarry-Gay, Nayanna",Texas Tech,Big 12,400m,2022,SO-2,,,54.28,seconds,NCAA West Preliminary Round,2022-05-25,,,,Outdoor,https://www.tfrrs.org/results/75211/4565979/NCAA_West_Preliminary_Round/400-Meters,TFRRS all_performances
536,"Omovoh, Knowledge",Texas Tech,Big 12,400m,2022,SR-4,,,53.16,seconds,NCAA West Preliminary Round,2022-05-25,,,,Outdoor,https://www.tfrrs.org/results/75211/4565979/NCAA_West_Preliminary_Round/400-Meters,TFRRS all_performances
537,"Omovoh, Knowledge",Texas Tech,Big 12,400m,2022,SR-4,,,53.46,seconds,NCAA West Preliminary Round,2022-05-25,,,,Outdoor,https://www.tfrrs.org/results/75211/4565979/NCAA_West_Preliminary_Round/400-Meters,TFRRS all_performances
538,"Jones, Callie",Texas Tech,Big 12,Long Jump,2022,SR-4,,,5.81,m,NCAA West Preliminary Round,2022-05-25,,,-0.8,Outdoor,https://www.tfrrs.org/results/75211/4565975/NCAA_West_Preliminary_Round/Long-Jump,TFRRS all_performances
539,"Lasmane, Ruta",Texas Tech,Big 12,Long Jump,2022,SO-2,,,6.24,m,NCAA West Preliminary Round,2022-05-25,,,-0.5,Outdoor,https://www.tfrrs.org/results/75211/4565975/NCAA_West_Preliminary_Round/Long-Jump,TFRRS all_performances
540,"Lasmane, Ruta",Texas Tech,Big 12,Long Jump,2022,SO-2,,,6.31,m,NCAA West Preliminary Round,2022-05-25,,,1.7,Outdoor,https://www.tfrrs.org/results/75211/4565975/NCAA_West_Preliminary_Round/Long-Jump,TFRRS all_performances
541,"Nichols, Monae'",Texas Tech,Big 12,Long Jump,2022,SR-4,,,6.32,m,NCAA West Preliminary Round,2022-05-25,,,0.2,Outdoor,https://www.tfrrs.org/results/75211/4565975/NCAA_West_Preliminary_Round/Long-Jump,TFRRS all_performances
542,"Nichols, Monae'",Texas Tech,Big 12,Long Jump,2022,SR-4,,,6.59,m,NCAA West Preliminary Round,2022-05-25,,,0.5,Outdoor,https://www.tfrrs.org/results/75211/4565975/NCAA_West_Preliminary_Round/Long-Jump,TFRRS all_performances
543,"Usoro, Ruth",Texas Tech,Big 12,Long Jump,2022,SR-4,,,6.47,m,NCAA West Preliminary Round,2022-05-25,,,0.5,Outdoor,https://www.tfrrs.org/results/75211/4565975/NCAA_West_Preliminary_Round/Long-Jump,TFRRS all_performances
544,"Jones, Callie",Texas Tech,Big 12,100H,2022,SR-4,,,13.93,seconds,NCAA Division I Outdoor Track & Field Championships,2022-06-08,,,0.1,Outdoor,https://www.tfrrs.org/results/75224/4567514/NCAA_Division_I_Outdoor_Track__Field_Championships/100-Hurdles,TFRRS all_performances
545,"Roswell, Demisha",Texas Tech,Big 12,100H,2022,JR-3,,,12.93,seconds,NCAA Division I Outdoor Track & Field Championships,2022-06-08,,,-0.3,Outdoor,https://www.tfrrs.org/results/75224/4567522/NCAA_Division_I_Outdoor_Track__Field_Championships/100-Hurdles,TFRRS all_performances
546,"Roswell, Demisha",Texas Tech,Big 12,100H,2022,JR-3,,,12.94,seconds,NCAA Division I Outdoor Track & Field Championships,2022-06-08,,,-0.2,Outdoor,https://www.tfrrs.org/results/75224/4567522/NCAA_Division_I_Outdoor_Track__Field_Championships/100-Hurdles,TFRRS all_performances
547,"Jones, Callie",Texas Tech,Big 12,Long Jump,2022,SR-4,,,5.59,m,NCAA Division I Outdoor Track & Field Championships,2022-06-08,,,0.9,Outdoor,https://www.tfrrs.org/results/75224/4567518/NCAA_Division_I_Outdoor_Track__Field_Championships/Long-Jump,TFRRS all_performances
548,"Jones, Callie",Texas Tech,Big 12,Long Jump,2022,SR-4,,,5.60,m,NCAA Division I Outdoor Track & Field Championships,2022-06-08,,,0.3,Outdoor,https://www.tfrrs.org/results/75224/4567518/NCAA_Division_I_Outdoor_Track__Field_Championships/Long-Jump,TFRRS all_performances
549,"Jones, Callie",Texas Tech,Big 12,Long Jump,2022,SR-4,,,5.64,m,NCAA Division I Outdoor Track & Field Championships,2022-06-08,,,0.1,Outdoor,https://www.tfrrs.org/results/75224/4567518/NCAA_Division_I_Outdoor_Track__Field_Championships/Long-Jump,TFRRS all_performances
550,"Lasmane, Ruta",Texas Tech,Big 12,Long Jump,2022,SO-2,,,5.78,m,NCAA Division I Outdoor Track & Field Championships,2022-06-08,,,-0.4,Outdoor,https://www.tfrrs.org/results/75224/4567509/NCAA_Division_I_Outdoor_Track__Field_Championships/Long-Jump,TFRRS all_performances
551,"Lasmane, Ruta",Texas Tech,Big 12,Long Jump,2022,SO-2,,,6.17,m,NCAA Division I Outdoor Track & Field Championships,2022-06-08,,,1.0,Outdoor,https://www.tfrrs.org/results/75224/4567509/NCAA_Division_I_Outdoor_Track__Field_Championships/Long-Jump,TFRRS all_performances
552,"Nichols, Monae'",Texas Tech,Big 12,Long Jump,2022,SR-4,,,6.35,m,NCAA Division I Outdoor Track & Field Championships,2022-06-08,,,0.9,Outdoor,https://www.tfrrs.org/results/75224/4567509/NCAA_Division_I_Outdoor_Track__Field_Championships/Long-Jump,TFRRS all_performances
553,"Nichols, Monae'",Texas Tech,Big 12,Long Jump,2022,SR-4,,,6.40,m,NCAA Division I Outdoor Track & Field Championships,2022-06-08,,,1.1,Outdoor,https://www.tfrrs.org/results/75224/4567509/NCAA_Division_I_Outdoor_Track__Field_Championships/Long-Jump,TFRRS all_performances
554,"Nichols, Monae'",Texas Tech,Big 12,Long Jump,2022,SR-4,,,6.51,m,NCAA Division I Outdoor Track & Field Championships,2022-06-08,,,0.2,Outdoor,https://www.tfrrs.org/results/75224/4567509/NCAA_Division_I_Outdoor_Track__Field_Championships/Long-Jump,TFRRS all_performances
555,"Nichols, Monae'",Texas Tech,Big 12,Long Jump,2022,SR-4,,,6.54,m,NCAA Division I Outdoor Track & Field Championships,2022-06-08,,,0.2,Outdoor,https://www.tfrrs.org/results/75224/4567509/NCAA_Division_I_Outdoor_Track__Field_Championships/Long-Jump,TFRRS all_performances
