index,athlete,school,conference,event,season,class_year,birth_date,age_at_meet,performance,unit,meet,meet_date,round,place,wind,indoor_outdoor,source_url,data_status
0,"Jones, Alexis",Illinois,Big Ten,100H,2018,FR-1,,,14.38,seconds,SIU Bill Cornell Spring Classic,2018-03-23,,,0.4,Outdoor,https://www.tfrrs.org/results/54701/3364924/SIU_Bill_Cornell_Spring_Classic/100-Hurdles,TFRRS all_performances
1,"Kendziera, Brenda",Illinois,Big Ten,100H,2018,SO-2,,,16.89,seconds,SIU Bill Cornell Spring Classic,2018-03-23,,,0.4,Outdoor,https://www.tfrrs.org/results/54701/3364924/SIU_Bill_Cornell_Spring_Classic/100-Hurdles,TFRRS all_performances
2,"Seay, Maya",Illinois,Big Ten,100H,2018,FR-1,,,15.01,seconds,SIU Bill Cornell Spring Classic,2018-03-23,,,0.9,Outdoor,https://www.tfrrs.org/results/54701/3364924/SIU_Bill_Cornell_Spring_Classic/100-Hurdles,TFRRS all_performances
3,"Aduma, Amira",Illinois,Big Ten,400H,2018,FR-1,,,1:03.60,seconds,SIU Bill Cornell Spring Classic,2018-03-23,,,,Outdoor,https://www.tfrrs.org/results/54701/3364936/SIU_Bill_Cornell_Spring_Classic/400-Hurdles,TFRRS all_performances
4,"Jones, Alexis",Illinois,Big Ten,400H,2018,FR-1,,,1:05.58,seconds,SIU Bill Cornell Spring Classic,2018-03-23,,,,Outdoor,https://www.tfrrs.org/results/54701/3364936/SIU_Bill_Cornell_Spring_Classic/400-Hurdles,TFRRS all_performances
5,"Bruce, Madeline",Illinois,Big Ten,400m,2018,FR-1,,,1:01.32,seconds,SIU Bill Cornell Spring Classic,2018-03-23,,,,Outdoor,https://www.tfrrs.org/results/54701/3364945/SIU_Bill_Cornell_Spring_Classic/400-Meters,TFRRS all_performances
6,"Kladar, Kristina",Illinois,Big Ten,400m,2018,JR-3,,,1:00.39,seconds,SIU Bill Cornell Spring Classic,2018-03-23,,,,Outdoor,https://www.tfrrs.org/results/54701/3364945/SIU_Bill_Cornell_Spring_Classic/400-Meters,TFRRS all_performances
7,"Madsen, Sarah",Illinois,Big Ten,400m,2018,SO-2,,,1:01.80,seconds,SIU Bill Cornell Spring Classic,2018-03-23,,,,Outdoor,https://www.tfrrs.org/results/54701/3364945/SIU_Bill_Cornell_Spring_Classic/400-Meters,TFRRS all_performances
8,"Driver, Briana",Illinois,Big Ten,Long Jump,2018,JR-3,,,4.93,m,SIU Bill Cornell Spring Classic,2018-03-23,,,+0.0,Outdoor,https://www.tfrrs.org/results/54701/3364923/SIU_Bill_Cornell_Spring_Classic/Long-Jump,TFRRS all_performances
9,"Driver, Briana",Illinois,Big Ten,Long Jump,2018,JR-3,,,5.36,m,SIU Bill Cornell Spring Classic,2018-03-23,,,-0.1,Outdoor,https://www.tfrrs.org/results/54701/3364923/SIU_Bill_Cornell_Spring_Classic/Long-Jump,TFRRS all_performances
10,"Driver, Briana",Illinois,Big Ten,Long Jump,2018,JR-3,,,5.62,m,SIU Bill Cornell Spring Classic,2018-03-23,,,0.1,Outdoor,https://www.tfrrs.org/results/54701/3364923/SIU_Bill_Cornell_Spring_Classic/Long-Jump,TFRRS all_performances
11,"Hargrove, Sade",Illinois,Big Ten,Long Jump,2018,JR-3,,,4.76,m,SIU Bill Cornell Spring Classic,2018-03-23,,,+0.0,Outdoor,https://www.tfrrs.org/results/54701/3364923/SIU_Bill_Cornell_Spring_Classic/Long-Jump,TFRRS all_performances
12,"Hargrove, Sade",Illinois,Big Ten,Long Jump,2018,JR-3,,,5.04,m,SIU Bill Cornell Spring Classic,2018-03-23,,,+0.0,Outdoor,https://www.tfrrs.org/results/54701/3364923/SIU_Bill_Cornell_Spring_Classic/Long-Jump,TFRRS all_performances
13,"Hargrove, Sade",Illinois,Big Ten,Long Jump,2018,JR-3,,,5.18,m,SIU Bill Cornell Spring Classic,2018-03-23,,,+0.0,Outdoor,https://www.tfrrs.org/results/54701/3364923/SIU_Bill_Cornell_Spring_Classic/Long-Jump,TFRRS all_performances
14,"Hargrove, Sade",Illinois,Big Ten,Long Jump,2018,JR-3,,,5.23,m,SIU Bill Cornell Spring Classic,2018-03-23,,,+0.0,Outdoor,https://www.tfrrs.org/results/54701/3364923/SIU_Bill_Cornell_Spring_Classic/Long-Jump,TFRRS all_performances
15,"Kendziera, Brenda",Illinois,Big Ten,Long Jump,2018,SO-2,,,4.25,m,SIU Bill Cornell Spring Classic,2018-03-23,,,+0.0,Outdoor,https://www.tfrrs.org/results/54701/3364923/SIU_Bill_Cornell_Spring_Classic/Long-Jump,TFRRS all_performances
16,"Kendziera, Brenda",Illinois,Big Ten,Long Jump,2018,SO-2,,,4.71,m,SIU Bill Cornell Spring Classic,2018-03-23,,,+0.0,Outdoor,https://www.tfrrs.org/results/54701/3364923/SIU_Bill_Cornell_Spring_Classic/Long-Jump,TFRRS all_performances
17,"Kendziera, Brenda",Illinois,Big Ten,Long Jump,2018,SO-2,,,4.79,m,SIU Bill Cornell Spring Classic,2018-03-23,,,+0.0,Outdoor,https://www.tfrrs.org/results/54701/3364923/SIU_Bill_Cornell_Spring_Classic/Long-Jump,TFRRS all_performances
18,"Rogers, Janile",Illinois,Big Ten,Long Jump,2018,JR-3,,,5.02,m,SIU Bill Cornell Spring Classic,2018-03-23,,,+0.0,Outdoor,https://www.tfrrs.org/results/54701/3364923/SIU_Bill_Cornell_Spring_Classic/Long-Jump,TFRRS all_performances
19,"Rogers, Janile",Illinois,Big Ten,Long Jump,2018,JR-3,,,5.13,m,SIU Bill Cornell Spring Classic,2018-03-23,,,+0.0,Outdoor,https://www.tfrrs.org/results/54701/3364923/SIU_Bill_Cornell_Spring_Classic/Long-Jump,TFRRS all_performances
20,"Rogers, Janile",Illinois,Big Ten,Long Jump,2018,JR-3,,,5.14,m,SIU Bill Cornell Spring Classic,2018-03-23,,,+0.0,Outdoor,https://www.tfrrs.org/results/54701/3364923/SIU_Bill_Cornell_Spring_Classic/Long-Jump,TFRRS all_performances
21,"Rogers, Janile",Illinois,Big Ten,Long Jump,2018,JR-3,,,5.51,m,SIU Bill Cornell Spring Classic,2018-03-23,,,+0.0,Outdoor,https://www.tfrrs.org/results/54701/3364923/SIU_Bill_Cornell_Spring_Classic/Long-Jump,TFRRS all_performances
22,"Wormack, Wynda",Illinois,Big Ten,Long Jump,2018,FR-1,,,4.76,m,SIU Bill Cornell Spring Classic,2018-03-23,,,+0.0,Outdoor,https://www.tfrrs.org/results/54701/3364923/SIU_Bill_Cornell_Spring_Classic/Long-Jump,TFRRS all_performances
23,"Wormack, Wynda",Illinois,Big Ten,Long Jump,2018,FR-1,,,4.82,m,SIU Bill Cornell Spring Classic,2018-03-23,,,+0.0,Outdoor,https://www.tfrrs.org/results/54701/3364923/SIU_Bill_Cornell_Spring_Classic/Long-Jump,TFRRS all_performances
24,"Jones, Alexis",Illinois,Big Ten,100H,2018,FR-1,,,14.32,seconds,Ole Miss Classic,2018-03-31,,,-1.2,Outdoor,https://www.tfrrs.org/results/54839/3381453/Ole_Miss_Classic/100-Hurdles,TFRRS all_performances
25,"Kendziera, Brenda",Illinois,Big Ten,100H,2018,SO-2,,,16.82,seconds,Ole Miss Classic,2018-03-31,,,-1.0,Outdoor,https://www.tfrrs.org/results/54839/3381453/Ole_Miss_Classic/100-Hurdles,TFRRS all_performances
26,"Seay, Maya",Illinois,Big Ten,100H,2018,FR-1,,,14.30,seconds,Ole Miss Classic,2018-03-31,,,1.1,Outdoor,https://www.tfrrs.org/results/54839/3381453/Ole_Miss_Classic/100-Hurdles,TFRRS all_performances
27,"Jones, Alexis",Illinois,Big Ten,400H,2018,FR-1,,,1:04.00,seconds,Ole Miss Classic,2018-03-31,,,,Outdoor,https://www.tfrrs.org/results/54839/3381461/Ole_Miss_Classic/400-Hurdles,TFRRS all_performances
28,"Mayes, Jade'",Illinois,Big Ten,400H,2018,FR-1,,,1:04.14,seconds,Ole Miss Classic,2018-03-31,,,,Outdoor,https://www.tfrrs.org/results/54839/3381461/Ole_Miss_Classic/400-Hurdles,TFRRS all_performances
29,"Bruce, Madeline",Illinois,Big Ten,400m,2018,FR-1,,,1:01.43,seconds,Ole Miss Classic,2018-03-31,,,,Outdoor,https://www.tfrrs.org/results/54839/3381468/Ole_Miss_Classic/400-Meters,TFRRS all_performances
30,"Kladar, Kristina",Illinois,Big Ten,400m,2018,JR-3,,,1:00.25,seconds,Ole Miss Classic,2018-03-31,,,,Outdoor,https://www.tfrrs.org/results/54839/3381468/Ole_Miss_Classic/400-Meters,TFRRS all_performances
31,"Madsen, Sarah",Illinois,Big Ten,400m,2018,SO-2,,,1:00.09,seconds,Ole Miss Classic,2018-03-31,,,,Outdoor,https://www.tfrrs.org/results/54839/3381468/Ole_Miss_Classic/400-Meters,TFRRS all_performances
32,"Marry, Miranda",Illinois,Big Ten,400m,2018,SR-4,,,1:00.77,seconds,Ole Miss Classic,2018-03-31,,,,Outdoor,https://www.tfrrs.org/results/54839/3381468/Ole_Miss_Classic/400-Meters,TFRRS all_performances
33,"Nwoko, Chisom",Illinois,Big Ten,400m,2018,SO-2,,,53.59,seconds,Ole Miss Classic,2018-03-31,,,,Outdoor,https://www.tfrrs.org/results/54839/3381468/Ole_Miss_Classic/400-Meters,TFRRS all_performances
34,"Phillips, Felicia",Illinois,Big Ten,400m,2018,SO-2,,,57.17,seconds,Ole Miss Classic,2018-03-31,,,,Outdoor,https://www.tfrrs.org/results/54839/3381468/Ole_Miss_Classic/400-Meters,TFRRS all_performances
35,"Driver, Briana",Illinois,Big Ten,Long Jump,2018,JR-3,,,4.03,m,Ole Miss Classic,2018-03-31,,,+0.0,Outdoor,https://www.tfrrs.org/results/54839/3381443/Ole_Miss_Classic/Long-Jump,TFRRS all_performances
36,"Driver, Briana",Illinois,Big Ten,Long Jump,2018,JR-3,,,5.86,m,Ole Miss Classic,2018-03-31,,,1.7,Outdoor,https://www.tfrrs.org/results/54839/3381443/Ole_Miss_Classic/Long-Jump,TFRRS all_performances
37,"Driver, Briana",Illinois,Big Ten,Long Jump,2018,JR-3,,,5.87,m,Ole Miss Classic,2018-03-31,,,1.5,Outdoor,https://www.tfrrs.org/results/54839/3381443/Ole_Miss_Classic/Long-Jump,TFRRS all_performances
38,"Hargrove, Sade",Illinois,Big Ten,Long Jump,2018,JR-3,,,5.36,m,Ole Miss Classic,2018-03-31,,,0.5,Outdoor,https://www.tfrrs.org/results/54839/3381443/Ole_Miss_Classic/Long-Jump,TFRRS all_performances
39,"Wormack, Wynda",Illinois,Big Ten,Long Jump,2018,FR-1,,,5.24,m,Ole Miss Classic,2018-03-31,,,1.8,Outdoor,https://www.tfrrs.org/results/54839/3381443/Ole_Miss_Classic/Long-Jump,TFRRS all_performances
40,"Jones, Alexis",Illinois,Big Ten,100H,2018,FR-1,,,14.03,seconds,2018 Jim Click Shootout,2018-04-07,,,1.3,Outdoor,https://www.tfrrs.org/results/55267/3403770/2018_Jim_Click_Shootout/100-Hurdles,TFRRS all_performances
41,"Seay, Maya",Illinois,Big Ten,100H,2018,FR-1,,,13.88,seconds,2018 Jim Click Shootout,2018-04-07,,,1.3,Outdoor,https://www.tfrrs.org/results/55267/3403770/2018_Jim_Click_Shootout/100-Hurdles,TFRRS all_performances
42,"Jones, Alexis",Illinois,Big Ten,400H,2018,FR-1,,,1:01.46,seconds,2018 Jim Click Shootout,2018-04-07,,,,Outdoor,https://www.tfrrs.org/results/55267/3403774/2018_Jim_Click_Shootout/400-Hurdles,TFRRS all_performances
43,"Mayes, Jade'",Illinois,Big Ten,400H,2018,FR-1,,,1:03.62,seconds,2018 Jim Click Shootout,2018-04-07,,,,Outdoor,https://www.tfrrs.org/results/55267/3403774/2018_Jim_Click_Shootout/400-Hurdles,TFRRS all_performances
44,"Nwoko, Chisom",Illinois,Big Ten,400m,2018,SO-2,,,53.11,seconds,2018 Jim Click Shootout,2018-04-07,,,,Outdoor,https://www.tfrrs.org/results/55267/3403792/2018_Jim_Click_Shootout/400-Meters,TFRRS all_performances
45,"Phillips, Felicia",Illinois,Big Ten,400m,2018,SO-2,,,59.00,seconds,2018 Jim Click Shootout,2018-04-07,,,,Outdoor,https://www.tfrrs.org/results/55267/3403792/2018_Jim_Click_Shootout/400-Meters,TFRRS all_performances
46,"Driver, Briana",Illinois,Big Ten,Long Jump,2018,JR-3,,,5.16,m,2018 Jim Click Shootout,2018-04-07,,,+0.0,Outdoor,https://www.tfrrs.org/results/55267/3403823/2018_Jim_Click_Shootout/Long-Jump,TFRRS all_performances
47,"Driver, Briana",Illinois,Big Ten,Long Jump,2018,JR-3,,,5.38,m,2018 Jim Click Shootout,2018-04-07,,,-1.3,Outdoor,https://www.tfrrs.org/results/55267/3403823/2018_Jim_Click_Shootout/Long-Jump,TFRRS all_performances
48,"Driver, Briana",Illinois,Big Ten,Long Jump,2018,JR-3,,,5.64,m,2018 Jim Click Shootout,2018-04-07,,,-0.8,Outdoor,https://www.tfrrs.org/results/55267/3403823/2018_Jim_Click_Shootout/Long-Jump,TFRRS all_performances
49,"Driver, Briana",Illinois,Big Ten,Long Jump,2018,JR-3,,,5.65,m,2018 Jim Click Shootout,2018-04-07,,,1.4,Outdoor,https://www.tfrrs.org/results/55267/3403823/2018_Jim_Click_Shootout/Long-Jump,TFRRS all_performances
50,"Driver, Briana",Illinois,Big Ten,Long Jump,2018,JR-3,,,5.87,m,2018 Jim Click Shootout,2018-04-07,,,1.5,Outdoor,https://www.tfrrs.org/results/55267/3403823/2018_Jim_Click_Shootout/Long-Jump,TFRRS all_performances
51,"Hargrove, Sade",Illinois,Big Ten,Long Jump,2018,JR-3,,,5.06,m,2018 Jim Click Shootout,2018-04-07,,,-0.3,Outdoor,https://www.tfrrs.org/results/55267/3403823/2018_Jim_Click_Shootout/Long-Jump,TFRRS all_performances
52,"Hargrove, Sade",Illinois,Big Ten,Long Jump,2018,JR-3,,,5.18,m,2018 Jim Click Shootout,2018-04-07,,,0.3,Outdoor,https://www.tfrrs.org/results/55267/3403823/2018_Jim_Click_Shootout/Long-Jump,TFRRS all_performances
53,"Hargrove, Sade",Illinois,Big Ten,Long Jump,2018,JR-3,,,5.22,m,2018 Jim Click Shootout,2018-04-07,,,0.1,Outdoor,https://www.tfrrs.org/results/55267/3403823/2018_Jim_Click_Shootout/Long-Jump,TFRRS all_performances
54,"Hargrove, Sade",Illinois,Big Ten,Long Jump,2018,JR-3,,,5.25,m,2018 Jim Click Shootout,2018-04-07,,,0.5,Outdoor,https://www.tfrrs.org/results/55267/3403823/2018_Jim_Click_Shootout/Long-Jump,TFRRS all_performances
55,"Rogers, Janile",Illinois,Big Ten,Long Jump,2018,JR-3,,,5.31,m,2018 Jim Click Shootout,2018-04-07,,,-1.0,Outdoor,https://www.tfrrs.org/results/55267/3403823/2018_Jim_Click_Shootout/Long-Jump,TFRRS all_performances
56,"Rogers, Janile",Illinois,Big Ten,Long Jump,2018,JR-3,,,5.40,m,2018 Jim Click Shootout,2018-04-07,,,+0.0,Outdoor,https://www.tfrrs.org/results/55267/3403823/2018_Jim_Click_Shootout/Long-Jump,TFRRS all_performances
57,"Rogers, Janile",Illinois,Big Ten,Long Jump,2018,JR-3,,,5.43,m,2018 Jim Click Shootout,2018-04-07,,,-0.3,Outdoor,https://www.tfrrs.org/results/55267/3403823/2018_Jim_Click_Shootout/Long-Jump,TFRRS all_performances
58,"Rogers, Janile",Illinois,Big Ten,Long Jump,2018,JR-3,,,5.45,m,2018 Jim Click Shootout,2018-04-07,,,+0.0,Outdoor,https://www.tfrrs.org/results/55267/3403823/2018_Jim_Click_Shootout/Long-Jump,TFRRS all_performances
59,"Rogers, Janile",Illinois,Big Ten,Long Jump,2018,JR-3,,,5.67,m,2018 Jim Click Shootout,2018-04-07,,,0.6,Outdoor,https://www.tfrrs.org/results/55267/3403823/2018_Jim_Click_Shootout/Long-Jump,TFRRS all_performances
60,"Aduma, Amira",Illinois,Big Ten,400H,2018,FR-1,,,1:02.55,seconds,Illinois Twilight,2018-04-14,,,,Outdoor,https://www.tfrrs.org/results/54341/3428375/Illinois_Twilight/400-Hurdles,TFRRS all_performances
61,"Mayes, Jade'",Illinois,Big Ten,400H,2018,FR-1,,,1:05.20,seconds,Illinois Twilight,2018-04-14,,,,Outdoor,https://www.tfrrs.org/results/54341/3428375/Illinois_Twilight/400-Hurdles,TFRRS all_performances
62,"Phillips, Felicia",Illinois,Big Ten,400m,2018,SO-2,,,56.93,seconds,Illinois Twilight,2018-04-14,,,,Outdoor,https://www.tfrrs.org/results/54341/3428377/Illinois_Twilight/400-Meters,TFRRS all_performances
63,"Rogers, Janile",Illinois,Big Ten,Long Jump,2018,JR-3,,,5.27,m,Illinois Twilight,2018-04-14,,,1.9,Outdoor,https://www.tfrrs.org/results/54341/3428371/Illinois_Twilight/Long-Jump,TFRRS all_performances
64,"Rogers, Janile",Illinois,Big Ten,Long Jump,2018,JR-3,,,5.51,m,Illinois Twilight,2018-04-14,,,1.4,Outdoor,https://www.tfrrs.org/results/54341/3428371/Illinois_Twilight/Long-Jump,TFRRS all_performances
65,"Wormack, Wynda",Illinois,Big Ten,Long Jump,2018,FR-1,,,5.07,m,Illinois Twilight,2018-04-14,,,2.0,Outdoor,https://www.tfrrs.org/results/54341/3428371/Illinois_Twilight/Long-Jump,TFRRS all_performances
66,"Jones, Alexis",Illinois,Big Ten,100H,2018,FR-1,,,14.38,seconds,Mt. SAC Relays,2018-04-19,,,-0.6,Outdoor,https://www.tfrrs.org/results/56509/3454456/Mt_SAC_Relays/100-Hurdles,TFRRS all_performances
67,"Seay, Maya",Illinois,Big Ten,100H,2018,FR-1,,,14.87,seconds,Mt. SAC Relays,2018-04-19,,,-0.6,Outdoor,https://www.tfrrs.org/results/56509/3454456/Mt_SAC_Relays/100-Hurdles,TFRRS all_performances
68,"Aduma, Amira",Illinois,Big Ten,400H,2018,FR-1,,,1:00.89,seconds,Mt. SAC Relays,2018-04-19,,,,Outdoor,https://www.tfrrs.org/results/56509/3454427/Mt_SAC_Relays/400-Hurdles,TFRRS all_performances
69,"Jones, Alexis",Illinois,Big Ten,400H,2018,FR-1,,,1:02.14,seconds,Mt. SAC Relays,2018-04-19,,,,Outdoor,https://www.tfrrs.org/results/56509/3454427/Mt_SAC_Relays/400-Hurdles,TFRRS all_performances
70,"Nwoko, Chisom",Illinois,Big Ten,400m,2018,SO-2,,,53.24,seconds,Mt. SAC Relays,2018-04-19,,,,Outdoor,https://www.tfrrs.org/results/56509/3454554/Mt_SAC_Relays/400-Meters,TFRRS all_performances
71,"Driver, Briana",Illinois,Big Ten,Long Jump,2018,JR-3,,,5.72,m,Mt. SAC Relays,2018-04-19,,,1.0,Outdoor,https://www.tfrrs.org/results/56509/3454550/Mt_SAC_Relays/Long-Jump,TFRRS all_performances
72,"Driver, Briana",Illinois,Big Ten,Long Jump,2018,JR-3,,,5.73,m,Mt. SAC Relays,2018-04-19,,,1.9,Outdoor,https://www.tfrrs.org/results/56509/3454550/Mt_SAC_Relays/Long-Jump,TFRRS all_performances
73,"Seay, Maya",Illinois,Big Ten,100H,2018,FR-1,,,15.14,seconds,Beach Invitational,2018-04-20,,,+0.0,Outdoor,https://www.tfrrs.org/results/56487/3458682/Beach_Invitational/100-Hurdles,TFRRS all_performances
74,"Jones, Alexis",Illinois,Big Ten,400H,2018,FR-1,,,1:02.28,seconds,Beach Invitational,2018-04-20,,,,Outdoor,https://www.tfrrs.org/results/56487/3458699/Beach_Invitational/400-Hurdles,TFRRS all_performances
75,"Jones, Alexis",Illinois,Big Ten,100H,2018,,,,14.31,seconds,2018 Drake Relays presented by Hy-Vee,2018-04-25,,,-1.5,Outdoor,https://www.tfrrs.org/results/51254/3526446/2018_Drake_Relays_presented_by_Hy-Vee/100-Hurdles,TFRRS all_performances
76,"Jones, Alexis",Illinois,Big Ten,100H,2018,,,,14.31,seconds,2018 Drake Relays presented by Hy-Vee,2018-04-25,,,-1.5,Outdoor,https://www.tfrrs.org/results/56763/3475410/2018_Drake_Relays_presented_by_Hy-Vee/100-Hurdles,TFRRS all_performances
77,"Aduma, Amira",Illinois,Big Ten,400H,2018,,,,1:00.00,seconds,2018 Drake Relays presented by Hy-Vee,2018-04-25,,,,Outdoor,https://www.tfrrs.org/results/51254/3526439/2018_Drake_Relays_presented_by_Hy-Vee/400-Hurdles,TFRRS all_performances
78,"Aduma, Amira",Illinois,Big Ten,400H,2018,,,,1:00.00,seconds,2018 Drake Relays presented by Hy-Vee,2018-04-25,,,,Outdoor,https://www.tfrrs.org/results/56763/3475403/2018_Drake_Relays_presented_by_Hy-Vee/400-Hurdles,TFRRS all_performances
79,"Jones, Alexis",Illinois,Big Ten,400H,2018,,,,1:01.65,seconds,2018 Drake Relays presented by Hy-Vee,2018-04-25,,,,Outdoor,https://www.tfrrs.org/results/56763/3475403/2018_Drake_Relays_presented_by_Hy-Vee/400-Hurdles,TFRRS all_performances
80,"Jones, Alexis",Illinois,Big Ten,400H,2018,,,,1:01.65,seconds,2018 Drake Relays presented by Hy-Vee,2018-04-25,,,,Outdoor,https://www.tfrrs.org/results/51254/3526439/2018_Drake_Relays_presented_by_Hy-Vee/400-Hurdles,TFRRS all_performances
81,"Driver, Briana",Illinois,Big Ten,Long Jump,2018,,,,5.14,m,2018 Drake Relays presented by Hy-Vee,2018-04-25,,,1.1,Outdoor,https://www.tfrrs.org/results/51254/3526347/2018_Drake_Relays_presented_by_Hy-Vee/Long-Jump,TFRRS all_performances
82,"Driver, Briana",Illinois,Big Ten,Long Jump,2018,,,,5.14,m,2018 Drake Relays presented by Hy-Vee,2018-04-25,,,1.1,Outdoor,https://www.tfrrs.org/results/56763/3475311/2018_Drake_Relays_presented_by_Hy-Vee/Long-Jump,TFRRS all_performances
83,"Hargrove, Sade",Illinois,Big Ten,Long Jump,2018,,,,4.96,m,2018 Drake Relays presented by Hy-Vee,2018-04-25,,,1.3,Outdoor,https://www.tfrrs.org/results/51254/3526347/2018_Drake_Relays_presented_by_Hy-Vee/Long-Jump,TFRRS all_performances
84,"Hargrove, Sade",Illinois,Big Ten,Long Jump,2018,,,,4.96,m,2018 Drake Relays presented by Hy-Vee,2018-04-25,,,1.3,Outdoor,https://www.tfrrs.org/results/56763/3475311/2018_Drake_Relays_presented_by_Hy-Vee/Long-Jump,TFRRS all_performances
85,"Rogers, Janile",Illinois,Big Ten,Long Jump,2018,,,,5.91,m,2018 Drake Relays presented by Hy-Vee,2018-04-25,,,0.4,Outdoor,https://www.tfrrs.org/results/51254/3526347/2018_Drake_Relays_presented_by_Hy-Vee/Long-Jump,TFRRS all_performances
86,"Rogers, Janile",Illinois,Big Ten,Long Jump,2018,,,,5.91,m,2018 Drake Relays presented by Hy-Vee,2018-04-25,,,0.4,Outdoor,https://www.tfrrs.org/results/56763/3475311/2018_Drake_Relays_presented_by_Hy-Vee/Long-Jump,TFRRS all_performances
87,"Rogers, Janile",Illinois,Big Ten,Long Jump,2018,,,,5.96,m,2018 Drake Relays presented by Hy-Vee,2018-04-25,,,1.9,Outdoor,https://www.tfrrs.org/results/56763/3475311/2018_Drake_Relays_presented_by_Hy-Vee/Long-Jump,TFRRS all_performances
88,"Rogers, Janile",Illinois,Big Ten,Long Jump,2018,,,,5.96,m,2018 Drake Relays presented by Hy-Vee,2018-04-25,,,1.9,Outdoor,https://www.tfrrs.org/results/51254/3526347/2018_Drake_Relays_presented_by_Hy-Vee/Long-Jump,TFRRS all_performances
89,"Kendziera, Brenda",Illinois,Big Ten,100H,2018,SO-2,,,17.33,seconds,2018 Kip Janvrin Open,2018-04-26,,,-1.9,Outdoor,https://www.tfrrs.org/results/56742/3472175/2018_Kip_Janvrin_Open/100-Hurdles,TFRRS all_performances
90,"Mayes, Jade'",Illinois,Big Ten,400H,2018,FR-1,,,1:07.96,seconds,2018 Kip Janvrin Open,2018-04-26,,,,Outdoor,https://www.tfrrs.org/results/56742/3472155/2018_Kip_Janvrin_Open/400-Hurdles,TFRRS all_performances
91,"Phillips, Felicia",Illinois,Big Ten,400m,2018,SO-2,,,57.33,seconds,2018 Kip Janvrin Open,2018-04-26,,,,Outdoor,https://www.tfrrs.org/results/56742/3472180/2018_Kip_Janvrin_Open/400-Meters,TFRRS all_performances
92,"Jones, Alexis",Illinois,Big Ten,100H,2018,FR-1,,,14.26,seconds,Big Ten Championships,2018-05-11,,,0.9,Outdoor,https://www.tfrrs.org/results/57040/3507805/Big_Ten_Championships/100-Hurdles,TFRRS all_performances
93,"Seay, Maya",Illinois,Big Ten,100H,2018,FR-1,,,14.07,seconds,Big Ten Championships,2018-05-11,,,-0.2,Outdoor,https://www.tfrrs.org/results/57040/3507805/Big_Ten_Championships/100-Hurdles,TFRRS all_performances
94,"Aduma, Amira",Illinois,Big Ten,400H,2018,FR-1,,,1:00.12,seconds,Big Ten Championships,2018-05-11,,,,Outdoor,https://www.tfrrs.org/results/57040/3507782/Big_Ten_Championships/400-Hurdles,TFRRS all_performances
95,"Jones, Alexis",Illinois,Big Ten,400H,2018,FR-1,,,1:01.94,seconds,Big Ten Championships,2018-05-11,,,,Outdoor,https://www.tfrrs.org/results/57040/3507782/Big_Ten_Championships/400-Hurdles,TFRRS all_performances
96,"Mayes, Jade'",Illinois,Big Ten,400H,2018,FR-1,,,1:04.29,seconds,Big Ten Championships,2018-05-11,,,,Outdoor,https://www.tfrrs.org/results/57040/3507782/Big_Ten_Championships/400-Hurdles,TFRRS all_performances
97,"Nwoko, Chisom",Illinois,Big Ten,400m,2018,SO-2,,,53.27,seconds,Big Ten Championships,2018-05-11,,,,Outdoor,https://www.tfrrs.org/results/57040/3507804/Big_Ten_Championships/400-Meters,TFRRS all_performances
98,"Phillips, Felicia",Illinois,Big Ten,400m,2018,SO-2,,,58.79,seconds,Big Ten Championships,2018-05-11,,,,Outdoor,https://www.tfrrs.org/results/57040/3507804/Big_Ten_Championships/400-Meters,TFRRS all_performances
99,"Driver, Briana",Illinois,Big Ten,Long Jump,2018,JR-3,,,5.82,m,Big Ten Championships,2018-05-11,,,-0.6,Outdoor,https://www.tfrrs.org/results/57040/3507815/Big_Ten_Championships/Long-Jump,TFRRS all_performances
100,"Driver, Briana",Illinois,Big Ten,Long Jump,2018,JR-3,,,5.85,m,Big Ten Championships,2018-05-11,,,1.4,Outdoor,https://www.tfrrs.org/results/57040/3507815/Big_Ten_Championships/Long-Jump,TFRRS all_performances
101,"Driver, Briana",Illinois,Big Ten,Long Jump,2018,JR-3,,,5.98,m,Big Ten Championships,2018-05-11,,,-0.1,Outdoor,https://www.tfrrs.org/results/57040/3507815/Big_Ten_Championships/Long-Jump,TFRRS all_performances
102,"Hargrove, Sade",Illinois,Big Ten,Long Jump,2018,JR-3,,,5.26,m,Big Ten Championships,2018-05-11,,,-1.0,Outdoor,https://www.tfrrs.org/results/57040/3507815/Big_Ten_Championships/Long-Jump,TFRRS all_performances
103,"Hargrove, Sade",Illinois,Big Ten,Long Jump,2018,JR-3,,,5.52,m,Big Ten Championships,2018-05-11,,,0.3,Outdoor,https://www.tfrrs.org/results/57040/3507815/Big_Ten_Championships/Long-Jump,TFRRS all_performances
104,"Rogers, Janile",Illinois,Big Ten,Long Jump,2018,JR-3,,,5.59,m,Big Ten Championships,2018-05-11,,,+0.0,Outdoor,https://www.tfrrs.org/results/57040/3507815/Big_Ten_Championships/Long-Jump,TFRRS all_performances
105,"Rogers, Janile",Illinois,Big Ten,Long Jump,2018,JR-3,,,5.70,m,Big Ten Championships,2018-05-11,,,0.8,Outdoor,https://www.tfrrs.org/results/57040/3507815/Big_Ten_Championships/Long-Jump,TFRRS all_performances
106,"Rogers, Janile",Illinois,Big Ten,Long Jump,2018,JR-3,,,5.72,m,Big Ten Championships,2018-05-11,,,1.1,Outdoor,https://www.tfrrs.org/results/57040/3507815/Big_Ten_Championships/Long-Jump,TFRRS all_performances
107,"Nwoko, Chisom",Illinois,Big Ten,400m,2018,SO-2,,,55.25,seconds,NCAA West Preliminary Round,2018-05-24,,,,Outdoor,https://www.tfrrs.org/results/57100/3515431/NCAA_West_Preliminary_Round/400-Meters,TFRRS all_performances
108,"Barge, Jasmine",Nebraska,Big Ten,400H,2018,JR-3,,,58.47,seconds,Pac-12+ vs Big Ten Invitational,2018-03-23,,,,Outdoor,https://www.tfrrs.org/results/55253/3366184/Pac-12_vs_Big_Ten_Invitational/400-Hurdles,TFRRS all_performances
109,"Griggs, Kierra",Nebraska,Big Ten,400m,2018,SO-2,,,53.99,seconds,Pac-12+ vs Big Ten Invitational,2018-03-23,,,,Outdoor,https://www.tfrrs.org/results/55253/3366177/Pac-12_vs_Big_Ten_Invitational/400-Meters,TFRRS all_performances
110,"Jones, Chelsey",Nebraska,Big Ten,400m,2018,SO-2,,,55.44,seconds,Pac-12+ vs Big Ten Invitational,2018-03-23,,,,Outdoor,https://www.tfrrs.org/results/55253/3366177/Pac-12_vs_Big_Ten_Invitational/400-Meters,TFRRS all_performances
111,"Lewis, Raynesha",Nebraska,Big Ten,Long Jump,2018,SO-2,,,4.78,m,Pac-12+ vs Big Ten Invitational,2018-03-23,,,+0.0,Outdoor,https://www.tfrrs.org/results/55253/3366195/Pac-12_vs_Big_Ten_Invitational/Long-Jump,TFRRS all_performances
112,"Lewis, Raynesha",Nebraska,Big Ten,Long Jump,2018,SO-2,,,5.25,m,Pac-12+ vs Big Ten Invitational,2018-03-23,,,-0.3,Outdoor,https://www.tfrrs.org/results/55253/3366195/Pac-12_vs_Big_Ten_Invitational/Long-Jump,TFRRS all_performances
113,"Lewis, Raynesha",Nebraska,Big Ten,Long Jump,2018,SO-2,,,5.48,m,Pac-12+ vs Big Ten Invitational,2018-03-23,,,+0.0,Outdoor,https://www.tfrrs.org/results/55253/3366195/Pac-12_vs_Big_Ten_Invitational/Long-Jump,TFRRS all_performances
114,"Lewis, Raynesha",Nebraska,Big Ten,Long Jump,2018,SO-2,,,5.58,m,Pac-12+ vs Big Ten Invitational,2018-03-23,,,-0.3,Outdoor,https://www.tfrrs.org/results/55253/3366195/Pac-12_vs_Big_Ten_Invitational/Long-Jump,TFRRS all_performances
115,"Lewis, Raynesha",Nebraska,Big Ten,Long Jump,2018,SO-2,,,5.59,m,Pac-12+ vs Big Ten Invitational,2018-03-23,,,+0.0,Outdoor,https://www.tfrrs.org/results/55253/3366195/Pac-12_vs_Big_Ten_Invitational/Long-Jump,TFRRS all_performances
116,"Lewis, Raynesha",Nebraska,Big Ten,Long Jump,2018,SO-2,,,5.66,m,Pac-12+ vs Big Ten Invitational,2018-03-23,,,+0.0,Outdoor,https://www.tfrrs.org/results/55253/3366195/Pac-12_vs_Big_Ten_Invitational/Long-Jump,TFRRS all_performances
117,"Turke, Ieva",Nebraska,Big Ten,Long Jump,2018,FR-1,,,5.62,m,Pac-12+ vs Big Ten Invitational,2018-03-23,,,-1.9,Outdoor,https://www.tfrrs.org/results/55253/3366195/Pac-12_vs_Big_Ten_Invitational/Long-Jump,TFRRS all_performances
118,"Freeman, Chanel",Nebraska,Big Ten,100H,2018,JR-3,,,14.25,seconds,Florida Relays,2018-03-29,,,-0.5,Outdoor,https://www.tfrrs.org/results/53568/3384040/Florida_Relays/100-Hurdles,TFRRS all_performances
119,"Lewis, Raynesha",Nebraska,Big Ten,100H,2018,SO-2,,,14.73,seconds,Florida Relays,2018-03-29,,,1.2,Outdoor,https://www.tfrrs.org/results/53568/3384040/Florida_Relays/100-Hurdles,TFRRS all_performances
120,"Barge, Jasmine",Nebraska,Big Ten,400H,2018,JR-3,,,58.98,seconds,John McDonnell Invitational,2018-04-13,,,,Outdoor,https://www.tfrrs.org/results/54175/3426342/John_McDonnell_Invitational/400-Hurdles,TFRRS all_performances
121,"Carr, Ashleigh",Nebraska,Big Ten,400H,2018,SO-2,,,1:00.68,seconds,John McDonnell Invitational,2018-04-13,,,,Outdoor,https://www.tfrrs.org/results/54175/3426342/John_McDonnell_Invitational/400-Hurdles,TFRRS all_performances
122,"Peskova, Michaela",Nebraska,Big Ten,400H,2018,SO-2,,,59.94,seconds,John McDonnell Invitational,2018-04-13,,,,Outdoor,https://www.tfrrs.org/results/54175/3426342/John_McDonnell_Invitational/400-Hurdles,TFRRS all_performances
123,"Griggs, Kierra",Nebraska,Big Ten,400m,2018,SO-2,,,55.82,seconds,John McDonnell Invitational,2018-04-13,,,,Outdoor,https://www.tfrrs.org/results/54175/3426352/John_McDonnell_Invitational/400-Meters,TFRRS all_performances
124,"Freeman, Chanel",Nebraska,Big Ten,100H,2018,JR-3,,,13.66,seconds,Kansas Relays,2018-04-18,,,1.8,Outdoor,https://www.tfrrs.org/results/56497/3452082/Kansas_Relays/100-Hurdles,TFRRS all_performances
125,"Peskova, Michaela",Nebraska,Big Ten,400H,2018,SO-2,,,1:01.01,seconds,Kansas Relays,2018-04-18,,,,Outdoor,https://www.tfrrs.org/results/56497/3452060/Kansas_Relays/400-Hurdles,TFRRS all_performances
126,"Workentine, Rachel",Nebraska,Big Ten,400H,2018,SO-2,,,1:07.34,seconds,Kansas Relays,2018-04-18,,,,Outdoor,https://www.tfrrs.org/results/56497/3452060/Kansas_Relays/400-Hurdles,TFRRS all_performances
127,"Griggs, Kierra",Nebraska,Big Ten,400m,2018,SO-2,,,55.86,seconds,Kansas Relays,2018-04-18,,,,Outdoor,https://www.tfrrs.org/results/56497/3452116/Kansas_Relays/400-Meters,TFRRS all_performances
128,"Lewis, Raynesha",Nebraska,Big Ten,Long Jump,2018,SO-2,,,5.63,m,Kansas Relays,2018-04-18,,,1.3,Outdoor,https://www.tfrrs.org/results/56497/3452029/Kansas_Relays/Long-Jump,TFRRS all_performances
129,"Lewis, Raynesha",Nebraska,Big Ten,Long Jump,2018,SO-2,,,6.04,m,Kansas Relays,2018-04-18,,,2.0,Outdoor,https://www.tfrrs.org/results/56497/3452029/Kansas_Relays/Long-Jump,TFRRS all_performances
130,"Riley, Shylia",Nebraska,Big Ten,Long Jump,2018,JR-3,,,5.48,m,Kansas Relays,2018-04-18,,,1.4,Outdoor,https://www.tfrrs.org/results/56497/3452029/Kansas_Relays/Long-Jump,TFRRS all_performances
131,"Riley, Shylia",Nebraska,Big Ten,Long Jump,2018,JR-3,,,5.94,m,Kansas Relays,2018-04-18,,,2.0,Outdoor,https://www.tfrrs.org/results/56497/3452029/Kansas_Relays/Long-Jump,TFRRS all_performances
132,"Riley, Shylia",Nebraska,Big Ten,Long Jump,2018,JR-3,,,6.17,m,Kansas Relays,2018-04-18,,,1.4,Outdoor,https://www.tfrrs.org/results/56497/3452029/Kansas_Relays/Long-Jump,TFRRS all_performances
133,"Turke, Ieva",Nebraska,Big Ten,Long Jump,2018,FR-1,,,5.86,m,Kansas Relays,2018-04-18,,,2.0,Outdoor,https://www.tfrrs.org/results/56497/3452029/Kansas_Relays/Long-Jump,TFRRS all_performances
134,"Tweedy, Shauna",Nebraska,Big Ten,Long Jump,2018,JR-3,,,4.94,m,Kansas Relays,2018-04-18,,,1.9,Outdoor,https://www.tfrrs.org/results/56497/3510947/Kansas_Relays/Long-Jump,TFRRS all_performances
135,"Carr, Ashleigh",Nebraska,Big Ten,100H,2018,SO-2,,,14.80,seconds,Texas Tech Corky/Crofoot Shootout,2018-04-27,,,1.9,Outdoor,https://www.tfrrs.org/results/56741/3472132/Texas_Tech_Corky_Crofoot_Shootout/100-Hurdles,TFRRS all_performances
136,"von Aschwege, Nicole",Nebraska,Big Ten,100H,2018,FR-1,,,15.26,seconds,Texas Tech Corky/Crofoot Shootout,2018-04-27,,,1.9,Outdoor,https://www.tfrrs.org/results/56741/3472132/Texas_Tech_Corky_Crofoot_Shootout/100-Hurdles,TFRRS all_performances
137,"Carr, Ashleigh",Nebraska,Big Ten,400H,2018,SO-2,,,1:00.16,seconds,Texas Tech Corky/Crofoot Shootout,2018-04-27,,,,Outdoor,https://www.tfrrs.org/results/56741/3472119/Texas_Tech_Corky_Crofoot_Shootout/400-Hurdles,TFRRS all_performances
138,"Peskova, Michaela",Nebraska,Big Ten,400H,2018,SO-2,,,59.75,seconds,Texas Tech Corky/Crofoot Shootout,2018-04-27,,,,Outdoor,https://www.tfrrs.org/results/56741/3472119/Texas_Tech_Corky_Crofoot_Shootout/400-Hurdles,TFRRS all_performances
139,"Griggs, Kierra",Nebraska,Big Ten,400m,2018,SO-2,,,53.83,seconds,Texas Tech Corky/Crofoot Shootout,2018-04-27,,,,Outdoor,https://www.tfrrs.org/results/56741/3472130/Texas_Tech_Corky_Crofoot_Shootout/400-Meters,TFRRS all_performances
140,"von Aschwege, Nicole",Nebraska,Big Ten,400m,2018,FR-1,,,1:03.96,seconds,Texas Tech Corky/Crofoot Shootout,2018-04-27,,,,Outdoor,https://www.tfrrs.org/results/56741/3472130/Texas_Tech_Corky_Crofoot_Shootout/400-Meters,TFRRS all_performances
141,"Riley, Shylia",Nebraska,Big Ten,Long Jump,2018,JR-3,,,6.09,m,Texas Tech Corky/Crofoot Shootout,2018-04-27,,,0.4,Outdoor,https://www.tfrrs.org/results/56741/3472135/Texas_Tech_Corky_Crofoot_Shootout/Long-Jump,TFRRS all_performances
142,"Riley, Shylia",Nebraska,Big Ten,Long Jump,2018,JR-3,,,6.35,m,Texas Tech Corky/Crofoot Shootout,2018-04-27,,,0.8,Outdoor,https://www.tfrrs.org/results/56741/3472135/Texas_Tech_Corky_Crofoot_Shootout/Long-Jump,TFRRS all_performances
143,"Turke, Ieva",Nebraska,Big Ten,Long Jump,2018,FR-1,,,6.04,m,Texas Tech Corky/Crofoot Shootout,2018-04-27,,,1.6,Outdoor,https://www.tfrrs.org/results/56741/3472135/Texas_Tech_Corky_Crofoot_Shootout/Long-Jump,TFRRS all_performances
144,"Turke, Ieva",Nebraska,Big Ten,Long Jump,2018,FR-1,,,6.06,m,Texas Tech Corky/Crofoot Shootout,2018-04-27,,,1.9,Outdoor,https://www.tfrrs.org/results/56741/3472135/Texas_Tech_Corky_Crofoot_Shootout/Long-Jump,TFRRS all_performances
145,"Freeman, Chanel",Nebraska,Big Ten,100H,2018,JR-3,,,13.96,seconds,2018 Nebraska Invitational,2018-05-05,,,1.6,Outdoor,https://www.tfrrs.org/results/52825/3494179/2018_Nebraska_Invitational/100-Hurdles,TFRRS all_performances
146,"von Aschwege, Nicole",Nebraska,Big Ten,100H,2018,FR-1,,,15.42,seconds,2018 Nebraska Invitational,2018-05-05,,,1.6,Outdoor,https://www.tfrrs.org/results/52825/3494179/2018_Nebraska_Invitational/100-Hurdles,TFRRS all_performances
147,"Carr, Ashleigh",Nebraska,Big Ten,400H,2018,SO-2,,,1:00.02,seconds,2018 Nebraska Invitational,2018-05-05,,,,Outdoor,https://www.tfrrs.org/results/52825/3494196/2018_Nebraska_Invitational/400-Hurdles,TFRRS all_performances
148,"Peskova, Michaela",Nebraska,Big Ten,400H,2018,SO-2,,,1:00.73,seconds,2018 Nebraska Invitational,2018-05-05,,,,Outdoor,https://www.tfrrs.org/results/52825/3494196/2018_Nebraska_Invitational/400-Hurdles,TFRRS all_performances
149,"Workentine, Rachel",Nebraska,Big Ten,400H,2018,SO-2,,,1:07.12,seconds,2018 Nebraska Invitational,2018-05-05,,,,Outdoor,https://www.tfrrs.org/results/52825/3494196/2018_Nebraska_Invitational/400-Hurdles,TFRRS all_performances
150,"Riley, Shylia",Nebraska,Big Ten,Long Jump,2018,JR-3,,,5.81,m,2018 Nebraska Invitational,2018-05-05,,,-0.5,Outdoor,https://www.tfrrs.org/results/52825/3494185/2018_Nebraska_Invitational/Long-Jump,TFRRS all_performances
151,"Riley, Shylia",Nebraska,Big Ten,Long Jump,2018,JR-3,,,5.88,m,2018 Nebraska Invitational,2018-05-05,,,-0.1,Outdoor,https://www.tfrrs.org/results/52825/3494185/2018_Nebraska_Invitational/Long-Jump,TFRRS all_performances
152,"Riley, Shylia",Nebraska,Big Ten,Long Jump,2018,JR-3,,,6.06,m,2018 Nebraska Invitational,2018-05-05,,,-0.5,Outdoor,https://www.tfrrs.org/results/52825/3494185/2018_Nebraska_Invitational/Long-Jump,TFRRS all_performances
153,"Riley, Shylia",Nebraska,Big Ten,Long Jump,2018,JR-3,,,6.15,m,2018 Nebraska Invitational,2018-05-05,,,0.5,Outdoor,https://www.tfrrs.org/results/52825/3494185/2018_Nebraska_Invitational/Long-Jump,TFRRS all_performances
154,"Riley, Shylia",Nebraska,Big Ten,Long Jump,2018,JR-3,,,6.16,m,2018 Nebraska Invitational,2018-05-05,,,1.0,Outdoor,https://www.tfrrs.org/results/52825/3494185/2018_Nebraska_Invitational/Long-Jump,TFRRS all_performances
155,"Turke, Ieva",Nebraska,Big Ten,Long Jump,2018,FR-1,,,5.69,m,2018 Nebraska Invitational,2018-05-05,,,+0.0,Outdoor,https://www.tfrrs.org/results/52825/3494185/2018_Nebraska_Invitational/Long-Jump,TFRRS all_performances
156,"Turke, Ieva",Nebraska,Big Ten,Long Jump,2018,FR-1,,,5.72,m,2018 Nebraska Invitational,2018-05-05,,,0.3,Outdoor,https://www.tfrrs.org/results/52825/3494185/2018_Nebraska_Invitational/Long-Jump,TFRRS all_performances
157,"Turke, Ieva",Nebraska,Big Ten,Long Jump,2018,FR-1,,,5.97,m,2018 Nebraska Invitational,2018-05-05,,,-0.5,Outdoor,https://www.tfrrs.org/results/52825/3494185/2018_Nebraska_Invitational/Long-Jump,TFRRS all_performances
158,"Barge, Jasmine",Nebraska,Big Ten,100H,2018,JR-3,,,13.62,seconds,Big Ten Championships,2018-05-11,,,0.9,Outdoor,https://www.tfrrs.org/results/57040/3507805/Big_Ten_Championships/100-Hurdles,TFRRS all_performances
159,"Barge, Jasmine",Nebraska,Big Ten,100H,2018,JR-3,,,13.86,seconds,Big Ten Championships,2018-05-11,,,0.4,Outdoor,https://www.tfrrs.org/results/57040/3507805/Big_Ten_Championships/100-Hurdles,TFRRS all_performances
160,"Barge, Jasmine",Nebraska,Big Ten,400H,2018,JR-3,,,57.95,seconds,Big Ten Championships,2018-05-11,,,,Outdoor,https://www.tfrrs.org/results/57040/3507782/Big_Ten_Championships/400-Hurdles,TFRRS all_performances
161,"Barge, Jasmine",Nebraska,Big Ten,400H,2018,JR-3,,,57.95,seconds,Big Ten Championships,2018-05-11,,,,Outdoor,https://www.tfrrs.org/results/57040/3507782/Big_Ten_Championships/400-Hurdles,TFRRS all_performances
162,"Carr, Ashleigh",Nebraska,Big Ten,400H,2018,SO-2,,,59.70,seconds,Big Ten Championships,2018-05-11,,,,Outdoor,https://www.tfrrs.org/results/57040/3507782/Big_Ten_Championships/400-Hurdles,TFRRS all_performances
163,"Peskova, Michaela",Nebraska,Big Ten,400H,2018,SO-2,,,59.99,seconds,Big Ten Championships,2018-05-11,,,,Outdoor,https://www.tfrrs.org/results/57040/3507782/Big_Ten_Championships/400-Hurdles,TFRRS all_performances
164,"Griggs, Kierra",Nebraska,Big Ten,400m,2018,SO-2,,,54.25,seconds,Big Ten Championships,2018-05-11,,,,Outdoor,https://www.tfrrs.org/results/57040/3507804/Big_Ten_Championships/400-Meters,TFRRS all_performances
165,"Lewis, Raynesha",Nebraska,Big Ten,Long Jump,2018,SO-2,,,4.73,m,Big Ten Championships,2018-05-11,,,0.9,Outdoor,https://www.tfrrs.org/results/57040/3507815/Big_Ten_Championships/Long-Jump,TFRRS all_performances
166,"Riley, Shylia",Nebraska,Big Ten,Long Jump,2018,JR-3,,,5.88,m,Big Ten Championships,2018-05-11,,,-0.4,Outdoor,https://www.tfrrs.org/results/57040/3507815/Big_Ten_Championships/Long-Jump,TFRRS all_performances
167,"Riley, Shylia",Nebraska,Big Ten,Long Jump,2018,JR-3,,,6.07,m,Big Ten Championships,2018-05-11,,,0.3,Outdoor,https://www.tfrrs.org/results/57040/3507815/Big_Ten_Championships/Long-Jump,TFRRS all_performances
168,"Riley, Shylia",Nebraska,Big Ten,Long Jump,2018,JR-3,,,6.17,m,Big Ten Championships,2018-05-11,,,0.3,Outdoor,https://www.tfrrs.org/results/57040/3507815/Big_Ten_Championships/Long-Jump,TFRRS all_performances
169,"Riley, Shylia",Nebraska,Big Ten,Long Jump,2018,JR-3,,,6.21,m,Big Ten Championships,2018-05-11,,,-0.3,Outdoor,https://www.tfrrs.org/results/57040/3507815/Big_Ten_Championships/Long-Jump,TFRRS all_performances
170,"Turke, Ieva",Nebraska,Big Ten,Long Jump,2018,FR-1,,,5.95,m,Big Ten Championships,2018-05-11,,,2.0,Outdoor,https://www.tfrrs.org/results/57040/3507815/Big_Ten_Championships/Long-Jump,TFRRS all_performances
171,"Turke, Ieva",Nebraska,Big Ten,Long Jump,2018,FR-1,,,6.04,m,Big Ten Championships,2018-05-11,,,1.4,Outdoor,https://www.tfrrs.org/results/57040/3507815/Big_Ten_Championships/Long-Jump,TFRRS all_performances
172,"Turke, Ieva",Nebraska,Big Ten,Long Jump,2018,FR-1,,,6.22,m,Big Ten Championships,2018-05-11,,,1.1,Outdoor,https://www.tfrrs.org/results/57040/3507815/Big_Ten_Championships/Long-Jump,TFRRS all_performances
173,"Turke, Ieva",Nebraska,Big Ten,Long Jump,2018,FR-1,,,6.26,m,Big Ten Championships,2018-05-11,,,0.4,Outdoor,https://www.tfrrs.org/results/57040/3507815/Big_Ten_Championships/Long-Jump,TFRRS all_performances
174,"Turke, Ieva",Nebraska,Big Ten,Long Jump,2018,FR-1,,,6.27,m,Big Ten Championships,2018-05-11,,,1.2,Outdoor,https://www.tfrrs.org/results/57040/3507815/Big_Ten_Championships/Long-Jump,TFRRS all_performances
175,"Barge, Jasmine",Nebraska,Big Ten,400H,2018,JR-3,,,1:00.00,seconds,NCAA West Preliminary Round,2018-05-24,,,,Outdoor,https://www.tfrrs.org/results/57100/3515416/NCAA_West_Preliminary_Round/400-Hurdles,TFRRS all_performances
176,"Barge, Jasmine",Nebraska,Big Ten,400H,2018,JR-3,,,58.80,seconds,NCAA West Preliminary Round,2018-05-24,,,,Outdoor,https://www.tfrrs.org/results/57100/3515416/NCAA_West_Preliminary_Round/400-Hurdles,TFRRS all_performances
177,"Griggs, Kierra",Nebraska,Big Ten,400m,2018,SO-2,,,55.18,seconds,NCAA West Preliminary Round,2018-05-24,,,,Outdoor,https://www.tfrrs.org/results/57100/3515431/NCAA_West_Preliminary_Round/400-Meters,TFRRS all_performances
178,"Lewis, Raynesha",Nebraska,Big Ten,Long Jump,2018,SO-2,,,5.74,m,NCAA West Preliminary Round,2018-05-24,,,0.4,Outdoor,https://www.tfrrs.org/results/57100/3515427/NCAA_West_Preliminary_Round/Long-Jump,TFRRS all_performances
179,"Riley, Shylia",Nebraska,Big Ten,Long Jump,2018,JR-3,,,5.72,m,NCAA West Preliminary Round,2018-05-24,,,0.8,Outdoor,https://www.tfrrs.org/results/57100/3515427/NCAA_West_Preliminary_Round/Long-Jump,TFRRS all_performances
180,"Turke, Ieva",Nebraska,Big Ten,Long Jump,2018,FR-1,,,5.93,m,NCAA West Preliminary Round,2018-05-24,,,0.3,Outdoor,https://www.tfrrs.org/results/57100/3515427/NCAA_West_Preliminary_Round/Long-Jump,TFRRS all_performances
181,"Lewis, Raynesha",Nebraska,Big Ten,Long Jump,2018,SO-2,,,5.90,m,NCAA Division I Outdoor Championships,2018-06-06,,,-0.5,Outdoor,https://www.tfrrs.org/results/57114/3516383/NCAA_Division_I_Outdoor_Championships/Long-Jump,TFRRS all_performances
182,"Lewis, Raynesha",Nebraska,Big Ten,Long Jump,2018,SO-2,,,6.02,m,NCAA Division I Outdoor Championships,2018-06-06,,,-0.4,Outdoor,https://www.tfrrs.org/results/57114/3516383/NCAA_Division_I_Outdoor_Championships/Long-Jump,TFRRS all_performances
183,"Lewis, Raynesha",Nebraska,Big Ten,Long Jump,2018,SO-2,,,6.07,m,NCAA Division I Outdoor Championships,2018-06-06,,,0.1,Outdoor,https://www.tfrrs.org/results/57114/3516383/NCAA_Division_I_Outdoor_Championships/Long-Jump,TFRRS all_performances
184,"Foster, Rhesa",Oregon,Big Ten,100H,2018,SO-2,,,14.39,seconds,40th Annual Aztec Invitational,2018-03-24,,,0.6,Outdoor,https://www.tfrrs.org/results/52948/3366236/40th_Annual_Aztec_Invitational/100-Hurdles,TFRRS all_performances
185,"Greenleaf, Madi",Oregon,Big Ten,100H,2018,SR-4,,,14.81,seconds,40th Annual Aztec Invitational,2018-03-24,,,0.1,Outdoor,https://www.tfrrs.org/results/52948/3366236/40th_Annual_Aztec_Invitational/100-Hurdles,TFRRS all_performances
186,"Jackson, Khadejah",Oregon,Big Ten,100H,2018,JR-3,,,14.54,seconds,40th Annual Aztec Invitational,2018-03-24,,,0.6,Outdoor,https://www.tfrrs.org/results/52948/3366236/40th_Annual_Aztec_Invitational/100-Hurdles,TFRRS all_performances
187,"Johnson, Alaysha",Oregon,Big Ten,100H,2018,JR-3,,,13.48,seconds,40th Annual Aztec Invitational,2018-03-24,,,-0.8,Outdoor,https://www.tfrrs.org/results/52948/3366236/40th_Annual_Aztec_Invitational/100-Hurdles,TFRRS all_performances
188,"McCarrell, Keira",Oregon,Big Ten,100H,2018,FR-1,,,15.26,seconds,40th Annual Aztec Invitational,2018-03-24,,,0.1,Outdoor,https://www.tfrrs.org/results/52948/3366236/40th_Annual_Aztec_Invitational/100-Hurdles,TFRRS all_performances
189,"O'Connor, Kylee",Oregon,Big Ten,100H,2018,SR-4,,,14.49,seconds,40th Annual Aztec Invitational,2018-03-24,,,0.6,Outdoor,https://www.tfrrs.org/results/52948/3366236/40th_Annual_Aztec_Invitational/100-Hurdles,TFRRS all_performances
190,"Robinson, Kaylah",Oregon,Big Ten,100H,2018,FR-1,,,14.02,seconds,40th Annual Aztec Invitational,2018-03-24,,,-0.8,Outdoor,https://www.tfrrs.org/results/52948/3366236/40th_Annual_Aztec_Invitational/100-Hurdles,TFRRS all_performances
191,"Greenleaf, Madi",Oregon,Big Ten,400H,2018,SR-4,,,1:02.59,seconds,40th Annual Aztec Invitational,2018-03-24,,,,Outdoor,https://www.tfrrs.org/results/52948/3366208/40th_Annual_Aztec_Invitational/400-Hurdles,TFRRS all_performances
192,"Jackson, Khadejah",Oregon,Big Ten,400H,2018,JR-3,,,1:03.96,seconds,40th Annual Aztec Invitational,2018-03-24,,,,Outdoor,https://www.tfrrs.org/results/52948/3366208/40th_Annual_Aztec_Invitational/400-Hurdles,TFRRS all_performances
193,"O'Connor, Kylee",Oregon,Big Ten,400H,2018,SR-4,,,1:00.70,seconds,40th Annual Aztec Invitational,2018-03-24,,,,Outdoor,https://www.tfrrs.org/results/52948/3366208/40th_Annual_Aztec_Invitational/400-Hurdles,TFRRS all_performances
194,"Cook, Chaquinn",Oregon,Big Ten,Long Jump,2018,JR-3,,,5.51,m,40th Annual Aztec Invitational,2018-03-24,,,1.5,Outdoor,https://www.tfrrs.org/results/52948/3366213/40th_Annual_Aztec_Invitational/Long-Jump,TFRRS all_performances
195,"Cook, Chaquinn",Oregon,Big Ten,Long Jump,2018,JR-3,,,6.28,m,40th Annual Aztec Invitational,2018-03-24,,,1.9,Outdoor,https://www.tfrrs.org/results/52948/3366213/40th_Annual_Aztec_Invitational/Long-Jump,TFRRS all_performances
196,"O'Connor, Kylee",Oregon,Big Ten,Long Jump,2018,SR-4,,,4.92,m,40th Annual Aztec Invitational,2018-03-24,,,-0.7,Outdoor,https://www.tfrrs.org/results/52948/3366213/40th_Annual_Aztec_Invitational/Long-Jump,TFRRS all_performances
197,"O'Connor, Kylee",Oregon,Big Ten,Long Jump,2018,SR-4,,,5.12,m,40th Annual Aztec Invitational,2018-03-24,,,0.9,Outdoor,https://www.tfrrs.org/results/52948/3366213/40th_Annual_Aztec_Invitational/Long-Jump,TFRRS all_performances
198,"Greenleaf, Madi",Oregon,Big Ten,400H,2018,SR-4,,,1:04.04,seconds,Oregon Pepsi Invitational,2018-04-07,,,,Outdoor,https://www.tfrrs.org/results/54397/3404994/Oregon_Pepsi_Invitational/400-Hurdles,TFRRS all_performances
199,"Jackson, Khadejah",Oregon,Big Ten,400H,2018,JR-3,,,1:05.66,seconds,Oregon Pepsi Invitational,2018-04-07,,,,Outdoor,https://www.tfrrs.org/results/54397/3404994/Oregon_Pepsi_Invitational/400-Hurdles,TFRRS all_performances
200,"O'Connor, Kylee",Oregon,Big Ten,400H,2018,SR-4,,,1:02.09,seconds,Oregon Pepsi Invitational,2018-04-07,,,,Outdoor,https://www.tfrrs.org/results/54397/3404994/Oregon_Pepsi_Invitational/400-Hurdles,TFRRS all_performances
201,"DesRosiers, Briyahna",Oregon,Big Ten,400m,2018,JR-3,,,54.02,seconds,Oregon Pepsi Invitational,2018-04-07,,,,Outdoor,https://www.tfrrs.org/results/54397/3405007/Oregon_Pepsi_Invitational/400-Meters,TFRRS all_performances
202,"Vinjamuri, Rachel",Oregon,Big Ten,400m,2018,SO-2,,,57.03,seconds,Oregon Pepsi Invitational,2018-04-07,,,,Outdoor,https://www.tfrrs.org/results/54397/3405007/Oregon_Pepsi_Invitational/400-Meters,TFRRS all_performances
203,"Foster, Rhesa",Oregon,Big Ten,Long Jump,2018,SO-2,,,5.77,m,Oregon Pepsi Invitational,2018-04-07,,,1.6,Outdoor,https://www.tfrrs.org/results/54397/3404986/Oregon_Pepsi_Invitational/Long-Jump,TFRRS all_performances
204,"O'Connor, Kylee",Oregon,Big Ten,Long Jump,2018,SR-4,,,4.36,m,Oregon Pepsi Invitational,2018-04-07,,,1.6,Outdoor,https://www.tfrrs.org/results/54397/3404986/Oregon_Pepsi_Invitational/Long-Jump,TFRRS all_performances
205,"O'Connor, Kylee",Oregon,Big Ten,Long Jump,2018,SR-4,,,5.00,m,Oregon Pepsi Invitational,2018-04-07,,,1.9,Outdoor,https://www.tfrrs.org/results/54397/3404986/Oregon_Pepsi_Invitational/Long-Jump,TFRRS all_performances
206,"McCarrell, Keira",Oregon,Big Ten,100H,2018,FR-1,,,15.34,seconds,Bryan Clay Invitational,2018-04-19,,,-1.0,Outdoor,https://www.tfrrs.org/results/54070/3482326/Bryan_Clay_Invitational/100-Hurdles,TFRRS all_performances
207,"O'Connor, Kylee",Oregon,Big Ten,100H,2018,SR-4,,,14.39,seconds,Bryan Clay Invitational,2018-04-19,,,0.3,Outdoor,https://www.tfrrs.org/results/54070/3482326/Bryan_Clay_Invitational/100-Hurdles,TFRRS all_performances
208,"Robinson, Kaylah",Oregon,Big Ten,100H,2018,FR-1,,,13.62,seconds,Mt. SAC Relays,2018-04-19,,,0.4,Outdoor,https://www.tfrrs.org/results/56509/3454456/Mt_SAC_Relays/100-Hurdles,TFRRS all_performances
209,"Anderson, Shae",Oregon,Big Ten,400m,2018,FR-1,,,52.71,seconds,Mt. SAC Relays,2018-04-19,,,,Outdoor,https://www.tfrrs.org/results/56509/3454554/Mt_SAC_Relays/400-Meters,TFRRS all_performances
210,"D'Arpino, Venessa",Oregon,Big Ten,400m,2018,JR-3,,,53.61,seconds,Mt. SAC Relays,2018-04-19,,,,Outdoor,https://www.tfrrs.org/results/56509/3454554/Mt_SAC_Relays/400-Meters,TFRRS all_performances
211,"DesRosiers, Briyahna",Oregon,Big Ten,400m,2018,JR-3,,,53.31,seconds,Mt. SAC Relays,2018-04-19,,,,Outdoor,https://www.tfrrs.org/results/56509/3454554/Mt_SAC_Relays/400-Meters,TFRRS all_performances
212,"Dunmore, Makenzie",Oregon,Big Ten,400m,2018,SO-2,,,52.05,seconds,Mt. SAC Relays,2018-04-19,,,,Outdoor,https://www.tfrrs.org/results/56509/3454554/Mt_SAC_Relays/400-Meters,TFRRS all_performances
213,"Waller, Hannah",Oregon,Big Ten,400m,2018,SO-2,,,52.49,seconds,Mt. SAC Relays,2018-04-19,,,,Outdoor,https://www.tfrrs.org/results/56509/3454554/Mt_SAC_Relays/400-Meters,TFRRS all_performances
214,"Cook, Chaquinn",Oregon,Big Ten,Long Jump,2018,JR-3,,,6.09,m,Mt. SAC Relays,2018-04-19,,,0.2,Outdoor,https://www.tfrrs.org/results/56509/3454550/Mt_SAC_Relays/Long-Jump,TFRRS all_performances
215,"Foster, Rhesa",Oregon,Big Ten,Long Jump,2018,SO-2,,,5.46,m,Mt. SAC Relays,2018-04-19,,,-0.2,Outdoor,https://www.tfrrs.org/results/56509/3454550/Mt_SAC_Relays/Long-Jump,TFRRS all_performances
216,"Foster, Rhesa",Oregon,Big Ten,Long Jump,2018,SO-2,,,5.88,m,Mt. SAC Relays,2018-04-19,,,1.5,Outdoor,https://www.tfrrs.org/results/56509/3454550/Mt_SAC_Relays/Long-Jump,TFRRS all_performances
217,"Foster, Rhesa",Oregon,Big Ten,Long Jump,2018,SO-2,,,5.97,m,Mt. SAC Relays,2018-04-19,,,-2.0,Outdoor,https://www.tfrrs.org/results/56509/3454550/Mt_SAC_Relays/Long-Jump,TFRRS all_performances
218,"Foster, Rhesa",Oregon,Big Ten,Long Jump,2018,SO-2,,,6.13,m,Mt. SAC Relays,2018-04-19,,,-2.1,Outdoor,https://www.tfrrs.org/results/56509/3454550/Mt_SAC_Relays/Long-Jump,TFRRS all_performances
219,"McCarrell, Keira",Oregon,Big Ten,Long Jump,2018,FR-1,,,5.01,m,Bryan Clay Invitational,2018-04-19,,,-1.9,Outdoor,https://www.tfrrs.org/results/54070/3482330/Bryan_Clay_Invitational/Long-Jump,TFRRS all_performances
220,"McCarrell, Keira",Oregon,Big Ten,Long Jump,2018,FR-1,,,5.09,m,Bryan Clay Invitational,2018-04-19,,,-1.3,Outdoor,https://www.tfrrs.org/results/54070/3482330/Bryan_Clay_Invitational/Long-Jump,TFRRS all_performances
221,"McCarrell, Keira",Oregon,Big Ten,Long Jump,2018,FR-1,,,5.13,m,Bryan Clay Invitational,2018-04-19,,,-0.2,Outdoor,https://www.tfrrs.org/results/54070/3482330/Bryan_Clay_Invitational/Long-Jump,TFRRS all_performances
222,"O'Connor, Kylee",Oregon,Big Ten,Long Jump,2018,SR-4,,,5.20,m,Bryan Clay Invitational,2018-04-19,,,+0.0,Outdoor,https://www.tfrrs.org/results/54070/3482330/Bryan_Clay_Invitational/Long-Jump,TFRRS all_performances
223,"O'Connor, Kylee",Oregon,Big Ten,Long Jump,2018,SR-4,,,5.46,m,Bryan Clay Invitational,2018-04-19,,,1.6,Outdoor,https://www.tfrrs.org/results/54070/3482330/Bryan_Clay_Invitational/Long-Jump,TFRRS all_performances
224,"O'Connor, Kylee",Oregon,Big Ten,Long Jump,2018,SR-4,,,5.62,m,Bryan Clay Invitational,2018-04-19,,,+0.0,Outdoor,https://www.tfrrs.org/results/54070/3482330/Bryan_Clay_Invitational/Long-Jump,TFRRS all_performances
225,"Greenleaf, Madi",Oregon,Big Ten,100H,2018,SR-4,,,14.59,seconds,OSU High Performance Meet,2018-04-27,,,1.2,Outdoor,https://www.tfrrs.org/results/56769/3476442/OSU_High_Performance_Meet/100-Hurdles,TFRRS all_performances
226,"Jackson, Khadejah",Oregon,Big Ten,100H,2018,JR-3,,,14.20,seconds,OSU High Performance Meet,2018-04-27,,,1.2,Outdoor,https://www.tfrrs.org/results/56769/3476442/OSU_High_Performance_Meet/100-Hurdles,TFRRS all_performances
227,"McCarrell, Keira",Oregon,Big Ten,100H,2018,FR-1,,,14.86,seconds,OSU High Performance Meet,2018-04-27,,,0.8,Outdoor,https://www.tfrrs.org/results/56769/3476442/OSU_High_Performance_Meet/100-Hurdles,TFRRS all_performances
228,"O'Connor, Kylee",Oregon,Big Ten,100H,2018,SR-4,,,14.21,seconds,OSU High Performance Meet,2018-04-27,,,1.2,Outdoor,https://www.tfrrs.org/results/56769/3476442/OSU_High_Performance_Meet/100-Hurdles,TFRRS all_performances
229,"Stephen, Keera",Oregon,Big Ten,100H,2018,JR-3,,,14.63,seconds,OSU High Performance Meet,2018-04-27,,,1.2,Outdoor,https://www.tfrrs.org/results/56769/3476442/OSU_High_Performance_Meet/100-Hurdles,TFRRS all_performances
230,"Greenleaf, Madi",Oregon,Big Ten,400H,2018,SR-4,,,1:01.48,seconds,OSU High Performance Meet,2018-04-27,,,,Outdoor,https://www.tfrrs.org/results/56769/3476444/OSU_High_Performance_Meet/400-Hurdles,TFRRS all_performances
231,"Jackson, Khadejah",Oregon,Big Ten,400H,2018,JR-3,,,1:01.14,seconds,OSU High Performance Meet,2018-04-27,,,,Outdoor,https://www.tfrrs.org/results/56769/3476444/OSU_High_Performance_Meet/400-Hurdles,TFRRS all_performances
232,"O'Connor, Kylee",Oregon,Big Ten,400H,2018,SR-4,,,1:00.38,seconds,OSU High Performance Meet,2018-04-27,,,,Outdoor,https://www.tfrrs.org/results/56769/3476444/OSU_High_Performance_Meet/400-Hurdles,TFRRS all_performances
233,"Stephen, Keera",Oregon,Big Ten,400H,2018,JR-3,,,1:08.50,seconds,OSU High Performance Meet,2018-04-27,,,,Outdoor,https://www.tfrrs.org/results/56769/3476444/OSU_High_Performance_Meet/400-Hurdles,TFRRS all_performances
234,"Foster, Rhesa",Oregon,Big Ten,100H,2018,SO-2,,,14.14,seconds,2018 Desert Heat Classic,2018-04-28,,,1.0,Outdoor,https://www.tfrrs.org/results/56056/3477480/2018_Desert_Heat_Classic/100-Hurdles,TFRRS all_performances
235,"Johnson, Alaysha",Oregon,Big Ten,100H,2018,JR-3,,,12.75,seconds,2018 Desert Heat Classic,2018-04-28,,,-0.3,Outdoor,https://www.tfrrs.org/results/56056/3477480/2018_Desert_Heat_Classic/100-Hurdles,TFRRS all_performances
236,"Robinson, Kaylah",Oregon,Big Ten,100H,2018,FR-1,,,13.50,seconds,2018 Desert Heat Classic,2018-04-28,,,-0.3,Outdoor,https://www.tfrrs.org/results/56056/3477480/2018_Desert_Heat_Classic/100-Hurdles,TFRRS all_performances
237,"Vinjamuri, Rachel",Oregon,Big Ten,400m,2018,SO-2,,,56.09,seconds,2018 Desert Heat Classic,2018-04-28,,,,Outdoor,https://www.tfrrs.org/results/56056/3477491/2018_Desert_Heat_Classic/400-Meters,TFRRS all_performances
238,"Greenleaf, Madi",Oregon,Big Ten,400H,2018,SR-4,,,1:01.09,seconds,Oregon Twilight,2018-05-04,,,,Outdoor,https://www.tfrrs.org/results/54403/3491026/Oregon_Twilight/400-Hurdles,TFRRS all_performances
239,"Jackson, Khadejah",Oregon,Big Ten,400H,2018,JR-3,,,1:08.15,seconds,Oregon Twilight,2018-05-04,,,,Outdoor,https://www.tfrrs.org/results/54403/3491026/Oregon_Twilight/400-Hurdles,TFRRS all_performances
240,"Vinjamuri, Rachel",Oregon,Big Ten,400m,2018,SO-2,,,56.39,seconds,Oregon Twilight,2018-05-04,,,,Outdoor,https://www.tfrrs.org/results/54403/3491033/Oregon_Twilight/400-Meters,TFRRS all_performances
241,"O'Connor, Kylee",Oregon,Big Ten,100H,2018,SR-4,,,14.29,seconds,Pac-12 Combined Events Championships,2018-05-05,,,+0.0,Outdoor,https://www.tfrrs.org/results/55279/3496639/Pac-12_Combined_Events_Championships/100-Hurdles,TFRRS all_performances
242,"O'Connor, Kylee",Oregon,Big Ten,Long Jump,2018,SR-4,,,5.37,m,Pac-12 Combined Events Championships,2018-05-05,,,0.7,Outdoor,https://www.tfrrs.org/results/55279/3496643/Pac-12_Combined_Events_Championships/Long-Jump,TFRRS all_performances
243,"O'Connor, Kylee",Oregon,Big Ten,Long Jump,2018,SR-4,,,5.44,m,Pac-12 Combined Events Championships,2018-05-05,,,2.0,Outdoor,https://www.tfrrs.org/results/55279/3496643/Pac-12_Combined_Events_Championships/Long-Jump,TFRRS all_performances
244,"Johnson, Alaysha",Oregon,Big Ten,100H,2018,JR-3,,,13.02,seconds,2018 Pac-12 Track & Field Championships,2018-05-12,,,1.7,Outdoor,https://www.tfrrs.org/results/55278/3508259/2018_Pac-12_Track__Field_Championships/100-Hurdles,TFRRS all_performances
245,"O'Connor, Kylee",Oregon,Big Ten,100H,2018,SR-4,,,14.29,seconds,2018 Pac-12 Track & Field Championships,2018-05-12,,,+0.0,Outdoor,https://www.tfrrs.org/results/55278/3508264/2018_Pac-12_Track__Field_Championships/100-Hurdles,TFRRS all_performances
246,"Robinson, Kaylah",Oregon,Big Ten,100H,2018,FR-1,,,13.24,seconds,2018 Pac-12 Track & Field Championships,2018-05-12,,,1.7,Outdoor,https://www.tfrrs.org/results/55278/3508259/2018_Pac-12_Track__Field_Championships/100-Hurdles,TFRRS all_performances
247,"Greenleaf, Madi",Oregon,Big Ten,400H,2018,SR-4,,,1:00.85,seconds,2018 Pac-12 Track & Field Championships,2018-05-12,,,,Outdoor,https://www.tfrrs.org/results/55278/3508236/2018_Pac-12_Track__Field_Championships/400-Hurdles,TFRRS all_performances
248,"O'Connor, Kylee",Oregon,Big Ten,400H,2018,SR-4,,,58.27,seconds,2018 Pac-12 Track & Field Championships,2018-05-12,,,,Outdoor,https://www.tfrrs.org/results/55278/3508236/2018_Pac-12_Track__Field_Championships/400-Hurdles,TFRRS all_performances
249,"O'Connor, Kylee",Oregon,Big Ten,400H,2018,SR-4,,,58.37,seconds,2018 Pac-12 Track & Field Championships,2018-05-12,,,,Outdoor,https://www.tfrrs.org/results/55278/3508236/2018_Pac-12_Track__Field_Championships/400-Hurdles,TFRRS all_performances
250,"Anderson, Shae",Oregon,Big Ten,400m,2018,FR-1,,,52.55,seconds,2018 Pac-12 Track & Field Championships,2018-05-12,,,,Outdoor,https://www.tfrrs.org/results/55278/3508258/2018_Pac-12_Track__Field_Championships/400-Meters,TFRRS all_performances
251,"Anderson, Shae",Oregon,Big Ten,400m,2018,FR-1,,,52.61,seconds,2018 Pac-12 Track & Field Championships,2018-05-12,,,,Outdoor,https://www.tfrrs.org/results/55278/3508258/2018_Pac-12_Track__Field_Championships/400-Meters,TFRRS all_performances
252,"DesRosiers, Briyahna",Oregon,Big Ten,400m,2018,JR-3,,,51.90,seconds,2018 Pac-12 Track & Field Championships,2018-05-12,,,,Outdoor,https://www.tfrrs.org/results/55278/3508258/2018_Pac-12_Track__Field_Championships/400-Meters,TFRRS all_performances
253,"DesRosiers, Briyahna",Oregon,Big Ten,400m,2018,JR-3,,,52.41,seconds,2018 Pac-12 Track & Field Championships,2018-05-12,,,,Outdoor,https://www.tfrrs.org/results/55278/3508258/2018_Pac-12_Track__Field_Championships/400-Meters,TFRRS all_performances
254,"Dunmore, Makenzie",Oregon,Big Ten,400m,2018,SO-2,,,50.63,seconds,2018 Pac-12 Track & Field Championships,2018-05-12,,,,Outdoor,https://www.tfrrs.org/results/55278/3508258/2018_Pac-12_Track__Field_Championships/400-Meters,TFRRS all_performances
255,"Dunmore, Makenzie",Oregon,Big Ten,400m,2018,SO-2,,,50.99,seconds,2018 Pac-12 Track & Field Championships,2018-05-12,,,,Outdoor,https://www.tfrrs.org/results/55278/3508258/2018_Pac-12_Track__Field_Championships/400-Meters,TFRRS all_performances
256,"Waller, Hannah",Oregon,Big Ten,400m,2018,SO-2,,,52.49,seconds,2018 Pac-12 Track & Field Championships,2018-05-12,,,,Outdoor,https://www.tfrrs.org/results/55278/3508258/2018_Pac-12_Track__Field_Championships/400-Meters,TFRRS all_performances
257,"Waller, Hannah",Oregon,Big Ten,400m,2018,SO-2,,,53.15,seconds,2018 Pac-12 Track & Field Championships,2018-05-12,,,,Outdoor,https://www.tfrrs.org/results/55278/3508258/2018_Pac-12_Track__Field_Championships/400-Meters,TFRRS all_performances
258,"O'Connor, Kylee",Oregon,Big Ten,Long Jump,2018,SR-4,,,5.37,m,2018 Pac-12 Track & Field Championships,2018-05-12,,,0.7,Outdoor,https://www.tfrrs.org/results/55278/3508268/2018_Pac-12_Track__Field_Championships/Long-Jump,TFRRS all_performances
259,"O'Connor, Kylee",Oregon,Big Ten,Long Jump,2018,SR-4,,,5.44,m,2018 Pac-12 Track & Field Championships,2018-05-12,,,2.0,Outdoor,https://www.tfrrs.org/results/55278/3508268/2018_Pac-12_Track__Field_Championships/Long-Jump,TFRRS all_performances
260,"Johnson, Alaysha",Oregon,Big Ten,100H,2018,JR-3,,,12.96,seconds,NCAA West Preliminary Round,2018-05-24,,,1.5,Outdoor,https://www.tfrrs.org/results/57100/3515432/NCAA_West_Preliminary_Round/100-Hurdles,TFRRS all_performances
261,"Johnson, Alaysha",Oregon,Big Ten,100H,2018,JR-3,,,13.05,seconds,NCAA West Preliminary Round,2018-05-24,,,1.4,Outdoor,https://www.tfrrs.org/results/57100/3515432/NCAA_West_Preliminary_Round/100-Hurdles,TFRRS all_performances
262,"Robinson, Kaylah",Oregon,Big Ten,100H,2018,FR-1,,,14.07,seconds,NCAA West Preliminary Round,2018-05-24,,,1.1,Outdoor,https://www.tfrrs.org/results/57100/3515432/NCAA_West_Preliminary_Round/100-Hurdles,TFRRS all_performances
263,"O'Connor, Kylee",Oregon,Big Ten,400H,2018,SR-4,,,59.44,seconds,NCAA West Preliminary Round,2018-05-24,,,,Outdoor,https://www.tfrrs.org/results/57100/3515416/NCAA_West_Preliminary_Round/400-Hurdles,TFRRS all_performances
264,"Anderson, Shae",Oregon,Big Ten,400m,2018,FR-1,,,52.60,seconds,NCAA West Preliminary Round,2018-05-24,,,,Outdoor,https://www.tfrrs.org/results/57100/3515431/NCAA_West_Preliminary_Round/400-Meters,TFRRS all_performances
265,"Anderson, Shae",Oregon,Big Ten,400m,2018,FR-1,,,52.92,seconds,NCAA West Preliminary Round,2018-05-24,,,,Outdoor,https://www.tfrrs.org/results/57100/3515431/NCAA_West_Preliminary_Round/400-Meters,TFRRS all_performances
266,"D'Arpino, Venessa",Oregon,Big Ten,400m,2018,JR-3,,,52.78,seconds,NCAA West Preliminary Round,2018-05-24,,,,Outdoor,https://www.tfrrs.org/results/57100/3515431/NCAA_West_Preliminary_Round/400-Meters,TFRRS all_performances
267,"D'Arpino, Venessa",Oregon,Big Ten,400m,2018,JR-3,,,53.18,seconds,NCAA West Preliminary Round,2018-05-24,,,,Outdoor,https://www.tfrrs.org/results/57100/3515431/NCAA_West_Preliminary_Round/400-Meters,TFRRS all_performances
268,"DesRosiers, Briyahna",Oregon,Big Ten,400m,2018,JR-3,,,52.06,seconds,NCAA West Preliminary Round,2018-05-24,,,,Outdoor,https://www.tfrrs.org/results/57100/3515431/NCAA_West_Preliminary_Round/400-Meters,TFRRS all_performances
269,"DesRosiers, Briyahna",Oregon,Big Ten,400m,2018,JR-3,,,52.78,seconds,NCAA West Preliminary Round,2018-05-24,,,,Outdoor,https://www.tfrrs.org/results/57100/3515431/NCAA_West_Preliminary_Round/400-Meters,TFRRS all_performances
270,"Dunmore, Makenzie",Oregon,Big Ten,400m,2018,SO-2,,,51.25,seconds,NCAA West Preliminary Round,2018-05-24,,,,Outdoor,https://www.tfrrs.org/results/57100/3515431/NCAA_West_Preliminary_Round/400-Meters,TFRRS all_performances
271,"Dunmore, Makenzie",Oregon,Big Ten,400m,2018,SO-2,,,52.04,seconds,NCAA West Preliminary Round,2018-05-24,,,,Outdoor,https://www.tfrrs.org/results/57100/3515431/NCAA_West_Preliminary_Round/400-Meters,TFRRS all_performances
272,"Waller, Hannah",Oregon,Big Ten,400m,2018,SO-2,,,51.76,seconds,NCAA West Preliminary Round,2018-05-24,,,,Outdoor,https://www.tfrrs.org/results/57100/3515431/NCAA_West_Preliminary_Round/400-Meters,TFRRS all_performances
273,"Waller, Hannah",Oregon,Big Ten,400m,2018,SO-2,,,53.37,seconds,NCAA West Preliminary Round,2018-05-24,,,,Outdoor,https://www.tfrrs.org/results/57100/3515431/NCAA_West_Preliminary_Round/400-Meters,TFRRS all_performances
274,"Foster, Rhesa",Oregon,Big Ten,Long Jump,2018,SO-2,,,6.06,m,NCAA West Preliminary Round,2018-05-24,,,1.2,Outdoor,https://www.tfrrs.org/results/57100/3515427/NCAA_West_Preliminary_Round/Long-Jump,TFRRS all_performances
275,"Johnson, Alaysha",Oregon,Big Ten,100H,2018,JR-3,,,12.70,seconds,NCAA Division I Outdoor Championships,2018-06-06,,,2.0,Outdoor,https://www.tfrrs.org/results/57114/3516387/NCAA_Division_I_Outdoor_Championships/100-Hurdles,TFRRS all_performances
276,"Johnson, Alaysha",Oregon,Big Ten,100H,2018,JR-3,,,13.22,seconds,NCAA Division I Outdoor Championships,2018-06-06,,,0.9,Outdoor,https://www.tfrrs.org/results/57114/3516387/NCAA_Division_I_Outdoor_Championships/100-Hurdles,TFRRS all_performances
277,"DesRosiers, Briyahna",Oregon,Big Ten,400m,2018,JR-3,,,52.06,seconds,NCAA Division I Outdoor Championships,2018-06-06,,,,Outdoor,https://www.tfrrs.org/results/57114/3516386/NCAA_Division_I_Outdoor_Championships/400-Meters,TFRRS all_performances
278,"DesRosiers, Briyahna",Oregon,Big Ten,400m,2018,JR-3,,,52.10,seconds,NCAA Division I Outdoor Championships,2018-06-06,,,,Outdoor,https://www.tfrrs.org/results/57114/3516386/NCAA_Division_I_Outdoor_Championships/400-Meters,TFRRS all_performances
279,"Dunmore, Makenzie",Oregon,Big Ten,400m,2018,SO-2,,,1:49.13,seconds,NCAA Division I Outdoor Championships,2018-06-06,,,,Outdoor,https://www.tfrrs.org/results/57114/3516386/NCAA_Division_I_Outdoor_Championships/400-Meters,TFRRS all_performances
280,"Dunmore, Makenzie",Oregon,Big Ten,400m,2018,SO-2,,,51.55,seconds,NCAA Division I Outdoor Championships,2018-06-06,,,,Outdoor,https://www.tfrrs.org/results/57114/3516386/NCAA_Division_I_Outdoor_Championships/400-Meters,TFRRS all_performances
281,"Waller, Hannah",Oregon,Big Ten,400m,2018,SO-2,,,52.50,seconds,NCAA Division I Outdoor Championships,2018-06-06,,,,Outdoor,https://www.tfrrs.org/results/57114/3516386/NCAA_Division_I_Outdoor_Championships/400-Meters,TFRRS all_performances
282,"Foster, Rhesa",Oregon,Big Ten,Long Jump,2018,SO-2,,,5.55,m,NCAA Division I Outdoor Championships,2018-06-06,,,-1.4,Outdoor,https://www.tfrrs.org/results/57114/3516383/NCAA_Division_I_Outdoor_Championships/Long-Jump,TFRRS all_performances
283,"Lopes, Lyndsey",USC,Big Ten,100H,2018,JR-3,,,13.85,seconds,Beach Opener,2018-03-03,,,0.6,Outdoor,https://www.tfrrs.org/results/54529/3325429/Beach_Opener/100-Hurdles,TFRRS all_performances
284,"Robinson, Shante",USC,Big Ten,100H,2018,FR-1,,,14.08,seconds,Beach Opener,2018-03-03,,,0.6,Outdoor,https://www.tfrrs.org/results/54529/3325429/Beach_Opener/100-Hurdles,TFRRS all_performances
285,"Robinson, Shante",USC,Big Ten,400H,2018,FR-1,,,1:01.71,seconds,Beach Opener,2018-03-03,,,,Outdoor,https://www.tfrrs.org/results/54529/3325456/Beach_Opener/400-Hurdles,TFRRS all_performances
286,"Gillian, Kennedy",USC,Big Ten,400m,2018,SO-2,,,55.85,seconds,Beach Opener,2018-03-03,,,,Outdoor,https://www.tfrrs.org/results/54529/3325454/Beach_Opener/400-Meters,TFRRS all_performances
287,"Richardson, Kayla",USC,Big Ten,400m,2018,SO-2,,,55.38,seconds,Beach Opener,2018-03-03,,,,Outdoor,https://www.tfrrs.org/results/54529/3325454/Beach_Opener/400-Meters,TFRRS all_performances
288,"Corrin, Courtney",USC,Big Ten,Long Jump,2018,SO-2,,,5.93,m,Beach Opener,2018-03-03,,,0.4,Outdoor,https://www.tfrrs.org/results/54529/3325439/Beach_Opener/Long-Jump,TFRRS all_performances
289,"Corrin, Courtney",USC,Big Ten,Long Jump,2018,SO-2,,,6.05,m,Beach Opener,2018-03-03,,,+0.0,Outdoor,https://www.tfrrs.org/results/54529/3325439/Beach_Opener/Long-Jump,TFRRS all_performances
290,"Corrin, Courtney",USC,Big Ten,Long Jump,2018,SO-2,,,6.06,m,Beach Opener,2018-03-03,,,+0.0,Outdoor,https://www.tfrrs.org/results/54529/3325439/Beach_Opener/Long-Jump,TFRRS all_performances
291,"Harmon-Thomas, Alexa",USC,Big Ten,Long Jump,2018,JR-3,,,5.55,m,Beach Opener,2018-03-03,,,0.7,Outdoor,https://www.tfrrs.org/results/54529/3325439/Beach_Opener/Long-Jump,TFRRS all_performances
292,"Harmon-Thomas, Alexa",USC,Big Ten,Long Jump,2018,JR-3,,,5.67,m,Beach Opener,2018-03-03,,,0.1,Outdoor,https://www.tfrrs.org/results/54529/3325439/Beach_Opener/Long-Jump,TFRRS all_performances
293,"Robinson, Shante",USC,Big Ten,400H,2018,FR-1,,,59.66,seconds,USC Trojan Invitational,2018-03-16,,,,Outdoor,https://www.tfrrs.org/results/54970/3349796/USC_Trojan_Invitational/400-Hurdles,TFRRS all_performances
294,"Hill, Deanna",USC,Big Ten,400m,2018,SR-4,,,53.26,seconds,USC Trojan Invitational,2018-03-16,,,,Outdoor,https://www.tfrrs.org/results/54970/3349788/USC_Trojan_Invitational/400-Meters,TFRRS all_performances
295,"Corrin, Courtney",USC,Big Ten,Long Jump,2018,SO-2,,,5.92,m,USC Trojan Invitational,2018-03-16,,,1.0,Outdoor,https://www.tfrrs.org/results/54970/3349814/USC_Trojan_Invitational/Long-Jump,TFRRS all_performances
296,"Corrin, Courtney",USC,Big Ten,Long Jump,2018,SO-2,,,5.95,m,USC Trojan Invitational,2018-03-16,,,0.6,Outdoor,https://www.tfrrs.org/results/54970/3349814/USC_Trojan_Invitational/Long-Jump,TFRRS all_performances
297,"Corrin, Courtney",USC,Big Ten,Long Jump,2018,SO-2,,,6.01,m,USC Trojan Invitational,2018-03-16,,,1.0,Outdoor,https://www.tfrrs.org/results/54970/3349814/USC_Trojan_Invitational/Long-Jump,TFRRS all_performances
298,"Harmon-Thomas, Alexa",USC,Big Ten,Long Jump,2018,JR-3,,,5.78,m,USC Trojan Invitational,2018-03-16,,,+0.0,Outdoor,https://www.tfrrs.org/results/54970/3349814/USC_Trojan_Invitational/Long-Jump,TFRRS all_performances
299,"Harmon-Thomas, Alexa",USC,Big Ten,Long Jump,2018,JR-3,,,5.80,m,USC Trojan Invitational,2018-03-16,,,0.2,Outdoor,https://www.tfrrs.org/results/54970/3349814/USC_Trojan_Invitational/Long-Jump,TFRRS all_performances
300,"Richards, Madisen",USC,Big Ten,Long Jump,2018,SR-4,,,5.96,m,USC Trojan Invitational,2018-03-16,,,0.5,Outdoor,https://www.tfrrs.org/results/54970/3349814/USC_Trojan_Invitational/Long-Jump,TFRRS all_performances
301,"Richards, Madisen",USC,Big Ten,Long Jump,2018,SR-4,,,6.09,m,USC Trojan Invitational,2018-03-16,,,1.5,Outdoor,https://www.tfrrs.org/results/54970/3349814/USC_Trojan_Invitational/Long-Jump,TFRRS all_performances
302,"Brissett, Chanel",USC,Big Ten,100H,2018,FR-1,,,13.07,seconds,USC Power 5 Challenge,2018-03-23,,,0.8,Outdoor,https://www.tfrrs.org/results/55249/3365648/USC_Power_5_Challenge/100-Hurdles,TFRRS all_performances
303,"Cockrell, Anna",USC,Big Ten,100H,2018,SO-2,,,13.02,seconds,USC Power 5 Challenge,2018-03-23,,,0.8,Outdoor,https://www.tfrrs.org/results/55249/3365648/USC_Power_5_Challenge/100-Hurdles,TFRRS all_performances
304,"Hall, Dior",USC,Big Ten,100H,2018,JR-3,,,13.07,seconds,USC Power 5 Challenge,2018-03-23,,,0.8,Outdoor,https://www.tfrrs.org/results/55249/3365648/USC_Power_5_Challenge/100-Hurdles,TFRRS all_performances
305,"Lopes, Lyndsey",USC,Big Ten,100H,2018,JR-3,,,13.86,seconds,USC Power 5 Challenge,2018-03-23,,,0.8,Outdoor,https://www.tfrrs.org/results/55249/3365648/USC_Power_5_Challenge/100-Hurdles,TFRRS all_performances
306,"Corrin, Courtney",USC,Big Ten,Long Jump,2018,SO-2,,,5.80,m,USC Power 5 Challenge,2018-03-23,,,0.8,Outdoor,https://www.tfrrs.org/results/55249/3365642/USC_Power_5_Challenge/Long-Jump,TFRRS all_performances
307,"Corrin, Courtney",USC,Big Ten,Long Jump,2018,SO-2,,,5.84,m,USC Power 5 Challenge,2018-03-23,,,+0.0,Outdoor,https://www.tfrrs.org/results/55249/3365642/USC_Power_5_Challenge/Long-Jump,TFRRS all_performances
308,"Corrin, Courtney",USC,Big Ten,Long Jump,2018,SO-2,,,6.03,m,USC Power 5 Challenge,2018-03-23,,,+0.0,Outdoor,https://www.tfrrs.org/results/55249/3365642/USC_Power_5_Challenge/Long-Jump,TFRRS all_performances
309,"Corrin, Courtney",USC,Big Ten,Long Jump,2018,SO-2,,,6.07,m,USC Power 5 Challenge,2018-03-23,,,0.9,Outdoor,https://www.tfrrs.org/results/55249/3365642/USC_Power_5_Challenge/Long-Jump,TFRRS all_performances
310,"Harmon-Thomas, Alexa",USC,Big Ten,Long Jump,2018,JR-3,,,5.49,m,USC Power 5 Challenge,2018-03-23,,,-1.6,Outdoor,https://www.tfrrs.org/results/55249/3365642/USC_Power_5_Challenge/Long-Jump,TFRRS all_performances
311,"Harmon-Thomas, Alexa",USC,Big Ten,Long Jump,2018,JR-3,,,5.68,m,USC Power 5 Challenge,2018-03-23,,,+0.0,Outdoor,https://www.tfrrs.org/results/55249/3365642/USC_Power_5_Challenge/Long-Jump,TFRRS all_performances
312,"Harmon-Thomas, Alexa",USC,Big Ten,Long Jump,2018,JR-3,,,5.75,m,USC Power 5 Challenge,2018-03-23,,,+0.0,Outdoor,https://www.tfrrs.org/results/55249/3365642/USC_Power_5_Challenge/Long-Jump,TFRRS all_performances
313,"Lopes, Lyndsey",USC,Big Ten,Long Jump,2018,JR-3,,,5.83,m,USC Power 5 Challenge,2018-03-23,,,0.9,Outdoor,https://www.tfrrs.org/results/55249/3365642/USC_Power_5_Challenge/Long-Jump,TFRRS all_performances
314,"Lopes, Lyndsey",USC,Big Ten,Long Jump,2018,JR-3,,,5.87,m,USC Power 5 Challenge,2018-03-23,,,0.4,Outdoor,https://www.tfrrs.org/results/55249/3365642/USC_Power_5_Challenge/Long-Jump,TFRRS all_performances
315,"Lopes, Lyndsey",USC,Big Ten,Long Jump,2018,JR-3,,,6.04,m,USC Power 5 Challenge,2018-03-23,,,0.4,Outdoor,https://www.tfrrs.org/results/55249/3365642/USC_Power_5_Challenge/Long-Jump,TFRRS all_performances
316,"Brissett, Chanel",USC,Big Ten,100H,2018,FR-1,,,13.22,seconds,39th Sun Angel Classic,2018-04-05,,,-0.9,Outdoor,https://www.tfrrs.org/results/55897/3405737/39th_Sun_Angel_Classic/100-Hurdles,TFRRS all_performances
317,"Cockrell, Anna",USC,Big Ten,100H,2018,SO-2,,,12.89,seconds,39th Sun Angel Classic,2018-04-05,,,-0.9,Outdoor,https://www.tfrrs.org/results/55897/3405737/39th_Sun_Angel_Classic/100-Hurdles,TFRRS all_performances
318,"Hall, Dior",USC,Big Ten,100H,2018,JR-3,,,13.02,seconds,39th Sun Angel Classic,2018-04-05,,,-0.9,Outdoor,https://www.tfrrs.org/results/55897/3405737/39th_Sun_Angel_Classic/100-Hurdles,TFRRS all_performances
319,"McGlaston, Mecca",USC,Big Ten,100H,2018,SO-2,,,13.58,seconds,39th Sun Angel Classic,2018-04-05,,,-1.2,Outdoor,https://www.tfrrs.org/results/55897/3405737/39th_Sun_Angel_Classic/100-Hurdles,TFRRS all_performances
320,"Cockrell, Anna",USC,Big Ten,400H,2018,SO-2,,,58.30,seconds,39th Sun Angel Classic,2018-04-05,,,,Outdoor,https://www.tfrrs.org/results/55897/3405791/39th_Sun_Angel_Classic/400-Hurdles,TFRRS all_performances
321,"Robinson, Shante",USC,Big Ten,400H,2018,FR-1,,,1:00.21,seconds,39th Sun Angel Classic,2018-04-05,,,,Outdoor,https://www.tfrrs.org/results/55897/3405791/39th_Sun_Angel_Classic/400-Hurdles,TFRRS all_performances
322,"Constantine, Kyra",USC,Big Ten,400m,2018,SO-2,,,52.73,seconds,39th Sun Angel Classic,2018-04-05,,,,Outdoor,https://www.tfrrs.org/results/55897/3405741/39th_Sun_Angel_Classic/400-Meters,TFRRS all_performances
323,"Gillian, Kennedy",USC,Big Ten,400m,2018,SO-2,,,55.51,seconds,39th Sun Angel Classic,2018-04-05,,,,Outdoor,https://www.tfrrs.org/results/55897/3405735/39th_Sun_Angel_Classic/400-Meters,TFRRS all_performances
324,"Richardson, Kayla",USC,Big Ten,400m,2018,SO-2,,,54.31,seconds,39th Sun Angel Classic,2018-04-05,,,,Outdoor,https://www.tfrrs.org/results/55897/3405735/39th_Sun_Angel_Classic/400-Meters,TFRRS all_performances
325,"Roberts, Kaelin",USC,Big Ten,400m,2018,FR-1,,,52.73,seconds,39th Sun Angel Classic,2018-04-05,,,,Outdoor,https://www.tfrrs.org/results/55897/3405741/39th_Sun_Angel_Classic/400-Meters,TFRRS all_performances
326,"Corrin, Courtney",USC,Big Ten,Long Jump,2018,SO-2,,,5.86,m,39th Sun Angel Classic,2018-04-05,,,+0.0,Outdoor,https://www.tfrrs.org/results/55897/3405715/39th_Sun_Angel_Classic/Long-Jump,TFRRS all_performances
327,"Corrin, Courtney",USC,Big Ten,Long Jump,2018,SO-2,,,5.97,m,39th Sun Angel Classic,2018-04-05,,,+0.0,Outdoor,https://www.tfrrs.org/results/55897/3405715/39th_Sun_Angel_Classic/Long-Jump,TFRRS all_performances
328,"Corrin, Courtney",USC,Big Ten,Long Jump,2018,SO-2,,,6.03,m,39th Sun Angel Classic,2018-04-05,,,0.4,Outdoor,https://www.tfrrs.org/results/55897/3405715/39th_Sun_Angel_Classic/Long-Jump,TFRRS all_performances
329,"Corrin, Courtney",USC,Big Ten,Long Jump,2018,SO-2,,,6.14,m,39th Sun Angel Classic,2018-04-05,,,-1.7,Outdoor,https://www.tfrrs.org/results/55897/3405715/39th_Sun_Angel_Classic/Long-Jump,TFRRS all_performances
330,"Corrin, Courtney",USC,Big Ten,Long Jump,2018,SO-2,,,6.18,m,39th Sun Angel Classic,2018-04-05,,,+0.0,Outdoor,https://www.tfrrs.org/results/55897/3405715/39th_Sun_Angel_Classic/Long-Jump,TFRRS all_performances
331,"Richards, Madisen",USC,Big Ten,Long Jump,2018,SR-4,,,5.79,m,39th Sun Angel Classic,2018-04-05,,,-1.2,Outdoor,https://www.tfrrs.org/results/55897/3405715/39th_Sun_Angel_Classic/Long-Jump,TFRRS all_performances
332,"Richards, Madisen",USC,Big Ten,Long Jump,2018,SR-4,,,5.85,m,39th Sun Angel Classic,2018-04-05,,,-0.3,Outdoor,https://www.tfrrs.org/results/55897/3405715/39th_Sun_Angel_Classic/Long-Jump,TFRRS all_performances
333,"Richards, Madisen",USC,Big Ten,Long Jump,2018,SR-4,,,6.03,m,39th Sun Angel Classic,2018-04-05,,,0.9,Outdoor,https://www.tfrrs.org/results/55897/3405715/39th_Sun_Angel_Classic/Long-Jump,TFRRS all_performances
334,"Richards, Madisen",USC,Big Ten,Long Jump,2018,SR-4,,,6.10,m,39th Sun Angel Classic,2018-04-05,,,1.2,Outdoor,https://www.tfrrs.org/results/55897/3405715/39th_Sun_Angel_Classic/Long-Jump,TFRRS all_performances
335,"Lopes, Lyndsey",USC,Big Ten,100H,2018,JR-3,,,13.58,seconds,SAM ADAMS COMBINED EVENTS INVITATIONAL,2018-04-06,,,0.3,Outdoor,https://www.tfrrs.org/results/53879/3404664/SAM_ADAMS_COMBINED_EVENTS_INVITATIONAL/100-Hurdles,TFRRS all_performances
336,"Lopes, Lyndsey",USC,Big Ten,Long Jump,2018,JR-3,,,5.43,m,SAM ADAMS COMBINED EVENTS INVITATIONAL,2018-04-06,,,0.4,Outdoor,https://www.tfrrs.org/results/53879/3406004/SAM_ADAMS_COMBINED_EVENTS_INVITATIONAL/Long-Jump,TFRRS all_performances
337,"Brissett, Chanel",USC,Big Ten,100H,2018,FR-1,,,12.94,seconds,Mt. SAC Relays,2018-04-19,,,1.9,Outdoor,https://www.tfrrs.org/results/56509/3454498/Mt_SAC_Relays/100-Hurdles,TFRRS all_performances
338,"Cockrell, Anna",USC,Big Ten,100H,2018,SO-2,,,12.89,seconds,Mt. SAC Relays,2018-04-19,,,1.5,Outdoor,https://www.tfrrs.org/results/56509/3454498/Mt_SAC_Relays/100-Hurdles,TFRRS all_performances
339,"Hall, Dior",USC,Big Ten,100H,2018,JR-3,,,12.85,seconds,Mt. SAC Relays,2018-04-19,,,1.5,Outdoor,https://www.tfrrs.org/results/56509/3454498/Mt_SAC_Relays/100-Hurdles,TFRRS all_performances
340,"Lopes, Lyndsey",USC,Big Ten,100H,2018,JR-3,,,13.65,seconds,Mt. SAC Relays,2018-04-19,,,1.5,Outdoor,https://www.tfrrs.org/results/56509/3454456/Mt_SAC_Relays/100-Hurdles,TFRRS all_performances
341,"McGlaston, Mecca",USC,Big Ten,100H,2018,SO-2,,,13.52,seconds,Mt. SAC Relays,2018-04-19,,,0.4,Outdoor,https://www.tfrrs.org/results/56509/3454456/Mt_SAC_Relays/100-Hurdles,TFRRS all_performances
342,"Cockrell, Anna",USC,Big Ten,400H,2018,SO-2,,,56.66,seconds,Mt. SAC Relays,2018-04-19,,,,Outdoor,https://www.tfrrs.org/results/56509/3454480/Mt_SAC_Relays/400-Hurdles,TFRRS all_performances
343,"Robinson, Shante",USC,Big Ten,400H,2018,FR-1,,,58.61,seconds,Mt. SAC Relays,2018-04-19,,,,Outdoor,https://www.tfrrs.org/results/56509/3454480/Mt_SAC_Relays/400-Hurdles,TFRRS all_performances
344,"Ellis, Kendall",USC,Big Ten,400m,2018,SR-4,,,51.43,seconds,Mt. SAC Relays,2018-04-19,,,,Outdoor,https://www.tfrrs.org/results/56509/3454554/Mt_SAC_Relays/400-Meters,TFRRS all_performances
345,"Richardson, Kayla",USC,Big Ten,400m,2018,SO-2,,,54.46,seconds,Mt. SAC Relays,2018-04-19,,,,Outdoor,https://www.tfrrs.org/results/56509/3454434/Mt_SAC_Relays/400-Meters,TFRRS all_performances
346,"Roberts, Kaelin",USC,Big Ten,400m,2018,FR-1,,,51.99,seconds,Mt. SAC Relays,2018-04-19,,,,Outdoor,https://www.tfrrs.org/results/56509/3454554/Mt_SAC_Relays/400-Meters,TFRRS all_performances
347,"Corrin, Courtney",USC,Big Ten,Long Jump,2018,SO-2,,,6.14,m,Beach Invitational,2018-04-20,,,1.1,Outdoor,https://www.tfrrs.org/results/56487/3458675/Beach_Invitational/Long-Jump,TFRRS all_performances
348,"Corrin, Courtney",USC,Big Ten,Long Jump,2018,SO-2,,,6.33,m,Beach Invitational,2018-04-20,,,1.3,Outdoor,https://www.tfrrs.org/results/56487/3458675/Beach_Invitational/Long-Jump,TFRRS all_performances
349,"Corrin, Courtney",USC,Big Ten,Long Jump,2018,SO-2,,,6.46,m,Beach Invitational,2018-04-20,,,0.3,Outdoor,https://www.tfrrs.org/results/56487/3458675/Beach_Invitational/Long-Jump,TFRRS all_performances
350,"Harmon-Thomas, Alexa",USC,Big Ten,Long Jump,2018,JR-3,,,4.43,m,Beach Invitational,2018-04-20,,,-0.3,Outdoor,https://www.tfrrs.org/results/56487/3458675/Beach_Invitational/Long-Jump,TFRRS all_performances
351,"Richards, Madisen",USC,Big Ten,Long Jump,2018,SR-4,,,6.23,m,Beach Invitational,2018-04-20,,,1.1,Outdoor,https://www.tfrrs.org/results/56487/3458675/Beach_Invitational/Long-Jump,TFRRS all_performances
352,"Richards, Madisen",USC,Big Ten,Long Jump,2018,SR-4,,,6.24,m,Beach Invitational,2018-04-20,,,0.6,Outdoor,https://www.tfrrs.org/results/56487/3458675/Beach_Invitational/Long-Jump,TFRRS all_performances
353,"Richards, Madisen",USC,Big Ten,Long Jump,2018,SR-4,,,6.26,m,Beach Invitational,2018-04-20,,,0.3,Outdoor,https://www.tfrrs.org/results/56487/3458675/Beach_Invitational/Long-Jump,TFRRS all_performances
354,"Brissett, Chanel",USC,Big Ten,100H,2018,FR-1,,,13.34,seconds,UCLA vs. USC Dual,2018-04-29,,,-2.4,Outdoor,https://www.tfrrs.org/results/56382/3479603/UCLA_vs_USC_Dual/100-Hurdles,TFRRS all_performances
355,"Hall, Dior",USC,Big Ten,100H,2018,JR-3,,,13.11,seconds,UCLA vs. USC Dual,2018-04-29,,,-2.4,Outdoor,https://www.tfrrs.org/results/56382/3479603/UCLA_vs_USC_Dual/100-Hurdles,TFRRS all_performances
356,"McGlaston, Mecca",USC,Big Ten,100H,2018,SO-2,,,13.32,seconds,UCLA vs. USC Dual,2018-04-29,,,-2.4,Outdoor,https://www.tfrrs.org/results/56382/3479603/UCLA_vs_USC_Dual/100-Hurdles,TFRRS all_performances
357,"Cockrell, Anna",USC,Big Ten,400H,2018,SO-2,,,56.24,seconds,UCLA vs. USC Dual,2018-04-29,,,,Outdoor,https://www.tfrrs.org/results/56382/3479630/UCLA_vs_USC_Dual/400-Hurdles,TFRRS all_performances
358,"McGlaston, Mecca",USC,Big Ten,400H,2018,SO-2,,,1:00.95,seconds,UCLA vs. USC Dual,2018-04-29,,,,Outdoor,https://www.tfrrs.org/results/56382/3479630/UCLA_vs_USC_Dual/400-Hurdles,TFRRS all_performances
359,"Robinson, Shante",USC,Big Ten,400H,2018,FR-1,,,59.31,seconds,UCLA vs. USC Dual,2018-04-29,,,,Outdoor,https://www.tfrrs.org/results/56382/3479630/UCLA_vs_USC_Dual/400-Hurdles,TFRRS all_performances
360,"Ellis, Kendall",USC,Big Ten,400m,2018,SR-4,,,51.72,seconds,UCLA vs. USC Dual,2018-04-29,,,,Outdoor,https://www.tfrrs.org/results/56382/3479628/UCLA_vs_USC_Dual/400-Meters,TFRRS all_performances
361,"Richardson, Kayla",USC,Big Ten,400m,2018,SO-2,,,55.13,seconds,UCLA vs. USC Dual,2018-04-29,,,,Outdoor,https://www.tfrrs.org/results/56382/3479628/UCLA_vs_USC_Dual/400-Meters,TFRRS all_performances
362,"Roberts, Kaelin",USC,Big Ten,400m,2018,FR-1,,,54.47,seconds,UCLA vs. USC Dual,2018-04-29,,,,Outdoor,https://www.tfrrs.org/results/56382/3479628/UCLA_vs_USC_Dual/400-Meters,TFRRS all_performances
363,"Corrin, Courtney",USC,Big Ten,Long Jump,2018,SO-2,,,5.97,m,UCLA vs. USC Dual,2018-04-29,,,1.3,Outdoor,https://www.tfrrs.org/results/56382/3479612/UCLA_vs_USC_Dual/Long-Jump,TFRRS all_performances
364,"Corrin, Courtney",USC,Big Ten,Long Jump,2018,SO-2,,,6.18,m,UCLA vs. USC Dual,2018-04-29,,,+0.0,Outdoor,https://www.tfrrs.org/results/56382/3479612/UCLA_vs_USC_Dual/Long-Jump,TFRRS all_performances
365,"Corrin, Courtney",USC,Big Ten,Long Jump,2018,SO-2,,,6.28,m,UCLA vs. USC Dual,2018-04-29,,,0.2,Outdoor,https://www.tfrrs.org/results/56382/3479612/UCLA_vs_USC_Dual/Long-Jump,TFRRS all_performances
366,"Corrin, Courtney",USC,Big Ten,Long Jump,2018,SO-2,,,6.34,m,UCLA vs. USC Dual,2018-04-29,,,0.3,Outdoor,https://www.tfrrs.org/results/56382/3479612/UCLA_vs_USC_Dual/Long-Jump,TFRRS all_performances
367,"Harmon-Thomas, Alexa",USC,Big Ten,Long Jump,2018,JR-3,,,5.63,m,UCLA vs. USC Dual,2018-04-29,,,0.4,Outdoor,https://www.tfrrs.org/results/56382/3479612/UCLA_vs_USC_Dual/Long-Jump,TFRRS all_performances
368,"Harmon-Thomas, Alexa",USC,Big Ten,Long Jump,2018,JR-3,,,5.74,m,UCLA vs. USC Dual,2018-04-29,,,0.2,Outdoor,https://www.tfrrs.org/results/56382/3479612/UCLA_vs_USC_Dual/Long-Jump,TFRRS all_performances
369,"Jones, Margaux",USC,Big Ten,Long Jump,2018,JR-3,,,5.90,m,UCLA vs. USC Dual,2018-04-29,,,1.1,Outdoor,https://www.tfrrs.org/results/56382/3479612/UCLA_vs_USC_Dual/Long-Jump,TFRRS all_performances
370,"Lopes, Lyndsey",USC,Big Ten,Long Jump,2018,JR-3,,,5.57,m,UCLA vs. USC Dual,2018-04-29,,,0.3,Outdoor,https://www.tfrrs.org/results/56382/3479612/UCLA_vs_USC_Dual/Long-Jump,TFRRS all_performances
371,"Lopes, Lyndsey",USC,Big Ten,Long Jump,2018,JR-3,,,5.58,m,UCLA vs. USC Dual,2018-04-29,,,0.4,Outdoor,https://www.tfrrs.org/results/56382/3479612/UCLA_vs_USC_Dual/Long-Jump,TFRRS all_performances
372,"Lopes, Lyndsey",USC,Big Ten,Long Jump,2018,JR-3,,,5.92,m,UCLA vs. USC Dual,2018-04-29,,,0.1,Outdoor,https://www.tfrrs.org/results/56382/3479612/UCLA_vs_USC_Dual/Long-Jump,TFRRS all_performances
373,"Lopes, Lyndsey",USC,Big Ten,Long Jump,2018,JR-3,,,5.97,m,UCLA vs. USC Dual,2018-04-29,,,1.2,Outdoor,https://www.tfrrs.org/results/56382/3479612/UCLA_vs_USC_Dual/Long-Jump,TFRRS all_performances
374,"Richards, Madisen",USC,Big Ten,Long Jump,2018,SR-4,,,6.13,m,UCLA vs. USC Dual,2018-04-29,,,0.3,Outdoor,https://www.tfrrs.org/results/56382/3479612/UCLA_vs_USC_Dual/Long-Jump,TFRRS all_performances
375,"Richards, Madisen",USC,Big Ten,Long Jump,2018,SR-4,,,6.18,m,UCLA vs. USC Dual,2018-04-29,,,+0.0,Outdoor,https://www.tfrrs.org/results/56382/3479612/UCLA_vs_USC_Dual/Long-Jump,TFRRS all_performances
376,"Richards, Madisen",USC,Big Ten,Long Jump,2018,SR-4,,,6.34,m,UCLA vs. USC Dual,2018-04-29,,,+0.0,Outdoor,https://www.tfrrs.org/results/56382/3479612/UCLA_vs_USC_Dual/Long-Jump,TFRRS all_performances
377,"Lopes, Lyndsey",USC,Big Ten,100H,2018,JR-3,,,13.63,seconds,Pac-12 Combined Events Championships,2018-05-05,,,0.8,Outdoor,https://www.tfrrs.org/results/55279/3496639/Pac-12_Combined_Events_Championships/100-Hurdles,TFRRS all_performances
378,"Lopes, Lyndsey",USC,Big Ten,Long Jump,2018,JR-3,,,5.62,m,Pac-12 Combined Events Championships,2018-05-05,,,2.0,Outdoor,https://www.tfrrs.org/results/55279/3496643/Pac-12_Combined_Events_Championships/Long-Jump,TFRRS all_performances
379,"Lopes, Lyndsey",USC,Big Ten,Long Jump,2018,JR-3,,,5.73,m,Pac-12 Combined Events Championships,2018-05-05,,,1.0,Outdoor,https://www.tfrrs.org/results/55279/3496643/Pac-12_Combined_Events_Championships/Long-Jump,TFRRS all_performances
380,"Brissett, Chanel",USC,Big Ten,100H,2018,FR-1,,,12.75,seconds,2018 Pac-12 Track & Field Championships,2018-05-12,,,1.7,Outdoor,https://www.tfrrs.org/results/55278/3508259/2018_Pac-12_Track__Field_Championships/100-Hurdles,TFRRS all_performances
381,"Cockrell, Anna",USC,Big Ten,100H,2018,SO-2,,,12.88,seconds,2018 Pac-12 Track & Field Championships,2018-05-12,,,1.7,Outdoor,https://www.tfrrs.org/results/55278/3508259/2018_Pac-12_Track__Field_Championships/100-Hurdles,TFRRS all_performances
382,"Hall, Dior",USC,Big Ten,100H,2018,JR-3,,,12.83,seconds,2018 Pac-12 Track & Field Championships,2018-05-12,,,1.7,Outdoor,https://www.tfrrs.org/results/55278/3508259/2018_Pac-12_Track__Field_Championships/100-Hurdles,TFRRS all_performances
383,"Lopes, Lyndsey",USC,Big Ten,100H,2018,JR-3,,,13.49,seconds,2018 Pac-12 Track & Field Championships,2018-05-12,,,1.7,Outdoor,https://www.tfrrs.org/results/55278/3508259/2018_Pac-12_Track__Field_Championships/100-Hurdles,TFRRS all_performances
384,"Lopes, Lyndsey",USC,Big Ten,100H,2018,JR-3,,,13.63,seconds,2018 Pac-12 Track & Field Championships,2018-05-12,,,0.8,Outdoor,https://www.tfrrs.org/results/55278/3508264/2018_Pac-12_Track__Field_Championships/100-Hurdles,TFRRS all_performances
385,"McGlaston, Mecca",USC,Big Ten,100H,2018,SO-2,,,13.06,seconds,2018 Pac-12 Track & Field Championships,2018-05-12,,,1.7,Outdoor,https://www.tfrrs.org/results/55278/3508259/2018_Pac-12_Track__Field_Championships/100-Hurdles,TFRRS all_performances
386,"Cockrell, Anna",USC,Big Ten,400H,2018,SO-2,,,56.47,seconds,2018 Pac-12 Track & Field Championships,2018-05-12,,,,Outdoor,https://www.tfrrs.org/results/55278/3508236/2018_Pac-12_Track__Field_Championships/400-Hurdles,TFRRS all_performances
387,"Cockrell, Anna",USC,Big Ten,400H,2018,SO-2,,,58.01,seconds,2018 Pac-12 Track & Field Championships,2018-05-12,,,,Outdoor,https://www.tfrrs.org/results/55278/3508236/2018_Pac-12_Track__Field_Championships/400-Hurdles,TFRRS all_performances
388,"Robinson, Shante",USC,Big Ten,400H,2018,FR-1,,,59.34,seconds,2018 Pac-12 Track & Field Championships,2018-05-12,,,,Outdoor,https://www.tfrrs.org/results/55278/3508236/2018_Pac-12_Track__Field_Championships/400-Hurdles,TFRRS all_performances
389,"Robinson, Shante",USC,Big Ten,400H,2018,FR-1,,,59.36,seconds,2018 Pac-12 Track & Field Championships,2018-05-12,,,,Outdoor,https://www.tfrrs.org/results/55278/3508236/2018_Pac-12_Track__Field_Championships/400-Hurdles,TFRRS all_performances
390,"Constantine, Kyra",USC,Big Ten,400m,2018,SO-2,,,52.59,seconds,2018 Pac-12 Track & Field Championships,2018-05-12,,,,Outdoor,https://www.tfrrs.org/results/55278/3508258/2018_Pac-12_Track__Field_Championships/400-Meters,TFRRS all_performances
391,"Constantine, Kyra",USC,Big Ten,400m,2018,SO-2,,,53.83,seconds,2018 Pac-12 Track & Field Championships,2018-05-12,,,,Outdoor,https://www.tfrrs.org/results/55278/3508258/2018_Pac-12_Track__Field_Championships/400-Meters,TFRRS all_performances
392,"Ellis, Kendall",USC,Big Ten,400m,2018,SR-4,,,49.99,seconds,2018 Pac-12 Track & Field Championships,2018-05-12,,,,Outdoor,https://www.tfrrs.org/results/55278/3508258/2018_Pac-12_Track__Field_Championships/400-Meters,TFRRS all_performances
393,"Ellis, Kendall",USC,Big Ten,400m,2018,SR-4,,,51.50,seconds,2018 Pac-12 Track & Field Championships,2018-05-12,,,,Outdoor,https://www.tfrrs.org/results/55278/3508258/2018_Pac-12_Track__Field_Championships/400-Meters,TFRRS all_performances
394,"Gillian, Kennedy",USC,Big Ten,400m,2018,SO-2,,,55.67,seconds,2018 Pac-12 Track & Field Championships,2018-05-12,,,,Outdoor,https://www.tfrrs.org/results/55278/3508258/2018_Pac-12_Track__Field_Championships/400-Meters,TFRRS all_performances
395,"Roberts, Kaelin",USC,Big Ten,400m,2018,FR-1,,,51.33,seconds,2018 Pac-12 Track & Field Championships,2018-05-12,,,,Outdoor,https://www.tfrrs.org/results/55278/3508258/2018_Pac-12_Track__Field_Championships/400-Meters,TFRRS all_performances
396,"Roberts, Kaelin",USC,Big Ten,400m,2018,FR-1,,,52.39,seconds,2018 Pac-12 Track & Field Championships,2018-05-12,,,,Outdoor,https://www.tfrrs.org/results/55278/3508258/2018_Pac-12_Track__Field_Championships/400-Meters,TFRRS all_performances
397,"Corrin, Courtney",USC,Big Ten,Long Jump,2018,SO-2,,,6.26,m,2018 Pac-12 Track & Field Championships,2018-05-12,,,1.2,Outdoor,https://www.tfrrs.org/results/55278/3508269/2018_Pac-12_Track__Field_Championships/Long-Jump,TFRRS all_performances
398,"Corrin, Courtney",USC,Big Ten,Long Jump,2018,SO-2,,,6.27,m,2018 Pac-12 Track & Field Championships,2018-05-12,,,0.9,Outdoor,https://www.tfrrs.org/results/55278/3508269/2018_Pac-12_Track__Field_Championships/Long-Jump,TFRRS all_performances
399,"Corrin, Courtney",USC,Big Ten,Long Jump,2018,SO-2,,,6.39,m,2018 Pac-12 Track & Field Championships,2018-05-12,,,2.0,Outdoor,https://www.tfrrs.org/results/55278/3508269/2018_Pac-12_Track__Field_Championships/Long-Jump,TFRRS all_performances
400,"Lopes, Lyndsey",USC,Big Ten,Long Jump,2018,JR-3,,,5.62,m,2018 Pac-12 Track & Field Championships,2018-05-12,,,2.0,Outdoor,https://www.tfrrs.org/results/55278/3508268/2018_Pac-12_Track__Field_Championships/Long-Jump,TFRRS all_performances
401,"Lopes, Lyndsey",USC,Big Ten,Long Jump,2018,JR-3,,,5.73,m,2018 Pac-12 Track & Field Championships,2018-05-12,,,1.0,Outdoor,https://www.tfrrs.org/results/55278/3508268/2018_Pac-12_Track__Field_Championships/Long-Jump,TFRRS all_performances
402,"Lopes, Lyndsey",USC,Big Ten,Long Jump,2018,JR-3,,,5.75,m,2018 Pac-12 Track & Field Championships,2018-05-12,,,1.4,Outdoor,https://www.tfrrs.org/results/55278/3508269/2018_Pac-12_Track__Field_Championships/Long-Jump,TFRRS all_performances
403,"Lopes, Lyndsey",USC,Big Ten,Long Jump,2018,JR-3,,,5.92,m,2018 Pac-12 Track & Field Championships,2018-05-12,,,1.8,Outdoor,https://www.tfrrs.org/results/55278/3508269/2018_Pac-12_Track__Field_Championships/Long-Jump,TFRRS all_performances
404,"Richards, Madisen",USC,Big Ten,Long Jump,2018,SR-4,,,6.34,m,2018 Pac-12 Track & Field Championships,2018-05-12,,,1.9,Outdoor,https://www.tfrrs.org/results/55278/3508269/2018_Pac-12_Track__Field_Championships/Long-Jump,TFRRS all_performances
405,"Brissett, Chanel",USC,Big Ten,100H,2018,FR-1,,,12.86,seconds,NCAA West Preliminary Round,2018-05-24,,,1.5,Outdoor,https://www.tfrrs.org/results/57100/3515432/NCAA_West_Preliminary_Round/100-Hurdles,TFRRS all_performances
406,"Brissett, Chanel",USC,Big Ten,100H,2018,FR-1,,,13.08,seconds,NCAA West Preliminary Round,2018-05-24,,,0.4,Outdoor,https://www.tfrrs.org/results/57100/3515432/NCAA_West_Preliminary_Round/100-Hurdles,TFRRS all_performances
407,"Cockrell, Anna",USC,Big Ten,100H,2018,SO-2,,,13.05,seconds,NCAA West Preliminary Round,2018-05-24,,,+0.0,Outdoor,https://www.tfrrs.org/results/57100/3515432/NCAA_West_Preliminary_Round/100-Hurdles,TFRRS all_performances
408,"Hall, Dior",USC,Big Ten,100H,2018,JR-3,,,13.03,seconds,NCAA West Preliminary Round,2018-05-24,,,+0.0,Outdoor,https://www.tfrrs.org/results/57100/3515432/NCAA_West_Preliminary_Round/100-Hurdles,TFRRS all_performances
409,"Lopes, Lyndsey",USC,Big Ten,100H,2018,JR-3,,,13.65,seconds,NCAA West Preliminary Round,2018-05-24,,,1.1,Outdoor,https://www.tfrrs.org/results/57100/3515432/NCAA_West_Preliminary_Round/100-Hurdles,TFRRS all_performances
410,"McGlaston, Mecca",USC,Big Ten,100H,2018,SO-2,,,13.28,seconds,NCAA West Preliminary Round,2018-05-24,,,1.4,Outdoor,https://www.tfrrs.org/results/57100/3515432/NCAA_West_Preliminary_Round/100-Hurdles,TFRRS all_performances
411,"Cockrell, Anna",USC,Big Ten,400H,2018,SO-2,,,56.29,seconds,NCAA West Preliminary Round,2018-05-24,,,,Outdoor,https://www.tfrrs.org/results/57100/3515416/NCAA_West_Preliminary_Round/400-Hurdles,TFRRS all_performances
412,"Cockrell, Anna",USC,Big Ten,400H,2018,SO-2,,,56.87,seconds,NCAA West Preliminary Round,2018-05-24,,,,Outdoor,https://www.tfrrs.org/results/57100/3515416/NCAA_West_Preliminary_Round/400-Hurdles,TFRRS all_performances
413,"Robinson, Shante",USC,Big Ten,400H,2018,FR-1,,,58.02,seconds,NCAA West Preliminary Round,2018-05-24,,,,Outdoor,https://www.tfrrs.org/results/57100/3515416/NCAA_West_Preliminary_Round/400-Hurdles,TFRRS all_performances
414,"Robinson, Shante",USC,Big Ten,400H,2018,FR-1,,,58.23,seconds,NCAA West Preliminary Round,2018-05-24,,,,Outdoor,https://www.tfrrs.org/results/57100/3515416/NCAA_West_Preliminary_Round/400-Hurdles,TFRRS all_performances
415,"Constantine, Kyra",USC,Big Ten,400m,2018,SO-2,,,52.58,seconds,NCAA West Preliminary Round,2018-05-24,,,,Outdoor,https://www.tfrrs.org/results/57100/3515431/NCAA_West_Preliminary_Round/400-Meters,TFRRS all_performances
416,"Constantine, Kyra",USC,Big Ten,400m,2018,SO-2,,,53.08,seconds,NCAA West Preliminary Round,2018-05-24,,,,Outdoor,https://www.tfrrs.org/results/57100/3515431/NCAA_West_Preliminary_Round/400-Meters,TFRRS all_performances
417,"Ellis, Kendall",USC,Big Ten,400m,2018,SR-4,,,51.03,seconds,NCAA West Preliminary Round,2018-05-24,,,,Outdoor,https://www.tfrrs.org/results/57100/3515431/NCAA_West_Preliminary_Round/400-Meters,TFRRS all_performances
418,"Ellis, Kendall",USC,Big Ten,400m,2018,SR-4,,,52.31,seconds,NCAA West Preliminary Round,2018-05-24,,,,Outdoor,https://www.tfrrs.org/results/57100/3515431/NCAA_West_Preliminary_Round/400-Meters,TFRRS all_performances
419,"Corrin, Courtney",USC,Big Ten,Long Jump,2018,SO-2,,,5.43,m,NCAA West Preliminary Round,2018-05-24,,,-0.2,Outdoor,https://www.tfrrs.org/results/57100/3515427/NCAA_West_Preliminary_Round/Long-Jump,TFRRS all_performances
420,"Corrin, Courtney",USC,Big Ten,Long Jump,2018,SO-2,,,5.56,m,NCAA West Preliminary Round,2018-05-24,,,1.6,Outdoor,https://www.tfrrs.org/results/57100/3515427/NCAA_West_Preliminary_Round/Long-Jump,TFRRS all_performances
421,"Corrin, Courtney",USC,Big Ten,Long Jump,2018,SO-2,,,5.70,m,NCAA West Preliminary Round,2018-05-24,,,2.0,Outdoor,https://www.tfrrs.org/results/57100/3515427/NCAA_West_Preliminary_Round/Long-Jump,TFRRS all_performances
422,"Richards, Madisen",USC,Big Ten,Long Jump,2018,SR-4,,,6.05,m,NCAA West Preliminary Round,2018-05-24,,,1.3,Outdoor,https://www.tfrrs.org/results/57100/3515427/NCAA_West_Preliminary_Round/Long-Jump,TFRRS all_performances
423,"Richards, Madisen",USC,Big Ten,Long Jump,2018,SR-4,,,6.16,m,NCAA West Preliminary Round,2018-05-24,,,0.3,Outdoor,https://www.tfrrs.org/results/57100/3515427/NCAA_West_Preliminary_Round/Long-Jump,TFRRS all_performances
424,"Brissett, Chanel",USC,Big Ten,100H,2018,FR-1,,,13.02,seconds,NCAA Division I Outdoor Championships,2018-06-06,,,1.4,Outdoor,https://www.tfrrs.org/results/57114/3516387/NCAA_Division_I_Outdoor_Championships/100-Hurdles,TFRRS all_performances
425,"Cockrell, Anna",USC,Big Ten,100H,2018,SO-2,,,12.88,seconds,NCAA Division I Outdoor Championships,2018-06-06,,,1.4,Outdoor,https://www.tfrrs.org/results/57114/3516387/NCAA_Division_I_Outdoor_Championships/100-Hurdles,TFRRS all_performances
426,"Hall, Dior",USC,Big Ten,100H,2018,JR-3,,,13.05,seconds,NCAA Division I Outdoor Championships,2018-06-06,,,1.7,Outdoor,https://www.tfrrs.org/results/57114/3516387/NCAA_Division_I_Outdoor_Championships/100-Hurdles,TFRRS all_performances
427,"Lopes, Lyndsey",USC,Big Ten,100H,2018,JR-3,,,13.48,seconds,NCAA Division I Outdoor Championships,2018-06-06,,,1.4,Outdoor,https://www.tfrrs.org/results/57114/3516790/NCAA_Division_I_Outdoor_Championships/100-Hurdles,TFRRS all_performances
428,"McGlaston, Mecca",USC,Big Ten,100H,2018,SO-2,,,12.98,seconds,NCAA Division I Outdoor Championships,2018-06-06,,,2.0,Outdoor,https://www.tfrrs.org/results/57114/3516387/NCAA_Division_I_Outdoor_Championships/100-Hurdles,TFRRS all_performances
429,"Cockrell, Anna",USC,Big Ten,400H,2018,SO-2,,,55.71,seconds,NCAA Division I Outdoor Championships,2018-06-06,,,,Outdoor,https://www.tfrrs.org/results/57114/3516374/NCAA_Division_I_Outdoor_Championships/400-Hurdles,TFRRS all_performances
430,"Cockrell, Anna",USC,Big Ten,400H,2018,SO-2,,,56.07,seconds,NCAA Division I Outdoor Championships,2018-06-06,,,,Outdoor,https://www.tfrrs.org/results/57114/3516374/NCAA_Division_I_Outdoor_Championships/400-Hurdles,TFRRS all_performances
431,"Robinson, Shante",USC,Big Ten,400H,2018,FR-1,,,58.24,seconds,NCAA Division I Outdoor Championships,2018-06-06,,,,Outdoor,https://www.tfrrs.org/results/57114/3516374/NCAA_Division_I_Outdoor_Championships/400-Hurdles,TFRRS all_performances
432,"Constantine, Kyra",USC,Big Ten,400m,2018,SO-2,,,53.18,seconds,NCAA Division I Outdoor Championships,2018-06-06,,,,Outdoor,https://www.tfrrs.org/results/57114/3516386/NCAA_Division_I_Outdoor_Championships/400-Meters,TFRRS all_performances
433,"Ellis, Kendall",USC,Big Ten,400m,2018,SR-4,,,50.19,seconds,NCAA Division I Outdoor Championships,2018-06-06,,,,Outdoor,https://www.tfrrs.org/results/57114/3516386/NCAA_Division_I_Outdoor_Championships/400-Meters,TFRRS all_performances
434,"Ellis, Kendall",USC,Big Ten,400m,2018,SR-4,,,51.38,seconds,NCAA Division I Outdoor Championships,2018-06-06,,,,Outdoor,https://www.tfrrs.org/results/57114/3516386/NCAA_Division_I_Outdoor_Championships/400-Meters,TFRRS all_performances
435,"Lopes, Lyndsey",USC,Big Ten,Long Jump,2018,JR-3,,,5.30,m,NCAA Division I Outdoor Championships,2018-06-06,,,-2.5,Outdoor,https://www.tfrrs.org/results/57114/3516794/NCAA_Division_I_Outdoor_Championships/Long-Jump,TFRRS all_performances
436,"Lopes, Lyndsey",USC,Big Ten,Long Jump,2018,JR-3,,,5.41,m,NCAA Division I Outdoor Championships,2018-06-06,,,-3.0,Outdoor,https://www.tfrrs.org/results/57114/3516794/NCAA_Division_I_Outdoor_Championships/Long-Jump,TFRRS all_performances
437,"Lopes, Lyndsey",USC,Big Ten,Long Jump,2018,JR-3,,,5.59,m,NCAA Division I Outdoor Championships,2018-06-06,,,0.1,Outdoor,https://www.tfrrs.org/results/57114/3516794/NCAA_Division_I_Outdoor_Championships/Long-Jump,TFRRS all_performances
438,"Richards, Madisen",USC,Big Ten,Long Jump,2018,SR-4,,,6.12,m,NCAA Division I Outdoor Championships,2018-06-06,,,-0.9,Outdoor,https://www.tfrrs.org/results/57114/3516383/NCAA_Division_I_Outdoor_Championships/Long-Jump,TFRRS all_performances
439,"Richards, Madisen",USC,Big Ten,Long Jump,2018,SR-4,,,6.14,m,NCAA Division I Outdoor Championships,2018-06-06,,,0.7,Outdoor,https://www.tfrrs.org/results/57114/3516383/NCAA_Division_I_Outdoor_Championships/Long-Jump,TFRRS all_performances
440,"Richards, Madisen",USC,Big Ten,Long Jump,2018,SR-4,,,6.42,m,NCAA Division I Outdoor Championships,2018-06-06,,,2.0,Outdoor,https://www.tfrrs.org/results/57114/3516383/NCAA_Division_I_Outdoor_Championships/Long-Jump,TFRRS all_performances
441,"Lester, Carly",Washington,Big Ten,400H,2018,JR-3,,,59.14,seconds,USC Trojan Invitational,2018-03-16,,,,Outdoor,https://www.tfrrs.org/results/54970/3349796/USC_Trojan_Invitational/400-Hurdles,TFRRS all_performances
442,"Mills, Darhian",Washington,Big Ten,400H,2018,SO-2,,,1:00.76,seconds,USC Trojan Invitational,2018-03-16,,,,Outdoor,https://www.tfrrs.org/results/54970/3349796/USC_Trojan_Invitational/400-Hurdles,TFRRS all_performances
443,"Tarleton, Hanna",Washington,Big Ten,400H,2018,JR-3,,,58.85,seconds,USC Trojan Invitational,2018-03-16,,,,Outdoor,https://www.tfrrs.org/results/54970/3349796/USC_Trojan_Invitational/400-Hurdles,TFRRS all_performances
444,"Birkenfeld, Carolyn",Washington,Big Ten,400m,2018,SR-4,,,55.58,seconds,USC Trojan Invitational,2018-03-16,,,,Outdoor,https://www.tfrrs.org/results/54970/3349788/USC_Trojan_Invitational/400-Meters,TFRRS all_performances
445,"Heath, Jelani",Washington,Big Ten,Long Jump,2018,FR-1,,,5.12,m,USC Trojan Invitational,2018-03-16,,,-0.5,Outdoor,https://www.tfrrs.org/results/54970/3349814/USC_Trojan_Invitational/Long-Jump,TFRRS all_performances
446,"Heath, Jelani",Washington,Big Ten,Long Jump,2018,FR-1,,,5.31,m,USC Trojan Invitational,2018-03-16,,,0.3,Outdoor,https://www.tfrrs.org/results/54970/3349814/USC_Trojan_Invitational/Long-Jump,TFRRS all_performances
447,"Heath, Jelani",Washington,Big Ten,Long Jump,2018,FR-1,,,5.45,m,USC Trojan Invitational,2018-03-16,,,0.9,Outdoor,https://www.tfrrs.org/results/54970/3349814/USC_Trojan_Invitational/Long-Jump,TFRRS all_performances
448,"Heath, Jelani",Washington,Big Ten,Long Jump,2018,FR-1,,,5.50,m,USC Trojan Invitational,2018-03-16,,,1.6,Outdoor,https://www.tfrrs.org/results/54970/3349814/USC_Trojan_Invitational/Long-Jump,TFRRS all_performances
449,"Heath, Jelani",Washington,Big Ten,Long Jump,2018,FR-1,,,5.71,m,USC Trojan Invitational,2018-03-16,,,-0.2,Outdoor,https://www.tfrrs.org/results/54970/3349814/USC_Trojan_Invitational/Long-Jump,TFRRS all_performances
450,"Rusnak, Hannah",Washington,Big Ten,Long Jump,2018,FR-1,,,4.69,m,USC Trojan Invitational,2018-03-16,,,-0.7,Outdoor,https://www.tfrrs.org/results/54970/3349814/USC_Trojan_Invitational/Long-Jump,TFRRS all_performances
451,"Rusnak, Hannah",Washington,Big Ten,Long Jump,2018,FR-1,,,5.16,m,USC Trojan Invitational,2018-03-16,,,1.3,Outdoor,https://www.tfrrs.org/results/54970/3349814/USC_Trojan_Invitational/Long-Jump,TFRRS all_performances
452,"Rusnak, Hannah",Washington,Big Ten,Long Jump,2018,FR-1,,,5.33,m,USC Trojan Invitational,2018-03-16,,,2.0,Outdoor,https://www.tfrrs.org/results/54970/3349814/USC_Trojan_Invitational/Long-Jump,TFRRS all_performances
453,"Tarleton, Hanna",Washington,Big Ten,400H,2018,JR-3,,,59.20,seconds,Home Depot Clyde Littlefield Texas Relays,2018-03-28,,,,Outdoor,https://www.tfrrs.org/results/53836/3382109/Home_Depot_Clyde_Littlefield_Texas_Relays/400-Hurdles,TFRRS all_performances
454,"Heath, Jelani",Washington,Big Ten,Long Jump,2018,FR-1,,,5.75,m,Home Depot Clyde Littlefield Texas Relays,2018-03-28,,,2.0,Outdoor,https://www.tfrrs.org/results/53836/3382094/Home_Depot_Clyde_Littlefield_Texas_Relays/Long-Jump,TFRRS all_performances
455,"Hill, Morganne",Washington,Big Ten,100H,2018,SO-2,,,14.66,seconds,Stanford Invitational,2018-03-30,,,1.3,Outdoor,https://www.tfrrs.org/results/55549/3384184/Stanford_Invitational/100-Hurdles,TFRRS all_performances
456,"Mills, Darhian",Washington,Big Ten,100H,2018,SO-2,,,14.23,seconds,Stanford Invitational,2018-03-30,,,-0.6,Outdoor,https://www.tfrrs.org/results/55549/3384184/Stanford_Invitational/100-Hurdles,TFRRS all_performances
457,"Hill, Morganne",Washington,Big Ten,400H,2018,SO-2,,,1:02.23,seconds,Stanford Invitational,2018-03-30,,,,Outdoor,https://www.tfrrs.org/results/55549/3384167/Stanford_Invitational/400-Hurdles,TFRRS all_performances
458,"Lester, Carly",Washington,Big Ten,400H,2018,JR-3,,,59.58,seconds,Stanford Invitational,2018-03-30,,,,Outdoor,https://www.tfrrs.org/results/55549/3384167/Stanford_Invitational/400-Hurdles,TFRRS all_performances
459,"Mills, Darhian",Washington,Big Ten,400H,2018,SO-2,,,1:00.31,seconds,Stanford Invitational,2018-03-30,,,,Outdoor,https://www.tfrrs.org/results/55549/3384167/Stanford_Invitational/400-Hurdles,TFRRS all_performances
460,"Hill, Morganne",Washington,Big Ten,400H,2018,SO-2,,,1:00.95,seconds,Oregon Pepsi Invitational,2018-04-07,,,,Outdoor,https://www.tfrrs.org/results/54397/3404994/Oregon_Pepsi_Invitational/400-Hurdles,TFRRS all_performances
461,"Mills, Darhian",Washington,Big Ten,400H,2018,SO-2,,,1:00.63,seconds,Oregon Pepsi Invitational,2018-04-07,,,,Outdoor,https://www.tfrrs.org/results/54397/3404994/Oregon_Pepsi_Invitational/400-Hurdles,TFRRS all_performances
462,"Tarleton, Hanna",Washington,Big Ten,400H,2018,JR-3,,,59.55,seconds,Oregon Pepsi Invitational,2018-04-07,,,,Outdoor,https://www.tfrrs.org/results/54397/3404994/Oregon_Pepsi_Invitational/400-Hurdles,TFRRS all_performances
463,"Birkenfeld, Carolyn",Washington,Big Ten,400m,2018,SR-4,,,56.43,seconds,Oregon Pepsi Invitational,2018-04-07,,,,Outdoor,https://www.tfrrs.org/results/54397/3405007/Oregon_Pepsi_Invitational/400-Meters,TFRRS all_performances
464,"Tjernagel, Raquel",Washington,Big Ten,400m,2018,JR-3,,,58.60,seconds,Oregon Pepsi Invitational,2018-04-07,,,,Outdoor,https://www.tfrrs.org/results/54397/3405007/Oregon_Pepsi_Invitational/400-Meters,TFRRS all_performances
465,"Budinich, Ericka",Washington,Big Ten,100H,2018,SR-4,,,16.63,seconds,Spokane Multi 2018,2018-04-10,,,0.2,Outdoor,https://www.tfrrs.org/results/54831/3508813/Spokane_Multi_2018/100-Hurdles,TFRRS all_performances
466,"Jones-Toutant, Elinor",Washington,Big Ten,100H,2018,SO-2,,,14.94,seconds,Spokane Multi 2018,2018-04-10,,,1.7,Outdoor,https://www.tfrrs.org/results/54831/3508813/Spokane_Multi_2018/100-Hurdles,TFRRS all_performances
467,"Budinich, Ericka",Washington,Big Ten,Long Jump,2018,SR-4,,,4.93,m,Spokane Multi 2018,2018-04-10,,,1.3,Outdoor,https://www.tfrrs.org/results/54831/3508817/Spokane_Multi_2018/Long-Jump,TFRRS all_performances
468,"Budinich, Ericka",Washington,Big Ten,Long Jump,2018,SR-4,,,5.05,m,Spokane Multi 2018,2018-04-10,,,1.1,Outdoor,https://www.tfrrs.org/results/54831/3508817/Spokane_Multi_2018/Long-Jump,TFRRS all_performances
469,"Jones-Toutant, Elinor",Washington,Big Ten,Long Jump,2018,SO-2,,,5.03,m,Spokane Multi 2018,2018-04-10,,,0.7,Outdoor,https://www.tfrrs.org/results/54831/3508817/Spokane_Multi_2018/Long-Jump,TFRRS all_performances
470,"Jones-Toutant, Elinor",Washington,Big Ten,Long Jump,2018,SO-2,,,5.04,m,Spokane Multi 2018,2018-04-10,,,1.8,Outdoor,https://www.tfrrs.org/results/54831/3508817/Spokane_Multi_2018/Long-Jump,TFRRS all_performances
471,"Jones-Toutant, Elinor",Washington,Big Ten,Long Jump,2018,SO-2,,,5.22,m,Spokane Multi 2018,2018-04-10,,,1.7,Outdoor,https://www.tfrrs.org/results/54831/3508817/Spokane_Multi_2018/Long-Jump,TFRRS all_performances
472,"Hill, Morganne",Washington,Big Ten,100H,2018,SO-2,,,14.11,seconds,Mt. SAC Relays,2018-04-19,,,1.0,Outdoor,https://www.tfrrs.org/results/56509/3454456/Mt_SAC_Relays/100-Hurdles,TFRRS all_performances
473,"Hill, Morganne",Washington,Big Ten,400H,2018,SO-2,,,1:00.81,seconds,Mt. SAC Relays,2018-04-19,,,,Outdoor,https://www.tfrrs.org/results/56509/3454427/Mt_SAC_Relays/400-Hurdles,TFRRS all_performances
474,"Lester, Carly",Washington,Big Ten,400H,2018,JR-3,,,59.40,seconds,Mt. SAC Relays,2018-04-19,,,,Outdoor,https://www.tfrrs.org/results/56509/3454480/Mt_SAC_Relays/400-Hurdles,TFRRS all_performances
475,"Mills, Darhian",Washington,Big Ten,400H,2018,SO-2,,,1:03.10,seconds,Mt. SAC Relays,2018-04-19,,,,Outdoor,https://www.tfrrs.org/results/56509/3454480/Mt_SAC_Relays/400-Hurdles,TFRRS all_performances
476,"Tarleton, Hanna",Washington,Big Ten,400H,2018,JR-3,,,58.24,seconds,Mt. SAC Relays,2018-04-19,,,,Outdoor,https://www.tfrrs.org/results/56509/3454480/Mt_SAC_Relays/400-Hurdles,TFRRS all_performances
477,"Apostol, Imani",Washington,Big Ten,400m,2018,JR-3,,,56.02,seconds,Mt. SAC Relays,2018-04-19,,,,Outdoor,https://www.tfrrs.org/results/56509/3454434/Mt_SAC_Relays/400-Meters,TFRRS all_performances
478,"Birkenfeld, Carolyn",Washington,Big Ten,400m,2018,SR-4,,,55.27,seconds,Mt. SAC Relays,2018-04-19,,,,Outdoor,https://www.tfrrs.org/results/56509/3454434/Mt_SAC_Relays/400-Meters,TFRRS all_performances
479,"Tjernagel, Raquel",Washington,Big Ten,400m,2018,JR-3,,,55.87,seconds,Mt. SAC Relays,2018-04-19,,,,Outdoor,https://www.tfrrs.org/results/56509/3454434/Mt_SAC_Relays/400-Meters,TFRRS all_performances
480,"Heath, Jelani",Washington,Big Ten,Long Jump,2018,FR-1,,,5.47,m,Mt. SAC Relays,2018-04-19,,,+0.0,Outdoor,https://www.tfrrs.org/results/56509/3454550/Mt_SAC_Relays/Long-Jump,TFRRS all_performances
481,"Heath, Jelani",Washington,Big Ten,Long Jump,2018,FR-1,,,5.57,m,Mt. SAC Relays,2018-04-19,,,0.2,Outdoor,https://www.tfrrs.org/results/56509/3454550/Mt_SAC_Relays/Long-Jump,TFRRS all_performances
482,"Hill, Morganne",Washington,Big Ten,100H,2018,SO-2,,,14.15,seconds,Beach Invitational,2018-04-20,,,1.6,Outdoor,https://www.tfrrs.org/results/56487/3458682/Beach_Invitational/100-Hurdles,TFRRS all_performances
483,"Rusnak, Hannah",Washington,Big Ten,100H,2018,FR-1,,,14.32,seconds,Beach Invitational,2018-04-20,,,0.6,Outdoor,https://www.tfrrs.org/results/56487/3458682/Beach_Invitational/100-Hurdles,TFRRS all_performances
484,"Hill, Morganne",Washington,Big Ten,100H,2018,SO-2,,,14.07,seconds,WSU-UW Dual,2018-04-28,,,-0.1,Outdoor,https://www.tfrrs.org/results/56143/3476149/WSU-UW_Dual/100-Hurdles,TFRRS all_performances
485,"Jones-Toutant, Elinor",Washington,Big Ten,100H,2018,SO-2,,,15.24,seconds,WSU-UW Dual,2018-04-28,,,-0.1,Outdoor,https://www.tfrrs.org/results/56143/3476149/WSU-UW_Dual/100-Hurdles,TFRRS all_performances
486,"Mills, Darhian",Washington,Big Ten,100H,2018,SO-2,,,14.30,seconds,WSU-UW Dual,2018-04-28,,,-0.1,Outdoor,https://www.tfrrs.org/results/56143/3476149/WSU-UW_Dual/100-Hurdles,TFRRS all_performances
487,"Rusnak, Hannah",Washington,Big Ten,100H,2018,FR-1,,,14.50,seconds,WSU-UW Dual,2018-04-28,,,-0.1,Outdoor,https://www.tfrrs.org/results/56143/3476149/WSU-UW_Dual/100-Hurdles,TFRRS all_performances
488,"Hill, Morganne",Washington,Big Ten,400H,2018,SO-2,,,59.38,seconds,WSU-UW Dual,2018-04-28,,,,Outdoor,https://www.tfrrs.org/results/56143/3476148/WSU-UW_Dual/400-Hurdles,TFRRS all_performances
489,"Lester, Carly",Washington,Big Ten,400H,2018,JR-3,,,59.23,seconds,WSU-UW Dual,2018-04-28,,,,Outdoor,https://www.tfrrs.org/results/56143/3476148/WSU-UW_Dual/400-Hurdles,TFRRS all_performances
490,"Mills, Darhian",Washington,Big Ten,400H,2018,SO-2,,,1:02.96,seconds,WSU-UW Dual,2018-04-28,,,,Outdoor,https://www.tfrrs.org/results/56143/3476148/WSU-UW_Dual/400-Hurdles,TFRRS all_performances
491,"Tarleton, Hanna",Washington,Big Ten,400H,2018,JR-3,,,58.53,seconds,WSU-UW Dual,2018-04-28,,,,Outdoor,https://www.tfrrs.org/results/56143/3476148/WSU-UW_Dual/400-Hurdles,TFRRS all_performances
492,"Apostol, Imani",Washington,Big Ten,400m,2018,JR-3,,,57.46,seconds,WSU-UW Dual,2018-04-28,,,,Outdoor,https://www.tfrrs.org/results/56143/3476169/WSU-UW_Dual/400-Meters,TFRRS all_performances
493,"Birkenfeld, Carolyn",Washington,Big Ten,400m,2018,SR-4,,,55.26,seconds,WSU-UW Dual,2018-04-28,,,,Outdoor,https://www.tfrrs.org/results/56143/3476169/WSU-UW_Dual/400-Meters,TFRRS all_performances
494,"Eke, Chisom",Washington,Big Ten,400m,2018,FR-1,,,1:00.63,seconds,WSU-UW Dual,2018-04-28,,,,Outdoor,https://www.tfrrs.org/results/56143/3476169/WSU-UW_Dual/400-Meters,TFRRS all_performances
495,"Stavig, Sarah",Washington,Big Ten,400m,2018,SO-2,,,56.92,seconds,WSU-UW Dual,2018-04-28,,,,Outdoor,https://www.tfrrs.org/results/56143/3476169/WSU-UW_Dual/400-Meters,TFRRS all_performances
496,"Tjernagel, Raquel",Washington,Big Ten,400m,2018,JR-3,,,57.64,seconds,WSU-UW Dual,2018-04-28,,,,Outdoor,https://www.tfrrs.org/results/56143/3476169/WSU-UW_Dual/400-Meters,TFRRS all_performances
497,"Budinich, Ericka",Washington,Big Ten,Long Jump,2018,SR-4,,,5.25,m,WSU-UW Dual,2018-04-28,,,0.3,Outdoor,https://www.tfrrs.org/results/56143/3476179/WSU-UW_Dual/Long-Jump,TFRRS all_performances
498,"Heath, Jelani",Washington,Big Ten,Long Jump,2018,FR-1,,,5.16,m,WSU-UW Dual,2018-04-28,,,1.1,Outdoor,https://www.tfrrs.org/results/56143/3476179/WSU-UW_Dual/Long-Jump,TFRRS all_performances
499,"Heath, Jelani",Washington,Big Ten,Long Jump,2018,FR-1,,,5.48,m,WSU-UW Dual,2018-04-28,,,0.9,Outdoor,https://www.tfrrs.org/results/56143/3476179/WSU-UW_Dual/Long-Jump,TFRRS all_performances
500,"Jones-Toutant, Elinor",Washington,Big Ten,Long Jump,2018,SO-2,,,4.73,m,WSU-UW Dual,2018-04-28,,,0.4,Outdoor,https://www.tfrrs.org/results/56143/3476179/WSU-UW_Dual/Long-Jump,TFRRS all_performances
501,"Jones-Toutant, Elinor",Washington,Big Ten,Long Jump,2018,SO-2,,,4.88,m,WSU-UW Dual,2018-04-28,,,0.1,Outdoor,https://www.tfrrs.org/results/56143/3476179/WSU-UW_Dual/Long-Jump,TFRRS all_performances
502,"Jones-Toutant, Elinor",Washington,Big Ten,Long Jump,2018,SO-2,,,5.03,m,WSU-UW Dual,2018-04-28,,,0.9,Outdoor,https://www.tfrrs.org/results/56143/3476179/WSU-UW_Dual/Long-Jump,TFRRS all_performances
503,"Rusnak, Hannah",Washington,Big Ten,Long Jump,2018,FR-1,,,5.23,m,WSU-UW Dual,2018-04-28,,,0.4,Outdoor,https://www.tfrrs.org/results/56143/3476179/WSU-UW_Dual/Long-Jump,TFRRS all_performances
504,"Rusnak, Hannah",Washington,Big Ten,Long Jump,2018,FR-1,,,5.25,m,WSU-UW Dual,2018-04-28,,,-0.2,Outdoor,https://www.tfrrs.org/results/56143/3476179/WSU-UW_Dual/Long-Jump,TFRRS all_performances
505,"Mills, Darhian",Washington,Big Ten,400H,2018,SO-2,,,1:00.38,seconds,2018 Ken Shannon Invitational,2018-05-04,,,,Outdoor,https://www.tfrrs.org/results/55603/3494825/2018_Ken_Shannon_Invitational/400-Hurdles,TFRRS all_performances
506,"Eke, Chisom",Washington,Big Ten,400m,2018,FR-1,,,59.53,seconds,2018 Ken Shannon Invitational,2018-05-04,,,,Outdoor,https://www.tfrrs.org/results/55603/3494856/2018_Ken_Shannon_Invitational/400-Meters,TFRRS all_performances
507,"Tarleton, Hanna",Washington,Big Ten,400m,2018,JR-3,,,54.76,seconds,2018 Ken Shannon Invitational,2018-05-04,,,,Outdoor,https://www.tfrrs.org/results/55603/3494856/2018_Ken_Shannon_Invitational/400-Meters,TFRRS all_performances
508,"Heath, Jelani",Washington,Big Ten,Long Jump,2018,FR-1,,,5.07,m,2018 Ken Shannon Invitational,2018-05-04,,,-0.4,Outdoor,https://www.tfrrs.org/results/55603/3494831/2018_Ken_Shannon_Invitational/Long-Jump,TFRRS all_performances
509,"Heath, Jelani",Washington,Big Ten,Long Jump,2018,FR-1,,,5.33,m,2018 Ken Shannon Invitational,2018-05-04,,,-3.5,Outdoor,https://www.tfrrs.org/results/55603/3494831/2018_Ken_Shannon_Invitational/Long-Jump,TFRRS all_performances
510,"Heath, Jelani",Washington,Big Ten,Long Jump,2018,FR-1,,,5.38,m,2018 Ken Shannon Invitational,2018-05-04,,,-1.3,Outdoor,https://www.tfrrs.org/results/55603/3494831/2018_Ken_Shannon_Invitational/Long-Jump,TFRRS all_performances
511,"Heath, Jelani",Washington,Big Ten,Long Jump,2018,FR-1,,,5.49,m,2018 Ken Shannon Invitational,2018-05-04,,,-1.3,Outdoor,https://www.tfrrs.org/results/55603/3494831/2018_Ken_Shannon_Invitational/Long-Jump,TFRRS all_performances
512,"Heath, Jelani",Washington,Big Ten,Long Jump,2018,FR-1,,,5.51,m,2018 Ken Shannon Invitational,2018-05-04,,,1.8,Outdoor,https://www.tfrrs.org/results/55603/3494831/2018_Ken_Shannon_Invitational/Long-Jump,TFRRS all_performances
513,"Rusnak, Hannah",Washington,Big Ten,100H,2018,FR-1,,,14.27,seconds,Pac-12 Combined Events Championships,2018-05-05,,,+0.0,Outdoor,https://www.tfrrs.org/results/55279/3496639/Pac-12_Combined_Events_Championships/100-Hurdles,TFRRS all_performances
514,"Rusnak, Hannah",Washington,Big Ten,100H,2018,FR-1,,,14.27,seconds,2018 Pac-12 Track & Field Championships,2018-05-12,,,+0.0,Outdoor,https://www.tfrrs.org/results/55278/3508264/2018_Pac-12_Track__Field_Championships/100-Hurdles,TFRRS all_performances
515,"Hill, Morganne",Washington,Big Ten,400H,2018,SO-2,,,1:00.03,seconds,2018 Pac-12 Track & Field Championships,2018-05-12,,,,Outdoor,https://www.tfrrs.org/results/55278/3508236/2018_Pac-12_Track__Field_Championships/400-Hurdles,TFRRS all_performances
516,"Lester, Carly",Washington,Big Ten,400H,2018,JR-3,,,59.53,seconds,2018 Pac-12 Track & Field Championships,2018-05-12,,,,Outdoor,https://www.tfrrs.org/results/55278/3508236/2018_Pac-12_Track__Field_Championships/400-Hurdles,TFRRS all_performances
517,"Mills, Darhian",Washington,Big Ten,400H,2018,SO-2,,,1:00.17,seconds,2018 Pac-12 Track & Field Championships,2018-05-12,,,,Outdoor,https://www.tfrrs.org/results/55278/3508236/2018_Pac-12_Track__Field_Championships/400-Hurdles,TFRRS all_performances
518,"Tarleton, Hanna",Washington,Big Ten,400H,2018,JR-3,,,58.62,seconds,2018 Pac-12 Track & Field Championships,2018-05-12,,,,Outdoor,https://www.tfrrs.org/results/55278/3508236/2018_Pac-12_Track__Field_Championships/400-Hurdles,TFRRS all_performances
519,"Tarleton, Hanna",Washington,Big Ten,400H,2018,JR-3,,,59.17,seconds,2018 Pac-12 Track & Field Championships,2018-05-12,,,,Outdoor,https://www.tfrrs.org/results/55278/3508236/2018_Pac-12_Track__Field_Championships/400-Hurdles,TFRRS all_performances
520,"Apostol, Imani",Washington,Big Ten,400m,2018,JR-3,,,55.76,seconds,2018 Pac-12 Track & Field Championships,2018-05-12,,,,Outdoor,https://www.tfrrs.org/results/55278/3508258/2018_Pac-12_Track__Field_Championships/400-Meters,TFRRS all_performances
521,"Birkenfeld, Carolyn",Washington,Big Ten,400m,2018,SR-4,,,55.52,seconds,2018 Pac-12 Track & Field Championships,2018-05-12,,,,Outdoor,https://www.tfrrs.org/results/55278/3508258/2018_Pac-12_Track__Field_Championships/400-Meters,TFRRS all_performances
522,"Stavig, Sarah",Washington,Big Ten,400m,2018,SO-2,,,57.57,seconds,2018 Pac-12 Track & Field Championships,2018-05-12,,,,Outdoor,https://www.tfrrs.org/results/55278/3508258/2018_Pac-12_Track__Field_Championships/400-Meters,TFRRS all_performances
523,"Heath, Jelani",Washington,Big Ten,Long Jump,2018,FR-1,,,5.55,m,2018 Pac-12 Track & Field Championships,2018-05-12,,,1.9,Outdoor,https://www.tfrrs.org/results/55278/3508269/2018_Pac-12_Track__Field_Championships/Long-Jump,TFRRS all_performances
524,"Heath, Jelani",Washington,Big Ten,Long Jump,2018,FR-1,,,5.77,m,2018 Pac-12 Track & Field Championships,2018-05-12,,,1.1,Outdoor,https://www.tfrrs.org/results/55278/3508269/2018_Pac-12_Track__Field_Championships/Long-Jump,TFRRS all_performances
525,"Hill, Morganne",Washington,Big Ten,400H,2018,SO-2,,,1:00.58,seconds,NCAA West Preliminary Round,2018-05-24,,,,Outdoor,https://www.tfrrs.org/results/57100/3515416/NCAA_West_Preliminary_Round/400-Hurdles,TFRRS all_performances
526,"Hill, Morganne",Washington,Big Ten,400H,2018,SO-2,,,58.65,seconds,NCAA West Preliminary Round,2018-05-24,,,,Outdoor,https://www.tfrrs.org/results/57100/3515416/NCAA_West_Preliminary_Round/400-Hurdles,TFRRS all_performances
527,"Lester, Carly",Washington,Big Ten,400H,2018,JR-3,,,59.84,seconds,NCAA West Preliminary Round,2018-05-24,,,,Outdoor,https://www.tfrrs.org/results/57100/3515416/NCAA_West_Preliminary_Round/400-Hurdles,TFRRS all_performances
528,"Tarleton, Hanna",Washington,Big Ten,400H,2018,JR-3,,,58.46,seconds,NCAA West Preliminary Round,2018-05-24,,,,Outdoor,https://www.tfrrs.org/results/57100/3515416/NCAA_West_Preliminary_Round/400-Hurdles,TFRRS all_performances
529,"Tarleton, Hanna",Washington,Big Ten,400H,2018,JR-3,,,58.69,seconds,NCAA West Preliminary Round,2018-05-24,,,,Outdoor,https://www.tfrrs.org/results/57100/3515416/NCAA_West_Preliminary_Round/400-Hurdles,TFRRS all_performances
