index,athlete,school,conference,event,season,class_year,birth_date,age_at_meet,performance,unit,meet,meet_date,round,place,wind,indoor_outdoor,source_url,data_status
0,"Smyers-Jones, Kortni",Illinois,Big Ten,100H,2016,JR-3,,,14.01,seconds,Baldy Castillo Invitational,2016-03-18,,,-0.8,Outdoor,https://www.tfrrs.org/results/44544/2718698/Baldy_Castillo_Invitational/100-Hurdles,TFRRS all_performances
1,"Stewart, Jayla",Illinois,Big Ten,100H,2016,FR-1,,,13.81,seconds,Baldy Castillo Invitational,2016-03-18,,,-0.8,Outdoor,https://www.tfrrs.org/results/44544/2718698/Baldy_Castillo_Invitational/100-Hurdles,TFRRS all_performances
2,"Berry, Jasmine",Illinois,Big Ten,400H,2016,SO-2,,,1:02.00,seconds,Baldy Castillo Invitational,2016-03-18,,,,Outdoor,https://www.tfrrs.org/results/44544/2718685/Baldy_Castillo_Invitational/400-Hurdles,TFRRS all_performances
3,"Marry, Miranda",Illinois,Big Ten,400H,2016,SO-2,,,1:03.66,seconds,Baldy Castillo Invitational,2016-03-18,,,,Outdoor,https://www.tfrrs.org/results/44544/2718685/Baldy_Castillo_Invitational/400-Hurdles,TFRRS all_performances
4,"Driver, Briana",Illinois,Big Ten,Long Jump,2016,FR-1,,,5.19,m,Baldy Castillo Invitational,2016-03-18,,,0.7,Outdoor,https://www.tfrrs.org/results/44544/2718705/Baldy_Castillo_Invitational/Long-Jump,TFRRS all_performances
5,"Driver, Briana",Illinois,Big Ten,Long Jump,2016,FR-1,,,5.26,m,Baldy Castillo Invitational,2016-03-18,,,0.1,Outdoor,https://www.tfrrs.org/results/44544/2718705/Baldy_Castillo_Invitational/Long-Jump,TFRRS all_performances
6,"Driver, Briana",Illinois,Big Ten,Long Jump,2016,FR-1,,,5.46,m,Baldy Castillo Invitational,2016-03-18,,,0.1,Outdoor,https://www.tfrrs.org/results/44544/2718705/Baldy_Castillo_Invitational/Long-Jump,TFRRS all_performances
7,"Rogers, Janile",Illinois,Big Ten,Long Jump,2016,FR-1,,,5.17,m,Baldy Castillo Invitational,2016-03-18,,,+0.0,Outdoor,https://www.tfrrs.org/results/44544/2718705/Baldy_Castillo_Invitational/Long-Jump,TFRRS all_performances
8,"Rogers, Janile",Illinois,Big Ten,Long Jump,2016,FR-1,,,5.38,m,Baldy Castillo Invitational,2016-03-18,,,0.2,Outdoor,https://www.tfrrs.org/results/44544/2718705/Baldy_Castillo_Invitational/Long-Jump,TFRRS all_performances
9,"Rogers, Janile",Illinois,Big Ten,Long Jump,2016,FR-1,,,5.62,m,Baldy Castillo Invitational,2016-03-18,,,+0.0,Outdoor,https://www.tfrrs.org/results/44544/2718705/Baldy_Castillo_Invitational/Long-Jump,TFRRS all_performances
10,"Smyers-Jones, Kortni",Illinois,Big Ten,100H,2016,JR-3,,,13.94,seconds,Vanderbilt Black and Gold Invitational,2016-03-25,,,1.2,Outdoor,https://www.tfrrs.org/results/44883/2738348/Vanderbilt_Black_and_Gold_Invitational/100-Hurdles,TFRRS all_performances
11,"Stewart, Jayla",Illinois,Big Ten,100H,2016,FR-1,,,13.65,seconds,Vanderbilt Black and Gold Invitational,2016-03-25,,,1.2,Outdoor,https://www.tfrrs.org/results/44883/2738348/Vanderbilt_Black_and_Gold_Invitational/100-Hurdles,TFRRS all_performances
12,"Berry, Jasmine",Illinois,Big Ten,400H,2016,SO-2,,,1:03.11,seconds,Vanderbilt Black and Gold Invitational,2016-03-25,,,,Outdoor,https://www.tfrrs.org/results/44883/2738335/Vanderbilt_Black_and_Gold_Invitational/400-Hurdles,TFRRS all_performances
13,"Mehta, Twinkle",Illinois,Big Ten,400m,2016,FR-1,,,58.98,seconds,Vanderbilt Black and Gold Invitational,2016-03-25,,,,Outdoor,https://www.tfrrs.org/results/44883/2738371/Vanderbilt_Black_and_Gold_Invitational/400-Meters,TFRRS all_performances
14,"Rakosnik, Lindsey",Illinois,Big Ten,400m,2016,JR-3,,,57.05,seconds,Vanderbilt Black and Gold Invitational,2016-03-25,,,,Outdoor,https://www.tfrrs.org/results/44883/2738371/Vanderbilt_Black_and_Gold_Invitational/400-Meters,TFRRS all_performances
15,"Driver, Briana",Illinois,Big Ten,Long Jump,2016,FR-1,,,5.27,m,Vanderbilt Black and Gold Invitational,2016-03-25,,,0.2,Outdoor,https://www.tfrrs.org/results/44883/2738365/Vanderbilt_Black_and_Gold_Invitational/Long-Jump,TFRRS all_performances
16,"Hargrove, Sade",Illinois,Big Ten,Long Jump,2016,FR-1,,,5.16,m,Vanderbilt Black and Gold Invitational,2016-03-25,,,0.3,Outdoor,https://www.tfrrs.org/results/44883/2738365/Vanderbilt_Black_and_Gold_Invitational/Long-Jump,TFRRS all_performances
17,"Hargrove, Sade",Illinois,Big Ten,Long Jump,2016,FR-1,,,5.51,m,Vanderbilt Black and Gold Invitational,2016-03-25,,,+0.0,Outdoor,https://www.tfrrs.org/results/44883/2738365/Vanderbilt_Black_and_Gold_Invitational/Long-Jump,TFRRS all_performances
18,"Berry, Jasmine",Illinois,Big Ten,400m,2016,SO-2,,,58.85,seconds,EIU Big Blue Classic 2016,2016-03-31,,,,Outdoor,https://www.tfrrs.org/results/45237/2760761/EIU_Big_Blue_Classic_2016/400-Meters,TFRRS all_performances
19,"Mehta, Twinkle",Illinois,Big Ten,400m,2016,FR-1,,,1:01.13,seconds,EIU Big Blue Classic 2016,2016-03-31,,,,Outdoor,https://www.tfrrs.org/results/45237/2760761/EIU_Big_Blue_Classic_2016/400-Meters,TFRRS all_performances
20,"Rakosnik, Lindsey",Illinois,Big Ten,400m,2016,JR-3,,,58.86,seconds,EIU Big Blue Classic 2016,2016-03-31,,,,Outdoor,https://www.tfrrs.org/results/45237/2760761/EIU_Big_Blue_Classic_2016/400-Meters,TFRRS all_performances
21,"Driver, Briana",Illinois,Big Ten,Long Jump,2016,FR-1,,,5.47,m,EIU Big Blue Classic 2016,2016-03-31,,,1.3,Outdoor,https://www.tfrrs.org/results/45237/2760768/EIU_Big_Blue_Classic_2016/Long-Jump,TFRRS all_performances
22,"Driver, Briana",Illinois,Big Ten,Long Jump,2016,FR-1,,,5.72,m,EIU Big Blue Classic 2016,2016-03-31,,,0.6,Outdoor,https://www.tfrrs.org/results/45237/2760768/EIU_Big_Blue_Classic_2016/Long-Jump,TFRRS all_performances
23,"Hargrove, Sade",Illinois,Big Ten,Long Jump,2016,FR-1,,,5.41,m,EIU Big Blue Classic 2016,2016-03-31,,,0.5,Outdoor,https://www.tfrrs.org/results/45237/2760768/EIU_Big_Blue_Classic_2016/Long-Jump,TFRRS all_performances
24,"Rogers, Janile",Illinois,Big Ten,Long Jump,2016,FR-1,,,4.78,m,EIU Big Blue Classic 2016,2016-03-31,,,0.4,Outdoor,https://www.tfrrs.org/results/45237/2760768/EIU_Big_Blue_Classic_2016/Long-Jump,TFRRS all_performances
25,"Rogers, Janile",Illinois,Big Ten,Long Jump,2016,FR-1,,,5.49,m,EIU Big Blue Classic 2016,2016-03-31,,,1.4,Outdoor,https://www.tfrrs.org/results/45237/2760768/EIU_Big_Blue_Classic_2016/Long-Jump,TFRRS all_performances
26,"Rogers, Janile",Illinois,Big Ten,Long Jump,2016,FR-1,,,5.52,m,EIU Big Blue Classic 2016,2016-03-31,,,+0.0,Outdoor,https://www.tfrrs.org/results/45237/2760768/EIU_Big_Blue_Classic_2016/Long-Jump,TFRRS all_performances
27,"Rogers, Janile",Illinois,Big Ten,Long Jump,2016,FR-1,,,5.68,m,EIU Big Blue Classic 2016,2016-03-31,,,1.6,Outdoor,https://www.tfrrs.org/results/45237/2760768/EIU_Big_Blue_Classic_2016/Long-Jump,TFRRS all_performances
28,"Berry, Jasmine",Illinois,Big Ten,400H,2016,SO-2,,,1:03.16,seconds,UCF vs Illinois Dual,2016-04-09,,,,Outdoor,https://www.tfrrs.org/results/44793/2782435/UCF_vs_Illinois_Dual_/400-Hurdles,TFRRS all_performances
29,"Driver, Briana",Illinois,Big Ten,Long Jump,2016,FR-1,,,5.30,m,UCF vs Illinois Dual,2016-04-09,,,+0.0,Outdoor,https://www.tfrrs.org/results/44793/2782428/UCF_vs_Illinois_Dual_/Long-Jump,TFRRS all_performances
30,"Driver, Briana",Illinois,Big Ten,Long Jump,2016,FR-1,,,5.52,m,UCF vs Illinois Dual,2016-04-09,,,1.0,Outdoor,https://www.tfrrs.org/results/44793/2782428/UCF_vs_Illinois_Dual_/Long-Jump,TFRRS all_performances
31,"Rogers, Janile",Illinois,Big Ten,Long Jump,2016,FR-1,,,5.35,m,UCF vs Illinois Dual,2016-04-09,,,+0.0,Outdoor,https://www.tfrrs.org/results/44793/2782428/UCF_vs_Illinois_Dual_/Long-Jump,TFRRS all_performances
32,"Rogers, Janile",Illinois,Big Ten,Long Jump,2016,FR-1,,,5.41,m,UCF vs Illinois Dual,2016-04-09,,,1.0,Outdoor,https://www.tfrrs.org/results/44793/2782428/UCF_vs_Illinois_Dual_/Long-Jump,TFRRS all_performances
33,"Seymour, Pedrya",Illinois,Big Ten,100H,2016,JR-3,,,13.40,seconds,Illinois Twilight,2016-04-23,,,-0.1,Outdoor,https://www.tfrrs.org/results/42201/2827788/Illinois_Twilight/100-Hurdles,TFRRS all_performances
34,"Smyers-Jones, Kortni",Illinois,Big Ten,100H,2016,JR-3,,,14.19,seconds,Illinois Twilight,2016-04-23,,,-0.1,Outdoor,https://www.tfrrs.org/results/42201/2827788/Illinois_Twilight/100-Hurdles,TFRRS all_performances
35,"Stewart, Jayla",Illinois,Big Ten,100H,2016,FR-1,,,13.59,seconds,Illinois Twilight,2016-04-23,,,-0.1,Outdoor,https://www.tfrrs.org/results/42201/2827788/Illinois_Twilight/100-Hurdles,TFRRS all_performances
36,"Berry, Jasmine",Illinois,Big Ten,400H,2016,SO-2,,,1:01.24,seconds,Illinois Twilight,2016-04-23,,,,Outdoor,https://www.tfrrs.org/results/42201/2827825/Illinois_Twilight/400-Hurdles,TFRRS all_performances
37,"Hargrove, Sade",Illinois,Big Ten,400m,2016,FR-1,,,56.59,seconds,Illinois Twilight,2016-04-23,,,,Outdoor,https://www.tfrrs.org/results/42201/2827827/Illinois_Twilight/400-Meters,TFRRS all_performances
38,"Marry, Miranda",Illinois,Big Ten,400m,2016,SO-2,,,59.58,seconds,Illinois Twilight,2016-04-23,,,,Outdoor,https://www.tfrrs.org/results/42201/2827827/Illinois_Twilight/400-Meters,TFRRS all_performances
39,"Mehta, Twinkle",Illinois,Big Ten,400m,2016,FR-1,,,58.22,seconds,Illinois Twilight,2016-04-23,,,,Outdoor,https://www.tfrrs.org/results/42201/2827827/Illinois_Twilight/400-Meters,TFRRS all_performances
40,"Driver, Briana",Illinois,Big Ten,Long Jump,2016,FR-1,,,5.47,m,Illinois Twilight,2016-04-23,,,-1.8,Outdoor,https://www.tfrrs.org/results/42201/2827820/Illinois_Twilight/Long-Jump,TFRRS all_performances
41,"Driver, Briana",Illinois,Big Ten,Long Jump,2016,FR-1,,,5.66,m,Illinois Twilight,2016-04-23,,,0.5,Outdoor,https://www.tfrrs.org/results/42201/2827820/Illinois_Twilight/Long-Jump,TFRRS all_performances
42,"Driver, Briana",Illinois,Big Ten,Long Jump,2016,FR-1,,,5.68,m,Illinois Twilight,2016-04-23,,,0.6,Outdoor,https://www.tfrrs.org/results/42201/2827820/Illinois_Twilight/Long-Jump,TFRRS all_performances
43,"Rogers, Janile",Illinois,Big Ten,Long Jump,2016,FR-1,,,5.50,m,Illinois Twilight,2016-04-23,,,0.4,Outdoor,https://www.tfrrs.org/results/42201/2827820/Illinois_Twilight/Long-Jump,TFRRS all_performances
44,"Rogers, Janile",Illinois,Big Ten,Long Jump,2016,FR-1,,,5.51,m,Illinois Twilight,2016-04-23,,,-2.0,Outdoor,https://www.tfrrs.org/results/42201/2827820/Illinois_Twilight/Long-Jump,TFRRS all_performances
45,"Rogers, Janile",Illinois,Big Ten,Long Jump,2016,FR-1,,,5.57,m,Illinois Twilight,2016-04-23,,,0.1,Outdoor,https://www.tfrrs.org/results/42201/2827820/Illinois_Twilight/Long-Jump,TFRRS all_performances
46,"Seymour, Pedrya",Illinois,Big Ten,100H,2016,JR-3,,,13.17,seconds,2016 Drake Relays presented by Hy-Vee,2016-04-27,,,1.8,Outdoor,https://www.tfrrs.org/results/46333/2844037/2016_Drake_Relays_presented_by_Hy-Vee/100-Hurdles,TFRRS all_performances
47,"Smyers-Jones, Kortni",Illinois,Big Ten,100H,2016,JR-3,,,14.01,seconds,2016 Drake Relays presented by Hy-Vee,2016-04-27,,,1.1,Outdoor,https://www.tfrrs.org/results/46333/2844037/2016_Drake_Relays_presented_by_Hy-Vee/100-Hurdles,TFRRS all_performances
48,"Stewart, Jayla",Illinois,Big Ten,100H,2016,FR-1,,,13.63,seconds,2016 Drake Relays presented by Hy-Vee,2016-04-27,,,0.8,Outdoor,https://www.tfrrs.org/results/46333/2844037/2016_Drake_Relays_presented_by_Hy-Vee/100-Hurdles,TFRRS all_performances
49,"Berry, Jasmine",Illinois,Big Ten,400H,2016,SO-2,,,1:06.03,seconds,2016 Drake Relays presented by Hy-Vee,2016-04-27,,,,Outdoor,https://www.tfrrs.org/results/46333/2844027/2016_Drake_Relays_presented_by_Hy-Vee/400-Hurdles,TFRRS all_performances
50,"Rogers, Janile",Illinois,Big Ten,Long Jump,2016,FR-1,,,5.32,m,2016 Drake Relays presented by Hy-Vee,2016-04-27,,,+0.0,Outdoor,https://www.tfrrs.org/results/46333/2843991/2016_Drake_Relays_presented_by_Hy-Vee/Long-Jump,TFRRS all_performances
51,"Rogers, Janile",Illinois,Big Ten,Long Jump,2016,FR-1,,,5.35,m,2016 Drake Relays presented by Hy-Vee,2016-04-27,,,1.5,Outdoor,https://www.tfrrs.org/results/46333/2843991/2016_Drake_Relays_presented_by_Hy-Vee/Long-Jump,TFRRS all_performances
52,"Seymour, Pedrya",Illinois,Big Ten,100H,2016,JR-3,,,13.18,seconds,Illini Open,2016-05-04,,,2.0,Outdoor,https://www.tfrrs.org/results/44528/2855283/Illini_Open/100-Hurdles,TFRRS all_performances
53,"Smyers-Jones, Kortni",Illinois,Big Ten,100H,2016,JR-3,,,13.69,seconds,Illini Open,2016-05-04,,,2.0,Outdoor,https://www.tfrrs.org/results/44528/2855283/Illini_Open/100-Hurdles,TFRRS all_performances
54,"Stewart, Jayla",Illinois,Big Ten,100H,2016,FR-1,,,20.38,seconds,Illini Open,2016-05-04,,,2.0,Outdoor,https://www.tfrrs.org/results/44528/2855283/Illini_Open/100-Hurdles,TFRRS all_performances
55,"Marry, Miranda",Illinois,Big Ten,400m,2016,SO-2,,,59.19,seconds,Illini Open,2016-05-04,,,,Outdoor,https://www.tfrrs.org/results/44528/2855306/Illini_Open/400-Meters,TFRRS all_performances
56,"Mehta, Twinkle",Illinois,Big Ten,400m,2016,FR-1,,,59.90,seconds,Illini Open,2016-05-04,,,,Outdoor,https://www.tfrrs.org/results/44528/2855306/Illini_Open/400-Meters,TFRRS all_performances
57,"Seymour, Pedrya",Illinois,Big Ten,100H,2016,JR-3,,,12.92,seconds,Big Ten Conference Outdoor Track & Field Championships,2016-05-13,,,-0.5,Outdoor,https://www.tfrrs.org/results/45804/2876218/Big_Ten_Conference_Outdoor_Track__Field_Championships/100-Hurdles,TFRRS all_performances
58,"Smyers-Jones, Kortni",Illinois,Big Ten,100H,2016,JR-3,,,13.96,seconds,Big Ten Conference Outdoor Track & Field Championships,2016-05-13,,,1.4,Outdoor,https://www.tfrrs.org/results/45804/2876218/Big_Ten_Conference_Outdoor_Track__Field_Championships/100-Hurdles,TFRRS all_performances
59,"Stewart, Jayla",Illinois,Big Ten,100H,2016,FR-1,,,13.75,seconds,Big Ten Conference Outdoor Track & Field Championships,2016-05-13,,,-0.5,Outdoor,https://www.tfrrs.org/results/45804/2876218/Big_Ten_Conference_Outdoor_Track__Field_Championships/100-Hurdles,TFRRS all_performances
60,"Berry, Jasmine",Illinois,Big Ten,400H,2016,SO-2,,,1:01.26,seconds,Big Ten Conference Outdoor Track & Field Championships,2016-05-13,,,,Outdoor,https://www.tfrrs.org/results/45804/2876173/Big_Ten_Conference_Outdoor_Track__Field_Championships/400-Hurdles,TFRRS all_performances
61,"Hargrove, Sade",Illinois,Big Ten,400m,2016,FR-1,,,57.14,seconds,Big Ten Conference Outdoor Track & Field Championships,2016-05-13,,,,Outdoor,https://www.tfrrs.org/results/45804/2876225/Big_Ten_Conference_Outdoor_Track__Field_Championships/400-Meters,TFRRS all_performances
62,"Driver, Briana",Illinois,Big Ten,Long Jump,2016,FR-1,,,5.76,m,Big Ten Conference Outdoor Track & Field Championships,2016-05-13,,,0.9,Outdoor,https://www.tfrrs.org/results/45804/2876203/Big_Ten_Conference_Outdoor_Track__Field_Championships/Long-Jump,TFRRS all_performances
63,"Seymour, Pedrya",Illinois,Big Ten,100H,2016,JR-3,,,12.95,seconds,NCAA Division I - West Preliminary Round,2016-05-26,,,1.3,Outdoor,https://www.tfrrs.org/results/46681/2882659/NCAA_Division_I_-_West_Preliminary_Round/100-Hurdles,TFRRS all_performances
64,"Smyers-Jones, Kortni",Illinois,Big Ten,100H,2016,JR-3,,,13.60,seconds,NCAA Division I - West Preliminary Round,2016-05-26,,,0.6,Outdoor,https://www.tfrrs.org/results/46681/2882659/NCAA_Division_I_-_West_Preliminary_Round/100-Hurdles,TFRRS all_performances
65,"Stewart, Jayla",Illinois,Big Ten,100H,2016,FR-1,,,13.40,seconds,NCAA Division I - West Preliminary Round,2016-05-26,,,0.2,Outdoor,https://www.tfrrs.org/results/46681/2882659/NCAA_Division_I_-_West_Preliminary_Round/100-Hurdles,TFRRS all_performances
66,"Seymour, Pedrya",Illinois,Big Ten,100H,2016,JR-3,,,12.86,seconds,NCAA Division I Track & Field Championships,2016-06-08,,,0.9,Outdoor,https://www.tfrrs.org/results/46699/2884186/NCAA_Division_I_Track__Field_Championships/100-Hurdles,TFRRS all_performances
67,"Dowell, Kristen",Nebraska,Big Ten,100H,2016,SO-2,,,14.25,seconds,Pac-12 vs Big 10 Invitational,2016-03-25,,,0.9,Outdoor,https://www.tfrrs.org/results/44896/2740079/Pac-12_vs_Big_10_Invitational/100-Hurdles,TFRRS all_performances
68,"Freeman, Chanel",Nebraska,Big Ten,100H,2016,FR-1,,,13.35,seconds,Pac-12 vs Big 10 Invitational,2016-03-25,,,0.9,Outdoor,https://www.tfrrs.org/results/44896/2740079/Pac-12_vs_Big_10_Invitational/100-Hurdles,TFRRS all_performances
69,"Simmons, Lamisha",Nebraska,Big Ten,100H,2016,FR-1,,,14.42,seconds,Pac-12 vs Big 10 Invitational,2016-03-25,,,0.9,Outdoor,https://www.tfrrs.org/results/44896/2740079/Pac-12_vs_Big_10_Invitational/100-Hurdles,TFRRS all_performances
70,"Barge, Jasmine",Nebraska,Big Ten,400H,2016,FR-1,,,58.40,seconds,Pac-12 vs Big 10 Invitational,2016-03-25,,,,Outdoor,https://www.tfrrs.org/results/44896/2740081/Pac-12_vs_Big_10_Invitational/400-Hurdles,TFRRS all_performances
71,"Dowell, Kristen",Nebraska,Big Ten,400H,2016,SO-2,,,1:01.12,seconds,Pac-12 vs Big 10 Invitational,2016-03-25,,,,Outdoor,https://www.tfrrs.org/results/44896/2740081/Pac-12_vs_Big_10_Invitational/400-Hurdles,TFRRS all_performances
72,"Pahlitzsch, Karolina",Nebraska,Big Ten,400m,2016,SO-2,,,55.51,seconds,Pac-12 vs Big 10 Invitational,2016-03-25,,,,Outdoor,https://www.tfrrs.org/results/44896/2740103/Pac-12_vs_Big_10_Invitational/400-Meters,TFRRS all_performances
73,"Czuth, Reka",Nebraska,Big Ten,Long Jump,2016,SO-2,,,5.39,m,Pac-12 vs Big 10 Invitational,2016-03-25,,,0.8,Outdoor,https://www.tfrrs.org/results/44896/2740092/Pac-12_vs_Big_10_Invitational/Long-Jump,TFRRS all_performances
74,"Czuth, Reka",Nebraska,Big Ten,Long Jump,2016,SO-2,,,5.43,m,Pac-12 vs Big 10 Invitational,2016-03-25,,,+0.0,Outdoor,https://www.tfrrs.org/results/44896/2740092/Pac-12_vs_Big_10_Invitational/Long-Jump,TFRRS all_performances
75,"Czuth, Reka",Nebraska,Big Ten,Long Jump,2016,SO-2,,,5.48,m,Pac-12 vs Big 10 Invitational,2016-03-25,,,0.2,Outdoor,https://www.tfrrs.org/results/44896/2740092/Pac-12_vs_Big_10_Invitational/Long-Jump,TFRRS all_performances
76,"Czuth, Reka",Nebraska,Big Ten,Long Jump,2016,SO-2,,,5.61,m,Pac-12 vs Big 10 Invitational,2016-03-25,,,0.8,Outdoor,https://www.tfrrs.org/results/44896/2740092/Pac-12_vs_Big_10_Invitational/Long-Jump,TFRRS all_performances
77,"Czuth, Reka",Nebraska,Big Ten,Long Jump,2016,SO-2,,,5.69,m,Pac-12 vs Big 10 Invitational,2016-03-25,,,0.2,Outdoor,https://www.tfrrs.org/results/44896/2740092/Pac-12_vs_Big_10_Invitational/Long-Jump,TFRRS all_performances
78,"Czuth, Reka",Nebraska,Big Ten,Long Jump,2016,SO-2,,,5.81,m,Pac-12 vs Big 10 Invitational,2016-03-25,,,+0.0,Outdoor,https://www.tfrrs.org/results/44896/2740092/Pac-12_vs_Big_10_Invitational/Long-Jump,TFRRS all_performances
79,"Heck, Kari",Nebraska,Big Ten,Long Jump,2016,SR-4,,,5.55,m,Pac-12 vs Big 10 Invitational,2016-03-25,,,+0.0,Outdoor,https://www.tfrrs.org/results/44896/2740092/Pac-12_vs_Big_10_Invitational/Long-Jump,TFRRS all_performances
80,"Heck, Kari",Nebraska,Big Ten,Long Jump,2016,SR-4,,,5.75,m,Pac-12 vs Big 10 Invitational,2016-03-25,,,0.3,Outdoor,https://www.tfrrs.org/results/44896/2740092/Pac-12_vs_Big_10_Invitational/Long-Jump,TFRRS all_performances
81,"Heck, Kari",Nebraska,Big Ten,Long Jump,2016,SR-4,,,5.80,m,Pac-12 vs Big 10 Invitational,2016-03-25,,,0.5,Outdoor,https://www.tfrrs.org/results/44896/2740092/Pac-12_vs_Big_10_Invitational/Long-Jump,TFRRS all_performances
82,"Heck, Kari",Nebraska,Big Ten,Long Jump,2016,SR-4,,,5.85,m,Pac-12 vs Big 10 Invitational,2016-03-25,,,0.3,Outdoor,https://www.tfrrs.org/results/44896/2740092/Pac-12_vs_Big_10_Invitational/Long-Jump,TFRRS all_performances
83,"Jones, Danielle",Nebraska,Big Ten,Long Jump,2016,JR-3,,,5.21,m,Pac-12 vs Big 10 Invitational,2016-03-25,,,0.9,Outdoor,https://www.tfrrs.org/results/44896/2740092/Pac-12_vs_Big_10_Invitational/Long-Jump,TFRRS all_performances
84,"Jones, Danielle",Nebraska,Big Ten,Long Jump,2016,JR-3,,,5.63,m,Pac-12 vs Big 10 Invitational,2016-03-25,,,1.8,Outdoor,https://www.tfrrs.org/results/44896/2740092/Pac-12_vs_Big_10_Invitational/Long-Jump,TFRRS all_performances
85,"McCoy, Jazmin",Nebraska,Big Ten,Long Jump,2016,JR-3,,,5.62,m,Pac-12 vs Big 10 Invitational,2016-03-25,,,+0.0,Outdoor,https://www.tfrrs.org/results/44896/2740092/Pac-12_vs_Big_10_Invitational/Long-Jump,TFRRS all_performances
86,"McCoy, Jazmin",Nebraska,Big Ten,Long Jump,2016,JR-3,,,5.65,m,Pac-12 vs Big 10 Invitational,2016-03-25,,,+0.0,Outdoor,https://www.tfrrs.org/results/44896/2740092/Pac-12_vs_Big_10_Invitational/Long-Jump,TFRRS all_performances
87,"McCoy, Jazmin",Nebraska,Big Ten,Long Jump,2016,JR-3,,,5.72,m,Pac-12 vs Big 10 Invitational,2016-03-25,,,+0.0,Outdoor,https://www.tfrrs.org/results/44896/2740092/Pac-12_vs_Big_10_Invitational/Long-Jump,TFRRS all_performances
88,"McCoy, Jazmin",Nebraska,Big Ten,Long Jump,2016,JR-3,,,5.78,m,Pac-12 vs Big 10 Invitational,2016-03-25,,,+0.0,Outdoor,https://www.tfrrs.org/results/44896/2740092/Pac-12_vs_Big_10_Invitational/Long-Jump,TFRRS all_performances
89,"McCoy, Jazmin",Nebraska,Big Ten,Long Jump,2016,JR-3,,,5.79,m,Pac-12 vs Big 10 Invitational,2016-03-25,,,0.8,Outdoor,https://www.tfrrs.org/results/44896/2740092/Pac-12_vs_Big_10_Invitational/Long-Jump,TFRRS all_performances
90,"McCoy, Jazmin",Nebraska,Big Ten,Long Jump,2016,JR-3,,,5.86,m,Pac-12 vs Big 10 Invitational,2016-03-25,,,+0.0,Outdoor,https://www.tfrrs.org/results/44896/2740092/Pac-12_vs_Big_10_Invitational/Long-Jump,TFRRS all_performances
91,"Mercurio, Angela",Nebraska,Big Ten,Long Jump,2016,SO-2,,,5.23,m,Pac-12 vs Big 10 Invitational,2016-03-25,,,+0.0,Outdoor,https://www.tfrrs.org/results/44896/2740092/Pac-12_vs_Big_10_Invitational/Long-Jump,TFRRS all_performances
92,"Mercurio, Angela",Nebraska,Big Ten,Long Jump,2016,SO-2,,,5.24,m,Pac-12 vs Big 10 Invitational,2016-03-25,,,0.6,Outdoor,https://www.tfrrs.org/results/44896/2740092/Pac-12_vs_Big_10_Invitational/Long-Jump,TFRRS all_performances
93,"Mercurio, Angela",Nebraska,Big Ten,Long Jump,2016,SO-2,,,5.35,m,Pac-12 vs Big 10 Invitational,2016-03-25,,,+0.0,Outdoor,https://www.tfrrs.org/results/44896/2740092/Pac-12_vs_Big_10_Invitational/Long-Jump,TFRRS all_performances
94,"Williams, Tierra",Nebraska,Big Ten,Long Jump,2016,JR-3,,,6.21,m,Pac-12 vs Big 10 Invitational,2016-03-25,,,0.2,Outdoor,https://www.tfrrs.org/results/44896/2740092/Pac-12_vs_Big_10_Invitational/Long-Jump,TFRRS all_performances
95,"Dowell, Kristen",Nebraska,Big Ten,100H,2016,SO-2,,,14.44,seconds,2016 Husker Spring Invitational,2016-04-09,,,0.8,Outdoor,https://www.tfrrs.org/results/42046/2782124/2016_Husker_Spring_Invitational/100-Hurdles,TFRRS all_performances
96,"Freeman, Chanel",Nebraska,Big Ten,100H,2016,FR-1,,,13.95,seconds,2016 Husker Spring Invitational,2016-04-09,,,0.8,Outdoor,https://www.tfrrs.org/results/42046/2782124/2016_Husker_Spring_Invitational/100-Hurdles,TFRRS all_performances
97,"Simmons, Lamisha",Nebraska,Big Ten,100H,2016,FR-1,,,14.38,seconds,2016 Husker Spring Invitational,2016-04-09,,,1.3,Outdoor,https://www.tfrrs.org/results/42046/2782124/2016_Husker_Spring_Invitational/100-Hurdles,TFRRS all_performances
98,"Smith, Morgan",Nebraska,Big Ten,100H,2016,SO-2,,,14.23,seconds,2016 Husker Spring Invitational,2016-04-09,,,0.8,Outdoor,https://www.tfrrs.org/results/42046/2782124/2016_Husker_Spring_Invitational/100-Hurdles,TFRRS all_performances
99,"Dworak, Morgan",Nebraska,Big Ten,400H,2016,SO-2,,,1:04.50,seconds,2016 Husker Spring Invitational,2016-04-09,,,,Outdoor,https://www.tfrrs.org/results/42046/2782151/2016_Husker_Spring_Invitational/400-Hurdles,TFRRS all_performances
100,"Pahlitzsch, Karolina",Nebraska,Big Ten,400H,2016,SO-2,,,1:00.30,seconds,2016 Husker Spring Invitational,2016-04-09,,,,Outdoor,https://www.tfrrs.org/results/42046/2782151/2016_Husker_Spring_Invitational/400-Hurdles,TFRRS all_performances
101,"Barge, Jasmine",Nebraska,Big Ten,400m,2016,FR-1,,,56.54,seconds,2016 Husker Spring Invitational,2016-04-09,,,,Outdoor,https://www.tfrrs.org/results/42046/2782145/2016_Husker_Spring_Invitational/400-Meters,TFRRS all_performances
102,"Oak, Lexie",Nebraska,Big Ten,400m,2016,JR-3,,,1:00.65,seconds,2016 Husker Spring Invitational,2016-04-09,,,,Outdoor,https://www.tfrrs.org/results/42046/2782145/2016_Husker_Spring_Invitational/400-Meters,TFRRS all_performances
103,"Heck, Kari",Nebraska,Big Ten,Long Jump,2016,SR-4,,,5.85,m,2016 Husker Spring Invitational,2016-04-09,,,-1.4,Outdoor,https://www.tfrrs.org/results/42046/2782128/2016_Husker_Spring_Invitational/Long-Jump,TFRRS all_performances
104,"Pieri, Morgan",Nebraska,Big Ten,Long Jump,2016,FR-1,,,4.94,m,2016 Husker Spring Invitational,2016-04-09,,,1.8,Outdoor,https://www.tfrrs.org/results/42046/2782128/2016_Husker_Spring_Invitational/Long-Jump,TFRRS all_performances
105,"Pieri, Morgan",Nebraska,Big Ten,Long Jump,2016,FR-1,,,5.07,m,2016 Husker Spring Invitational,2016-04-09,,,2.0,Outdoor,https://www.tfrrs.org/results/42046/2782128/2016_Husker_Spring_Invitational/Long-Jump,TFRRS all_performances
106,"Pieri, Morgan",Nebraska,Big Ten,Long Jump,2016,FR-1,,,5.25,m,2016 Husker Spring Invitational,2016-04-09,,,1.5,Outdoor,https://www.tfrrs.org/results/42046/2782128/2016_Husker_Spring_Invitational/Long-Jump,TFRRS all_performances
107,"Williams, Tierra",Nebraska,Big Ten,Long Jump,2016,JR-3,,,6.09,m,2016 Husker Spring Invitational,2016-04-09,,,0.4,Outdoor,https://www.tfrrs.org/results/42046/2782128/2016_Husker_Spring_Invitational/Long-Jump,TFRRS all_performances
108,"Williams, Tierra",Nebraska,Big Ten,Long Jump,2016,JR-3,,,6.21,m,2016 Husker Spring Invitational,2016-04-09,,,-2.7,Outdoor,https://www.tfrrs.org/results/42046/2782128/2016_Husker_Spring_Invitational/Long-Jump,TFRRS all_performances
109,"Freeman, Chanel",Nebraska,Big Ten,100H,2016,FR-1,,,13.60,seconds,Texas Invitational,2016-04-16,,,0.8,Outdoor,https://www.tfrrs.org/results/45298/2804117/Texas_Invitational/100-Hurdles,TFRRS all_performances
110,"Barge, Jasmine",Nebraska,Big Ten,400H,2016,FR-1,,,58.19,seconds,Texas Invitational,2016-04-16,,,,Outdoor,https://www.tfrrs.org/results/45298/2804093/Texas_Invitational/400-Hurdles,TFRRS all_performances
111,"Carr, Ashleigh",Nebraska,Big Ten,400H,2016,FR-1,,,1:01.79,seconds,Texas Invitational,2016-04-16,,,,Outdoor,https://www.tfrrs.org/results/45298/2804093/Texas_Invitational/400-Hurdles,TFRRS all_performances
112,"Dowell, Kristen",Nebraska,Big Ten,400H,2016,SO-2,,,1:00.41,seconds,Texas Invitational,2016-04-16,,,,Outdoor,https://www.tfrrs.org/results/45298/2804093/Texas_Invitational/400-Hurdles,TFRRS all_performances
113,"Pahlitzsch, Karolina",Nebraska,Big Ten,400H,2016,SO-2,,,1:01.61,seconds,Texas Invitational,2016-04-16,,,,Outdoor,https://www.tfrrs.org/results/45298/2804093/Texas_Invitational/400-Hurdles,TFRRS all_performances
114,"Duncan, Chantal",Nebraska,Big Ten,400m,2016,SR-4,,,55.01,seconds,Texas Invitational,2016-04-16,,,,Outdoor,https://www.tfrrs.org/results/45298/2804124/Texas_Invitational/400-Meters,TFRRS all_performances
115,"Czuth, Reka",Nebraska,Big Ten,Long Jump,2016,SO-2,,,5.91,m,Texas Invitational,2016-04-16,,,1.2,Outdoor,https://www.tfrrs.org/results/45298/2804121/Texas_Invitational/Long-Jump,TFRRS all_performances
116,"Czuth, Reka",Nebraska,Big Ten,Long Jump,2016,SO-2,,,6.08,m,Texas Invitational,2016-04-16,,,1.7,Outdoor,https://www.tfrrs.org/results/45298/2804121/Texas_Invitational/Long-Jump,TFRRS all_performances
117,"Heck, Kari",Nebraska,Big Ten,Long Jump,2016,SR-4,,,5.96,m,Texas Invitational,2016-04-16,,,0.8,Outdoor,https://www.tfrrs.org/results/45298/2804121/Texas_Invitational/Long-Jump,TFRRS all_performances
118,"Heck, Kari",Nebraska,Big Ten,Long Jump,2016,SR-4,,,5.98,m,Texas Invitational,2016-04-16,,,1.7,Outdoor,https://www.tfrrs.org/results/45298/2804121/Texas_Invitational/Long-Jump,TFRRS all_performances
119,"Jones, Danielle",Nebraska,Big Ten,Long Jump,2016,JR-3,,,5.40,m,Texas Invitational,2016-04-16,,,-0.1,Outdoor,https://www.tfrrs.org/results/45298/2804121/Texas_Invitational/Long-Jump,TFRRS all_performances
120,"Jones, Danielle",Nebraska,Big Ten,Long Jump,2016,JR-3,,,5.61,m,Texas Invitational,2016-04-16,,,0.5,Outdoor,https://www.tfrrs.org/results/45298/2804121/Texas_Invitational/Long-Jump,TFRRS all_performances
121,"McCoy, Jazmin",Nebraska,Big Ten,Long Jump,2016,JR-3,,,5.73,m,Texas Invitational,2016-04-16,,,0.7,Outdoor,https://www.tfrrs.org/results/45298/2804121/Texas_Invitational/Long-Jump,TFRRS all_performances
122,"McCoy, Jazmin",Nebraska,Big Ten,Long Jump,2016,JR-3,,,5.80,m,Texas Invitational,2016-04-16,,,1.1,Outdoor,https://www.tfrrs.org/results/45298/2804121/Texas_Invitational/Long-Jump,TFRRS all_performances
123,"McCoy, Jazmin",Nebraska,Big Ten,Long Jump,2016,JR-3,,,5.88,m,Texas Invitational,2016-04-16,,,1.3,Outdoor,https://www.tfrrs.org/results/45298/2804121/Texas_Invitational/Long-Jump,TFRRS all_performances
124,"McCoy, Jazmin",Nebraska,Big Ten,Long Jump,2016,JR-3,,,6.05,m,Texas Invitational,2016-04-16,,,0.7,Outdoor,https://www.tfrrs.org/results/45298/2804121/Texas_Invitational/Long-Jump,TFRRS all_performances
125,"Dowell, Kristen",Nebraska,Big Ten,100H,2016,SO-2,,,15.71,seconds,Kansas Relays,2016-04-20,,,0.9,Outdoor,https://www.tfrrs.org/results/46104/2827388/Kansas_Relays/100-Hurdles,TFRRS all_performances
126,"Luken, Hailey",Nebraska,Big Ten,100H,2016,FR-1,,,15.09,seconds,Kansas Relays,2016-04-20,,,0.2,Outdoor,https://www.tfrrs.org/results/46104/2827401/Kansas_Relays/100-Hurdles,TFRRS all_performances
127,"Pieri, Morgan",Nebraska,Big Ten,100H,2016,FR-1,,,18.20,seconds,Kansas Relays,2016-04-20,,,0.2,Outdoor,https://www.tfrrs.org/results/46104/2827401/Kansas_Relays/100-Hurdles,TFRRS all_performances
128,"Simmons, Lamisha",Nebraska,Big Ten,100H,2016,FR-1,,,14.45,seconds,Kansas Relays,2016-04-20,,,1.1,Outdoor,https://www.tfrrs.org/results/46104/2827401/Kansas_Relays/100-Hurdles,TFRRS all_performances
129,"Simmons, Lamisha",Nebraska,Big Ten,100H,2016,FR-1,,,14.67,seconds,Kansas Relays,2016-04-20,,,0.9,Outdoor,https://www.tfrrs.org/results/46104/2827388/Kansas_Relays/100-Hurdles,TFRRS all_performances
130,"Barge, Jasmine",Nebraska,Big Ten,400H,2016,FR-1,,,59.19,seconds,Kansas Relays,2016-04-20,,,,Outdoor,https://www.tfrrs.org/results/46104/2827397/Kansas_Relays/400-Hurdles,TFRRS all_performances
131,"Carr, Ashleigh",Nebraska,Big Ten,400H,2016,FR-1,,,1:00.52,seconds,Kansas Relays,2016-04-20,,,,Outdoor,https://www.tfrrs.org/results/46104/2827375/Kansas_Relays/400-Hurdles,TFRRS all_performances
132,"Carr, Ashleigh",Nebraska,Big Ten,400H,2016,FR-1,,,1:01.28,seconds,Kansas Relays,2016-04-20,,,,Outdoor,https://www.tfrrs.org/results/46104/2827375/Kansas_Relays/400-Hurdles,TFRRS all_performances
133,"Dowell, Kristen",Nebraska,Big Ten,400H,2016,SO-2,,,59.41,seconds,Kansas Relays,2016-04-20,,,,Outdoor,https://www.tfrrs.org/results/46104/2827397/Kansas_Relays/400-Hurdles,TFRRS all_performances
134,"Dworak, Morgan",Nebraska,Big Ten,400H,2016,SO-2,,,1:04.71,seconds,Kansas Relays,2016-04-20,,,,Outdoor,https://www.tfrrs.org/results/46104/2827375/Kansas_Relays/400-Hurdles,TFRRS all_performances
135,"Duncan, Chantal",Nebraska,Big Ten,400m,2016,SR-4,,,55.68,seconds,Kansas Relays,2016-04-20,,,,Outdoor,https://www.tfrrs.org/results/46104/2827453/Kansas_Relays/400-Meters,TFRRS all_performances
136,"Pahlitzsch, Karolina",Nebraska,Big Ten,400m,2016,SO-2,,,55.53,seconds,Kansas Relays,2016-04-20,,,,Outdoor,https://www.tfrrs.org/results/46104/2827453/Kansas_Relays/400-Meters,TFRRS all_performances
137,"Luken, Hailey",Nebraska,Big Ten,Long Jump,2016,FR-1,,,4.45,m,Kansas Relays,2016-04-20,,,-0.2,Outdoor,https://www.tfrrs.org/results/46104/2827405/Kansas_Relays/Long-Jump,TFRRS all_performances
138,"Luken, Hailey",Nebraska,Big Ten,Long Jump,2016,FR-1,,,4.57,m,Kansas Relays,2016-04-20,,,-0.5,Outdoor,https://www.tfrrs.org/results/46104/2827405/Kansas_Relays/Long-Jump,TFRRS all_performances
139,"Luken, Hailey",Nebraska,Big Ten,Long Jump,2016,FR-1,,,4.70,m,Kansas Relays,2016-04-20,,,1.8,Outdoor,https://www.tfrrs.org/results/46104/2827405/Kansas_Relays/Long-Jump,TFRRS all_performances
140,"Pieri, Morgan",Nebraska,Big Ten,Long Jump,2016,FR-1,,,4.75,m,Kansas Relays,2016-04-20,,,+0.0,Outdoor,https://www.tfrrs.org/results/46104/2827405/Kansas_Relays/Long-Jump,TFRRS all_performances
141,"Pieri, Morgan",Nebraska,Big Ten,Long Jump,2016,FR-1,,,4.94,m,Kansas Relays,2016-04-20,,,0.3,Outdoor,https://www.tfrrs.org/results/46104/2827405/Kansas_Relays/Long-Jump,TFRRS all_performances
142,"Pieri, Morgan",Nebraska,Big Ten,Long Jump,2016,FR-1,,,5.05,m,Kansas Relays,2016-04-20,,,1.9,Outdoor,https://www.tfrrs.org/results/46104/2827405/Kansas_Relays/Long-Jump,TFRRS all_performances
143,"Simmons, Lamisha",Nebraska,Big Ten,Long Jump,2016,FR-1,,,4.28,m,Kansas Relays,2016-04-20,,,0.5,Outdoor,https://www.tfrrs.org/results/46104/2827405/Kansas_Relays/Long-Jump,TFRRS all_performances
144,"Simmons, Lamisha",Nebraska,Big Ten,Long Jump,2016,FR-1,,,4.50,m,Kansas Relays,2016-04-20,,,-0.4,Outdoor,https://www.tfrrs.org/results/46104/2827405/Kansas_Relays/Long-Jump,TFRRS all_performances
145,"Simmons, Lamisha",Nebraska,Big Ten,Long Jump,2016,FR-1,,,4.82,m,Kansas Relays,2016-04-20,,,1.1,Outdoor,https://www.tfrrs.org/results/46104/2827405/Kansas_Relays/Long-Jump,TFRRS all_performances
146,"Freeman, Chanel",Nebraska,Big Ten,100H,2016,FR-1,,,13.83,seconds,2016 Drake Relays presented by Hy-Vee,2016-04-27,,,1.1,Outdoor,https://www.tfrrs.org/results/46333/2844037/2016_Drake_Relays_presented_by_Hy-Vee/100-Hurdles,TFRRS all_performances
147,"Barge, Jasmine",Nebraska,Big Ten,400H,2016,FR-1,,,58.86,seconds,2016 Drake Relays presented by Hy-Vee,2016-04-27,,,,Outdoor,https://www.tfrrs.org/results/46333/2844027/2016_Drake_Relays_presented_by_Hy-Vee/400-Hurdles,TFRRS all_performances
148,"Pahlitzsch, Karolina",Nebraska,Big Ten,400H,2016,SO-2,,,59.15,seconds,2016 Drake Relays presented by Hy-Vee,2016-04-27,,,,Outdoor,https://www.tfrrs.org/results/46333/2844027/2016_Drake_Relays_presented_by_Hy-Vee/400-Hurdles,TFRRS all_performances
149,"Heck, Kari",Nebraska,Big Ten,Long Jump,2016,SR-4,,,5.75,m,2016 Drake Relays presented by Hy-Vee,2016-04-27,,,+0.0,Outdoor,https://www.tfrrs.org/results/46333/2843991/2016_Drake_Relays_presented_by_Hy-Vee/Long-Jump,TFRRS all_performances
150,"Heck, Kari",Nebraska,Big Ten,Long Jump,2016,SR-4,,,5.83,m,2016 Drake Relays presented by Hy-Vee,2016-04-27,,,0.9,Outdoor,https://www.tfrrs.org/results/46333/2843991/2016_Drake_Relays_presented_by_Hy-Vee/Long-Jump,TFRRS all_performances
151,"Heck, Kari",Nebraska,Big Ten,Long Jump,2016,SR-4,,,5.90,m,2016 Drake Relays presented by Hy-Vee,2016-04-27,,,0.1,Outdoor,https://www.tfrrs.org/results/46333/2843991/2016_Drake_Relays_presented_by_Hy-Vee/Long-Jump,TFRRS all_performances
152,"McCoy, Jazmin",Nebraska,Big Ten,Long Jump,2016,JR-3,,,5.60,m,2016 Drake Relays presented by Hy-Vee,2016-04-27,,,-2.0,Outdoor,https://www.tfrrs.org/results/46333/2843991/2016_Drake_Relays_presented_by_Hy-Vee/Long-Jump,TFRRS all_performances
153,"McCoy, Jazmin",Nebraska,Big Ten,Long Jump,2016,JR-3,,,5.63,m,2016 Drake Relays presented by Hy-Vee,2016-04-27,,,1.1,Outdoor,https://www.tfrrs.org/results/46333/2843991/2016_Drake_Relays_presented_by_Hy-Vee/Long-Jump,TFRRS all_performances
154,"McCoy, Jazmin",Nebraska,Big Ten,Long Jump,2016,JR-3,,,5.81,m,2016 Drake Relays presented by Hy-Vee,2016-04-27,,,1.2,Outdoor,https://www.tfrrs.org/results/46333/2843991/2016_Drake_Relays_presented_by_Hy-Vee/Long-Jump,TFRRS all_performances
155,"McCoy, Jazmin",Nebraska,Big Ten,Long Jump,2016,JR-3,,,5.82,m,2016 Drake Relays presented by Hy-Vee,2016-04-27,,,0.8,Outdoor,https://www.tfrrs.org/results/46333/2843991/2016_Drake_Relays_presented_by_Hy-Vee/Long-Jump,TFRRS all_performances
156,"McCoy, Jazmin",Nebraska,Big Ten,Long Jump,2016,JR-3,,,5.86,m,2016 Drake Relays presented by Hy-Vee,2016-04-27,,,1.7,Outdoor,https://www.tfrrs.org/results/46333/2843991/2016_Drake_Relays_presented_by_Hy-Vee/Long-Jump,TFRRS all_performances
157,"McCoy, Jazmin",Nebraska,Big Ten,Long Jump,2016,JR-3,,,5.90,m,2016 Drake Relays presented by Hy-Vee,2016-04-27,,,1.9,Outdoor,https://www.tfrrs.org/results/46333/2843991/2016_Drake_Relays_presented_by_Hy-Vee/Long-Jump,TFRRS all_performances
158,"Smith, Morgan",Nebraska,Big Ten,100H,2016,SO-2,,,14.45,seconds,NWU Spring Invitational,2016-04-28,,,1.8,Outdoor,https://www.tfrrs.org/results/46308/2840965/NWU_Spring_Invitational/100-Hurdles,TFRRS all_performances
159,"Carr, Ashleigh",Nebraska,Big Ten,400H,2016,FR-1,,,1:02.38,seconds,NWU Spring Invitational,2016-04-28,,,,Outdoor,https://www.tfrrs.org/results/46308/2840966/NWU_Spring_Invitational/400-Hurdles,TFRRS all_performances
160,"Dworak, Morgan",Nebraska,Big Ten,400H,2016,SO-2,,,1:05.39,seconds,NWU Spring Invitational,2016-04-28,,,,Outdoor,https://www.tfrrs.org/results/46308/2840966/NWU_Spring_Invitational/400-Hurdles,TFRRS all_performances
161,"Jones, Danielle",Nebraska,Big Ten,Long Jump,2016,JR-3,,,5.51,m,NWU Spring Invitational,2016-04-28,,,1.5,Outdoor,https://www.tfrrs.org/results/46308/2840962/NWU_Spring_Invitational/Long-Jump,TFRRS all_performances
162,"Jones, Danielle",Nebraska,Big Ten,Long Jump,2016,JR-3,,,5.55,m,NWU Spring Invitational,2016-04-28,,,2.0,Outdoor,https://www.tfrrs.org/results/46308/2840962/NWU_Spring_Invitational/Long-Jump,TFRRS all_performances
163,"Luken, Hailey",Nebraska,Big Ten,Long Jump,2016,FR-1,,,4.67,m,NWU Spring Invitational,2016-04-28,,,2.0,Outdoor,https://www.tfrrs.org/results/46308/2840962/NWU_Spring_Invitational/Long-Jump,TFRRS all_performances
164,"Luken, Hailey",Nebraska,Big Ten,Long Jump,2016,FR-1,,,4.78,m,NWU Spring Invitational,2016-04-28,,,1.3,Outdoor,https://www.tfrrs.org/results/46308/2840962/NWU_Spring_Invitational/Long-Jump,TFRRS all_performances
165,"Luken, Hailey",Nebraska,Big Ten,Long Jump,2016,FR-1,,,4.86,m,NWU Spring Invitational,2016-04-28,,,1.6,Outdoor,https://www.tfrrs.org/results/46308/2840962/NWU_Spring_Invitational/Long-Jump,TFRRS all_performances
166,"Luken, Hailey",Nebraska,Big Ten,Long Jump,2016,FR-1,,,4.88,m,NWU Spring Invitational,2016-04-28,,,1.0,Outdoor,https://www.tfrrs.org/results/46308/2840962/NWU_Spring_Invitational/Long-Jump,TFRRS all_performances
167,"Luken, Hailey",Nebraska,Big Ten,Long Jump,2016,FR-1,,,4.90,m,NWU Spring Invitational,2016-04-28,,,1.3,Outdoor,https://www.tfrrs.org/results/46308/2840962/NWU_Spring_Invitational/Long-Jump,TFRRS all_performances
168,"Barge, Jasmine",Nebraska,Big Ten,100H,2016,FR-1,,,13.51,seconds,2016 Nebraska Invitational,2016-05-07,,,0.8,Outdoor,https://www.tfrrs.org/results/42048/2863268/2016_Nebraska_Invitational/100-Hurdles,TFRRS all_performances
169,"Carden, Kelley",Nebraska,Big Ten,100H,2016,SO-2,,,16.69,seconds,2016 Nebraska Invitational,2016-05-07,,,2.0,Outdoor,https://www.tfrrs.org/results/42048/2863268/2016_Nebraska_Invitational/100-Hurdles,TFRRS all_performances
170,"Carr, Ashleigh",Nebraska,Big Ten,100H,2016,FR-1,,,14.99,seconds,2016 Nebraska Invitational,2016-05-07,,,2.0,Outdoor,https://www.tfrrs.org/results/42048/2863268/2016_Nebraska_Invitational/100-Hurdles,TFRRS all_performances
171,"Luken, Hailey",Nebraska,Big Ten,100H,2016,FR-1,,,15.28,seconds,2016 Nebraska Invitational,2016-05-07,,,2.0,Outdoor,https://www.tfrrs.org/results/42048/2863268/2016_Nebraska_Invitational/100-Hurdles,TFRRS all_performances
172,"Pieri, Morgan",Nebraska,Big Ten,100H,2016,FR-1,,,16.24,seconds,2016 Nebraska Invitational,2016-05-07,,,2.0,Outdoor,https://www.tfrrs.org/results/42048/2863268/2016_Nebraska_Invitational/100-Hurdles,TFRRS all_performances
173,"Smith, Morgan",Nebraska,Big Ten,100H,2016,SO-2,,,14.44,seconds,2016 Nebraska Invitational,2016-05-07,,,0.8,Outdoor,https://www.tfrrs.org/results/42048/2863268/2016_Nebraska_Invitational/100-Hurdles,TFRRS all_performances
174,"Carr, Ashleigh",Nebraska,Big Ten,400H,2016,FR-1,,,1:00.50,seconds,2016 Nebraska Invitational,2016-05-07,,,,Outdoor,https://www.tfrrs.org/results/42048/2863293/2016_Nebraska_Invitational/400-Hurdles,TFRRS all_performances
175,"Dworak, Morgan",Nebraska,Big Ten,400H,2016,SO-2,,,1:03.96,seconds,2016 Nebraska Invitational,2016-05-07,,,,Outdoor,https://www.tfrrs.org/results/42048/2863293/2016_Nebraska_Invitational/400-Hurdles,TFRRS all_performances
176,"Pahlitzsch, Karolina",Nebraska,Big Ten,400H,2016,SO-2,,,58.71,seconds,2016 Nebraska Invitational,2016-05-07,,,,Outdoor,https://www.tfrrs.org/results/42048/2863293/2016_Nebraska_Invitational/400-Hurdles,TFRRS all_performances
177,"Woitzel, Morgan",Nebraska,Big Ten,400m,2016,JR-3,,,56.68,seconds,2016 Nebraska Invitational,2016-05-07,,,,Outdoor,https://www.tfrrs.org/results/42048/2863287/2016_Nebraska_Invitational/400-Meters,TFRRS all_performances
178,"Carden, Kelley",Nebraska,Big Ten,Long Jump,2016,SO-2,,,4.89,m,2016 Nebraska Invitational,2016-05-07,,,-0.8,Outdoor,https://www.tfrrs.org/results/42048/2863272/2016_Nebraska_Invitational/Long-Jump,TFRRS all_performances
179,"Czuth, Reka",Nebraska,Big Ten,Long Jump,2016,SO-2,,,5.85,m,2016 Nebraska Invitational,2016-05-07,,,1.7,Outdoor,https://www.tfrrs.org/results/42048/2863272/2016_Nebraska_Invitational/Long-Jump,TFRRS all_performances
180,"Czuth, Reka",Nebraska,Big Ten,Long Jump,2016,SO-2,,,5.92,m,2016 Nebraska Invitational,2016-05-07,,,-0.5,Outdoor,https://www.tfrrs.org/results/42048/2863272/2016_Nebraska_Invitational/Long-Jump,TFRRS all_performances
181,"Heck, Kari",Nebraska,Big Ten,Long Jump,2016,SR-4,,,5.71,m,2016 Nebraska Invitational,2016-05-07,,,-2.6,Outdoor,https://www.tfrrs.org/results/42048/2863272/2016_Nebraska_Invitational/Long-Jump,TFRRS all_performances
182,"Heck, Kari",Nebraska,Big Ten,Long Jump,2016,SR-4,,,5.92,m,2016 Nebraska Invitational,2016-05-07,,,0.1,Outdoor,https://www.tfrrs.org/results/42048/2863272/2016_Nebraska_Invitational/Long-Jump,TFRRS all_performances
183,"McCoy, Jazmin",Nebraska,Big Ten,Long Jump,2016,JR-3,,,5.71,m,2016 Nebraska Invitational,2016-05-07,,,0.4,Outdoor,https://www.tfrrs.org/results/42048/2863272/2016_Nebraska_Invitational/Long-Jump,TFRRS all_performances
184,"McCoy, Jazmin",Nebraska,Big Ten,Long Jump,2016,JR-3,,,5.88,m,2016 Nebraska Invitational,2016-05-07,,,-1.2,Outdoor,https://www.tfrrs.org/results/42048/2863272/2016_Nebraska_Invitational/Long-Jump,TFRRS all_performances
185,"McCoy, Jazmin",Nebraska,Big Ten,Long Jump,2016,JR-3,,,5.93,m,2016 Nebraska Invitational,2016-05-07,,,0.4,Outdoor,https://www.tfrrs.org/results/42048/2863272/2016_Nebraska_Invitational/Long-Jump,TFRRS all_performances
186,"McCoy, Jazmin",Nebraska,Big Ten,Long Jump,2016,JR-3,,,6.01,m,2016 Nebraska Invitational,2016-05-07,,,2.0,Outdoor,https://www.tfrrs.org/results/42048/2863272/2016_Nebraska_Invitational/Long-Jump,TFRRS all_performances
187,"McCoy, Jazmin",Nebraska,Big Ten,Long Jump,2016,JR-3,,,6.14,m,2016 Nebraska Invitational,2016-05-07,,,0.3,Outdoor,https://www.tfrrs.org/results/42048/2863272/2016_Nebraska_Invitational/Long-Jump,TFRRS all_performances
188,"Pieri, Morgan",Nebraska,Big Ten,Long Jump,2016,FR-1,,,5.12,m,2016 Nebraska Invitational,2016-05-07,,,-1.2,Outdoor,https://www.tfrrs.org/results/42048/2863272/2016_Nebraska_Invitational/Long-Jump,TFRRS all_performances
189,"Pieri, Morgan",Nebraska,Big Ten,Long Jump,2016,FR-1,,,5.17,m,2016 Nebraska Invitational,2016-05-07,,,-0.9,Outdoor,https://www.tfrrs.org/results/42048/2863272/2016_Nebraska_Invitational/Long-Jump,TFRRS all_performances
190,"Pieri, Morgan",Nebraska,Big Ten,Long Jump,2016,FR-1,,,5.20,m,2016 Nebraska Invitational,2016-05-07,,,1.7,Outdoor,https://www.tfrrs.org/results/42048/2863272/2016_Nebraska_Invitational/Long-Jump,TFRRS all_performances
191,"Williams, Tierra",Nebraska,Big Ten,Long Jump,2016,JR-3,,,6.25,m,2016 Nebraska Invitational,2016-05-07,,,-1.1,Outdoor,https://www.tfrrs.org/results/42048/2863272/2016_Nebraska_Invitational/Long-Jump,TFRRS all_performances
192,"Williams, Tierra",Nebraska,Big Ten,Long Jump,2016,JR-3,,,6.43,m,2016 Nebraska Invitational,2016-05-07,,,1.1,Outdoor,https://www.tfrrs.org/results/42048/2863272/2016_Nebraska_Invitational/Long-Jump,TFRRS all_performances
193,"Williams, Tierra",Nebraska,Big Ten,Long Jump,2016,JR-3,,,6.44,m,2016 Nebraska Invitational,2016-05-07,,,-1.1,Outdoor,https://www.tfrrs.org/results/42048/2863272/2016_Nebraska_Invitational/Long-Jump,TFRRS all_performances
194,"Barge, Jasmine",Nebraska,Big Ten,100H,2016,FR-1,,,13.59,seconds,Big Ten Conference Outdoor Track & Field Championships,2016-05-13,,,2.0,Outdoor,https://www.tfrrs.org/results/45804/2876218/Big_Ten_Conference_Outdoor_Track__Field_Championships/100-Hurdles,TFRRS all_performances
195,"Dowell, Kristen",Nebraska,Big Ten,100H,2016,SO-2,,,13.75,seconds,Big Ten Conference Outdoor Track & Field Championships,2016-05-13,,,1.4,Outdoor,https://www.tfrrs.org/results/45804/2876218/Big_Ten_Conference_Outdoor_Track__Field_Championships/100-Hurdles,TFRRS all_performances
196,"Freeman, Chanel",Nebraska,Big Ten,100H,2016,FR-1,,,13.50,seconds,Big Ten Conference Outdoor Track & Field Championships,2016-05-13,,,1.4,Outdoor,https://www.tfrrs.org/results/45804/2876218/Big_Ten_Conference_Outdoor_Track__Field_Championships/100-Hurdles,TFRRS all_performances
197,"Barge, Jasmine",Nebraska,Big Ten,400H,2016,FR-1,,,57.94,seconds,Big Ten Conference Outdoor Track & Field Championships,2016-05-13,,,,Outdoor,https://www.tfrrs.org/results/45804/2876173/Big_Ten_Conference_Outdoor_Track__Field_Championships/400-Hurdles,TFRRS all_performances
198,"Barge, Jasmine",Nebraska,Big Ten,400H,2016,FR-1,,,58.43,seconds,Big Ten Conference Outdoor Track & Field Championships,2016-05-13,,,,Outdoor,https://www.tfrrs.org/results/45804/2876173/Big_Ten_Conference_Outdoor_Track__Field_Championships/400-Hurdles,TFRRS all_performances
199,"Carr, Ashleigh",Nebraska,Big Ten,400H,2016,FR-1,,,1:00.07,seconds,Big Ten Conference Outdoor Track & Field Championships,2016-05-13,,,,Outdoor,https://www.tfrrs.org/results/45804/2876173/Big_Ten_Conference_Outdoor_Track__Field_Championships/400-Hurdles,TFRRS all_performances
200,"Dowell, Kristen",Nebraska,Big Ten,400H,2016,SO-2,,,1:00.88,seconds,Big Ten Conference Outdoor Track & Field Championships,2016-05-13,,,,Outdoor,https://www.tfrrs.org/results/45804/2876173/Big_Ten_Conference_Outdoor_Track__Field_Championships/400-Hurdles,TFRRS all_performances
201,"Pahlitzsch, Karolina",Nebraska,Big Ten,400H,2016,SO-2,,,57.95,seconds,Big Ten Conference Outdoor Track & Field Championships,2016-05-13,,,,Outdoor,https://www.tfrrs.org/results/45804/2876173/Big_Ten_Conference_Outdoor_Track__Field_Championships/400-Hurdles,TFRRS all_performances
202,"Pahlitzsch, Karolina",Nebraska,Big Ten,400H,2016,SO-2,,,58.63,seconds,Big Ten Conference Outdoor Track & Field Championships,2016-05-13,,,,Outdoor,https://www.tfrrs.org/results/45804/2876173/Big_Ten_Conference_Outdoor_Track__Field_Championships/400-Hurdles,TFRRS all_performances
203,"Duncan, Chantal",Nebraska,Big Ten,400m,2016,SR-4,,,55.65,seconds,Big Ten Conference Outdoor Track & Field Championships,2016-05-13,,,,Outdoor,https://www.tfrrs.org/results/45804/2876225/Big_Ten_Conference_Outdoor_Track__Field_Championships/400-Meters,TFRRS all_performances
204,"Woitzel, Morgan",Nebraska,Big Ten,400m,2016,JR-3,,,56.17,seconds,Big Ten Conference Outdoor Track & Field Championships,2016-05-13,,,,Outdoor,https://www.tfrrs.org/results/45804/2876225/Big_Ten_Conference_Outdoor_Track__Field_Championships/400-Meters,TFRRS all_performances
205,"Czuth, Reka",Nebraska,Big Ten,Long Jump,2016,SO-2,,,6.16,m,Big Ten Conference Outdoor Track & Field Championships,2016-05-13,,,1.9,Outdoor,https://www.tfrrs.org/results/45804/2876203/Big_Ten_Conference_Outdoor_Track__Field_Championships/Long-Jump,TFRRS all_performances
206,"Heck, Kari",Nebraska,Big Ten,Long Jump,2016,SR-4,,,5.93,m,Big Ten Conference Outdoor Track & Field Championships,2016-05-13,,,1.8,Outdoor,https://www.tfrrs.org/results/45804/2876203/Big_Ten_Conference_Outdoor_Track__Field_Championships/Long-Jump,TFRRS all_performances
207,"Heck, Kari",Nebraska,Big Ten,Long Jump,2016,SR-4,,,6.01,m,Big Ten Conference Outdoor Track & Field Championships,2016-05-13,,,0.2,Outdoor,https://www.tfrrs.org/results/45804/2876203/Big_Ten_Conference_Outdoor_Track__Field_Championships/Long-Jump,TFRRS all_performances
208,"Heck, Kari",Nebraska,Big Ten,Long Jump,2016,SR-4,,,6.03,m,Big Ten Conference Outdoor Track & Field Championships,2016-05-13,,,1.0,Outdoor,https://www.tfrrs.org/results/45804/2876203/Big_Ten_Conference_Outdoor_Track__Field_Championships/Long-Jump,TFRRS all_performances
209,"McCoy, Jazmin",Nebraska,Big Ten,Long Jump,2016,JR-3,,,5.70,m,Big Ten Conference Outdoor Track & Field Championships,2016-05-13,,,0.8,Outdoor,https://www.tfrrs.org/results/45804/2876203/Big_Ten_Conference_Outdoor_Track__Field_Championships/Long-Jump,TFRRS all_performances
210,"McCoy, Jazmin",Nebraska,Big Ten,Long Jump,2016,JR-3,,,5.74,m,Big Ten Conference Outdoor Track & Field Championships,2016-05-13,,,0.5,Outdoor,https://www.tfrrs.org/results/45804/2876203/Big_Ten_Conference_Outdoor_Track__Field_Championships/Long-Jump,TFRRS all_performances
211,"Williams, Tierra",Nebraska,Big Ten,Long Jump,2016,JR-3,,,6.25,m,Big Ten Conference Outdoor Track & Field Championships,2016-05-13,,,1.2,Outdoor,https://www.tfrrs.org/results/45804/2876203/Big_Ten_Conference_Outdoor_Track__Field_Championships/Long-Jump,TFRRS all_performances
212,"Williams, Tierra",Nebraska,Big Ten,Long Jump,2016,JR-3,,,6.26,m,Big Ten Conference Outdoor Track & Field Championships,2016-05-13,,,0.7,Outdoor,https://www.tfrrs.org/results/45804/2876203/Big_Ten_Conference_Outdoor_Track__Field_Championships/Long-Jump,TFRRS all_performances
213,"Williams, Tierra",Nebraska,Big Ten,Long Jump,2016,JR-3,,,6.40,m,Big Ten Conference Outdoor Track & Field Championships,2016-05-13,,,1.6,Outdoor,https://www.tfrrs.org/results/45804/2876203/Big_Ten_Conference_Outdoor_Track__Field_Championships/Long-Jump,TFRRS all_performances
214,"Freeman, Chanel",Nebraska,Big Ten,100H,2016,FR-1,,,13.67,seconds,NCAA Division I - West Preliminary Round,2016-05-26,,,1.3,Outdoor,https://www.tfrrs.org/results/46681/2882659/NCAA_Division_I_-_West_Preliminary_Round/100-Hurdles,TFRRS all_performances
215,"Barge, Jasmine",Nebraska,Big Ten,400H,2016,FR-1,,,58.33,seconds,NCAA Division I - West Preliminary Round,2016-05-26,,,,Outdoor,https://www.tfrrs.org/results/46681/2882643/NCAA_Division_I_-_West_Preliminary_Round/400-Hurdles,TFRRS all_performances
216,"Dowell, Kristen",Nebraska,Big Ten,400H,2016,SO-2,,,1:00.64,seconds,NCAA Division I - West Preliminary Round,2016-05-26,,,,Outdoor,https://www.tfrrs.org/results/46681/2882643/NCAA_Division_I_-_West_Preliminary_Round/400-Hurdles,TFRRS all_performances
217,"Pahlitzsch, Karolina",Nebraska,Big Ten,400H,2016,SO-2,,,58.17,seconds,NCAA Division I - West Preliminary Round,2016-05-26,,,,Outdoor,https://www.tfrrs.org/results/46681/2882643/NCAA_Division_I_-_West_Preliminary_Round/400-Hurdles,TFRRS all_performances
218,"Czuth, Reka",Nebraska,Big Ten,Long Jump,2016,SO-2,,,5.67,m,NCAA Division I - West Preliminary Round,2016-05-26,,,+0.0,Outdoor,https://www.tfrrs.org/results/46681/2882654/NCAA_Division_I_-_West_Preliminary_Round/Long-Jump,TFRRS all_performances
219,"Czuth, Reka",Nebraska,Big Ten,Long Jump,2016,SO-2,,,5.99,m,NCAA Division I - West Preliminary Round,2016-05-26,,,+0.0,Outdoor,https://www.tfrrs.org/results/46681/2882654/NCAA_Division_I_-_West_Preliminary_Round/Long-Jump,TFRRS all_performances
220,"Heck, Kari",Nebraska,Big Ten,Long Jump,2016,SR-4,,,5.61,m,NCAA Division I - West Preliminary Round,2016-05-26,,,+0.0,Outdoor,https://www.tfrrs.org/results/46681/2882654/NCAA_Division_I_-_West_Preliminary_Round/Long-Jump,TFRRS all_performances
221,"Heck, Kari",Nebraska,Big Ten,Long Jump,2016,SR-4,,,5.74,m,NCAA Division I - West Preliminary Round,2016-05-26,,,+0.0,Outdoor,https://www.tfrrs.org/results/46681/2882654/NCAA_Division_I_-_West_Preliminary_Round/Long-Jump,TFRRS all_performances
222,"McCoy, Jazmin",Nebraska,Big Ten,Long Jump,2016,JR-3,,,5.91,m,NCAA Division I - West Preliminary Round,2016-05-26,,,+0.0,Outdoor,https://www.tfrrs.org/results/46681/2882654/NCAA_Division_I_-_West_Preliminary_Round/Long-Jump,TFRRS all_performances
223,"McCoy, Jazmin",Nebraska,Big Ten,Long Jump,2016,JR-3,,,5.99,m,NCAA Division I - West Preliminary Round,2016-05-26,,,+0.0,Outdoor,https://www.tfrrs.org/results/46681/2882654/NCAA_Division_I_-_West_Preliminary_Round/Long-Jump,TFRRS all_performances
224,"McCoy, Jazmin",Nebraska,Big Ten,Long Jump,2016,JR-3,,,6.01,m,NCAA Division I - West Preliminary Round,2016-05-26,,,+0.0,Outdoor,https://www.tfrrs.org/results/46681/2882654/NCAA_Division_I_-_West_Preliminary_Round/Long-Jump,TFRRS all_performances
225,"Williams, Tierra",Nebraska,Big Ten,Long Jump,2016,JR-3,,,6.20,m,NCAA Division I - West Preliminary Round,2016-05-26,,,+0.0,Outdoor,https://www.tfrrs.org/results/46681/2882654/NCAA_Division_I_-_West_Preliminary_Round/Long-Jump,TFRRS all_performances
226,"Williams, Tierra",Nebraska,Big Ten,Long Jump,2016,JR-3,,,6.41,m,NCAA Division I - West Preliminary Round,2016-05-26,,,+0.0,Outdoor,https://www.tfrrs.org/results/46681/2882654/NCAA_Division_I_-_West_Preliminary_Round/Long-Jump,TFRRS all_performances
227,"Pahlitzsch, Karolina",Nebraska,Big Ten,400H,2016,SO-2,,,59.05,seconds,NCAA Division I Track & Field Championships,2016-06-08,,,,Outdoor,https://www.tfrrs.org/results/46699/2884162/NCAA_Division_I_Track__Field_Championships/400-Hurdles,TFRRS all_performances
228,"McCoy, Jazmin",Nebraska,Big Ten,Long Jump,2016,JR-3,,,5.83,m,NCAA Division I Track & Field Championships,2016-06-08,,,-1.0,Outdoor,https://www.tfrrs.org/results/46699/2884173/NCAA_Division_I_Track__Field_Championships/Long-Jump,TFRRS all_performances
229,"McCoy, Jazmin",Nebraska,Big Ten,Long Jump,2016,JR-3,,,5.91,m,NCAA Division I Track & Field Championships,2016-06-08,,,-0.3,Outdoor,https://www.tfrrs.org/results/46699/2884173/NCAA_Division_I_Track__Field_Championships/Long-Jump,TFRRS all_performances
230,"Williams, Tierra",Nebraska,Big Ten,Long Jump,2016,JR-3,,,5.97,m,NCAA Division I Track & Field Championships,2016-06-08,,,-0.7,Outdoor,https://www.tfrrs.org/results/46699/2884173/NCAA_Division_I_Track__Field_Championships/Long-Jump,TFRRS all_performances
231,"Williams, Tierra",Nebraska,Big Ten,Long Jump,2016,JR-3,,,6.15,m,NCAA Division I Track & Field Championships,2016-06-08,,,-0.8,Outdoor,https://www.tfrrs.org/results/46699/2884173/NCAA_Division_I_Track__Field_Championships/Long-Jump,TFRRS all_performances
232,"Horsley, Ashante",Oregon,Big Ten,400m,2016,JR-3,,,54.22,seconds,Willie Williams Classic,2016-03-18,,,,Outdoor,https://www.tfrrs.org/results/43804/2718878/Willie_Williams_Classic/400-Meters,TFRRS all_performances
233,"Jackson, Khadejah",Oregon,Big Ten,400m,2016,FR-1,,,59.35,seconds,Willie Williams Classic,2016-03-18,,,,Outdoor,https://www.tfrrs.org/results/43804/2718878/Willie_Williams_Classic/400-Meters,TFRRS all_performances
234,"Rogers, Raevyn",Oregon,Big Ten,400m,2016,SO-2,,,52.30,seconds,Willie Williams Classic,2016-03-18,,,,Outdoor,https://www.tfrrs.org/results/43804/2718878/Willie_Williams_Classic/400-Meters,TFRRS all_performances
235,"Johnson, Alaysha",Oregon,Big Ten,100H,2016,FR-1,,,13.06,seconds,Pepsi Invitational,2016-04-09,,,0.9,Outdoor,https://www.tfrrs.org/results/43371/2781336/Pepsi_Invitational/100-Hurdles,TFRRS all_performances
236,"Wallace, Sasha",Oregon,Big Ten,100H,2016,JR-3,,,13.12,seconds,Pepsi Invitational,2016-04-09,,,0.9,Outdoor,https://www.tfrrs.org/results/43371/2781336/Pepsi_Invitational/100-Hurdles,TFRRS all_performances
237,"Jackson, Khadejah",Oregon,Big Ten,400H,2016,FR-1,,,59.97,seconds,Pepsi Invitational,2016-04-09,,,,Outdoor,https://www.tfrrs.org/results/43371/2781354/Pepsi_Invitational/400-Hurdles,TFRRS all_performances
238,"Johnson, Alaysha",Oregon,Big Ten,400H,2016,FR-1,,,59.18,seconds,Pepsi Invitational,2016-04-09,,,,Outdoor,https://www.tfrrs.org/results/43371/2781354/Pepsi_Invitational/400-Hurdles,TFRRS all_performances
239,"Feldmeier, Brooke",Oregon,Big Ten,400m,2016,SO-2,,,55.36,seconds,Pepsi Invitational,2016-04-09,,,,Outdoor,https://www.tfrrs.org/results/43371/2781357/Pepsi_Invitational/400-Meters,TFRRS all_performances
240,"Horsley, Ashante",Oregon,Big Ten,400m,2016,JR-3,,,54.67,seconds,Pepsi Invitational,2016-04-09,,,,Outdoor,https://www.tfrrs.org/results/43371/2781357/Pepsi_Invitational/400-Meters,TFRRS all_performances
241,"Varela, Madelayne",Oregon,Big Ten,Long Jump,2016,JR-3,,,5.20,m,Pepsi Invitational,2016-04-09,,,2.0,Outdoor,https://www.tfrrs.org/results/43371/2781364/Pepsi_Invitational/Long-Jump,TFRRS all_performances
242,"Wallace, Sasha",Oregon,Big Ten,100H,2016,SR-4,,,13.01,seconds,Mt. SAC Relays,2016-04-14,,,2.0,Outdoor,https://www.tfrrs.org/results/45871/2806893/Mt_SAC_Relays/100-Hurdles,TFRRS all_performances
243,"Jackson, Khadejah",Oregon,Big Ten,400H,2016,FR-1,,,1:02.14,seconds,Oregon Relays,2016-04-15,,,,Outdoor,https://www.tfrrs.org/results/43373/2806242/Oregon_Relays/400-Hurdles,TFRRS all_performances
244,"Horsley, Ashante",Oregon,Big Ten,400m,2016,JR-3,,,54.89,seconds,Oregon Relays,2016-04-15,,,,Outdoor,https://www.tfrrs.org/results/43373/2806339/Oregon_Relays/400-Meters,TFRRS all_performances
245,"Varela, Madelayne",Oregon,Big Ten,Long Jump,2016,JR-3,,,5.52,m,Oregon Relays,2016-04-15,,,1.5,Outdoor,https://www.tfrrs.org/results/43373/2806332/Oregon_Relays/Long-Jump,TFRRS all_performances
246,"Varela, Madelayne",Oregon,Big Ten,Long Jump,2016,JR-3,,,5.57,m,Oregon Relays,2016-04-15,,,1.3,Outdoor,https://www.tfrrs.org/results/43373/2806332/Oregon_Relays/Long-Jump,TFRRS all_performances
247,"Johnson, Alaysha",Oregon,Big Ten,100H,2016,FR-1,,,13.28,seconds,Penn Relays,2016-04-28,,,-0.7,Outdoor,https://www.tfrrs.org/results/46385/2849682/Penn_Relays/100-Hurdles,TFRRS all_performances
248,"Johnson, Alaysha",Oregon,Big Ten,100H,2016,FR-1,,,13.85,seconds,Penn Relays,2016-04-28,,,1.6,Outdoor,https://www.tfrrs.org/results/46385/2856055/Penn_Relays/100-Hurdles,TFRRS all_performances
249,"Wallace, Sasha",Oregon,Big Ten,100H,2016,JR-3,,,13.24,seconds,Penn Relays,2016-04-28,,,-0.7,Outdoor,https://www.tfrrs.org/results/46385/2849682/Penn_Relays/100-Hurdles,TFRRS all_performances
250,"Wallace, Sasha",Oregon,Big Ten,100H,2016,JR-3,,,13.25,seconds,Penn Relays,2016-04-28,,,0.8,Outdoor,https://www.tfrrs.org/results/46385/2856055/Penn_Relays/100-Hurdles,TFRRS all_performances
251,"Jackson, Khadejah",Oregon,Big Ten,400H,2016,FR-1,,,1:01.05,seconds,2016 OSU High Performance Meet,2016-04-29,,,,Outdoor,https://www.tfrrs.org/results/43687/2844997/2016_OSU_High_Performance_Meet/400-Hurdles,TFRRS all_performances
252,"Varela, Madelayne",Oregon,Big Ten,Long Jump,2016,JR-3,,,3.59,m,Oregon Twilight,2016-05-06,,,1.8,Outdoor,https://www.tfrrs.org/results/43374/2859770/Oregon_Twilight/Long-Jump,TFRRS all_performances
253,"Johnson, Alaysha",Oregon,Big Ten,100H,2016,FR-1,,,13.27,seconds,Pac-12 Outdoor Track & Field Championships,2016-05-14,,,1.0,Outdoor,https://www.tfrrs.org/results/45708/2877264/Pac-12_Outdoor_Track__Field_Championships/100-Hurdles,TFRRS all_performances
254,"Johnson, Alaysha",Oregon,Big Ten,100H,2016,FR-1,,,13.34,seconds,Pac-12 Outdoor Track & Field Championships,2016-05-14,,,-0.5,Outdoor,https://www.tfrrs.org/results/45708/2877264/Pac-12_Outdoor_Track__Field_Championships/100-Hurdles,TFRRS all_performances
255,"Wallace, Sasha",Oregon,Big Ten,100H,2016,JR-3,,,13.09,seconds,Pac-12 Outdoor Track & Field Championships,2016-05-14,,,-0.5,Outdoor,https://www.tfrrs.org/results/45708/2877264/Pac-12_Outdoor_Track__Field_Championships/100-Hurdles,TFRRS all_performances
256,"Wallace, Sasha",Oregon,Big Ten,100H,2016,JR-3,,,13.28,seconds,Pac-12 Outdoor Track & Field Championships,2016-05-14,,,0.2,Outdoor,https://www.tfrrs.org/results/45708/2877264/Pac-12_Outdoor_Track__Field_Championships/100-Hurdles,TFRRS all_performances
257,"Jackson, Khadejah",Oregon,Big Ten,400H,2016,FR-1,,,1:01.16,seconds,Pac-12 Outdoor Track & Field Championships,2016-05-14,,,,Outdoor,https://www.tfrrs.org/results/45708/2877263/Pac-12_Outdoor_Track__Field_Championships/400-Hurdles,TFRRS all_performances
258,"Johnson, Alaysha",Oregon,Big Ten,400H,2016,FR-1,,,1:00.99,seconds,Pac-12 Outdoor Track & Field Championships,2016-05-14,,,,Outdoor,https://www.tfrrs.org/results/45708/2877263/Pac-12_Outdoor_Track__Field_Championships/400-Hurdles,TFRRS all_performances
259,"Horsley, Ashante",Oregon,Big Ten,400m,2016,JR-3,,,53.82,seconds,Pac-12 Outdoor Track & Field Championships,2016-05-14,,,,Outdoor,https://www.tfrrs.org/results/45708/2877289/Pac-12_Outdoor_Track__Field_Championships/400-Meters,TFRRS all_performances
260,"Horsley, Ashante",Oregon,Big Ten,400m,2016,JR-3,,,54.75,seconds,Pac-12 Outdoor Track & Field Championships,2016-05-14,,,,Outdoor,https://www.tfrrs.org/results/45708/2877289/Pac-12_Outdoor_Track__Field_Championships/400-Meters,TFRRS all_performances
261,"Todd, Jasmine",Oregon,Big Ten,Long Jump,2016,JR-3,,,5.87,m,Pac-12 Outdoor Track & Field Championships,2016-05-14,,,0.2,Outdoor,https://www.tfrrs.org/results/45708/2877300/Pac-12_Outdoor_Track__Field_Championships/Long-Jump,TFRRS all_performances
262,"Todd, Jasmine",Oregon,Big Ten,Long Jump,2016,JR-3,,,6.09,m,Pac-12 Outdoor Track & Field Championships,2016-05-14,,,-1.0,Outdoor,https://www.tfrrs.org/results/45708/2877300/Pac-12_Outdoor_Track__Field_Championships/Long-Jump,TFRRS all_performances
263,"Todd, Jasmine",Oregon,Big Ten,Long Jump,2016,JR-3,,,6.18,m,Pac-12 Outdoor Track & Field Championships,2016-05-14,,,1.6,Outdoor,https://www.tfrrs.org/results/45708/2877300/Pac-12_Outdoor_Track__Field_Championships/Long-Jump,TFRRS all_performances
264,"Todd, Jasmine",Oregon,Big Ten,Long Jump,2016,JR-3,,,6.27,m,Pac-12 Outdoor Track & Field Championships,2016-05-14,,,1.3,Outdoor,https://www.tfrrs.org/results/45708/2877300/Pac-12_Outdoor_Track__Field_Championships/Long-Jump,TFRRS all_performances
265,"Johnson, Alaysha",Oregon,Big Ten,100H,2016,FR-1,,,12.97,seconds,NCAA Division I - West Preliminary Round,2016-05-26,,,1.3,Outdoor,https://www.tfrrs.org/results/46681/2882659/NCAA_Division_I_-_West_Preliminary_Round/100-Hurdles,TFRRS all_performances
266,"Wallace, Sasha",Oregon,Big Ten,100H,2016,JR-3,,,13.20,seconds,NCAA Division I - West Preliminary Round,2016-05-26,,,-0.7,Outdoor,https://www.tfrrs.org/results/46681/2882659/NCAA_Division_I_-_West_Preliminary_Round/100-Hurdles,TFRRS all_performances
267,"Horsley, Ashante",Oregon,Big Ten,400m,2016,JR-3,,,54.20,seconds,NCAA Division I - West Preliminary Round,2016-05-26,,,,Outdoor,https://www.tfrrs.org/results/46681/2882658/NCAA_Division_I_-_West_Preliminary_Round/400-Meters,TFRRS all_performances
268,"Johnson, Alaysha",Oregon,Big Ten,100H,2016,FR-1,,,13.42,seconds,NCAA Division I Track & Field Championships,2016-06-08,,,1.1,Outdoor,https://www.tfrrs.org/results/46699/2884186/NCAA_Division_I_Track__Field_Championships/100-Hurdles,TFRRS all_performances
269,"Wallace, Sasha",Oregon,Big Ten,100H,2016,JR-3,,,12.95,seconds,NCAA Division I Track & Field Championships,2016-06-08,,,1.1,Outdoor,https://www.tfrrs.org/results/46699/2884186/NCAA_Division_I_Track__Field_Championships/100-Hurdles,TFRRS all_performances
270,"Graham, Jasmyne",USC,Big Ten,100H,2016,FR-1,,,13.44,seconds,Trojan Invitational,2016-03-18,,,-0.7,Outdoor,https://www.tfrrs.org/results/44543/2718365/Trojan_Invitational/100-Hurdles,TFRRS all_performances
271,"Iuel, Amalie",USC,Big Ten,100H,2016,JR-3,,,13.72,seconds,Trojan Invitational,2016-03-18,,,-0.7,Outdoor,https://www.tfrrs.org/results/44543/2718365/Trojan_Invitational/100-Hurdles,TFRRS all_performances
272,"Pettigrew, Cameron",USC,Big Ten,400m,2016,JR-3,,,54.97,seconds,Trojan Invitational,2016-03-18,,,,Outdoor,https://www.tfrrs.org/results/44543/2718373/Trojan_Invitational/400-Meters,TFRRS all_performances
273,"Graham, Jasmyne",USC,Big Ten,Long Jump,2016,FR-1,,,5.69,m,Trojan Invitational,2016-03-18,,,0.2,Outdoor,https://www.tfrrs.org/results/44543/2718366/Trojan_Invitational/Long-Jump,TFRRS all_performances
274,"Graham, Jasmyne",USC,Big Ten,Long Jump,2016,FR-1,,,5.71,m,Trojan Invitational,2016-03-18,,,-0.1,Outdoor,https://www.tfrrs.org/results/44543/2718366/Trojan_Invitational/Long-Jump,TFRRS all_performances
275,"Graham, Jasmyne",USC,Big Ten,100H,2016,FR-1,,,13.27,seconds,Power Conference Cardinal & Gold,2016-03-25,,,0.3,Outdoor,https://www.tfrrs.org/results/44866/2738957/Power_Conference_Cardinal__Gold/100-Hurdles,TFRRS all_performances
276,"Lopes, Lyndsey",USC,Big Ten,100H,2016,FR-1,,,14.49,seconds,Power Conference Cardinal & Gold,2016-03-25,,,0.3,Outdoor,https://www.tfrrs.org/results/44866/2738957/Power_Conference_Cardinal__Gold/100-Hurdles,TFRRS all_performances
277,"Iuel, Amalie",USC,Big Ten,400H,2016,JR-3,,,57.33,seconds,Power Conference Cardinal & Gold,2016-03-25,,,,Outdoor,https://www.tfrrs.org/results/44866/2738936/Power_Conference_Cardinal__Gold/400-Hurdles,TFRRS all_performances
278,"Ellis, Kendall",USC,Big Ten,400m,2016,SO-2,,,52.45,seconds,Power Conference Cardinal & Gold,2016-03-25,,,,Outdoor,https://www.tfrrs.org/results/44866/2738943/Power_Conference_Cardinal__Gold/400-Meters,TFRRS all_performances
279,"Pettigrew, Cameron",USC,Big Ten,400m,2016,JR-3,,,54.79,seconds,Power Conference Cardinal & Gold,2016-03-25,,,,Outdoor,https://www.tfrrs.org/results/44866/2738943/Power_Conference_Cardinal__Gold/400-Meters,TFRRS all_performances
280,"Stepter, Jaide",USC,Big Ten,400m,2016,SR-4,,,50.91,seconds,Power Conference Cardinal & Gold,2016-03-25,,,,Outdoor,https://www.tfrrs.org/results/44866/2738943/Power_Conference_Cardinal__Gold/400-Meters,TFRRS all_performances
281,"Graham, Jasmyne",USC,Big Ten,Long Jump,2016,FR-1,,,5.53,m,Power Conference Cardinal & Gold,2016-03-25,,,0.7,Outdoor,https://www.tfrrs.org/results/44866/2738938/Power_Conference_Cardinal__Gold/Long-Jump,TFRRS all_performances
282,"Lopes, Lyndsey",USC,Big Ten,Long Jump,2016,FR-1,,,5.53,m,Power Conference Cardinal & Gold,2016-03-25,,,-1.0,Outdoor,https://www.tfrrs.org/results/44866/2738938/Power_Conference_Cardinal__Gold/Long-Jump,TFRRS all_performances
283,"Lopes, Lyndsey",USC,Big Ten,Long Jump,2016,FR-1,,,5.54,m,Power Conference Cardinal & Gold,2016-03-25,,,1.5,Outdoor,https://www.tfrrs.org/results/44866/2738938/Power_Conference_Cardinal__Gold/Long-Jump,TFRRS all_performances
284,"Iuel, Amalie",USC,Big Ten,100H,2016,JR-3,,,13.90,seconds,Sam Adams Combined Events,2016-04-01,,,-0.5,Outdoor,https://www.tfrrs.org/results/43720/2761197/Sam_Adams_Combined_Events_/100-Hurdles,TFRRS all_performances
285,"Iuel, Amalie",USC,Big Ten,Long Jump,2016,JR-3,,,6.04,m,Sam Adams Combined Events,2016-04-01,,,+0.0,Outdoor,https://www.tfrrs.org/results/43720/2761194/Sam_Adams_Combined_Events_/Long-Jump,TFRRS all_performances
286,"Lopes, Lyndsey",USC,Big Ten,100H,2016,FR-1,,,14.46,seconds,California Collegiate Invitational,2016-04-02,,,+0.0,Outdoor,https://www.tfrrs.org/results/43934/2760497/California_Collegiate_Invitational/100-Hurdles,TFRRS all_performances
287,"Pettigrew, Cameron",USC,Big Ten,400m,2016,JR-3,,,54.84,seconds,California Collegiate Invitational,2016-04-02,,,,Outdoor,https://www.tfrrs.org/results/43934/2760520/California_Collegiate_Invitational/400-Meters,TFRRS all_performances
288,"Lopes, Lyndsey",USC,Big Ten,Long Jump,2016,FR-1,,,5.30,m,California Collegiate Invitational,2016-04-02,,,1.1,Outdoor,https://www.tfrrs.org/results/43934/2760517/California_Collegiate_Invitational/Long-Jump,TFRRS all_performances
289,"Lopes, Lyndsey",USC,Big Ten,Long Jump,2016,FR-1,,,5.37,m,California Collegiate Invitational,2016-04-02,,,-0.6,Outdoor,https://www.tfrrs.org/results/43934/2760517/California_Collegiate_Invitational/Long-Jump,TFRRS all_performances
290,"Lopes, Lyndsey",USC,Big Ten,Long Jump,2016,FR-1,,,5.43,m,California Collegiate Invitational,2016-04-02,,,0.7,Outdoor,https://www.tfrrs.org/results/43934/2760517/California_Collegiate_Invitational/Long-Jump,TFRRS all_performances
291,"Graham, Jasmyne",USC,Big Ten,100H,2016,FR-1,,,13.27,seconds,Pepsi Invitational,2016-04-09,,,0.9,Outdoor,https://www.tfrrs.org/results/43371/2781336/Pepsi_Invitational/100-Hurdles,TFRRS all_performances
292,"Lopes, Lyndsey",USC,Big Ten,100H,2016,FR-1,,,14.27,seconds,Pepsi Invitational,2016-04-09,,,0.9,Outdoor,https://www.tfrrs.org/results/43371/2781336/Pepsi_Invitational/100-Hurdles,TFRRS all_performances
293,"Iuel, Amalie",USC,Big Ten,400H,2016,JR-3,,,57.20,seconds,Pepsi Invitational,2016-04-09,,,,Outdoor,https://www.tfrrs.org/results/43371/2781354/Pepsi_Invitational/400-Hurdles,TFRRS all_performances
294,"Stepter, Jaide",USC,Big Ten,400H,2016,SR-4,,,55.91,seconds,Pepsi Invitational,2016-04-09,,,,Outdoor,https://www.tfrrs.org/results/43371/2781354/Pepsi_Invitational/400-Hurdles,TFRRS all_performances
295,"Pettigrew, Cameron",USC,Big Ten,400m,2016,JR-3,,,54.98,seconds,Pepsi Invitational,2016-04-09,,,,Outdoor,https://www.tfrrs.org/results/43371/2781357/Pepsi_Invitational/400-Meters,TFRRS all_performances
296,"Graham, Jasmyne",USC,Big Ten,Long Jump,2016,FR-1,,,5.66,m,Pepsi Invitational,2016-04-09,,,1.6,Outdoor,https://www.tfrrs.org/results/43371/2781364/Pepsi_Invitational/Long-Jump,TFRRS all_performances
297,"Graham, Jasmyne",USC,Big Ten,Long Jump,2016,FR-1,,,5.82,m,Pepsi Invitational,2016-04-09,,,0.9,Outdoor,https://www.tfrrs.org/results/43371/2781364/Pepsi_Invitational/Long-Jump,TFRRS all_performances
298,"Graham, Jasmyne",USC,Big Ten,Long Jump,2016,FR-1,,,5.98,m,Pepsi Invitational,2016-04-09,,,1.4,Outdoor,https://www.tfrrs.org/results/43371/2781364/Pepsi_Invitational/Long-Jump,TFRRS all_performances
299,"Jones, Margaux",USC,Big Ten,Long Jump,2016,FR-1,,,5.95,m,Pepsi Invitational,2016-04-09,,,1.1,Outdoor,https://www.tfrrs.org/results/43371/2781364/Pepsi_Invitational/Long-Jump,TFRRS all_performances
300,"Jones, Margaux",USC,Big Ten,Long Jump,2016,FR-1,,,6.11,m,Pepsi Invitational,2016-04-09,,,1.1,Outdoor,https://www.tfrrs.org/results/43371/2781364/Pepsi_Invitational/Long-Jump,TFRRS all_performances
301,"Jones, Margaux",USC,Big Ten,Long Jump,2016,FR-1,,,6.26,m,Pepsi Invitational,2016-04-09,,,1.2,Outdoor,https://www.tfrrs.org/results/43371/2781364/Pepsi_Invitational/Long-Jump,TFRRS all_performances
302,"Iuel, Amalie",USC,Big Ten,400H,2016,SR-4,,,56.37,seconds,Mt. SAC Relays,2016-04-14,,,,Outdoor,https://www.tfrrs.org/results/45871/2806875/Mt_SAC_Relays/400-Hurdles,TFRRS all_performances
303,"Stepter, Jaide",USC,Big Ten,400H,2016,,,,55.90,seconds,Mt. SAC Relays,2016-04-14,,,,Outdoor,https://www.tfrrs.org/results/45871/2806875/Mt_SAC_Relays/400-Hurdles,TFRRS all_performances
304,"Ellis, Kendall",USC,Big Ten,400m,2016,JR-3,,,51.82,seconds,Mt. SAC Relays,2016-04-14,,,,Outdoor,https://www.tfrrs.org/results/45871/2806949/Mt_SAC_Relays/400-Meters,TFRRS all_performances
305,"Pettigrew, Cameron",USC,Big Ten,400m,2016,SR-4,,,54.58,seconds,Mt. SAC Relays,2016-04-14,,,,Outdoor,https://www.tfrrs.org/results/45871/2806829/Mt_SAC_Relays/400-Meters,TFRRS all_performances
306,"Graham, Jasmyne",USC,Big Ten,Long Jump,2016,SO-2,,,5.45,m,Mt. SAC Relays,2016-04-14,,,-2.1,Outdoor,https://www.tfrrs.org/results/45871/2806945/Mt_SAC_Relays/Long-Jump,TFRRS all_performances
307,"Graham, Jasmyne",USC,Big Ten,Long Jump,2016,SO-2,,,5.57,m,Mt. SAC Relays,2016-04-14,,,-2.5,Outdoor,https://www.tfrrs.org/results/45871/2806945/Mt_SAC_Relays/Long-Jump,TFRRS all_performances
308,"Graham, Jasmyne",USC,Big Ten,Long Jump,2016,SO-2,,,5.74,m,Mt. SAC Relays,2016-04-14,,,-1.2,Outdoor,https://www.tfrrs.org/results/45871/2806945/Mt_SAC_Relays/Long-Jump,TFRRS all_performances
309,"Iuel, Amalie",USC,Big Ten,Long Jump,2016,SR-4,,,5.66,m,Mt. SAC Relays,2016-04-14,,,-3.0,Outdoor,https://www.tfrrs.org/results/45871/2806945/Mt_SAC_Relays/Long-Jump,TFRRS all_performances
310,"Iuel, Amalie",USC,Big Ten,Long Jump,2016,SR-4,,,5.90,m,Mt. SAC Relays,2016-04-14,,,-2.2,Outdoor,https://www.tfrrs.org/results/45871/2806945/Mt_SAC_Relays/Long-Jump,TFRRS all_performances
311,"Iuel, Amalie",USC,Big Ten,Long Jump,2016,SR-4,,,5.94,m,Mt. SAC Relays,2016-04-14,,,-2.3,Outdoor,https://www.tfrrs.org/results/45871/2806945/Mt_SAC_Relays/Long-Jump,TFRRS all_performances
312,"Jones, Margaux",USC,Big Ten,Long Jump,2016,SO-2,,,6.34,m,Mt. SAC Relays,2016-04-14,,,1.4,Outdoor,https://www.tfrrs.org/results/45871/2806883/Mt_SAC_Relays/Long-Jump,TFRRS all_performances
313,"Richards, Madisen",USC,Big Ten,Long Jump,2016,JR-3,,,5.54,m,Mt. SAC Relays,2016-04-14,,,1.7,Outdoor,https://www.tfrrs.org/results/45871/2806883/Mt_SAC_Relays/Long-Jump,TFRRS all_performances
314,"Richards, Madisen",USC,Big Ten,Long Jump,2016,JR-3,,,5.56,m,Mt. SAC Relays,2016-04-14,,,1.9,Outdoor,https://www.tfrrs.org/results/45871/2806883/Mt_SAC_Relays/Long-Jump,TFRRS all_performances
315,"Richards, Madisen",USC,Big Ten,Long Jump,2016,,,,5.14,m,2016 Triton Invitational,2016-04-22,,,1.5,Outdoor,https://www.tfrrs.org/results/42844/2827528/2016_Triton_Invitational/Long-Jump,TFRRS all_performances
316,"Richards, Madisen",USC,Big Ten,Long Jump,2016,,,,5.29,m,2016 Triton Invitational,2016-04-22,,,+0.0,Outdoor,https://www.tfrrs.org/results/42844/2827528/2016_Triton_Invitational/Long-Jump,TFRRS all_performances
317,"Richards, Madisen",USC,Big Ten,Long Jump,2016,,,,5.34,m,2016 Triton Invitational,2016-04-22,,,0.3,Outdoor,https://www.tfrrs.org/results/42844/2827528/2016_Triton_Invitational/Long-Jump,TFRRS all_performances
318,"Richards, Madisen",USC,Big Ten,Long Jump,2016,,,,5.45,m,2016 Triton Invitational,2016-04-22,,,-0.2,Outdoor,https://www.tfrrs.org/results/42844/2827528/2016_Triton_Invitational/Long-Jump,TFRRS all_performances
319,"Richards, Madisen",USC,Big Ten,Long Jump,2016,,,,5.66,m,2016 Triton Invitational,2016-04-22,,,1.8,Outdoor,https://www.tfrrs.org/results/42844/2827528/2016_Triton_Invitational/Long-Jump,TFRRS all_performances
320,"Richards, Madisen",USC,Big Ten,Long Jump,2016,,,,5.81,m,2016 Triton Invitational,2016-04-22,,,1.6,Outdoor,https://www.tfrrs.org/results/42844/2827528/2016_Triton_Invitational/Long-Jump,TFRRS all_performances
321,"Graham, Jasmyne",USC,Big Ten,100H,2016,FR-1,,,13.38,seconds,UCLA vs. USC Dual Meet,2016-05-01,,,0.3,Outdoor,https://www.tfrrs.org/results/43384/2847229/UCLA_vs_USC_Dual_Meet/100-Hurdles,TFRRS all_performances
322,"Iuel, Amalie",USC,Big Ten,100H,2016,JR-3,,,13.69,seconds,UCLA vs. USC Dual Meet,2016-05-01,,,0.3,Outdoor,https://www.tfrrs.org/results/43384/2847229/UCLA_vs_USC_Dual_Meet/100-Hurdles,TFRRS all_performances
323,"Lopes, Lyndsey",USC,Big Ten,100H,2016,FR-1,,,14.08,seconds,UCLA vs. USC Dual Meet,2016-05-01,,,0.3,Outdoor,https://www.tfrrs.org/results/43384/2847229/UCLA_vs_USC_Dual_Meet/100-Hurdles,TFRRS all_performances
324,"Iuel, Amalie",USC,Big Ten,400H,2016,JR-3,,,57.31,seconds,UCLA vs. USC Dual Meet,2016-05-01,,,,Outdoor,https://www.tfrrs.org/results/43384/2847256/UCLA_vs_USC_Dual_Meet/400-Hurdles,TFRRS all_performances
325,"Stepter, Jaide",USC,Big Ten,400H,2016,SR-4,,,56.47,seconds,UCLA vs. USC Dual Meet,2016-05-01,,,,Outdoor,https://www.tfrrs.org/results/43384/2847256/UCLA_vs_USC_Dual_Meet/400-Hurdles,TFRRS all_performances
326,"Ellis, Kendall",USC,Big Ten,400m,2016,SO-2,,,52.75,seconds,UCLA vs. USC Dual Meet,2016-05-01,,,,Outdoor,https://www.tfrrs.org/results/43384/2847254/UCLA_vs_USC_Dual_Meet/400-Meters,TFRRS all_performances
327,"Pettigrew, Cameron",USC,Big Ten,400m,2016,JR-3,,,53.78,seconds,UCLA vs. USC Dual Meet,2016-05-01,,,,Outdoor,https://www.tfrrs.org/results/43384/2847254/UCLA_vs_USC_Dual_Meet/400-Meters,TFRRS all_performances
328,"Stepter, Jaide",USC,Big Ten,400m,2016,SR-4,,,51.82,seconds,UCLA vs. USC Dual Meet,2016-05-01,,,,Outdoor,https://www.tfrrs.org/results/43384/2847254/UCLA_vs_USC_Dual_Meet/400-Meters,TFRRS all_performances
329,"Faulknor, Alexis",USC,Big Ten,Long Jump,2016,SR-4,,,5.82,m,UCLA vs. USC Dual Meet,2016-05-01,,,+0.0,Outdoor,https://www.tfrrs.org/results/43384/2847238/UCLA_vs_USC_Dual_Meet/Long-Jump,TFRRS all_performances
330,"Faulknor, Alexis",USC,Big Ten,Long Jump,2016,SR-4,,,5.85,m,UCLA vs. USC Dual Meet,2016-05-01,,,+0.0,Outdoor,https://www.tfrrs.org/results/43384/2847238/UCLA_vs_USC_Dual_Meet/Long-Jump,TFRRS all_performances
331,"Faulknor, Alexis",USC,Big Ten,Long Jump,2016,SR-4,,,6.12,m,UCLA vs. USC Dual Meet,2016-05-01,,,-1.8,Outdoor,https://www.tfrrs.org/results/43384/2847238/UCLA_vs_USC_Dual_Meet/Long-Jump,TFRRS all_performances
332,"Faulknor, Alexis",USC,Big Ten,Long Jump,2016,SR-4,,,6.19,m,UCLA vs. USC Dual Meet,2016-05-01,,,-1.0,Outdoor,https://www.tfrrs.org/results/43384/2847238/UCLA_vs_USC_Dual_Meet/Long-Jump,TFRRS all_performances
333,"Graham, Jasmyne",USC,Big Ten,Long Jump,2016,FR-1,,,5.63,m,UCLA vs. USC Dual Meet,2016-05-01,,,0.8,Outdoor,https://www.tfrrs.org/results/43384/2847238/UCLA_vs_USC_Dual_Meet/Long-Jump,TFRRS all_performances
334,"Graham, Jasmyne",USC,Big Ten,Long Jump,2016,FR-1,,,5.70,m,UCLA vs. USC Dual Meet,2016-05-01,,,0.7,Outdoor,https://www.tfrrs.org/results/43384/2847238/UCLA_vs_USC_Dual_Meet/Long-Jump,TFRRS all_performances
335,"Graham, Jasmyne",USC,Big Ten,Long Jump,2016,FR-1,,,5.72,m,UCLA vs. USC Dual Meet,2016-05-01,,,+0.0,Outdoor,https://www.tfrrs.org/results/43384/2847238/UCLA_vs_USC_Dual_Meet/Long-Jump,TFRRS all_performances
336,"Graham, Jasmyne",USC,Big Ten,Long Jump,2016,FR-1,,,5.78,m,UCLA vs. USC Dual Meet,2016-05-01,,,-0.8,Outdoor,https://www.tfrrs.org/results/43384/2847238/UCLA_vs_USC_Dual_Meet/Long-Jump,TFRRS all_performances
337,"Graham, Jasmyne",USC,Big Ten,Long Jump,2016,FR-1,,,5.93,m,UCLA vs. USC Dual Meet,2016-05-01,,,-2.1,Outdoor,https://www.tfrrs.org/results/43384/2847238/UCLA_vs_USC_Dual_Meet/Long-Jump,TFRRS all_performances
338,"Jones, Margaux",USC,Big Ten,Long Jump,2016,FR-1,,,5.77,m,UCLA vs. USC Dual Meet,2016-05-01,,,+0.0,Outdoor,https://www.tfrrs.org/results/43384/2847238/UCLA_vs_USC_Dual_Meet/Long-Jump,TFRRS all_performances
339,"Jones, Margaux",USC,Big Ten,Long Jump,2016,FR-1,,,6.08,m,UCLA vs. USC Dual Meet,2016-05-01,,,+0.0,Outdoor,https://www.tfrrs.org/results/43384/2847238/UCLA_vs_USC_Dual_Meet/Long-Jump,TFRRS all_performances
340,"Jones, Margaux",USC,Big Ten,Long Jump,2016,FR-1,,,6.12,m,UCLA vs. USC Dual Meet,2016-05-01,,,+0.0,Outdoor,https://www.tfrrs.org/results/43384/2847238/UCLA_vs_USC_Dual_Meet/Long-Jump,TFRRS all_performances
341,"Jones, Margaux",USC,Big Ten,Long Jump,2016,FR-1,,,6.16,m,UCLA vs. USC Dual Meet,2016-05-01,,,-0.5,Outdoor,https://www.tfrrs.org/results/43384/2847238/UCLA_vs_USC_Dual_Meet/Long-Jump,TFRRS all_performances
342,"Richards, Madisen",USC,Big Ten,Long Jump,2016,SO-2,,,5.58,m,UCLA vs. USC Dual Meet,2016-05-01,,,+0.0,Outdoor,https://www.tfrrs.org/results/43384/2847238/UCLA_vs_USC_Dual_Meet/Long-Jump,TFRRS all_performances
343,"Richards, Madisen",USC,Big Ten,Long Jump,2016,SO-2,,,5.61,m,UCLA vs. USC Dual Meet,2016-05-01,,,+0.0,Outdoor,https://www.tfrrs.org/results/43384/2847238/UCLA_vs_USC_Dual_Meet/Long-Jump,TFRRS all_performances
344,"Richards, Madisen",USC,Big Ten,Long Jump,2016,SO-2,,,5.77,m,UCLA vs. USC Dual Meet,2016-05-01,,,+0.0,Outdoor,https://www.tfrrs.org/results/43384/2847238/UCLA_vs_USC_Dual_Meet/Long-Jump,TFRRS all_performances
345,"Iuel, Amalie",USC,Big Ten,100H,2016,JR-3,,,13.81,seconds,Pac-12 Combined Events Championships,2016-05-07,,,-0.7,Outdoor,https://www.tfrrs.org/results/45707/2865731/Pac-12_Combined_Events_Championships/100-Hurdles,TFRRS all_performances
346,"Lopes, Lyndsey",USC,Big Ten,100H,2016,FR-1,,,14.18,seconds,Pac-12 Combined Events Championships,2016-05-07,,,0.2,Outdoor,https://www.tfrrs.org/results/45707/2865731/Pac-12_Combined_Events_Championships/100-Hurdles,TFRRS all_performances
347,"Iuel, Amalie",USC,Big Ten,Long Jump,2016,JR-3,,,5.30,m,Pac-12 Combined Events Championships,2016-05-07,,,-1.2,Outdoor,https://www.tfrrs.org/results/45707/2865735/Pac-12_Combined_Events_Championships/Long-Jump,TFRRS all_performances
348,"Iuel, Amalie",USC,Big Ten,Long Jump,2016,JR-3,,,5.89,m,Pac-12 Combined Events Championships,2016-05-07,,,-1.1,Outdoor,https://www.tfrrs.org/results/45707/2865735/Pac-12_Combined_Events_Championships/Long-Jump,TFRRS all_performances
349,"Lopes, Lyndsey",USC,Big Ten,Long Jump,2016,FR-1,,,5.20,m,Pac-12 Combined Events Championships,2016-05-07,,,0.3,Outdoor,https://www.tfrrs.org/results/45707/2865735/Pac-12_Combined_Events_Championships/Long-Jump,TFRRS all_performances
350,"Lopes, Lyndsey",USC,Big Ten,Long Jump,2016,FR-1,,,5.25,m,Pac-12 Combined Events Championships,2016-05-07,,,-1.5,Outdoor,https://www.tfrrs.org/results/45707/2865735/Pac-12_Combined_Events_Championships/Long-Jump,TFRRS all_performances
351,"Graham, Jasmyne",USC,Big Ten,100H,2016,FR-1,,,13.48,seconds,Pac-12 Outdoor Track & Field Championships,2016-05-14,,,-0.5,Outdoor,https://www.tfrrs.org/results/45708/2877264/Pac-12_Outdoor_Track__Field_Championships/100-Hurdles,TFRRS all_performances
352,"Graham, Jasmyne",USC,Big Ten,100H,2016,FR-1,,,13.60,seconds,Pac-12 Outdoor Track & Field Championships,2016-05-14,,,1.0,Outdoor,https://www.tfrrs.org/results/45708/2877264/Pac-12_Outdoor_Track__Field_Championships/100-Hurdles,TFRRS all_performances
353,"Iuel, Amalie",USC,Big Ten,100H,2016,JR-3,,,13.81,seconds,Pac-12 Outdoor Track & Field Championships,2016-05-14,,,-0.7,Outdoor,https://www.tfrrs.org/results/45708/2877306/Pac-12_Outdoor_Track__Field_Championships/100-Hurdles,TFRRS all_performances
354,"Iuel, Amalie",USC,Big Ten,100H,2016,JR-3,,,14.18,seconds,Pac-12 Outdoor Track & Field Championships,2016-05-14,,,0.2,Outdoor,https://www.tfrrs.org/results/45708/2877264/Pac-12_Outdoor_Track__Field_Championships/100-Hurdles,TFRRS all_performances
355,"Lopes, Lyndsey",USC,Big Ten,100H,2016,FR-1,,,14.18,seconds,Pac-12 Outdoor Track & Field Championships,2016-05-14,,,0.2,Outdoor,https://www.tfrrs.org/results/45708/2877306/Pac-12_Outdoor_Track__Field_Championships/100-Hurdles,TFRRS all_performances
356,"Lopes, Lyndsey",USC,Big Ten,100H,2016,FR-1,,,14.37,seconds,Pac-12 Outdoor Track & Field Championships,2016-05-14,,,0.2,Outdoor,https://www.tfrrs.org/results/45708/2877264/Pac-12_Outdoor_Track__Field_Championships/100-Hurdles,TFRRS all_performances
357,"Iuel, Amalie",USC,Big Ten,400H,2016,JR-3,,,59.04,seconds,Pac-12 Outdoor Track & Field Championships,2016-05-14,,,,Outdoor,https://www.tfrrs.org/results/45708/2877263/Pac-12_Outdoor_Track__Field_Championships/400-Hurdles,TFRRS all_performances
358,"Stepter, Jaide",USC,Big Ten,400H,2016,SR-4,,,55.22,seconds,Pac-12 Outdoor Track & Field Championships,2016-05-14,,,,Outdoor,https://www.tfrrs.org/results/45708/2877263/Pac-12_Outdoor_Track__Field_Championships/400-Hurdles,TFRRS all_performances
359,"Stepter, Jaide",USC,Big Ten,400H,2016,SR-4,,,55.95,seconds,Pac-12 Outdoor Track & Field Championships,2016-05-14,,,,Outdoor,https://www.tfrrs.org/results/45708/2877263/Pac-12_Outdoor_Track__Field_Championships/400-Hurdles,TFRRS all_performances
360,"Ellis, Kendall",USC,Big Ten,400m,2016,SO-2,,,53.56,seconds,Pac-12 Outdoor Track & Field Championships,2016-05-14,,,,Outdoor,https://www.tfrrs.org/results/45708/2877289/Pac-12_Outdoor_Track__Field_Championships/400-Meters,TFRRS all_performances
361,"Ellis, Kendall",USC,Big Ten,400m,2016,SO-2,,,54.11,seconds,Pac-12 Outdoor Track & Field Championships,2016-05-14,,,,Outdoor,https://www.tfrrs.org/results/45708/2877289/Pac-12_Outdoor_Track__Field_Championships/400-Meters,TFRRS all_performances
362,"Pettigrew, Cameron",USC,Big Ten,400m,2016,JR-3,,,53.62,seconds,Pac-12 Outdoor Track & Field Championships,2016-05-14,,,,Outdoor,https://www.tfrrs.org/results/45708/2877289/Pac-12_Outdoor_Track__Field_Championships/400-Meters,TFRRS all_performances
363,"Pettigrew, Cameron",USC,Big Ten,400m,2016,JR-3,,,54.40,seconds,Pac-12 Outdoor Track & Field Championships,2016-05-14,,,,Outdoor,https://www.tfrrs.org/results/45708/2877289/Pac-12_Outdoor_Track__Field_Championships/400-Meters,TFRRS all_performances
364,"Faulknor, Alexis",USC,Big Ten,Long Jump,2016,SR-4,,,5.41,m,Pac-12 Outdoor Track & Field Championships,2016-05-14,,,0.1,Outdoor,https://www.tfrrs.org/results/45708/2877300/Pac-12_Outdoor_Track__Field_Championships/Long-Jump,TFRRS all_performances
365,"Faulknor, Alexis",USC,Big Ten,Long Jump,2016,SR-4,,,5.63,m,Pac-12 Outdoor Track & Field Championships,2016-05-14,,,0.5,Outdoor,https://www.tfrrs.org/results/45708/2877300/Pac-12_Outdoor_Track__Field_Championships/Long-Jump,TFRRS all_performances
366,"Faulknor, Alexis",USC,Big Ten,Long Jump,2016,SR-4,,,5.66,m,Pac-12 Outdoor Track & Field Championships,2016-05-14,,,-0.7,Outdoor,https://www.tfrrs.org/results/45708/2877300/Pac-12_Outdoor_Track__Field_Championships/Long-Jump,TFRRS all_performances
367,"Faulknor, Alexis",USC,Big Ten,Long Jump,2016,SR-4,,,5.89,m,Pac-12 Outdoor Track & Field Championships,2016-05-14,,,0.8,Outdoor,https://www.tfrrs.org/results/45708/2877300/Pac-12_Outdoor_Track__Field_Championships/Long-Jump,TFRRS all_performances
368,"Faulknor, Alexis",USC,Big Ten,Long Jump,2016,SR-4,,,5.95,m,Pac-12 Outdoor Track & Field Championships,2016-05-14,,,-0.5,Outdoor,https://www.tfrrs.org/results/45708/2877300/Pac-12_Outdoor_Track__Field_Championships/Long-Jump,TFRRS all_performances
369,"Graham, Jasmyne",USC,Big Ten,Long Jump,2016,FR-1,,,5.80,m,Pac-12 Outdoor Track & Field Championships,2016-05-14,,,0.8,Outdoor,https://www.tfrrs.org/results/45708/2877300/Pac-12_Outdoor_Track__Field_Championships/Long-Jump,TFRRS all_performances
370,"Iuel, Amalie",USC,Big Ten,Long Jump,2016,JR-3,,,5.30,m,Pac-12 Outdoor Track & Field Championships,2016-05-14,,,-1.2,Outdoor,https://www.tfrrs.org/results/45708/2877310/Pac-12_Outdoor_Track__Field_Championships/Long-Jump,TFRRS all_performances
371,"Iuel, Amalie",USC,Big Ten,Long Jump,2016,JR-3,,,5.89,m,Pac-12 Outdoor Track & Field Championships,2016-05-14,,,-1.1,Outdoor,https://www.tfrrs.org/results/45708/2877310/Pac-12_Outdoor_Track__Field_Championships/Long-Jump,TFRRS all_performances
372,"Jones, Margaux",USC,Big Ten,Long Jump,2016,FR-1,,,6.14,m,Pac-12 Outdoor Track & Field Championships,2016-05-14,,,+0.0,Outdoor,https://www.tfrrs.org/results/45708/2877300/Pac-12_Outdoor_Track__Field_Championships/Long-Jump,TFRRS all_performances
373,"Jones, Margaux",USC,Big Ten,Long Jump,2016,FR-1,,,6.15,m,Pac-12 Outdoor Track & Field Championships,2016-05-14,,,0.9,Outdoor,https://www.tfrrs.org/results/45708/2877300/Pac-12_Outdoor_Track__Field_Championships/Long-Jump,TFRRS all_performances
374,"Jones, Margaux",USC,Big Ten,Long Jump,2016,FR-1,,,6.16,m,Pac-12 Outdoor Track & Field Championships,2016-05-14,,,0.3,Outdoor,https://www.tfrrs.org/results/45708/2877300/Pac-12_Outdoor_Track__Field_Championships/Long-Jump,TFRRS all_performances
375,"Jones, Margaux",USC,Big Ten,Long Jump,2016,FR-1,,,6.22,m,Pac-12 Outdoor Track & Field Championships,2016-05-14,,,-0.1,Outdoor,https://www.tfrrs.org/results/45708/2877300/Pac-12_Outdoor_Track__Field_Championships/Long-Jump,TFRRS all_performances
376,"Lopes, Lyndsey",USC,Big Ten,Long Jump,2016,FR-1,,,5.20,m,Pac-12 Outdoor Track & Field Championships,2016-05-14,,,0.3,Outdoor,https://www.tfrrs.org/results/45708/2877310/Pac-12_Outdoor_Track__Field_Championships/Long-Jump,TFRRS all_performances
377,"Lopes, Lyndsey",USC,Big Ten,Long Jump,2016,FR-1,,,5.23,m,Pac-12 Outdoor Track & Field Championships,2016-05-14,,,0.2,Outdoor,https://www.tfrrs.org/results/45708/2877300/Pac-12_Outdoor_Track__Field_Championships/Long-Jump,TFRRS all_performances
378,"Lopes, Lyndsey",USC,Big Ten,Long Jump,2016,FR-1,,,5.25,m,Pac-12 Outdoor Track & Field Championships,2016-05-14,,,-1.5,Outdoor,https://www.tfrrs.org/results/45708/2877310/Pac-12_Outdoor_Track__Field_Championships/Long-Jump,TFRRS all_performances
379,"Lopes, Lyndsey",USC,Big Ten,Long Jump,2016,FR-1,,,5.32,m,Pac-12 Outdoor Track & Field Championships,2016-05-14,,,1.9,Outdoor,https://www.tfrrs.org/results/45708/2877300/Pac-12_Outdoor_Track__Field_Championships/Long-Jump,TFRRS all_performances
380,"Lopes, Lyndsey",USC,Big Ten,Long Jump,2016,FR-1,,,5.34,m,Pac-12 Outdoor Track & Field Championships,2016-05-14,,,1.2,Outdoor,https://www.tfrrs.org/results/45708/2877300/Pac-12_Outdoor_Track__Field_Championships/Long-Jump,TFRRS all_performances
381,"Richards, Madisen",USC,Big Ten,Long Jump,2016,SO-2,,,5.10,m,Pac-12 Outdoor Track & Field Championships,2016-05-14,,,0.2,Outdoor,https://www.tfrrs.org/results/45708/2877300/Pac-12_Outdoor_Track__Field_Championships/Long-Jump,TFRRS all_performances
382,"Richards, Madisen",USC,Big Ten,Long Jump,2016,SO-2,,,5.40,m,Pac-12 Outdoor Track & Field Championships,2016-05-14,,,0.7,Outdoor,https://www.tfrrs.org/results/45708/2877300/Pac-12_Outdoor_Track__Field_Championships/Long-Jump,TFRRS all_performances
383,"Richards, Madisen",USC,Big Ten,Long Jump,2016,SO-2,,,5.47,m,Pac-12 Outdoor Track & Field Championships,2016-05-14,,,1.7,Outdoor,https://www.tfrrs.org/results/45708/2877300/Pac-12_Outdoor_Track__Field_Championships/Long-Jump,TFRRS all_performances
384,"Graham, Jasmyne",USC,Big Ten,100H,2016,FR-1,,,13.37,seconds,NCAA Division I - West Preliminary Round,2016-05-26,,,0.8,Outdoor,https://www.tfrrs.org/results/46681/2882659/NCAA_Division_I_-_West_Preliminary_Round/100-Hurdles,TFRRS all_performances
385,"Iuel, Amalie",USC,Big Ten,400H,2016,JR-3,,,56.90,seconds,NCAA Division I - West Preliminary Round,2016-05-26,,,,Outdoor,https://www.tfrrs.org/results/46681/2882643/NCAA_Division_I_-_West_Preliminary_Round/400-Hurdles,TFRRS all_performances
386,"Stepter, Jaide",USC,Big Ten,400H,2016,SR-4,,,56.87,seconds,NCAA Division I - West Preliminary Round,2016-05-26,,,,Outdoor,https://www.tfrrs.org/results/46681/2882643/NCAA_Division_I_-_West_Preliminary_Round/400-Hurdles,TFRRS all_performances
387,"Ellis, Kendall",USC,Big Ten,400m,2016,SO-2,,,52.91,seconds,NCAA Division I - West Preliminary Round,2016-05-26,,,,Outdoor,https://www.tfrrs.org/results/46681/2882658/NCAA_Division_I_-_West_Preliminary_Round/400-Meters,TFRRS all_performances
388,"Pettigrew, Cameron",USC,Big Ten,400m,2016,JR-3,,,54.38,seconds,NCAA Division I - West Preliminary Round,2016-05-26,,,,Outdoor,https://www.tfrrs.org/results/46681/2882658/NCAA_Division_I_-_West_Preliminary_Round/400-Meters,TFRRS all_performances
389,"Faulknor, Alexis",USC,Big Ten,Long Jump,2016,SR-4,,,6.02,m,NCAA Division I - West Preliminary Round,2016-05-26,,,+0.0,Outdoor,https://www.tfrrs.org/results/46681/2882654/NCAA_Division_I_-_West_Preliminary_Round/Long-Jump,TFRRS all_performances
390,"Jones, Margaux",USC,Big Ten,Long Jump,2016,FR-1,,,6.02,m,NCAA Division I - West Preliminary Round,2016-05-26,,,+0.0,Outdoor,https://www.tfrrs.org/results/46681/2882654/NCAA_Division_I_-_West_Preliminary_Round/Long-Jump,TFRRS all_performances
391,"Jones, Margaux",USC,Big Ten,Long Jump,2016,FR-1,,,6.07,m,NCAA Division I - West Preliminary Round,2016-05-26,,,+0.0,Outdoor,https://www.tfrrs.org/results/46681/2882654/NCAA_Division_I_-_West_Preliminary_Round/Long-Jump,TFRRS all_performances
392,"Jones, Margaux",USC,Big Ten,Long Jump,2016,FR-1,,,6.20,m,NCAA Division I - West Preliminary Round,2016-05-26,,,+0.0,Outdoor,https://www.tfrrs.org/results/46681/2882654/NCAA_Division_I_-_West_Preliminary_Round/Long-Jump,TFRRS all_performances
393,"Iuel, Amalie",USC,Big Ten,400H,2016,JR-3,,,56.88,seconds,NCAA Division I Track & Field Championships,2016-06-08,,,,Outdoor,https://www.tfrrs.org/results/46699/2884162/NCAA_Division_I_Track__Field_Championships/400-Hurdles,TFRRS all_performances
394,"Stepter, Jaide",USC,Big Ten,400H,2016,SR-4,,,55.30,seconds,NCAA Division I Track & Field Championships,2016-06-08,,,,Outdoor,https://www.tfrrs.org/results/46699/2884162/NCAA_Division_I_Track__Field_Championships/400-Hurdles,TFRRS all_performances
395,"Stepter, Jaide",USC,Big Ten,400H,2016,SR-4,,,56.18,seconds,NCAA Division I Track & Field Championships,2016-06-08,,,,Outdoor,https://www.tfrrs.org/results/46699/2884162/NCAA_Division_I_Track__Field_Championships/400-Hurdles,TFRRS all_performances
396,"Ellis, Kendall",USC,Big Ten,400m,2016,SO-2,,,52.59,seconds,NCAA Division I Track & Field Championships,2016-06-08,,,,Outdoor,https://www.tfrrs.org/results/46699/2884185/NCAA_Division_I_Track__Field_Championships/400-Meters,TFRRS all_performances
397,"Faulknor, Alexis",USC,Big Ten,Long Jump,2016,SR-4,,,5.96,m,NCAA Division I Track & Field Championships,2016-06-08,,,-0.7,Outdoor,https://www.tfrrs.org/results/46699/2884173/NCAA_Division_I_Track__Field_Championships/Long-Jump,TFRRS all_performances
398,"Faulknor, Alexis",USC,Big Ten,Long Jump,2016,SR-4,,,6.21,m,NCAA Division I Track & Field Championships,2016-06-08,,,-0.2,Outdoor,https://www.tfrrs.org/results/46699/2884173/NCAA_Division_I_Track__Field_Championships/Long-Jump,TFRRS all_performances
399,"Jones, Margaux",USC,Big Ten,Long Jump,2016,FR-1,,,6.01,m,NCAA Division I Track & Field Championships,2016-06-08,,,-0.6,Outdoor,https://www.tfrrs.org/results/46699/2884173/NCAA_Division_I_Track__Field_Championships/Long-Jump,TFRRS all_performances
400,"Jones, Margaux",USC,Big Ten,Long Jump,2016,FR-1,,,6.15,m,NCAA Division I Track & Field Championships,2016-06-08,,,-0.3,Outdoor,https://www.tfrrs.org/results/46699/2884173/NCAA_Division_I_Track__Field_Championships/Long-Jump,TFRRS all_performances
401,"Jones, Margaux",USC,Big Ten,Long Jump,2016,FR-1,,,6.23,m,NCAA Division I Track & Field Championships,2016-06-08,,,-0.8,Outdoor,https://www.tfrrs.org/results/46699/2884173/NCAA_Division_I_Track__Field_Championships/Long-Jump,TFRRS all_performances
402,"Hill, Morganne",Washington,Big Ten,100H,2016,FR-1,,,14.71,seconds,Pac-12 vs Big 10 Invitational,2016-03-25,,,0.9,Outdoor,https://www.tfrrs.org/results/44896/2740079/Pac-12_vs_Big_10_Invitational/100-Hurdles,TFRRS all_performances
403,"Sophusson Smith, Naivasha",Washington,Big Ten,100H,2016,JR-3,,,14.18,seconds,Pac-12 vs Big 10 Invitational,2016-03-25,,,0.9,Outdoor,https://www.tfrrs.org/results/44896/2740079/Pac-12_vs_Big_10_Invitational/100-Hurdles,TFRRS all_performances
404,"Hill, Morganne",Washington,Big Ten,400H,2016,FR-1,,,1:01.21,seconds,Pac-12 vs Big 10 Invitational,2016-03-25,,,,Outdoor,https://www.tfrrs.org/results/44896/2740081/Pac-12_vs_Big_10_Invitational/400-Hurdles,TFRRS all_performances
405,"Lester, Carly",Washington,Big Ten,400H,2016,FR-1,,,1:01.98,seconds,Pac-12 vs Big 10 Invitational,2016-03-25,,,,Outdoor,https://www.tfrrs.org/results/44896/2740081/Pac-12_vs_Big_10_Invitational/400-Hurdles,TFRRS all_performances
406,"Birkenfeld, Carolyn",Washington,Big Ten,400m,2016,SO-2,,,56.15,seconds,Pac-12 vs Big 10 Invitational,2016-03-25,,,,Outdoor,https://www.tfrrs.org/results/44896/2740103/Pac-12_vs_Big_10_Invitational/400-Meters,TFRRS all_performances
407,"Derby, Hannah",Washington,Big Ten,400m,2016,FR-1,,,55.69,seconds,Pac-12 vs Big 10 Invitational,2016-03-25,,,,Outdoor,https://www.tfrrs.org/results/44896/2740103/Pac-12_vs_Big_10_Invitational/400-Meters,TFRRS all_performances
408,"Ford, Alexis",Washington,Big Ten,400m,2016,SR-4,,,57.03,seconds,Pac-12 vs Big 10 Invitational,2016-03-25,,,,Outdoor,https://www.tfrrs.org/results/44896/2740103/Pac-12_vs_Big_10_Invitational/400-Meters,TFRRS all_performances
409,"Mires, Baylee",Washington,Big Ten,400m,2016,SR-4,,,56.45,seconds,Pac-12 vs Big 10 Invitational,2016-03-25,,,,Outdoor,https://www.tfrrs.org/results/44896/2740103/Pac-12_vs_Big_10_Invitational/400-Meters,TFRRS all_performances
410,"Adler, Kate",Washington,Big Ten,Long Jump,2016,SO-2,,,5.15,m,Pac-12 vs Big 10 Invitational,2016-03-25,,,0.5,Outdoor,https://www.tfrrs.org/results/44896/2740092/Pac-12_vs_Big_10_Invitational/Long-Jump,TFRRS all_performances
411,"Adler, Kate",Washington,Big Ten,Long Jump,2016,SO-2,,,5.45,m,Pac-12 vs Big 10 Invitational,2016-03-25,,,0.8,Outdoor,https://www.tfrrs.org/results/44896/2740092/Pac-12_vs_Big_10_Invitational/Long-Jump,TFRRS all_performances
412,"Bouyer, Kennadi",Washington,Big Ten,Long Jump,2016,JR-3,,,5.70,m,Pac-12 vs Big 10 Invitational,2016-03-25,,,+0.0,Outdoor,https://www.tfrrs.org/results/44896/2740092/Pac-12_vs_Big_10_Invitational/Long-Jump,TFRRS all_performances
413,"Smith, C.J.",Washington,Big Ten,Long Jump,2016,SR-4,,,5.41,m,Pac-12 vs Big 10 Invitational,2016-03-25,,,0.5,Outdoor,https://www.tfrrs.org/results/44896/2740092/Pac-12_vs_Big_10_Invitational/Long-Jump,TFRRS all_performances
414,"Smith, C.J.",Washington,Big Ten,Long Jump,2016,SR-4,,,5.49,m,Pac-12 vs Big 10 Invitational,2016-03-25,,,+0.0,Outdoor,https://www.tfrrs.org/results/44896/2740092/Pac-12_vs_Big_10_Invitational/Long-Jump,TFRRS all_performances
415,"Smith, C.J.",Washington,Big Ten,Long Jump,2016,SR-4,,,5.53,m,Pac-12 vs Big 10 Invitational,2016-03-25,,,1.7,Outdoor,https://www.tfrrs.org/results/44896/2740092/Pac-12_vs_Big_10_Invitational/Long-Jump,TFRRS all_performances
416,"Smith, C.J.",Washington,Big Ten,100H,2016,SR-4,,,15.02,seconds,Stanford Invitational,2016-04-01,,,0.6,Outdoor,https://www.tfrrs.org/results/45256/2762439/Stanford_Invitational/100-Hurdles,TFRRS all_performances
417,"Sophusson Smith, Naivasha",Washington,Big Ten,100H,2016,JR-3,,,14.42,seconds,Pepsi Invitational,2016-04-09,,,0.9,Outdoor,https://www.tfrrs.org/results/43371/2781336/Pepsi_Invitational/100-Hurdles,TFRRS all_performances
418,"Stueckle, Kimberly",Washington,Big Ten,100H,2016,SR-4,,,14.55,seconds,Pepsi Invitational,2016-04-09,,,0.9,Outdoor,https://www.tfrrs.org/results/43371/2781336/Pepsi_Invitational/100-Hurdles,TFRRS all_performances
419,"Hill, Morganne",Washington,Big Ten,400H,2016,FR-1,,,1:01.27,seconds,Pepsi Invitational,2016-04-09,,,,Outdoor,https://www.tfrrs.org/results/43371/2781354/Pepsi_Invitational/400-Hurdles,TFRRS all_performances
420,"Lester, Carly",Washington,Big Ten,400H,2016,FR-1,,,1:03.07,seconds,Pepsi Invitational,2016-04-09,,,,Outdoor,https://www.tfrrs.org/results/43371/2781354/Pepsi_Invitational/400-Hurdles,TFRRS all_performances
421,"Apostol, Imani",Washington,Big Ten,400m,2016,FR-1,,,57.83,seconds,Pepsi Invitational,2016-04-09,,,,Outdoor,https://www.tfrrs.org/results/43371/2781357/Pepsi_Invitational/400-Meters,TFRRS all_performances
422,"Birkenfeld, Carolyn",Washington,Big Ten,400m,2016,SO-2,,,57.22,seconds,Pepsi Invitational,2016-04-09,,,,Outdoor,https://www.tfrrs.org/results/43371/2781357/Pepsi_Invitational/400-Meters,TFRRS all_performances
423,"Ford, Alexis",Washington,Big Ten,400m,2016,SR-4,,,57.03,seconds,Pepsi Invitational,2016-04-09,,,,Outdoor,https://www.tfrrs.org/results/43371/2781357/Pepsi_Invitational/400-Meters,TFRRS all_performances
424,"Adler, Kate",Washington,Big Ten,Long Jump,2016,SO-2,,,5.39,m,Pepsi Invitational,2016-04-09,,,1.3,Outdoor,https://www.tfrrs.org/results/43371/2781364/Pepsi_Invitational/Long-Jump,TFRRS all_performances
425,"Adler, Kate",Washington,Big Ten,Long Jump,2016,SO-2,,,5.51,m,Pepsi Invitational,2016-04-09,,,1.4,Outdoor,https://www.tfrrs.org/results/43371/2781364/Pepsi_Invitational/Long-Jump,TFRRS all_performances
426,"Bouyer, Kennadi",Washington,Big Ten,Long Jump,2016,JR-3,,,5.75,m,Pepsi Invitational,2016-04-09,,,1.9,Outdoor,https://www.tfrrs.org/results/43371/2781364/Pepsi_Invitational/Long-Jump,TFRRS all_performances
427,"Budinich, Ericka",Washington,Big Ten,100H,2016,FR-1,,,17.19,seconds,Mt. SAC Relays/CA Invitational Multi Events,2016-04-13,,,-0.8,Outdoor,https://www.tfrrs.org/results/43242/2854300/Mt_SAC_Relays_CA_Invitational_Multi_Events/100-Hurdles,TFRRS all_performances
428,"Smith, C.J.",Washington,Big Ten,100H,2016,SR-4,,,15.13,seconds,Mt. SAC Relays/CA Invitational Multi Events,2016-04-13,,,0.4,Outdoor,https://www.tfrrs.org/results/43242/2854300/Mt_SAC_Relays_CA_Invitational_Multi_Events/100-Hurdles,TFRRS all_performances
429,"Budinich, Ericka",Washington,Big Ten,Long Jump,2016,FR-1,,,4.89,m,Mt. SAC Relays/CA Invitational Multi Events,2016-04-13,,,+0.0,Outdoor,https://www.tfrrs.org/results/43242/2854304/Mt_SAC_Relays_CA_Invitational_Multi_Events/Long-Jump,TFRRS all_performances
430,"Budinich, Ericka",Washington,Big Ten,Long Jump,2016,FR-1,,,5.28,m,Mt. SAC Relays/CA Invitational Multi Events,2016-04-13,,,+0.0,Outdoor,https://www.tfrrs.org/results/43242/2854304/Mt_SAC_Relays_CA_Invitational_Multi_Events/Long-Jump,TFRRS all_performances
431,"Smith, C.J.",Washington,Big Ten,Long Jump,2016,SR-4,,,5.40,m,Mt. SAC Relays/CA Invitational Multi Events,2016-04-13,,,-0.3,Outdoor,https://www.tfrrs.org/results/43242/2854304/Mt_SAC_Relays_CA_Invitational_Multi_Events/Long-Jump,TFRRS all_performances
432,"Sophusson Smith, Naivasha",Washington,Big Ten,100H,2016,SR,,,14.45,seconds,Mt. SAC Relays,2016-04-14,,,-0.6,Outdoor,https://www.tfrrs.org/results/45871/2806851/Mt_SAC_Relays/100-Hurdles,TFRRS all_performances
433,"Stueckle, Kimberly",Washington,Big Ten,100H,2016,,,,14.73,seconds,Mt. SAC Relays,2016-04-14,,,-1.4,Outdoor,https://www.tfrrs.org/results/45871/2806851/Mt_SAC_Relays/100-Hurdles,TFRRS all_performances
434,"Birkenfeld, Carolyn",Washington,Big Ten,400m,2016,JR-3,,,56.14,seconds,Mt. SAC Relays,2016-04-14,,,,Outdoor,https://www.tfrrs.org/results/45871/2806829/Mt_SAC_Relays/400-Meters,TFRRS all_performances
435,"Ford, Alexis",Washington,Big Ten,400m,2016,,,,54.96,seconds,Mt. SAC Relays,2016-04-14,,,,Outdoor,https://www.tfrrs.org/results/45871/2806829/Mt_SAC_Relays/400-Meters,TFRRS all_performances
436,"Sophusson Smith, Naivasha",Washington,Big Ten,100H,2016,JR-3,,,13.98,seconds,Beach Invitational,2016-04-15,,,0.4,Outdoor,https://www.tfrrs.org/results/45870/2809531/Beach_Invitational/100-Hurdles,TFRRS all_performances
437,"Armstead, Krista",Washington,Big Ten,400H,2016,SR-4,,,1:02.91,seconds,Beach Invitational,2016-04-15,,,,Outdoor,https://www.tfrrs.org/results/45870/2809548/Beach_Invitational/400-Hurdles,TFRRS all_performances
438,"Hill, Morganne",Washington,Big Ten,400H,2016,FR-1,,,1:00.92,seconds,Beach Invitational,2016-04-15,,,,Outdoor,https://www.tfrrs.org/results/45870/2809548/Beach_Invitational/400-Hurdles,TFRRS all_performances
439,"Lester, Carly",Washington,Big Ten,400H,2016,FR-1,,,1:01.06,seconds,Beach Invitational,2016-04-15,,,,Outdoor,https://www.tfrrs.org/results/45870/2809548/Beach_Invitational/400-Hurdles,TFRRS all_performances
440,"Birkenfeld, Carolyn",Washington,Big Ten,400m,2016,SO-2,,,56.73,seconds,Beach Invitational,2016-04-15,,,,Outdoor,https://www.tfrrs.org/results/45870/2809536/Beach_Invitational/400-Meters,TFRRS all_performances
441,"Ford, Alexis",Washington,Big Ten,400m,2016,SR-4,,,55.31,seconds,Beach Invitational,2016-04-15,,,,Outdoor,https://www.tfrrs.org/results/45870/2809536/Beach_Invitational/400-Meters,TFRRS all_performances
442,"Adler, Kate",Washington,Big Ten,Long Jump,2016,SO-2,,,5.24,m,Beach Invitational,2016-04-15,,,+0.0,Outdoor,https://www.tfrrs.org/results/45870/2809525/Beach_Invitational/Long-Jump,TFRRS all_performances
443,"Adler, Kate",Washington,Big Ten,Long Jump,2016,SO-2,,,5.54,m,Beach Invitational,2016-04-15,,,1.6,Outdoor,https://www.tfrrs.org/results/45870/2809525/Beach_Invitational/Long-Jump,TFRRS all_performances
444,"Adler, Kate",Washington,Big Ten,Long Jump,2016,SO-2,,,5.59,m,Beach Invitational,2016-04-15,,,1.0,Outdoor,https://www.tfrrs.org/results/45870/2809525/Beach_Invitational/Long-Jump,TFRRS all_performances
445,"Hill, Morganne",Washington,Big Ten,100H,2016,FR-1,,,14.48,seconds,WSU-UW Dual Meet,2016-04-23,,,0.6,Outdoor,https://www.tfrrs.org/results/44391/2827758/_WSU-UW_Dual_Meet/100-Hurdles,TFRRS all_performances
446,"Sophusson Smith, Naivasha",Washington,Big Ten,100H,2016,JR-3,,,13.81,seconds,WSU-UW Dual Meet,2016-04-23,,,0.6,Outdoor,https://www.tfrrs.org/results/44391/2827758/_WSU-UW_Dual_Meet/100-Hurdles,TFRRS all_performances
447,"Stueckle, Kimberly",Washington,Big Ten,100H,2016,SR-4,,,14.22,seconds,WSU-UW Dual Meet,2016-04-23,,,0.6,Outdoor,https://www.tfrrs.org/results/44391/2827758/_WSU-UW_Dual_Meet/100-Hurdles,TFRRS all_performances
448,"Armstead, Krista",Washington,Big Ten,400H,2016,SR-4,,,1:02.44,seconds,WSU-UW Dual Meet,2016-04-23,,,,Outdoor,https://www.tfrrs.org/results/44391/2827768/_WSU-UW_Dual_Meet/400-Hurdles,TFRRS all_performances
449,"Harris, Nicole",Washington,Big Ten,400H,2016,SR-4,,,1:04.61,seconds,WSU-UW Dual Meet,2016-04-23,,,,Outdoor,https://www.tfrrs.org/results/44391/2827768/_WSU-UW_Dual_Meet/400-Hurdles,TFRRS all_performances
450,"Hill, Morganne",Washington,Big Ten,400H,2016,FR-1,,,1:00.94,seconds,WSU-UW Dual Meet,2016-04-23,,,,Outdoor,https://www.tfrrs.org/results/44391/2827768/_WSU-UW_Dual_Meet/400-Hurdles,TFRRS all_performances
451,"Lester, Carly",Washington,Big Ten,400H,2016,FR-1,,,1:00.87,seconds,WSU-UW Dual Meet,2016-04-23,,,,Outdoor,https://www.tfrrs.org/results/44391/2827768/_WSU-UW_Dual_Meet/400-Hurdles,TFRRS all_performances
452,"Apostol, Imani",Washington,Big Ten,400m,2016,FR-1,,,57.68,seconds,WSU-UW Dual Meet,2016-04-23,,,,Outdoor,https://www.tfrrs.org/results/44391/2827765/_WSU-UW_Dual_Meet/400-Meters,TFRRS all_performances
453,"Birkenfeld, Carolyn",Washington,Big Ten,400m,2016,SO-2,,,55.99,seconds,WSU-UW Dual Meet,2016-04-23,,,,Outdoor,https://www.tfrrs.org/results/44391/2827765/_WSU-UW_Dual_Meet/400-Meters,TFRRS all_performances
454,"Derby, Hannah",Washington,Big Ten,400m,2016,FR-1,,,55.63,seconds,WSU-UW Dual Meet,2016-04-23,,,,Outdoor,https://www.tfrrs.org/results/44391/2827765/_WSU-UW_Dual_Meet/400-Meters,TFRRS all_performances
455,"Ford, Alexis",Washington,Big Ten,400m,2016,SR-4,,,57.12,seconds,WSU-UW Dual Meet,2016-04-23,,,,Outdoor,https://www.tfrrs.org/results/44391/2827765/_WSU-UW_Dual_Meet/400-Meters,TFRRS all_performances
456,"Adler, Kate",Washington,Big Ten,Long Jump,2016,SO-2,,,5.47,m,WSU-UW Dual Meet,2016-04-23,,,1.2,Outdoor,https://www.tfrrs.org/results/44391/2827781/_WSU-UW_Dual_Meet/Long-Jump,TFRRS all_performances
457,"Adler, Kate",Washington,Big Ten,Long Jump,2016,SO-2,,,5.70,m,WSU-UW Dual Meet,2016-04-23,,,0.3,Outdoor,https://www.tfrrs.org/results/44391/2827781/_WSU-UW_Dual_Meet/Long-Jump,TFRRS all_performances
458,"Baron, Ciana",Washington,Big Ten,Long Jump,2016,JR-3,,,4.55,m,WSU-UW Dual Meet,2016-04-23,,,1.6,Outdoor,https://www.tfrrs.org/results/44391/2827781/_WSU-UW_Dual_Meet/Long-Jump,TFRRS all_performances
459,"Bouyer, Kennadi",Washington,Big Ten,Long Jump,2016,JR-3,,,5.83,m,WSU-UW Dual Meet,2016-04-23,,,1.2,Outdoor,https://www.tfrrs.org/results/44391/2827781/_WSU-UW_Dual_Meet/Long-Jump,TFRRS all_performances
460,"Bouyer, Kennadi",Washington,Big Ten,Long Jump,2016,JR-3,,,5.87,m,WSU-UW Dual Meet,2016-04-23,,,1.6,Outdoor,https://www.tfrrs.org/results/44391/2827781/_WSU-UW_Dual_Meet/Long-Jump,TFRRS all_performances
461,"Bouyer, Kennadi",Washington,Big Ten,Long Jump,2016,JR-3,,,5.94,m,WSU-UW Dual Meet,2016-04-23,,,0.4,Outdoor,https://www.tfrrs.org/results/44391/2827781/_WSU-UW_Dual_Meet/Long-Jump,TFRRS all_performances
462,"Bouyer, Kennadi",Washington,Big Ten,Long Jump,2016,JR-3,,,5.96,m,WSU-UW Dual Meet,2016-04-23,,,1.1,Outdoor,https://www.tfrrs.org/results/44391/2827781/_WSU-UW_Dual_Meet/Long-Jump,TFRRS all_performances
463,"Budinich, Ericka",Washington,Big Ten,Long Jump,2016,FR-1,,,5.13,m,WSU-UW Dual Meet,2016-04-23,,,0.6,Outdoor,https://www.tfrrs.org/results/44391/2827781/_WSU-UW_Dual_Meet/Long-Jump,TFRRS all_performances
464,"Budinich, Ericka",Washington,Big Ten,Long Jump,2016,FR-1,,,5.14,m,WSU-UW Dual Meet,2016-04-23,,,1.2,Outdoor,https://www.tfrrs.org/results/44391/2827781/_WSU-UW_Dual_Meet/Long-Jump,TFRRS all_performances
465,"Budinich, Ericka",Washington,Big Ten,Long Jump,2016,FR-1,,,5.29,m,WSU-UW Dual Meet,2016-04-23,,,1.2,Outdoor,https://www.tfrrs.org/results/44391/2827781/_WSU-UW_Dual_Meet/Long-Jump,TFRRS all_performances
466,"Coker, Alanna",Washington,Big Ten,Long Jump,2016,JR-3,,,5.28,m,WSU-UW Dual Meet,2016-04-23,,,1.0,Outdoor,https://www.tfrrs.org/results/44391/2827781/_WSU-UW_Dual_Meet/Long-Jump,TFRRS all_performances
467,"Coker, Alanna",Washington,Big Ten,Long Jump,2016,JR-3,,,5.29,m,WSU-UW Dual Meet,2016-04-23,,,0.6,Outdoor,https://www.tfrrs.org/results/44391/2827781/_WSU-UW_Dual_Meet/Long-Jump,TFRRS all_performances
468,"Smith, C.J.",Washington,Big Ten,Long Jump,2016,SR-4,,,5.14,m,WSU-UW Dual Meet,2016-04-23,,,0.2,Outdoor,https://www.tfrrs.org/results/44391/2827781/_WSU-UW_Dual_Meet/Long-Jump,TFRRS all_performances
469,"Budinich, Ericka",Washington,Big Ten,100H,2016,FR-1,,,20.04,seconds,Ken Shannon Invitational,2016-04-30,,,-0.2,Outdoor,https://www.tfrrs.org/results/44401/2844567/Ken_Shannon_Invitational/100-Hurdles,TFRRS all_performances
470,"Hill, Morganne",Washington,Big Ten,100H,2016,FR-1,,,15.17,seconds,Ken Shannon Invitational,2016-04-30,,,-0.2,Outdoor,https://www.tfrrs.org/results/44401/2844567/Ken_Shannon_Invitational/100-Hurdles,TFRRS all_performances
471,"Sophusson Smith, Naivasha",Washington,Big Ten,100H,2016,JR-3,,,13.85,seconds,Ken Shannon Invitational,2016-04-30,,,-0.2,Outdoor,https://www.tfrrs.org/results/44401/2844567/Ken_Shannon_Invitational/100-Hurdles,TFRRS all_performances
472,"Stueckle, Kimberly",Washington,Big Ten,100H,2016,SR-4,,,14.03,seconds,Ken Shannon Invitational,2016-04-30,,,-0.2,Outdoor,https://www.tfrrs.org/results/44401/2844567/Ken_Shannon_Invitational/100-Hurdles,TFRRS all_performances
473,"Armstead, Krista",Washington,Big Ten,400H,2016,SR-4,,,1:01.98,seconds,Ken Shannon Invitational,2016-04-30,,,,Outdoor,https://www.tfrrs.org/results/44401/2844543/Ken_Shannon_Invitational/400-Hurdles,TFRRS all_performances
474,"Harris, Nicole",Washington,Big Ten,400H,2016,SR-4,,,1:04.03,seconds,Ken Shannon Invitational,2016-04-30,,,,Outdoor,https://www.tfrrs.org/results/44401/2844543/Ken_Shannon_Invitational/400-Hurdles,TFRRS all_performances
475,"Hill, Morganne",Washington,Big Ten,400H,2016,FR-1,,,1:01.20,seconds,Ken Shannon Invitational,2016-04-30,,,,Outdoor,https://www.tfrrs.org/results/44401/2844543/Ken_Shannon_Invitational/400-Hurdles,TFRRS all_performances
476,"Lester, Carly",Washington,Big Ten,400H,2016,FR-1,,,1:01.57,seconds,Ken Shannon Invitational,2016-04-30,,,,Outdoor,https://www.tfrrs.org/results/44401/2844543/Ken_Shannon_Invitational/400-Hurdles,TFRRS all_performances
477,"Apostol, Imani",Washington,Big Ten,400m,2016,FR-1,,,56.36,seconds,Ken Shannon Invitational,2016-04-30,,,,Outdoor,https://www.tfrrs.org/results/44401/2844574/Ken_Shannon_Invitational/400-Meters,TFRRS all_performances
478,"Birkenfeld, Carolyn",Washington,Big Ten,400m,2016,SO-2,,,56.01,seconds,Ken Shannon Invitational,2016-04-30,,,,Outdoor,https://www.tfrrs.org/results/44401/2844574/Ken_Shannon_Invitational/400-Meters,TFRRS all_performances
479,"Ford, Alexis",Washington,Big Ten,400m,2016,SR-4,,,55.42,seconds,Ken Shannon Invitational,2016-04-30,,,,Outdoor,https://www.tfrrs.org/results/44401/2844574/Ken_Shannon_Invitational/400-Meters,TFRRS all_performances
480,"Baron, Ciana",Washington,Big Ten,Long Jump,2016,JR-3,,,4.44,m,Ken Shannon Invitational,2016-04-30,,,1.9,Outdoor,https://www.tfrrs.org/results/44401/2844550/Ken_Shannon_Invitational/Long-Jump,TFRRS all_performances
481,"Baron, Ciana",Washington,Big Ten,Long Jump,2016,JR-3,,,4.53,m,Ken Shannon Invitational,2016-04-30,,,-0.2,Outdoor,https://www.tfrrs.org/results/44401/2844550/Ken_Shannon_Invitational/Long-Jump,TFRRS all_performances
482,"Baron, Ciana",Washington,Big Ten,Long Jump,2016,JR-3,,,4.54,m,Ken Shannon Invitational,2016-04-30,,,-1.1,Outdoor,https://www.tfrrs.org/results/44401/2844550/Ken_Shannon_Invitational/Long-Jump,TFRRS all_performances
483,"Baron, Ciana",Washington,Big Ten,Long Jump,2016,JR-3,,,4.59,m,Ken Shannon Invitational,2016-04-30,,,0.1,Outdoor,https://www.tfrrs.org/results/44401/2844550/Ken_Shannon_Invitational/Long-Jump,TFRRS all_performances
484,"Smith, C.J.",Washington,Big Ten,100H,2016,SR-4,,,14.81,seconds,Pac-12 Combined Events Championships,2016-05-07,,,1.6,Outdoor,https://www.tfrrs.org/results/45707/2865731/Pac-12_Combined_Events_Championships/100-Hurdles,TFRRS all_performances
485,"Smith, C.J.",Washington,Big Ten,Long Jump,2016,SR-4,,,4.97,m,Pac-12 Combined Events Championships,2016-05-07,,,-0.7,Outdoor,https://www.tfrrs.org/results/45707/2865735/Pac-12_Combined_Events_Championships/Long-Jump,TFRRS all_performances
486,"Smith, C.J.",Washington,Big Ten,Long Jump,2016,SR-4,,,5.33,m,Pac-12 Combined Events Championships,2016-05-07,,,0.3,Outdoor,https://www.tfrrs.org/results/45707/2865735/Pac-12_Combined_Events_Championships/Long-Jump,TFRRS all_performances
487,"Smith, C.J.",Washington,Big Ten,100H,2016,SR-4,,,14.81,seconds,Pac-12 Outdoor Track & Field Championships,2016-05-14,,,1.6,Outdoor,https://www.tfrrs.org/results/45708/2877306/Pac-12_Outdoor_Track__Field_Championships/100-Hurdles,TFRRS all_performances
488,"Sophusson Smith, Naivasha",Washington,Big Ten,100H,2016,JR-3,,,13.84,seconds,Pac-12 Outdoor Track & Field Championships,2016-05-14,,,1.0,Outdoor,https://www.tfrrs.org/results/45708/2877264/Pac-12_Outdoor_Track__Field_Championships/100-Hurdles,TFRRS all_performances
489,"Sophusson Smith, Naivasha",Washington,Big Ten,100H,2016,JR-3,,,13.96,seconds,Pac-12 Outdoor Track & Field Championships,2016-05-14,,,-0.5,Outdoor,https://www.tfrrs.org/results/45708/2877264/Pac-12_Outdoor_Track__Field_Championships/100-Hurdles,TFRRS all_performances
490,"Stueckle, Kimberly",Washington,Big Ten,100H,2016,SR-4,,,14.00,seconds,Pac-12 Outdoor Track & Field Championships,2016-05-14,,,0.2,Outdoor,https://www.tfrrs.org/results/45708/2877264/Pac-12_Outdoor_Track__Field_Championships/100-Hurdles,TFRRS all_performances
491,"Stueckle, Kimberly",Washington,Big Ten,100H,2016,SR-4,,,14.10,seconds,Pac-12 Outdoor Track & Field Championships,2016-05-14,,,-0.5,Outdoor,https://www.tfrrs.org/results/45708/2877264/Pac-12_Outdoor_Track__Field_Championships/100-Hurdles,TFRRS all_performances
492,"Armstead, Krista",Washington,Big Ten,400H,2016,SR-4,,,1:02.04,seconds,Pac-12 Outdoor Track & Field Championships,2016-05-14,,,,Outdoor,https://www.tfrrs.org/results/45708/2877263/Pac-12_Outdoor_Track__Field_Championships/400-Hurdles,TFRRS all_performances
493,"Hill, Morganne",Washington,Big Ten,400H,2016,FR-1,,,1:01.88,seconds,Pac-12 Outdoor Track & Field Championships,2016-05-14,,,,Outdoor,https://www.tfrrs.org/results/45708/2877263/Pac-12_Outdoor_Track__Field_Championships/400-Hurdles,TFRRS all_performances
494,"Lester, Carly",Washington,Big Ten,400H,2016,FR-1,,,1:02.11,seconds,Pac-12 Outdoor Track & Field Championships,2016-05-14,,,,Outdoor,https://www.tfrrs.org/results/45708/2877263/Pac-12_Outdoor_Track__Field_Championships/400-Hurdles,TFRRS all_performances
495,"Birkenfeld, Carolyn",Washington,Big Ten,400m,2016,SO-2,,,55.97,seconds,Pac-12 Outdoor Track & Field Championships,2016-05-14,,,,Outdoor,https://www.tfrrs.org/results/45708/2877289/Pac-12_Outdoor_Track__Field_Championships/400-Meters,TFRRS all_performances
496,"Ford, Alexis",Washington,Big Ten,400m,2016,SR-4,,,55.75,seconds,Pac-12 Outdoor Track & Field Championships,2016-05-14,,,,Outdoor,https://www.tfrrs.org/results/45708/2877289/Pac-12_Outdoor_Track__Field_Championships/400-Meters,TFRRS all_performances
497,"Bouyer, Kennadi",Washington,Big Ten,Long Jump,2016,JR-3,,,5.64,m,Pac-12 Outdoor Track & Field Championships,2016-05-14,,,1.6,Outdoor,https://www.tfrrs.org/results/45708/2877300/Pac-12_Outdoor_Track__Field_Championships/Long-Jump,TFRRS all_performances
498,"Bouyer, Kennadi",Washington,Big Ten,Long Jump,2016,JR-3,,,5.82,m,Pac-12 Outdoor Track & Field Championships,2016-05-14,,,1.1,Outdoor,https://www.tfrrs.org/results/45708/2877300/Pac-12_Outdoor_Track__Field_Championships/Long-Jump,TFRRS all_performances
499,"Bouyer, Kennadi",Washington,Big Ten,Long Jump,2016,JR-3,,,5.95,m,Pac-12 Outdoor Track & Field Championships,2016-05-14,,,0.4,Outdoor,https://www.tfrrs.org/results/45708/2877300/Pac-12_Outdoor_Track__Field_Championships/Long-Jump,TFRRS all_performances
500,"Smith, C.J.",Washington,Big Ten,Long Jump,2016,SR-4,,,4.97,m,Pac-12 Outdoor Track & Field Championships,2016-05-14,,,-0.7,Outdoor,https://www.tfrrs.org/results/45708/2877310/Pac-12_Outdoor_Track__Field_Championships/Long-Jump,TFRRS all_performances
501,"Smith, C.J.",Washington,Big Ten,Long Jump,2016,SR-4,,,5.33,m,Pac-12 Outdoor Track & Field Championships,2016-05-14,,,0.3,Outdoor,https://www.tfrrs.org/results/45708/2877310/Pac-12_Outdoor_Track__Field_Championships/Long-Jump,TFRRS all_performances
502,"Bouyer, Kennadi",Washington,Big Ten,Long Jump,2016,JR-3,,,2.76,m,NCAA Division I - West Preliminary Round,2016-05-26,,,+0.0,Outdoor,https://www.tfrrs.org/results/46681/2882654/NCAA_Division_I_-_West_Preliminary_Round/Long-Jump,TFRRS all_performances
503,"Bouyer, Kennadi",Washington,Big Ten,Long Jump,2016,JR-3,,,5.37,m,NCAA Division I - West Preliminary Round,2016-05-26,,,+0.0,Outdoor,https://www.tfrrs.org/results/46681/2882654/NCAA_Division_I_-_West_Preliminary_Round/Long-Jump,TFRRS all_performances
504,"Bouyer, Kennadi",Washington,Big Ten,Long Jump,2016,JR-3,,,5.49,m,NCAA Division I - West Preliminary Round,2016-05-26,,,+0.0,Outdoor,https://www.tfrrs.org/results/46681/2882654/NCAA_Division_I_-_West_Preliminary_Round/Long-Jump,TFRRS all_performances
