index,athlete,school,conference,event,season,class_year,birth_date,age_at_meet,performance,unit,meet,meet_date,round,place,wind,indoor_outdoor,source_url,data_status
0,"Jones, Alexis",Illinois,Big Ten,100H,2019,SO-2,,,15.17,seconds,SIU Bill Cornell Spring Classic,2019-03-22,,,-1.2,Outdoor,https://www.tfrrs.org/results/60263/3698813/SIU_Bill_Cornell_Spring_Classic/100-Hurdles,TFRRS all_performances
1,"Kendziera, Brenda",Illinois,Big Ten,100H,2019,JR-3,,,16.61,seconds,SIU Bill Cornell Spring Classic,2019-03-22,,,-1.9,Outdoor,https://www.tfrrs.org/results/60263/3698813/SIU_Bill_Cornell_Spring_Classic/100-Hurdles,TFRRS all_performances
2,"Seay, Maya",Illinois,Big Ten,100H,2019,SO-2,,,14.54,seconds,SIU Bill Cornell Spring Classic,2019-03-22,,,-1.2,Outdoor,https://www.tfrrs.org/results/60263/3698813/SIU_Bill_Cornell_Spring_Classic/100-Hurdles,TFRRS all_performances
3,"Weaver, Kionna",Illinois,Big Ten,100H,2019,FR-1,,,14.74,seconds,SIU Bill Cornell Spring Classic,2019-03-22,,,-1.2,Outdoor,https://www.tfrrs.org/results/60263/3698813/SIU_Bill_Cornell_Spring_Classic/100-Hurdles,TFRRS all_performances
4,"Aduma, Amira",Illinois,Big Ten,400H,2019,SO-2,,,1:02.41,seconds,SIU Bill Cornell Spring Classic,2019-03-22,,,,Outdoor,https://www.tfrrs.org/results/60263/3698810/SIU_Bill_Cornell_Spring_Classic/400-Hurdles,TFRRS all_performances
5,"Jones, Alexis",Illinois,Big Ten,400H,2019,SO-2,,,1:06.64,seconds,SIU Bill Cornell Spring Classic,2019-03-22,,,,Outdoor,https://www.tfrrs.org/results/60263/3698810/SIU_Bill_Cornell_Spring_Classic/400-Hurdles,TFRRS all_performances
6,"Mayes, Jade'",Illinois,Big Ten,400H,2019,SO-2,,,1:05.29,seconds,SIU Bill Cornell Spring Classic,2019-03-22,,,,Outdoor,https://www.tfrrs.org/results/60263/3698810/SIU_Bill_Cornell_Spring_Classic/400-Hurdles,TFRRS all_performances
7,"Weaver, Kionna",Illinois,Big Ten,400H,2019,FR-1,,,1:05.11,seconds,SIU Bill Cornell Spring Classic,2019-03-22,,,,Outdoor,https://www.tfrrs.org/results/60263/3698810/SIU_Bill_Cornell_Spring_Classic/400-Hurdles,TFRRS all_performances
8,"Phillips, Felicia",Illinois,Big Ten,400m,2019,JR-3,,,55.96,seconds,SIU Bill Cornell Spring Classic,2019-03-22,,,,Outdoor,https://www.tfrrs.org/results/60263/3698824/SIU_Bill_Cornell_Spring_Classic/400-Meters,TFRRS all_performances
9,"Oliver, Olivia",Illinois,Big Ten,Long Jump,2019,FR-1,,,4.96,m,SIU Bill Cornell Spring Classic,2019-03-22,,,+0.0,Outdoor,https://www.tfrrs.org/results/60263/3698808/SIU_Bill_Cornell_Spring_Classic/Long-Jump,TFRRS all_performances
10,"Osborne, Camille",Illinois,Big Ten,Long Jump,2019,FR-1,,,5.07,m,SIU Bill Cornell Spring Classic,2019-03-22,,,1.3,Outdoor,https://www.tfrrs.org/results/60263/3698808/SIU_Bill_Cornell_Spring_Classic/Long-Jump,TFRRS all_performances
11,"Osborne, Camille",Illinois,Big Ten,Long Jump,2019,FR-1,,,5.15,m,SIU Bill Cornell Spring Classic,2019-03-22,,,+0.0,Outdoor,https://www.tfrrs.org/results/60263/3698808/SIU_Bill_Cornell_Spring_Classic/Long-Jump,TFRRS all_performances
12,"Osborne, Camille",Illinois,Big Ten,Long Jump,2019,FR-1,,,5.21,m,SIU Bill Cornell Spring Classic,2019-03-22,,,1.6,Outdoor,https://www.tfrrs.org/results/60263/3698808/SIU_Bill_Cornell_Spring_Classic/Long-Jump,TFRRS all_performances
13,"Osborne, Camille",Illinois,Big Ten,Long Jump,2019,FR-1,,,5.38,m,SIU Bill Cornell Spring Classic,2019-03-22,,,1.5,Outdoor,https://www.tfrrs.org/results/60263/3698808/SIU_Bill_Cornell_Spring_Classic/Long-Jump,TFRRS all_performances
14,"Osborne, Camille",Illinois,Big Ten,Long Jump,2019,FR-1,,,5.52,m,SIU Bill Cornell Spring Classic,2019-03-22,,,0.8,Outdoor,https://www.tfrrs.org/results/60263/3698808/SIU_Bill_Cornell_Spring_Classic/Long-Jump,TFRRS all_performances
15,"Wormack, Wynda",Illinois,Big Ten,Long Jump,2019,SO-2,,,4.95,m,SIU Bill Cornell Spring Classic,2019-03-22,,,1.8,Outdoor,https://www.tfrrs.org/results/60263/3698808/SIU_Bill_Cornell_Spring_Classic/Long-Jump,TFRRS all_performances
16,"Wormack, Wynda",Illinois,Big Ten,Long Jump,2019,SO-2,,,4.98,m,SIU Bill Cornell Spring Classic,2019-03-22,,,+0.0,Outdoor,https://www.tfrrs.org/results/60263/3698808/SIU_Bill_Cornell_Spring_Classic/Long-Jump,TFRRS all_performances
17,"Wormack, Wynda",Illinois,Big Ten,Long Jump,2019,SO-2,,,5.17,m,SIU Bill Cornell Spring Classic,2019-03-22,,,1.6,Outdoor,https://www.tfrrs.org/results/60263/3698808/SIU_Bill_Cornell_Spring_Classic/Long-Jump,TFRRS all_performances
18,"Seay, Maya",Illinois,Big Ten,100H,2019,SO-2,,,14.22,seconds,Ole Miss Classic,2019-03-30,,,1.8,Outdoor,https://www.tfrrs.org/results/60311/3718697/Ole_Miss_Classic/100-Hurdles,TFRRS all_performances
19,"Weaver, Kionna",Illinois,Big Ten,100H,2019,FR-1,,,14.46,seconds,Ole Miss Classic,2019-03-30,,,1.8,Outdoor,https://www.tfrrs.org/results/60311/3718697/Ole_Miss_Classic/100-Hurdles,TFRRS all_performances
20,"Aduma, Amira",Illinois,Big Ten,400H,2019,SO-2,,,1:01.71,seconds,Ole Miss Classic,2019-03-30,,,,Outdoor,https://www.tfrrs.org/results/60311/3718704/Ole_Miss_Classic/400-Hurdles,TFRRS all_performances
21,"Jones, Alexis",Illinois,Big Ten,400H,2019,SO-2,,,1:04.68,seconds,Ole Miss Classic,2019-03-30,,,,Outdoor,https://www.tfrrs.org/results/60311/3718704/Ole_Miss_Classic/400-Hurdles,TFRRS all_performances
22,"Mayes, Jade'",Illinois,Big Ten,400H,2019,SO-2,,,1:08.09,seconds,Ole Miss Classic,2019-03-30,,,,Outdoor,https://www.tfrrs.org/results/60311/3718704/Ole_Miss_Classic/400-Hurdles,TFRRS all_performances
23,"Weaver, Kionna",Illinois,Big Ten,400H,2019,FR-1,,,1:06.40,seconds,Ole Miss Classic,2019-03-30,,,,Outdoor,https://www.tfrrs.org/results/60311/3718704/Ole_Miss_Classic/400-Hurdles,TFRRS all_performances
24,"Driver, Briana",Illinois,Big Ten,Long Jump,2019,SR-4,,,5.92,m,Ole Miss Classic,2019-03-30,,,1.5,Outdoor,https://www.tfrrs.org/results/60311/3718686/Ole_Miss_Classic/Long-Jump,TFRRS all_performances
25,"Rogers, Janile",Illinois,Big Ten,Long Jump,2019,SR-4,,,5.93,m,Ole Miss Classic,2019-03-30,,,1.5,Outdoor,https://www.tfrrs.org/results/60311/3718686/Ole_Miss_Classic/Long-Jump,TFRRS all_performances
26,"Wormack, Wynda",Illinois,Big Ten,Long Jump,2019,SO-2,,,5.10,m,Ole Miss Classic,2019-03-30,,,1.7,Outdoor,https://www.tfrrs.org/results/60311/3718686/Ole_Miss_Classic/Long-Jump,TFRRS all_performances
27,"Seay, Maya",Illinois,Big Ten,100H,2019,SO-2,,,14.63,seconds,The Reveille Meet,2019-04-06,,,0.5,Outdoor,https://www.tfrrs.org/results/61495/3745172/The_Reveille_Meet/100-Hurdles,TFRRS all_performances
28,"Weaver, Kionna",Illinois,Big Ten,100H,2019,FR-1,,,14.98,seconds,The Reveille Meet,2019-04-06,,,0.5,Outdoor,https://www.tfrrs.org/results/61495/3745172/The_Reveille_Meet/100-Hurdles,TFRRS all_performances
29,"Aduma, Amira",Illinois,Big Ten,400H,2019,SO-2,,,1:03.93,seconds,The Reveille Meet,2019-04-06,,,,Outdoor,https://www.tfrrs.org/results/61495/3745160/The_Reveille_Meet/400-Hurdles,TFRRS all_performances
30,"Weaver, Kionna",Illinois,Big Ten,400H,2019,FR-1,,,1:05.95,seconds,The Reveille Meet,2019-04-06,,,,Outdoor,https://www.tfrrs.org/results/61495/3745160/The_Reveille_Meet/400-Hurdles,TFRRS all_performances
31,"Phillips, Felicia",Illinois,Big Ten,400m,2019,JR-3,,,55.07,seconds,The Reveille Meet,2019-04-06,,,,Outdoor,https://www.tfrrs.org/results/61495/3745170/The_Reveille_Meet/400-Meters,TFRRS all_performances
32,"Driver, Briana",Illinois,Big Ten,Long Jump,2019,SR-4,,,5.69,m,The Reveille Meet,2019-04-06,,,1.3,Outdoor,https://www.tfrrs.org/results/61495/3745174/The_Reveille_Meet/Long-Jump,TFRRS all_performances
33,"Rogers, Janile",Illinois,Big Ten,Long Jump,2019,SR-4,,,6.18,m,The Reveille Meet,2019-04-06,,,1.5,Outdoor,https://www.tfrrs.org/results/61495/3745174/The_Reveille_Meet/Long-Jump,TFRRS all_performances
34,"Kendziera, Brenda",Illinois,Big Ten,100H,2019,JR-3,,,15.68,seconds,Illinois Twilight,2019-04-13,,,1.3,Outdoor,https://www.tfrrs.org/results/61249/3770533/Illinois_Twilight/100-Hurdles,TFRRS all_performances
35,"Seay, Maya",Illinois,Big Ten,100H,2019,SO-2,,,13.80,seconds,Illinois Twilight,2019-04-13,,,1.2,Outdoor,https://www.tfrrs.org/results/61249/3770533/Illinois_Twilight/100-Hurdles,TFRRS all_performances
36,"Weaver, Kionna",Illinois,Big Ten,100H,2019,FR-1,,,14.42,seconds,Illinois Twilight,2019-04-13,,,1.2,Outdoor,https://www.tfrrs.org/results/61249/3770533/Illinois_Twilight/100-Hurdles,TFRRS all_performances
37,"Aduma, Amira",Illinois,Big Ten,400H,2019,SO-2,,,1:01.72,seconds,Illinois Twilight,2019-04-13,,,,Outdoor,https://www.tfrrs.org/results/61249/3770543/Illinois_Twilight/400-Hurdles,TFRRS all_performances
38,"Jones, Alexis",Illinois,Big Ten,400H,2019,SO-2,,,1:06.57,seconds,Illinois Twilight,2019-04-13,,,,Outdoor,https://www.tfrrs.org/results/61249/3770543/Illinois_Twilight/400-Hurdles,TFRRS all_performances
39,"Mayes, Jade'",Illinois,Big Ten,400H,2019,SO-2,,,1:04.35,seconds,Illinois Twilight,2019-04-13,,,,Outdoor,https://www.tfrrs.org/results/61249/3770543/Illinois_Twilight/400-Hurdles,TFRRS all_performances
40,"Weaver, Kionna",Illinois,Big Ten,400H,2019,FR-1,,,1:06.03,seconds,Illinois Twilight,2019-04-13,,,,Outdoor,https://www.tfrrs.org/results/61249/3770543/Illinois_Twilight/400-Hurdles,TFRRS all_performances
41,"Phillips, Felicia",Illinois,Big Ten,400m,2019,JR-3,,,55.64,seconds,Illinois Twilight,2019-04-13,,,,Outdoor,https://www.tfrrs.org/results/61249/3770541/Illinois_Twilight/400-Meters,TFRRS all_performances
42,"Carr, Nya",Illinois,Big Ten,Long Jump,2019,FR-1,,,5.30,m,Illinois Twilight,2019-04-13,,,0.5,Outdoor,https://www.tfrrs.org/results/61249/3770552/Illinois_Twilight/Long-Jump,TFRRS all_performances
43,"Carr, Nya",Illinois,Big Ten,Long Jump,2019,FR-1,,,5.39,m,Illinois Twilight,2019-04-13,,,0.8,Outdoor,https://www.tfrrs.org/results/61249/3770552/Illinois_Twilight/Long-Jump,TFRRS all_performances
44,"Carr, Nya",Illinois,Big Ten,Long Jump,2019,FR-1,,,5.44,m,Illinois Twilight,2019-04-13,,,0.9,Outdoor,https://www.tfrrs.org/results/61249/3770552/Illinois_Twilight/Long-Jump,TFRRS all_performances
45,"Driver, Briana",Illinois,Big Ten,Long Jump,2019,SR-4,,,5.71,m,Illinois Twilight,2019-04-13,,,0.8,Outdoor,https://www.tfrrs.org/results/61249/3770552/Illinois_Twilight/Long-Jump,TFRRS all_performances
46,"Driver, Briana",Illinois,Big Ten,Long Jump,2019,SR-4,,,5.79,m,Illinois Twilight,2019-04-13,,,0.8,Outdoor,https://www.tfrrs.org/results/61249/3770552/Illinois_Twilight/Long-Jump,TFRRS all_performances
47,"Driver, Briana",Illinois,Big Ten,Long Jump,2019,SR-4,,,5.82,m,Illinois Twilight,2019-04-13,,,0.9,Outdoor,https://www.tfrrs.org/results/61249/3770552/Illinois_Twilight/Long-Jump,TFRRS all_performances
48,"Driver, Briana",Illinois,Big Ten,Long Jump,2019,SR-4,,,5.86,m,Illinois Twilight,2019-04-13,,,0.6,Outdoor,https://www.tfrrs.org/results/61249/3770552/Illinois_Twilight/Long-Jump,TFRRS all_performances
49,"Oliver, Olivia",Illinois,Big Ten,Long Jump,2019,FR-1,,,5.11,m,Illinois Twilight,2019-04-13,,,0.9,Outdoor,https://www.tfrrs.org/results/61249/3770552/Illinois_Twilight/Long-Jump,TFRRS all_performances
50,"Oliver, Olivia",Illinois,Big Ten,Long Jump,2019,FR-1,,,5.31,m,Illinois Twilight,2019-04-13,,,0.7,Outdoor,https://www.tfrrs.org/results/61249/3770552/Illinois_Twilight/Long-Jump,TFRRS all_performances
51,"Osborne, Camille",Illinois,Big Ten,Long Jump,2019,FR-1,,,4.80,m,Illinois Twilight,2019-04-13,,,0.6,Outdoor,https://www.tfrrs.org/results/61249/3770552/Illinois_Twilight/Long-Jump,TFRRS all_performances
52,"Osborne, Camille",Illinois,Big Ten,Long Jump,2019,FR-1,,,5.18,m,Illinois Twilight,2019-04-13,,,0.8,Outdoor,https://www.tfrrs.org/results/61249/3770552/Illinois_Twilight/Long-Jump,TFRRS all_performances
53,"Wormack, Wynda",Illinois,Big Ten,Long Jump,2019,SO-2,,,4.88,m,Illinois Twilight,2019-04-13,,,0.7,Outdoor,https://www.tfrrs.org/results/61249/3770552/Illinois_Twilight/Long-Jump,TFRRS all_performances
54,"Wormack, Wynda",Illinois,Big Ten,Long Jump,2019,SO-2,,,4.92,m,Illinois Twilight,2019-04-13,,,0.4,Outdoor,https://www.tfrrs.org/results/61249/3770552/Illinois_Twilight/Long-Jump,TFRRS all_performances
55,"Wormack, Wynda",Illinois,Big Ten,Long Jump,2019,SO-2,,,5.22,m,Illinois Twilight,2019-04-13,,,0.9,Outdoor,https://www.tfrrs.org/results/61249/3770552/Illinois_Twilight/Long-Jump,TFRRS all_performances
56,"Wormack, Wynda",Illinois,Big Ten,Long Jump,2019,SO-2,,,5.28,m,Illinois Twilight,2019-04-13,,,0.7,Outdoor,https://www.tfrrs.org/results/61249/3770552/Illinois_Twilight/Long-Jump,TFRRS all_performances
57,"Wormack, Wynda",Illinois,Big Ten,Long Jump,2019,SO-2,,,5.40,m,Illinois Twilight,2019-04-13,,,0.8,Outdoor,https://www.tfrrs.org/results/61249/3770552/Illinois_Twilight/Long-Jump,TFRRS all_performances
58,"Wormack, Wynda",Illinois,Big Ten,Long Jump,2019,SO-2,,,5.74,m,Illinois Twilight,2019-04-13,,,0.6,Outdoor,https://www.tfrrs.org/results/61249/3770552/Illinois_Twilight/Long-Jump,TFRRS all_performances
59,"Aduma, Amira",Illinois,Big Ten,400H,2019,SO-2,,,1:00.94,seconds,War Eagle Invitational 2019,2019-04-19,,,,Outdoor,https://www.tfrrs.org/results/57198/3790563/War_Eagle_Invitational_2019/400-Hurdles,TFRRS all_performances
60,"Nwoko, Chisom",Illinois,Big Ten,400m,2019,JR-3,,,54.03,seconds,War Eagle Invitational 2019,2019-04-19,,,,Outdoor,https://www.tfrrs.org/results/57198/3790600/War_Eagle_Invitational_2019/400-Meters,TFRRS all_performances
61,"Driver, Briana",Illinois,Big Ten,Long Jump,2019,SR-4,,,5.49,m,War Eagle Invitational 2019,2019-04-19,,,-1.6,Outdoor,https://www.tfrrs.org/results/57198/3790584/War_Eagle_Invitational_2019/Long-Jump,TFRRS all_performances
62,"Rogers, Janile",Illinois,Big Ten,Long Jump,2019,SR-4,,,5.66,m,War Eagle Invitational 2019,2019-04-19,,,+0.0,Outdoor,https://www.tfrrs.org/results/57198/3790584/War_Eagle_Invitational_2019/Long-Jump,TFRRS all_performances
63,"Rogers, Janile",Illinois,Big Ten,Long Jump,2019,SR-4,,,5.78,m,War Eagle Invitational 2019,2019-04-19,,,0.6,Outdoor,https://www.tfrrs.org/results/57198/3790584/War_Eagle_Invitational_2019/Long-Jump,TFRRS all_performances
64,"Rogers, Janile",Illinois,Big Ten,Long Jump,2019,SR-4,,,5.84,m,War Eagle Invitational 2019,2019-04-19,,,0.1,Outdoor,https://www.tfrrs.org/results/57198/3790584/War_Eagle_Invitational_2019/Long-Jump,TFRRS all_performances
65,"Wormack, Wynda",Illinois,Big Ten,Long Jump,2019,SO-2,,,4.95,m,War Eagle Invitational 2019,2019-04-19,,,-0.4,Outdoor,https://www.tfrrs.org/results/57198/3790584/War_Eagle_Invitational_2019/Long-Jump,TFRRS all_performances
66,"Wormack, Wynda",Illinois,Big Ten,Long Jump,2019,SO-2,,,5.42,m,War Eagle Invitational 2019,2019-04-19,,,1.4,Outdoor,https://www.tfrrs.org/results/57198/3790584/War_Eagle_Invitational_2019/Long-Jump,TFRRS all_performances
67,"Aduma, Amira",Illinois,Big Ten,400H,2019,SO-2,,,1:00.59,seconds,Drake Relays presented by Hy-Vee,2019-04-24,,,,Outdoor,https://www.tfrrs.org/results/56830/3810914/Drake_Relays_presented_by_Hy-Vee/400-Hurdles,TFRRS all_performances
68,"Jones, Alexis",Illinois,Big Ten,400H,2019,SO-2,,,1:04.49,seconds,Drake Relays presented by Hy-Vee,2019-04-24,,,,Outdoor,https://www.tfrrs.org/results/56830/3810914/Drake_Relays_presented_by_Hy-Vee/400-Hurdles,TFRRS all_performances
69,"Rogers, Janile",Illinois,Big Ten,Long Jump,2019,SR-4,,,6.10,m,Drake Relays presented by Hy-Vee,2019-04-24,,,1.9,Outdoor,https://www.tfrrs.org/results/56830/3810821/Drake_Relays_presented_by_Hy-Vee/Long-Jump,TFRRS all_performances
70,"Kendziera, Brenda",Illinois,Big Ten,100H,2019,JR-3,,,17.35,seconds,2019 Kip Janvrin Open,2019-04-25,,,1.0,Outdoor,https://www.tfrrs.org/results/62304/3808798/2019_Kip_Janvrin_Open/100-Hurdles,TFRRS all_performances
71,"Weaver, Kionna",Illinois,Big Ten,400H,2019,FR-1,,,1:03.91,seconds,2019 Kip Janvrin Open,2019-04-25,,,,Outdoor,https://www.tfrrs.org/results/62304/3808779/2019_Kip_Janvrin_Open/400-Hurdles,TFRRS all_performances
72,"Oliver, Olivia",Illinois,Big Ten,Long Jump,2019,FR-1,,,5.20,m,2019 Kip Janvrin Open,2019-04-25,,,0.5,Outdoor,https://www.tfrrs.org/results/62304/3808782/2019_Kip_Janvrin_Open/Long-Jump,TFRRS all_performances
73,"Osborne, Camille",Illinois,Big Ten,Long Jump,2019,FR-1,,,5.23,m,2019 Kip Janvrin Open,2019-04-25,,,1.5,Outdoor,https://www.tfrrs.org/results/62304/3808782/2019_Kip_Janvrin_Open/Long-Jump,TFRRS all_performances
74,"Wormack, Wynda",Illinois,Big Ten,Long Jump,2019,SO-2,,,4.92,m,2019 Kip Janvrin Open,2019-04-25,,,1.8,Outdoor,https://www.tfrrs.org/results/62304/3808782/2019_Kip_Janvrin_Open/Long-Jump,TFRRS all_performances
75,"Wormack, Wynda",Illinois,Big Ten,Long Jump,2019,SO-2,,,5.35,m,2019 Kip Janvrin Open,2019-04-25,,,0.5,Outdoor,https://www.tfrrs.org/results/62304/3808782/2019_Kip_Janvrin_Open/Long-Jump,TFRRS all_performances
76,"Wormack, Wynda",Illinois,Big Ten,Long Jump,2019,SO-2,,,5.58,m,2019 Kip Janvrin Open,2019-04-25,,,1.4,Outdoor,https://www.tfrrs.org/results/62304/3808782/2019_Kip_Janvrin_Open/Long-Jump,TFRRS all_performances
77,"Wormack, Wynda",Illinois,Big Ten,Long Jump,2019,SO-2,,,5.78,m,2019 Kip Janvrin Open,2019-04-25,,,1.4,Outdoor,https://www.tfrrs.org/results/62304/3808782/2019_Kip_Janvrin_Open/Long-Jump,TFRRS all_performances
78,"Seay, Maya",Illinois,Big Ten,100H,2019,SO-2,,,14.23,seconds,Big Ten Championships,2019-05-10,,,0.6,Outdoor,https://www.tfrrs.org/results/62601/3841972/Big_Ten_Championships/100-Hurdles,TFRRS all_performances
79,"Weaver, Kionna",Illinois,Big Ten,100H,2019,FR-1,,,14.49,seconds,Big Ten Championships,2019-05-10,,,0.6,Outdoor,https://www.tfrrs.org/results/62601/3841972/Big_Ten_Championships/100-Hurdles,TFRRS all_performances
80,"Aduma, Amira",Illinois,Big Ten,400H,2019,SO-2,,,1:01.93,seconds,Big Ten Championships,2019-05-10,,,,Outdoor,https://www.tfrrs.org/results/62601/3841949/Big_Ten_Championships/400-Hurdles,TFRRS all_performances
81,"Nwoko, Chisom",Illinois,Big Ten,400m,2019,JR-3,,,54.44,seconds,Big Ten Championships,2019-05-10,,,,Outdoor,https://www.tfrrs.org/results/62601/3841971/Big_Ten_Championships/400-Meters,TFRRS all_performances
82,"Nwoko, Chisom",Illinois,Big Ten,400m,2019,JR-3,,,54.86,seconds,Big Ten Championships,2019-05-10,,,,Outdoor,https://www.tfrrs.org/results/62601/3841971/Big_Ten_Championships/400-Meters,TFRRS all_performances
83,"Phillips, Felicia",Illinois,Big Ten,400m,2019,JR-3,,,55.62,seconds,Big Ten Championships,2019-05-10,,,,Outdoor,https://www.tfrrs.org/results/62601/3841971/Big_Ten_Championships/400-Meters,TFRRS all_performances
84,"Driver, Briana",Illinois,Big Ten,Long Jump,2019,SR-4,,,5.49,m,Big Ten Championships,2019-05-10,,,-0.7,Outdoor,https://www.tfrrs.org/results/62601/3841982/Big_Ten_Championships/Long-Jump,TFRRS all_performances
85,"Driver, Briana",Illinois,Big Ten,Long Jump,2019,SR-4,,,5.54,m,Big Ten Championships,2019-05-10,,,-1.4,Outdoor,https://www.tfrrs.org/results/62601/3841982/Big_Ten_Championships/Long-Jump,TFRRS all_performances
86,"Driver, Briana",Illinois,Big Ten,Long Jump,2019,SR-4,,,5.77,m,Big Ten Championships,2019-05-10,,,0.8,Outdoor,https://www.tfrrs.org/results/62601/3841982/Big_Ten_Championships/Long-Jump,TFRRS all_performances
87,"Driver, Briana",Illinois,Big Ten,Long Jump,2019,SR-4,,,5.78,m,Big Ten Championships,2019-05-10,,,-0.9,Outdoor,https://www.tfrrs.org/results/62601/3841982/Big_Ten_Championships/Long-Jump,TFRRS all_performances
88,"Driver, Briana",Illinois,Big Ten,Long Jump,2019,SR-4,,,5.94,m,Big Ten Championships,2019-05-10,,,1.6,Outdoor,https://www.tfrrs.org/results/62601/3841982/Big_Ten_Championships/Long-Jump,TFRRS all_performances
89,"Osborne, Camille",Illinois,Big Ten,Long Jump,2019,FR-1,,,5.01,m,Big Ten Championships,2019-05-10,,,1.8,Outdoor,https://www.tfrrs.org/results/62601/3841982/Big_Ten_Championships/Long-Jump,TFRRS all_performances
90,"Osborne, Camille",Illinois,Big Ten,Long Jump,2019,FR-1,,,5.19,m,Big Ten Championships,2019-05-10,,,0.3,Outdoor,https://www.tfrrs.org/results/62601/3841982/Big_Ten_Championships/Long-Jump,TFRRS all_performances
91,"Rogers, Janile",Illinois,Big Ten,Long Jump,2019,SR-4,,,5.62,m,Big Ten Championships,2019-05-10,,,-0.4,Outdoor,https://www.tfrrs.org/results/62601/3841982/Big_Ten_Championships/Long-Jump,TFRRS all_performances
92,"Rogers, Janile",Illinois,Big Ten,Long Jump,2019,SR-4,,,5.64,m,Big Ten Championships,2019-05-10,,,-1.9,Outdoor,https://www.tfrrs.org/results/62601/3841982/Big_Ten_Championships/Long-Jump,TFRRS all_performances
93,"Rogers, Janile",Illinois,Big Ten,Long Jump,2019,SR-4,,,5.71,m,Big Ten Championships,2019-05-10,,,0.9,Outdoor,https://www.tfrrs.org/results/62601/3841982/Big_Ten_Championships/Long-Jump,TFRRS all_performances
94,"Rogers, Janile",Illinois,Big Ten,Long Jump,2019,SR-4,,,5.82,m,Big Ten Championships,2019-05-10,,,-1.3,Outdoor,https://www.tfrrs.org/results/62601/3841982/Big_Ten_Championships/Long-Jump,TFRRS all_performances
95,"Rogers, Janile",Illinois,Big Ten,Long Jump,2019,SR-4,,,6.13,m,Big Ten Championships,2019-05-10,,,0.6,Outdoor,https://www.tfrrs.org/results/62601/3841982/Big_Ten_Championships/Long-Jump,TFRRS all_performances
96,"Wormack, Wynda",Illinois,Big Ten,Long Jump,2019,SO-2,,,4.75,m,Big Ten Championships,2019-05-10,,,0.6,Outdoor,https://www.tfrrs.org/results/62601/3841982/Big_Ten_Championships/Long-Jump,TFRRS all_performances
97,"Wormack, Wynda",Illinois,Big Ten,Long Jump,2019,SO-2,,,5.10,m,Big Ten Championships,2019-05-10,,,0.6,Outdoor,https://www.tfrrs.org/results/62601/3841982/Big_Ten_Championships/Long-Jump,TFRRS all_performances
98,"Wormack, Wynda",Illinois,Big Ten,Long Jump,2019,SO-2,,,5.42,m,Big Ten Championships,2019-05-10,,,-1.6,Outdoor,https://www.tfrrs.org/results/62601/3841982/Big_Ten_Championships/Long-Jump,TFRRS all_performances
99,"Nwoko, Chisom",Illinois,Big Ten,400m,2019,JR-3,,,54.26,seconds,NCAA Division I West Region Preliminary Rounds,2019-05-23,,,,Outdoor,https://www.tfrrs.org/results/62651/3849073/NCAA_Division_I_West_Region_Preliminary_Rounds/400-Meters,TFRRS all_performances
100,"Rogers, Janile",Illinois,Big Ten,Long Jump,2019,SR-4,,,5.62,m,NCAA Division I West Region Preliminary Rounds,2019-05-23,,,0.9,Outdoor,https://www.tfrrs.org/results/62651/3849069/NCAA_Division_I_West_Region_Preliminary_Rounds/Long-Jump,TFRRS all_performances
101,"Rogers, Janile",Illinois,Big Ten,Long Jump,2019,SR-4,,,5.86,m,NCAA Division I West Region Preliminary Rounds,2019-05-23,,,-0.8,Outdoor,https://www.tfrrs.org/results/62651/3849069/NCAA_Division_I_West_Region_Preliminary_Rounds/Long-Jump,TFRRS all_performances
102,"Freeman, Chanel",Nebraska,Big Ten,100H,2019,SR-4,,,13.79,seconds,Wichita State Herm Wilson Invitational,2019-03-21,,,1.3,Outdoor,https://www.tfrrs.org/results/59821/3698249/Wichita_State_Herm_Wilson_Invitational/100-Hurdles,TFRRS all_performances
103,"Bridges, Whitney",Nebraska,Big Ten,400m,2019,FR-1,,,1:01.65,seconds,Wichita State Herm Wilson Invitational,2019-03-21,,,,Outdoor,https://www.tfrrs.org/results/59821/3698224/Wichita_State_Herm_Wilson_Invitational/400-Meters,TFRRS all_performances
104,"Ingram, Deja",Nebraska,Big Ten,400m,2019,FR-1,,,1:00.70,seconds,Wichita State Herm Wilson Invitational,2019-03-21,,,,Outdoor,https://www.tfrrs.org/results/59821/3698224/Wichita_State_Herm_Wilson_Invitational/400-Meters,TFRRS all_performances
105,"McIntosh, Quashira",Nebraska,Big Ten,400m,2019,SR-4,,,59.97,seconds,Wichita State Herm Wilson Invitational,2019-03-21,,,,Outdoor,https://www.tfrrs.org/results/59821/3698224/Wichita_State_Herm_Wilson_Invitational/400-Meters,TFRRS all_performances
106,"Hobson, Kiara",Nebraska,Big Ten,Long Jump,2019,FR-1,,,5.20,m,Wichita State Herm Wilson Invitational,2019-03-21,,,2.0,Outdoor,https://www.tfrrs.org/results/59821/3698256/Wichita_State_Herm_Wilson_Invitational/Long-Jump,TFRRS all_performances
107,"Pearson, Zionn",Nebraska,Big Ten,Long Jump,2019,FR-1,,,5.50,m,Wichita State Herm Wilson Invitational,2019-03-21,,,1.7,Outdoor,https://www.tfrrs.org/results/59821/3698256/Wichita_State_Herm_Wilson_Invitational/Long-Jump,TFRRS all_performances
108,"Riley, Shylia",Nebraska,Big Ten,Long Jump,2019,SR-4,,,5.89,m,2019 92nd Clyde Littlefield Texas Relays,2019-03-27,,,1.8,Outdoor,https://www.tfrrs.org/results/59286/3721686/2019_92nd_Clyde_Littlefield_Texas_Relays/Long-Jump,TFRRS all_performances
109,"Freeman, Chanel",Nebraska,Big Ten,100H,2019,SR-4,,,13.77,seconds,Florida Relays,2019-03-28,,,0.4,Outdoor,https://www.tfrrs.org/results/59113/3716304/Florida_Relays/100-Hurdles,TFRRS all_performances
110,"Barge, Jasmine",Nebraska,Big Ten,400H,2019,SR-4,,,57.82,seconds,Florida Relays,2019-03-28,,,,Outdoor,https://www.tfrrs.org/results/59113/3716328/Florida_Relays/400-Hurdles,TFRRS all_performances
111,"Peskova, Michaela",Nebraska,Big Ten,400H,2019,JR-3,,,1:00.26,seconds,Florida Relays,2019-03-28,,,,Outdoor,https://www.tfrrs.org/results/59113/3716328/Florida_Relays/400-Hurdles,TFRRS all_performances
112,"Pearson, Zionn",Nebraska,Big Ten,Long Jump,2019,FR-1,,,5.73,m,Florida Relays,2019-03-28,,,0.1,Outdoor,https://www.tfrrs.org/results/59113/3721179/Florida_Relays/Long-Jump,TFRRS all_performances
113,"Peskova, Michaela",Nebraska,Big Ten,400H,2019,JR-3,,,1:00.21,seconds,2019 Husker Spring Invitational,2019-04-05,,,,Outdoor,https://www.tfrrs.org/results/58201/3742885/2019_Husker_Spring_Invitational/400-Hurdles,TFRRS all_performances
114,"Barge, Jasmine",Nebraska,Big Ten,400m,2019,SR-4,,,56.04,seconds,2019 Husker Spring Invitational,2019-04-05,,,,Outdoor,https://www.tfrrs.org/results/58201/3742869/2019_Husker_Spring_Invitational/400-Meters,TFRRS all_performances
115,"Ellis, Emily",Nebraska,Big Ten,400m,2019,FR-1,,,1:00.54,seconds,2019 Husker Spring Invitational,2019-04-05,,,,Outdoor,https://www.tfrrs.org/results/58201/3742869/2019_Husker_Spring_Invitational/400-Meters,TFRRS all_performances
116,"Pearson, Zionn",Nebraska,Big Ten,Long Jump,2019,FR-1,,,5.46,m,2019 Husker Spring Invitational,2019-04-05,,,1.4,Outdoor,https://www.tfrrs.org/results/58201/3742874/2019_Husker_Spring_Invitational/Long-Jump,TFRRS all_performances
117,"Pearson, Zionn",Nebraska,Big Ten,Long Jump,2019,FR-1,,,5.53,m,2019 Husker Spring Invitational,2019-04-05,,,0.4,Outdoor,https://www.tfrrs.org/results/58201/3742874/2019_Husker_Spring_Invitational/Long-Jump,TFRRS all_performances
118,"Pearson, Zionn",Nebraska,Big Ten,Long Jump,2019,FR-1,,,5.59,m,2019 Husker Spring Invitational,2019-04-05,,,1.9,Outdoor,https://www.tfrrs.org/results/58201/3742874/2019_Husker_Spring_Invitational/Long-Jump,TFRRS all_performances
119,"Pearson, Zionn",Nebraska,Big Ten,Long Jump,2019,FR-1,,,5.80,m,2019 Husker Spring Invitational,2019-04-05,,,1.0,Outdoor,https://www.tfrrs.org/results/58201/3742874/2019_Husker_Spring_Invitational/Long-Jump,TFRRS all_performances
120,"Riley, Shylia",Nebraska,Big Ten,Long Jump,2019,SR-4,,,5.65,m,2019 Husker Spring Invitational,2019-04-05,,,1.3,Outdoor,https://www.tfrrs.org/results/58201/3742874/2019_Husker_Spring_Invitational/Long-Jump,TFRRS all_performances
121,"Riley, Shylia",Nebraska,Big Ten,Long Jump,2019,SR-4,,,5.74,m,2019 Husker Spring Invitational,2019-04-05,,,0.3,Outdoor,https://www.tfrrs.org/results/58201/3742874/2019_Husker_Spring_Invitational/Long-Jump,TFRRS all_performances
122,"Riley, Shylia",Nebraska,Big Ten,Long Jump,2019,SR-4,,,5.95,m,2019 Husker Spring Invitational,2019-04-05,,,1.3,Outdoor,https://www.tfrrs.org/results/58201/3742874/2019_Husker_Spring_Invitational/Long-Jump,TFRRS all_performances
123,"Riley, Shylia",Nebraska,Big Ten,Long Jump,2019,SR-4,,,5.96,m,2019 Husker Spring Invitational,2019-04-05,,,1.5,Outdoor,https://www.tfrrs.org/results/58201/3742874/2019_Husker_Spring_Invitational/Long-Jump,TFRRS all_performances
124,"Barge, Jasmine",Nebraska,Big Ten,100H,2019,SR-4,,,13.35,seconds,Crimson Tide Invitational,2019-04-11,,,1.6,Outdoor,https://www.tfrrs.org/results/61791/3763776/Crimson_Tide_Invitational/100-Hurdles,TFRRS all_performances
125,"Freeman, Chanel",Nebraska,Big Ten,100H,2019,SR-4,,,13.53,seconds,Crimson Tide Invitational,2019-04-11,,,1.6,Outdoor,https://www.tfrrs.org/results/61791/3763776/Crimson_Tide_Invitational/100-Hurdles,TFRRS all_performances
126,"Barge, Jasmine",Nebraska,Big Ten,400H,2019,SR-4,,,58.38,seconds,Crimson Tide Invitational,2019-04-11,,,,Outdoor,https://www.tfrrs.org/results/61791/3763763/Crimson_Tide_Invitational/400-Hurdles,TFRRS all_performances
127,"Peskova, Michaela",Nebraska,Big Ten,400H,2019,JR-3,,,59.22,seconds,Crimson Tide Invitational,2019-04-11,,,,Outdoor,https://www.tfrrs.org/results/61791/3763763/Crimson_Tide_Invitational/400-Hurdles,TFRRS all_performances
128,"Ellis, Emily",Nebraska,Big Ten,400m,2019,FR-1,,,59.78,seconds,Crimson Tide Invitational,2019-04-11,,,,Outdoor,https://www.tfrrs.org/results/61791/3763774/Crimson_Tide_Invitational/400-Meters,TFRRS all_performances
129,"Pearson, Zionn",Nebraska,Big Ten,Long Jump,2019,FR-1,,,5.50,m,Crimson Tide Invitational,2019-04-11,,,-1.2,Outdoor,https://www.tfrrs.org/results/61791/3763779/Crimson_Tide_Invitational/Long-Jump,TFRRS all_performances
130,"Pearson, Zionn",Nebraska,Big Ten,Long Jump,2019,FR-1,,,5.53,m,Crimson Tide Invitational,2019-04-11,,,-0.4,Outdoor,https://www.tfrrs.org/results/61791/3763779/Crimson_Tide_Invitational/Long-Jump,TFRRS all_performances
131,"Pearson, Zionn",Nebraska,Big Ten,Long Jump,2019,FR-1,,,5.70,m,Crimson Tide Invitational,2019-04-11,,,1.4,Outdoor,https://www.tfrrs.org/results/61791/3763779/Crimson_Tide_Invitational/Long-Jump,TFRRS all_performances
132,"Pearson, Zionn",Nebraska,Big Ten,Long Jump,2019,FR-1,,,5.72,m,Crimson Tide Invitational,2019-04-11,,,0.8,Outdoor,https://www.tfrrs.org/results/61791/3763779/Crimson_Tide_Invitational/Long-Jump,TFRRS all_performances
133,"Turke, Ieva",Nebraska,Big Ten,Long Jump,2019,SO-2,,,5.49,m,Crimson Tide Invitational,2019-04-11,,,-0.8,Outdoor,https://www.tfrrs.org/results/61791/3763779/Crimson_Tide_Invitational/Long-Jump,TFRRS all_performances
134,"Scholl, Madi",Nebraska,Big Ten,Long Jump,2019,FR-1,,,4.95,m,Kansas Relays,2019-04-17,,,1.6,Outdoor,https://www.tfrrs.org/results/62059/3789865/Kansas_Relays/Long-Jump,TFRRS all_performances
135,"Jones, Chelsey",Nebraska,Big Ten,400m,2019,JR-3,,,55.77,seconds,Beach Invitational,2019-04-19,,,,Outdoor,https://www.tfrrs.org/results/62051/3791693/Beach_Invitational/400-Meters,TFRRS all_performances
136,"Barge, Jasmine",Nebraska,Big Ten,400H,2019,SR-4,,,58.53,seconds,Corky/Crofoot Shootout,2019-04-26,,,,Outdoor,https://www.tfrrs.org/results/62306/3809133/Corky_Crofoot_Shootout/400-Hurdles,TFRRS all_performances
137,"Peskova, Michaela",Nebraska,Big Ten,400H,2019,JR-3,,,59.89,seconds,Corky/Crofoot Shootout,2019-04-26,,,,Outdoor,https://www.tfrrs.org/results/62306/3809133/Corky_Crofoot_Shootout/400-Hurdles,TFRRS all_performances
138,"Ellis, Emily",Nebraska,Big Ten,400m,2019,FR-1,,,59.97,seconds,Corky/Crofoot Shootout,2019-04-26,,,,Outdoor,https://www.tfrrs.org/results/62306/3809144/Corky_Crofoot_Shootout/400-Meters,TFRRS all_performances
139,"Jones, Chelsey",Nebraska,Big Ten,400m,2019,JR-3,,,55.62,seconds,Corky/Crofoot Shootout,2019-04-26,,,,Outdoor,https://www.tfrrs.org/results/62306/3809144/Corky_Crofoot_Shootout/400-Meters,TFRRS all_performances
140,"Barge, Jasmine",Nebraska,Big Ten,100H,2019,SR-4,,,13.48,seconds,2019 Nebraska Invitational,2019-05-04,,,0.4,Outdoor,https://www.tfrrs.org/results/58202/3828651/2019_Nebraska_Invitational/100-Hurdles,TFRRS all_performances
141,"Scholl, Madi",Nebraska,Big Ten,100H,2019,FR-1,,,15.78,seconds,2019 Nebraska Invitational,2019-05-04,,,0.4,Outdoor,https://www.tfrrs.org/results/58202/3828651/2019_Nebraska_Invitational/100-Hurdles,TFRRS all_performances
142,"Ellis, Emily",Nebraska,Big Ten,400m,2019,FR-1,,,1:00.20,seconds,2019 Nebraska Invitational,2019-05-04,,,,Outdoor,https://www.tfrrs.org/results/58202/3828652/2019_Nebraska_Invitational/400-Meters,TFRRS all_performances
143,"Lehman, Alicia",Nebraska,Big Ten,Long Jump,2019,FR-1,,,4.84,m,2019 Nebraska Invitational,2019-05-04,,,0.1,Outdoor,https://www.tfrrs.org/results/58202/3828657/2019_Nebraska_Invitational/Long-Jump,TFRRS all_performances
144,"Lehman, Alicia",Nebraska,Big Ten,Long Jump,2019,FR-1,,,4.88,m,2019 Nebraska Invitational,2019-05-04,,,+0.0,Outdoor,https://www.tfrrs.org/results/58202/3828657/2019_Nebraska_Invitational/Long-Jump,TFRRS all_performances
145,"Lehman, Alicia",Nebraska,Big Ten,Long Jump,2019,FR-1,,,4.97,m,2019 Nebraska Invitational,2019-05-04,,,0.2,Outdoor,https://www.tfrrs.org/results/58202/3828657/2019_Nebraska_Invitational/Long-Jump,TFRRS all_performances
146,"Lehman, Alicia",Nebraska,Big Ten,Long Jump,2019,FR-1,,,5.02,m,2019 Nebraska Invitational,2019-05-04,,,-0.8,Outdoor,https://www.tfrrs.org/results/58202/3828657/2019_Nebraska_Invitational/Long-Jump,TFRRS all_performances
147,"Lehman, Alicia",Nebraska,Big Ten,Long Jump,2019,FR-1,,,5.17,m,2019 Nebraska Invitational,2019-05-04,,,0.6,Outdoor,https://www.tfrrs.org/results/58202/3828657/2019_Nebraska_Invitational/Long-Jump,TFRRS all_performances
148,"Lehman, Alicia",Nebraska,Big Ten,Long Jump,2019,FR-1,,,5.21,m,2019 Nebraska Invitational,2019-05-04,,,0.3,Outdoor,https://www.tfrrs.org/results/58202/3828657/2019_Nebraska_Invitational/Long-Jump,TFRRS all_performances
149,"Pearson, Zionn",Nebraska,Big Ten,Long Jump,2019,FR-1,,,5.44,m,2019 Nebraska Invitational,2019-05-04,,,+0.0,Outdoor,https://www.tfrrs.org/results/58202/3828657/2019_Nebraska_Invitational/Long-Jump,TFRRS all_performances
150,"Pearson, Zionn",Nebraska,Big Ten,Long Jump,2019,FR-1,,,5.55,m,2019 Nebraska Invitational,2019-05-04,,,0.5,Outdoor,https://www.tfrrs.org/results/58202/3828657/2019_Nebraska_Invitational/Long-Jump,TFRRS all_performances
151,"Pearson, Zionn",Nebraska,Big Ten,Long Jump,2019,FR-1,,,5.56,m,2019 Nebraska Invitational,2019-05-04,,,-0.6,Outdoor,https://www.tfrrs.org/results/58202/3828657/2019_Nebraska_Invitational/Long-Jump,TFRRS all_performances
152,"Pearson, Zionn",Nebraska,Big Ten,Long Jump,2019,FR-1,,,5.57,m,2019 Nebraska Invitational,2019-05-04,,,-0.1,Outdoor,https://www.tfrrs.org/results/58202/3828657/2019_Nebraska_Invitational/Long-Jump,TFRRS all_performances
153,"Pearson, Zionn",Nebraska,Big Ten,Long Jump,2019,FR-1,,,5.58,m,2019 Nebraska Invitational,2019-05-04,,,+0.0,Outdoor,https://www.tfrrs.org/results/58202/3828657/2019_Nebraska_Invitational/Long-Jump,TFRRS all_performances
154,"Pearson, Zionn",Nebraska,Big Ten,Long Jump,2019,FR-1,,,5.59,m,2019 Nebraska Invitational,2019-05-04,,,0.6,Outdoor,https://www.tfrrs.org/results/58202/3828657/2019_Nebraska_Invitational/Long-Jump,TFRRS all_performances
155,"Riley, Shylia",Nebraska,Big Ten,Long Jump,2019,SR-4,,,5.76,m,2019 Nebraska Invitational,2019-05-04,,,-0.1,Outdoor,https://www.tfrrs.org/results/58202/3828657/2019_Nebraska_Invitational/Long-Jump,TFRRS all_performances
156,"Riley, Shylia",Nebraska,Big Ten,Long Jump,2019,SR-4,,,5.79,m,2019 Nebraska Invitational,2019-05-04,,,0.5,Outdoor,https://www.tfrrs.org/results/58202/3828657/2019_Nebraska_Invitational/Long-Jump,TFRRS all_performances
157,"Riley, Shylia",Nebraska,Big Ten,Long Jump,2019,SR-4,,,6.02,m,2019 Nebraska Invitational,2019-05-04,,,0.4,Outdoor,https://www.tfrrs.org/results/58202/3828657/2019_Nebraska_Invitational/Long-Jump,TFRRS all_performances
158,"Riley, Shylia",Nebraska,Big Ten,Long Jump,2019,SR-4,,,6.08,m,2019 Nebraska Invitational,2019-05-04,,,0.2,Outdoor,https://www.tfrrs.org/results/58202/3828657/2019_Nebraska_Invitational/Long-Jump,TFRRS all_performances
159,"Riley, Shylia",Nebraska,Big Ten,Long Jump,2019,SR-4,,,6.19,m,2019 Nebraska Invitational,2019-05-04,,,0.1,Outdoor,https://www.tfrrs.org/results/58202/3828657/2019_Nebraska_Invitational/Long-Jump,TFRRS all_performances
160,"Riley, Shylia",Nebraska,Big Ten,Long Jump,2019,SR-4,,,6.24,m,2019 Nebraska Invitational,2019-05-04,,,1.3,Outdoor,https://www.tfrrs.org/results/58202/3828657/2019_Nebraska_Invitational/Long-Jump,TFRRS all_performances
161,"Barge, Jasmine",Nebraska,Big Ten,100H,2019,SR-4,,,13.25,seconds,Big Ten Championships,2019-05-10,,,1.0,Outdoor,https://www.tfrrs.org/results/62601/3841972/Big_Ten_Championships/100-Hurdles,TFRRS all_performances
162,"Freeman, Chanel",Nebraska,Big Ten,100H,2019,SR-4,,,13.20,seconds,Big Ten Championships,2019-05-10,,,0.6,Outdoor,https://www.tfrrs.org/results/62601/3841972/Big_Ten_Championships/100-Hurdles,TFRRS all_performances
163,"Freeman, Chanel",Nebraska,Big Ten,100H,2019,SR-4,,,13.47,seconds,Big Ten Championships,2019-05-10,,,1.0,Outdoor,https://www.tfrrs.org/results/62601/3841972/Big_Ten_Championships/100-Hurdles,TFRRS all_performances
164,"Barge, Jasmine",Nebraska,Big Ten,400H,2019,SR-4,,,57.80,seconds,Big Ten Championships,2019-05-10,,,,Outdoor,https://www.tfrrs.org/results/62601/3841949/Big_Ten_Championships/400-Hurdles,TFRRS all_performances
165,"Barge, Jasmine",Nebraska,Big Ten,400H,2019,SR-4,,,58.34,seconds,Big Ten Championships,2019-05-10,,,,Outdoor,https://www.tfrrs.org/results/62601/3841949/Big_Ten_Championships/400-Hurdles,TFRRS all_performances
166,"Peskova, Michaela",Nebraska,Big Ten,400H,2019,JR-3,,,58.18,seconds,Big Ten Championships,2019-05-10,,,,Outdoor,https://www.tfrrs.org/results/62601/3841949/Big_Ten_Championships/400-Hurdles,TFRRS all_performances
167,"Peskova, Michaela",Nebraska,Big Ten,400H,2019,JR-3,,,58.67,seconds,Big Ten Championships,2019-05-10,,,,Outdoor,https://www.tfrrs.org/results/62601/3841949/Big_Ten_Championships/400-Hurdles,TFRRS all_performances
168,"Jones, Chelsey",Nebraska,Big Ten,400m,2019,JR-3,,,57.49,seconds,Big Ten Championships,2019-05-10,,,,Outdoor,https://www.tfrrs.org/results/62601/3841971/Big_Ten_Championships/400-Meters,TFRRS all_performances
169,"Pearson, Zionn",Nebraska,Big Ten,Long Jump,2019,FR-1,,,5.65,m,Big Ten Championships,2019-05-10,,,-0.1,Outdoor,https://www.tfrrs.org/results/62601/3841982/Big_Ten_Championships/Long-Jump,TFRRS all_performances
170,"Pearson, Zionn",Nebraska,Big Ten,Long Jump,2019,FR-1,,,5.73,m,Big Ten Championships,2019-05-10,,,-0.7,Outdoor,https://www.tfrrs.org/results/62601/3841982/Big_Ten_Championships/Long-Jump,TFRRS all_performances
171,"Pearson, Zionn",Nebraska,Big Ten,Long Jump,2019,FR-1,,,5.85,m,Big Ten Championships,2019-05-10,,,1.8,Outdoor,https://www.tfrrs.org/results/62601/3841982/Big_Ten_Championships/Long-Jump,TFRRS all_performances
172,"Riley, Shylia",Nebraska,Big Ten,Long Jump,2019,SR-4,,,5.63,m,Big Ten Championships,2019-05-10,,,-1.0,Outdoor,https://www.tfrrs.org/results/62601/3841982/Big_Ten_Championships/Long-Jump,TFRRS all_performances
173,"Riley, Shylia",Nebraska,Big Ten,Long Jump,2019,SR-4,,,5.71,m,Big Ten Championships,2019-05-10,,,0.2,Outdoor,https://www.tfrrs.org/results/62601/3841982/Big_Ten_Championships/Long-Jump,TFRRS all_performances
174,"Riley, Shylia",Nebraska,Big Ten,Long Jump,2019,SR-4,,,5.79,m,Big Ten Championships,2019-05-10,,,1.0,Outdoor,https://www.tfrrs.org/results/62601/3841982/Big_Ten_Championships/Long-Jump,TFRRS all_performances
175,"Riley, Shylia",Nebraska,Big Ten,Long Jump,2019,SR-4,,,6.17,m,Big Ten Championships,2019-05-10,,,1.6,Outdoor,https://www.tfrrs.org/results/62601/3841982/Big_Ten_Championships/Long-Jump,TFRRS all_performances
176,"Barge, Jasmine",Nebraska,Big Ten,100H,2019,SR-4,,,13.43,seconds,NCAA Division I West Region Preliminary Rounds,2019-05-23,,,1.7,Outdoor,https://www.tfrrs.org/results/62651/3849074/NCAA_Division_I_West_Region_Preliminary_Rounds/100-Hurdles,TFRRS all_performances
177,"Freeman, Chanel",Nebraska,Big Ten,100H,2019,SR-4,,,13.20,seconds,NCAA Division I West Region Preliminary Rounds,2019-05-23,,,2.0,Outdoor,https://www.tfrrs.org/results/62651/3849074/NCAA_Division_I_West_Region_Preliminary_Rounds/100-Hurdles,TFRRS all_performances
178,"Barge, Jasmine",Nebraska,Big Ten,400H,2019,SR-4,,,57.38,seconds,NCAA Division I West Region Preliminary Rounds,2019-05-23,,,,Outdoor,https://www.tfrrs.org/results/62651/3849058/NCAA_Division_I_West_Region_Preliminary_Rounds/400-Hurdles,TFRRS all_performances
179,"Barge, Jasmine",Nebraska,Big Ten,400H,2019,SR-4,,,57.68,seconds,NCAA Division I West Region Preliminary Rounds,2019-05-23,,,,Outdoor,https://www.tfrrs.org/results/62651/3849058/NCAA_Division_I_West_Region_Preliminary_Rounds/400-Hurdles,TFRRS all_performances
180,"Peskova, Michaela",Nebraska,Big Ten,400H,2019,JR-3,,,57.46,seconds,NCAA Division I West Region Preliminary Rounds,2019-05-23,,,,Outdoor,https://www.tfrrs.org/results/62651/3849058/NCAA_Division_I_West_Region_Preliminary_Rounds/400-Hurdles,TFRRS all_performances
181,"Peskova, Michaela",Nebraska,Big Ten,400H,2019,JR-3,,,58.79,seconds,NCAA Division I West Region Preliminary Rounds,2019-05-23,,,,Outdoor,https://www.tfrrs.org/results/62651/3849058/NCAA_Division_I_West_Region_Preliminary_Rounds/400-Hurdles,TFRRS all_performances
182,"Riley, Shylia",Nebraska,Big Ten,Long Jump,2019,SR-4,,,5.76,m,NCAA Division I West Region Preliminary Rounds,2019-05-23,,,0.7,Outdoor,https://www.tfrrs.org/results/62651/3849069/NCAA_Division_I_West_Region_Preliminary_Rounds/Long-Jump,TFRRS all_performances
183,"Riley, Shylia",Nebraska,Big Ten,Long Jump,2019,SR-4,,,5.89,m,NCAA Division I West Region Preliminary Rounds,2019-05-23,,,1.0,Outdoor,https://www.tfrrs.org/results/62651/3849069/NCAA_Division_I_West_Region_Preliminary_Rounds/Long-Jump,TFRRS all_performances
184,"Freeman, Chanel",Nebraska,Big Ten,100H,2019,SR-4,,,13.08,seconds,NCAA Division I Outdoor Track & Field Championships,2019-06-05,,,2.0,Outdoor,https://www.tfrrs.org/results/62668/3850665/NCAA_Division_I_Outdoor_Track__Field_Championships/100-Hurdles,TFRRS all_performances
185,"Barge, Jasmine",Nebraska,Big Ten,400H,2019,SR-4,,,58.64,seconds,NCAA Division I Outdoor Track & Field Championships,2019-06-05,,,,Outdoor,https://www.tfrrs.org/results/62668/3850641/NCAA_Division_I_Outdoor_Track__Field_Championships/400-Hurdles,TFRRS all_performances
186,"Peskova, Michaela",Nebraska,Big Ten,400H,2019,JR-3,,,57.99,seconds,NCAA Division I Outdoor Track & Field Championships,2019-06-05,,,,Outdoor,https://www.tfrrs.org/results/62668/3850641/NCAA_Division_I_Outdoor_Track__Field_Championships/400-Hurdles,TFRRS all_performances
187,"Riley, Shylia",Nebraska,Big Ten,Long Jump,2019,SR-4,,,5.90,m,NCAA Division I Outdoor Track & Field Championships,2019-06-05,,,0.7,Outdoor,https://www.tfrrs.org/results/62668/3850652/NCAA_Division_I_Outdoor_Track__Field_Championships/Long-Jump,TFRRS all_performances
188,"Riley, Shylia",Nebraska,Big Ten,Long Jump,2019,SR-4,,,5.97,m,NCAA Division I Outdoor Track & Field Championships,2019-06-05,,,0.8,Outdoor,https://www.tfrrs.org/results/62668/3850652/NCAA_Division_I_Outdoor_Track__Field_Championships/Long-Jump,TFRRS all_performances
189,"Jackson, Khadejah",Oregon,Big Ten,100H,2019,SR-4,,,14.50,seconds,41st Annual Aztec Invitational,2019-03-22,,,-0.9,Outdoor,https://www.tfrrs.org/results/58498/3701086/41st_Annual_Aztec_Invitational/100-Hurdles,TFRRS all_performances
190,"McCarrell, Keira",Oregon,Big Ten,100H,2019,SO-2,,,15.06,seconds,41st Annual Aztec Invitational,2019-03-22,,,0.4,Outdoor,https://www.tfrrs.org/results/58498/3701086/41st_Annual_Aztec_Invitational/100-Hurdles,TFRRS all_performances
191,"Robinson, Kaylah",Oregon,Big Ten,100H,2019,SO-2,,,14.08,seconds,41st Annual Aztec Invitational,2019-03-22,,,-1.1,Outdoor,https://www.tfrrs.org/results/58498/3701086/41st_Annual_Aztec_Invitational/100-Hurdles,TFRRS all_performances
192,"Sloan, Emily",Oregon,Big Ten,100H,2019,FR-1,,,13.78,seconds,41st Annual Aztec Invitational,2019-03-22,,,-1.1,Outdoor,https://www.tfrrs.org/results/58498/3701086/41st_Annual_Aztec_Invitational/100-Hurdles,TFRRS all_performances
193,"Jackson, Khadejah",Oregon,Big Ten,400H,2019,SR-4,,,1:01.10,seconds,41st Annual Aztec Invitational,2019-03-22,,,,Outdoor,https://www.tfrrs.org/results/58498/3701058/41st_Annual_Aztec_Invitational/400-Hurdles,TFRRS all_performances
194,"D'Arpino, Kerissa",Oregon,Big Ten,400m,2019,SR-4,,,56.63,seconds,41st Annual Aztec Invitational,2019-03-22,,,,Outdoor,https://www.tfrrs.org/results/58498/3701092/41st_Annual_Aztec_Invitational/400-Meters,TFRRS all_performances
195,"Vinjamuri, Rachel",Oregon,Big Ten,400m,2019,JR-3,,,56.63,seconds,41st Annual Aztec Invitational,2019-03-22,,,,Outdoor,https://www.tfrrs.org/results/58498/3701092/41st_Annual_Aztec_Invitational/400-Meters,TFRRS all_performances
196,"Ellis, Lexi",Oregon,Big Ten,Long Jump,2019,FR-1,,,5.35,m,41st Annual Aztec Invitational,2019-03-22,,,0.5,Outdoor,https://www.tfrrs.org/results/58498/3701063/41st_Annual_Aztec_Invitational/Long-Jump,TFRRS all_performances
197,"Ellis, Lexi",Oregon,Big Ten,Long Jump,2019,FR-1,,,5.55,m,41st Annual Aztec Invitational,2019-03-22,,,1.4,Outdoor,https://www.tfrrs.org/results/58498/3701063/41st_Annual_Aztec_Invitational/Long-Jump,TFRRS all_performances
198,"McCarrell, Keira",Oregon,Big Ten,Long Jump,2019,SO-2,,,5.07,m,41st Annual Aztec Invitational,2019-03-22,,,-1.9,Outdoor,https://www.tfrrs.org/results/58498/3701063/41st_Annual_Aztec_Invitational/Long-Jump,TFRRS all_performances
199,"McCarrell, Keira",Oregon,Big Ten,Long Jump,2019,SO-2,,,5.34,m,41st Annual Aztec Invitational,2019-03-22,,,0.1,Outdoor,https://www.tfrrs.org/results/58498/3701063/41st_Annual_Aztec_Invitational/Long-Jump,TFRRS all_performances
200,"Sloan, Tori",Oregon,Big Ten,Long Jump,2019,FR-1,,,5.05,m,41st Annual Aztec Invitational,2019-03-22,,,-1.6,Outdoor,https://www.tfrrs.org/results/58498/3701063/41st_Annual_Aztec_Invitational/Long-Jump,TFRRS all_performances
201,"Sloan, Tori",Oregon,Big Ten,Long Jump,2019,FR-1,,,5.39,m,41st Annual Aztec Invitational,2019-03-22,,,-1.4,Outdoor,https://www.tfrrs.org/results/58498/3701063/41st_Annual_Aztec_Invitational/Long-Jump,TFRRS all_performances
202,"Foster, Rhesa",Oregon,Big Ten,100H,2019,JR-3,,,14.36,seconds,40th Sun Angel Track Classic,2019-04-05,,,-1.4,Outdoor,https://www.tfrrs.org/results/58689/3746748/40th_Sun_Angel_Track_Classic/100-Hurdles,TFRRS all_performances
203,"Jackson, Khadejah",Oregon,Big Ten,100H,2019,SR-4,,,14.32,seconds,40th Sun Angel Track Classic,2019-04-05,,,-1.4,Outdoor,https://www.tfrrs.org/results/58689/3746748/40th_Sun_Angel_Track_Classic/100-Hurdles,TFRRS all_performances
204,"McCarrell, Keira",Oregon,Big Ten,100H,2019,SO-2,,,14.72,seconds,40th Sun Angel Track Classic,2019-04-05,,,1.6,Outdoor,https://www.tfrrs.org/results/58689/3746748/40th_Sun_Angel_Track_Classic/100-Hurdles,TFRRS all_performances
205,"Robinson, Kaylah",Oregon,Big Ten,100H,2019,SO-2,,,13.48,seconds,40th Sun Angel Track Classic,2019-04-05,,,-0.2,Outdoor,https://www.tfrrs.org/results/58689/3746748/40th_Sun_Angel_Track_Classic/100-Hurdles,TFRRS all_performances
206,"Sloan, Emily",Oregon,Big Ten,100H,2019,FR-1,,,13.53,seconds,40th Sun Angel Track Classic,2019-04-05,,,-0.2,Outdoor,https://www.tfrrs.org/results/58689/3746748/40th_Sun_Angel_Track_Classic/100-Hurdles,TFRRS all_performances
207,"Jackson, Khadejah",Oregon,Big Ten,400H,2019,SR-4,,,1:00.75,seconds,40th Sun Angel Track Classic,2019-04-05,,,,Outdoor,https://www.tfrrs.org/results/58689/3746698/40th_Sun_Angel_Track_Classic/400-Hurdles,TFRRS all_performances
208,"Sloan, Emily",Oregon,Big Ten,400H,2019,FR-1,,,1:02.25,seconds,40th Sun Angel Track Classic,2019-04-05,,,,Outdoor,https://www.tfrrs.org/results/58689/3746698/40th_Sun_Angel_Track_Classic/400-Hurdles,TFRRS all_performances
209,"D'Arpino, Kerissa",Oregon,Big Ten,400m,2019,SR-4,,,57.00,seconds,40th Sun Angel Track Classic,2019-04-05,,,,Outdoor,https://www.tfrrs.org/results/58689/3746688/40th_Sun_Angel_Track_Classic/400-Meters,TFRRS all_performances
210,"Vinjamuri, Rachel",Oregon,Big Ten,400m,2019,JR-3,,,58.23,seconds,John Knight Twilight,2019-04-05,,,,Outdoor,https://www.tfrrs.org/results/60626/3740255/John_Knight_Twilight/400-Meters,TFRRS all_performances
211,"Cook, Chaquinn",Oregon,Big Ten,Long Jump,2019,SR-4,,,5.55,m,40th Sun Angel Track Classic,2019-04-05,,,+0.0,Outdoor,https://www.tfrrs.org/results/58689/3746745/40th_Sun_Angel_Track_Classic/Long-Jump,TFRRS all_performances
212,"Cook, Chaquinn",Oregon,Big Ten,Long Jump,2019,SR-4,,,5.58,m,40th Sun Angel Track Classic,2019-04-05,,,+0.0,Outdoor,https://www.tfrrs.org/results/58689/3746745/40th_Sun_Angel_Track_Classic/Long-Jump,TFRRS all_performances
213,"Cook, Chaquinn",Oregon,Big Ten,Long Jump,2019,SR-4,,,5.72,m,40th Sun Angel Track Classic,2019-04-05,,,+0.0,Outdoor,https://www.tfrrs.org/results/58689/3746745/40th_Sun_Angel_Track_Classic/Long-Jump,TFRRS all_performances
214,"McCarrell, Keira",Oregon,Big Ten,Long Jump,2019,SO-2,,,5.02,m,40th Sun Angel Track Classic,2019-04-05,,,+0.0,Outdoor,https://www.tfrrs.org/results/58689/3746649/40th_Sun_Angel_Track_Classic/Long-Jump,TFRRS all_performances
215,"McCarrell, Keira",Oregon,Big Ten,Long Jump,2019,SO-2,,,5.19,m,40th Sun Angel Track Classic,2019-04-05,,,0.1,Outdoor,https://www.tfrrs.org/results/58689/3746649/40th_Sun_Angel_Track_Classic/Long-Jump,TFRRS all_performances
216,"McCarrell, Keira",Oregon,Big Ten,Long Jump,2019,SO-2,,,5.21,m,40th Sun Angel Track Classic,2019-04-05,,,-0.2,Outdoor,https://www.tfrrs.org/results/58689/3746649/40th_Sun_Angel_Track_Classic/Long-Jump,TFRRS all_performances
217,"McCarrell, Keira",Oregon,Big Ten,Long Jump,2019,SO-2,,,5.27,m,40th Sun Angel Track Classic,2019-04-05,,,+0.0,Outdoor,https://www.tfrrs.org/results/58689/3746649/40th_Sun_Angel_Track_Classic/Long-Jump,TFRRS all_performances
218,"McCarrell, Keira",Oregon,Big Ten,Long Jump,2019,SO-2,,,5.42,m,40th Sun Angel Track Classic,2019-04-05,,,+0.0,Outdoor,https://www.tfrrs.org/results/58689/3746649/40th_Sun_Angel_Track_Classic/Long-Jump,TFRRS all_performances
219,"Sloan, Tori",Oregon,Big Ten,Long Jump,2019,FR-1,,,5.26,m,40th Sun Angel Track Classic,2019-04-05,,,+0.0,Outdoor,https://www.tfrrs.org/results/58689/3746649/40th_Sun_Angel_Track_Classic/Long-Jump,TFRRS all_performances
220,"Sloan, Tori",Oregon,Big Ten,Long Jump,2019,FR-1,,,5.33,m,40th Sun Angel Track Classic,2019-04-05,,,+0.0,Outdoor,https://www.tfrrs.org/results/58689/3746649/40th_Sun_Angel_Track_Classic/Long-Jump,TFRRS all_performances
221,"Sloan, Tori",Oregon,Big Ten,Long Jump,2019,FR-1,,,5.47,m,40th Sun Angel Track Classic,2019-04-05,,,-0.7,Outdoor,https://www.tfrrs.org/results/58689/3746649/40th_Sun_Angel_Track_Classic/Long-Jump,TFRRS all_performances
222,"McCarrell, Keira",Oregon,Big Ten,100H,2019,SO-2,,,14.48,seconds,Bryan Clay Invitational,2019-04-17,,,1.1,Outdoor,https://www.tfrrs.org/results/58368/3818687/Bryan_Clay_Invitational/100-Hurdles,TFRRS all_performances
223,"McCarrell, Keira",Oregon,Big Ten,Long Jump,2019,SO-2,,,4.10,m,Bryan Clay Invitational,2019-04-17,,,0.1,Outdoor,https://www.tfrrs.org/results/58368/3818691/Bryan_Clay_Invitational/Long-Jump,TFRRS all_performances
224,"McCarrell, Keira",Oregon,Big Ten,Long Jump,2019,SO-2,,,4.88,m,Bryan Clay Invitational,2019-04-17,,,1.1,Outdoor,https://www.tfrrs.org/results/58368/3818691/Bryan_Clay_Invitational/Long-Jump,TFRRS all_performances
225,"McCarrell, Keira",Oregon,Big Ten,Long Jump,2019,SO-2,,,5.03,m,Bryan Clay Invitational,2019-04-17,,,1.5,Outdoor,https://www.tfrrs.org/results/58368/3818691/Bryan_Clay_Invitational/Long-Jump,TFRRS all_performances
226,"Foster, Rhesa",Oregon,Big Ten,100H,2019,JR-3,,,14.03,seconds,Mt. SAC Relays,2019-04-18,,,0.8,Outdoor,https://www.tfrrs.org/results/62078/3792820/Mt_SAC_Relays/100-Hurdles,TFRRS all_performances
227,"Robinson, Kaylah",Oregon,Big Ten,100H,2019,SO-2,,,13.46,seconds,Mt. SAC Relays,2019-04-18,,,1.3,Outdoor,https://www.tfrrs.org/results/62078/3792820/Mt_SAC_Relays/100-Hurdles,TFRRS all_performances
228,"Robinson, Kaylah",Oregon,Big Ten,100H,2019,SO-2,,,13.53,seconds,Mt. SAC Relays,2019-04-18,,,+0.0,Outdoor,https://www.tfrrs.org/results/62078/3792820/Mt_SAC_Relays/100-Hurdles,TFRRS all_performances
229,"Sloan, Emily",Oregon,Big Ten,100H,2019,FR-1,,,13.26,seconds,Mt. SAC Relays,2019-04-18,,,1.3,Outdoor,https://www.tfrrs.org/results/62078/3792820/Mt_SAC_Relays/100-Hurdles,TFRRS all_performances
230,"Sloan, Emily",Oregon,Big Ten,100H,2019,FR-1,,,13.45,seconds,Mt. SAC Relays,2019-04-18,,,-0.8,Outdoor,https://www.tfrrs.org/results/62078/3792820/Mt_SAC_Relays/100-Hurdles,TFRRS all_performances
231,"Jackson, Khadejah",Oregon,Big Ten,400H,2019,SR-4,,,1:03.12,seconds,Mt. SAC Relays,2019-04-18,,,,Outdoor,https://www.tfrrs.org/results/62078/3792796/Mt_SAC_Relays/400-Hurdles,TFRRS all_performances
232,"D'Arpino, Kerissa",Oregon,Big Ten,400m,2019,SR-4,,,56.69,seconds,Mt. SAC Relays,2019-04-18,,,,Outdoor,https://www.tfrrs.org/results/62078/3792802/Mt_SAC_Relays/400-Meters,TFRRS all_performances
233,"D'Arpino, Venessa",Oregon,Big Ten,400m,2019,SR-4,,,53.28,seconds,Mt. SAC Relays,2019-04-18,,,,Outdoor,https://www.tfrrs.org/results/62078/3792835/Mt_SAC_Relays/400-Meters,TFRRS all_performances
234,"DesRosiers, Briyahna",Oregon,Big Ten,400m,2019,SR-4,,,52.02,seconds,Mt. SAC Relays,2019-04-18,,,,Outdoor,https://www.tfrrs.org/results/62078/3792835/Mt_SAC_Relays/400-Meters,TFRRS all_performances
235,"Vinjamuri, Rachel",Oregon,Big Ten,400m,2019,JR-3,,,58.42,seconds,Mt. SAC Relays,2019-04-18,,,,Outdoor,https://www.tfrrs.org/results/62078/3792802/Mt_SAC_Relays/400-Meters,TFRRS all_performances
236,"Waller, Hannah",Oregon,Big Ten,400m,2019,JR-3,,,52.28,seconds,Mt. SAC Relays,2019-04-18,,,,Outdoor,https://www.tfrrs.org/results/62078/3792835/Mt_SAC_Relays/400-Meters,TFRRS all_performances
237,"Foster, Rhesa",Oregon,Big Ten,Long Jump,2019,JR-3,,,6.11,m,Mt. SAC Relays,2019-04-18,,,1.5,Outdoor,https://www.tfrrs.org/results/62078/3792830/Mt_SAC_Relays/Long-Jump,TFRRS all_performances
238,"Foster, Rhesa",Oregon,Big Ten,Long Jump,2019,JR-3,,,6.14,m,Mt. SAC Relays,2019-04-18,,,-3.2,Outdoor,https://www.tfrrs.org/results/62078/3792830/Mt_SAC_Relays/Long-Jump,TFRRS all_performances
239,"Foster, Rhesa",Oregon,Big Ten,Long Jump,2019,JR-3,,,6.16,m,Mt. SAC Relays,2019-04-18,,,-1.7,Outdoor,https://www.tfrrs.org/results/62078/3792830/Mt_SAC_Relays/Long-Jump,TFRRS all_performances
240,"Foster, Rhesa",Oregon,Big Ten,Long Jump,2019,JR-3,,,6.23,m,Mt. SAC Relays,2019-04-18,,,-1.1,Outdoor,https://www.tfrrs.org/results/62078/3792830/Mt_SAC_Relays/Long-Jump,TFRRS all_performances
241,"Foster, Rhesa",Oregon,Big Ten,Long Jump,2019,JR-3,,,6.35,m,Mt. SAC Relays,2019-04-18,,,1.3,Outdoor,https://www.tfrrs.org/results/62078/3792830/Mt_SAC_Relays/Long-Jump,TFRRS all_performances
242,"Jackson, Khadejah",Oregon,Big Ten,400H,2019,SR-4,,,59.48,seconds,Oregon State High Performance Meet,2019-04-26,,,,Outdoor,https://www.tfrrs.org/results/59198/3812473/Oregon_State_High_Performance_Meet/400-Hurdles,TFRRS all_performances
243,"Vinjamuri, Rachel",Oregon,Big Ten,400m,2019,JR-3,,,57.13,seconds,Oregon State High Performance Meet,2019-04-26,,,,Outdoor,https://www.tfrrs.org/results/59198/3812515/Oregon_State_High_Performance_Meet/400-Meters,TFRRS all_performances
244,"Sloan, Emily",Oregon,Big Ten,100H,2019,FR-1,,,13.22,seconds,2019 Desert Heat Classic,2019-04-27,,,1.3,Outdoor,https://www.tfrrs.org/results/61602/3813587/2019_Desert_Heat_Classic/100-Hurdles,TFRRS all_performances
245,"Foster, Rhesa",Oregon,Big Ten,100H,2019,JR-3,,,13.62,seconds,2019 Pac-12 Track & Field Championships,2019-05-04,,,0.5,Outdoor,https://www.tfrrs.org/results/61226/3842515/2019_Pac-12_Track__Field_Championships/100-Hurdles,TFRRS all_performances
246,"Foster, Rhesa",Oregon,Big Ten,100H,2019,JR-3,,,13.71,seconds,2019 Pac-12 Track & Field Championships,2019-05-04,,,0.7,Outdoor,https://www.tfrrs.org/results/61226/3842515/2019_Pac-12_Track__Field_Championships/100-Hurdles,TFRRS all_performances
247,"Jackson, Khadejah",Oregon,Big Ten,100H,2019,SR-4,,,13.93,seconds,2019 Pac-12 Track & Field Championships,2019-05-04,,,0.5,Outdoor,https://www.tfrrs.org/results/61226/3842515/2019_Pac-12_Track__Field_Championships/100-Hurdles,TFRRS all_performances
248,"McCarrell, Keira",Oregon,Big Ten,100H,2019,SO-2,,,15.04,seconds,2019 Pac-12 Track & Field Championships,2019-05-04,,,0.1,Outdoor,https://www.tfrrs.org/results/61226/3842853/2019_Pac-12_Track__Field_Championships/100-Hurdles,TFRRS all_performances
249,"Sloan, Emily",Oregon,Big Ten,100H,2019,FR-1,,,13.18,seconds,2019 Pac-12 Track & Field Championships,2019-05-04,,,0.7,Outdoor,https://www.tfrrs.org/results/61226/3842515/2019_Pac-12_Track__Field_Championships/100-Hurdles,TFRRS all_performances
250,"Sloan, Emily",Oregon,Big Ten,100H,2019,FR-1,,,13.31,seconds,2019 Pac-12 Track & Field Championships,2019-05-04,,,0.5,Outdoor,https://www.tfrrs.org/results/61226/3842515/2019_Pac-12_Track__Field_Championships/100-Hurdles,TFRRS all_performances
251,"Jackson, Khadejah",Oregon,Big Ten,400H,2019,SR-4,,,59.40,seconds,2019 Pac-12 Track & Field Championships,2019-05-04,,,,Outdoor,https://www.tfrrs.org/results/61226/3842491/2019_Pac-12_Track__Field_Championships/400-Hurdles,TFRRS all_performances
252,"DesRosiers, Briyahna",Oregon,Big Ten,400m,2019,SR-4,,,52.25,seconds,2019 Pac-12 Track & Field Championships,2019-05-04,,,,Outdoor,https://www.tfrrs.org/results/61226/3842534/2019_Pac-12_Track__Field_Championships/400-Meters,TFRRS all_performances
253,"DesRosiers, Briyahna",Oregon,Big Ten,400m,2019,SR-4,,,52.48,seconds,2019 Pac-12 Track & Field Championships,2019-05-04,,,,Outdoor,https://www.tfrrs.org/results/61226/3842534/2019_Pac-12_Track__Field_Championships/400-Meters,TFRRS all_performances
254,"Waller, Hannah",Oregon,Big Ten,400m,2019,JR-3,,,51.60,seconds,2019 Pac-12 Track & Field Championships,2019-05-04,,,,Outdoor,https://www.tfrrs.org/results/61226/3842534/2019_Pac-12_Track__Field_Championships/400-Meters,TFRRS all_performances
255,"Waller, Hannah",Oregon,Big Ten,400m,2019,JR-3,,,52.16,seconds,2019 Pac-12 Track & Field Championships,2019-05-04,,,,Outdoor,https://www.tfrrs.org/results/61226/3842534/2019_Pac-12_Track__Field_Championships/400-Meters,TFRRS all_performances
256,"Cook, Chaquinn",Oregon,Big Ten,Long Jump,2019,SR-4,,,5.54,m,2019 Pac-12 Track & Field Championships,2019-05-04,,,-1.1,Outdoor,https://www.tfrrs.org/results/61226/3842482/2019_Pac-12_Track__Field_Championships/Long-Jump,TFRRS all_performances
257,"Cook, Chaquinn",Oregon,Big Ten,Long Jump,2019,SR-4,,,5.79,m,2019 Pac-12 Track & Field Championships,2019-05-04,,,+0.0,Outdoor,https://www.tfrrs.org/results/61226/3842482/2019_Pac-12_Track__Field_Championships/Long-Jump,TFRRS all_performances
258,"Duncan, Brianna",Oregon,Big Ten,Long Jump,2019,JR-3,,,5.58,m,2019 Pac-12 Track & Field Championships,2019-05-04,,,-0.5,Outdoor,https://www.tfrrs.org/results/61226/3842482/2019_Pac-12_Track__Field_Championships/Long-Jump,TFRRS all_performances
259,"Duncan, Brianna",Oregon,Big Ten,Long Jump,2019,JR-3,,,5.61,m,2019 Pac-12 Track & Field Championships,2019-05-04,,,-2.0,Outdoor,https://www.tfrrs.org/results/61226/3842482/2019_Pac-12_Track__Field_Championships/Long-Jump,TFRRS all_performances
260,"Duncan, Brianna",Oregon,Big Ten,Long Jump,2019,JR-3,,,5.87,m,2019 Pac-12 Track & Field Championships,2019-05-04,,,0.5,Outdoor,https://www.tfrrs.org/results/61226/3842482/2019_Pac-12_Track__Field_Championships/Long-Jump,TFRRS all_performances
261,"Foster, Rhesa",Oregon,Big Ten,Long Jump,2019,JR-3,,,6.16,m,2019 Pac-12 Track & Field Championships,2019-05-04,,,+0.0,Outdoor,https://www.tfrrs.org/results/61226/3842482/2019_Pac-12_Track__Field_Championships/Long-Jump,TFRRS all_performances
262,"Foster, Rhesa",Oregon,Big Ten,Long Jump,2019,JR-3,,,6.20,m,2019 Pac-12 Track & Field Championships,2019-05-04,,,1.5,Outdoor,https://www.tfrrs.org/results/61226/3842482/2019_Pac-12_Track__Field_Championships/Long-Jump,TFRRS all_performances
263,"Foster, Rhesa",Oregon,Big Ten,Long Jump,2019,JR-3,,,6.29,m,2019 Pac-12 Track & Field Championships,2019-05-04,,,+0.0,Outdoor,https://www.tfrrs.org/results/61226/3842482/2019_Pac-12_Track__Field_Championships/Long-Jump,TFRRS all_performances
264,"McCarrell, Keira",Oregon,Big Ten,Long Jump,2019,SO-2,,,4.79,m,2019 Pac-12 Track & Field Championships,2019-05-04,,,1.2,Outdoor,https://www.tfrrs.org/results/61226/3842857/2019_Pac-12_Track__Field_Championships/Long-Jump,TFRRS all_performances
265,"McCarrell, Keira",Oregon,Big Ten,Long Jump,2019,SO-2,,,4.99,m,2019 Pac-12 Track & Field Championships,2019-05-04,,,1.1,Outdoor,https://www.tfrrs.org/results/61226/3842857/2019_Pac-12_Track__Field_Championships/Long-Jump,TFRRS all_performances
266,"McCarrell, Keira",Oregon,Big Ten,Long Jump,2019,SO-2,,,5.00,m,2019 Pac-12 Track & Field Championships,2019-05-04,,,1.0,Outdoor,https://www.tfrrs.org/results/61226/3842857/2019_Pac-12_Track__Field_Championships/Long-Jump,TFRRS all_performances
267,"Foster, Rhesa",Oregon,Big Ten,100H,2019,JR-3,,,14.88,seconds,NCAA Division I West Region Preliminary Rounds,2019-05-23,,,1.2,Outdoor,https://www.tfrrs.org/results/62651/3849074/NCAA_Division_I_West_Region_Preliminary_Rounds/100-Hurdles,TFRRS all_performances
268,"Robinson, Kaylah",Oregon,Big Ten,100H,2019,SO-2,,,13.12,seconds,NCAA Division I West Region Preliminary Rounds,2019-05-23,,,1.2,Outdoor,https://www.tfrrs.org/results/62651/3849074/NCAA_Division_I_West_Region_Preliminary_Rounds/100-Hurdles,TFRRS all_performances
269,"Sloan, Emily",Oregon,Big Ten,100H,2019,FR-1,,,13.27,seconds,NCAA Division I West Region Preliminary Rounds,2019-05-23,,,1.2,Outdoor,https://www.tfrrs.org/results/62651/3849074/NCAA_Division_I_West_Region_Preliminary_Rounds/100-Hurdles,TFRRS all_performances
270,"D'Arpino, Venessa",Oregon,Big Ten,400m,2019,SR-4,,,52.22,seconds,NCAA Division I West Region Preliminary Rounds,2019-05-23,,,,Outdoor,https://www.tfrrs.org/results/62651/3849073/NCAA_Division_I_West_Region_Preliminary_Rounds/400-Meters,TFRRS all_performances
271,"D'Arpino, Venessa",Oregon,Big Ten,400m,2019,SR-4,,,53.03,seconds,NCAA Division I West Region Preliminary Rounds,2019-05-23,,,,Outdoor,https://www.tfrrs.org/results/62651/3849073/NCAA_Division_I_West_Region_Preliminary_Rounds/400-Meters,TFRRS all_performances
272,"DesRosiers, Briyahna",Oregon,Big Ten,400m,2019,SR-4,,,51.72,seconds,NCAA Division I West Region Preliminary Rounds,2019-05-23,,,,Outdoor,https://www.tfrrs.org/results/62651/3849073/NCAA_Division_I_West_Region_Preliminary_Rounds/400-Meters,TFRRS all_performances
273,"DesRosiers, Briyahna",Oregon,Big Ten,400m,2019,SR-4,,,52.73,seconds,NCAA Division I West Region Preliminary Rounds,2019-05-23,,,,Outdoor,https://www.tfrrs.org/results/62651/3849073/NCAA_Division_I_West_Region_Preliminary_Rounds/400-Meters,TFRRS all_performances
274,"Waller, Hannah",Oregon,Big Ten,400m,2019,JR-3,,,52.50,seconds,NCAA Division I West Region Preliminary Rounds,2019-05-23,,,,Outdoor,https://www.tfrrs.org/results/62651/3849073/NCAA_Division_I_West_Region_Preliminary_Rounds/400-Meters,TFRRS all_performances
275,"Waller, Hannah",Oregon,Big Ten,400m,2019,JR-3,,,53.59,seconds,NCAA Division I West Region Preliminary Rounds,2019-05-23,,,,Outdoor,https://www.tfrrs.org/results/62651/3849073/NCAA_Division_I_West_Region_Preliminary_Rounds/400-Meters,TFRRS all_performances
276,"Foster, Rhesa",Oregon,Big Ten,Long Jump,2019,JR-3,,,5.78,m,NCAA Division I West Region Preliminary Rounds,2019-05-23,,,0.7,Outdoor,https://www.tfrrs.org/results/62651/3849069/NCAA_Division_I_West_Region_Preliminary_Rounds/Long-Jump,TFRRS all_performances
277,"Foster, Rhesa",Oregon,Big Ten,Long Jump,2019,JR-3,,,6.25,m,NCAA Division I West Region Preliminary Rounds,2019-05-23,,,0.6,Outdoor,https://www.tfrrs.org/results/62651/3849069/NCAA_Division_I_West_Region_Preliminary_Rounds/Long-Jump,TFRRS all_performances
278,"Foster, Rhesa",Oregon,Big Ten,Long Jump,2019,JR-3,,,6.26,m,NCAA Division I West Region Preliminary Rounds,2019-05-23,,,0.8,Outdoor,https://www.tfrrs.org/results/62651/3849069/NCAA_Division_I_West_Region_Preliminary_Rounds/Long-Jump,TFRRS all_performances
279,"D'Arpino, Venessa",Oregon,Big Ten,400m,2019,SR-4,,,52.50,seconds,NCAA Division I Outdoor Track & Field Championships,2019-06-05,,,,Outdoor,https://www.tfrrs.org/results/62668/3850664/NCAA_Division_I_Outdoor_Track__Field_Championships/400-Meters,TFRRS all_performances
280,"DesRosiers, Briyahna",Oregon,Big Ten,400m,2019,SR-4,,,52.00,seconds,NCAA Division I Outdoor Track & Field Championships,2019-06-05,,,,Outdoor,https://www.tfrrs.org/results/62668/3850664/NCAA_Division_I_Outdoor_Track__Field_Championships/400-Meters,TFRRS all_performances
281,"Waller, Hannah",Oregon,Big Ten,400m,2019,JR-3,,,51.99,seconds,NCAA Division I Outdoor Track & Field Championships,2019-06-05,,,,Outdoor,https://www.tfrrs.org/results/62668/3850664/NCAA_Division_I_Outdoor_Track__Field_Championships/400-Meters,TFRRS all_performances
282,"Waller, Hannah",Oregon,Big Ten,400m,2019,JR-3,,,52.47,seconds,NCAA Division I Outdoor Track & Field Championships,2019-06-05,,,,Outdoor,https://www.tfrrs.org/results/62668/3850664/NCAA_Division_I_Outdoor_Track__Field_Championships/400-Meters,TFRRS all_performances
283,"Foster, Rhesa",Oregon,Big Ten,Long Jump,2019,JR-3,,,6.32,m,NCAA Division I Outdoor Track & Field Championships,2019-06-05,,,0.5,Outdoor,https://www.tfrrs.org/results/62668/3850652/NCAA_Division_I_Outdoor_Track__Field_Championships/Long-Jump,TFRRS all_performances
284,"Foster, Rhesa",Oregon,Big Ten,Long Jump,2019,JR-3,,,6.34,m,NCAA Division I Outdoor Track & Field Championships,2019-06-05,,,1.5,Outdoor,https://www.tfrrs.org/results/62668/3850652/NCAA_Division_I_Outdoor_Track__Field_Championships/Long-Jump,TFRRS all_performances
285,"Foster, Rhesa",Oregon,Big Ten,Long Jump,2019,JR-3,,,6.41,m,NCAA Division I Outdoor Track & Field Championships,2019-06-05,,,0.8,Outdoor,https://www.tfrrs.org/results/62668/3850652/NCAA_Division_I_Outdoor_Track__Field_Championships/Long-Jump,TFRRS all_performances
286,"Foster, Rhesa",Oregon,Big Ten,Long Jump,2019,JR-3,,,6.43,m,NCAA Division I Outdoor Track & Field Championships,2019-06-05,,,1.2,Outdoor,https://www.tfrrs.org/results/62668/3850652/NCAA_Division_I_Outdoor_Track__Field_Championships/Long-Jump,TFRRS all_performances
287,"Lear, Bailey",USC,Big Ten,400m,2019,FR-1,,,53.25,seconds,USC Trojan Invite,2019-03-15,,,,Outdoor,https://www.tfrrs.org/results/60530/3679818/USC_Trojan_Invite/400-Meters,TFRRS all_performances
288,"Jones, Margaux",USC,Big Ten,Long Jump,2019,SR-4,,,5.76,m,USC Trojan Invite,2019-03-15,,,-0.7,Outdoor,https://www.tfrrs.org/results/60530/3679842/USC_Trojan_Invite/Long-Jump,TFRRS all_performances
289,"Jones, Margaux",USC,Big Ten,Long Jump,2019,SR-4,,,6.07,m,USC Trojan Invite,2019-03-15,,,+0.0,Outdoor,https://www.tfrrs.org/results/60530/3679842/USC_Trojan_Invite/Long-Jump,TFRRS all_performances
290,"Jones, Margaux",USC,Big Ten,Long Jump,2019,SR-4,,,6.13,m,USC Trojan Invite,2019-03-15,,,1.0,Outdoor,https://www.tfrrs.org/results/60530/3679842/USC_Trojan_Invite/Long-Jump,TFRRS all_performances
291,"Thomas, Lanae-Tava",USC,Big Ten,Long Jump,2019,FR-1,,,5.92,m,USC Trojan Invite,2019-03-15,,,+0.0,Outdoor,https://www.tfrrs.org/results/60530/3679842/USC_Trojan_Invite/Long-Jump,TFRRS all_performances
292,"Brissett, Chanel",USC,Big Ten,100H,2019,SO-2,,,13.31,seconds,Miami Power 5 Trailblazer Challenge,2019-03-23,,,-2.6,Outdoor,https://www.tfrrs.org/results/58379/3697730/Miami_Power_5_Trailblazer_Challenge/100-Hurdles,TFRRS all_performances
293,"Lear, Bailey",USC,Big Ten,400m,2019,FR-1,,,52.86,seconds,Miami Power 5 Trailblazer Challenge,2019-03-23,,,,Outdoor,https://www.tfrrs.org/results/58379/3697742/Miami_Power_5_Trailblazer_Challenge/400-Meters,TFRRS all_performances
294,"Jones, Margaux",USC,Big Ten,Long Jump,2019,SR-4,,,5.79,m,Miami Power 5 Trailblazer Challenge,2019-03-23,,,1.3,Outdoor,https://www.tfrrs.org/results/58379/3697718/Miami_Power_5_Trailblazer_Challenge/Long-Jump,TFRRS all_performances
295,"Jones, Margaux",USC,Big Ten,Long Jump,2019,SR-4,,,5.83,m,Miami Power 5 Trailblazer Challenge,2019-03-23,,,1.3,Outdoor,https://www.tfrrs.org/results/58379/3697718/Miami_Power_5_Trailblazer_Challenge/Long-Jump,TFRRS all_performances
296,"Thomas, Lanae-Tava",USC,Big Ten,Long Jump,2019,FR-1,,,5.63,m,Miami Power 5 Trailblazer Challenge,2019-03-23,,,1.6,Outdoor,https://www.tfrrs.org/results/58379/3697718/Miami_Power_5_Trailblazer_Challenge/Long-Jump,TFRRS all_performances
297,"Thomas, Lanae-Tava",USC,Big Ten,Long Jump,2019,FR-1,,,5.90,m,Miami Power 5 Trailblazer Challenge,2019-03-23,,,0.9,Outdoor,https://www.tfrrs.org/results/58379/3697718/Miami_Power_5_Trailblazer_Challenge/Long-Jump,TFRRS all_performances
298,"Thomas, Lanae-Tava",USC,Big Ten,Long Jump,2019,FR-1,,,6.02,m,Miami Power 5 Trailblazer Challenge,2019-03-23,,,0.5,Outdoor,https://www.tfrrs.org/results/58379/3697718/Miami_Power_5_Trailblazer_Challenge/Long-Jump,TFRRS all_performances
299,"Brissett, Chanel",USC,Big Ten,100H,2019,SO-2,,,12.87,seconds,Jim Click Shootout,2019-04-06,,,0.1,Outdoor,https://www.tfrrs.org/results/59968/3745269/Jim_Click_Shootout/100-Hurdles,TFRRS all_performances
300,"Hall, Dior",USC,Big Ten,100H,2019,SR-4,,,13.18,seconds,Jim Click Shootout,2019-04-06,,,0.1,Outdoor,https://www.tfrrs.org/results/59968/3745269/Jim_Click_Shootout/100-Hurdles,TFRRS all_performances
301,"McGlaston, Mecca",USC,Big Ten,100H,2019,JR-3,,,13.11,seconds,Jim Click Shootout,2019-04-06,,,0.1,Outdoor,https://www.tfrrs.org/results/59968/3745269/Jim_Click_Shootout/100-Hurdles,TFRRS all_performances
302,"Bernard-Joseph, Breanna",USC,Big Ten,400H,2019,FR-1,,,1:01.21,seconds,Jim Click Shootout,2019-04-06,,,,Outdoor,https://www.tfrrs.org/results/59968/3745273/Jim_Click_Shootout/400-Hurdles,TFRRS all_performances
303,"Constantine, Kyra",USC,Big Ten,400m,2019,JR-3,,,52.33,seconds,Jim Click Shootout,2019-04-06,,,,Outdoor,https://www.tfrrs.org/results/59968/3745299/Jim_Click_Shootout/400-Meters,TFRRS all_performances
304,"Lear, Bailey",USC,Big Ten,400m,2019,FR-1,,,52.56,seconds,Jim Click Shootout,2019-04-06,,,,Outdoor,https://www.tfrrs.org/results/59968/3745299/Jim_Click_Shootout/400-Meters,TFRRS all_performances
305,"Jones, Margaux",USC,Big Ten,Long Jump,2019,SR-4,,,5.83,m,Jim Click Shootout,2019-04-06,,,1.3,Outdoor,https://www.tfrrs.org/results/59968/3745332/Jim_Click_Shootout/Long-Jump,TFRRS all_performances
306,"Jones, Margaux",USC,Big Ten,Long Jump,2019,SR-4,,,5.87,m,Jim Click Shootout,2019-04-06,,,-0.3,Outdoor,https://www.tfrrs.org/results/59968/3745332/Jim_Click_Shootout/Long-Jump,TFRRS all_performances
307,"Jones, Margaux",USC,Big Ten,Long Jump,2019,SR-4,,,5.94,m,Jim Click Shootout,2019-04-06,,,0.5,Outdoor,https://www.tfrrs.org/results/59968/3745332/Jim_Click_Shootout/Long-Jump,TFRRS all_performances
308,"Thomas, Lanae-Tava",USC,Big Ten,Long Jump,2019,FR-1,,,5.59,m,Jim Click Shootout,2019-04-06,,,-0.1,Outdoor,https://www.tfrrs.org/results/59968/3745332/Jim_Click_Shootout/Long-Jump,TFRRS all_performances
309,"Thomas, Lanae-Tava",USC,Big Ten,Long Jump,2019,FR-1,,,5.75,m,Jim Click Shootout,2019-04-06,,,1.1,Outdoor,https://www.tfrrs.org/results/59968/3745332/Jim_Click_Shootout/Long-Jump,TFRRS all_performances
310,"Thomas, Lanae-Tava",USC,Big Ten,Long Jump,2019,FR-1,,,5.81,m,Jim Click Shootout,2019-04-06,,,-0.1,Outdoor,https://www.tfrrs.org/results/59968/3745332/Jim_Click_Shootout/Long-Jump,TFRRS all_performances
311,"Thomas, Lanae-Tava",USC,Big Ten,Long Jump,2019,FR-1,,,6.07,m,Jim Click Shootout,2019-04-06,,,-1.8,Outdoor,https://www.tfrrs.org/results/59968/3745332/Jim_Click_Shootout/Long-Jump,TFRRS all_performances
312,"Brissett, Chanel",USC,Big Ten,100H,2019,SO-2,,,29.02,seconds,Mt. SAC Relays,2019-04-18,,,0.3,Outdoor,https://www.tfrrs.org/results/62078/3792784/Mt_SAC_Relays/100-Hurdles,TFRRS all_performances
313,"Hall, Dior",USC,Big Ten,100H,2019,SR-4,,,12.96,seconds,Mt. SAC Relays,2019-04-18,,,1.1,Outdoor,https://www.tfrrs.org/results/62078/3792784/Mt_SAC_Relays/100-Hurdles,TFRRS all_performances
314,"McGlaston, Mecca",USC,Big Ten,100H,2019,JR-3,,,13.07,seconds,Mt. SAC Relays,2019-04-18,,,1.1,Outdoor,https://www.tfrrs.org/results/62078/3792784/Mt_SAC_Relays/100-Hurdles,TFRRS all_performances
315,"Bernard-Joseph, Breanna",USC,Big Ten,400H,2019,FR-1,,,59.79,seconds,Mt. SAC Relays,2019-04-18,,,,Outdoor,https://www.tfrrs.org/results/62078/3792796/Mt_SAC_Relays/400-Hurdles,TFRRS all_performances
316,"Constantine, Kyra",USC,Big Ten,400m,2019,JR-3,,,52.54,seconds,Mt. SAC Relays,2019-04-18,,,,Outdoor,https://www.tfrrs.org/results/62078/3792835/Mt_SAC_Relays/400-Meters,TFRRS all_performances
317,"Lear, Bailey",USC,Big Ten,400m,2019,FR-1,,,53.43,seconds,Mt. SAC Relays,2019-04-18,,,,Outdoor,https://www.tfrrs.org/results/62078/3792835/Mt_SAC_Relays/400-Meters,TFRRS all_performances
318,"Richardson, Kayla",USC,Big Ten,400m,2019,JR-3,,,55.65,seconds,Mt. SAC Relays,2019-04-18,,,,Outdoor,https://www.tfrrs.org/results/62078/3792802/Mt_SAC_Relays/400-Meters,TFRRS all_performances
319,"Jones, Margaux",USC,Big Ten,Long Jump,2019,SR-4,,,5.41,m,Mt. SAC Relays,2019-04-18,,,1.0,Outdoor,https://www.tfrrs.org/results/62078/3792830/Mt_SAC_Relays/Long-Jump,TFRRS all_performances
320,"Jones, Margaux",USC,Big Ten,Long Jump,2019,SR-4,,,5.94,m,Mt. SAC Relays,2019-04-18,,,1.8,Outdoor,https://www.tfrrs.org/results/62078/3792830/Mt_SAC_Relays/Long-Jump,TFRRS all_performances
321,"Thomas, Lanae-Tava",USC,Big Ten,Long Jump,2019,FR-1,,,5.48,m,Mt. SAC Relays,2019-04-18,,,1.8,Outdoor,https://www.tfrrs.org/results/62078/3792830/Mt_SAC_Relays/Long-Jump,TFRRS all_performances
322,"Thomas, Lanae-Tava",USC,Big Ten,Long Jump,2019,FR-1,,,5.60,m,Mt. SAC Relays,2019-04-18,,,-1.3,Outdoor,https://www.tfrrs.org/results/62078/3792830/Mt_SAC_Relays/Long-Jump,TFRRS all_performances
323,"Thomas, Lanae-Tava",USC,Big Ten,Long Jump,2019,FR-1,,,5.64,m,Mt. SAC Relays,2019-04-18,,,-1.9,Outdoor,https://www.tfrrs.org/results/62078/3792830/Mt_SAC_Relays/Long-Jump,TFRRS all_performances
324,"Thomas, Lanae-Tava",USC,Big Ten,Long Jump,2019,FR-1,,,5.67,m,Mt. SAC Relays,2019-04-18,,,-1.1,Outdoor,https://www.tfrrs.org/results/62078/3792830/Mt_SAC_Relays/Long-Jump,TFRRS all_performances
325,"Thomas, Lanae-Tava",USC,Big Ten,Long Jump,2019,FR-1,,,5.78,m,Mt. SAC Relays,2019-04-18,,,-0.6,Outdoor,https://www.tfrrs.org/results/62078/3792830/Mt_SAC_Relays/Long-Jump,TFRRS all_performances
326,"Thomas, Lanae-Tava",USC,Big Ten,Long Jump,2019,FR-1,,,5.84,m,Mt. SAC Relays,2019-04-18,,,-2.3,Outdoor,https://www.tfrrs.org/results/62078/3792830/Mt_SAC_Relays/Long-Jump,TFRRS all_performances
327,"Brissett, Chanel",USC,Big Ten,100H,2019,SO-2,,,12.89,seconds,USC vs UCLA,2019-04-27,,,0.2,Outdoor,https://www.tfrrs.org/results/62337/3815352/USC_vs_UCLA/100-Hurdles,TFRRS all_performances
328,"Cockrell, Anna",USC,Big Ten,100H,2019,JR-3,,,13.04,seconds,USC vs UCLA,2019-04-27,,,0.2,Outdoor,https://www.tfrrs.org/results/62337/3815352/USC_vs_UCLA/100-Hurdles,TFRRS all_performances
329,"Hall, Dior",USC,Big Ten,100H,2019,SR-4,,,13.17,seconds,USC vs UCLA,2019-04-27,,,0.2,Outdoor,https://www.tfrrs.org/results/62337/3815352/USC_vs_UCLA/100-Hurdles,TFRRS all_performances
330,"McGlaston, Mecca",USC,Big Ten,100H,2019,JR-3,,,13.12,seconds,USC vs UCLA,2019-04-27,,,0.2,Outdoor,https://www.tfrrs.org/results/62337/3815352/USC_vs_UCLA/100-Hurdles,TFRRS all_performances
331,"Bernard-Joseph, Breanna",USC,Big Ten,400H,2019,FR-1,,,1:01.12,seconds,USC vs UCLA,2019-04-27,,,,Outdoor,https://www.tfrrs.org/results/62337/3815353/USC_vs_UCLA/400-Hurdles,TFRRS all_performances
332,"Cockrell, Anna",USC,Big Ten,400H,2019,JR-3,,,56.44,seconds,USC vs UCLA,2019-04-27,,,,Outdoor,https://www.tfrrs.org/results/62337/3815353/USC_vs_UCLA/400-Hurdles,TFRRS all_performances
333,"Constantine, Kyra",USC,Big Ten,400m,2019,JR-3,,,52.38,seconds,USC vs UCLA,2019-04-27,,,,Outdoor,https://www.tfrrs.org/results/62337/3815361/USC_vs_UCLA/400-Meters,TFRRS all_performances
334,"Lear, Bailey",USC,Big Ten,400m,2019,FR-1,,,52.59,seconds,USC vs UCLA,2019-04-27,,,,Outdoor,https://www.tfrrs.org/results/62337/3815361/USC_vs_UCLA/400-Meters,TFRRS all_performances
335,"Richardson, Kayla",USC,Big Ten,400m,2019,JR-3,,,55.80,seconds,USC vs UCLA,2019-04-27,,,,Outdoor,https://www.tfrrs.org/results/62337/3815361/USC_vs_UCLA/400-Meters,TFRRS all_performances
336,"Harmon-Thomas, Alexa",USC,Big Ten,Long Jump,2019,SR-4,,,4.73,m,USC vs UCLA,2019-04-27,,,1.1,Outdoor,https://www.tfrrs.org/results/62337/3815355/USC_vs_UCLA/Long-Jump,TFRRS all_performances
337,"Harmon-Thomas, Alexa",USC,Big Ten,Long Jump,2019,SR-4,,,5.47,m,USC vs UCLA,2019-04-27,,,-0.6,Outdoor,https://www.tfrrs.org/results/62337/3815355/USC_vs_UCLA/Long-Jump,TFRRS all_performances
338,"Harmon-Thomas, Alexa",USC,Big Ten,Long Jump,2019,SR-4,,,5.50,m,USC vs UCLA,2019-04-27,,,-0.6,Outdoor,https://www.tfrrs.org/results/62337/3815355/USC_vs_UCLA/Long-Jump,TFRRS all_performances
339,"Jones, Margaux",USC,Big Ten,Long Jump,2019,SR-4,,,5.95,m,USC vs UCLA,2019-04-27,,,0.9,Outdoor,https://www.tfrrs.org/results/62337/3815355/USC_vs_UCLA/Long-Jump,TFRRS all_performances
340,"Marten, Isabella",USC,Big Ten,Long Jump,2019,SR-4,,,5.86,m,USC vs UCLA,2019-04-27,,,0.4,Outdoor,https://www.tfrrs.org/results/62337/3815355/USC_vs_UCLA/Long-Jump,TFRRS all_performances
341,"Marten, Isabella",USC,Big Ten,Long Jump,2019,SR-4,,,6.09,m,USC vs UCLA,2019-04-27,,,0.8,Outdoor,https://www.tfrrs.org/results/62337/3815355/USC_vs_UCLA/Long-Jump,TFRRS all_performances
342,"Thomas, Lanae-Tava",USC,Big Ten,Long Jump,2019,FR-1,,,5.49,m,USC vs UCLA,2019-04-27,,,0.5,Outdoor,https://www.tfrrs.org/results/62337/3815355/USC_vs_UCLA/Long-Jump,TFRRS all_performances
343,"Thomas, Lanae-Tava",USC,Big Ten,Long Jump,2019,FR-1,,,5.92,m,USC vs UCLA,2019-04-27,,,0.8,Outdoor,https://www.tfrrs.org/results/62337/3815355/USC_vs_UCLA/Long-Jump,TFRRS all_performances
344,"Brissett, Chanel",USC,Big Ten,100H,2019,SO-2,,,12.70,seconds,2019 Pac-12 Track & Field Championships,2019-05-04,,,0.7,Outdoor,https://www.tfrrs.org/results/61226/3842515/2019_Pac-12_Track__Field_Championships/100-Hurdles,TFRRS all_performances
345,"Brissett, Chanel",USC,Big Ten,100H,2019,SO-2,,,12.88,seconds,2019 Pac-12 Track & Field Championships,2019-05-04,,,0.4,Outdoor,https://www.tfrrs.org/results/61226/3842515/2019_Pac-12_Track__Field_Championships/100-Hurdles,TFRRS all_performances
346,"Cockrell, Anna",USC,Big Ten,100H,2019,JR-3,,,12.92,seconds,2019 Pac-12 Track & Field Championships,2019-05-04,,,0.7,Outdoor,https://www.tfrrs.org/results/61226/3842515/2019_Pac-12_Track__Field_Championships/100-Hurdles,TFRRS all_performances
347,"Cockrell, Anna",USC,Big Ten,100H,2019,JR-3,,,13.00,seconds,2019 Pac-12 Track & Field Championships,2019-05-04,,,0.2,Outdoor,https://www.tfrrs.org/results/61226/3842515/2019_Pac-12_Track__Field_Championships/100-Hurdles,TFRRS all_performances
348,"McGlaston, Mecca",USC,Big Ten,100H,2019,JR-3,,,13.06,seconds,2019 Pac-12 Track & Field Championships,2019-05-04,,,0.2,Outdoor,https://www.tfrrs.org/results/61226/3842515/2019_Pac-12_Track__Field_Championships/100-Hurdles,TFRRS all_performances
349,"McGlaston, Mecca",USC,Big Ten,100H,2019,JR-3,,,13.13,seconds,2019 Pac-12 Track & Field Championships,2019-05-04,,,0.7,Outdoor,https://www.tfrrs.org/results/61226/3842515/2019_Pac-12_Track__Field_Championships/100-Hurdles,TFRRS all_performances
350,"Bernard-Joseph, Breanna",USC,Big Ten,400H,2019,FR-1,,,1:00.56,seconds,2019 Pac-12 Track & Field Championships,2019-05-04,,,,Outdoor,https://www.tfrrs.org/results/61226/3842491/2019_Pac-12_Track__Field_Championships/400-Hurdles,TFRRS all_performances
351,"Cockrell, Anna",USC,Big Ten,400H,2019,JR-3,,,56.46,seconds,2019 Pac-12 Track & Field Championships,2019-05-04,,,,Outdoor,https://www.tfrrs.org/results/61226/3842491/2019_Pac-12_Track__Field_Championships/400-Hurdles,TFRRS all_performances
352,"Constantine, Kyra",USC,Big Ten,400m,2019,JR-3,,,51.41,seconds,2019 Pac-12 Track & Field Championships,2019-05-04,,,,Outdoor,https://www.tfrrs.org/results/61226/3842534/2019_Pac-12_Track__Field_Championships/400-Meters,TFRRS all_performances
353,"Constantine, Kyra",USC,Big Ten,400m,2019,JR-3,,,51.77,seconds,2019 Pac-12 Track & Field Championships,2019-05-04,,,,Outdoor,https://www.tfrrs.org/results/61226/3842534/2019_Pac-12_Track__Field_Championships/400-Meters,TFRRS all_performances
354,"Lear, Bailey",USC,Big Ten,400m,2019,FR-1,,,52.07,seconds,2019 Pac-12 Track & Field Championships,2019-05-04,,,,Outdoor,https://www.tfrrs.org/results/61226/3842534/2019_Pac-12_Track__Field_Championships/400-Meters,TFRRS all_performances
355,"Lear, Bailey",USC,Big Ten,400m,2019,FR-1,,,52.48,seconds,2019 Pac-12 Track & Field Championships,2019-05-04,,,,Outdoor,https://www.tfrrs.org/results/61226/3842534/2019_Pac-12_Track__Field_Championships/400-Meters,TFRRS all_performances
356,"Roberts, Kaelin",USC,Big Ten,400m,2019,SO-2,,,51.25,seconds,2019 Pac-12 Track & Field Championships,2019-05-04,,,,Outdoor,https://www.tfrrs.org/results/61226/3842534/2019_Pac-12_Track__Field_Championships/400-Meters,TFRRS all_performances
357,"Roberts, Kaelin",USC,Big Ten,400m,2019,SO-2,,,52.16,seconds,2019 Pac-12 Track & Field Championships,2019-05-04,,,,Outdoor,https://www.tfrrs.org/results/61226/3842534/2019_Pac-12_Track__Field_Championships/400-Meters,TFRRS all_performances
358,"Jones, Margaux",USC,Big Ten,Long Jump,2019,SR-4,,,5.72,m,2019 Pac-12 Track & Field Championships,2019-05-04,,,+0.0,Outdoor,https://www.tfrrs.org/results/61226/3842482/2019_Pac-12_Track__Field_Championships/Long-Jump,TFRRS all_performances
359,"Jones, Margaux",USC,Big Ten,Long Jump,2019,SR-4,,,5.73,m,2019 Pac-12 Track & Field Championships,2019-05-04,,,-0.9,Outdoor,https://www.tfrrs.org/results/61226/3842482/2019_Pac-12_Track__Field_Championships/Long-Jump,TFRRS all_performances
360,"Jones, Margaux",USC,Big Ten,Long Jump,2019,SR-4,,,5.86,m,2019 Pac-12 Track & Field Championships,2019-05-04,,,0.4,Outdoor,https://www.tfrrs.org/results/61226/3842482/2019_Pac-12_Track__Field_Championships/Long-Jump,TFRRS all_performances
361,"Jones, Margaux",USC,Big Ten,Long Jump,2019,SR-4,,,5.95,m,2019 Pac-12 Track & Field Championships,2019-05-04,,,+0.0,Outdoor,https://www.tfrrs.org/results/61226/3842482/2019_Pac-12_Track__Field_Championships/Long-Jump,TFRRS all_performances
362,"Marten, Isabella",USC,Big Ten,Long Jump,2019,SR-4,,,5.73,m,2019 Pac-12 Track & Field Championships,2019-05-04,,,0.4,Outdoor,https://www.tfrrs.org/results/61226/3842482/2019_Pac-12_Track__Field_Championships/Long-Jump,TFRRS all_performances
363,"Marten, Isabella",USC,Big Ten,Long Jump,2019,SR-4,,,5.82,m,2019 Pac-12 Track & Field Championships,2019-05-04,,,-1.1,Outdoor,https://www.tfrrs.org/results/61226/3842482/2019_Pac-12_Track__Field_Championships/Long-Jump,TFRRS all_performances
364,"Thomas, Lanae-Tava",USC,Big Ten,Long Jump,2019,FR-1,,,5.30,m,2019 Pac-12 Track & Field Championships,2019-05-04,,,-2.1,Outdoor,https://www.tfrrs.org/results/61226/3842482/2019_Pac-12_Track__Field_Championships/Long-Jump,TFRRS all_performances
365,"Thomas, Lanae-Tava",USC,Big Ten,Long Jump,2019,FR-1,,,5.72,m,2019 Pac-12 Track & Field Championships,2019-05-04,,,-0.9,Outdoor,https://www.tfrrs.org/results/61226/3842482/2019_Pac-12_Track__Field_Championships/Long-Jump,TFRRS all_performances
366,"Thomas, Lanae-Tava",USC,Big Ten,Long Jump,2019,FR-1,,,5.77,m,2019 Pac-12 Track & Field Championships,2019-05-04,,,0.8,Outdoor,https://www.tfrrs.org/results/61226/3842482/2019_Pac-12_Track__Field_Championships/Long-Jump,TFRRS all_performances
367,"Brissett, Chanel",USC,Big Ten,100H,2019,SO-2,,,13.01,seconds,NCAA Division I West Region Preliminary Rounds,2019-05-23,,,1.7,Outdoor,https://www.tfrrs.org/results/62651/3849074/NCAA_Division_I_West_Region_Preliminary_Rounds/100-Hurdles,TFRRS all_performances
368,"Cockrell, Anna",USC,Big Ten,100H,2019,JR-3,,,12.85,seconds,NCAA Division I West Region Preliminary Rounds,2019-05-23,,,2.0,Outdoor,https://www.tfrrs.org/results/62651/3849074/NCAA_Division_I_West_Region_Preliminary_Rounds/100-Hurdles,TFRRS all_performances
369,"Cockrell, Anna",USC,Big Ten,100H,2019,JR-3,,,13.09,seconds,NCAA Division I West Region Preliminary Rounds,2019-05-23,,,1.7,Outdoor,https://www.tfrrs.org/results/62651/3849074/NCAA_Division_I_West_Region_Preliminary_Rounds/100-Hurdles,TFRRS all_performances
370,"Hall, Dior",USC,Big Ten,100H,2019,SR-4,,,13.10,seconds,NCAA Division I West Region Preliminary Rounds,2019-05-23,,,1.2,Outdoor,https://www.tfrrs.org/results/62651/3849074/NCAA_Division_I_West_Region_Preliminary_Rounds/100-Hurdles,TFRRS all_performances
371,"McGlaston, Mecca",USC,Big Ten,100H,2019,JR-3,,,13.23,seconds,NCAA Division I West Region Preliminary Rounds,2019-05-23,,,1.7,Outdoor,https://www.tfrrs.org/results/62651/3849074/NCAA_Division_I_West_Region_Preliminary_Rounds/100-Hurdles,TFRRS all_performances
372,"McGlaston, Mecca",USC,Big Ten,100H,2019,JR-3,,,39.99,seconds,NCAA Division I West Region Preliminary Rounds,2019-05-23,,,-0.3,Outdoor,https://www.tfrrs.org/results/62651/3849074/NCAA_Division_I_West_Region_Preliminary_Rounds/100-Hurdles,TFRRS all_performances
373,"Cockrell, Anna",USC,Big Ten,400H,2019,JR-3,,,56.83,seconds,NCAA Division I West Region Preliminary Rounds,2019-05-23,,,,Outdoor,https://www.tfrrs.org/results/62651/3849058/NCAA_Division_I_West_Region_Preliminary_Rounds/400-Hurdles,TFRRS all_performances
374,"Cockrell, Anna",USC,Big Ten,400H,2019,JR-3,,,57.47,seconds,NCAA Division I West Region Preliminary Rounds,2019-05-23,,,,Outdoor,https://www.tfrrs.org/results/62651/3849058/NCAA_Division_I_West_Region_Preliminary_Rounds/400-Hurdles,TFRRS all_performances
375,"Constantine, Kyra",USC,Big Ten,400m,2019,JR-3,,,51.70,seconds,NCAA Division I West Region Preliminary Rounds,2019-05-23,,,,Outdoor,https://www.tfrrs.org/results/62651/3849073/NCAA_Division_I_West_Region_Preliminary_Rounds/400-Meters,TFRRS all_performances
376,"Constantine, Kyra",USC,Big Ten,400m,2019,JR-3,,,52.17,seconds,NCAA Division I West Region Preliminary Rounds,2019-05-23,,,,Outdoor,https://www.tfrrs.org/results/62651/3849073/NCAA_Division_I_West_Region_Preliminary_Rounds/400-Meters,TFRRS all_performances
377,"Lear, Bailey",USC,Big Ten,400m,2019,FR-1,,,52.84,seconds,NCAA Division I West Region Preliminary Rounds,2019-05-23,,,,Outdoor,https://www.tfrrs.org/results/62651/3849073/NCAA_Division_I_West_Region_Preliminary_Rounds/400-Meters,TFRRS all_performances
378,"Lear, Bailey",USC,Big Ten,400m,2019,FR-1,,,53.28,seconds,NCAA Division I West Region Preliminary Rounds,2019-05-23,,,,Outdoor,https://www.tfrrs.org/results/62651/3849073/NCAA_Division_I_West_Region_Preliminary_Rounds/400-Meters,TFRRS all_performances
379,"Roberts, Kaelin",USC,Big Ten,400m,2019,SO-2,,,52.67,seconds,NCAA Division I West Region Preliminary Rounds,2019-05-23,,,,Outdoor,https://www.tfrrs.org/results/62651/3849073/NCAA_Division_I_West_Region_Preliminary_Rounds/400-Meters,TFRRS all_performances
380,"Brissett, Chanel",USC,Big Ten,100H,2019,SO-2,,,12.52,seconds,NCAA Division I Outdoor Track & Field Championships,2019-06-05,,,0.6,Outdoor,https://www.tfrrs.org/results/62668/3850665/NCAA_Division_I_Outdoor_Track__Field_Championships/100-Hurdles,TFRRS all_performances
381,"Brissett, Chanel",USC,Big Ten,100H,2019,SO-2,,,12.70,seconds,NCAA Division I Outdoor Track & Field Championships,2019-06-05,,,2.0,Outdoor,https://www.tfrrs.org/results/62668/3850665/NCAA_Division_I_Outdoor_Track__Field_Championships/100-Hurdles,TFRRS all_performances
382,"Cockrell, Anna",USC,Big Ten,100H,2019,JR-3,,,12.69,seconds,NCAA Division I Outdoor Track & Field Championships,2019-06-05,,,2.0,Outdoor,https://www.tfrrs.org/results/62668/3850665/NCAA_Division_I_Outdoor_Track__Field_Championships/100-Hurdles,TFRRS all_performances
383,"Cockrell, Anna",USC,Big Ten,100H,2019,JR-3,,,12.80,seconds,NCAA Division I Outdoor Track & Field Championships,2019-06-05,,,0.6,Outdoor,https://www.tfrrs.org/results/62668/3850665/NCAA_Division_I_Outdoor_Track__Field_Championships/100-Hurdles,TFRRS all_performances
384,"Cockrell, Anna",USC,Big Ten,400H,2019,JR-3,,,55.23,seconds,NCAA Division I Outdoor Track & Field Championships,2019-06-05,,,,Outdoor,https://www.tfrrs.org/results/62668/3850641/NCAA_Division_I_Outdoor_Track__Field_Championships/400-Hurdles,TFRRS all_performances
385,"Cockrell, Anna",USC,Big Ten,400H,2019,JR-3,,,56.05,seconds,NCAA Division I Outdoor Track & Field Championships,2019-06-05,,,,Outdoor,https://www.tfrrs.org/results/62668/3850641/NCAA_Division_I_Outdoor_Track__Field_Championships/400-Hurdles,TFRRS all_performances
386,"Constantine, Kyra",USC,Big Ten,400m,2019,JR-3,,,51.47,seconds,NCAA Division I Outdoor Track & Field Championships,2019-06-05,,,,Outdoor,https://www.tfrrs.org/results/62668/3850664/NCAA_Division_I_Outdoor_Track__Field_Championships/400-Meters,TFRRS all_performances
387,"Constantine, Kyra",USC,Big Ten,400m,2019,JR-3,,,51.71,seconds,NCAA Division I Outdoor Track & Field Championships,2019-06-05,,,,Outdoor,https://www.tfrrs.org/results/62668/3850664/NCAA_Division_I_Outdoor_Track__Field_Championships/400-Meters,TFRRS all_performances
388,"Jones, Margaux",USC,Big Ten,Long Jump,2019,SR-4,,,5.86,m,NCAA Division I Outdoor Track & Field Championships,2019-06-05,,,0.6,Outdoor,https://www.tfrrs.org/results/62668/3850652/NCAA_Division_I_Outdoor_Track__Field_Championships/Long-Jump,TFRRS all_performances
389,"Jones, Margaux",USC,Big Ten,Long Jump,2019,SR-4,,,5.97,m,NCAA Division I Outdoor Track & Field Championships,2019-06-05,,,0.9,Outdoor,https://www.tfrrs.org/results/62668/3850652/NCAA_Division_I_Outdoor_Track__Field_Championships/Long-Jump,TFRRS all_performances
390,"Hill, Morganne",Washington,Big Ten,400H,2019,SR-4,,,1:00.98,seconds,4th Annual Doris Heritage Track Festival,2019-03-16,,,,Outdoor,https://www.tfrrs.org/results/59760/3681352/4th_Annual_Doris_Heritage_Track_Festival/400-Hurdles,TFRRS all_performances
391,"Lester, Carly",Washington,Big Ten,400H,2019,SR-4,,,59.96,seconds,4th Annual Doris Heritage Track Festival,2019-03-16,,,,Outdoor,https://www.tfrrs.org/results/59760/3681352/4th_Annual_Doris_Heritage_Track_Festival/400-Hurdles,TFRRS all_performances
392,"Mills, Darhian",Washington,Big Ten,400H,2019,JR-3,,,59.46,seconds,4th Annual Doris Heritage Track Festival,2019-03-16,,,,Outdoor,https://www.tfrrs.org/results/59760/3681352/4th_Annual_Doris_Heritage_Track_Festival/400-Hurdles,TFRRS all_performances
393,"Stueckle, Karlee",Washington,Big Ten,400H,2019,FR-1,,,1:00.88,seconds,4th Annual Doris Heritage Track Festival,2019-03-16,,,,Outdoor,https://www.tfrrs.org/results/59760/3681352/4th_Annual_Doris_Heritage_Track_Festival/400-Hurdles,TFRRS all_performances
394,"Eke, Chisom",Washington,Big Ten,400m,2019,JR-3,,,59.32,seconds,4th Annual Doris Heritage Track Festival,2019-03-16,,,,Outdoor,https://www.tfrrs.org/results/59760/3681358/4th_Annual_Doris_Heritage_Track_Festival/400-Meters,TFRRS all_performances
395,"Stavig, Sarah",Washington,Big Ten,400m,2019,JR-3,,,57.51,seconds,4th Annual Doris Heritage Track Festival,2019-03-16,,,,Outdoor,https://www.tfrrs.org/results/59760/3681358/4th_Annual_Doris_Heritage_Track_Festival/400-Meters,TFRRS all_performances
396,"Tjernagel, Raquel",Washington,Big Ten,400m,2019,SR-4,,,58.44,seconds,4th Annual Doris Heritage Track Festival,2019-03-16,,,,Outdoor,https://www.tfrrs.org/results/59760/3681358/4th_Annual_Doris_Heritage_Track_Festival/400-Meters,TFRRS all_performances
397,"Jones-Toutant, Elinor",Washington,Big Ten,Long Jump,2019,JR-3,,,4.64,m,4th Annual Doris Heritage Track Festival,2019-03-16,,,-0.5,Outdoor,https://www.tfrrs.org/results/59760/3681363/4th_Annual_Doris_Heritage_Track_Festival/Long-Jump,TFRRS all_performances
398,"Jones-Toutant, Elinor",Washington,Big Ten,Long Jump,2019,JR-3,,,4.67,m,4th Annual Doris Heritage Track Festival,2019-03-16,,,-1.5,Outdoor,https://www.tfrrs.org/results/59760/3681363/4th_Annual_Doris_Heritage_Track_Festival/Long-Jump,TFRRS all_performances
399,"Hill, Morganne",Washington,Big Ten,100H,2019,SR-4,,,14.58,seconds,Stanford Invitational,2019-03-29,,,-0.9,Outdoor,https://www.tfrrs.org/results/61171/3721523/Stanford_Invitational/100-Hurdles,TFRRS all_performances
400,"Rusnak, Hannah",Washington,Big Ten,100H,2019,SO-2,,,14.12,seconds,Stanford Invitational,2019-03-29,,,0.1,Outdoor,https://www.tfrrs.org/results/61171/3721523/Stanford_Invitational/100-Hurdles,TFRRS all_performances
401,"Wilson, Aaliyah",Washington,Big Ten,100H,2019,FR-1,,,14.07,seconds,Stanford Invitational,2019-03-29,,,0.1,Outdoor,https://www.tfrrs.org/results/61171/3721523/Stanford_Invitational/100-Hurdles,TFRRS all_performances
402,"Wilson, Aaliyah",Washington,Big Ten,100H,2019,FR-1,,,14.19,seconds,Stanford Invitational,2019-03-29,,,1.4,Outdoor,https://www.tfrrs.org/results/61171/3721523/Stanford_Invitational/100-Hurdles,TFRRS all_performances
403,"Hill, Morganne",Washington,Big Ten,400H,2019,SR-4,,,1:01.15,seconds,Stanford Invitational,2019-03-29,,,,Outdoor,https://www.tfrrs.org/results/61171/3721507/Stanford_Invitational/400-Hurdles,TFRRS all_performances
404,"Lester, Carly",Washington,Big Ten,400H,2019,SR-4,,,59.77,seconds,Stanford Invitational,2019-03-29,,,,Outdoor,https://www.tfrrs.org/results/61171/3721507/Stanford_Invitational/400-Hurdles,TFRRS all_performances
405,"Mills, Darhian",Washington,Big Ten,400H,2019,JR-3,,,1:00.14,seconds,Stanford Invitational,2019-03-29,,,,Outdoor,https://www.tfrrs.org/results/61171/3721507/Stanford_Invitational/400-Hurdles,TFRRS all_performances
406,"Stueckle, Karlee",Washington,Big Ten,400H,2019,FR-1,,,1:01.68,seconds,Stanford Invitational,2019-03-29,,,,Outdoor,https://www.tfrrs.org/results/61171/3721507/Stanford_Invitational/400-Hurdles,TFRRS all_performances
407,"Apostol, Imani",Washington,Big Ten,400m,2019,SR-4,,,55.40,seconds,Stanford Invitational,2019-03-29,,,,Outdoor,https://www.tfrrs.org/results/61171/3721540/Stanford_Invitational/400-Meters,TFRRS all_performances
408,"Heath, Jelani",Washington,Big Ten,Long Jump,2019,SO-2,,,5.47,m,Stanford Invitational,2019-03-29,,,-2.7,Outdoor,https://www.tfrrs.org/results/61171/3721534/Stanford_Invitational/Long-Jump,TFRRS all_performances
409,"Heath, Jelani",Washington,Big Ten,Long Jump,2019,SO-2,,,5.61,m,Stanford Invitational,2019-03-29,,,1.1,Outdoor,https://www.tfrrs.org/results/61171/3721534/Stanford_Invitational/Long-Jump,TFRRS all_performances
410,"Heath, Jelani",Washington,Big Ten,Long Jump,2019,SO-2,,,5.73,m,Stanford Invitational,2019-03-29,,,-0.1,Outdoor,https://www.tfrrs.org/results/61171/3721534/Stanford_Invitational/Long-Jump,TFRRS all_performances
411,"Rusnak, Hannah",Washington,Big Ten,Long Jump,2019,SO-2,,,5.76,m,Stanford Invitational,2019-03-29,,,0.2,Outdoor,https://www.tfrrs.org/results/61171/3721577/Stanford_Invitational/Long-Jump,TFRRS all_performances
412,"Hill, Morganne",Washington,Big Ten,100H,2019,SR-4,,,14.09,seconds,UW vs WSU Dual,2019-04-06,,,1.4,Outdoor,https://www.tfrrs.org/results/61138/3747465/UW_vs_WSU_Dual/100-Hurdles,TFRRS all_performances
413,"Mills, Darhian",Washington,Big Ten,100H,2019,JR-3,,,14.00,seconds,UW vs WSU Dual,2019-04-06,,,1.4,Outdoor,https://www.tfrrs.org/results/61138/3747465/UW_vs_WSU_Dual/100-Hurdles,TFRRS all_performances
414,"Rusnak, Hannah",Washington,Big Ten,100H,2019,SO-2,,,13.75,seconds,UW vs WSU Dual,2019-04-06,,,1.4,Outdoor,https://www.tfrrs.org/results/61138/3747465/UW_vs_WSU_Dual/100-Hurdles,TFRRS all_performances
415,"Stueckle, Karlee",Washington,Big Ten,100H,2019,FR-1,,,14.30,seconds,UW vs WSU Dual,2019-04-06,,,1.4,Outdoor,https://www.tfrrs.org/results/61138/3747465/UW_vs_WSU_Dual/100-Hurdles,TFRRS all_performances
416,"Hill, Morganne",Washington,Big Ten,400H,2019,SR-4,,,59.13,seconds,UW vs WSU Dual,2019-04-06,,,,Outdoor,https://www.tfrrs.org/results/61138/3747444/UW_vs_WSU_Dual/400-Hurdles,TFRRS all_performances
417,"Lester, Carly",Washington,Big Ten,400H,2019,SR-4,,,59.45,seconds,UW vs WSU Dual,2019-04-06,,,,Outdoor,https://www.tfrrs.org/results/61138/3747444/UW_vs_WSU_Dual/400-Hurdles,TFRRS all_performances
418,"Mills, Darhian",Washington,Big Ten,400H,2019,JR-3,,,59.06,seconds,UW vs WSU Dual,2019-04-06,,,,Outdoor,https://www.tfrrs.org/results/61138/3747444/UW_vs_WSU_Dual/400-Hurdles,TFRRS all_performances
419,"Stueckle, Karlee",Washington,Big Ten,400H,2019,FR-1,,,1:01.08,seconds,UW vs WSU Dual,2019-04-06,,,,Outdoor,https://www.tfrrs.org/results/61138/3747444/UW_vs_WSU_Dual/400-Hurdles,TFRRS all_performances
420,"Apostol, Imani",Washington,Big Ten,400m,2019,SR-4,,,56.57,seconds,UW vs WSU Dual,2019-04-06,,,,Outdoor,https://www.tfrrs.org/results/61138/3747451/UW_vs_WSU_Dual/400-Meters,TFRRS all_performances
421,"Eke, Chisom",Washington,Big Ten,400m,2019,JR-3,,,1:00.07,seconds,UW vs WSU Dual,2019-04-06,,,,Outdoor,https://www.tfrrs.org/results/61138/3747451/UW_vs_WSU_Dual/400-Meters,TFRRS all_performances
422,"Sande, Ashley",Washington,Big Ten,400m,2019,FR-1,,,1:00.72,seconds,UW vs WSU Dual,2019-04-06,,,,Outdoor,https://www.tfrrs.org/results/61138/3747451/UW_vs_WSU_Dual/400-Meters,TFRRS all_performances
423,"Stavig, Sarah",Washington,Big Ten,400m,2019,JR-3,,,56.99,seconds,UW vs WSU Dual,2019-04-06,,,,Outdoor,https://www.tfrrs.org/results/61138/3747451/UW_vs_WSU_Dual/400-Meters,TFRRS all_performances
424,"Tjernagel, Raquel",Washington,Big Ten,400m,2019,SR-4,,,58.74,seconds,UW vs WSU Dual,2019-04-06,,,,Outdoor,https://www.tfrrs.org/results/61138/3747451/UW_vs_WSU_Dual/400-Meters,TFRRS all_performances
425,"Heath, Jelani",Washington,Big Ten,Long Jump,2019,SO-2,,,5.27,m,UW vs WSU Dual,2019-04-06,,,+0.0,Outdoor,https://www.tfrrs.org/results/61138/3747435/UW_vs_WSU_Dual/Long-Jump,TFRRS all_performances
426,"Heath, Jelani",Washington,Big Ten,Long Jump,2019,SO-2,,,5.41,m,UW vs WSU Dual,2019-04-06,,,+0.0,Outdoor,https://www.tfrrs.org/results/61138/3747435/UW_vs_WSU_Dual/Long-Jump,TFRRS all_performances
427,"Heath, Jelani",Washington,Big Ten,Long Jump,2019,SO-2,,,5.43,m,UW vs WSU Dual,2019-04-06,,,0.9,Outdoor,https://www.tfrrs.org/results/61138/3747435/UW_vs_WSU_Dual/Long-Jump,TFRRS all_performances
428,"Rusnak, Hannah",Washington,Big Ten,Long Jump,2019,SO-2,,,5.84,m,UW vs WSU Dual,2019-04-06,,,+0.0,Outdoor,https://www.tfrrs.org/results/61138/3747435/UW_vs_WSU_Dual/Long-Jump,TFRRS all_performances
429,"Rusnak, Hannah",Washington,Big Ten,Long Jump,2019,SO-2,,,5.86,m,UW vs WSU Dual,2019-04-06,,,1.5,Outdoor,https://www.tfrrs.org/results/61138/3747435/UW_vs_WSU_Dual/Long-Jump,TFRRS all_performances
430,"Jones-Toutant, Elinor",Washington,Big Ten,100H,2019,JR-3,,,15.29,seconds,Bryan Clay Invitational,2019-04-17,,,+0.0,Outdoor,https://www.tfrrs.org/results/58368/3818673/Bryan_Clay_Invitational/100-Hurdles,TFRRS all_performances
431,"Jones-Toutant, Elinor",Washington,Big Ten,Long Jump,2019,JR-3,,,5.19,m,Bryan Clay Invitational,2019-04-17,,,+0.0,Outdoor,https://www.tfrrs.org/results/58368/3818677/Bryan_Clay_Invitational/Long-Jump,TFRRS all_performances
432,"Jones-Toutant, Elinor",Washington,Big Ten,Long Jump,2019,JR-3,,,5.20,m,Bryan Clay Invitational,2019-04-17,,,+0.0,Outdoor,https://www.tfrrs.org/results/58368/3818677/Bryan_Clay_Invitational/Long-Jump,TFRRS all_performances
433,"Rusnak, Hannah",Washington,Big Ten,Long Jump,2019,SO-2,,,5.77,m,Bryan Clay Invitational,2019-04-17,,,0.7,Outdoor,https://www.tfrrs.org/results/58368/3818691/Bryan_Clay_Invitational/Long-Jump,TFRRS all_performances
434,"Rusnak, Hannah",Washington,Big Ten,Long Jump,2019,SO-2,,,5.86,m,Bryan Clay Invitational,2019-04-17,,,0.9,Outdoor,https://www.tfrrs.org/results/58368/3818691/Bryan_Clay_Invitational/Long-Jump,TFRRS all_performances
435,"Hill, Morganne",Washington,Big Ten,400H,2019,SR-4,,,1:00.27,seconds,Beach Invitational,2019-04-19,,,,Outdoor,https://www.tfrrs.org/results/62051/3791701/Beach_Invitational/400-Hurdles,TFRRS all_performances
436,"Lester, Carly",Washington,Big Ten,400H,2019,SR-4,,,59.26,seconds,Beach Invitational,2019-04-19,,,,Outdoor,https://www.tfrrs.org/results/62051/3791701/Beach_Invitational/400-Hurdles,TFRRS all_performances
437,"Mills, Darhian",Washington,Big Ten,400H,2019,JR-3,,,58.35,seconds,Beach Invitational,2019-04-19,,,,Outdoor,https://www.tfrrs.org/results/62051/3791701/Beach_Invitational/400-Hurdles,TFRRS all_performances
438,"Stueckle, Karlee",Washington,Big Ten,400H,2019,FR-1,,,1:01.19,seconds,Beach Invitational,2019-04-19,,,,Outdoor,https://www.tfrrs.org/results/62051/3791701/Beach_Invitational/400-Hurdles,TFRRS all_performances
439,"Apostol, Imani",Washington,Big Ten,400m,2019,SR-4,,,54.96,seconds,Beach Invitational,2019-04-19,,,,Outdoor,https://www.tfrrs.org/results/62051/3791693/Beach_Invitational/400-Meters,TFRRS all_performances
440,"Stavig, Sarah",Washington,Big Ten,400m,2019,JR-3,,,56.21,seconds,Beach Invitational,2019-04-19,,,,Outdoor,https://www.tfrrs.org/results/62051/3791693/Beach_Invitational/400-Meters,TFRRS all_performances
441,"Heath, Jelani",Washington,Big Ten,Long Jump,2019,SO-2,,,5.64,m,Beach Invitational,2019-04-19,,,-0.9,Outdoor,https://www.tfrrs.org/results/62051/3791683/Beach_Invitational/Long-Jump,TFRRS all_performances
442,"Heath, Jelani",Washington,Big Ten,Long Jump,2019,SO-2,,,5.65,m,Beach Invitational,2019-04-19,,,1.6,Outdoor,https://www.tfrrs.org/results/62051/3791683/Beach_Invitational/Long-Jump,TFRRS all_performances
443,"Heath, Jelani",Washington,Big Ten,Long Jump,2019,SO-2,,,5.86,m,Beach Invitational,2019-04-19,,,0.8,Outdoor,https://www.tfrrs.org/results/62051/3791683/Beach_Invitational/Long-Jump,TFRRS all_performances
444,"Hill, Morganne",Washington,Big Ten,400H,2019,SR-4,,,59.43,seconds,National Relay Championships,2019-04-26,,,,Outdoor,https://www.tfrrs.org/results/59967/3809626/National_Relay_Championships/400-Hurdles,TFRRS all_performances
445,"Lester, Carly",Washington,Big Ten,400H,2019,SR-4,,,58.84,seconds,National Relay Championships,2019-04-26,,,,Outdoor,https://www.tfrrs.org/results/59967/3809626/National_Relay_Championships/400-Hurdles,TFRRS all_performances
446,"Mills, Darhian",Washington,Big Ten,400H,2019,JR-3,,,58.33,seconds,National Relay Championships,2019-04-26,,,,Outdoor,https://www.tfrrs.org/results/59967/3809626/National_Relay_Championships/400-Hurdles,TFRRS all_performances
447,"Apostol, Imani",Washington,Big Ten,400m,2019,SR-4,,,54.69,seconds,National Relay Championships,2019-04-26,,,,Outdoor,https://www.tfrrs.org/results/59967/3809639/National_Relay_Championships/400-Meters,TFRRS all_performances
448,"Jones-Toutant, Elinor",Washington,Big Ten,100H,2019,JR-3,,,14.84,seconds,2019 Pac-12 Track & Field Championships,2019-05-04,,,0.7,Outdoor,https://www.tfrrs.org/results/61226/3842853/2019_Pac-12_Track__Field_Championships/100-Hurdles,TFRRS all_performances
449,"Rusnak, Hannah",Washington,Big Ten,100H,2019,SO-2,,,13.59,seconds,2019 Pac-12 Track & Field Championships,2019-05-04,,,0.5,Outdoor,https://www.tfrrs.org/results/61226/3842515/2019_Pac-12_Track__Field_Championships/100-Hurdles,TFRRS all_performances
450,"Rusnak, Hannah",Washington,Big Ten,100H,2019,SO-2,,,13.65,seconds,2019 Pac-12 Track & Field Championships,2019-05-04,,,0.7,Outdoor,https://www.tfrrs.org/results/61226/3842515/2019_Pac-12_Track__Field_Championships/100-Hurdles,TFRRS all_performances
451,"Rusnak, Hannah",Washington,Big Ten,100H,2019,SO-2,,,13.68,seconds,2019 Pac-12 Track & Field Championships,2019-05-04,,,0.9,Outdoor,https://www.tfrrs.org/results/61226/3842853/2019_Pac-12_Track__Field_Championships/100-Hurdles,TFRRS all_performances
452,"Hill, Morganne",Washington,Big Ten,400H,2019,SR-4,,,1:00.12,seconds,2019 Pac-12 Track & Field Championships,2019-05-04,,,,Outdoor,https://www.tfrrs.org/results/61226/3842491/2019_Pac-12_Track__Field_Championships/400-Hurdles,TFRRS all_performances
453,"Lester, Carly",Washington,Big Ten,400H,2019,SR-4,,,59.48,seconds,2019 Pac-12 Track & Field Championships,2019-05-04,,,,Outdoor,https://www.tfrrs.org/results/61226/3842491/2019_Pac-12_Track__Field_Championships/400-Hurdles,TFRRS all_performances
454,"Mills, Darhian",Washington,Big Ten,400H,2019,JR-3,,,57.69,seconds,2019 Pac-12 Track & Field Championships,2019-05-04,,,,Outdoor,https://www.tfrrs.org/results/61226/3842491/2019_Pac-12_Track__Field_Championships/400-Hurdles,TFRRS all_performances
455,"Stueckle, Karlee",Washington,Big Ten,400H,2019,FR-1,,,1:03.11,seconds,2019 Ken Shannon Invitational,2019-05-04,,,,Outdoor,https://www.tfrrs.org/results/61696/3828948/2019_Ken_Shannon_Invitational/400-Hurdles,TFRRS all_performances
456,"Apostol, Imani",Washington,Big Ten,400m,2019,SR-4,,,55.31,seconds,2019 Pac-12 Track & Field Championships,2019-05-04,,,,Outdoor,https://www.tfrrs.org/results/61226/3842534/2019_Pac-12_Track__Field_Championships/400-Meters,TFRRS all_performances
457,"Eke, Chisom",Washington,Big Ten,400m,2019,JR-3,,,1:00.37,seconds,2019 Ken Shannon Invitational,2019-05-04,,,,Outdoor,https://www.tfrrs.org/results/61696/3828943/2019_Ken_Shannon_Invitational/400-Meters,TFRRS all_performances
458,"Sande, Ashley",Washington,Big Ten,400m,2019,FR-1,,,58.36,seconds,2019 Ken Shannon Invitational,2019-05-04,,,,Outdoor,https://www.tfrrs.org/results/61696/3828943/2019_Ken_Shannon_Invitational/400-Meters,TFRRS all_performances
459,"Stavig, Sarah",Washington,Big Ten,400m,2019,JR-3,,,57.61,seconds,2019 Ken Shannon Invitational,2019-05-04,,,,Outdoor,https://www.tfrrs.org/results/61696/3828943/2019_Ken_Shannon_Invitational/400-Meters,TFRRS all_performances
460,"Heath, Jelani",Washington,Big Ten,Long Jump,2019,SO-2,,,5.51,m,2019 Pac-12 Track & Field Championships,2019-05-04,,,+0.0,Outdoor,https://www.tfrrs.org/results/61226/3842482/2019_Pac-12_Track__Field_Championships/Long-Jump,TFRRS all_performances
461,"Heath, Jelani",Washington,Big Ten,Long Jump,2019,SO-2,,,5.70,m,2019 Pac-12 Track & Field Championships,2019-05-04,,,1.0,Outdoor,https://www.tfrrs.org/results/61226/3842482/2019_Pac-12_Track__Field_Championships/Long-Jump,TFRRS all_performances
462,"Heath, Jelani",Washington,Big Ten,Long Jump,2019,SO-2,,,5.72,m,2019 Pac-12 Track & Field Championships,2019-05-04,,,+0.0,Outdoor,https://www.tfrrs.org/results/61226/3842482/2019_Pac-12_Track__Field_Championships/Long-Jump,TFRRS all_performances
463,"Jones-Toutant, Elinor",Washington,Big Ten,Long Jump,2019,JR-3,,,4.88,m,2019 Pac-12 Track & Field Championships,2019-05-04,,,-2.3,Outdoor,https://www.tfrrs.org/results/61226/3842482/2019_Pac-12_Track__Field_Championships/Long-Jump,TFRRS all_performances
464,"Jones-Toutant, Elinor",Washington,Big Ten,Long Jump,2019,JR-3,,,5.03,m,2019 Pac-12 Track & Field Championships,2019-05-04,,,0.8,Outdoor,https://www.tfrrs.org/results/61226/3842857/2019_Pac-12_Track__Field_Championships/Long-Jump,TFRRS all_performances
465,"Jones-Toutant, Elinor",Washington,Big Ten,Long Jump,2019,JR-3,,,5.11,m,2019 Pac-12 Track & Field Championships,2019-05-04,,,1.1,Outdoor,https://www.tfrrs.org/results/61226/3842857/2019_Pac-12_Track__Field_Championships/Long-Jump,TFRRS all_performances
466,"Rusnak, Hannah",Washington,Big Ten,Long Jump,2019,SO-2,,,5.76,m,2019 Pac-12 Track & Field Championships,2019-05-04,,,+0.0,Outdoor,https://www.tfrrs.org/results/61226/3842482/2019_Pac-12_Track__Field_Championships/Long-Jump,TFRRS all_performances
467,"Rusnak, Hannah",Washington,Big Ten,Long Jump,2019,SO-2,,,5.80,m,2019 Pac-12 Track & Field Championships,2019-05-04,,,-1.0,Outdoor,https://www.tfrrs.org/results/61226/3842482/2019_Pac-12_Track__Field_Championships/Long-Jump,TFRRS all_performances
468,"Rusnak, Hannah",Washington,Big Ten,Long Jump,2019,SO-2,,,5.81,m,2019 Pac-12 Track & Field Championships,2019-05-04,,,1.1,Outdoor,https://www.tfrrs.org/results/61226/3842482/2019_Pac-12_Track__Field_Championships/Long-Jump,TFRRS all_performances
469,"Rusnak, Hannah",Washington,Big Ten,Long Jump,2019,SO-2,,,5.83,m,2019 Pac-12 Track & Field Championships,2019-05-04,,,1.1,Outdoor,https://www.tfrrs.org/results/61226/3842857/2019_Pac-12_Track__Field_Championships/Long-Jump,TFRRS all_performances
470,"Rusnak, Hannah",Washington,Big Ten,Long Jump,2019,SO-2,,,5.87,m,2019 Pac-12 Track & Field Championships,2019-05-04,,,1.5,Outdoor,https://www.tfrrs.org/results/61226/3842857/2019_Pac-12_Track__Field_Championships/Long-Jump,TFRRS all_performances
471,"Rusnak, Hannah",Washington,Big Ten,Long Jump,2019,SO-2,,,6.02,m,2019 Pac-12 Track & Field Championships,2019-05-04,,,1.8,Outdoor,https://www.tfrrs.org/results/61226/3842857/2019_Pac-12_Track__Field_Championships/Long-Jump,TFRRS all_performances
472,"Rusnak, Hannah",Washington,Big Ten,100H,2019,SO-2,,,13.89,seconds,NCAA Division I West Region Preliminary Rounds,2019-05-23,,,1.2,Outdoor,https://www.tfrrs.org/results/62651/3849074/NCAA_Division_I_West_Region_Preliminary_Rounds/100-Hurdles,TFRRS all_performances
473,"Hill, Morganne",Washington,Big Ten,400H,2019,SR-4,,,58.14,seconds,NCAA Division I West Region Preliminary Rounds,2019-05-23,,,,Outdoor,https://www.tfrrs.org/results/62651/3849058/NCAA_Division_I_West_Region_Preliminary_Rounds/400-Hurdles,TFRRS all_performances
474,"Hill, Morganne",Washington,Big Ten,400H,2019,SR-4,,,58.60,seconds,NCAA Division I West Region Preliminary Rounds,2019-05-23,,,,Outdoor,https://www.tfrrs.org/results/62651/3849058/NCAA_Division_I_West_Region_Preliminary_Rounds/400-Hurdles,TFRRS all_performances
475,"Lester, Carly",Washington,Big Ten,400H,2019,SR-4,,,58.29,seconds,NCAA Division I West Region Preliminary Rounds,2019-05-23,,,,Outdoor,https://www.tfrrs.org/results/62651/3849058/NCAA_Division_I_West_Region_Preliminary_Rounds/400-Hurdles,TFRRS all_performances
476,"Lester, Carly",Washington,Big Ten,400H,2019,SR-4,,,58.47,seconds,NCAA Division I West Region Preliminary Rounds,2019-05-23,,,,Outdoor,https://www.tfrrs.org/results/62651/3849058/NCAA_Division_I_West_Region_Preliminary_Rounds/400-Hurdles,TFRRS all_performances
477,"Mills, Darhian",Washington,Big Ten,400H,2019,JR-3,,,57.02,seconds,NCAA Division I West Region Preliminary Rounds,2019-05-23,,,,Outdoor,https://www.tfrrs.org/results/62651/3849058/NCAA_Division_I_West_Region_Preliminary_Rounds/400-Hurdles,TFRRS all_performances
478,"Mills, Darhian",Washington,Big Ten,400H,2019,JR-3,,,58.25,seconds,NCAA Division I West Region Preliminary Rounds,2019-05-23,,,,Outdoor,https://www.tfrrs.org/results/62651/3849058/NCAA_Division_I_West_Region_Preliminary_Rounds/400-Hurdles,TFRRS all_performances
479,"Rusnak, Hannah",Washington,Big Ten,100H,2019,SO-2,,,13.51,seconds,NCAA Division I Outdoor Track & Field Championships,2019-06-05,,,2.0,Outdoor,https://www.tfrrs.org/results/62668/3851131/NCAA_Division_I_Outdoor_Track__Field_Championships/100-Hurdles,TFRRS all_performances
480,"Mills, Darhian",Washington,Big Ten,400H,2019,JR-3,,,57.43,seconds,NCAA Division I Outdoor Track & Field Championships,2019-06-05,,,,Outdoor,https://www.tfrrs.org/results/62668/3850641/NCAA_Division_I_Outdoor_Track__Field_Championships/400-Hurdles,TFRRS all_performances
481,"Mills, Darhian",Washington,Big Ten,400H,2019,JR-3,,,57.76,seconds,NCAA Division I Outdoor Track & Field Championships,2019-06-05,,,,Outdoor,https://www.tfrrs.org/results/62668/3850641/NCAA_Division_I_Outdoor_Track__Field_Championships/400-Hurdles,TFRRS all_performances
482,"Rusnak, Hannah",Washington,Big Ten,Long Jump,2019,SO-2,,,5.84,m,NCAA Division I Outdoor Track & Field Championships,2019-06-05,,,0.2,Outdoor,https://www.tfrrs.org/results/62668/3851135/NCAA_Division_I_Outdoor_Track__Field_Championships/Long-Jump,TFRRS all_performances
483,"Rusnak, Hannah",Washington,Big Ten,Long Jump,2019,SO-2,,,5.98,m,NCAA Division I Outdoor Track & Field Championships,2019-06-05,,,0.1,Outdoor,https://www.tfrrs.org/results/62668/3851135/NCAA_Division_I_Outdoor_Track__Field_Championships/Long-Jump,TFRRS all_performances
