index,athlete,school,conference,event,season,class_year,birth_date,age_at_meet,performance,unit,meet,meet_date,round,place,wind,indoor_outdoor,source_url,data_status
0,"Smyers-Jones, Kortni",Illinois,Big Ten,100H,2017,SR-4,,,13.97,seconds,Charlotte 49er Classic,2017-03-16,,,-1.0,Outdoor,https://www.tfrrs.org/results/49797/3035913/Charlotte_49er_Classic/100-Hurdles,TFRRS all_performances
1,"Smyers-Jones, Kortni",Illinois,Big Ten,100H,2017,SR-4,,,14.15,seconds,Charlotte 49er Classic,2017-03-16,,,-0.1,Outdoor,https://www.tfrrs.org/results/49797/3035913/Charlotte_49er_Classic/100-Hurdles,TFRRS all_performances
2,"Stewart, Jayla",Illinois,Big Ten,100H,2017,SO-2,,,13.62,seconds,Charlotte 49er Classic,2017-03-16,,,-1.0,Outdoor,https://www.tfrrs.org/results/49797/3035913/Charlotte_49er_Classic/100-Hurdles,TFRRS all_performances
3,"Stewart, Jayla",Illinois,Big Ten,100H,2017,SO-2,,,13.84,seconds,Charlotte 49er Classic,2017-03-16,,,-0.1,Outdoor,https://www.tfrrs.org/results/49797/3035913/Charlotte_49er_Classic/100-Hurdles,TFRRS all_performances
4,"Marry, Miranda",Illinois,Big Ten,400m,2017,JR-3,,,1:00.61,seconds,Charlotte 49er Classic,2017-03-16,,,,Outdoor,https://www.tfrrs.org/results/49797/3035904/Charlotte_49er_Classic/400-Meters,TFRRS all_performances
5,"Kendziera, Brenda",Illinois,Big Ten,Long Jump,2017,FR-1,,,4.67,m,Charlotte 49er Classic,2017-03-16,,,0.9,Outdoor,https://www.tfrrs.org/results/49797/3035894/Charlotte_49er_Classic/Long-Jump,TFRRS all_performances
6,"Kendziera, Brenda",Illinois,Big Ten,Long Jump,2017,FR-1,,,4.79,m,Charlotte 49er Classic,2017-03-16,,,0.4,Outdoor,https://www.tfrrs.org/results/49797/3035894/Charlotte_49er_Classic/Long-Jump,TFRRS all_performances
7,"Kendziera, Brenda",Illinois,Big Ten,Long Jump,2017,FR-1,,,4.95,m,Charlotte 49er Classic,2017-03-16,,,1.1,Outdoor,https://www.tfrrs.org/results/49797/3035894/Charlotte_49er_Classic/Long-Jump,TFRRS all_performances
8,"Smyers-Jones, Kortni",Illinois,Big Ten,100H,2017,SR-4,,,13.85,seconds,Weems Baskin Invitational,2017-03-24,,,0.7,Outdoor,https://www.tfrrs.org/results/50135/3055425/Weems_Baskin_Invitational/100-Hurdles,TFRRS all_performances
9,"Stewart, Jayla",Illinois,Big Ten,100H,2017,SO-2,,,13.58,seconds,Weems Baskin Invitational,2017-03-24,,,0.7,Outdoor,https://www.tfrrs.org/results/50135/3055425/Weems_Baskin_Invitational/100-Hurdles,TFRRS all_performances
10,"Driver, Briana",Illinois,Big Ten,Long Jump,2017,SO-2,,,5.61,m,Weems Baskin Invitational,2017-03-24,,,1.3,Outdoor,https://www.tfrrs.org/results/50135/3055429/Weems_Baskin_Invitational/Long-Jump,TFRRS all_performances
11,"Kendziera, Brenda",Illinois,Big Ten,Long Jump,2017,FR-1,,,5.09,m,Weems Baskin Invitational,2017-03-24,,,2.0,Outdoor,https://www.tfrrs.org/results/50135/3055434/Weems_Baskin_Invitational/Long-Jump,TFRRS all_performances
12,"Rogers, Janile",Illinois,Big Ten,Long Jump,2017,JR-3,,,5.63,m,Weems Baskin Invitational,2017-03-24,,,1.5,Outdoor,https://www.tfrrs.org/results/50135/3055429/Weems_Baskin_Invitational/Long-Jump,TFRRS all_performances
13,"Seymour, Pedrya",Illinois,Big Ten,100H,2017,JR-3,,,13.06,seconds,EIU Big Blue Classic 2017,2017-03-31,,,1.8,Outdoor,https://www.tfrrs.org/results/50493/3076535/EIU_Big_Blue_Classic_2017/100-Hurdles,TFRRS all_performances
14,"Seymour, Pedrya",Illinois,Big Ten,100H,2017,JR-3,,,13.30,seconds,EIU Big Blue Classic 2017,2017-03-31,,,1.7,Outdoor,https://www.tfrrs.org/results/50493/3076535/EIU_Big_Blue_Classic_2017/100-Hurdles,TFRRS all_performances
15,"Smyers-Jones, Kortni",Illinois,Big Ten,100H,2017,SR-4,,,13.96,seconds,EIU Big Blue Classic 2017,2017-03-31,,,1.8,Outdoor,https://www.tfrrs.org/results/50493/3076535/EIU_Big_Blue_Classic_2017/100-Hurdles,TFRRS all_performances
16,"Stewart, Jayla",Illinois,Big Ten,100H,2017,SO-2,,,13.89,seconds,EIU Big Blue Classic 2017,2017-03-31,,,1.9,Outdoor,https://www.tfrrs.org/results/50493/3076535/EIU_Big_Blue_Classic_2017/100-Hurdles,TFRRS all_performances
17,"Hargrove, Sade",Illinois,Big Ten,400m,2017,SO-2,,,57.40,seconds,EIU Big Blue Classic 2017,2017-03-31,,,,Outdoor,https://www.tfrrs.org/results/50493/3076552/EIU_Big_Blue_Classic_2017/400-Meters,TFRRS all_performances
18,"Nwoko, Chisom",Illinois,Big Ten,400m,2017,FR-1,,,55.44,seconds,Houston Alumni Invitational,2017-04-08,,,,Outdoor,https://www.tfrrs.org/results/49148/3097994/Houston_Alumni_Invitational/400-Meters,TFRRS all_performances
19,"Driver, Briana",Illinois,Big Ten,Long Jump,2017,SO-2,,,5.45,m,Gamecock Invitational,2017-04-15,,,2.0,Outdoor,https://www.tfrrs.org/results/48465/3121601/Gamecock_Invitational/Long-Jump,TFRRS all_performances
20,"Rogers, Janile",Illinois,Big Ten,Long Jump,2017,JR-3,,,5.52,m,Gamecock Invitational,2017-04-15,,,0.4,Outdoor,https://www.tfrrs.org/results/48465/3121601/Gamecock_Invitational/Long-Jump,TFRRS all_performances
21,"Rogers, Janile",Illinois,Big Ten,Long Jump,2017,JR-3,,,5.53,m,Gamecock Invitational,2017-04-15,,,2.0,Outdoor,https://www.tfrrs.org/results/48465/3121601/Gamecock_Invitational/Long-Jump,TFRRS all_performances
22,"Rogers, Janile",Illinois,Big Ten,Long Jump,2017,JR-3,,,5.54,m,Gamecock Invitational,2017-04-15,,,0.8,Outdoor,https://www.tfrrs.org/results/48465/3121601/Gamecock_Invitational/Long-Jump,TFRRS all_performances
23,"Rogers, Janile",Illinois,Big Ten,Long Jump,2017,JR-3,,,5.61,m,Gamecock Invitational,2017-04-15,,,1.5,Outdoor,https://www.tfrrs.org/results/48465/3121601/Gamecock_Invitational/Long-Jump,TFRRS all_performances
24,"Rogers, Janile",Illinois,Big Ten,Long Jump,2017,JR-3,,,5.68,m,Gamecock Invitational,2017-04-15,,,0.9,Outdoor,https://www.tfrrs.org/results/48465/3121601/Gamecock_Invitational/Long-Jump,TFRRS all_performances
25,"Berry, Jasmine",Illinois,Big Ten,100H,2017,JR-3,,,15.33,seconds,Illinois Twilight,2017-04-22,,,1.7,Outdoor,https://www.tfrrs.org/results/46789/3143972/Illinois_Twilight/100-Hurdles,TFRRS all_performances
26,"Berry, Jasmine",Illinois,Big Ten,400H,2017,JR-3,,,1:05.30,seconds,Illinois Twilight,2017-04-22,,,,Outdoor,https://www.tfrrs.org/results/46789/3144007/Illinois_Twilight/400-Hurdles,TFRRS all_performances
27,"Kladar, Kristina",Illinois,Big Ten,400m,2017,SO-2,,,59.83,seconds,Illinois Twilight,2017-04-22,,,,Outdoor,https://www.tfrrs.org/results/46789/3144009/Illinois_Twilight/400-Meters,TFRRS all_performances
28,"Nwoko, Chisom",Illinois,Big Ten,400m,2017,FR-1,,,56.85,seconds,Illinois Twilight,2017-04-22,,,,Outdoor,https://www.tfrrs.org/results/46789/3144009/Illinois_Twilight/400-Meters,TFRRS all_performances
29,"Driver, Briana",Illinois,Big Ten,Long Jump,2017,SO-2,,,5.69,m,Illinois Twilight,2017-04-22,,,+0.0,Outdoor,https://www.tfrrs.org/results/46789/3144002/Illinois_Twilight/Long-Jump,TFRRS all_performances
30,"Driver, Briana",Illinois,Big Ten,Long Jump,2017,SO-2,,,5.91,m,Illinois Twilight,2017-04-22,,,1.8,Outdoor,https://www.tfrrs.org/results/46789/3144002/Illinois_Twilight/Long-Jump,TFRRS all_performances
31,"Driver, Briana",Illinois,Big Ten,Long Jump,2017,SO-2,,,5.94,m,Illinois Twilight,2017-04-22,,,0.6,Outdoor,https://www.tfrrs.org/results/46789/3144002/Illinois_Twilight/Long-Jump,TFRRS all_performances
32,"Rogers, Janile",Illinois,Big Ten,Long Jump,2017,JR-3,,,5.41,m,Illinois Twilight,2017-04-22,,,2.0,Outdoor,https://www.tfrrs.org/results/46789/3144002/Illinois_Twilight/Long-Jump,TFRRS all_performances
33,"Rogers, Janile",Illinois,Big Ten,Long Jump,2017,JR-3,,,5.67,m,Illinois Twilight,2017-04-22,,,0.9,Outdoor,https://www.tfrrs.org/results/46789/3144002/Illinois_Twilight/Long-Jump,TFRRS all_performances
34,"Seymour, Pedrya",Illinois,Big Ten,100H,2017,JR-3,,,13.16,seconds,2017 Drake Relays presented by Hy-Vee,2017-04-26,,,0.8,Outdoor,https://www.tfrrs.org/results/51616/3161265/2017_Drake_Relays_presented_by_Hy-Vee/100-Hurdles,TFRRS all_performances
35,"Smyers-Jones, Kortni",Illinois,Big Ten,100H,2017,SR-4,,,14.09,seconds,2017 Drake Relays presented by Hy-Vee,2017-04-26,,,+0.0,Outdoor,https://www.tfrrs.org/results/51616/3161265/2017_Drake_Relays_presented_by_Hy-Vee/100-Hurdles,TFRRS all_performances
36,"Stewart, Jayla",Illinois,Big Ten,100H,2017,SO-2,,,13.43,seconds,2017 Drake Relays presented by Hy-Vee,2017-04-26,,,+0.0,Outdoor,https://www.tfrrs.org/results/51616/3161265/2017_Drake_Relays_presented_by_Hy-Vee/100-Hurdles,TFRRS all_performances
37,"Driver, Briana",Illinois,Big Ten,Long Jump,2017,SO-2,,,3.91,m,2017 Drake Relays presented by Hy-Vee,2017-04-26,,,0.7,Outdoor,https://www.tfrrs.org/results/51616/3161218/2017_Drake_Relays_presented_by_Hy-Vee/Long-Jump,TFRRS all_performances
38,"Driver, Briana",Illinois,Big Ten,Long Jump,2017,SO-2,,,5.35,m,2017 Drake Relays presented by Hy-Vee,2017-04-26,,,0.7,Outdoor,https://www.tfrrs.org/results/51616/3161218/2017_Drake_Relays_presented_by_Hy-Vee/Long-Jump,TFRRS all_performances
39,"Rogers, Janile",Illinois,Big Ten,Long Jump,2017,JR-3,,,5.73,m,2017 Drake Relays presented by Hy-Vee,2017-04-26,,,1.3,Outdoor,https://www.tfrrs.org/results/51616/3161218/2017_Drake_Relays_presented_by_Hy-Vee/Long-Jump,TFRRS all_performances
40,"Smyers-Jones, Kortni",Illinois,Big Ten,100H,2017,SR-4,,,13.82,seconds,Big Ten Outdoor Championships,2017-05-12,,,0.9,Outdoor,https://www.tfrrs.org/results/51888/3191488/Big_Ten_Outdoor_Championships/100-Hurdles,TFRRS all_performances
41,"Stewart, Jayla",Illinois,Big Ten,100H,2017,SO-2,,,13.53,seconds,Big Ten Outdoor Championships,2017-05-12,,,0.4,Outdoor,https://www.tfrrs.org/results/51888/3191488/Big_Ten_Outdoor_Championships/100-Hurdles,TFRRS all_performances
42,"Berry, Jasmine",Illinois,Big Ten,400H,2017,JR-3,,,1:04.92,seconds,Big Ten Outdoor Championships,2017-05-12,,,,Outdoor,https://www.tfrrs.org/results/51888/3191465/Big_Ten_Outdoor_Championships/400-Hurdles,TFRRS all_performances
43,"Nwoko, Chisom",Illinois,Big Ten,400m,2017,FR-1,,,55.03,seconds,Big Ten Outdoor Championships,2017-05-12,,,,Outdoor,https://www.tfrrs.org/results/51888/3191487/Big_Ten_Outdoor_Championships/400-Meters,TFRRS all_performances
44,"Phillips, Felicia",Illinois,Big Ten,400m,2017,FR-1,,,57.93,seconds,Big Ten Outdoor Championships,2017-05-12,,,,Outdoor,https://www.tfrrs.org/results/51888/3191487/Big_Ten_Outdoor_Championships/400-Meters,TFRRS all_performances
45,"Driver, Briana",Illinois,Big Ten,Long Jump,2017,SO-2,,,5.66,m,Big Ten Outdoor Championships,2017-05-12,,,+0.0,Outdoor,https://www.tfrrs.org/results/51888/3191498/Big_Ten_Outdoor_Championships/Long-Jump,TFRRS all_performances
46,"Driver, Briana",Illinois,Big Ten,Long Jump,2017,SO-2,,,5.69,m,Big Ten Outdoor Championships,2017-05-12,,,+0.0,Outdoor,https://www.tfrrs.org/results/51888/3191498/Big_Ten_Outdoor_Championships/Long-Jump,TFRRS all_performances
47,"Rogers, Janile",Illinois,Big Ten,Long Jump,2017,JR-3,,,5.74,m,Big Ten Outdoor Championships,2017-05-12,,,+0.0,Outdoor,https://www.tfrrs.org/results/51888/3191498/Big_Ten_Outdoor_Championships/Long-Jump,TFRRS all_performances
48,"Freeman, Chanel",Nebraska,Big Ten,100H,2017,SO-2,,,14.28,seconds,Pac-12 vs Big-10 Invitational,2017-03-24,,,0.4,Outdoor,https://www.tfrrs.org/results/50133/3055309/Pac-12_vs_Big-10_Invitational/100-Hurdles,TFRRS all_performances
49,"Barge, Jasmine",Nebraska,Big Ten,400H,2017,SO-2,,,58.59,seconds,Pac-12 vs Big-10 Invitational,2017-03-24,,,,Outdoor,https://www.tfrrs.org/results/50133/3055311/Pac-12_vs_Big-10_Invitational/400-Hurdles,TFRRS all_performances
50,"Hill, Virginia",Nebraska,Big Ten,400H,2017,SR-4,,,1:00.10,seconds,Pac-12 vs Big-10 Invitational,2017-03-24,,,,Outdoor,https://www.tfrrs.org/results/50133/3055311/Pac-12_vs_Big-10_Invitational/400-Hurdles,TFRRS all_performances
51,"Peskova, Michaela",Nebraska,Big Ten,400H,2017,FR-1,,,59.35,seconds,Pac-12 vs Big-10 Invitational,2017-03-24,,,,Outdoor,https://www.tfrrs.org/results/50133/3055311/Pac-12_vs_Big-10_Invitational/400-Hurdles,TFRRS all_performances
52,"Griggs, Kierra",Nebraska,Big Ten,400m,2017,FR-1,,,54.78,seconds,Pac-12 vs Big-10 Invitational,2017-03-24,,,,Outdoor,https://www.tfrrs.org/results/50133/3055334/Pac-12_vs_Big-10_Invitational/400-Meters,TFRRS all_performances
53,"McIntosh, Quashira",Nebraska,Big Ten,400m,2017,SO-2,,,58.95,seconds,Pac-12 vs Big-10 Invitational,2017-03-24,,,,Outdoor,https://www.tfrrs.org/results/50133/3055334/Pac-12_vs_Big-10_Invitational/400-Meters,TFRRS all_performances
54,"McCoy, Jazmin",Nebraska,Big Ten,Long Jump,2017,SR-4,,,4.29,m,Pac-12 vs Big-10 Invitational,2017-03-24,,,+0.0,Outdoor,https://www.tfrrs.org/results/50133/3055322/Pac-12_vs_Big-10_Invitational/Long-Jump,TFRRS all_performances
55,"Barge, Jasmine",Nebraska,Big Ten,100H,2017,SO-2,,,13.41,seconds,2017 Husker Spring Invitational,2017-04-08,,,1.7,Outdoor,https://www.tfrrs.org/results/47644/3098277/2017_Husker_Spring_Invitational/100-Hurdles,TFRRS all_performances
56,"Dowell, Kristen",Nebraska,Big Ten,100H,2017,JR-3,,,14.26,seconds,2017 Husker Spring Invitational,2017-04-08,,,1.7,Outdoor,https://www.tfrrs.org/results/47644/3098277/2017_Husker_Spring_Invitational/100-Hurdles,TFRRS all_performances
57,"Lewis, Raynesha",Nebraska,Big Ten,100H,2017,FR-1,,,14.41,seconds,2017 Husker Spring Invitational,2017-04-08,,,0.7,Outdoor,https://www.tfrrs.org/results/47644/3098277/2017_Husker_Spring_Invitational/100-Hurdles,TFRRS all_performances
58,"Tweedy, Shauna",Nebraska,Big Ten,100H,2017,SO-2,,,16.05,seconds,2017 Husker Spring Invitational,2017-04-08,,,0.7,Outdoor,https://www.tfrrs.org/results/47644/3098277/2017_Husker_Spring_Invitational/100-Hurdles,TFRRS all_performances
59,"Dworak, Morgan",Nebraska,Big Ten,400H,2017,JR-3,,,1:05.06,seconds,2017 Husker Spring Invitational,2017-04-08,,,,Outdoor,https://www.tfrrs.org/results/47644/3098270/2017_Husker_Spring_Invitational/400-Hurdles,TFRRS all_performances
60,"Hill, Virginia",Nebraska,Big Ten,400H,2017,SR-4,,,1:00.31,seconds,2017 Husker Spring Invitational,2017-04-08,,,,Outdoor,https://www.tfrrs.org/results/47644/3098270/2017_Husker_Spring_Invitational/400-Hurdles,TFRRS all_performances
61,"Moore, Rebecca",Nebraska,Big Ten,400H,2017,FR-1,,,1:07.66,seconds,2017 Husker Spring Invitational,2017-04-08,,,,Outdoor,https://www.tfrrs.org/results/47644/3098270/2017_Husker_Spring_Invitational/400-Hurdles,TFRRS all_performances
62,"Griggs, Kierra",Nebraska,Big Ten,400m,2017,FR-1,,,53.80,seconds,2017 Husker Spring Invitational,2017-04-08,,,,Outdoor,https://www.tfrrs.org/results/47644/3098264/2017_Husker_Spring_Invitational/400-Meters,TFRRS all_performances
63,"Peskova, Michaela",Nebraska,Big Ten,400m,2017,FR-1,,,55.50,seconds,2017 Husker Spring Invitational,2017-04-08,,,,Outdoor,https://www.tfrrs.org/results/47644/3098264/2017_Husker_Spring_Invitational/400-Meters,TFRRS all_performances
64,"Eskridge, Briana",Nebraska,Big Ten,Long Jump,2017,FR-1,,,5.43,m,2017 Husker Spring Invitational,2017-04-08,,,1.7,Outdoor,https://www.tfrrs.org/results/47644/3098248/2017_Husker_Spring_Invitational/Long-Jump,TFRRS all_performances
65,"Eskridge, Briana",Nebraska,Big Ten,Long Jump,2017,FR-1,,,5.50,m,2017 Husker Spring Invitational,2017-04-08,,,0.4,Outdoor,https://www.tfrrs.org/results/47644/3098248/2017_Husker_Spring_Invitational/Long-Jump,TFRRS all_performances
66,"Horacek, Payton",Nebraska,Big Ten,Long Jump,2017,JR-3,,,5.41,m,2017 Husker Spring Invitational,2017-04-08,,,-0.3,Outdoor,https://www.tfrrs.org/results/47644/3098248/2017_Husker_Spring_Invitational/Long-Jump,TFRRS all_performances
67,"Horacek, Payton",Nebraska,Big Ten,Long Jump,2017,JR-3,,,5.52,m,2017 Husker Spring Invitational,2017-04-08,,,0.9,Outdoor,https://www.tfrrs.org/results/47644/3098248/2017_Husker_Spring_Invitational/Long-Jump,TFRRS all_performances
68,"Horacek, Payton",Nebraska,Big Ten,Long Jump,2017,JR-3,,,5.54,m,2017 Husker Spring Invitational,2017-04-08,,,0.4,Outdoor,https://www.tfrrs.org/results/47644/3098248/2017_Husker_Spring_Invitational/Long-Jump,TFRRS all_performances
69,"Horacek, Payton",Nebraska,Big Ten,Long Jump,2017,JR-3,,,5.56,m,2017 Husker Spring Invitational,2017-04-08,,,0.5,Outdoor,https://www.tfrrs.org/results/47644/3098248/2017_Husker_Spring_Invitational/Long-Jump,TFRRS all_performances
70,"Lewis, Raynesha",Nebraska,Big Ten,Long Jump,2017,FR-1,,,5.73,m,2017 Husker Spring Invitational,2017-04-08,,,-0.4,Outdoor,https://www.tfrrs.org/results/47644/3098248/2017_Husker_Spring_Invitational/Long-Jump,TFRRS all_performances
71,"Lewis, Raynesha",Nebraska,Big Ten,Long Jump,2017,FR-1,,,5.92,m,2017 Husker Spring Invitational,2017-04-08,,,0.5,Outdoor,https://www.tfrrs.org/results/47644/3098248/2017_Husker_Spring_Invitational/Long-Jump,TFRRS all_performances
72,"Lewis, Raynesha",Nebraska,Big Ten,Long Jump,2017,FR-1,,,6.06,m,2017 Husker Spring Invitational,2017-04-08,,,1.8,Outdoor,https://www.tfrrs.org/results/47644/3098248/2017_Husker_Spring_Invitational/Long-Jump,TFRRS all_performances
73,"Lewis, Raynesha",Nebraska,Big Ten,Long Jump,2017,FR-1,,,6.12,m,2017 Husker Spring Invitational,2017-04-08,,,0.3,Outdoor,https://www.tfrrs.org/results/47644/3098248/2017_Husker_Spring_Invitational/Long-Jump,TFRRS all_performances
74,"Mercurio, Angela",Nebraska,Big Ten,Long Jump,2017,JR-3,,,5.46,m,2017 Husker Spring Invitational,2017-04-08,,,-0.7,Outdoor,https://www.tfrrs.org/results/47644/3098248/2017_Husker_Spring_Invitational/Long-Jump,TFRRS all_performances
75,"Mercurio, Angela",Nebraska,Big Ten,Long Jump,2017,JR-3,,,5.63,m,2017 Husker Spring Invitational,2017-04-08,,,-0.3,Outdoor,https://www.tfrrs.org/results/47644/3098248/2017_Husker_Spring_Invitational/Long-Jump,TFRRS all_performances
76,"Mercurio, Angela",Nebraska,Big Ten,Long Jump,2017,JR-3,,,5.67,m,2017 Husker Spring Invitational,2017-04-08,,,0.2,Outdoor,https://www.tfrrs.org/results/47644/3098248/2017_Husker_Spring_Invitational/Long-Jump,TFRRS all_performances
77,"Williams, Tierra",Nebraska,Big Ten,Long Jump,2017,SR-4,,,6.28,m,2017 Husker Spring Invitational,2017-04-08,,,1.6,Outdoor,https://www.tfrrs.org/results/47644/3098248/2017_Husker_Spring_Invitational/Long-Jump,TFRRS all_performances
78,"Dowell, Kristen",Nebraska,Big Ten,400H,2017,JR-3,,,1:10.02,seconds,Tom Botts Invitational,2017-04-14,,,,Outdoor,https://www.tfrrs.org/results/51117/3120350/Tom_Botts_Invitational/400-Hurdles,TFRRS all_performances
79,"Hill, Virginia",Nebraska,Big Ten,400H,2017,SR-4,,,1:00.97,seconds,Tom Botts Invitational,2017-04-14,,,,Outdoor,https://www.tfrrs.org/results/51117/3120350/Tom_Botts_Invitational/400-Hurdles,TFRRS all_performances
80,"Jones, Chelsey",Nebraska,Big Ten,400m,2017,FR-1,,,55.66,seconds,Tom Botts Invitational,2017-04-14,,,,Outdoor,https://www.tfrrs.org/results/51117/3120361/Tom_Botts_Invitational/400-Meters,TFRRS all_performances
81,"Peskova, Michaela",Nebraska,Big Ten,400m,2017,FR-1,,,56.51,seconds,Tom Botts Invitational,2017-04-14,,,,Outdoor,https://www.tfrrs.org/results/51117/3120361/Tom_Botts_Invitational/400-Meters,TFRRS all_performances
82,"Smith, Jessi",Nebraska,Big Ten,400m,2017,FR-1,,,59.28,seconds,Tom Botts Invitational,2017-04-14,,,,Outdoor,https://www.tfrrs.org/results/51117/3120361/Tom_Botts_Invitational/400-Meters,TFRRS all_performances
83,"Eskridge, Briana",Nebraska,Big Ten,Long Jump,2017,FR-1,,,4.29,m,Wichita State KT Woodman Classic,2017-04-14,,,0.4,Outdoor,https://www.tfrrs.org/results/49843/3122451/Wichita_State_KT_Woodman_Classic/Long-Jump,TFRRS all_performances
84,"Lewis, Raynesha",Nebraska,Big Ten,Long Jump,2017,FR-1,,,5.65,m,Wichita State KT Woodman Classic,2017-04-14,,,0.8,Outdoor,https://www.tfrrs.org/results/49843/3122451/Wichita_State_KT_Woodman_Classic/Long-Jump,TFRRS all_performances
85,"Lewis, Raynesha",Nebraska,Big Ten,Long Jump,2017,FR-1,,,6.00,m,Wichita State KT Woodman Classic,2017-04-14,,,1.9,Outdoor,https://www.tfrrs.org/results/49843/3122451/Wichita_State_KT_Woodman_Classic/Long-Jump,TFRRS all_performances
86,"Mercurio, Angela",Nebraska,Big Ten,Long Jump,2017,JR-3,,,5.71,m,Wichita State KT Woodman Classic,2017-04-14,,,1.7,Outdoor,https://www.tfrrs.org/results/49843/3122451/Wichita_State_KT_Woodman_Classic/Long-Jump,TFRRS all_performances
87,"Mercurio, Angela",Nebraska,Big Ten,Long Jump,2017,JR-3,,,5.87,m,Wichita State KT Woodman Classic,2017-04-14,,,1.0,Outdoor,https://www.tfrrs.org/results/49843/3122451/Wichita_State_KT_Woodman_Classic/Long-Jump,TFRRS all_performances
88,"Barge, Jasmine",Nebraska,Big Ten,100H,2017,SO-2,,,13.87,seconds,John Jacobs Invitational,2017-04-21,,,-0.2,Outdoor,https://www.tfrrs.org/results/51362/3143446/John_Jacobs_Invitational/100-Hurdles,TFRRS all_performances
89,"Dowell, Kristen",Nebraska,Big Ten,100H,2017,JR-3,,,14.56,seconds,John Jacobs Invitational,2017-04-21,,,-0.2,Outdoor,https://www.tfrrs.org/results/51362/3143446/John_Jacobs_Invitational/100-Hurdles,TFRRS all_performances
90,"Horacek, Payton",Nebraska,Big Ten,100H,2017,JR-3,,,15.21,seconds,John Jacobs Invitational,2017-04-21,,,0.8,Outdoor,https://www.tfrrs.org/results/51362/3143446/John_Jacobs_Invitational/100-Hurdles,TFRRS all_performances
91,"Barge, Jasmine",Nebraska,Big Ten,400H,2017,SO-2,,,58.60,seconds,John Jacobs Invitational,2017-04-21,,,,Outdoor,https://www.tfrrs.org/results/51362/3143434/John_Jacobs_Invitational/400-Hurdles,TFRRS all_performances
92,"Hill, Virginia",Nebraska,Big Ten,400H,2017,SR-4,,,59.76,seconds,John Jacobs Invitational,2017-04-21,,,,Outdoor,https://www.tfrrs.org/results/51362/3143434/John_Jacobs_Invitational/400-Hurdles,TFRRS all_performances
93,"Peskova, Michaela",Nebraska,Big Ten,400H,2017,FR-1,,,59.53,seconds,John Jacobs Invitational,2017-04-21,,,,Outdoor,https://www.tfrrs.org/results/51362/3143434/John_Jacobs_Invitational/400-Hurdles,TFRRS all_performances
94,"Griggs, Kierra",Nebraska,Big Ten,400m,2017,FR-1,,,54.90,seconds,John Jacobs Invitational,2017-04-21,,,,Outdoor,https://www.tfrrs.org/results/51362/3143445/John_Jacobs_Invitational/400-Meters,TFRRS all_performances
95,"Jones, Chelsey",Nebraska,Big Ten,400m,2017,FR-1,,,55.63,seconds,John Jacobs Invitational,2017-04-21,,,,Outdoor,https://www.tfrrs.org/results/51362/3143445/John_Jacobs_Invitational/400-Meters,TFRRS all_performances
96,"Czuth, Reka",Nebraska,Big Ten,Long Jump,2017,JR-3,,,6.10,m,John Jacobs Invitational,2017-04-21,,,1.0,Outdoor,https://www.tfrrs.org/results/51362/3143448/John_Jacobs_Invitational/Long-Jump,TFRRS all_performances
97,"Horacek, Payton",Nebraska,Big Ten,Long Jump,2017,JR-3,,,5.45,m,John Jacobs Invitational,2017-04-21,,,0.3,Outdoor,https://www.tfrrs.org/results/51362/3143448/John_Jacobs_Invitational/Long-Jump,TFRRS all_performances
98,"Horacek, Payton",Nebraska,Big Ten,Long Jump,2017,JR-3,,,5.49,m,John Jacobs Invitational,2017-04-21,,,1.7,Outdoor,https://www.tfrrs.org/results/51362/3143448/John_Jacobs_Invitational/Long-Jump,TFRRS all_performances
99,"Lewis, Raynesha",Nebraska,Big Ten,Long Jump,2017,FR-1,,,6.07,m,John Jacobs Invitational,2017-04-21,,,1.9,Outdoor,https://www.tfrrs.org/results/51362/3143448/John_Jacobs_Invitational/Long-Jump,TFRRS all_performances
100,"Mercurio, Angela",Nebraska,Big Ten,Long Jump,2017,JR-3,,,5.69,m,John Jacobs Invitational,2017-04-21,,,2.0,Outdoor,https://www.tfrrs.org/results/51362/3143448/John_Jacobs_Invitational/Long-Jump,TFRRS all_performances
101,"Dworak, Morgan",Nebraska,Big Ten,400H,2017,JR-3,,,1:04.24,seconds,2017 Prairie Wolf Invite,2017-04-27,,,,Outdoor,https://www.tfrrs.org/results/51573/3157065/2017_Prairie_Wolf_Invite/400-Hurdles,TFRRS all_performances
102,"Moore, Rebecca",Nebraska,Big Ten,400H,2017,FR-1,,,1:05.94,seconds,2017 Prairie Wolf Invite,2017-04-27,,,,Outdoor,https://www.tfrrs.org/results/51573/3157065/2017_Prairie_Wolf_Invite/400-Hurdles,TFRRS all_performances
103,"Smith, Jessi",Nebraska,Big Ten,400H,2017,FR-1,,,1:05.07,seconds,2017 Prairie Wolf Invite,2017-04-27,,,,Outdoor,https://www.tfrrs.org/results/51573/3157065/2017_Prairie_Wolf_Invite/400-Hurdles,TFRRS all_performances
104,"Barge, Jasmine",Nebraska,Big Ten,400H,2017,SO-2,,,57.59,seconds,Texas Tech Red Raider Shoot-Out,2017-04-28,,,,Outdoor,https://www.tfrrs.org/results/48624/3163572/Texas_Tech_Red_Raider_Shoot-Out/400-Hurdles,TFRRS all_performances
105,"Hill, Virginia",Nebraska,Big Ten,400H,2017,SR-4,,,1:00.09,seconds,Texas Tech Red Raider Shoot-Out,2017-04-28,,,,Outdoor,https://www.tfrrs.org/results/48624/3163572/Texas_Tech_Red_Raider_Shoot-Out/400-Hurdles,TFRRS all_performances
106,"Peskova, Michaela",Nebraska,Big Ten,400H,2017,FR-1,,,58.62,seconds,Texas Tech Red Raider Shoot-Out,2017-04-28,,,,Outdoor,https://www.tfrrs.org/results/48624/3163572/Texas_Tech_Red_Raider_Shoot-Out/400-Hurdles,TFRRS all_performances
107,"Griggs, Kierra",Nebraska,Big Ten,400m,2017,FR-1,,,53.03,seconds,Texas Tech Red Raider Shoot-Out,2017-04-28,,,,Outdoor,https://www.tfrrs.org/results/48624/3163565/Texas_Tech_Red_Raider_Shoot-Out/400-Meters,TFRRS all_performances
108,"Jones, Chelsey",Nebraska,Big Ten,400m,2017,FR-1,,,54.18,seconds,Texas Tech Red Raider Shoot-Out,2017-04-28,,,,Outdoor,https://www.tfrrs.org/results/48624/3163565/Texas_Tech_Red_Raider_Shoot-Out/400-Meters,TFRRS all_performances
109,"Lewis, Raynesha",Nebraska,Big Ten,Long Jump,2017,FR-1,,,5.69,m,Texas Tech Red Raider Shoot-Out,2017-04-28,,,1.9,Outdoor,https://www.tfrrs.org/results/48624/3163556/Texas_Tech_Red_Raider_Shoot-Out/Long-Jump,TFRRS all_performances
110,"Dowell, Kristen",Nebraska,Big Ten,100H,2017,JR-3,,,14.19,seconds,2017 Nebraska Invitational,2017-05-06,,,0.1,Outdoor,https://www.tfrrs.org/results/47645/3178003/2017_Nebraska_Invitational/100-Hurdles,TFRRS all_performances
111,"Freeman, Chanel",Nebraska,Big Ten,100H,2017,SO-2,,,13.80,seconds,2017 Nebraska Invitational,2017-05-06,,,0.1,Outdoor,https://www.tfrrs.org/results/47645/3178003/2017_Nebraska_Invitational/100-Hurdles,TFRRS all_performances
112,"Horacek, Payton",Nebraska,Big Ten,100H,2017,JR-3,,,15.14,seconds,2017 Nebraska Invitational,2017-05-06,,,0.1,Outdoor,https://www.tfrrs.org/results/47645/3178003/2017_Nebraska_Invitational/100-Hurdles,TFRRS all_performances
113,"Tweedy, Shauna",Nebraska,Big Ten,100H,2017,SO-2,,,16.46,seconds,2017 Nebraska Invitational,2017-05-06,,,0.6,Outdoor,https://www.tfrrs.org/results/47645/3178003/2017_Nebraska_Invitational/100-Hurdles,TFRRS all_performances
114,"Dworak, Morgan",Nebraska,Big Ten,400H,2017,JR-3,,,1:05.04,seconds,2017 Nebraska Invitational,2017-05-06,,,,Outdoor,https://www.tfrrs.org/results/47645/3177996/2017_Nebraska_Invitational/400-Hurdles,TFRRS all_performances
115,"Hill, Virginia",Nebraska,Big Ten,400H,2017,SR-4,,,58.96,seconds,2017 Nebraska Invitational,2017-05-06,,,,Outdoor,https://www.tfrrs.org/results/47645/3177996/2017_Nebraska_Invitational/400-Hurdles,TFRRS all_performances
116,"Moore, Rebecca",Nebraska,Big Ten,400H,2017,FR-1,,,1:05.41,seconds,2017 Nebraska Invitational,2017-05-06,,,,Outdoor,https://www.tfrrs.org/results/47645/3177996/2017_Nebraska_Invitational/400-Hurdles,TFRRS all_performances
117,"Horacek, Payton",Nebraska,Big Ten,Long Jump,2017,JR-3,,,5.46,m,2017 Nebraska Invitational,2017-05-06,,,0.8,Outdoor,https://www.tfrrs.org/results/47645/3177977/2017_Nebraska_Invitational/Long-Jump,TFRRS all_performances
118,"Horacek, Payton",Nebraska,Big Ten,Long Jump,2017,JR-3,,,5.49,m,2017 Nebraska Invitational,2017-05-06,,,1.4,Outdoor,https://www.tfrrs.org/results/47645/3177977/2017_Nebraska_Invitational/Long-Jump,TFRRS all_performances
119,"Horacek, Payton",Nebraska,Big Ten,Long Jump,2017,JR-3,,,5.55,m,2017 Nebraska Invitational,2017-05-06,,,1.8,Outdoor,https://www.tfrrs.org/results/47645/3177977/2017_Nebraska_Invitational/Long-Jump,TFRRS all_performances
120,"Horacek, Payton",Nebraska,Big Ten,Long Jump,2017,JR-3,,,5.57,m,2017 Nebraska Invitational,2017-05-06,,,0.7,Outdoor,https://www.tfrrs.org/results/47645/3177977/2017_Nebraska_Invitational/Long-Jump,TFRRS all_performances
121,"Mercurio, Angela",Nebraska,Big Ten,Long Jump,2017,JR-3,,,5.55,m,2017 Nebraska Invitational,2017-05-06,,,0.4,Outdoor,https://www.tfrrs.org/results/47645/3177977/2017_Nebraska_Invitational/Long-Jump,TFRRS all_performances
122,"Mercurio, Angela",Nebraska,Big Ten,Long Jump,2017,JR-3,,,5.60,m,2017 Nebraska Invitational,2017-05-06,,,0.6,Outdoor,https://www.tfrrs.org/results/47645/3177977/2017_Nebraska_Invitational/Long-Jump,TFRRS all_performances
123,"Williams, Tierra",Nebraska,Big Ten,Long Jump,2017,SR-4,,,6.19,m,2017 Nebraska Invitational,2017-05-06,,,-0.6,Outdoor,https://www.tfrrs.org/results/47645/3177977/2017_Nebraska_Invitational/Long-Jump,TFRRS all_performances
124,"Williams, Tierra",Nebraska,Big Ten,Long Jump,2017,SR-4,,,6.20,m,2017 Nebraska Invitational,2017-05-06,,,-0.7,Outdoor,https://www.tfrrs.org/results/47645/3177977/2017_Nebraska_Invitational/Long-Jump,TFRRS all_performances
125,"Williams, Tierra",Nebraska,Big Ten,Long Jump,2017,SR-4,,,6.25,m,2017 Nebraska Invitational,2017-05-06,,,-0.3,Outdoor,https://www.tfrrs.org/results/47645/3177977/2017_Nebraska_Invitational/Long-Jump,TFRRS all_performances
126,"Williams, Tierra",Nebraska,Big Ten,Long Jump,2017,SR-4,,,6.34,m,2017 Nebraska Invitational,2017-05-06,,,1.1,Outdoor,https://www.tfrrs.org/results/47645/3177977/2017_Nebraska_Invitational/Long-Jump,TFRRS all_performances
127,"Barge, Jasmine",Nebraska,Big Ten,100H,2017,SO-2,,,13.48,seconds,Big Ten Outdoor Championships,2017-05-12,,,0.4,Outdoor,https://www.tfrrs.org/results/51888/3191488/Big_Ten_Outdoor_Championships/100-Hurdles,TFRRS all_performances
128,"Dowell, Kristen",Nebraska,Big Ten,100H,2017,JR-3,,,13.91,seconds,Big Ten Outdoor Championships,2017-05-12,,,0.9,Outdoor,https://www.tfrrs.org/results/51888/3191488/Big_Ten_Outdoor_Championships/100-Hurdles,TFRRS all_performances
129,"Freeman, Chanel",Nebraska,Big Ten,100H,2017,SO-2,,,13.63,seconds,Big Ten Outdoor Championships,2017-05-12,,,1.4,Outdoor,https://www.tfrrs.org/results/51888/3191488/Big_Ten_Outdoor_Championships/100-Hurdles,TFRRS all_performances
130,"Horacek, Payton",Nebraska,Big Ten,100H,2017,JR-3,,,15.28,seconds,Big Ten Outdoor Championships,2017-05-12,,,-0.6,Outdoor,https://www.tfrrs.org/results/51888/3191638/Big_Ten_Outdoor_Championships/100-Hurdles,TFRRS all_performances
131,"Barge, Jasmine",Nebraska,Big Ten,400H,2017,SO-2,,,57.68,seconds,Big Ten Outdoor Championships,2017-05-12,,,,Outdoor,https://www.tfrrs.org/results/51888/3191465/Big_Ten_Outdoor_Championships/400-Hurdles,TFRRS all_performances
132,"Barge, Jasmine",Nebraska,Big Ten,400H,2017,SO-2,,,58.35,seconds,Big Ten Outdoor Championships,2017-05-12,,,,Outdoor,https://www.tfrrs.org/results/51888/3191465/Big_Ten_Outdoor_Championships/400-Hurdles,TFRRS all_performances
133,"Hill, Virginia",Nebraska,Big Ten,400H,2017,SR-4,,,59.20,seconds,Big Ten Outdoor Championships,2017-05-12,,,,Outdoor,https://www.tfrrs.org/results/51888/3191465/Big_Ten_Outdoor_Championships/400-Hurdles,TFRRS all_performances
134,"Hill, Virginia",Nebraska,Big Ten,400H,2017,SR-4,,,59.55,seconds,Big Ten Outdoor Championships,2017-05-12,,,,Outdoor,https://www.tfrrs.org/results/51888/3191465/Big_Ten_Outdoor_Championships/400-Hurdles,TFRRS all_performances
135,"Peskova, Michaela",Nebraska,Big Ten,400H,2017,FR-1,,,59.08,seconds,Big Ten Outdoor Championships,2017-05-12,,,,Outdoor,https://www.tfrrs.org/results/51888/3191465/Big_Ten_Outdoor_Championships/400-Hurdles,TFRRS all_performances
136,"Peskova, Michaela",Nebraska,Big Ten,400H,2017,FR-1,,,59.22,seconds,Big Ten Outdoor Championships,2017-05-12,,,,Outdoor,https://www.tfrrs.org/results/51888/3191465/Big_Ten_Outdoor_Championships/400-Hurdles,TFRRS all_performances
137,"Griggs, Kierra",Nebraska,Big Ten,400m,2017,FR-1,,,54.45,seconds,Big Ten Outdoor Championships,2017-05-12,,,,Outdoor,https://www.tfrrs.org/results/51888/3191487/Big_Ten_Outdoor_Championships/400-Meters,TFRRS all_performances
138,"Jones, Chelsey",Nebraska,Big Ten,400m,2017,FR-1,,,54.74,seconds,Big Ten Outdoor Championships,2017-05-12,,,,Outdoor,https://www.tfrrs.org/results/51888/3191487/Big_Ten_Outdoor_Championships/400-Meters,TFRRS all_performances
139,"Eskridge, Briana",Nebraska,Big Ten,Long Jump,2017,FR-1,,,5.56,m,Big Ten Outdoor Championships,2017-05-12,,,0.3,Outdoor,https://www.tfrrs.org/results/51888/3191498/Big_Ten_Outdoor_Championships/Long-Jump,TFRRS all_performances
140,"Eskridge, Briana",Nebraska,Big Ten,Long Jump,2017,FR-1,,,5.65,m,Big Ten Outdoor Championships,2017-05-12,,,1.2,Outdoor,https://www.tfrrs.org/results/51888/3191498/Big_Ten_Outdoor_Championships/Long-Jump,TFRRS all_performances
141,"Eskridge, Briana",Nebraska,Big Ten,Long Jump,2017,FR-1,,,5.66,m,Big Ten Outdoor Championships,2017-05-12,,,+0.0,Outdoor,https://www.tfrrs.org/results/51888/3191498/Big_Ten_Outdoor_Championships/Long-Jump,TFRRS all_performances
142,"Horacek, Payton",Nebraska,Big Ten,Long Jump,2017,JR-3,,,4.97,m,Big Ten Outdoor Championships,2017-05-12,,,1.0,Outdoor,https://www.tfrrs.org/results/51888/3191642/Big_Ten_Outdoor_Championships/Long-Jump,TFRRS all_performances
143,"Horacek, Payton",Nebraska,Big Ten,Long Jump,2017,JR-3,,,5.08,m,Big Ten Outdoor Championships,2017-05-12,,,0.2,Outdoor,https://www.tfrrs.org/results/51888/3191642/Big_Ten_Outdoor_Championships/Long-Jump,TFRRS all_performances
144,"Lewis, Raynesha",Nebraska,Big Ten,Long Jump,2017,FR-1,,,5.98,m,Big Ten Outdoor Championships,2017-05-12,,,2.0,Outdoor,https://www.tfrrs.org/results/51888/3191498/Big_Ten_Outdoor_Championships/Long-Jump,TFRRS all_performances
145,"Lewis, Raynesha",Nebraska,Big Ten,Long Jump,2017,FR-1,,,5.99,m,Big Ten Outdoor Championships,2017-05-12,,,1.8,Outdoor,https://www.tfrrs.org/results/51888/3191498/Big_Ten_Outdoor_Championships/Long-Jump,TFRRS all_performances
146,"Lewis, Raynesha",Nebraska,Big Ten,Long Jump,2017,FR-1,,,6.07,m,Big Ten Outdoor Championships,2017-05-12,,,1.3,Outdoor,https://www.tfrrs.org/results/51888/3191498/Big_Ten_Outdoor_Championships/Long-Jump,TFRRS all_performances
147,"Lewis, Raynesha",Nebraska,Big Ten,Long Jump,2017,FR-1,,,6.14,m,Big Ten Outdoor Championships,2017-05-12,,,0.7,Outdoor,https://www.tfrrs.org/results/51888/3191498/Big_Ten_Outdoor_Championships/Long-Jump,TFRRS all_performances
148,"Williams, Tierra",Nebraska,Big Ten,Long Jump,2017,SR-4,,,5.96,m,Big Ten Outdoor Championships,2017-05-12,,,+0.0,Outdoor,https://www.tfrrs.org/results/51888/3191498/Big_Ten_Outdoor_Championships/Long-Jump,TFRRS all_performances
149,"Williams, Tierra",Nebraska,Big Ten,Long Jump,2017,SR-4,,,6.09,m,Big Ten Outdoor Championships,2017-05-12,,,0.7,Outdoor,https://www.tfrrs.org/results/51888/3191498/Big_Ten_Outdoor_Championships/Long-Jump,TFRRS all_performances
150,"Williams, Tierra",Nebraska,Big Ten,Long Jump,2017,SR-4,,,6.23,m,Big Ten Outdoor Championships,2017-05-12,,,0.9,Outdoor,https://www.tfrrs.org/results/51888/3191498/Big_Ten_Outdoor_Championships/Long-Jump,TFRRS all_performances
151,"Williams, Tierra",Nebraska,Big Ten,Long Jump,2017,SR-4,,,6.27,m,Big Ten Outdoor Championships,2017-05-12,,,0.7,Outdoor,https://www.tfrrs.org/results/51888/3191498/Big_Ten_Outdoor_Championships/Long-Jump,TFRRS all_performances
152,"Williams, Tierra",Nebraska,Big Ten,Long Jump,2017,SR-4,,,6.28,m,Big Ten Outdoor Championships,2017-05-12,,,0.6,Outdoor,https://www.tfrrs.org/results/51888/3191498/Big_Ten_Outdoor_Championships/Long-Jump,TFRRS all_performances
153,"Barge, Jasmine",Nebraska,Big Ten,400H,2017,SO-2,,,58.52,seconds,NCAA Division I West Preliminary Round,2017-05-25,,,,Outdoor,https://www.tfrrs.org/results/51921/3197633/NCAA_Division_I_West_Preliminary_Round/400-Hurdles,TFRRS all_performances
154,"Barge, Jasmine",Nebraska,Big Ten,400H,2017,SO-2,,,58.52,seconds,NCAA Division I West Preliminary Round,2017-05-25,,,,Outdoor,https://www.tfrrs.org/results/51921/3197633/NCAA_Division_I_West_Preliminary_Round/400-Hurdles,TFRRS all_performances
155,"Hill, Virginia",Nebraska,Big Ten,400H,2017,SR-4,,,59.78,seconds,NCAA Division I West Preliminary Round,2017-05-25,,,,Outdoor,https://www.tfrrs.org/results/51921/3197633/NCAA_Division_I_West_Preliminary_Round/400-Hurdles,TFRRS all_performances
156,"Hill, Virginia",Nebraska,Big Ten,400H,2017,SR-4,,,59.90,seconds,NCAA Division I West Preliminary Round,2017-05-25,,,,Outdoor,https://www.tfrrs.org/results/51921/3197633/NCAA_Division_I_West_Preliminary_Round/400-Hurdles,TFRRS all_performances
157,"Peskova, Michaela",Nebraska,Big Ten,400H,2017,FR-1,,,59.16,seconds,NCAA Division I West Preliminary Round,2017-05-25,,,,Outdoor,https://www.tfrrs.org/results/51921/3197633/NCAA_Division_I_West_Preliminary_Round/400-Hurdles,TFRRS all_performances
158,"Peskova, Michaela",Nebraska,Big Ten,400H,2017,FR-1,,,59.75,seconds,NCAA Division I West Preliminary Round,2017-05-25,,,,Outdoor,https://www.tfrrs.org/results/51921/3197633/NCAA_Division_I_West_Preliminary_Round/400-Hurdles,TFRRS all_performances
159,"Griggs, Kierra",Nebraska,Big Ten,400m,2017,FR-1,,,54.32,seconds,NCAA Division I West Preliminary Round,2017-05-25,,,,Outdoor,https://www.tfrrs.org/results/51921/3197647/NCAA_Division_I_West_Preliminary_Round/400-Meters,TFRRS all_performances
160,"Williams, Tierra",Nebraska,Big Ten,Long Jump,2017,SR-4,,,6.13,m,NCAA Division I West Preliminary Round,2017-05-25,,,1.6,Outdoor,https://www.tfrrs.org/results/51921/3197644/NCAA_Division_I_West_Preliminary_Round/Long-Jump,TFRRS all_performances
161,"Williams, Tierra",Nebraska,Big Ten,Long Jump,2017,SR-4,,,6.45,m,NCAA Division I West Preliminary Round,2017-05-25,,,1.6,Outdoor,https://www.tfrrs.org/results/51921/3197644/NCAA_Division_I_West_Preliminary_Round/Long-Jump,TFRRS all_performances
162,"Barge, Jasmine",Nebraska,Big Ten,400H,2017,SO-2,,,59.24,seconds,NCAA Division I Outdoor Track & Field Championships,2017-06-07,,,,Outdoor,https://www.tfrrs.org/results/51935/3199097/NCAA_Division_I_Outdoor_Track__Field_Championships/400-Hurdles,TFRRS all_performances
163,"Williams, Tierra",Nebraska,Big Ten,Long Jump,2017,SR-4,,,5.91,m,NCAA Division I Outdoor Track & Field Championships,2017-06-07,,,-1.2,Outdoor,https://www.tfrrs.org/results/51935/3199108/NCAA_Division_I_Outdoor_Track__Field_Championships/Long-Jump,TFRRS all_performances
164,"Williams, Tierra",Nebraska,Big Ten,Long Jump,2017,SR-4,,,6.13,m,NCAA Division I Outdoor Track & Field Championships,2017-06-07,,,1.0,Outdoor,https://www.tfrrs.org/results/51935/3199108/NCAA_Division_I_Outdoor_Track__Field_Championships/Long-Jump,TFRRS all_performances
165,"Williams, Tierra",Nebraska,Big Ten,Long Jump,2017,SR-4,,,6.14,m,NCAA Division I Outdoor Track & Field Championships,2017-06-07,,,-2.6,Outdoor,https://www.tfrrs.org/results/51935/3199108/NCAA_Division_I_Outdoor_Track__Field_Championships/Long-Jump,TFRRS all_performances
166,"Williams, Tierra",Nebraska,Big Ten,Long Jump,2017,SR-4,,,6.24,m,NCAA Division I Outdoor Track & Field Championships,2017-06-07,,,+0.0,Outdoor,https://www.tfrrs.org/results/51935/3199108/NCAA_Division_I_Outdoor_Track__Field_Championships/Long-Jump,TFRRS all_performances
167,"Williams, Tierra",Nebraska,Big Ten,Long Jump,2017,SR-4,,,6.33,m,NCAA Division I Outdoor Track & Field Championships,2017-06-07,,,-0.9,Outdoor,https://www.tfrrs.org/results/51935/3199108/NCAA_Division_I_Outdoor_Track__Field_Championships/Long-Jump,TFRRS all_performances
168,"Johnson, Alaysha",Oregon,Big Ten,100H,2017,SO-2,,,12.69,seconds,Florida Relays,2017-03-30,,,2.0,Outdoor,https://www.tfrrs.org/results/48929/3076623/Florida_Relays/100-Hurdles,TFRRS all_performances
169,"Wallace, Sasha",Oregon,Big Ten,100H,2017,SR-4,,,12.94,seconds,Florida Relays,2017-03-30,,,2.0,Outdoor,https://www.tfrrs.org/results/48929/3076623/Florida_Relays/100-Hurdles,TFRRS all_performances
170,"Greenleaf, Madi",Oregon,Big Ten,400H,2017,JR-3,,,1:02.84,seconds,Florida Relays,2017-03-30,,,,Outdoor,https://www.tfrrs.org/results/48929/3076614/Florida_Relays/400-Hurdles,TFRRS all_performances
171,"O'Connor, Kylee",Oregon,Big Ten,400H,2017,JR-3,,,1:02.22,seconds,Florida Relays,2017-03-30,,,,Outdoor,https://www.tfrrs.org/results/48929/3076614/Florida_Relays/400-Hurdles,TFRRS all_performances
172,"Cook, Chaquinn",Oregon,Big Ten,Long Jump,2017,SO-2,,,6.15,m,Florida Relays,2017-03-30,,,1.9,Outdoor,https://www.tfrrs.org/results/48929/3076603/Florida_Relays/Long-Jump,TFRRS all_performances
173,"Foster, Rhesa",Oregon,Big Ten,Long Jump,2017,FR-1,,,5.58,m,Florida Relays,2017-03-30,,,-1.1,Outdoor,https://www.tfrrs.org/results/48929/3076606/Florida_Relays/Long-Jump,TFRRS all_performances
174,"Foster, Rhesa",Oregon,Big Ten,Long Jump,2017,FR-1,,,5.68,m,Florida Relays,2017-03-30,,,-1.6,Outdoor,https://www.tfrrs.org/results/48929/3076606/Florida_Relays/Long-Jump,TFRRS all_performances
175,"Stephen, Keera",Oregon,Big Ten,400H,2017,SO-2,,,1:13.08,seconds,John Knight Twilight,2017-04-07,,,,Outdoor,https://www.tfrrs.org/results/49885/3095570/John_Knight_Twilight/400-Hurdles,TFRRS all_performances
176,"Johnson, Alaysha",Oregon,Big Ten,100H,2017,SO-2,,,15.76,seconds,Mt. SAC Relays,2017-04-13,,,-0.4,Outdoor,https://www.tfrrs.org/results/51129/3123098/Mt_SAC_Relays/100-Hurdles,TFRRS all_performances
177,"Wallace, Sasha",Oregon,Big Ten,100H,2017,SR-4,,,13.56,seconds,Mt. SAC Relays,2017-04-13,,,-0.4,Outdoor,https://www.tfrrs.org/results/51129/3123098/Mt_SAC_Relays/100-Hurdles,TFRRS all_performances
178,"Jackson, Khadejah",Oregon,Big Ten,400H,2017,SO-2,,,1:01.89,seconds,Mt. SAC Relays,2017-04-13,,,,Outdoor,https://www.tfrrs.org/results/51129/3123027/Mt_SAC_Relays/400-Hurdles,TFRRS all_performances
179,"O'Connor, Kylee",Oregon,Big Ten,400H,2017,JR-3,,,1:01.66,seconds,Mt. SAC Relays,2017-04-13,,,,Outdoor,https://www.tfrrs.org/results/51129/3123027/Mt_SAC_Relays/400-Hurdles,TFRRS all_performances
180,"Dunmore, Makenzie",Oregon,Big Ten,400m,2017,FR-1,,,53.05,seconds,Mt. SAC Relays,2017-04-13,,,,Outdoor,https://www.tfrrs.org/results/51129/3123154/Mt_SAC_Relays/400-Meters,TFRRS all_performances
181,"Guster, Elexis",Oregon,Big Ten,400m,2017,SR-4,,,52.69,seconds,Mt. SAC Relays,2017-04-13,,,,Outdoor,https://www.tfrrs.org/results/51129/3123154/Mt_SAC_Relays/400-Meters,TFRRS all_performances
182,"Horsley, Ashante",Oregon,Big Ten,400m,2017,SR-4,,,54.49,seconds,Mt. SAC Relays,2017-04-13,,,,Outdoor,https://www.tfrrs.org/results/51129/3123154/Mt_SAC_Relays/400-Meters,TFRRS all_performances
183,"Waller, Hannah",Oregon,Big Ten,400m,2017,FR-1,,,53.13,seconds,Mt. SAC Relays,2017-04-13,,,,Outdoor,https://www.tfrrs.org/results/51129/3123035/Mt_SAC_Relays/400-Meters,TFRRS all_performances
184,"Foster, Rhesa",Oregon,Big Ten,Long Jump,2017,FR-1,,,5.63,m,Mt. SAC Relays,2017-04-13,,,0.7,Outdoor,https://www.tfrrs.org/results/51129/3123087/Mt_SAC_Relays/Long-Jump,TFRRS all_performances
185,"Foster, Rhesa",Oregon,Big Ten,Long Jump,2017,FR-1,,,6.05,m,Mt. SAC Relays,2017-04-13,,,-2.0,Outdoor,https://www.tfrrs.org/results/51129/3123087/Mt_SAC_Relays/Long-Jump,TFRRS all_performances
186,"Foster, Rhesa",Oregon,Big Ten,Long Jump,2017,FR-1,,,6.08,m,Mt. SAC Relays,2017-04-13,,,-2.7,Outdoor,https://www.tfrrs.org/results/51129/3123087/Mt_SAC_Relays/Long-Jump,TFRRS all_performances
187,"Johnson, Alaysha",Oregon,Big Ten,100H,2017,SO-2,,,12.88,seconds,Penn Relays,2017-04-27,,,-0.8,Outdoor,https://www.tfrrs.org/results/51632/3163731/Penn_Relays/100-Hurdles,TFRRS all_performances
188,"Johnson, Alaysha",Oregon,Big Ten,100H,2017,SO-2,,,13.05,seconds,Penn Relays,2017-04-27,,,1.5,Outdoor,https://www.tfrrs.org/results/51632/3163704/Penn_Relays/100-Hurdles,TFRRS all_performances
189,"Foster, Rhesa",Oregon,Big Ten,100H,2017,FR-1,,,14.30,seconds,Oregon State University High Performance,2017-04-28,,,+0.0,Outdoor,https://www.tfrrs.org/results/48540/3162683/Oregon_State_University_High_Performance/100-Hurdles,TFRRS all_performances
190,"Jackson, Khadejah",Oregon,Big Ten,100H,2017,SO-2,,,14.19,seconds,Oregon State University High Performance,2017-04-28,,,0.4,Outdoor,https://www.tfrrs.org/results/48540/3162683/Oregon_State_University_High_Performance/100-Hurdles,TFRRS all_performances
191,"Jackson, Khadejah",Oregon,Big Ten,400H,2017,SO-2,,,1:00.03,seconds,Oregon State University High Performance,2017-04-28,,,,Outdoor,https://www.tfrrs.org/results/48540/3162700/Oregon_State_University_High_Performance/400-Hurdles,TFRRS all_performances
192,"O'Connor, Kylee",Oregon,Big Ten,400H,2017,JR-3,,,1:00.89,seconds,Oregon State University High Performance,2017-04-28,,,,Outdoor,https://www.tfrrs.org/results/48540/3162700/Oregon_State_University_High_Performance/400-Hurdles,TFRRS all_performances
193,"Foster, Rhesa",Oregon,Big Ten,Long Jump,2017,FR-1,,,5.59,m,Oregon State University High Performance,2017-04-28,,,0.5,Outdoor,https://www.tfrrs.org/results/48540/3162672/Oregon_State_University_High_Performance/Long-Jump,TFRRS all_performances
194,"Foster, Rhesa",Oregon,Big Ten,Long Jump,2017,FR-1,,,5.75,m,Oregon State University High Performance,2017-04-28,,,1.2,Outdoor,https://www.tfrrs.org/results/48540/3162672/Oregon_State_University_High_Performance/Long-Jump,TFRRS all_performances
195,"Foster, Rhesa",Oregon,Big Ten,Long Jump,2017,FR-1,,,5.85,m,Oregon State University High Performance,2017-04-28,,,-2.0,Outdoor,https://www.tfrrs.org/results/48540/3162672/Oregon_State_University_High_Performance/Long-Jump,TFRRS all_performances
196,"Foster, Rhesa",Oregon,Big Ten,Long Jump,2017,FR-1,,,6.01,m,Oregon State University High Performance,2017-04-28,,,0.4,Outdoor,https://www.tfrrs.org/results/48540/3162672/Oregon_State_University_High_Performance/Long-Jump,TFRRS all_performances
197,"Stephen, Keera",Oregon,Big Ten,400H,2017,SO-2,,,1:06.03,seconds,Oregon Twilight,2017-05-05,,,,Outdoor,https://www.tfrrs.org/results/49983/3174897/Oregon_Twilight/400-Hurdles,TFRRS all_performances
198,"Johnson, Alaysha",Oregon,Big Ten,100H,2017,SO-2,,,12.90,seconds,Pac-12 Championships,2017-05-13,,,0.5,Outdoor,https://www.tfrrs.org/results/51891/3191896/Pac-12_Championships/100-Hurdles,TFRRS all_performances
199,"Jackson, Khadejah",Oregon,Big Ten,400H,2017,SO-2,,,1:00.36,seconds,Pac-12 Championships,2017-05-13,,,,Outdoor,https://www.tfrrs.org/results/51891/3191873/Pac-12_Championships/400-Hurdles,TFRRS all_performances
200,"Jackson, Khadejah",Oregon,Big Ten,400H,2017,SO-2,,,59.46,seconds,Pac-12 Championships,2017-05-13,,,,Outdoor,https://www.tfrrs.org/results/51891/3191873/Pac-12_Championships/400-Hurdles,TFRRS all_performances
201,"O'Connor, Kylee",Oregon,Big Ten,400H,2017,JR-3,,,1:01.30,seconds,Pac-12 Championships,2017-05-13,,,,Outdoor,https://www.tfrrs.org/results/51891/3191873/Pac-12_Championships/400-Hurdles,TFRRS all_performances
202,"Dunmore, Makenzie",Oregon,Big Ten,400m,2017,FR-1,,,51.67,seconds,Pac-12 Championships,2017-05-13,,,,Outdoor,https://www.tfrrs.org/results/51891/3191894/Pac-12_Championships/400-Meters,TFRRS all_performances
203,"Dunmore, Makenzie",Oregon,Big Ten,400m,2017,FR-1,,,53.73,seconds,Pac-12 Championships,2017-05-13,,,,Outdoor,https://www.tfrrs.org/results/51891/3191894/Pac-12_Championships/400-Meters,TFRRS all_performances
204,"Guster, Elexis",Oregon,Big Ten,400m,2017,SR-4,,,51.32,seconds,Pac-12 Championships,2017-05-13,,,,Outdoor,https://www.tfrrs.org/results/51891/3191894/Pac-12_Championships/400-Meters,TFRRS all_performances
205,"Guster, Elexis",Oregon,Big Ten,400m,2017,SR-4,,,52.39,seconds,Pac-12 Championships,2017-05-13,,,,Outdoor,https://www.tfrrs.org/results/51891/3191894/Pac-12_Championships/400-Meters,TFRRS all_performances
206,"Horsley, Ashante",Oregon,Big Ten,400m,2017,SR-4,,,54.13,seconds,Pac-12 Championships,2017-05-13,,,,Outdoor,https://www.tfrrs.org/results/51891/3191894/Pac-12_Championships/400-Meters,TFRRS all_performances
207,"Horsley, Ashante",Oregon,Big Ten,400m,2017,SR-4,,,54.30,seconds,Pac-12 Championships,2017-05-13,,,,Outdoor,https://www.tfrrs.org/results/51891/3191894/Pac-12_Championships/400-Meters,TFRRS all_performances
208,"Waller, Hannah",Oregon,Big Ten,400m,2017,FR-1,,,52.85,seconds,Pac-12 Championships,2017-05-13,,,,Outdoor,https://www.tfrrs.org/results/51891/3191894/Pac-12_Championships/400-Meters,TFRRS all_performances
209,"Waller, Hannah",Oregon,Big Ten,400m,2017,FR-1,,,54.22,seconds,Pac-12 Championships,2017-05-13,,,,Outdoor,https://www.tfrrs.org/results/51891/3191894/Pac-12_Championships/400-Meters,TFRRS all_performances
210,"Cook, Chaquinn",Oregon,Big Ten,Long Jump,2017,SO-2,,,5.43,m,Pac-12 Championships,2017-05-13,,,1.6,Outdoor,https://www.tfrrs.org/results/51891/3191906/Pac-12_Championships/Long-Jump,TFRRS all_performances
211,"Cook, Chaquinn",Oregon,Big Ten,Long Jump,2017,SO-2,,,5.70,m,Pac-12 Championships,2017-05-13,,,1.5,Outdoor,https://www.tfrrs.org/results/51891/3191906/Pac-12_Championships/Long-Jump,TFRRS all_performances
212,"Cook, Chaquinn",Oregon,Big Ten,Long Jump,2017,SO-2,,,5.83,m,Pac-12 Championships,2017-05-13,,,0.3,Outdoor,https://www.tfrrs.org/results/51891/3191906/Pac-12_Championships/Long-Jump,TFRRS all_performances
213,"Cook, Chaquinn",Oregon,Big Ten,Long Jump,2017,SO-2,,,5.87,m,Pac-12 Championships,2017-05-13,,,1.0,Outdoor,https://www.tfrrs.org/results/51891/3191906/Pac-12_Championships/Long-Jump,TFRRS all_performances
214,"Foster, Rhesa",Oregon,Big Ten,Long Jump,2017,FR-1,,,5.87,m,Pac-12 Championships,2017-05-13,,,1.1,Outdoor,https://www.tfrrs.org/results/51891/3191906/Pac-12_Championships/Long-Jump,TFRRS all_performances
215,"Foster, Rhesa",Oregon,Big Ten,Long Jump,2017,FR-1,,,5.90,m,Pac-12 Championships,2017-05-13,,,1.5,Outdoor,https://www.tfrrs.org/results/51891/3191906/Pac-12_Championships/Long-Jump,TFRRS all_performances
216,"Foster, Rhesa",Oregon,Big Ten,Long Jump,2017,FR-1,,,5.91,m,Pac-12 Championships,2017-05-13,,,1.8,Outdoor,https://www.tfrrs.org/results/51891/3191906/Pac-12_Championships/Long-Jump,TFRRS all_performances
217,"Foster, Rhesa",Oregon,Big Ten,Long Jump,2017,FR-1,,,6.26,m,Pac-12 Championships,2017-05-13,,,1.1,Outdoor,https://www.tfrrs.org/results/51891/3191906/Pac-12_Championships/Long-Jump,TFRRS all_performances
218,"Jackson, Khadejah",Oregon,Big Ten,400H,2017,SO-2,,,1:00.37,seconds,NCAA Division I West Preliminary Round,2017-05-25,,,,Outdoor,https://www.tfrrs.org/results/51921/3197633/NCAA_Division_I_West_Preliminary_Round/400-Hurdles,TFRRS all_performances
219,"Dunmore, Makenzie",Oregon,Big Ten,400m,2017,FR-1,,,51.75,seconds,NCAA Division I West Preliminary Round,2017-05-25,,,,Outdoor,https://www.tfrrs.org/results/51921/3197647/NCAA_Division_I_West_Preliminary_Round/400-Meters,TFRRS all_performances
220,"Dunmore, Makenzie",Oregon,Big Ten,400m,2017,FR-1,,,52.41,seconds,NCAA Division I West Preliminary Round,2017-05-25,,,,Outdoor,https://www.tfrrs.org/results/51921/3197647/NCAA_Division_I_West_Preliminary_Round/400-Meters,TFRRS all_performances
221,"Guster, Elexis",Oregon,Big Ten,400m,2017,SR-4,,,51.78,seconds,NCAA Division I West Preliminary Round,2017-05-25,,,,Outdoor,https://www.tfrrs.org/results/51921/3197647/NCAA_Division_I_West_Preliminary_Round/400-Meters,TFRRS all_performances
222,"Guster, Elexis",Oregon,Big Ten,400m,2017,SR-4,,,52.27,seconds,NCAA Division I West Preliminary Round,2017-05-25,,,,Outdoor,https://www.tfrrs.org/results/51921/3197647/NCAA_Division_I_West_Preliminary_Round/400-Meters,TFRRS all_performances
223,"Horsley, Ashante",Oregon,Big Ten,400m,2017,SR-4,,,52.84,seconds,NCAA Division I West Preliminary Round,2017-05-25,,,,Outdoor,https://www.tfrrs.org/results/51921/3197647/NCAA_Division_I_West_Preliminary_Round/400-Meters,TFRRS all_performances
224,"Horsley, Ashante",Oregon,Big Ten,400m,2017,SR-4,,,53.56,seconds,NCAA Division I West Preliminary Round,2017-05-25,,,,Outdoor,https://www.tfrrs.org/results/51921/3197647/NCAA_Division_I_West_Preliminary_Round/400-Meters,TFRRS all_performances
225,"Waller, Hannah",Oregon,Big Ten,400m,2017,FR-1,,,54.58,seconds,NCAA Division I West Preliminary Round,2017-05-25,,,,Outdoor,https://www.tfrrs.org/results/51921/3197647/NCAA_Division_I_West_Preliminary_Round/400-Meters,TFRRS all_performances
226,"Johnson, Alaysha",Oregon,Big Ten,100H,2017,SO-2,,,12.72,seconds,NCAA Division I Outdoor Track & Field Championships,2017-06-07,,,1.6,Outdoor,https://www.tfrrs.org/results/51935/3199121/NCAA_Division_I_Outdoor_Track__Field_Championships/100-Hurdles,TFRRS all_performances
227,"Johnson, Alaysha",Oregon,Big Ten,100H,2017,SO-2,,,12.87,seconds,NCAA Division I Outdoor Track & Field Championships,2017-06-07,,,0.2,Outdoor,https://www.tfrrs.org/results/51935/3199121/NCAA_Division_I_Outdoor_Track__Field_Championships/100-Hurdles,TFRRS all_performances
228,"Wallace, Sasha",Oregon,Big Ten,100H,2017,SR-4,,,12.81,seconds,NCAA Division I Outdoor Track & Field Championships,2017-06-07,,,1.6,Outdoor,https://www.tfrrs.org/results/51935/3199121/NCAA_Division_I_Outdoor_Track__Field_Championships/100-Hurdles,TFRRS all_performances
229,"Wallace, Sasha",Oregon,Big Ten,100H,2017,SR-4,,,13.10,seconds,NCAA Division I Outdoor Track & Field Championships,2017-06-07,,,-0.8,Outdoor,https://www.tfrrs.org/results/51935/3199121/NCAA_Division_I_Outdoor_Track__Field_Championships/100-Hurdles,TFRRS all_performances
230,"Dunmore, Makenzie",Oregon,Big Ten,400m,2017,FR-1,,,52.07,seconds,NCAA Division I Outdoor Track & Field Championships,2017-06-07,,,,Outdoor,https://www.tfrrs.org/results/51935/3199120/NCAA_Division_I_Outdoor_Track__Field_Championships/400-Meters,TFRRS all_performances
231,"Guster, Elexis",Oregon,Big Ten,400m,2017,SR-4,,,51.93,seconds,NCAA Division I Outdoor Track & Field Championships,2017-06-07,,,,Outdoor,https://www.tfrrs.org/results/51935/3199120/NCAA_Division_I_Outdoor_Track__Field_Championships/400-Meters,TFRRS all_performances
232,"Guster, Elexis",Oregon,Big Ten,400m,2017,SR-4,,,52.25,seconds,NCAA Division I Outdoor Track & Field Championships,2017-06-07,,,,Outdoor,https://www.tfrrs.org/results/51935/3199120/NCAA_Division_I_Outdoor_Track__Field_Championships/400-Meters,TFRRS all_performances
233,"Horsley, Ashante",Oregon,Big Ten,400m,2017,SR-4,,,53.98,seconds,NCAA Division I Outdoor Track & Field Championships,2017-06-07,,,,Outdoor,https://www.tfrrs.org/results/51935/3199120/NCAA_Division_I_Outdoor_Track__Field_Championships/400-Meters,TFRRS all_performances
234,"Foster, Rhesa",Oregon,Big Ten,Long Jump,2017,FR-1,,,5.73,m,NCAA Division I Outdoor Track & Field Championships,2017-06-07,,,-2.1,Outdoor,https://www.tfrrs.org/results/51935/3199108/NCAA_Division_I_Outdoor_Track__Field_Championships/Long-Jump,TFRRS all_performances
235,"Foster, Rhesa",Oregon,Big Ten,Long Jump,2017,FR-1,,,5.80,m,NCAA Division I Outdoor Track & Field Championships,2017-06-07,,,0.1,Outdoor,https://www.tfrrs.org/results/51935/3199108/NCAA_Division_I_Outdoor_Track__Field_Championships/Long-Jump,TFRRS all_performances
236,"Foster, Rhesa",Oregon,Big Ten,Long Jump,2017,FR-1,,,5.91,m,NCAA Division I Outdoor Track & Field Championships,2017-06-07,,,-0.2,Outdoor,https://www.tfrrs.org/results/51935/3199108/NCAA_Division_I_Outdoor_Track__Field_Championships/Long-Jump,TFRRS all_performances
237,"Graham, Jasmyne",USC,Big Ten,100H,2017,SO-2,,,13.37,seconds,Trojan Invitational,2017-03-17,,,0.6,Outdoor,https://www.tfrrs.org/results/48842/3036916/Trojan_Invitational/100-Hurdles,TFRRS all_performances
238,"Hall, Dior",USC,Big Ten,100H,2017,SO-2,,,13.31,seconds,Trojan Invitational,2017-03-17,,,0.6,Outdoor,https://www.tfrrs.org/results/48842/3036916/Trojan_Invitational/100-Hurdles,TFRRS all_performances
239,"Harmon-Thomas, Alexa",USC,Big Ten,100H,2017,SO-2,,,14.77,seconds,Trojan Invitational,2017-03-17,,,0.6,Outdoor,https://www.tfrrs.org/results/48842/3036916/Trojan_Invitational/100-Hurdles,TFRRS all_performances
240,"Lopes, Lyndsey",USC,Big Ten,100H,2017,SO-2,,,14.16,seconds,Trojan Invitational,2017-03-17,,,0.6,Outdoor,https://www.tfrrs.org/results/48842/3036916/Trojan_Invitational/100-Hurdles,TFRRS all_performances
241,"Constantine, Kyra",USC,Big Ten,400m,2017,FR-1,,,53.95,seconds,Trojan Invitational,2017-03-17,,,,Outdoor,https://www.tfrrs.org/results/48842/3036924/Trojan_Invitational/400-Meters,TFRRS all_performances
242,"Iuel, Amalie",USC,Big Ten,400m,2017,SR-4,,,51.81,seconds,Trojan Invitational,2017-03-17,,,,Outdoor,https://www.tfrrs.org/results/48842/3036924/Trojan_Invitational/400-Meters,TFRRS all_performances
243,"Richardson, Kayla",USC,Big Ten,400m,2017,FR-1,,,54.62,seconds,Trojan Invitational,2017-03-17,,,,Outdoor,https://www.tfrrs.org/results/48842/3036924/Trojan_Invitational/400-Meters,TFRRS all_performances
244,"Harmon-Thomas, Alexa",USC,Big Ten,Long Jump,2017,SO-2,,,5.53,m,Trojan Invitational,2017-03-17,,,+0.0,Outdoor,https://www.tfrrs.org/results/48842/3036918/Trojan_Invitational/Long-Jump,TFRRS all_performances
245,"Jones, Margaux",USC,Big Ten,Long Jump,2017,SO-2,,,6.01,m,Trojan Invitational,2017-03-17,,,-1.0,Outdoor,https://www.tfrrs.org/results/48842/3036918/Trojan_Invitational/Long-Jump,TFRRS all_performances
246,"Jones, Margaux",USC,Big Ten,Long Jump,2017,SO-2,,,6.04,m,Trojan Invitational,2017-03-17,,,0.4,Outdoor,https://www.tfrrs.org/results/48842/3036918/Trojan_Invitational/Long-Jump,TFRRS all_performances
247,"Jones, Margaux",USC,Big Ten,Long Jump,2017,SO-2,,,6.08,m,Trojan Invitational,2017-03-17,,,-0.1,Outdoor,https://www.tfrrs.org/results/48842/3036918/Trojan_Invitational/Long-Jump,TFRRS all_performances
248,"Lopes, Lyndsey",USC,Big Ten,Long Jump,2017,SO-2,,,5.47,m,Trojan Invitational,2017-03-17,,,-0.4,Outdoor,https://www.tfrrs.org/results/48842/3036918/Trojan_Invitational/Long-Jump,TFRRS all_performances
249,"Lopes, Lyndsey",USC,Big Ten,Long Jump,2017,SO-2,,,5.51,m,Trojan Invitational,2017-03-17,,,-0.4,Outdoor,https://www.tfrrs.org/results/48842/3036918/Trojan_Invitational/Long-Jump,TFRRS all_performances
250,"Lopes, Lyndsey",USC,Big Ten,Long Jump,2017,SO-2,,,5.56,m,Trojan Invitational,2017-03-17,,,-1.5,Outdoor,https://www.tfrrs.org/results/48842/3036918/Trojan_Invitational/Long-Jump,TFRRS all_performances
251,"Lopes, Lyndsey",USC,Big Ten,Long Jump,2017,SO-2,,,5.58,m,Trojan Invitational,2017-03-17,,,-0.1,Outdoor,https://www.tfrrs.org/results/48842/3036918/Trojan_Invitational/Long-Jump,TFRRS all_performances
252,"Lopes, Lyndsey",USC,Big Ten,100H,2017,SO-2,,,14.29,seconds,Westmont Classic With Jim Klein Combined Events,2017-03-23,,,-1.0,Outdoor,https://www.tfrrs.org/results/48005/3107131/Westmont_Classic_With_Jim_Klein_Combined_Events/100-Hurdles,TFRRS all_performances
253,"Lopes, Lyndsey",USC,Big Ten,Long Jump,2017,SO-2,,,5.34,m,Westmont Classic With Jim Klein Combined Events,2017-03-23,,,0.4,Outdoor,https://www.tfrrs.org/results/48005/3107135/Westmont_Classic_With_Jim_Klein_Combined_Events/Long-Jump,TFRRS all_performances
254,"Lopes, Lyndsey",USC,Big Ten,Long Jump,2017,SO-2,,,5.52,m,Westmont Classic With Jim Klein Combined Events,2017-03-23,,,1.4,Outdoor,https://www.tfrrs.org/results/48005/3107135/Westmont_Classic_With_Jim_Klein_Combined_Events/Long-Jump,TFRRS all_performances
255,"Lopes, Lyndsey",USC,Big Ten,Long Jump,2017,SO-2,,,5.79,m,Westmont Classic With Jim Klein Combined Events,2017-03-23,,,0.4,Outdoor,https://www.tfrrs.org/results/48005/3107135/Westmont_Classic_With_Jim_Klein_Combined_Events/Long-Jump,TFRRS all_performances
256,"Cockrell, Anna",USC,Big Ten,100H,2017,FR-1,,,13.31,seconds,39th Annual Aztec Invitational,2017-03-24,,,0.3,Outdoor,https://www.tfrrs.org/results/48789/3054529/39th_Annual_Aztec_Invitational/100-Hurdles,TFRRS all_performances
257,"Graham, Jasmyne",USC,Big Ten,100H,2017,SO-2,,,13.72,seconds,39th Annual Aztec Invitational,2017-03-24,,,0.3,Outdoor,https://www.tfrrs.org/results/48789/3054529/39th_Annual_Aztec_Invitational/100-Hurdles,TFRRS all_performances
258,"Hall, Dior",USC,Big Ten,100H,2017,SO-2,,,13.20,seconds,39th Annual Aztec Invitational,2017-03-24,,,0.3,Outdoor,https://www.tfrrs.org/results/48789/3054529/39th_Annual_Aztec_Invitational/100-Hurdles,TFRRS all_performances
259,"Graham, Jasmyne",USC,Big Ten,400H,2017,SO-2,,,1:02.38,seconds,39th Annual Aztec Invitational,2017-03-24,,,,Outdoor,https://www.tfrrs.org/results/48789/3054534/39th_Annual_Aztec_Invitational/400-Hurdles,TFRRS all_performances
260,"Glynn, Rachel",USC,Big Ten,400m,2017,SO-2,,,1:00.80,seconds,39th Annual Aztec Invitational,2017-03-24,,,,Outdoor,https://www.tfrrs.org/results/48789/3054532/39th_Annual_Aztec_Invitational/400-Meters,TFRRS all_performances
261,"Richardson, Kayla",USC,Big Ten,400m,2017,FR-1,,,54.45,seconds,39th Annual Aztec Invitational,2017-03-24,,,,Outdoor,https://www.tfrrs.org/results/48789/3054532/39th_Annual_Aztec_Invitational/400-Meters,TFRRS all_performances
262,"Harmon-Thomas, Alexa",USC,Big Ten,Long Jump,2017,SO-2,,,5.60,m,39th Annual Aztec Invitational,2017-03-24,,,0.3,Outdoor,https://www.tfrrs.org/results/48789/3054530/39th_Annual_Aztec_Invitational/Long-Jump,TFRRS all_performances
263,"Harmon-Thomas, Alexa",USC,Big Ten,Long Jump,2017,SO-2,,,5.73,m,39th Annual Aztec Invitational,2017-03-24,,,2.0,Outdoor,https://www.tfrrs.org/results/48789/3054530/39th_Annual_Aztec_Invitational/Long-Jump,TFRRS all_performances
264,"Jones, Margaux",USC,Big Ten,Long Jump,2017,SO-2,,,5.95,m,39th Annual Aztec Invitational,2017-03-24,,,1.3,Outdoor,https://www.tfrrs.org/results/48789/3054530/39th_Annual_Aztec_Invitational/Long-Jump,TFRRS all_performances
265,"Jones, Margaux",USC,Big Ten,Long Jump,2017,SO-2,,,6.06,m,39th Annual Aztec Invitational,2017-03-24,,,1.0,Outdoor,https://www.tfrrs.org/results/48789/3054530/39th_Annual_Aztec_Invitational/Long-Jump,TFRRS all_performances
266,"Richards, Madisen",USC,Big Ten,Long Jump,2017,JR-3,,,5.80,m,39th Annual Aztec Invitational,2017-03-24,,,-1.4,Outdoor,https://www.tfrrs.org/results/48789/3054530/39th_Annual_Aztec_Invitational/Long-Jump,TFRRS all_performances
267,"Richards, Madisen",USC,Big Ten,Long Jump,2017,JR-3,,,5.94,m,39th Annual Aztec Invitational,2017-03-24,,,0.7,Outdoor,https://www.tfrrs.org/results/48789/3054530/39th_Annual_Aztec_Invitational/Long-Jump,TFRRS all_performances
268,"Richards, Madisen",USC,Big Ten,Long Jump,2017,JR-3,,,5.96,m,39th Annual Aztec Invitational,2017-03-24,,,1.7,Outdoor,https://www.tfrrs.org/results/48789/3054530/39th_Annual_Aztec_Invitational/Long-Jump,TFRRS all_performances
269,"Hall, Dior",USC,Big Ten,100H,2017,SO-2,,,13.21,seconds,2017 90th Clyde Littlefield Texas Relays,2017-03-29,,,-0.3,Outdoor,https://www.tfrrs.org/results/48669/3075311/2017_90th_Clyde_Littlefield_Texas_Relays/100-Hurdles,TFRRS all_performances
270,"Jones, Margaux",USC,Big Ten,Long Jump,2017,SO-2,,,6.04,m,2017 90th Clyde Littlefield Texas Relays,2017-03-29,,,0.7,Outdoor,https://www.tfrrs.org/results/48669/3075210/2017_90th_Clyde_Littlefield_Texas_Relays/Long-Jump,TFRRS all_performances
271,"Jones, Margaux",USC,Big Ten,Long Jump,2017,SO-2,,,6.18,m,2017 90th Clyde Littlefield Texas Relays,2017-03-29,,,1.6,Outdoor,https://www.tfrrs.org/results/48669/3075210/2017_90th_Clyde_Littlefield_Texas_Relays/Long-Jump,TFRRS all_performances
272,"Richards, Madisen",USC,Big Ten,Long Jump,2017,JR-3,,,5.74,m,2017 90th Clyde Littlefield Texas Relays,2017-03-29,,,1.3,Outdoor,https://www.tfrrs.org/results/48669/3075296/2017_90th_Clyde_Littlefield_Texas_Relays/Long-Jump,TFRRS all_performances
273,"Richards, Madisen",USC,Big Ten,Long Jump,2017,JR-3,,,5.90,m,2017 90th Clyde Littlefield Texas Relays,2017-03-29,,,1.8,Outdoor,https://www.tfrrs.org/results/48669/3075296/2017_90th_Clyde_Littlefield_Texas_Relays/Long-Jump,TFRRS all_performances
274,"Richards, Madisen",USC,Big Ten,Long Jump,2017,JR-3,,,6.00,m,2017 90th Clyde Littlefield Texas Relays,2017-03-29,,,1.5,Outdoor,https://www.tfrrs.org/results/48669/3075296/2017_90th_Clyde_Littlefield_Texas_Relays/Long-Jump,TFRRS all_performances
275,"Smith, Mikaela",USC,Big Ten,400m,2017,SO-2,,,55.65,seconds,California Collegiate Invitational,2017-04-01,,,,Outdoor,https://www.tfrrs.org/results/48441/3077308/California_Collegiate_Invitational/400-Meters,TFRRS all_performances
276,"Cockrell, Anna",USC,Big Ten,100H,2017,FR-1,,,13.18,seconds,LSU Battle on the Bayou,2017-04-08,,,0.8,Outdoor,https://www.tfrrs.org/results/47399/3096394/LSU_Battle_on_the_Bayou/100-Hurdles,TFRRS all_performances
277,"Hall, Dior",USC,Big Ten,100H,2017,SO-2,,,13.12,seconds,LSU Battle on the Bayou,2017-04-08,,,0.8,Outdoor,https://www.tfrrs.org/results/47399/3096394/LSU_Battle_on_the_Bayou/100-Hurdles,TFRRS all_performances
278,"Harmon-Thomas, Alexa",USC,Big Ten,100H,2017,SO-2,,,14.84,seconds,LSU Battle on the Bayou,2017-04-08,,,0.3,Outdoor,https://www.tfrrs.org/results/47399/3096394/LSU_Battle_on_the_Bayou/100-Hurdles,TFRRS all_performances
279,"Lopes, Lyndsey",USC,Big Ten,100H,2017,SO-2,,,14.04,seconds,LSU Battle on the Bayou,2017-04-08,,,0.3,Outdoor,https://www.tfrrs.org/results/47399/3096394/LSU_Battle_on_the_Bayou/100-Hurdles,TFRRS all_performances
280,"Cockrell, Anna",USC,Big Ten,400H,2017,FR-1,,,55.51,seconds,LSU Battle on the Bayou,2017-04-08,,,,Outdoor,https://www.tfrrs.org/results/47399/3096421/LSU_Battle_on_the_Bayou/400-Hurdles,TFRRS all_performances
281,"Iuel, Amalie",USC,Big Ten,400H,2017,SR-4,,,55.38,seconds,LSU Battle on the Bayou,2017-04-08,,,,Outdoor,https://www.tfrrs.org/results/47399/3096421/LSU_Battle_on_the_Bayou/400-Hurdles,TFRRS all_performances
282,"Constantine, Kyra",USC,Big Ten,400m,2017,FR-1,,,53.18,seconds,LSU Battle on the Bayou,2017-04-08,,,,Outdoor,https://www.tfrrs.org/results/47399/3096418/LSU_Battle_on_the_Bayou/400-Meters,TFRRS all_performances
283,"Ellis, Kendall",USC,Big Ten,400m,2017,JR-3,,,50.98,seconds,LSU Battle on the Bayou,2017-04-08,,,,Outdoor,https://www.tfrrs.org/results/47399/3096418/LSU_Battle_on_the_Bayou/400-Meters,TFRRS all_performances
284,"Pettigrew, Cameron",USC,Big Ten,400m,2017,SR-4,,,52.11,seconds,LSU Battle on the Bayou,2017-04-08,,,,Outdoor,https://www.tfrrs.org/results/47399/3096418/LSU_Battle_on_the_Bayou/400-Meters,TFRRS all_performances
285,"Richardson, Kayla",USC,Big Ten,400m,2017,FR-1,,,54.06,seconds,LSU Battle on the Bayou,2017-04-08,,,,Outdoor,https://www.tfrrs.org/results/47399/3096418/LSU_Battle_on_the_Bayou/400-Meters,TFRRS all_performances
286,"Harmon-Thomas, Alexa",USC,Big Ten,Long Jump,2017,SO-2,,,5.38,m,LSU Battle on the Bayou,2017-04-08,,,2.0,Outdoor,https://www.tfrrs.org/results/47399/3096400/LSU_Battle_on_the_Bayou/Long-Jump,TFRRS all_performances
287,"Harmon-Thomas, Alexa",USC,Big Ten,Long Jump,2017,SO-2,,,5.55,m,LSU Battle on the Bayou,2017-04-08,,,-0.2,Outdoor,https://www.tfrrs.org/results/47399/3096400/LSU_Battle_on_the_Bayou/Long-Jump,TFRRS all_performances
288,"Jones, Margaux",USC,Big Ten,Long Jump,2017,SO-2,,,5.86,m,LSU Battle on the Bayou,2017-04-08,,,1.3,Outdoor,https://www.tfrrs.org/results/47399/3096400/LSU_Battle_on_the_Bayou/Long-Jump,TFRRS all_performances
289,"Jones, Margaux",USC,Big Ten,Long Jump,2017,SO-2,,,6.07,m,LSU Battle on the Bayou,2017-04-08,,,-1.6,Outdoor,https://www.tfrrs.org/results/47399/3096400/LSU_Battle_on_the_Bayou/Long-Jump,TFRRS all_performances
290,"Jones, Margaux",USC,Big Ten,Long Jump,2017,SO-2,,,6.10,m,LSU Battle on the Bayou,2017-04-08,,,1.0,Outdoor,https://www.tfrrs.org/results/47399/3096400/LSU_Battle_on_the_Bayou/Long-Jump,TFRRS all_performances
291,"Lopes, Lyndsey",USC,Big Ten,Long Jump,2017,SO-2,,,5.37,m,LSU Battle on the Bayou,2017-04-08,,,1.4,Outdoor,https://www.tfrrs.org/results/47399/3096400/LSU_Battle_on_the_Bayou/Long-Jump,TFRRS all_performances
292,"Lopes, Lyndsey",USC,Big Ten,Long Jump,2017,SO-2,,,5.44,m,LSU Battle on the Bayou,2017-04-08,,,2.0,Outdoor,https://www.tfrrs.org/results/47399/3096400/LSU_Battle_on_the_Bayou/Long-Jump,TFRRS all_performances
293,"Lopes, Lyndsey",USC,Big Ten,Long Jump,2017,SO-2,,,5.45,m,LSU Battle on the Bayou,2017-04-08,,,-1.8,Outdoor,https://www.tfrrs.org/results/47399/3096400/LSU_Battle_on_the_Bayou/Long-Jump,TFRRS all_performances
294,"Lopes, Lyndsey",USC,Big Ten,Long Jump,2017,SO-2,,,5.60,m,LSU Battle on the Bayou,2017-04-08,,,0.2,Outdoor,https://www.tfrrs.org/results/47399/3096400/LSU_Battle_on_the_Bayou/Long-Jump,TFRRS all_performances
295,"Richards, Madisen",USC,Big Ten,Long Jump,2017,JR-3,,,5.31,m,LSU Battle on the Bayou,2017-04-08,,,-1.2,Outdoor,https://www.tfrrs.org/results/47399/3096400/LSU_Battle_on_the_Bayou/Long-Jump,TFRRS all_performances
296,"Cockrell, Anna",USC,Big Ten,100H,2017,FR-1,,,13.22,seconds,Mt. SAC Relays,2017-04-13,,,-1.0,Outdoor,https://www.tfrrs.org/results/51129/3123056/Mt_SAC_Relays/100-Hurdles,TFRRS all_performances
297,"Hall, Dior",USC,Big Ten,100H,2017,SO-2,,,13.40,seconds,Mt. SAC Relays,2017-04-13,,,-2.2,Outdoor,https://www.tfrrs.org/results/51129/3123098/Mt_SAC_Relays/100-Hurdles,TFRRS all_performances
298,"Cockrell, Anna",USC,Big Ten,400H,2017,FR-1,,,56.81,seconds,Mt. SAC Relays,2017-04-13,,,,Outdoor,https://www.tfrrs.org/results/51129/3123081/Mt_SAC_Relays/400-Hurdles,TFRRS all_performances
299,"Iuel, Amalie",USC,Big Ten,400H,2017,SR-4,,,56.14,seconds,Mt. SAC Relays,2017-04-13,,,,Outdoor,https://www.tfrrs.org/results/51129/3123081/Mt_SAC_Relays/400-Hurdles,TFRRS all_performances
300,"Gillian, Kennedy",USC,Big Ten,400m,2017,FR-1,,,57.25,seconds,Pacific Beach Intercollegiate,2017-04-13,,,,Outdoor,https://www.tfrrs.org/results/51138/3123994/Pacific_Beach_Intercollegiate/400-Meters,TFRRS all_performances
301,"Pettigrew, Cameron",USC,Big Ten,400m,2017,SR-4,,,52.28,seconds,Mt. SAC Relays,2017-04-13,,,,Outdoor,https://www.tfrrs.org/results/51129/3123154/Mt_SAC_Relays/400-Meters,TFRRS all_performances
302,"Richardson, Kayla",USC,Big Ten,400m,2017,FR-1,,,53.81,seconds,Mt. SAC Relays,2017-04-13,,,,Outdoor,https://www.tfrrs.org/results/51129/3123035/Mt_SAC_Relays/400-Meters,TFRRS all_performances
303,"Richards, Madisen",USC,Big Ten,Long Jump,2017,JR-3,,,5.70,m,Mt. SAC Relays,2017-04-13,,,1.6,Outdoor,https://www.tfrrs.org/results/51129/3123150/Mt_SAC_Relays/Long-Jump,TFRRS all_performances
304,"Richards, Madisen",USC,Big Ten,Long Jump,2017,JR-3,,,5.80,m,Mt. SAC Relays,2017-04-13,,,0.1,Outdoor,https://www.tfrrs.org/results/51129/3123150/Mt_SAC_Relays/Long-Jump,TFRRS all_performances
305,"Richards, Madisen",USC,Big Ten,Long Jump,2017,JR-3,,,5.84,m,Mt. SAC Relays,2017-04-13,,,0.1,Outdoor,https://www.tfrrs.org/results/51129/3123150/Mt_SAC_Relays/Long-Jump,TFRRS all_performances
306,"Richards, Madisen",USC,Big Ten,Long Jump,2017,JR-3,,,5.95,m,Mt. SAC Relays,2017-04-13,,,1.5,Outdoor,https://www.tfrrs.org/results/51129/3123150/Mt_SAC_Relays/Long-Jump,TFRRS all_performances
307,"Jones, Margaux",USC,Big Ten,Long Jump,2017,SO-2,,,4.66,m,Beach Invitational,2017-04-14,,,1.4,Outdoor,https://www.tfrrs.org/results/51137/3123780/Beach_Invitational/Long-Jump,TFRRS all_performances
308,"Jones, Margaux",USC,Big Ten,Long Jump,2017,SO-2,,,5.65,m,Beach Invitational,2017-04-14,,,0.6,Outdoor,https://www.tfrrs.org/results/51137/3123780/Beach_Invitational/Long-Jump,TFRRS all_performances
309,"Jones, Margaux",USC,Big Ten,Long Jump,2017,SO-2,,,5.94,m,Beach Invitational,2017-04-14,,,+0.0,Outdoor,https://www.tfrrs.org/results/51137/3123780/Beach_Invitational/Long-Jump,TFRRS all_performances
310,"Jones, Margaux",USC,Big Ten,Long Jump,2017,SO-2,,,6.01,m,Beach Invitational,2017-04-14,,,1.0,Outdoor,https://www.tfrrs.org/results/51137/3123780/Beach_Invitational/Long-Jump,TFRRS all_performances
311,"Jones, Margaux",USC,Big Ten,Long Jump,2017,SO-2,,,6.31,m,Beach Invitational,2017-04-14,,,+0.0,Outdoor,https://www.tfrrs.org/results/51137/3123780/Beach_Invitational/Long-Jump,TFRRS all_performances
312,"Lopes, Lyndsey",USC,Big Ten,100H,2017,SO-2,,,14.18,seconds,2017 Triton Invitational,2017-04-21,,,0.1,Outdoor,https://www.tfrrs.org/results/48442/3143253/2017_Triton_Invitational/100-Hurdles,TFRRS all_performances
313,"McGlaston, Mecca",USC,Big Ten,100H,2017,FR-1,,,13.88,seconds,2017 Triton Invitational,2017-04-21,,,0.1,Outdoor,https://www.tfrrs.org/results/48442/3143253/2017_Triton_Invitational/100-Hurdles,TFRRS all_performances
314,"Gillian, Kennedy",USC,Big Ten,400m,2017,FR-1,,,57.13,seconds,2017 Triton Invitational,2017-04-21,,,,Outdoor,https://www.tfrrs.org/results/48442/3143218/2017_Triton_Invitational/400-Meters,TFRRS all_performances
315,"Cockrell, Anna",USC,Big Ten,100H,2017,FR-1,,,12.91,seconds,USC vs. UCLA,2017-04-29,,,1.1,Outdoor,https://www.tfrrs.org/results/51638/3164125/USC_vs_UCLA/100-Hurdles,TFRRS all_performances
316,"Hall, Dior",USC,Big Ten,100H,2017,SO-2,,,13.03,seconds,USC vs. UCLA,2017-04-29,,,1.1,Outdoor,https://www.tfrrs.org/results/51638/3164125/USC_vs_UCLA/100-Hurdles,TFRRS all_performances
317,"Lopes, Lyndsey",USC,Big Ten,100H,2017,SO-2,,,13.92,seconds,USC vs. UCLA,2017-04-29,,,1.1,Outdoor,https://www.tfrrs.org/results/51638/3164125/USC_vs_UCLA/100-Hurdles,TFRRS all_performances
318,"McGlaston, Mecca",USC,Big Ten,100H,2017,FR-1,,,13.62,seconds,USC vs. UCLA,2017-04-29,,,1.1,Outdoor,https://www.tfrrs.org/results/51638/3164125/USC_vs_UCLA/100-Hurdles,TFRRS all_performances
319,"Cockrell, Anna",USC,Big Ten,400H,2017,FR-1,,,55.86,seconds,USC vs. UCLA,2017-04-29,,,,Outdoor,https://www.tfrrs.org/results/51638/3164126/USC_vs_UCLA/400-Hurdles,TFRRS all_performances
320,"Iuel, Amalie",USC,Big Ten,400H,2017,SR-4,,,55.62,seconds,USC vs. UCLA,2017-04-29,,,,Outdoor,https://www.tfrrs.org/results/51638/3164126/USC_vs_UCLA/400-Hurdles,TFRRS all_performances
321,"McGlaston, Mecca",USC,Big Ten,400H,2017,FR-1,,,1:01.38,seconds,USC vs. UCLA,2017-04-29,,,,Outdoor,https://www.tfrrs.org/results/51638/3164126/USC_vs_UCLA/400-Hurdles,TFRRS all_performances
322,"Constantine, Kyra",USC,Big Ten,400m,2017,FR-1,,,53.21,seconds,USC vs. UCLA,2017-04-29,,,,Outdoor,https://www.tfrrs.org/results/51638/3164134/USC_vs_UCLA/400-Meters,TFRRS all_performances
323,"Ellis, Kendall",USC,Big Ten,400m,2017,JR-3,,,51.37,seconds,USC vs. UCLA,2017-04-29,,,,Outdoor,https://www.tfrrs.org/results/51638/3164134/USC_vs_UCLA/400-Meters,TFRRS all_performances
324,"Gillian, Kennedy",USC,Big Ten,400m,2017,FR-1,,,56.35,seconds,USC vs. UCLA,2017-04-29,,,,Outdoor,https://www.tfrrs.org/results/51638/3164134/USC_vs_UCLA/400-Meters,TFRRS all_performances
325,"Richardson, Kayla",USC,Big Ten,400m,2017,FR-1,,,53.95,seconds,USC vs. UCLA,2017-04-29,,,,Outdoor,https://www.tfrrs.org/results/51638/3164134/USC_vs_UCLA/400-Meters,TFRRS all_performances
326,"Harmon-Thomas, Alexa",USC,Big Ten,Long Jump,2017,SO-2,,,5.53,m,USC vs. UCLA,2017-04-29,,,0.3,Outdoor,https://www.tfrrs.org/results/51638/3164128/USC_vs_UCLA/Long-Jump,TFRRS all_performances
327,"Harmon-Thomas, Alexa",USC,Big Ten,Long Jump,2017,SO-2,,,5.70,m,USC vs. UCLA,2017-04-29,,,-0.2,Outdoor,https://www.tfrrs.org/results/51638/3164128/USC_vs_UCLA/Long-Jump,TFRRS all_performances
328,"Jones, Margaux",USC,Big Ten,Long Jump,2017,SO-2,,,6.12,m,USC vs. UCLA,2017-04-29,,,-0.7,Outdoor,https://www.tfrrs.org/results/51638/3164128/USC_vs_UCLA/Long-Jump,TFRRS all_performances
329,"Jones, Margaux",USC,Big Ten,Long Jump,2017,SO-2,,,6.16,m,USC vs. UCLA,2017-04-29,,,1.2,Outdoor,https://www.tfrrs.org/results/51638/3164128/USC_vs_UCLA/Long-Jump,TFRRS all_performances
330,"Jones, Margaux",USC,Big Ten,Long Jump,2017,SO-2,,,6.19,m,USC vs. UCLA,2017-04-29,,,0.7,Outdoor,https://www.tfrrs.org/results/51638/3164128/USC_vs_UCLA/Long-Jump,TFRRS all_performances
331,"Jones, Margaux",USC,Big Ten,Long Jump,2017,SO-2,,,6.21,m,USC vs. UCLA,2017-04-29,,,1.3,Outdoor,https://www.tfrrs.org/results/51638/3164128/USC_vs_UCLA/Long-Jump,TFRRS all_performances
332,"Jones, Margaux",USC,Big Ten,Long Jump,2017,SO-2,,,6.24,m,USC vs. UCLA,2017-04-29,,,1.2,Outdoor,https://www.tfrrs.org/results/51638/3164128/USC_vs_UCLA/Long-Jump,TFRRS all_performances
333,"Lopes, Lyndsey",USC,Big Ten,Long Jump,2017,SO-2,,,5.75,m,USC vs. UCLA,2017-04-29,,,1.3,Outdoor,https://www.tfrrs.org/results/51638/3164128/USC_vs_UCLA/Long-Jump,TFRRS all_performances
334,"Lopes, Lyndsey",USC,Big Ten,Long Jump,2017,SO-2,,,5.78,m,USC vs. UCLA,2017-04-29,,,1.6,Outdoor,https://www.tfrrs.org/results/51638/3164128/USC_vs_UCLA/Long-Jump,TFRRS all_performances
335,"Lopes, Lyndsey",USC,Big Ten,Long Jump,2017,SO-2,,,5.82,m,USC vs. UCLA,2017-04-29,,,0.3,Outdoor,https://www.tfrrs.org/results/51638/3164128/USC_vs_UCLA/Long-Jump,TFRRS all_performances
336,"Lopes, Lyndsey",USC,Big Ten,Long Jump,2017,SO-2,,,5.91,m,USC vs. UCLA,2017-04-29,,,-0.8,Outdoor,https://www.tfrrs.org/results/51638/3164128/USC_vs_UCLA/Long-Jump,TFRRS all_performances
337,"Richards, Madisen",USC,Big Ten,Long Jump,2017,JR-3,,,4.00,m,USC vs. UCLA,2017-04-29,,,0.3,Outdoor,https://www.tfrrs.org/results/51638/3164128/USC_vs_UCLA/Long-Jump,TFRRS all_performances
338,"Richards, Madisen",USC,Big Ten,Long Jump,2017,JR-3,,,5.94,m,USC vs. UCLA,2017-04-29,,,0.5,Outdoor,https://www.tfrrs.org/results/51638/3164128/USC_vs_UCLA/Long-Jump,TFRRS all_performances
339,"Harmon-Thomas, Alexa",USC,Big Ten,100H,2017,SO-2,,,14.66,seconds,2017 Pac-12 Combined Events Championships,2017-05-06,,,1.2,Outdoor,https://www.tfrrs.org/results/50778/3180515/2017_Pac-12_Combined_Events_Championships/100-Hurdles,TFRRS all_performances
340,"Lopes, Lyndsey",USC,Big Ten,100H,2017,SO-2,,,13.87,seconds,2017 Pac-12 Combined Events Championships,2017-05-06,,,0.6,Outdoor,https://www.tfrrs.org/results/50778/3180515/2017_Pac-12_Combined_Events_Championships/100-Hurdles,TFRRS all_performances
341,"Harmon-Thomas, Alexa",USC,Big Ten,Long Jump,2017,SO-2,,,5.60,m,2017 Pac-12 Combined Events Championships,2017-05-06,,,1.2,Outdoor,https://www.tfrrs.org/results/50778/3180519/2017_Pac-12_Combined_Events_Championships/Long-Jump,TFRRS all_performances
342,"Harmon-Thomas, Alexa",USC,Big Ten,Long Jump,2017,SO-2,,,5.74,m,2017 Pac-12 Combined Events Championships,2017-05-06,,,1.3,Outdoor,https://www.tfrrs.org/results/50778/3180519/2017_Pac-12_Combined_Events_Championships/Long-Jump,TFRRS all_performances
343,"Lopes, Lyndsey",USC,Big Ten,Long Jump,2017,SO-2,,,5.32,m,2017 Pac-12 Combined Events Championships,2017-05-06,,,-0.7,Outdoor,https://www.tfrrs.org/results/50778/3180519/2017_Pac-12_Combined_Events_Championships/Long-Jump,TFRRS all_performances
344,"Lopes, Lyndsey",USC,Big Ten,Long Jump,2017,SO-2,,,5.58,m,2017 Pac-12 Combined Events Championships,2017-05-06,,,0.4,Outdoor,https://www.tfrrs.org/results/50778/3180519/2017_Pac-12_Combined_Events_Championships/Long-Jump,TFRRS all_performances
345,"Cockrell, Anna",USC,Big Ten,100H,2017,FR-1,,,13.06,seconds,Pac-12 Championships,2017-05-13,,,0.5,Outdoor,https://www.tfrrs.org/results/51891/3191896/Pac-12_Championships/100-Hurdles,TFRRS all_performances
346,"Hall, Dior",USC,Big Ten,100H,2017,SO-2,,,13.09,seconds,Pac-12 Championships,2017-05-13,,,0.5,Outdoor,https://www.tfrrs.org/results/51891/3191896/Pac-12_Championships/100-Hurdles,TFRRS all_performances
347,"Hall, Dior",USC,Big Ten,100H,2017,SO-2,,,13.26,seconds,Pac-12 Championships,2017-05-13,,,0.6,Outdoor,https://www.tfrrs.org/results/51891/3191896/Pac-12_Championships/100-Hurdles,TFRRS all_performances
348,"Harmon-Thomas, Alexa",USC,Big Ten,100H,2017,SO-2,,,14.66,seconds,Pac-12 Championships,2017-05-13,,,1.2,Outdoor,https://www.tfrrs.org/results/51891/3191900/Pac-12_Championships/100-Hurdles,TFRRS all_performances
349,"Lopes, Lyndsey",USC,Big Ten,100H,2017,SO-2,,,13.82,seconds,Pac-12 Championships,2017-05-13,,,0.5,Outdoor,https://www.tfrrs.org/results/51891/3191896/Pac-12_Championships/100-Hurdles,TFRRS all_performances
350,"Lopes, Lyndsey",USC,Big Ten,100H,2017,SO-2,,,13.87,seconds,Pac-12 Championships,2017-05-13,,,0.6,Outdoor,https://www.tfrrs.org/results/51891/3191900/Pac-12_Championships/100-Hurdles,TFRRS all_performances
351,"Lopes, Lyndsey",USC,Big Ten,100H,2017,SO-2,,,13.88,seconds,Pac-12 Championships,2017-05-13,,,0.6,Outdoor,https://www.tfrrs.org/results/51891/3191896/Pac-12_Championships/100-Hurdles,TFRRS all_performances
352,"McGlaston, Mecca",USC,Big Ten,100H,2017,FR-1,,,13.46,seconds,Pac-12 Championships,2017-05-13,,,0.5,Outdoor,https://www.tfrrs.org/results/51891/3191896/Pac-12_Championships/100-Hurdles,TFRRS all_performances
353,"Cockrell, Anna",USC,Big Ten,400H,2017,FR-1,,,55.54,seconds,Pac-12 Championships,2017-05-13,,,,Outdoor,https://www.tfrrs.org/results/51891/3191873/Pac-12_Championships/400-Hurdles,TFRRS all_performances
354,"Cockrell, Anna",USC,Big Ten,400H,2017,FR-1,,,58.97,seconds,Pac-12 Championships,2017-05-13,,,,Outdoor,https://www.tfrrs.org/results/51891/3191873/Pac-12_Championships/400-Hurdles,TFRRS all_performances
355,"Iuel, Amalie",USC,Big Ten,400H,2017,SR-4,,,56.07,seconds,Pac-12 Championships,2017-05-13,,,,Outdoor,https://www.tfrrs.org/results/51891/3191873/Pac-12_Championships/400-Hurdles,TFRRS all_performances
356,"Iuel, Amalie",USC,Big Ten,400H,2017,SR-4,,,58.89,seconds,Pac-12 Championships,2017-05-13,,,,Outdoor,https://www.tfrrs.org/results/51891/3191873/Pac-12_Championships/400-Hurdles,TFRRS all_performances
357,"McGlaston, Mecca",USC,Big Ten,400H,2017,FR-1,,,1:01.28,seconds,Pac-12 Championships,2017-05-13,,,,Outdoor,https://www.tfrrs.org/results/51891/3191873/Pac-12_Championships/400-Hurdles,TFRRS all_performances
358,"McGlaston, Mecca",USC,Big Ten,400H,2017,FR-1,,,1:02.80,seconds,Pac-12 Championships,2017-05-13,,,,Outdoor,https://www.tfrrs.org/results/51891/3191873/Pac-12_Championships/400-Hurdles,TFRRS all_performances
359,"Constantine, Kyra",USC,Big Ten,400m,2017,FR-1,,,52.92,seconds,Pac-12 Championships,2017-05-13,,,,Outdoor,https://www.tfrrs.org/results/51891/3191894/Pac-12_Championships/400-Meters,TFRRS all_performances
360,"Constantine, Kyra",USC,Big Ten,400m,2017,FR-1,,,54.00,seconds,Pac-12 Championships,2017-05-13,,,,Outdoor,https://www.tfrrs.org/results/51891/3191894/Pac-12_Championships/400-Meters,TFRRS all_performances
361,"Ellis, Kendall",USC,Big Ten,400m,2017,JR-3,,,50.66,seconds,Pac-12 Championships,2017-05-13,,,,Outdoor,https://www.tfrrs.org/results/51891/3191894/Pac-12_Championships/400-Meters,TFRRS all_performances
362,"Ellis, Kendall",USC,Big Ten,400m,2017,JR-3,,,53.16,seconds,Pac-12 Championships,2017-05-13,,,,Outdoor,https://www.tfrrs.org/results/51891/3191894/Pac-12_Championships/400-Meters,TFRRS all_performances
363,"Pettigrew, Cameron",USC,Big Ten,400m,2017,SR-4,,,51.61,seconds,Pac-12 Championships,2017-05-13,,,,Outdoor,https://www.tfrrs.org/results/51891/3191894/Pac-12_Championships/400-Meters,TFRRS all_performances
364,"Pettigrew, Cameron",USC,Big Ten,400m,2017,SR-4,,,53.51,seconds,Pac-12 Championships,2017-05-13,,,,Outdoor,https://www.tfrrs.org/results/51891/3191894/Pac-12_Championships/400-Meters,TFRRS all_performances
365,"Richardson, Kayla",USC,Big Ten,400m,2017,FR-1,,,55.51,seconds,Pac-12 Championships,2017-05-13,,,,Outdoor,https://www.tfrrs.org/results/51891/3191894/Pac-12_Championships/400-Meters,TFRRS all_performances
366,"Harmon-Thomas, Alexa",USC,Big Ten,Long Jump,2017,SO-2,,,5.60,m,Pac-12 Championships,2017-05-13,,,1.2,Outdoor,https://www.tfrrs.org/results/51891/3191904/Pac-12_Championships/Long-Jump,TFRRS all_performances
367,"Harmon-Thomas, Alexa",USC,Big Ten,Long Jump,2017,SO-2,,,5.74,m,Pac-12 Championships,2017-05-13,,,1.3,Outdoor,https://www.tfrrs.org/results/51891/3191904/Pac-12_Championships/Long-Jump,TFRRS all_performances
368,"Jones, Margaux",USC,Big Ten,Long Jump,2017,SO-2,,,5.71,m,Pac-12 Championships,2017-05-13,,,1.1,Outdoor,https://www.tfrrs.org/results/51891/3191906/Pac-12_Championships/Long-Jump,TFRRS all_performances
369,"Jones, Margaux",USC,Big Ten,Long Jump,2017,SO-2,,,5.79,m,Pac-12 Championships,2017-05-13,,,1.3,Outdoor,https://www.tfrrs.org/results/51891/3191906/Pac-12_Championships/Long-Jump,TFRRS all_performances
370,"Jones, Margaux",USC,Big Ten,Long Jump,2017,SO-2,,,5.84,m,Pac-12 Championships,2017-05-13,,,0.8,Outdoor,https://www.tfrrs.org/results/51891/3191906/Pac-12_Championships/Long-Jump,TFRRS all_performances
371,"Jones, Margaux",USC,Big Ten,Long Jump,2017,SO-2,,,5.98,m,Pac-12 Championships,2017-05-13,,,0.6,Outdoor,https://www.tfrrs.org/results/51891/3191906/Pac-12_Championships/Long-Jump,TFRRS all_performances
372,"Jones, Margaux",USC,Big Ten,Long Jump,2017,SO-2,,,6.11,m,Pac-12 Championships,2017-05-13,,,1.3,Outdoor,https://www.tfrrs.org/results/51891/3191906/Pac-12_Championships/Long-Jump,TFRRS all_performances
373,"Lopes, Lyndsey",USC,Big Ten,Long Jump,2017,SO-2,,,5.32,m,Pac-12 Championships,2017-05-13,,,-0.7,Outdoor,https://www.tfrrs.org/results/51891/3191904/Pac-12_Championships/Long-Jump,TFRRS all_performances
374,"Lopes, Lyndsey",USC,Big Ten,Long Jump,2017,SO-2,,,5.41,m,Pac-12 Championships,2017-05-13,,,0.5,Outdoor,https://www.tfrrs.org/results/51891/3191906/Pac-12_Championships/Long-Jump,TFRRS all_performances
375,"Lopes, Lyndsey",USC,Big Ten,Long Jump,2017,SO-2,,,5.54,m,Pac-12 Championships,2017-05-13,,,1.8,Outdoor,https://www.tfrrs.org/results/51891/3191906/Pac-12_Championships/Long-Jump,TFRRS all_performances
376,"Lopes, Lyndsey",USC,Big Ten,Long Jump,2017,SO-2,,,5.58,m,Pac-12 Championships,2017-05-13,,,0.4,Outdoor,https://www.tfrrs.org/results/51891/3191904/Pac-12_Championships/Long-Jump,TFRRS all_performances
377,"Lopes, Lyndsey",USC,Big Ten,Long Jump,2017,SO-2,,,5.64,m,Pac-12 Championships,2017-05-13,,,1.7,Outdoor,https://www.tfrrs.org/results/51891/3191906/Pac-12_Championships/Long-Jump,TFRRS all_performances
378,"Lopes, Lyndsey",USC,Big Ten,Long Jump,2017,SO-2,,,5.67,m,Pac-12 Championships,2017-05-13,,,1.0,Outdoor,https://www.tfrrs.org/results/51891/3191906/Pac-12_Championships/Long-Jump,TFRRS all_performances
379,"Lopes, Lyndsey",USC,Big Ten,Long Jump,2017,SO-2,,,5.73,m,Pac-12 Championships,2017-05-13,,,0.8,Outdoor,https://www.tfrrs.org/results/51891/3191906/Pac-12_Championships/Long-Jump,TFRRS all_performances
380,"Lopes, Lyndsey",USC,Big Ten,Long Jump,2017,SO-2,,,5.79,m,Pac-12 Championships,2017-05-13,,,1.6,Outdoor,https://www.tfrrs.org/results/51891/3191906/Pac-12_Championships/Long-Jump,TFRRS all_performances
381,"Richards, Madisen",USC,Big Ten,Long Jump,2017,JR-3,,,5.56,m,Pac-12 Championships,2017-05-13,,,0.8,Outdoor,https://www.tfrrs.org/results/51891/3191906/Pac-12_Championships/Long-Jump,TFRRS all_performances
382,"Richards, Madisen",USC,Big Ten,Long Jump,2017,JR-3,,,5.73,m,Pac-12 Championships,2017-05-13,,,1.3,Outdoor,https://www.tfrrs.org/results/51891/3191906/Pac-12_Championships/Long-Jump,TFRRS all_performances
383,"Richards, Madisen",USC,Big Ten,Long Jump,2017,JR-3,,,5.76,m,Pac-12 Championships,2017-05-13,,,1.2,Outdoor,https://www.tfrrs.org/results/51891/3191906/Pac-12_Championships/Long-Jump,TFRRS all_performances
384,"Richards, Madisen",USC,Big Ten,Long Jump,2017,JR-3,,,5.82,m,Pac-12 Championships,2017-05-13,,,0.4,Outdoor,https://www.tfrrs.org/results/51891/3191906/Pac-12_Championships/Long-Jump,TFRRS all_performances
385,"Cockrell, Anna",USC,Big Ten,400H,2017,FR-1,,,56.37,seconds,NCAA Division I West Preliminary Round,2017-05-25,,,,Outdoor,https://www.tfrrs.org/results/51921/3197633/NCAA_Division_I_West_Preliminary_Round/400-Hurdles,TFRRS all_performances
386,"Cockrell, Anna",USC,Big Ten,400H,2017,FR-1,,,58.34,seconds,NCAA Division I West Preliminary Round,2017-05-25,,,,Outdoor,https://www.tfrrs.org/results/51921/3197633/NCAA_Division_I_West_Preliminary_Round/400-Hurdles,TFRRS all_performances
387,"Iuel, Amalie",USC,Big Ten,400H,2017,SR-4,,,56.87,seconds,NCAA Division I West Preliminary Round,2017-05-25,,,,Outdoor,https://www.tfrrs.org/results/51921/3197633/NCAA_Division_I_West_Preliminary_Round/400-Hurdles,TFRRS all_performances
388,"Iuel, Amalie",USC,Big Ten,400H,2017,SR-4,,,57.21,seconds,NCAA Division I West Preliminary Round,2017-05-25,,,,Outdoor,https://www.tfrrs.org/results/51921/3197633/NCAA_Division_I_West_Preliminary_Round/400-Hurdles,TFRRS all_performances
389,"Constantine, Kyra",USC,Big Ten,400m,2017,FR-1,,,54.37,seconds,NCAA Division I West Preliminary Round,2017-05-25,,,,Outdoor,https://www.tfrrs.org/results/51921/3197647/NCAA_Division_I_West_Preliminary_Round/400-Meters,TFRRS all_performances
390,"Ellis, Kendall",USC,Big Ten,400m,2017,JR-3,,,50.45,seconds,NCAA Division I West Preliminary Round,2017-05-25,,,,Outdoor,https://www.tfrrs.org/results/51921/3197647/NCAA_Division_I_West_Preliminary_Round/400-Meters,TFRRS all_performances
391,"Ellis, Kendall",USC,Big Ten,400m,2017,JR-3,,,52.45,seconds,NCAA Division I West Preliminary Round,2017-05-25,,,,Outdoor,https://www.tfrrs.org/results/51921/3197647/NCAA_Division_I_West_Preliminary_Round/400-Meters,TFRRS all_performances
392,"Pettigrew, Cameron",USC,Big Ten,400m,2017,SR-4,,,51.83,seconds,NCAA Division I West Preliminary Round,2017-05-25,,,,Outdoor,https://www.tfrrs.org/results/51921/3197647/NCAA_Division_I_West_Preliminary_Round/400-Meters,TFRRS all_performances
393,"Pettigrew, Cameron",USC,Big Ten,400m,2017,SR-4,,,52.55,seconds,NCAA Division I West Preliminary Round,2017-05-25,,,,Outdoor,https://www.tfrrs.org/results/51921/3197647/NCAA_Division_I_West_Preliminary_Round/400-Meters,TFRRS all_performances
394,"Richardson, Kayla",USC,Big Ten,400m,2017,FR-1,,,55.20,seconds,NCAA Division I West Preliminary Round,2017-05-25,,,,Outdoor,https://www.tfrrs.org/results/51921/3197647/NCAA_Division_I_West_Preliminary_Round/400-Meters,TFRRS all_performances
395,"Jones, Margaux",USC,Big Ten,Long Jump,2017,SO-2,,,6.16,m,NCAA Division I West Preliminary Round,2017-05-25,,,1.6,Outdoor,https://www.tfrrs.org/results/51921/3197644/NCAA_Division_I_West_Preliminary_Round/Long-Jump,TFRRS all_performances
396,"Richards, Madisen",USC,Big Ten,Long Jump,2017,JR-3,,,5.96,m,NCAA Division I West Preliminary Round,2017-05-25,,,1.7,Outdoor,https://www.tfrrs.org/results/51921/3197644/NCAA_Division_I_West_Preliminary_Round/Long-Jump,TFRRS all_performances
397,"Cockrell, Anna",USC,Big Ten,100H,2017,FR-1,,,12.89,seconds,NCAA Division I Outdoor Track & Field Championships,2017-06-07,,,0.2,Outdoor,https://www.tfrrs.org/results/51935/3199121/NCAA_Division_I_Outdoor_Track__Field_Championships/100-Hurdles,TFRRS all_performances
398,"Cockrell, Anna",USC,Big Ten,100H,2017,FR-1,,,12.91,seconds,NCAA Division I Outdoor Track & Field Championships,2017-06-07,,,1.6,Outdoor,https://www.tfrrs.org/results/51935/3199121/NCAA_Division_I_Outdoor_Track__Field_Championships/100-Hurdles,TFRRS all_performances
399,"Hall, Dior",USC,Big Ten,100H,2017,SO-2,,,12.82,seconds,NCAA Division I Outdoor Track & Field Championships,2017-06-07,,,1.6,Outdoor,https://www.tfrrs.org/results/51935/3199121/NCAA_Division_I_Outdoor_Track__Field_Championships/100-Hurdles,TFRRS all_performances
400,"Hall, Dior",USC,Big Ten,100H,2017,SO-2,,,13.02,seconds,NCAA Division I Outdoor Track & Field Championships,2017-06-07,,,-0.8,Outdoor,https://www.tfrrs.org/results/51935/3199121/NCAA_Division_I_Outdoor_Track__Field_Championships/100-Hurdles,TFRRS all_performances
401,"Cockrell, Anna",USC,Big Ten,400H,2017,FR-1,,,55.36,seconds,NCAA Division I Outdoor Track & Field Championships,2017-06-07,,,,Outdoor,https://www.tfrrs.org/results/51935/3199097/NCAA_Division_I_Outdoor_Track__Field_Championships/400-Hurdles,TFRRS all_performances
402,"Cockrell, Anna",USC,Big Ten,400H,2017,FR-1,,,55.64,seconds,NCAA Division I Outdoor Track & Field Championships,2017-06-07,,,,Outdoor,https://www.tfrrs.org/results/51935/3199097/NCAA_Division_I_Outdoor_Track__Field_Championships/400-Hurdles,TFRRS all_performances
403,"Iuel, Amalie",USC,Big Ten,400H,2017,SR-4,,,55.82,seconds,NCAA Division I Outdoor Track & Field Championships,2017-06-07,,,,Outdoor,https://www.tfrrs.org/results/51935/3199097/NCAA_Division_I_Outdoor_Track__Field_Championships/400-Hurdles,TFRRS all_performances
404,"Iuel, Amalie",USC,Big Ten,400H,2017,SR-4,,,55.84,seconds,NCAA Division I Outdoor Track & Field Championships,2017-06-07,,,,Outdoor,https://www.tfrrs.org/results/51935/3199097/NCAA_Division_I_Outdoor_Track__Field_Championships/400-Hurdles,TFRRS all_performances
405,"Ellis, Kendall",USC,Big Ten,400m,2017,JR-3,,,51.06,seconds,NCAA Division I Outdoor Track & Field Championships,2017-06-07,,,,Outdoor,https://www.tfrrs.org/results/51935/3199120/NCAA_Division_I_Outdoor_Track__Field_Championships/400-Meters,TFRRS all_performances
406,"Ellis, Kendall",USC,Big Ten,400m,2017,JR-3,,,51.80,seconds,NCAA Division I Outdoor Track & Field Championships,2017-06-07,,,,Outdoor,https://www.tfrrs.org/results/51935/3199120/NCAA_Division_I_Outdoor_Track__Field_Championships/400-Meters,TFRRS all_performances
407,"Pettigrew, Cameron",USC,Big Ten,400m,2017,SR-4,,,52.05,seconds,NCAA Division I Outdoor Track & Field Championships,2017-06-07,,,,Outdoor,https://www.tfrrs.org/results/51935/3199120/NCAA_Division_I_Outdoor_Track__Field_Championships/400-Meters,TFRRS all_performances
408,"Pettigrew, Cameron",USC,Big Ten,400m,2017,SR-4,,,52.52,seconds,NCAA Division I Outdoor Track & Field Championships,2017-06-07,,,,Outdoor,https://www.tfrrs.org/results/51935/3199120/NCAA_Division_I_Outdoor_Track__Field_Championships/400-Meters,TFRRS all_performances
409,"Mills, Darhian",Washington,Big Ten,100H,2017,FR-1,,,14.12,seconds,Trojan Invitational,2017-03-17,,,0.6,Outdoor,https://www.tfrrs.org/results/48842/3036916/Trojan_Invitational/100-Hurdles,TFRRS all_performances
410,"Mills, Darhian",Washington,Big Ten,400H,2017,FR-1,,,59.82,seconds,Trojan Invitational,2017-03-17,,,,Outdoor,https://www.tfrrs.org/results/48842/3036917/Trojan_Invitational/400-Hurdles,TFRRS all_performances
411,"Birkenfeld, Carolyn",Washington,Big Ten,400m,2017,JR-3,,,55.74,seconds,Trojan Invitational,2017-03-17,,,,Outdoor,https://www.tfrrs.org/results/48842/3036924/Trojan_Invitational/400-Meters,TFRRS all_performances
412,"Wade, Necy",Washington,Big Ten,400m,2017,JR-3,,,57.45,seconds,Trojan Invitational,2017-03-17,,,,Outdoor,https://www.tfrrs.org/results/48842/3036924/Trojan_Invitational/400-Meters,TFRRS all_performances
413,"Adler, Kate",Washington,Big Ten,Long Jump,2017,SR-4,,,5.27,m,Trojan Invitational,2017-03-17,,,-0.8,Outdoor,https://www.tfrrs.org/results/48842/3036918/Trojan_Invitational/Long-Jump,TFRRS all_performances
414,"Adler, Kate",Washington,Big Ten,Long Jump,2017,SR-4,,,5.52,m,Trojan Invitational,2017-03-17,,,-0.7,Outdoor,https://www.tfrrs.org/results/48842/3036918/Trojan_Invitational/Long-Jump,TFRRS all_performances
415,"Adler, Kate",Washington,Big Ten,Long Jump,2017,SR-4,,,5.55,m,Trojan Invitational,2017-03-17,,,-1.1,Outdoor,https://www.tfrrs.org/results/48842/3036918/Trojan_Invitational/Long-Jump,TFRRS all_performances
416,"Coker, Alanna",Washington,Big Ten,Long Jump,2017,SR-4,,,5.21,m,Trojan Invitational,2017-03-17,,,-0.3,Outdoor,https://www.tfrrs.org/results/48842/3036918/Trojan_Invitational/Long-Jump,TFRRS all_performances
417,"Lester, Carly",Washington,Big Ten,Long Jump,2017,SO-2,,,4.84,m,Trojan Invitational,2017-03-17,,,-0.7,Outdoor,https://www.tfrrs.org/results/48842/3036918/Trojan_Invitational/Long-Jump,TFRRS all_performances
418,"Lester, Carly",Washington,Big Ten,Long Jump,2017,SO-2,,,4.92,m,Trojan Invitational,2017-03-17,,,0.5,Outdoor,https://www.tfrrs.org/results/48842/3036918/Trojan_Invitational/Long-Jump,TFRRS all_performances
419,"Derby, Hannah",Washington,Big Ten,400m,2017,SO-2,,,55.83,seconds,Doris Heritage Distance Festival,2017-03-25,,,,Outdoor,https://www.tfrrs.org/results/49572/3057790/Doris_Heritage_Distance_Festival/400-Meters,TFRRS all_performances
420,"Eke, Chisom",Washington,Big Ten,400m,2017,FR-1,,,59.83,seconds,Doris Heritage Distance Festival,2017-03-25,,,,Outdoor,https://www.tfrrs.org/results/49572/3057790/Doris_Heritage_Distance_Festival/400-Meters,TFRRS all_performances
421,"Budinich, Ericka",Washington,Big Ten,Long Jump,2017,JR-3,,,3.94,m,Doris Heritage Distance Festival,2017-03-25,,,+0.0,Outdoor,https://www.tfrrs.org/results/49572/3057803/Doris_Heritage_Distance_Festival/Long-Jump,TFRRS all_performances
422,"Budinich, Ericka",Washington,Big Ten,Long Jump,2017,JR-3,,,4.43,m,Doris Heritage Distance Festival,2017-03-25,,,+0.0,Outdoor,https://www.tfrrs.org/results/49572/3057803/Doris_Heritage_Distance_Festival/Long-Jump,TFRRS all_performances
423,"Budinich, Ericka",Washington,Big Ten,Long Jump,2017,JR-3,,,4.67,m,Doris Heritage Distance Festival,2017-03-25,,,+0.0,Outdoor,https://www.tfrrs.org/results/49572/3057803/Doris_Heritage_Distance_Festival/Long-Jump,TFRRS all_performances
424,"Budinich, Ericka",Washington,Big Ten,Long Jump,2017,JR-3,,,5.05,m,Doris Heritage Distance Festival,2017-03-25,,,+0.0,Outdoor,https://www.tfrrs.org/results/49572/3057803/Doris_Heritage_Distance_Festival/Long-Jump,TFRRS all_performances
425,"Budinich, Ericka",Washington,Big Ten,Long Jump,2017,JR-3,,,5.12,m,Doris Heritage Distance Festival,2017-03-25,,,0.4,Outdoor,https://www.tfrrs.org/results/49572/3057803/Doris_Heritage_Distance_Festival/Long-Jump,TFRRS all_performances
426,"Jones-Toutant, Elinor",Washington,Big Ten,Long Jump,2017,FR-1,,,4.91,m,Doris Heritage Distance Festival,2017-03-25,,,+0.0,Outdoor,https://www.tfrrs.org/results/49572/3057803/Doris_Heritage_Distance_Festival/Long-Jump,TFRRS all_performances
427,"Jones-Toutant, Elinor",Washington,Big Ten,Long Jump,2017,FR-1,,,5.00,m,Doris Heritage Distance Festival,2017-03-25,,,0.2,Outdoor,https://www.tfrrs.org/results/49572/3057803/Doris_Heritage_Distance_Festival/Long-Jump,TFRRS all_performances
428,"Mills, Darhian",Washington,Big Ten,100H,2017,FR-1,,,14.25,seconds,2017 90th Clyde Littlefield Texas Relays,2017-03-29,,,1.7,Outdoor,https://www.tfrrs.org/results/48669/3075311/2017_90th_Clyde_Littlefield_Texas_Relays/100-Hurdles,TFRRS all_performances
429,"Mills, Darhian",Washington,Big Ten,400H,2017,FR-1,,,59.21,seconds,2017 90th Clyde Littlefield Texas Relays,2017-03-29,,,,Outdoor,https://www.tfrrs.org/results/48669/3075236/2017_90th_Clyde_Littlefield_Texas_Relays/400-Hurdles,TFRRS all_performances
430,"Lester, Carly",Washington,Big Ten,100H,2017,SO-2,,,15.02,seconds,Stanford Invitational,2017-03-31,,,-1.4,Outdoor,https://www.tfrrs.org/results/50496/3077226/Stanford_Invitational/100-Hurdles,TFRRS all_performances
431,"Lester, Carly",Washington,Big Ten,400H,2017,SO-2,,,1:01.78,seconds,Stanford Invitational,2017-03-31,,,,Outdoor,https://www.tfrrs.org/results/50496/3077209/Stanford_Invitational/400-Hurdles,TFRRS all_performances
432,"Birkenfeld, Carolyn",Washington,Big Ten,400m,2017,JR-3,,,57.64,seconds,Stanford Invitational,2017-03-31,,,,Outdoor,https://www.tfrrs.org/results/50496/3077244/Stanford_Invitational/400-Meters,TFRRS all_performances
433,"Diggs, Whitney",Washington,Big Ten,400m,2017,SR-4,,,56.38,seconds,Stanford Invitational,2017-03-31,,,,Outdoor,https://www.tfrrs.org/results/50496/3077244/Stanford_Invitational/400-Meters,TFRRS all_performances
434,"Adler, Kate",Washington,Big Ten,Long Jump,2017,SR-4,,,5.54,m,Stanford Invitational,2017-03-31,,,0.1,Outdoor,https://www.tfrrs.org/results/50496/3077238/Stanford_Invitational/Long-Jump,TFRRS all_performances
435,"Lester, Carly",Washington,Big Ten,100H,2017,SO-2,,,15.11,seconds,Mt. SAC Relays/CA Invitational Multi Events,2017-04-12,,,+0.0,Outdoor,https://www.tfrrs.org/results/48974/3124428/Mt_SAC_Relays_CA_Invitational_Multi_Events/100-Hurdles,TFRRS all_performances
436,"Lester, Carly",Washington,Big Ten,Long Jump,2017,SO-2,,,4.89,m,Mt. SAC Relays/CA Invitational Multi Events,2017-04-12,,,+0.0,Outdoor,https://www.tfrrs.org/results/48974/3124432/Mt_SAC_Relays_CA_Invitational_Multi_Events/Long-Jump,TFRRS all_performances
437,"Lester, Carly",Washington,Big Ten,Long Jump,2017,SO-2,,,5.03,m,Mt. SAC Relays/CA Invitational Multi Events,2017-04-12,,,1.6,Outdoor,https://www.tfrrs.org/results/48974/3124432/Mt_SAC_Relays_CA_Invitational_Multi_Events/Long-Jump,TFRRS all_performances
438,"Mills, Darhian",Washington,Big Ten,100H,2017,FR-1,,,14.11,seconds,Mt. SAC Relays,2017-04-13,,,0.7,Outdoor,https://www.tfrrs.org/results/51129/3123056/Mt_SAC_Relays/100-Hurdles,TFRRS all_performances
439,"Mills, Darhian",Washington,Big Ten,400H,2017,FR-1,,,58.89,seconds,Mt. SAC Relays,2017-04-13,,,,Outdoor,https://www.tfrrs.org/results/51129/3123027/Mt_SAC_Relays/400-Hurdles,TFRRS all_performances
440,"Anuakpado, Laura",Washington,Big Ten,400m,2017,SR-4,,,54.25,seconds,Mt. SAC Relays,2017-04-13,,,,Outdoor,https://www.tfrrs.org/results/51129/3123154/Mt_SAC_Relays/400-Meters,TFRRS all_performances
441,"Birkenfeld, Carolyn",Washington,Big Ten,400m,2017,JR-3,,,55.89,seconds,Beach Invitational,2017-04-14,,,,Outdoor,https://www.tfrrs.org/results/51137/3123791/Beach_Invitational/400-Meters,TFRRS all_performances
442,"Diggs, Whitney",Washington,Big Ten,400m,2017,SR-4,,,55.66,seconds,Beach Invitational,2017-04-14,,,,Outdoor,https://www.tfrrs.org/results/51137/3123791/Beach_Invitational/400-Meters,TFRRS all_performances
443,"Adler, Kate",Washington,Big Ten,Long Jump,2017,SR-4,,,5.18,m,Beach Invitational,2017-04-14,,,+0.0,Outdoor,https://www.tfrrs.org/results/51137/3123780/Beach_Invitational/Long-Jump,TFRRS all_performances
444,"Adler, Kate",Washington,Big Ten,Long Jump,2017,SR-4,,,5.36,m,Beach Invitational,2017-04-14,,,+0.0,Outdoor,https://www.tfrrs.org/results/51137/3123780/Beach_Invitational/Long-Jump,TFRRS all_performances
445,"Jones-Toutant, Elinor",Washington,Big Ten,100H,2017,FR-1,,,16.33,seconds,2017 UW v. WSU Dual,2017-04-23,,,-0.4,Outdoor,https://www.tfrrs.org/results/50424/3146215/2017_UW_v_WSU_Dual_/100-Hurdles,TFRRS all_performances
446,"Lester, Carly",Washington,Big Ten,100H,2017,SO-2,,,14.81,seconds,2017 UW v. WSU Dual,2017-04-23,,,-0.4,Outdoor,https://www.tfrrs.org/results/50424/3146215/2017_UW_v_WSU_Dual_/100-Hurdles,TFRRS all_performances
447,"Mills, Darhian",Washington,Big Ten,100H,2017,FR-1,,,14.08,seconds,2017 UW v. WSU Dual,2017-04-23,,,-0.4,Outdoor,https://www.tfrrs.org/results/50424/3146215/2017_UW_v_WSU_Dual_/100-Hurdles,TFRRS all_performances
448,"Lester, Carly",Washington,Big Ten,400H,2017,SO-2,,,1:02.76,seconds,2017 UW v. WSU Dual,2017-04-23,,,,Outdoor,https://www.tfrrs.org/results/50424/3146223/2017_UW_v_WSU_Dual_/400-Hurdles,TFRRS all_performances
449,"Mills, Darhian",Washington,Big Ten,400H,2017,FR-1,,,1:00.72,seconds,2017 UW v. WSU Dual,2017-04-23,,,,Outdoor,https://www.tfrrs.org/results/50424/3146223/2017_UW_v_WSU_Dual_/400-Hurdles,TFRRS all_performances
450,"Anuakpado, Laura",Washington,Big Ten,400m,2017,SR-4,,,53.72,seconds,2017 UW v. WSU Dual,2017-04-23,,,,Outdoor,https://www.tfrrs.org/results/50424/3146230/2017_UW_v_WSU_Dual_/400-Meters,TFRRS all_performances
451,"Apostol, Imani",Washington,Big Ten,400m,2017,SO-2,,,56.57,seconds,2017 UW v. WSU Dual,2017-04-23,,,,Outdoor,https://www.tfrrs.org/results/50424/3146230/2017_UW_v_WSU_Dual_/400-Meters,TFRRS all_performances
452,"Birkenfeld, Carolyn",Washington,Big Ten,400m,2017,JR-3,,,56.30,seconds,2017 UW v. WSU Dual,2017-04-23,,,,Outdoor,https://www.tfrrs.org/results/50424/3146230/2017_UW_v_WSU_Dual_/400-Meters,TFRRS all_performances
453,"Diggs, Whitney",Washington,Big Ten,400m,2017,SR-4,,,55.55,seconds,2017 UW v. WSU Dual,2017-04-23,,,,Outdoor,https://www.tfrrs.org/results/50424/3146230/2017_UW_v_WSU_Dual_/400-Meters,TFRRS all_performances
454,"Adler, Kate",Washington,Big Ten,Long Jump,2017,SR-4,,,5.22,m,2017 UW v. WSU Dual,2017-04-23,,,-0.2,Outdoor,https://www.tfrrs.org/results/50424/3146205/2017_UW_v_WSU_Dual_/Long-Jump,TFRRS all_performances
455,"Adler, Kate",Washington,Big Ten,Long Jump,2017,SR-4,,,5.50,m,2017 UW v. WSU Dual,2017-04-23,,,-0.9,Outdoor,https://www.tfrrs.org/results/50424/3146205/2017_UW_v_WSU_Dual_/Long-Jump,TFRRS all_performances
456,"Adler, Kate",Washington,Big Ten,Long Jump,2017,SR-4,,,5.54,m,2017 UW v. WSU Dual,2017-04-23,,,+0.0,Outdoor,https://www.tfrrs.org/results/50424/3146205/2017_UW_v_WSU_Dual_/Long-Jump,TFRRS all_performances
457,"Adler, Kate",Washington,Big Ten,Long Jump,2017,SR-4,,,5.62,m,2017 UW v. WSU Dual,2017-04-23,,,0.3,Outdoor,https://www.tfrrs.org/results/50424/3146205/2017_UW_v_WSU_Dual_/Long-Jump,TFRRS all_performances
458,"Adler, Kate",Washington,Big Ten,Long Jump,2017,SR-4,,,5.63,m,2017 UW v. WSU Dual,2017-04-23,,,-0.6,Outdoor,https://www.tfrrs.org/results/50424/3146205/2017_UW_v_WSU_Dual_/Long-Jump,TFRRS all_performances
459,"Bouyer, Kennadi",Washington,Big Ten,Long Jump,2017,SR-4,,,5.68,m,2017 UW v. WSU Dual,2017-04-23,,,-1.6,Outdoor,https://www.tfrrs.org/results/50424/3146205/2017_UW_v_WSU_Dual_/Long-Jump,TFRRS all_performances
460,"Bouyer, Kennadi",Washington,Big Ten,Long Jump,2017,SR-4,,,5.81,m,2017 UW v. WSU Dual,2017-04-23,,,-0.5,Outdoor,https://www.tfrrs.org/results/50424/3146205/2017_UW_v_WSU_Dual_/Long-Jump,TFRRS all_performances
461,"Bouyer, Kennadi",Washington,Big Ten,Long Jump,2017,SR-4,,,5.89,m,2017 UW v. WSU Dual,2017-04-23,,,-0.9,Outdoor,https://www.tfrrs.org/results/50424/3146205/2017_UW_v_WSU_Dual_/Long-Jump,TFRRS all_performances
462,"Budinich, Ericka",Washington,Big Ten,Long Jump,2017,JR-3,,,4.99,m,2017 UW v. WSU Dual,2017-04-23,,,+0.0,Outdoor,https://www.tfrrs.org/results/50424/3146205/2017_UW_v_WSU_Dual_/Long-Jump,TFRRS all_performances
463,"Jones-Toutant, Elinor",Washington,Big Ten,Long Jump,2017,FR-1,,,4.74,m,2017 UW v. WSU Dual,2017-04-23,,,-0.6,Outdoor,https://www.tfrrs.org/results/50424/3146205/2017_UW_v_WSU_Dual_/Long-Jump,TFRRS all_performances
464,"Jones-Toutant, Elinor",Washington,Big Ten,Long Jump,2017,FR-1,,,4.85,m,2017 UW v. WSU Dual,2017-04-23,,,-0.8,Outdoor,https://www.tfrrs.org/results/50424/3146205/2017_UW_v_WSU_Dual_/Long-Jump,TFRRS all_performances
465,"Lester, Carly",Washington,Big Ten,100H,2017,SO-2,,,14.82,seconds,Oregon State University High Performance,2017-04-28,,,+0.0,Outdoor,https://www.tfrrs.org/results/48540/3162683/Oregon_State_University_High_Performance/100-Hurdles,TFRRS all_performances
466,"Mills, Darhian",Washington,Big Ten,100H,2017,FR-1,,,14.35,seconds,Oregon State University High Performance,2017-04-28,,,+0.0,Outdoor,https://www.tfrrs.org/results/48540/3162683/Oregon_State_University_High_Performance/100-Hurdles,TFRRS all_performances
467,"Lester, Carly",Washington,Big Ten,400H,2017,SO-2,,,1:00.66,seconds,Oregon State University High Performance,2017-04-28,,,,Outdoor,https://www.tfrrs.org/results/48540/3162700/Oregon_State_University_High_Performance/400-Hurdles,TFRRS all_performances
468,"Mills, Darhian",Washington,Big Ten,400H,2017,FR-1,,,58.84,seconds,Oregon State University High Performance,2017-04-28,,,,Outdoor,https://www.tfrrs.org/results/48540/3162700/Oregon_State_University_High_Performance/400-Hurdles,TFRRS all_performances
469,"Birkenfeld, Carolyn",Washington,Big Ten,400m,2017,JR-3,,,57.03,seconds,Oregon State University High Performance,2017-04-28,,,,Outdoor,https://www.tfrrs.org/results/48540/3162694/Oregon_State_University_High_Performance/400-Meters,TFRRS all_performances
470,"Diggs, Whitney",Washington,Big Ten,400m,2017,SR-4,,,55.88,seconds,Oregon State University High Performance,2017-04-28,,,,Outdoor,https://www.tfrrs.org/results/48540/3162694/Oregon_State_University_High_Performance/400-Meters,TFRRS all_performances
471,"Apostol, Imani",Washington,Big Ten,400m,2017,SO-2,,,55.23,seconds,2017 Ken Shannon Invitational,2017-05-05,,,,Outdoor,https://www.tfrrs.org/results/50368/3178301/2017_Ken_Shannon_Invitational/400-Meters,TFRRS all_performances
472,"Eke, Chisom",Washington,Big Ten,400m,2017,FR-1,,,58.29,seconds,2017 Ken Shannon Invitational,2017-05-05,,,,Outdoor,https://www.tfrrs.org/results/50368/3178301/2017_Ken_Shannon_Invitational/400-Meters,TFRRS all_performances
473,"Adler, Kate",Washington,Big Ten,Long Jump,2017,SR-4,,,5.32,m,2017 Ken Shannon Invitational,2017-05-05,,,0.9,Outdoor,https://www.tfrrs.org/results/50368/3178276/2017_Ken_Shannon_Invitational/Long-Jump,TFRRS all_performances
474,"Adler, Kate",Washington,Big Ten,Long Jump,2017,SR-4,,,5.39,m,2017 Ken Shannon Invitational,2017-05-05,,,0.5,Outdoor,https://www.tfrrs.org/results/50368/3178276/2017_Ken_Shannon_Invitational/Long-Jump,TFRRS all_performances
475,"Adler, Kate",Washington,Big Ten,Long Jump,2017,SR-4,,,5.57,m,2017 Ken Shannon Invitational,2017-05-05,,,1.4,Outdoor,https://www.tfrrs.org/results/50368/3178276/2017_Ken_Shannon_Invitational/Long-Jump,TFRRS all_performances
476,"Bouyer, Kennadi",Washington,Big Ten,Long Jump,2017,SR-4,,,2.19,m,2017 Ken Shannon Invitational,2017-05-05,,,0.6,Outdoor,https://www.tfrrs.org/results/50368/3178276/2017_Ken_Shannon_Invitational/Long-Jump,TFRRS all_performances
477,"Bouyer, Kennadi",Washington,Big Ten,Long Jump,2017,SR-4,,,5.56,m,2017 Ken Shannon Invitational,2017-05-05,,,0.3,Outdoor,https://www.tfrrs.org/results/50368/3178276/2017_Ken_Shannon_Invitational/Long-Jump,TFRRS all_performances
478,"Bouyer, Kennadi",Washington,Big Ten,Long Jump,2017,SR-4,,,5.72,m,2017 Ken Shannon Invitational,2017-05-05,,,1.1,Outdoor,https://www.tfrrs.org/results/50368/3178276/2017_Ken_Shannon_Invitational/Long-Jump,TFRRS all_performances
479,"Budinich, Ericka",Washington,Big Ten,Long Jump,2017,JR-3,,,4.92,m,2017 Ken Shannon Invitational,2017-05-05,,,1.0,Outdoor,https://www.tfrrs.org/results/50368/3178276/2017_Ken_Shannon_Invitational/Long-Jump,TFRRS all_performances
480,"Budinich, Ericka",Washington,Big Ten,Long Jump,2017,JR-3,,,5.10,m,2017 Ken Shannon Invitational,2017-05-05,,,1.0,Outdoor,https://www.tfrrs.org/results/50368/3178276/2017_Ken_Shannon_Invitational/Long-Jump,TFRRS all_performances
481,"Budinich, Ericka",Washington,Big Ten,Long Jump,2017,JR-3,,,5.11,m,2017 Ken Shannon Invitational,2017-05-05,,,1.0,Outdoor,https://www.tfrrs.org/results/50368/3178276/2017_Ken_Shannon_Invitational/Long-Jump,TFRRS all_performances
482,"Mills, Darhian",Washington,Big Ten,400H,2017,FR-1,,,58.77,seconds,Pac-12 Championships,2017-05-13,,,,Outdoor,https://www.tfrrs.org/results/51891/3191873/Pac-12_Championships/400-Hurdles,TFRRS all_performances
483,"Mills, Darhian",Washington,Big Ten,400H,2017,FR-1,,,59.63,seconds,Pac-12 Championships,2017-05-13,,,,Outdoor,https://www.tfrrs.org/results/51891/3191873/Pac-12_Championships/400-Hurdles,TFRRS all_performances
484,"Anuakpado, Laura",Washington,Big Ten,400m,2017,SR-4,,,54.69,seconds,Pac-12 Championships,2017-05-13,,,,Outdoor,https://www.tfrrs.org/results/51891/3191894/Pac-12_Championships/400-Meters,TFRRS all_performances
485,"Apostol, Imani",Washington,Big Ten,400m,2017,SO-2,,,55.29,seconds,Pac-12 Championships,2017-05-13,,,,Outdoor,https://www.tfrrs.org/results/51891/3191894/Pac-12_Championships/400-Meters,TFRRS all_performances
486,"Birkenfeld, Carolyn",Washington,Big Ten,400m,2017,JR-3,,,58.19,seconds,Pac-12 Championships,2017-05-13,,,,Outdoor,https://www.tfrrs.org/results/51891/3191894/Pac-12_Championships/400-Meters,TFRRS all_performances
487,"Diggs, Whitney",Washington,Big Ten,400m,2017,SR-4,,,56.55,seconds,Pac-12 Championships,2017-05-13,,,,Outdoor,https://www.tfrrs.org/results/51891/3191894/Pac-12_Championships/400-Meters,TFRRS all_performances
488,"Bouyer, Kennadi",Washington,Big Ten,Long Jump,2017,SR-4,,,5.09,m,Pac-12 Championships,2017-05-13,,,1.9,Outdoor,https://www.tfrrs.org/results/51891/3191906/Pac-12_Championships/Long-Jump,TFRRS all_performances
489,"Bouyer, Kennadi",Washington,Big Ten,Long Jump,2017,SR-4,,,5.55,m,Pac-12 Championships,2017-05-13,,,1.5,Outdoor,https://www.tfrrs.org/results/51891/3191906/Pac-12_Championships/Long-Jump,TFRRS all_performances
490,"Mills, Darhian",Washington,Big Ten,400H,2017,FR-1,,,59.33,seconds,NCAA Division I West Preliminary Round,2017-05-25,,,,Outdoor,https://www.tfrrs.org/results/51921/3197633/NCAA_Division_I_West_Preliminary_Round/400-Hurdles,TFRRS all_performances
491,"Mills, Darhian",Washington,Big Ten,400H,2017,FR-1,,,59.82,seconds,NCAA Division I West Preliminary Round,2017-05-25,,,,Outdoor,https://www.tfrrs.org/results/51921/3197633/NCAA_Division_I_West_Preliminary_Round/400-Hurdles,TFRRS all_performances
492,"Anuakpado, Laura",Washington,Big Ten,400m,2017,SR-4,,,53.00,seconds,NCAA Division I West Preliminary Round,2017-05-25,,,,Outdoor,https://www.tfrrs.org/results/51921/3197647/NCAA_Division_I_West_Preliminary_Round/400-Meters,TFRRS all_performances
493,"Anuakpado, Laura",Washington,Big Ten,400m,2017,SR-4,,,53.73,seconds,NCAA Division I West Preliminary Round,2017-05-25,,,,Outdoor,https://www.tfrrs.org/results/51921/3197647/NCAA_Division_I_West_Preliminary_Round/400-Meters,TFRRS all_performances
494,"Anuakpado, Laura",Washington,Big Ten,400m,2017,SR-4,,,54.81,seconds,NCAA Division I Outdoor Track & Field Championships,2017-06-07,,,,Outdoor,https://www.tfrrs.org/results/51935/3199120/NCAA_Division_I_Outdoor_Track__Field_Championships/400-Meters,TFRRS all_performances
