index,athlete,school,conference,event,season,class_year,birth_date,age_at_meet,performance,unit,meet,meet_date,round,place,wind,indoor_outdoor,source_url,data_status
0,"Aduma, Amira",Illinois,Big Ten,400H,2021,JR-3,,,1:13.13,seconds,Big Ten Invite #1,2021-03-26,,,,Outdoor,https://www.tfrrs.org/results/67820/4148913/Big_Ten_Invite_1/400-Hurdles,TFRRS all_performances
1,"Stoughton, Danni",Illinois,Big Ten,400m,2021,FR-1,,,57.93,seconds,Big Ten Invite #1,2021-03-26,,,,Outdoor,https://www.tfrrs.org/results/67820/4148921/Big_Ten_Invite_1/400-Meters,TFRRS all_performances
2,"Nguyen, Nicole",Illinois,Big Ten,Long Jump,2021,FR-1,,,5.40,m,Big Ten Invite #1,2021-03-26,,,1.1,Outdoor,https://www.tfrrs.org/results/67820/4148904/Big_Ten_Invite_1/Long-Jump,TFRRS all_performances
3,"Nguyen, Nicole",Illinois,Big Ten,Long Jump,2021,FR-1,,,5.64,m,Big Ten Invite #1,2021-03-26,,,1.5,Outdoor,https://www.tfrrs.org/results/67820/4148904/Big_Ten_Invite_1/Long-Jump,TFRRS all_performances
4,"McDowell, Jessica",Illinois,Big Ten,400m,2021,FR-1,,,55.30,seconds,2021 B1G North Florida Invitational,2021-04-02,,,,Outdoor,https://www.tfrrs.org/results/68310/4169314/2021_B1G_North_Florida_Invitational_/400-Meters,TFRRS all_performances
5,"Nwoko, Chisom",Illinois,Big Ten,400m,2021,SR-4,,,57.51,seconds,2021 B1G North Florida Invitational,2021-04-02,,,,Outdoor,https://www.tfrrs.org/results/68310/4169319/2021_B1G_North_Florida_Invitational_/400-Meters,TFRRS all_performances
6,"Phillips, Felicia",Illinois,Big Ten,400m,2021,SR-4,,,56.86,seconds,2021 B1G North Florida Invitational,2021-04-02,,,,Outdoor,https://www.tfrrs.org/results/68310/4169314/2021_B1G_North_Florida_Invitational_/400-Meters,TFRRS all_performances
7,"Stoughton, Danni",Illinois,Big Ten,400m,2021,FR-1,,,59.89,seconds,2021 B1G North Florida Invitational,2021-04-02,,,,Outdoor,https://www.tfrrs.org/results/68310/4169314/2021_B1G_North_Florida_Invitational_/400-Meters,TFRRS all_performances
8,"Nguyen, Nicole",Illinois,Big Ten,Long Jump,2021,FR-1,,,5.41,m,2021 B1G North Florida Invitational,2021-04-02,,,1.0,Outdoor,https://www.tfrrs.org/results/68310/4169322/2021_B1G_North_Florida_Invitational_/Long-Jump,TFRRS all_performances
9,"Aduma, Amira",Illinois,Big Ten,400H,2021,JR-3,,,1:00.27,seconds,Big Ten Invite #2,2021-04-09,,,,Outdoor,https://www.tfrrs.org/results/67821/4183510/Big_Ten_Invite_2/400-Hurdles,TFRRS all_performances
10,"Franklin, Jessica",Illinois,Big Ten,400H,2021,FR-1,,,59.35,seconds,Big Ten Invite #2,2021-04-09,,,,Outdoor,https://www.tfrrs.org/results/67821/4183510/Big_Ten_Invite_2/400-Hurdles,TFRRS all_performances
11,"Nwoko, Chisom",Illinois,Big Ten,400m,2021,SR-4,,,55.72,seconds,Big Ten Invite #2,2021-04-09,,,,Outdoor,https://www.tfrrs.org/results/67821/4183521/Big_Ten_Invite_2/400-Meters,TFRRS all_performances
12,"Stoughton, Danni",Illinois,Big Ten,400m,2021,FR-1,,,57.61,seconds,Big Ten Invite #2,2021-04-09,,,,Outdoor,https://www.tfrrs.org/results/67821/4183521/Big_Ten_Invite_2/400-Meters,TFRRS all_performances
13,"Carr, Nya",Illinois,Big Ten,Long Jump,2021,SO-2,,,5.26,m,Big Ten Invite #2,2021-04-09,,,1.3,Outdoor,https://www.tfrrs.org/results/67821/4183497/Big_Ten_Invite_2/Long-Jump,TFRRS all_performances
14,"Carr, Nya",Illinois,Big Ten,Long Jump,2021,SO-2,,,5.69,m,Big Ten Invite #2,2021-04-09,,,-0.8,Outdoor,https://www.tfrrs.org/results/67821/4183497/Big_Ten_Invite_2/Long-Jump,TFRRS all_performances
15,"Carr, Nya",Illinois,Big Ten,Long Jump,2021,SO-2,,,5.77,m,Big Ten Invite #2,2021-04-09,,,1.5,Outdoor,https://www.tfrrs.org/results/67821/4183497/Big_Ten_Invite_2/Long-Jump,TFRRS all_performances
16,"Carr, Nya",Illinois,Big Ten,Long Jump,2021,SO-2,,,5.86,m,Big Ten Invite #2,2021-04-09,,,1.8,Outdoor,https://www.tfrrs.org/results/67821/4183497/Big_Ten_Invite_2/Long-Jump,TFRRS all_performances
17,"Oliver, Olivia",Illinois,Big Ten,Long Jump,2021,SO-2,,,4.94,m,Big Ten Invite #2,2021-04-09,,,0.5,Outdoor,https://www.tfrrs.org/results/67821/4183497/Big_Ten_Invite_2/Long-Jump,TFRRS all_performances
18,"Seay, Maya",Illinois,Big Ten,100H,2021,SR-4,,,14.86,seconds,Husker Big 10 Invite,2021-04-16,,,-1.0,Outdoor,https://www.tfrrs.org/results/68125/4208783/Husker_Big_10_Invite/100-Hurdles,TFRRS all_performances
19,"Aduma, Amira",Illinois,Big Ten,400H,2021,JR-3,,,1:02.17,seconds,Husker Big 10 Invite,2021-04-16,,,,Outdoor,https://www.tfrrs.org/results/68125/4208825/Husker_Big_10_Invite/400-Hurdles,TFRRS all_performances
20,"Franklin, Jessica",Illinois,Big Ten,400H,2021,FR-1,,,1:00.38,seconds,Husker Big 10 Invite,2021-04-16,,,,Outdoor,https://www.tfrrs.org/results/68125/4208825/Husker_Big_10_Invite/400-Hurdles,TFRRS all_performances
21,"McDowell, Jessica",Illinois,Big Ten,400m,2021,FR-1,,,53.71,seconds,Husker Big 10 Invite,2021-04-16,,,,Outdoor,https://www.tfrrs.org/results/68125/4208815/Husker_Big_10_Invite/400-Meters,TFRRS all_performances
22,"Nwoko, Chisom",Illinois,Big Ten,400m,2021,SR-4,,,57.56,seconds,Husker Big 10 Invite,2021-04-16,,,,Outdoor,https://www.tfrrs.org/results/68125/4208815/Husker_Big_10_Invite/400-Meters,TFRRS all_performances
23,"Phillips, Felicia",Illinois,Big Ten,400m,2021,SR-4,,,56.59,seconds,Husker Big 10 Invite,2021-04-16,,,,Outdoor,https://www.tfrrs.org/results/68125/4208815/Husker_Big_10_Invite/400-Meters,TFRRS all_performances
24,"Stoughton, Danni",Illinois,Big Ten,400m,2021,FR-1,,,58.06,seconds,Husker Big 10 Invite,2021-04-16,,,,Outdoor,https://www.tfrrs.org/results/68125/4208815/Husker_Big_10_Invite/400-Meters,TFRRS all_performances
25,"Aduma, Amira",Illinois,Big Ten,Long Jump,2021,JR-3,,,5.69,m,Husker Big 10 Invite,2021-04-16,,,+0.0,Outdoor,https://www.tfrrs.org/results/68125/4208811/Husker_Big_10_Invite/Long-Jump,TFRRS all_performances
26,"Aduma, Amira",Illinois,Big Ten,Long Jump,2021,JR-3,,,5.83,m,Husker Big 10 Invite,2021-04-16,,,+0.0,Outdoor,https://www.tfrrs.org/results/68125/4208811/Husker_Big_10_Invite/Long-Jump,TFRRS all_performances
27,"Aduma, Amira",Illinois,Big Ten,Long Jump,2021,JR-3,,,5.95,m,Husker Big 10 Invite,2021-04-16,,,+0.0,Outdoor,https://www.tfrrs.org/results/68125/4208811/Husker_Big_10_Invite/Long-Jump,TFRRS all_performances
28,"Carr, Nya",Illinois,Big Ten,Long Jump,2021,SO-2,,,5.71,m,Husker Big 10 Invite,2021-04-16,,,+0.0,Outdoor,https://www.tfrrs.org/results/68125/4208811/Husker_Big_10_Invite/Long-Jump,TFRRS all_performances
29,"Carr, Nya",Illinois,Big Ten,Long Jump,2021,SO-2,,,5.80,m,Husker Big 10 Invite,2021-04-16,,,+0.0,Outdoor,https://www.tfrrs.org/results/68125/4208811/Husker_Big_10_Invite/Long-Jump,TFRRS all_performances
30,"Carr, Nya",Illinois,Big Ten,Long Jump,2021,SO-2,,,5.84,m,Husker Big 10 Invite,2021-04-16,,,+0.0,Outdoor,https://www.tfrrs.org/results/68125/4208811/Husker_Big_10_Invite/Long-Jump,TFRRS all_performances
31,"Franklin, Jessica",Illinois,Big Ten,Long Jump,2021,FR-1,,,5.57,m,Husker Big 10 Invite,2021-04-16,,,0.1,Outdoor,https://www.tfrrs.org/results/68125/4208811/Husker_Big_10_Invite/Long-Jump,TFRRS all_performances
32,"Osborne, Camille",Illinois,Big Ten,Long Jump,2021,SO-2,,,5.40,m,Husker Big 10 Invite,2021-04-16,,,-0.2,Outdoor,https://www.tfrrs.org/results/68125/4208811/Husker_Big_10_Invite/Long-Jump,TFRRS all_performances
33,"Franklin, Jessica",Illinois,Big Ten,100H,2021,FR-1,,,14.60,seconds,Fighting Illini Big Ten Relays,2021-04-23,,,1.8,Outdoor,https://www.tfrrs.org/results/69823/4225387/Fighting_Illini_Big_Ten_Relays/100-Hurdles,TFRRS all_performances
34,"Seay, Maya",Illinois,Big Ten,100H,2021,SR-4,,,14.63,seconds,Fighting Illini Big Ten Relays,2021-04-23,,,0.5,Outdoor,https://www.tfrrs.org/results/69823/4225387/Fighting_Illini_Big_Ten_Relays/100-Hurdles,TFRRS all_performances
35,"Franklin, Jessica",Illinois,Big Ten,400H,2021,FR-1,,,58.99,seconds,Fighting Illini Big Ten Relays,2021-04-23,,,,Outdoor,https://www.tfrrs.org/results/69823/4225369/Fighting_Illini_Big_Ten_Relays/400-Hurdles,TFRRS all_performances
36,"McDowell, Jessica",Illinois,Big Ten,400m,2021,FR-1,,,54.28,seconds,Fighting Illini Big Ten Relays,2021-04-23,,,,Outdoor,https://www.tfrrs.org/results/69823/4225385/Fighting_Illini_Big_Ten_Relays/400-Meters,TFRRS all_performances
37,"Phillips, Felicia",Illinois,Big Ten,400m,2021,SR-4,,,58.30,seconds,Fighting Illini Big Ten Relays,2021-04-23,,,,Outdoor,https://www.tfrrs.org/results/69823/4225385/Fighting_Illini_Big_Ten_Relays/400-Meters,TFRRS all_performances
38,"Stoughton, Danni",Illinois,Big Ten,400m,2021,FR-1,,,59.02,seconds,Fighting Illini Big Ten Relays,2021-04-23,,,,Outdoor,https://www.tfrrs.org/results/69823/4225385/Fighting_Illini_Big_Ten_Relays/400-Meters,TFRRS all_performances
39,"Carr, Nya",Illinois,Big Ten,Long Jump,2021,SO-2,,,4.62,m,Fighting Illini Big Ten Relays,2021-04-23,,,2.0,Outdoor,https://www.tfrrs.org/results/69823/4225389/Fighting_Illini_Big_Ten_Relays/Long-Jump,TFRRS all_performances
40,"Carr, Nya",Illinois,Big Ten,Long Jump,2021,SO-2,,,5.42,m,Fighting Illini Big Ten Relays,2021-04-23,,,1.5,Outdoor,https://www.tfrrs.org/results/69823/4225389/Fighting_Illini_Big_Ten_Relays/Long-Jump,TFRRS all_performances
41,"Franklin, Jessica",Illinois,Big Ten,Long Jump,2021,FR-1,,,5.41,m,Fighting Illini Big Ten Relays,2021-04-23,,,0.2,Outdoor,https://www.tfrrs.org/results/69823/4225394/Fighting_Illini_Big_Ten_Relays/Long-Jump,TFRRS all_performances
42,"Franklin, Jessica",Illinois,Big Ten,Long Jump,2021,FR-1,,,5.57,m,Fighting Illini Big Ten Relays,2021-04-23,,,1.8,Outdoor,https://www.tfrrs.org/results/69823/4225394/Fighting_Illini_Big_Ten_Relays/Long-Jump,TFRRS all_performances
43,"Osborne, Camille",Illinois,Big Ten,Long Jump,2021,SO-2,,,5.22,m,Fighting Illini Big Ten Relays,2021-04-23,,,1.6,Outdoor,https://www.tfrrs.org/results/69823/4225394/Fighting_Illini_Big_Ten_Relays/Long-Jump,TFRRS all_performances
44,"Franklin, Jessica",Illinois,Big Ten,100H,2021,FR-1,,,14.72,seconds,M City Classic,2021-04-30,,,-0.4,Outdoor,https://www.tfrrs.org/results/69500/4241447/M_City_Classic/100-Hurdles,TFRRS all_performances
45,"Franklin, Jessica",Illinois,Big Ten,100H,2021,FR-1,,,14.72,seconds,M City Classic,2021-04-30,,,-0.4,Outdoor,https://www.tfrrs.org/results/69500/4241447/M_City_Classic/100-Hurdles,TFRRS all_performances
46,"Seay, Maya",Illinois,Big Ten,100H,2021,SR-4,,,14.03,seconds,M City Classic,2021-04-30,,,-0.4,Outdoor,https://www.tfrrs.org/results/69500/4241447/M_City_Classic/100-Hurdles,TFRRS all_performances
47,"Seay, Maya",Illinois,Big Ten,100H,2021,SR-4,,,14.20,seconds,M City Classic,2021-04-30,,,-0.4,Outdoor,https://www.tfrrs.org/results/69500/4241447/M_City_Classic/100-Hurdles,TFRRS all_performances
48,"McDowell, Jessica",Illinois,Big Ten,400m,2021,FR-1,,,53.37,seconds,M City Classic,2021-04-30,,,,Outdoor,https://www.tfrrs.org/results/69500/4241454/M_City_Classic/400-Meters,TFRRS all_performances
49,"Nwoko, Chisom",Illinois,Big Ten,400m,2021,SR-4,,,55.34,seconds,M City Classic,2021-04-30,,,,Outdoor,https://www.tfrrs.org/results/69500/4241454/M_City_Classic/400-Meters,TFRRS all_performances
50,"Stoughton, Danni",Illinois,Big Ten,400m,2021,FR-1,,,57.72,seconds,M City Classic,2021-04-30,,,,Outdoor,https://www.tfrrs.org/results/69500/4241454/M_City_Classic/400-Meters,TFRRS all_performances
51,"Aduma, Amira",Illinois,Big Ten,Long Jump,2021,JR-3,,,5.80,m,M City Classic,2021-04-30,,,1.7,Outdoor,https://www.tfrrs.org/results/69500/4241440/M_City_Classic/Long-Jump,TFRRS all_performances
52,"Aduma, Amira",Illinois,Big Ten,Long Jump,2021,JR-3,,,5.87,m,M City Classic,2021-04-30,,,1.1,Outdoor,https://www.tfrrs.org/results/69500/4241440/M_City_Classic/Long-Jump,TFRRS all_performances
53,"Aduma, Amira",Illinois,Big Ten,Long Jump,2021,JR-3,,,5.93,m,M City Classic,2021-04-30,,,1.7,Outdoor,https://www.tfrrs.org/results/69500/4241440/M_City_Classic/Long-Jump,TFRRS all_performances
54,"Aduma, Amira",Illinois,Big Ten,Long Jump,2021,JR-3,,,5.94,m,M City Classic,2021-04-30,,,0.9,Outdoor,https://www.tfrrs.org/results/69500/4241440/M_City_Classic/Long-Jump,TFRRS all_performances
55,"Aduma, Amira",Illinois,Big Ten,Long Jump,2021,JR-3,,,6.02,m,M City Classic,2021-04-30,,,1.9,Outdoor,https://www.tfrrs.org/results/69500/4241440/M_City_Classic/Long-Jump,TFRRS all_performances
56,"Nguyen, Nicole",Illinois,Big Ten,Long Jump,2021,FR-1,,,4.72,m,M City Classic,2021-04-30,,,+0.0,Outdoor,https://www.tfrrs.org/results/69500/4241440/M_City_Classic/Long-Jump,TFRRS all_performances
57,"Nguyen, Nicole",Illinois,Big Ten,Long Jump,2021,FR-1,,,4.80,m,M City Classic,2021-04-30,,,1.7,Outdoor,https://www.tfrrs.org/results/69500/4241440/M_City_Classic/Long-Jump,TFRRS all_performances
58,"Nguyen, Nicole",Illinois,Big Ten,Long Jump,2021,FR-1,,,4.82,m,M City Classic,2021-04-30,,,+0.0,Outdoor,https://www.tfrrs.org/results/69500/4241440/M_City_Classic/Long-Jump,TFRRS all_performances
59,"Nguyen, Nicole",Illinois,Big Ten,Long Jump,2021,FR-1,,,4.95,m,M City Classic,2021-04-30,,,2.0,Outdoor,https://www.tfrrs.org/results/69500/4241440/M_City_Classic/Long-Jump,TFRRS all_performances
60,"Nguyen, Nicole",Illinois,Big Ten,Long Jump,2021,FR-1,,,4.96,m,M City Classic,2021-04-30,,,1.2,Outdoor,https://www.tfrrs.org/results/69500/4241440/M_City_Classic/Long-Jump,TFRRS all_performances
61,"Nguyen, Nicole",Illinois,Big Ten,Long Jump,2021,FR-1,,,4.98,m,M City Classic,2021-04-30,,,0.1,Outdoor,https://www.tfrrs.org/results/69500/4241440/M_City_Classic/Long-Jump,TFRRS all_performances
62,"Franklin, Jessica",Illinois,Big Ten,100H,2021,FR-1,,,14.50,seconds,Big Ten Outdoor Track & Field Championships,2021-05-14,,,1.0,Outdoor,https://www.tfrrs.org/results/70289/4268587/Big_Ten_Outdoor_Track__Field_Championships/100-Hurdles,TFRRS all_performances
63,"Seay, Maya",Illinois,Big Ten,100H,2021,SR-4,,,13.77,seconds,Big Ten Outdoor Track & Field Championships,2021-05-14,,,1.1,Outdoor,https://www.tfrrs.org/results/70289/4266603/Big_Ten_Outdoor_Track__Field_Championships/100-Hurdles,TFRRS all_performances
64,"Franklin, Jessica",Illinois,Big Ten,400H,2021,FR-1,,,1:00.00,seconds,Big Ten Outdoor Track & Field Championships,2021-05-14,,,,Outdoor,https://www.tfrrs.org/results/70289/4266580/Big_Ten_Outdoor_Track__Field_Championships/400-Hurdles,TFRRS all_performances
65,"Franklin, Jessica",Illinois,Big Ten,400H,2021,FR-1,,,1:00.75,seconds,Big Ten Outdoor Track & Field Championships,2021-05-14,,,,Outdoor,https://www.tfrrs.org/results/70289/4266580/Big_Ten_Outdoor_Track__Field_Championships/400-Hurdles,TFRRS all_performances
66,"McDowell, Jessica",Illinois,Big Ten,400m,2021,FR-1,,,52.91,seconds,Big Ten Outdoor Track & Field Championships,2021-05-14,,,,Outdoor,https://www.tfrrs.org/results/70289/4266602/Big_Ten_Outdoor_Track__Field_Championships/400-Meters,TFRRS all_performances
67,"McDowell, Jessica",Illinois,Big Ten,400m,2021,FR-1,,,53.60,seconds,Big Ten Outdoor Track & Field Championships,2021-05-14,,,,Outdoor,https://www.tfrrs.org/results/70289/4266602/Big_Ten_Outdoor_Track__Field_Championships/400-Meters,TFRRS all_performances
68,"Nwoko, Chisom",Illinois,Big Ten,400m,2021,SR-4,,,56.01,seconds,Big Ten Outdoor Track & Field Championships,2021-05-14,,,,Outdoor,https://www.tfrrs.org/results/70289/4266602/Big_Ten_Outdoor_Track__Field_Championships/400-Meters,TFRRS all_performances
69,"Stoughton, Danni",Illinois,Big Ten,400m,2021,FR-1,,,57.92,seconds,Big Ten Outdoor Track & Field Championships,2021-05-14,,,,Outdoor,https://www.tfrrs.org/results/70289/4266602/Big_Ten_Outdoor_Track__Field_Championships/400-Meters,TFRRS all_performances
70,"Aduma, Amira",Illinois,Big Ten,Long Jump,2021,JR-3,,,5.48,m,Big Ten Outdoor Track & Field Championships,2021-05-14,,,0.3,Outdoor,https://www.tfrrs.org/results/70289/4266613/Big_Ten_Outdoor_Track__Field_Championships/Long-Jump,TFRRS all_performances
71,"Aduma, Amira",Illinois,Big Ten,Long Jump,2021,JR-3,,,5.58,m,Big Ten Outdoor Track & Field Championships,2021-05-14,,,0.1,Outdoor,https://www.tfrrs.org/results/70289/4266613/Big_Ten_Outdoor_Track__Field_Championships/Long-Jump,TFRRS all_performances
72,"Aduma, Amira",Illinois,Big Ten,Long Jump,2021,JR-3,,,5.60,m,Big Ten Outdoor Track & Field Championships,2021-05-14,,,-0.2,Outdoor,https://www.tfrrs.org/results/70289/4266613/Big_Ten_Outdoor_Track__Field_Championships/Long-Jump,TFRRS all_performances
73,"Aduma, Amira",Illinois,Big Ten,Long Jump,2021,JR-3,,,5.76,m,Big Ten Outdoor Track & Field Championships,2021-05-14,,,0.8,Outdoor,https://www.tfrrs.org/results/70289/4266613/Big_Ten_Outdoor_Track__Field_Championships/Long-Jump,TFRRS all_performances
74,"Aduma, Amira",Illinois,Big Ten,Long Jump,2021,JR-3,,,5.92,m,Big Ten Outdoor Track & Field Championships,2021-05-14,,,0.8,Outdoor,https://www.tfrrs.org/results/70289/4266613/Big_Ten_Outdoor_Track__Field_Championships/Long-Jump,TFRRS all_performances
75,"Carr, Nya",Illinois,Big Ten,Long Jump,2021,SO-2,,,5.43,m,Big Ten Outdoor Track & Field Championships,2021-05-14,,,0.2,Outdoor,https://www.tfrrs.org/results/70289/4266613/Big_Ten_Outdoor_Track__Field_Championships/Long-Jump,TFRRS all_performances
76,"Carr, Nya",Illinois,Big Ten,Long Jump,2021,SO-2,,,5.44,m,Big Ten Outdoor Track & Field Championships,2021-05-14,,,-0.2,Outdoor,https://www.tfrrs.org/results/70289/4266613/Big_Ten_Outdoor_Track__Field_Championships/Long-Jump,TFRRS all_performances
77,"Carr, Nya",Illinois,Big Ten,Long Jump,2021,SO-2,,,5.67,m,Big Ten Outdoor Track & Field Championships,2021-05-14,,,0.4,Outdoor,https://www.tfrrs.org/results/70289/4266613/Big_Ten_Outdoor_Track__Field_Championships/Long-Jump,TFRRS all_performances
78,"Franklin, Jessica",Illinois,Big Ten,Long Jump,2021,FR-1,,,5.34,m,Big Ten Outdoor Track & Field Championships,2021-05-14,,,0.5,Outdoor,https://www.tfrrs.org/results/70289/4268591/Big_Ten_Outdoor_Track__Field_Championships/Long-Jump,TFRRS all_performances
79,"Franklin, Jessica",Illinois,Big Ten,Long Jump,2021,FR-1,,,5.43,m,Big Ten Outdoor Track & Field Championships,2021-05-14,,,1.5,Outdoor,https://www.tfrrs.org/results/70289/4268591/Big_Ten_Outdoor_Track__Field_Championships/Long-Jump,TFRRS all_performances
80,"Franklin, Jessica",Illinois,Big Ten,Long Jump,2021,FR-1,,,5.63,m,Big Ten Outdoor Track & Field Championships,2021-05-14,,,1.5,Outdoor,https://www.tfrrs.org/results/70289/4268591/Big_Ten_Outdoor_Track__Field_Championships/Long-Jump,TFRRS all_performances
81,"Franklin, Jessica",Illinois,Big Ten,400H,2021,FR-1,,,1:03.06,seconds,NCAA Division I West Preliminary Round,2021-05-26,,,,Outdoor,https://www.tfrrs.org/results/70371/4272769/NCAA_Division_I_West_Preliminary_Round/400-Hurdles,TFRRS all_performances
82,"McDowell, Jessica",Illinois,Big Ten,400m,2021,FR-1,,,54.15,seconds,NCAA Division I West Preliminary Round,2021-05-26,,,,Outdoor,https://www.tfrrs.org/results/70371/4272770/NCAA_Division_I_West_Preliminary_Round/400-Meters,TFRRS all_performances
83,"Myers, Kerrigan",Nebraska,Big Ten,100H,2021,FR-1,,,14.18,seconds,2021 B1G North Florida Invitational,2021-04-02,,,1.3,Outdoor,https://www.tfrrs.org/results/68310/4169344/2021_B1G_North_Florida_Invitational_/100-Hurdles,TFRRS all_performances
84,"Moore, Karlie",Nebraska,Big Ten,400H,2021,SO-2,,,1:06.31,seconds,2021 B1G North Florida Invitational,2021-04-02,,,,Outdoor,https://www.tfrrs.org/results/68310/4169321/2021_B1G_North_Florida_Invitational_/400-Hurdles,TFRRS all_performances
85,"Clarke, Ramonia",Nebraska,Big Ten,400m,2021,FR-1,,,1:00.56,seconds,2021 B1G North Florida Invitational,2021-04-02,,,,Outdoor,https://www.tfrrs.org/results/68310/4169314/2021_B1G_North_Florida_Invitational_/400-Meters,TFRRS all_performances
86,"Hugg, Kayla",Nebraska,Big Ten,400m,2021,SO-2,,,56.75,seconds,2021 B1G North Florida Invitational,2021-04-02,,,,Outdoor,https://www.tfrrs.org/results/68310/4169314/2021_B1G_North_Florida_Invitational_/400-Meters,TFRRS all_performances
87,"McCall, Trinity",Nebraska,Big Ten,400m,2021,FR-1,,,1:02.24,seconds,2021 B1G North Florida Invitational,2021-04-02,,,,Outdoor,https://www.tfrrs.org/results/68310/4169319/2021_B1G_North_Florida_Invitational_/400-Meters,TFRRS all_performances
88,"Ilves, Lishanna",Nebraska,Big Ten,Long Jump,2021,FR-1,,,4.84,m,2021 B1G North Florida Invitational,2021-04-02,,,1.4,Outdoor,https://www.tfrrs.org/results/68310/4169329/2021_B1G_North_Florida_Invitational_/Long-Jump,TFRRS all_performances
89,"Pearson, Zionn",Nebraska,Big Ten,Long Jump,2021,JR-3,,,5.67,m,2021 B1G North Florida Invitational,2021-04-02,,,1.8,Outdoor,https://www.tfrrs.org/results/68310/4169322/2021_B1G_North_Florida_Invitational_/Long-Jump,TFRRS all_performances
90,"Pearson, Zionn",Nebraska,Big Ten,Long Jump,2021,JR-3,,,5.87,m,2021 B1G North Florida Invitational,2021-04-02,,,1.9,Outdoor,https://www.tfrrs.org/results/68310/4169322/2021_B1G_North_Florida_Invitational_/Long-Jump,TFRRS all_performances
91,"Turke, Ieva",Nebraska,Big Ten,Long Jump,2021,JR-3,,,4.84,m,2021 B1G North Florida Invitational,2021-04-02,,,1.5,Outdoor,https://www.tfrrs.org/results/68310/4169329/2021_B1G_North_Florida_Invitational_/Long-Jump,TFRRS all_performances
92,"Turke, Ieva",Nebraska,Big Ten,Long Jump,2021,JR-3,,,5.61,m,2021 B1G North Florida Invitational,2021-04-02,,,2.0,Outdoor,https://www.tfrrs.org/results/68310/4169329/2021_B1G_North_Florida_Invitational_/Long-Jump,TFRRS all_performances
93,"Turke, Ieva",Nebraska,Big Ten,Long Jump,2021,JR-3,,,5.98,m,2021 B1G North Florida Invitational,2021-04-02,,,1.4,Outdoor,https://www.tfrrs.org/results/68310/4169329/2021_B1G_North_Florida_Invitational_/Long-Jump,TFRRS all_performances
94,"Turke, Ieva",Nebraska,Big Ten,Long Jump,2021,JR-3,,,6.17,m,2021 B1G North Florida Invitational,2021-04-02,,,1.9,Outdoor,https://www.tfrrs.org/results/68310/4169329/2021_B1G_North_Florida_Invitational_/Long-Jump,TFRRS all_performances
95,"Harris, Winsome",Nebraska,Big Ten,100H,2021,SO-2,,,14.80,seconds,Husker Big 10 Invite,2021-04-16,,,-1.0,Outdoor,https://www.tfrrs.org/results/68125/4208783/Husker_Big_10_Invite/100-Hurdles,TFRRS all_performances
96,"Kadrmas, Katherine",Nebraska,Big Ten,100H,2021,FR-1,,,15.16,seconds,Husker Big 10 Invite,2021-04-16,,,-0.1,Outdoor,https://www.tfrrs.org/results/68125/4236138/Husker_Big_10_Invite/100-Hurdles,TFRRS all_performances
97,"Stepney, LaQwasia",Nebraska,Big Ten,100H,2021,SO-2,,,14.16,seconds,Husker Big 10 Invite,2021-04-16,,,-1.2,Outdoor,https://www.tfrrs.org/results/68125/4208783/Husker_Big_10_Invite/100-Hurdles,TFRRS all_performances
98,"Thomas, Darby",Nebraska,Big Ten,100H,2021,SO-2,,,14.14,seconds,Husker Big 10 Invite,2021-04-16,,,-2.3,Outdoor,https://www.tfrrs.org/results/68125/4208783/Husker_Big_10_Invite/100-Hurdles,TFRRS all_performances
99,"Zanker, Teri",Nebraska,Big Ten,100H,2021,FR-1,,,14.66,seconds,Husker Big 10 Invite,2021-04-16,,,1.3,Outdoor,https://www.tfrrs.org/results/68125/4236138/Husker_Big_10_Invite/100-Hurdles,TFRRS all_performances
100,"Pearson, Zionn",Nebraska,Big Ten,Long Jump,2021,JR-3,,,5.64,m,Husker Big 10 Invite,2021-04-16,,,+0.0,Outdoor,https://www.tfrrs.org/results/68125/4208811/Husker_Big_10_Invite/Long-Jump,TFRRS all_performances
101,"Pearson, Zionn",Nebraska,Big Ten,Long Jump,2021,JR-3,,,5.93,m,Husker Big 10 Invite,2021-04-16,,,+0.0,Outdoor,https://www.tfrrs.org/results/68125/4208811/Husker_Big_10_Invite/Long-Jump,TFRRS all_performances
102,"Pearson, Zionn",Nebraska,Big Ten,Long Jump,2021,JR-3,,,5.95,m,Husker Big 10 Invite,2021-04-16,,,+0.0,Outdoor,https://www.tfrrs.org/results/68125/4208811/Husker_Big_10_Invite/Long-Jump,TFRRS all_performances
103,"Pearson, Zionn",Nebraska,Big Ten,Long Jump,2021,JR-3,,,6.03,m,Husker Big 10 Invite,2021-04-16,,,0.8,Outdoor,https://www.tfrrs.org/results/68125/4208811/Husker_Big_10_Invite/Long-Jump,TFRRS all_performances
104,"Thomas, Darby",Nebraska,Big Ten,Long Jump,2021,SO-2,,,5.99,m,Husker Big 10 Invite,2021-04-16,,,+0.0,Outdoor,https://www.tfrrs.org/results/68125/4208811/Husker_Big_10_Invite/Long-Jump,TFRRS all_performances
105,"Thomas, Darby",Nebraska,Big Ten,Long Jump,2021,SO-2,,,6.13,m,Husker Big 10 Invite,2021-04-16,,,+0.0,Outdoor,https://www.tfrrs.org/results/68125/4208811/Husker_Big_10_Invite/Long-Jump,TFRRS all_performances
106,"Thomas, Darby",Nebraska,Big Ten,Long Jump,2021,SO-2,,,6.29,m,Husker Big 10 Invite,2021-04-16,,,+0.0,Outdoor,https://www.tfrrs.org/results/68125/4208811/Husker_Big_10_Invite/Long-Jump,TFRRS all_performances
107,"Hadley, Skylar",Nebraska,Big Ten,100H,2021,SO-2,,,14.50,seconds,Fighting Illini Big Ten Relays,2021-04-23,,,1.8,Outdoor,https://www.tfrrs.org/results/69823/4225387/Fighting_Illini_Big_Ten_Relays/100-Hurdles,TFRRS all_performances
108,"Harris, Winsome",Nebraska,Big Ten,100H,2021,SO-2,,,14.45,seconds,Fighting Illini Big Ten Relays,2021-04-23,,,1.8,Outdoor,https://www.tfrrs.org/results/69823/4225387/Fighting_Illini_Big_Ten_Relays/100-Hurdles,TFRRS all_performances
109,"Stepney, LaQwasia",Nebraska,Big Ten,100H,2021,SO-2,,,14.50,seconds,Fighting Illini Big Ten Relays,2021-04-23,,,0.9,Outdoor,https://www.tfrrs.org/results/69823/4225387/Fighting_Illini_Big_Ten_Relays/100-Hurdles,TFRRS all_performances
110,"Thomas, Darby",Nebraska,Big Ten,100H,2021,SO-2,,,13.90,seconds,Fighting Illini Big Ten Relays,2021-04-23,,,0.9,Outdoor,https://www.tfrrs.org/results/69823/4225387/Fighting_Illini_Big_Ten_Relays/100-Hurdles,TFRRS all_performances
111,"Ilves, Lishanna",Nebraska,Big Ten,Long Jump,2021,FR-1,,,6.04,m,Fighting Illini Big Ten Relays,2021-04-23,,,1.7,Outdoor,https://www.tfrrs.org/results/69823/4225389/Fighting_Illini_Big_Ten_Relays/Long-Jump,TFRRS all_performances
112,"Ilves, Lishanna",Nebraska,Big Ten,Long Jump,2021,FR-1,,,6.20,m,Fighting Illini Big Ten Relays,2021-04-23,,,1.3,Outdoor,https://www.tfrrs.org/results/69823/4225389/Fighting_Illini_Big_Ten_Relays/Long-Jump,TFRRS all_performances
113,"Pearson, Zionn",Nebraska,Big Ten,Long Jump,2021,JR-3,,,5.79,m,Fighting Illini Big Ten Relays,2021-04-23,,,1.7,Outdoor,https://www.tfrrs.org/results/69823/4225389/Fighting_Illini_Big_Ten_Relays/Long-Jump,TFRRS all_performances
114,"Pearson, Zionn",Nebraska,Big Ten,Long Jump,2021,JR-3,,,5.81,m,Fighting Illini Big Ten Relays,2021-04-23,,,1.5,Outdoor,https://www.tfrrs.org/results/69823/4225389/Fighting_Illini_Big_Ten_Relays/Long-Jump,TFRRS all_performances
115,"Pearson, Zionn",Nebraska,Big Ten,Long Jump,2021,JR-3,,,5.86,m,Fighting Illini Big Ten Relays,2021-04-23,,,1.4,Outdoor,https://www.tfrrs.org/results/69823/4225389/Fighting_Illini_Big_Ten_Relays/Long-Jump,TFRRS all_performances
116,"Stepney, LaQwasia",Nebraska,Big Ten,Long Jump,2021,SO-2,,,5.60,m,Fighting Illini Big Ten Relays,2021-04-23,,,2.0,Outdoor,https://www.tfrrs.org/results/69823/4225394/Fighting_Illini_Big_Ten_Relays/Long-Jump,TFRRS all_performances
117,"Thomas, Darby",Nebraska,Big Ten,Long Jump,2021,SO-2,,,6.05,m,Fighting Illini Big Ten Relays,2021-04-23,,,1.6,Outdoor,https://www.tfrrs.org/results/69823/4225389/Fighting_Illini_Big_Ten_Relays/Long-Jump,TFRRS all_performances
118,"Thomas, Darby",Nebraska,Big Ten,Long Jump,2021,SO-2,,,6.10,m,Fighting Illini Big Ten Relays,2021-04-23,,,2.0,Outdoor,https://www.tfrrs.org/results/69823/4225389/Fighting_Illini_Big_Ten_Relays/Long-Jump,TFRRS all_performances
119,"Thomas, Darby",Nebraska,Big Ten,Long Jump,2021,SO-2,,,6.15,m,Fighting Illini Big Ten Relays,2021-04-23,,,1.6,Outdoor,https://www.tfrrs.org/results/69823/4225389/Fighting_Illini_Big_Ten_Relays/Long-Jump,TFRRS all_performances
120,"Turke, Ieva",Nebraska,Big Ten,Long Jump,2021,JR-3,,,4.16,m,Fighting Illini Big Ten Relays,2021-04-23,,,1.5,Outdoor,https://www.tfrrs.org/results/69823/4225389/Fighting_Illini_Big_Ten_Relays/Long-Jump,TFRRS all_performances
121,"Turke, Ieva",Nebraska,Big Ten,Long Jump,2021,JR-3,,,6.01,m,Fighting Illini Big Ten Relays,2021-04-23,,,1.4,Outdoor,https://www.tfrrs.org/results/69823/4225389/Fighting_Illini_Big_Ten_Relays/Long-Jump,TFRRS all_performances
122,"Battistella, Jamieson",Nebraska,Big Ten,100H,2021,FR-1,,,16.73,seconds,M City Classic,2021-04-30,,,-0.4,Outdoor,https://www.tfrrs.org/results/69500/4241447/M_City_Classic/100-Hurdles,TFRRS all_performances
123,"Battistella, Jamieson",Nebraska,Big Ten,100H,2021,FR-1,,,17.23,seconds,M City Classic,2021-04-30,,,-0.4,Outdoor,https://www.tfrrs.org/results/69500/4241447/M_City_Classic/100-Hurdles,TFRRS all_performances
124,"Myers, Kerrigan",Nebraska,Big Ten,100H,2021,FR-1,,,14.30,seconds,M City Classic,2021-04-30,,,-0.4,Outdoor,https://www.tfrrs.org/results/69500/4241447/M_City_Classic/100-Hurdles,TFRRS all_performances
125,"Myers, Kerrigan",Nebraska,Big Ten,100H,2021,FR-1,,,14.52,seconds,M City Classic,2021-04-30,,,-0.4,Outdoor,https://www.tfrrs.org/results/69500/4241447/M_City_Classic/100-Hurdles,TFRRS all_performances
126,"Hadley, Skylar",Nebraska,Big Ten,100H,2021,SO-2,,,14.79,seconds,Big Ten Invite #4 - Billy Hayes Invite,2021-05-01,,,-1.0,Outdoor,https://www.tfrrs.org/results/65969/4244170/Big_Ten_Invite_4_-_Billy_Hayes_Invite/100-Hurdles,TFRRS all_performances
127,"Clarke, Ramonia",Nebraska,Big Ten,400m,2021,FR-1,,,59.07,seconds,Big Ten Invite #4 - Billy Hayes Invite,2021-05-01,,,,Outdoor,https://www.tfrrs.org/results/65969/4244161/Big_Ten_Invite_4_-_Billy_Hayes_Invite/400-Meters,TFRRS all_performances
128,"Hugg, Kayla",Nebraska,Big Ten,400m,2021,SO-2,,,53.52,seconds,Big Ten Invite #4 - Billy Hayes Invite,2021-05-01,,,,Outdoor,https://www.tfrrs.org/results/65969/4244161/Big_Ten_Invite_4_-_Billy_Hayes_Invite/400-Meters,TFRRS all_performances
129,"McElmurry, Ashley",Nebraska,Big Ten,Long Jump,2021,SO-2,,,5.62,m,Big Ten Invite #4 - Billy Hayes Invite,2021-05-01,,,1.1,Outdoor,https://www.tfrrs.org/results/65969/4244140/Big_Ten_Invite_4_-_Billy_Hayes_Invite/Long-Jump,TFRRS all_performances
130,"McElmurry, Ashley",Nebraska,Big Ten,Long Jump,2021,SO-2,,,5.72,m,Big Ten Invite #4 - Billy Hayes Invite,2021-05-01,,,-0.4,Outdoor,https://www.tfrrs.org/results/65969/4244140/Big_Ten_Invite_4_-_Billy_Hayes_Invite/Long-Jump,TFRRS all_performances
131,"McElmurry, Ashley",Nebraska,Big Ten,Long Jump,2021,SO-2,,,5.75,m,Big Ten Invite #4 - Billy Hayes Invite,2021-05-01,,,0.6,Outdoor,https://www.tfrrs.org/results/65969/4244140/Big_Ten_Invite_4_-_Billy_Hayes_Invite/Long-Jump,TFRRS all_performances
132,"Kadrmas, Katherine",Nebraska,Big Ten,100H,2021,FR-1,,,14.78,seconds,Big Ten Outdoor Track & Field Championships,2021-05-14,,,-0.1,Outdoor,https://www.tfrrs.org/results/70289/4268587/Big_Ten_Outdoor_Track__Field_Championships/100-Hurdles,TFRRS all_performances
133,"Myers, Kerrigan",Nebraska,Big Ten,100H,2021,FR-1,,,14.22,seconds,Big Ten Outdoor Track & Field Championships,2021-05-14,,,0.6,Outdoor,https://www.tfrrs.org/results/70289/4268587/Big_Ten_Outdoor_Track__Field_Championships/100-Hurdles,TFRRS all_performances
134,"Stepney, LaQwasia",Nebraska,Big Ten,100H,2021,SO-2,,,43.48,seconds,Big Ten Outdoor Track & Field Championships,2021-05-14,,,1.5,Outdoor,https://www.tfrrs.org/results/70289/4266603/Big_Ten_Outdoor_Track__Field_Championships/100-Hurdles,TFRRS all_performances
135,"Thomas, Darby",Nebraska,Big Ten,100H,2021,SO-2,,,13.75,seconds,Big Ten Outdoor Track & Field Championships,2021-05-14,,,1.5,Outdoor,https://www.tfrrs.org/results/70289/4266603/Big_Ten_Outdoor_Track__Field_Championships/100-Hurdles,TFRRS all_performances
136,"Zanker, Teri",Nebraska,Big Ten,100H,2021,FR-1,,,14.75,seconds,Big Ten Outdoor Track & Field Championships,2021-05-14,,,1.0,Outdoor,https://www.tfrrs.org/results/70289/4268587/Big_Ten_Outdoor_Track__Field_Championships/100-Hurdles,TFRRS all_performances
137,"Hugg, Kayla",Nebraska,Big Ten,400m,2021,SO-2,,,54.84,seconds,Big Ten Outdoor Track & Field Championships,2021-05-14,,,,Outdoor,https://www.tfrrs.org/results/70289/4266602/Big_Ten_Outdoor_Track__Field_Championships/400-Meters,TFRRS all_performances
138,"Ilves, Lishanna",Nebraska,Big Ten,Long Jump,2021,FR-1,,,6.35,m,Big Ten Outdoor Track & Field Championships,2021-05-14,,,0.4,Outdoor,https://www.tfrrs.org/results/70289/4266613/Big_Ten_Outdoor_Track__Field_Championships/Long-Jump,TFRRS all_performances
139,"Ilves, Lishanna",Nebraska,Big Ten,Long Jump,2021,FR-1,,,6.42,m,Big Ten Outdoor Track & Field Championships,2021-05-14,,,-0.2,Outdoor,https://www.tfrrs.org/results/70289/4266613/Big_Ten_Outdoor_Track__Field_Championships/Long-Jump,TFRRS all_performances
140,"Ilves, Lishanna",Nebraska,Big Ten,Long Jump,2021,FR-1,,,6.52,m,Big Ten Outdoor Track & Field Championships,2021-05-14,,,0.4,Outdoor,https://www.tfrrs.org/results/70289/4266613/Big_Ten_Outdoor_Track__Field_Championships/Long-Jump,TFRRS all_performances
141,"Kadrmas, Katherine",Nebraska,Big Ten,Long Jump,2021,FR-1,,,5.02,m,Big Ten Outdoor Track & Field Championships,2021-05-14,,,1.1,Outdoor,https://www.tfrrs.org/results/70289/4268591/Big_Ten_Outdoor_Track__Field_Championships/Long-Jump,TFRRS all_performances
142,"Kadrmas, Katherine",Nebraska,Big Ten,Long Jump,2021,FR-1,,,5.24,m,Big Ten Outdoor Track & Field Championships,2021-05-14,,,1.2,Outdoor,https://www.tfrrs.org/results/70289/4268591/Big_Ten_Outdoor_Track__Field_Championships/Long-Jump,TFRRS all_performances
143,"McElmurry, Ashley",Nebraska,Big Ten,Long Jump,2021,SO-2,,,5.52,m,Big Ten Outdoor Track & Field Championships,2021-05-14,,,1.1,Outdoor,https://www.tfrrs.org/results/70289/4266613/Big_Ten_Outdoor_Track__Field_Championships/Long-Jump,TFRRS all_performances
144,"McElmurry, Ashley",Nebraska,Big Ten,Long Jump,2021,SO-2,,,5.57,m,Big Ten Outdoor Track & Field Championships,2021-05-14,,,0.5,Outdoor,https://www.tfrrs.org/results/70289/4266613/Big_Ten_Outdoor_Track__Field_Championships/Long-Jump,TFRRS all_performances
145,"Myers, Kerrigan",Nebraska,Big Ten,Long Jump,2021,FR-1,,,5.19,m,Big Ten Outdoor Track & Field Championships,2021-05-14,,,2.0,Outdoor,https://www.tfrrs.org/results/70289/4268591/Big_Ten_Outdoor_Track__Field_Championships/Long-Jump,TFRRS all_performances
146,"Myers, Kerrigan",Nebraska,Big Ten,Long Jump,2021,FR-1,,,5.41,m,Big Ten Outdoor Track & Field Championships,2021-05-14,,,0.7,Outdoor,https://www.tfrrs.org/results/70289/4268591/Big_Ten_Outdoor_Track__Field_Championships/Long-Jump,TFRRS all_performances
147,"Stepney, LaQwasia",Nebraska,Big Ten,Long Jump,2021,SO-2,,,5.42,m,Big Ten Outdoor Track & Field Championships,2021-05-14,,,0.1,Outdoor,https://www.tfrrs.org/results/70289/4266613/Big_Ten_Outdoor_Track__Field_Championships/Long-Jump,TFRRS all_performances
148,"Stepney, LaQwasia",Nebraska,Big Ten,Long Jump,2021,SO-2,,,5.53,m,Big Ten Outdoor Track & Field Championships,2021-05-14,,,0.9,Outdoor,https://www.tfrrs.org/results/70289/4266613/Big_Ten_Outdoor_Track__Field_Championships/Long-Jump,TFRRS all_performances
149,"Stepney, LaQwasia",Nebraska,Big Ten,Long Jump,2021,SO-2,,,5.97,m,Big Ten Outdoor Track & Field Championships,2021-05-14,,,0.5,Outdoor,https://www.tfrrs.org/results/70289/4266613/Big_Ten_Outdoor_Track__Field_Championships/Long-Jump,TFRRS all_performances
150,"Stepney, LaQwasia",Nebraska,Big Ten,Long Jump,2021,SO-2,,,5.98,m,Big Ten Outdoor Track & Field Championships,2021-05-14,,,0.6,Outdoor,https://www.tfrrs.org/results/70289/4266613/Big_Ten_Outdoor_Track__Field_Championships/Long-Jump,TFRRS all_performances
151,"Thomas, Darby",Nebraska,Big Ten,Long Jump,2021,SO-2,,,6.02,m,Big Ten Outdoor Track & Field Championships,2021-05-14,,,-0.4,Outdoor,https://www.tfrrs.org/results/70289/4266613/Big_Ten_Outdoor_Track__Field_Championships/Long-Jump,TFRRS all_performances
152,"Thomas, Darby",Nebraska,Big Ten,Long Jump,2021,SO-2,,,6.06,m,Big Ten Outdoor Track & Field Championships,2021-05-14,,,-0.3,Outdoor,https://www.tfrrs.org/results/70289/4266613/Big_Ten_Outdoor_Track__Field_Championships/Long-Jump,TFRRS all_performances
153,"Turke, Ieva",Nebraska,Big Ten,Long Jump,2021,JR-3,,,4.47,m,Big Ten Outdoor Track & Field Championships,2021-05-14,,,1.1,Outdoor,https://www.tfrrs.org/results/70289/4266613/Big_Ten_Outdoor_Track__Field_Championships/Long-Jump,TFRRS all_performances
154,"Turke, Ieva",Nebraska,Big Ten,Long Jump,2021,JR-3,,,5.78,m,Big Ten Outdoor Track & Field Championships,2021-05-14,,,0.2,Outdoor,https://www.tfrrs.org/results/70289/4266613/Big_Ten_Outdoor_Track__Field_Championships/Long-Jump,TFRRS all_performances
155,"Zanker, Teri",Nebraska,Big Ten,Long Jump,2021,FR-1,,,5.18,m,Big Ten Outdoor Track & Field Championships,2021-05-14,,,0.9,Outdoor,https://www.tfrrs.org/results/70289/4268591/Big_Ten_Outdoor_Track__Field_Championships/Long-Jump,TFRRS all_performances
156,"Zanker, Teri",Nebraska,Big Ten,Long Jump,2021,FR-1,,,5.25,m,Big Ten Outdoor Track & Field Championships,2021-05-14,,,2.0,Outdoor,https://www.tfrrs.org/results/70289/4268591/Big_Ten_Outdoor_Track__Field_Championships/Long-Jump,TFRRS all_performances
157,"Zanker, Teri",Nebraska,Big Ten,Long Jump,2021,FR-1,,,5.51,m,Big Ten Outdoor Track & Field Championships,2021-05-14,,,1.5,Outdoor,https://www.tfrrs.org/results/70289/4268591/Big_Ten_Outdoor_Track__Field_Championships/Long-Jump,TFRRS all_performances
158,"Hugg, Kayla",Nebraska,Big Ten,400m,2021,SO-2,,,54.38,seconds,NCAA Division I West Preliminary Round,2021-05-26,,,,Outdoor,https://www.tfrrs.org/results/70371/4272770/NCAA_Division_I_West_Preliminary_Round/400-Meters,TFRRS all_performances
159,"Turke, Ieva",Nebraska,Big Ten,Long Jump,2021,JR-3,,,4.58,m,NCAA Division I West Preliminary Round,2021-05-26,,,1.7,Outdoor,https://www.tfrrs.org/results/70371/4272766/NCAA_Division_I_West_Preliminary_Round/Long-Jump,TFRRS all_performances
160,"Chocek, Taylor",Oregon,Big Ten,100H,2021,FR-1,,,14.82,seconds,42nd Aztec Invitational,2021-03-25,,,1.7,Outdoor,https://www.tfrrs.org/results/67907/4150075/42nd_Aztec_Invitational/100-Hurdles,TFRRS all_performances
161,"Sloan, Emily",Oregon,Big Ten,100H,2021,SO-2,,,13.24,seconds,42nd Aztec Invitational,2021-03-25,,,-1.3,Outdoor,https://www.tfrrs.org/results/67907/4150075/42nd_Aztec_Invitational/100-Hurdles,TFRRS all_performances
162,"Webster, Alexa",Oregon,Big Ten,100H,2021,FR-1,,,13.48,seconds,42nd Aztec Invitational,2021-03-25,,,1.7,Outdoor,https://www.tfrrs.org/results/67907/4150075/42nd_Aztec_Invitational/100-Hurdles,TFRRS all_performances
163,"Webster, Alexa",Oregon,Big Ten,400H,2021,FR-1,,,1:02.65,seconds,42nd Aztec Invitational,2021-03-25,,,,Outdoor,https://www.tfrrs.org/results/67907/4150121/42nd_Aztec_Invitational/400-Hurdles,TFRRS all_performances
164,"Robinson, Jaimie",Oregon,Big Ten,Long Jump,2021,JR-3,,,5.23,m,42nd Aztec Invitational,2021-03-25,,,-2.0,Outdoor,https://www.tfrrs.org/results/67907/4150098/42nd_Aztec_Invitational/Long-Jump,TFRRS all_performances
165,"Robinson, Jaimie",Oregon,Big Ten,Long Jump,2021,JR-3,,,5.54,m,42nd Aztec Invitational,2021-03-25,,,+0.0,Outdoor,https://www.tfrrs.org/results/67907/4150098/42nd_Aztec_Invitational/Long-Jump,TFRRS all_performances
166,"Sloan, Tori",Oregon,Big Ten,Long Jump,2021,SO-2,,,5.63,m,42nd Aztec Invitational,2021-03-25,,,-1.4,Outdoor,https://www.tfrrs.org/results/67907/4150098/42nd_Aztec_Invitational/Long-Jump,TFRRS all_performances
167,"Sloan, Tori",Oregon,Big Ten,Long Jump,2021,SO-2,,,5.78,m,42nd Aztec Invitational,2021-03-25,,,+0.0,Outdoor,https://www.tfrrs.org/results/67907/4150098/42nd_Aztec_Invitational/Long-Jump,TFRRS all_performances
168,"Chocek, Taylor",Oregon,Big Ten,100H,2021,FR-1,,,14.76,seconds,Hayward Premiere,2021-04-02,,,0.1,Outdoor,https://www.tfrrs.org/results/67754/4168738/Hayward_Premiere/100-Hurdles,TFRRS all_performances
169,"Webster, Alexa",Oregon,Big Ten,100H,2021,FR-1,,,13.83,seconds,Hayward Premiere,2021-04-02,,,-0.4,Outdoor,https://www.tfrrs.org/results/67754/4168738/Hayward_Premiere/100-Hurdles,TFRRS all_performances
170,"Chocek, Taylor",Oregon,Big Ten,Long Jump,2021,FR-1,,,4.89,m,Hayward Premiere,2021-04-02,,,1.1,Outdoor,https://www.tfrrs.org/results/67754/4168716/Hayward_Premiere/Long-Jump,TFRRS all_performances
171,"Chocek, Taylor",Oregon,Big Ten,Long Jump,2021,FR-1,,,4.93,m,Hayward Premiere,2021-04-02,,,0.4,Outdoor,https://www.tfrrs.org/results/67754/4168716/Hayward_Premiere/Long-Jump,TFRRS all_performances
172,"Chocek, Taylor",Oregon,Big Ten,Long Jump,2021,FR-1,,,5.01,m,Hayward Premiere,2021-04-02,,,0.1,Outdoor,https://www.tfrrs.org/results/67754/4168716/Hayward_Premiere/Long-Jump,TFRRS all_performances
173,"Chocek, Taylor",Oregon,Big Ten,Long Jump,2021,FR-1,,,5.12,m,Hayward Premiere,2021-04-02,,,1.1,Outdoor,https://www.tfrrs.org/results/67754/4168716/Hayward_Premiere/Long-Jump,TFRRS all_performances
174,"Robinson, Jaimie",Oregon,Big Ten,Long Jump,2021,JR-3,,,5.38,m,Hayward Premiere,2021-04-02,,,0.3,Outdoor,https://www.tfrrs.org/results/67754/4168716/Hayward_Premiere/Long-Jump,TFRRS all_performances
175,"Robinson, Jaimie",Oregon,Big Ten,Long Jump,2021,JR-3,,,5.41,m,Hayward Premiere,2021-04-02,,,1.1,Outdoor,https://www.tfrrs.org/results/67754/4168716/Hayward_Premiere/Long-Jump,TFRRS all_performances
176,"Robinson, Jaimie",Oregon,Big Ten,Long Jump,2021,JR-3,,,5.42,m,Hayward Premiere,2021-04-02,,,1.0,Outdoor,https://www.tfrrs.org/results/67754/4168716/Hayward_Premiere/Long-Jump,TFRRS all_performances
177,"Robinson, Jaimie",Oregon,Big Ten,Long Jump,2021,JR-3,,,5.44,m,Hayward Premiere,2021-04-02,,,1.2,Outdoor,https://www.tfrrs.org/results/67754/4168716/Hayward_Premiere/Long-Jump,TFRRS all_performances
178,"Robinson, Jaimie",Oregon,Big Ten,Long Jump,2021,JR-3,,,5.48,m,Hayward Premiere,2021-04-02,,,0.9,Outdoor,https://www.tfrrs.org/results/67754/4168716/Hayward_Premiere/Long-Jump,TFRRS all_performances
179,"Robinson, Jaimie",Oregon,Big Ten,Long Jump,2021,JR-3,,,5.61,m,Hayward Premiere,2021-04-02,,,1.7,Outdoor,https://www.tfrrs.org/results/67754/4168716/Hayward_Premiere/Long-Jump,TFRRS all_performances
180,"Sloan, Tori",Oregon,Big Ten,Long Jump,2021,SO-2,,,5.55,m,Hayward Premiere,2021-04-02,,,0.5,Outdoor,https://www.tfrrs.org/results/67754/4168716/Hayward_Premiere/Long-Jump,TFRRS all_performances
181,"Sloan, Tori",Oregon,Big Ten,Long Jump,2021,SO-2,,,5.64,m,Hayward Premiere,2021-04-02,,,0.8,Outdoor,https://www.tfrrs.org/results/67754/4168716/Hayward_Premiere/Long-Jump,TFRRS all_performances
182,"Sloan, Tori",Oregon,Big Ten,Long Jump,2021,SO-2,,,5.66,m,Hayward Premiere,2021-04-02,,,1.7,Outdoor,https://www.tfrrs.org/results/67754/4168716/Hayward_Premiere/Long-Jump,TFRRS all_performances
183,"Sloan, Tori",Oregon,Big Ten,Long Jump,2021,SO-2,,,5.67,m,Hayward Premiere,2021-04-02,,,0.5,Outdoor,https://www.tfrrs.org/results/67754/4168716/Hayward_Premiere/Long-Jump,TFRRS all_performances
184,"Sloan, Tori",Oregon,Big Ten,Long Jump,2021,SO-2,,,5.92,m,Hayward Premiere,2021-04-02,,,0.8,Outdoor,https://www.tfrrs.org/results/67754/4168716/Hayward_Premiere/Long-Jump,TFRRS all_performances
185,"Foster, Rhesa",Oregon,Big Ten,100H,2021,SR-4,,,13.89,seconds,2021 West Coast Classic- Arizona,2021-04-17,,,0.5,Outdoor,https://www.tfrrs.org/results/68926/4209678/2021_West_Coast_Classic-_Arizona/100-Hurdles,TFRRS all_performances
186,"Sloan, Emily",Oregon,Big Ten,100H,2021,SO-2,,,13.16,seconds,2021 West Coast Classic- Arizona,2021-04-17,,,0.5,Outdoor,https://www.tfrrs.org/results/68926/4209678/2021_West_Coast_Classic-_Arizona/100-Hurdles,TFRRS all_performances
187,"Beauvais, Gabriella",Oregon,Big Ten,400m,2021,SR-4,,,54.79,seconds,2021 West Coast Classic- Arizona,2021-04-17,,,,Outdoor,https://www.tfrrs.org/results/68926/4209685/2021_West_Coast_Classic-_Arizona/400-Meters,TFRRS all_performances
188,"Brown, Iman",Oregon,Big Ten,400m,2021,JR-3,,,54.42,seconds,2021 West Coast Classic- Arizona,2021-04-17,,,,Outdoor,https://www.tfrrs.org/results/68926/4209685/2021_West_Coast_Classic-_Arizona/400-Meters,TFRRS all_performances
189,"Foster, Rhesa",Oregon,Big Ten,Long Jump,2021,SR-4,,,6.05,m,2021 West Coast Classic- Arizona,2021-04-17,,,-0.2,Outdoor,https://www.tfrrs.org/results/68926/4209675/2021_West_Coast_Classic-_Arizona/Long-Jump,TFRRS all_performances
190,"Foster, Rhesa",Oregon,Big Ten,Long Jump,2021,SR-4,,,6.22,m,2021 West Coast Classic- Arizona,2021-04-17,,,1.2,Outdoor,https://www.tfrrs.org/results/68926/4209675/2021_West_Coast_Classic-_Arizona/Long-Jump,TFRRS all_performances
191,"Foster, Rhesa",Oregon,Big Ten,Long Jump,2021,SR-4,,,6.36,m,2021 West Coast Classic- Arizona,2021-04-17,,,+0.0,Outdoor,https://www.tfrrs.org/results/68926/4209675/2021_West_Coast_Classic-_Arizona/Long-Jump,TFRRS all_performances
192,"Hickey, Alysah",Oregon,Big Ten,Long Jump,2021,FR-1,,,6.07,m,2021 West Coast Classic- Arizona,2021-04-17,,,0.9,Outdoor,https://www.tfrrs.org/results/68926/4209675/2021_West_Coast_Classic-_Arizona/Long-Jump,TFRRS all_performances
193,"Hickey, Alysah",Oregon,Big Ten,Long Jump,2021,FR-1,,,6.13,m,2021 West Coast Classic- Arizona,2021-04-17,,,0.3,Outdoor,https://www.tfrrs.org/results/68926/4209675/2021_West_Coast_Classic-_Arizona/Long-Jump,TFRRS all_performances
194,"Hickey, Alysah",Oregon,Big Ten,Long Jump,2021,FR-1,,,6.15,m,2021 West Coast Classic- Arizona,2021-04-17,,,-0.3,Outdoor,https://www.tfrrs.org/results/68926/4209675/2021_West_Coast_Classic-_Arizona/Long-Jump,TFRRS all_performances
195,"Hickey, Alysah",Oregon,Big Ten,Long Jump,2021,FR-1,,,6.24,m,2021 West Coast Classic- Arizona,2021-04-17,,,-0.4,Outdoor,https://www.tfrrs.org/results/68926/4209675/2021_West_Coast_Classic-_Arizona/Long-Jump,TFRRS all_performances
196,"Hickey, Alysah",Oregon,Big Ten,Long Jump,2021,FR-1,,,6.47,m,2021 West Coast Classic- Arizona,2021-04-17,,,2.0,Outdoor,https://www.tfrrs.org/results/68926/4209675/2021_West_Coast_Classic-_Arizona/Long-Jump,TFRRS all_performances
197,"Chocek, Taylor",Oregon,Big Ten,100H,2021,FR-1,,,15.05,seconds,Oregon Relays,2021-04-23,,,-0.4,Outdoor,https://www.tfrrs.org/results/69801/4226001/Oregon_Relays/100-Hurdles,TFRRS all_performances
198,"Sloan, Emily",Oregon,Big Ten,100H,2021,SO-2,,,13.22,seconds,Oregon Relays,2021-04-23,,,-0.3,Outdoor,https://www.tfrrs.org/results/69801/4225982/Oregon_Relays/100-Hurdles,TFRRS all_performances
199,"Chocek, Taylor",Oregon,Big Ten,Long Jump,2021,FR-1,,,4.97,m,Oregon Relays,2021-04-23,,,1.0,Outdoor,https://www.tfrrs.org/results/69801/4223040/Oregon_Relays/Long-Jump,TFRRS all_performances
200,"Chocek, Taylor",Oregon,Big Ten,Long Jump,2021,FR-1,,,5.14,m,Oregon Relays,2021-04-23,,,0.9,Outdoor,https://www.tfrrs.org/results/69801/4223040/Oregon_Relays/Long-Jump,TFRRS all_performances
201,"Ellis, Lexi",Oregon,Big Ten,Long Jump,2021,SO-2,,,5.14,m,Oregon Relays,2021-04-23,,,0.5,Outdoor,https://www.tfrrs.org/results/69801/4223040/Oregon_Relays/Long-Jump,TFRRS all_performances
202,"Ellis, Lexi",Oregon,Big Ten,Long Jump,2021,SO-2,,,5.20,m,Oregon Relays,2021-04-23,,,1.2,Outdoor,https://www.tfrrs.org/results/69801/4223040/Oregon_Relays/Long-Jump,TFRRS all_performances
203,"Ellis, Lexi",Oregon,Big Ten,Long Jump,2021,SO-2,,,5.46,m,Oregon Relays,2021-04-23,,,0.3,Outdoor,https://www.tfrrs.org/results/69801/4223040/Oregon_Relays/Long-Jump,TFRRS all_performances
204,"Sloan, Tori",Oregon,Big Ten,Long Jump,2021,SO-2,,,5.31,m,Oregon Relays,2021-04-23,,,+0.0,Outdoor,https://www.tfrrs.org/results/69801/4223040/Oregon_Relays/Long-Jump,TFRRS all_performances
205,"Sloan, Tori",Oregon,Big Ten,Long Jump,2021,SO-2,,,5.49,m,Oregon Relays,2021-04-23,,,1.4,Outdoor,https://www.tfrrs.org/results/69801/4223040/Oregon_Relays/Long-Jump,TFRRS all_performances
206,"Sloan, Tori",Oregon,Big Ten,Long Jump,2021,SO-2,,,5.68,m,Oregon Relays,2021-04-23,,,0.1,Outdoor,https://www.tfrrs.org/results/69801/4223040/Oregon_Relays/Long-Jump,TFRRS all_performances
207,"Sloan, Tori",Oregon,Big Ten,Long Jump,2021,SO-2,,,5.75,m,Oregon Relays,2021-04-23,,,1.2,Outdoor,https://www.tfrrs.org/results/69801/4223040/Oregon_Relays/Long-Jump,TFRRS all_performances
208,"Chocek, Taylor",Oregon,Big Ten,100H,2021,FR-1,,,15.29,seconds,OSU High Performance Meet,2021-04-30,,,-0.2,Outdoor,https://www.tfrrs.org/results/68375/4243476/OSU_High_Performance_Meet/100-Hurdles,TFRRS all_performances
209,"Chocek, Taylor",Oregon,Big Ten,Long Jump,2021,FR-1,,,4.74,m,OSU High Performance Meet,2021-04-30,,,+0.0,Outdoor,https://www.tfrrs.org/results/68375/4243512/OSU_High_Performance_Meet/Long-Jump,TFRRS all_performances
210,"Sloan, Emily",Oregon,Big Ten,100H,2021,SO-2,,,13.04,seconds,2021 Desert Heat Classic,2021-05-01,,,1.0,Outdoor,https://www.tfrrs.org/results/69643/4244629/2021_Desert_Heat_Classic/100-Hurdles,TFRRS all_performances
211,"Chocek, Taylor",Oregon,Big Ten,100H,2021,FR-1,,,14.89,seconds,Oregon Twilight,2021-05-07,,,-0.3,Outdoor,https://www.tfrrs.org/results/69460/4254894/Oregon_Twilight/100-Hurdles,TFRRS all_performances
212,"Webster, Alexa",Oregon,Big Ten,100H,2021,FR-1,,,13.93,seconds,Oregon Twilight,2021-05-07,,,-0.3,Outdoor,https://www.tfrrs.org/results/69460/4254894/Oregon_Twilight/100-Hurdles,TFRRS all_performances
213,"Moerck, Mia",Oregon,Big Ten,400m,2021,SO-2,,,57.27,seconds,Oregon Twilight,2021-05-07,,,,Outdoor,https://www.tfrrs.org/results/69460/4254901/Oregon_Twilight/400-Meters,TFRRS all_performances
214,"Sloan, Tori",Oregon,Big Ten,Long Jump,2021,SO-2,,,5.36,m,Oregon Twilight,2021-05-07,,,0.6,Outdoor,https://www.tfrrs.org/results/69460/4254887/Oregon_Twilight/Long-Jump,TFRRS all_performances
215,"Sloan, Tori",Oregon,Big Ten,Long Jump,2021,SO-2,,,5.39,m,Oregon Twilight,2021-05-07,,,1.4,Outdoor,https://www.tfrrs.org/results/69460/4254887/Oregon_Twilight/Long-Jump,TFRRS all_performances
216,"Chocek, Taylor",Oregon,Big Ten,100H,2021,FR-1,,,15.13,seconds,Pac-12 Track & Field Championships,2021-05-14,,,-0.3,Outdoor,https://www.tfrrs.org/results/69474/4267120/Pac-12_Track__Field_Championships/100-Hurdles,TFRRS all_performances
217,"Sloan, Emily",Oregon,Big Ten,100H,2021,SO-2,,,13.21,seconds,Pac-12 Track & Field Championships,2021-05-14,,,0.6,Outdoor,https://www.tfrrs.org/results/69474/4267128/Pac-12_Track__Field_Championships/100-Hurdles,TFRRS all_performances
218,"Sloan, Emily",Oregon,Big Ten,100H,2021,SO-2,,,13.33,seconds,Pac-12 Track & Field Championships,2021-05-14,,,+0.0,Outdoor,https://www.tfrrs.org/results/69474/4267128/Pac-12_Track__Field_Championships/100-Hurdles,TFRRS all_performances
219,"Webster, Alexa",Oregon,Big Ten,100H,2021,FR-1,,,13.48,seconds,Pac-12 Track & Field Championships,2021-05-14,,,1.5,Outdoor,https://www.tfrrs.org/results/69474/4267128/Pac-12_Track__Field_Championships/100-Hurdles,TFRRS all_performances
220,"Webster, Alexa",Oregon,Big Ten,100H,2021,FR-1,,,13.68,seconds,Pac-12 Track & Field Championships,2021-05-14,,,+0.0,Outdoor,https://www.tfrrs.org/results/69474/4267128/Pac-12_Track__Field_Championships/100-Hurdles,TFRRS all_performances
221,"Webster, Alexa",Oregon,Big Ten,400H,2021,FR-1,,,1:00.79,seconds,Pac-12 Track & Field Championships,2021-05-14,,,,Outdoor,https://www.tfrrs.org/results/69474/4267110/Pac-12_Track__Field_Championships/400-Hurdles,TFRRS all_performances
222,"Webster, Alexa",Oregon,Big Ten,400H,2021,FR-1,,,59.57,seconds,Pac-12 Track & Field Championships,2021-05-14,,,,Outdoor,https://www.tfrrs.org/results/69474/4267110/Pac-12_Track__Field_Championships/400-Hurdles,TFRRS all_performances
223,"Beauvais, Gabriella",Oregon,Big Ten,400m,2021,SR-4,,,55.83,seconds,Pac-12 Track & Field Championships,2021-05-14,,,,Outdoor,https://www.tfrrs.org/results/69474/4267147/Pac-12_Track__Field_Championships/400-Meters,TFRRS all_performances
224,"Bolton, Megan",Oregon,Big Ten,400m,2021,SO-2,,,53.90,seconds,Pac-12 Track & Field Championships,2021-05-14,,,,Outdoor,https://www.tfrrs.org/results/69474/4267147/Pac-12_Track__Field_Championships/400-Meters,TFRRS all_performances
225,"Bolton, Megan",Oregon,Big Ten,400m,2021,SO-2,,,54.21,seconds,Pac-12 Track & Field Championships,2021-05-14,,,,Outdoor,https://www.tfrrs.org/results/69474/4267147/Pac-12_Track__Field_Championships/400-Meters,TFRRS all_performances
226,"Chocek, Taylor",Oregon,Big Ten,Long Jump,2021,FR-1,,,5.09,m,Pac-12 Track & Field Championships,2021-05-14,,,-0.9,Outdoor,https://www.tfrrs.org/results/69474/4267124/Pac-12_Track__Field_Championships/Long-Jump,TFRRS all_performances
227,"Chocek, Taylor",Oregon,Big Ten,Long Jump,2021,FR-1,,,5.11,m,Pac-12 Track & Field Championships,2021-05-14,,,+0.0,Outdoor,https://www.tfrrs.org/results/69474/4267124/Pac-12_Track__Field_Championships/Long-Jump,TFRRS all_performances
228,"Foster, Rhesa",Oregon,Big Ten,Long Jump,2021,SR-4,,,6.10,m,Pac-12 Track & Field Championships,2021-05-14,,,1.2,Outdoor,https://www.tfrrs.org/results/69474/4267094/Pac-12_Track__Field_Championships/Long-Jump,TFRRS all_performances
229,"Foster, Rhesa",Oregon,Big Ten,Long Jump,2021,SR-4,,,6.11,m,Pac-12 Track & Field Championships,2021-05-14,,,1.6,Outdoor,https://www.tfrrs.org/results/69474/4267094/Pac-12_Track__Field_Championships/Long-Jump,TFRRS all_performances
230,"Foster, Rhesa",Oregon,Big Ten,Long Jump,2021,SR-4,,,6.12,m,Pac-12 Track & Field Championships,2021-05-14,,,-0.1,Outdoor,https://www.tfrrs.org/results/69474/4267094/Pac-12_Track__Field_Championships/Long-Jump,TFRRS all_performances
231,"Foster, Rhesa",Oregon,Big Ten,Long Jump,2021,SR-4,,,6.32,m,Pac-12 Track & Field Championships,2021-05-14,,,+0.0,Outdoor,https://www.tfrrs.org/results/69474/4267094/Pac-12_Track__Field_Championships/Long-Jump,TFRRS all_performances
232,"Foster, Rhesa",Oregon,Big Ten,Long Jump,2021,SR-4,,,6.47,m,Pac-12 Track & Field Championships,2021-05-14,,,0.8,Outdoor,https://www.tfrrs.org/results/69474/4267094/Pac-12_Track__Field_Championships/Long-Jump,TFRRS all_performances
233,"Hickey, Alysah",Oregon,Big Ten,Long Jump,2021,FR-1,,,6.30,m,Pac-12 Track & Field Championships,2021-05-14,,,0.3,Outdoor,https://www.tfrrs.org/results/69474/4267094/Pac-12_Track__Field_Championships/Long-Jump,TFRRS all_performances
234,"Hickey, Alysah",Oregon,Big Ten,Long Jump,2021,FR-1,,,6.43,m,Pac-12 Track & Field Championships,2021-05-14,,,1.6,Outdoor,https://www.tfrrs.org/results/69474/4267094/Pac-12_Track__Field_Championships/Long-Jump,TFRRS all_performances
235,"Hickey, Alysah",Oregon,Big Ten,Long Jump,2021,FR-1,,,6.44,m,Pac-12 Track & Field Championships,2021-05-14,,,0.1,Outdoor,https://www.tfrrs.org/results/69474/4267094/Pac-12_Track__Field_Championships/Long-Jump,TFRRS all_performances
236,"Hickey, Alysah",Oregon,Big Ten,Long Jump,2021,FR-1,,,6.59,m,Pac-12 Track & Field Championships,2021-05-14,,,0.2,Outdoor,https://www.tfrrs.org/results/69474/4267094/Pac-12_Track__Field_Championships/Long-Jump,TFRRS all_performances
237,"Webster, Alexa",Oregon,Big Ten,400H,2021,FR-1,,,59.39,seconds,NCAA Division I West Preliminary Round,2021-05-26,,,,Outdoor,https://www.tfrrs.org/results/70371/4272769/NCAA_Division_I_West_Preliminary_Round/400-Hurdles,TFRRS all_performances
238,"Webster, Alexa",Oregon,Big Ten,400H,2021,FR-1,,,59.57,seconds,NCAA Division I West Preliminary Round,2021-05-26,,,,Outdoor,https://www.tfrrs.org/results/70371/4272769/NCAA_Division_I_West_Preliminary_Round/400-Hurdles,TFRRS all_performances
239,"Bolton, Megan",Oregon,Big Ten,400m,2021,SO-2,,,56.03,seconds,NCAA Division I West Preliminary Round,2021-05-26,,,,Outdoor,https://www.tfrrs.org/results/70371/4272770/NCAA_Division_I_West_Preliminary_Round/400-Meters,TFRRS all_performances
240,"Foster, Rhesa",Oregon,Big Ten,Long Jump,2021,SR-4,,,6.43,m,NCAA Division I West Preliminary Round,2021-05-26,,,1.0,Outdoor,https://www.tfrrs.org/results/70371/4272766/NCAA_Division_I_West_Preliminary_Round/Long-Jump,TFRRS all_performances
241,"Foster, Rhesa",Oregon,Big Ten,Long Jump,2021,SR-4,,,6.02,m,NCAA Division I Track & Field Championships,2021-06-09,,,1.1,Outdoor,https://www.tfrrs.org/results/70445/4276117/NCAA_Division_I_Track__Field_Championships/Long-Jump,TFRRS all_performances
242,"Foster, Rhesa",Oregon,Big Ten,Long Jump,2021,SR-4,,,6.03,m,NCAA Division I Track & Field Championships,2021-06-09,,,0.9,Outdoor,https://www.tfrrs.org/results/70445/4276117/NCAA_Division_I_Track__Field_Championships/Long-Jump,TFRRS all_performances
243,"Foster, Rhesa",Oregon,Big Ten,Long Jump,2021,SR-4,,,6.26,m,NCAA Division I Track & Field Championships,2021-06-09,,,1.1,Outdoor,https://www.tfrrs.org/results/70445/4276117/NCAA_Division_I_Track__Field_Championships/Long-Jump,TFRRS all_performances
244,"Hickey, Alysah",Oregon,Big Ten,Long Jump,2021,FR-1,,,5.96,m,NCAA Division I Track & Field Championships,2021-06-09,,,1.7,Outdoor,https://www.tfrrs.org/results/70445/4276117/NCAA_Division_I_Track__Field_Championships/Long-Jump,TFRRS all_performances
245,"Hickey, Alysah",Oregon,Big Ten,Long Jump,2021,FR-1,,,6.05,m,NCAA Division I Track & Field Championships,2021-06-09,,,-0.2,Outdoor,https://www.tfrrs.org/results/70445/4276117/NCAA_Division_I_Track__Field_Championships/Long-Jump,TFRRS all_performances
246,"Hickey, Alysah",Oregon,Big Ten,Long Jump,2021,FR-1,,,6.06,m,NCAA Division I Track & Field Championships,2021-06-09,,,0.8,Outdoor,https://www.tfrrs.org/results/70445/4276117/NCAA_Division_I_Track__Field_Championships/Long-Jump,TFRRS all_performances
247,"Hickey, Alysah",Oregon,Big Ten,Long Jump,2021,FR-1,,,6.11,m,NCAA Division I Track & Field Championships,2021-06-09,,,-0.6,Outdoor,https://www.tfrrs.org/results/70445/4276117/NCAA_Division_I_Track__Field_Championships/Long-Jump,TFRRS all_performances
248,"Hickey, Alysah",Oregon,Big Ten,Long Jump,2021,FR-1,,,6.27,m,NCAA Division I Track & Field Championships,2021-06-09,,,-0.2,Outdoor,https://www.tfrrs.org/results/70445/4276117/NCAA_Division_I_Track__Field_Championships/Long-Jump,TFRRS all_performances
249,"Hickey, Alysah",Oregon,Big Ten,Long Jump,2021,FR-1,,,6.50,m,NCAA Division I Track & Field Championships,2021-06-09,,,0.7,Outdoor,https://www.tfrrs.org/results/70445/4276117/NCAA_Division_I_Track__Field_Championships/Long-Jump,TFRRS all_performances
250,"Jones, Jasmine",USC,Big Ten,100H,2021,FR-1,,,13.01,seconds,USC Trojan Invitational,2021-03-19,,,0.3,Outdoor,https://www.tfrrs.org/results/68443/4129434/USC_Trojan_Invitational/100-Hurdles,TFRRS all_performances
251,"Bernard-Joseph, Breanna",USC,Big Ten,400H,2021,JR-3,,,59.49,seconds,USC Trojan Invitational,2021-03-19,,,,Outdoor,https://www.tfrrs.org/results/68443/4129411/USC_Trojan_Invitational/400-Hurdles,TFRRS all_performances
252,"Daly, Jennifer",USC,Big Ten,400m,2021,SR-4,,,59.72,seconds,USC Trojan Invitational,2021-03-19,,,,Outdoor,https://www.tfrrs.org/results/68443/4129405/USC_Trojan_Invitational/400-Meters,TFRRS all_performances
253,"Okonkwo, Chioma",USC,Big Ten,400m,2021,SO-2,,,56.31,seconds,USC Trojan Invitational,2021-03-19,,,,Outdoor,https://www.tfrrs.org/results/68443/4129405/USC_Trojan_Invitational/400-Meters,TFRRS all_performances
254,"Russell, Jemima",USC,Big Ten,400m,2021,SR-4,,,56.30,seconds,USC Trojan Invitational,2021-03-19,,,,Outdoor,https://www.tfrrs.org/results/68443/4129405/USC_Trojan_Invitational/400-Meters,TFRRS all_performances
255,"Serville, Rae-Anne",USC,Big Ten,400m,2021,FR-1,,,53.45,seconds,USC Trojan Invitational,2021-03-19,,,,Outdoor,https://www.tfrrs.org/results/68443/4129405/USC_Trojan_Invitational/400-Meters,TFRRS all_performances
256,"Smalls, Morgan",USC,Big Ten,Long Jump,2021,FR-1,,,4.70,m,USC Trojan Invitational,2021-03-19,,,0.4,Outdoor,https://www.tfrrs.org/results/68443/4129428/USC_Trojan_Invitational/Long-Jump,TFRRS all_performances
257,"Smalls, Morgan",USC,Big Ten,Long Jump,2021,FR-1,,,5.92,m,USC Trojan Invitational,2021-03-19,,,-1.2,Outdoor,https://www.tfrrs.org/results/68443/4129428/USC_Trojan_Invitational/Long-Jump,TFRRS all_performances
258,"Smalls, Morgan",USC,Big Ten,Long Jump,2021,FR-1,,,6.03,m,USC Trojan Invitational,2021-03-19,,,-1.6,Outdoor,https://www.tfrrs.org/results/68443/4129428/USC_Trojan_Invitational/Long-Jump,TFRRS all_performances
259,"Smalls, Morgan",USC,Big Ten,Long Jump,2021,FR-1,,,6.11,m,USC Trojan Invitational,2021-03-19,,,0.3,Outdoor,https://www.tfrrs.org/results/68443/4129428/USC_Trojan_Invitational/Long-Jump,TFRRS all_performances
260,"Smalls, Morgan",USC,Big Ten,Long Jump,2021,FR-1,,,6.13,m,USC Trojan Invitational,2021-03-19,,,0.4,Outdoor,https://www.tfrrs.org/results/68443/4129428/USC_Trojan_Invitational/Long-Jump,TFRRS all_performances
261,"Thomas, Lanae-Tava",USC,Big Ten,Long Jump,2021,JR-3,,,5.68,m,USC Trojan Invitational,2021-03-19,,,-1.3,Outdoor,https://www.tfrrs.org/results/68443/4129428/USC_Trojan_Invitational/Long-Jump,TFRRS all_performances
262,"Thomas, Lanae-Tava",USC,Big Ten,Long Jump,2021,JR-3,,,6.08,m,USC Trojan Invitational,2021-03-19,,,-1.4,Outdoor,https://www.tfrrs.org/results/68443/4129428/USC_Trojan_Invitational/Long-Jump,TFRRS all_performances
263,"Thomas, Lanae-Tava",USC,Big Ten,Long Jump,2021,JR-3,,,6.38,m,USC Trojan Invitational,2021-03-19,,,1.1,Outdoor,https://www.tfrrs.org/results/68443/4129428/USC_Trojan_Invitational/Long-Jump,TFRRS all_performances
264,"Cockrell, Anna",USC,Big Ten,100H,2021,SR-4,,,13.10,seconds,42nd Aztec Invitational,2021-03-25,,,-1.3,Outdoor,https://www.tfrrs.org/results/67907/4150075/42nd_Aztec_Invitational/100-Hurdles,TFRRS all_performances
265,"Bernard-Joseph, Breanna",USC,Big Ten,400H,2021,JR-3,,,1:01.09,seconds,42nd Aztec Invitational,2021-03-25,,,,Outdoor,https://www.tfrrs.org/results/67907/4150121/42nd_Aztec_Invitational/400-Hurdles,TFRRS all_performances
266,"Brewer, Alyssa",USC,Big Ten,400m,2021,JR-3,,,57.57,seconds,42nd Aztec Invitational,2021-03-25,,,,Outdoor,https://www.tfrrs.org/results/67907/4150119/42nd_Aztec_Invitational/400-Meters,TFRRS all_performances
267,"Okonkwo, Chioma",USC,Big Ten,400m,2021,SO-2,,,55.74,seconds,42nd Aztec Invitational,2021-03-25,,,,Outdoor,https://www.tfrrs.org/results/67907/4150119/42nd_Aztec_Invitational/400-Meters,TFRRS all_performances
268,"Paez, Abygail",USC,Big Ten,400m,2021,SO-2,,,57.81,seconds,42nd Aztec Invitational,2021-03-25,,,,Outdoor,https://www.tfrrs.org/results/67907/4150119/42nd_Aztec_Invitational/400-Meters,TFRRS all_performances
269,"Serville, Rae-Anne",USC,Big Ten,400m,2021,FR-1,,,53.22,seconds,42nd Aztec Invitational,2021-03-25,,,,Outdoor,https://www.tfrrs.org/results/67907/4150119/42nd_Aztec_Invitational/400-Meters,TFRRS all_performances
270,"Cockrell, Anna",USC,Big Ten,100H,2021,SR-4,,,12.89,seconds,Pepsi Florida Relays,2021-04-02,,,0.8,Outdoor,https://www.tfrrs.org/results/68395/4166890/Pepsi_Florida_Relays/100-Hurdles,TFRRS all_performances
271,"Cockrell, Anna",USC,Big Ten,100H,2021,SR-4,,,13.13,seconds,Pepsi Florida Relays,2021-04-02,,,0.3,Outdoor,https://www.tfrrs.org/results/68395/4166890/Pepsi_Florida_Relays/100-Hurdles,TFRRS all_performances
272,"Jones, Jasmine",USC,Big Ten,100H,2021,FR-1,,,12.91,seconds,Pepsi Florida Relays,2021-04-02,,,0.8,Outdoor,https://www.tfrrs.org/results/68395/4166890/Pepsi_Florida_Relays/100-Hurdles,TFRRS all_performances
273,"Jones, Jasmine",USC,Big Ten,100H,2021,FR-1,,,13.04,seconds,Pepsi Florida Relays,2021-04-02,,,0.7,Outdoor,https://www.tfrrs.org/results/68395/4166890/Pepsi_Florida_Relays/100-Hurdles,TFRRS all_performances
274,"McGlaston, Mecca",USC,Big Ten,100H,2021,SR-4,,,13.34,seconds,Pepsi Florida Relays,2021-04-02,,,0.3,Outdoor,https://www.tfrrs.org/results/68395/4166890/Pepsi_Florida_Relays/100-Hurdles,TFRRS all_performances
275,"McGlaston, Mecca",USC,Big Ten,100H,2021,SR-4,,,13.46,seconds,Pepsi Florida Relays,2021-04-02,,,0.8,Outdoor,https://www.tfrrs.org/results/68395/4166890/Pepsi_Florida_Relays/100-Hurdles,TFRRS all_performances
276,"Bernard-Joseph, Breanna",USC,Big Ten,400H,2021,JR-3,,,1:00.03,seconds,Pepsi Florida Relays,2021-04-02,,,,Outdoor,https://www.tfrrs.org/results/68395/4166907/Pepsi_Florida_Relays/400-Hurdles,TFRRS all_performances
277,"Cockrell, Anna",USC,Big Ten,400H,2021,SR-4,,,55.65,seconds,Pepsi Florida Relays,2021-04-02,,,,Outdoor,https://www.tfrrs.org/results/68395/4166907/Pepsi_Florida_Relays/400-Hurdles,TFRRS all_performances
278,"Constantine, Kyra",USC,Big Ten,400m,2021,SR-4,,,52.22,seconds,Pepsi Florida Relays,2021-04-02,,,,Outdoor,https://www.tfrrs.org/results/68395/4166914/Pepsi_Florida_Relays/400-Meters,TFRRS all_performances
279,"Ford, Jan'Taijah",USC,Big Ten,400m,2021,SO-2,,,52.70,seconds,Pepsi Florida Relays,2021-04-02,,,,Outdoor,https://www.tfrrs.org/results/68395/4166914/Pepsi_Florida_Relays/400-Meters,TFRRS all_performances
280,"Lear, Bailey",USC,Big Ten,400m,2021,JR-3,,,51.57,seconds,Pepsi Florida Relays,2021-04-02,,,,Outdoor,https://www.tfrrs.org/results/68395/4166914/Pepsi_Florida_Relays/400-Meters,TFRRS all_performances
281,"Roberts, Kaelin",USC,Big Ten,400m,2021,SR-4,,,51.23,seconds,Pepsi Florida Relays,2021-04-02,,,,Outdoor,https://www.tfrrs.org/results/68395/4166914/Pepsi_Florida_Relays/400-Meters,TFRRS all_performances
282,"Serville, Rae-Anne",USC,Big Ten,400m,2021,FR-1,,,53.67,seconds,Pepsi Florida Relays,2021-04-02,,,,Outdoor,https://www.tfrrs.org/results/68395/4166914/Pepsi_Florida_Relays/400-Meters,TFRRS all_performances
283,"Yeargin, Nicole",USC,Big Ten,400m,2021,SR-4,,,52.09,seconds,Pepsi Florida Relays,2021-04-02,,,,Outdoor,https://www.tfrrs.org/results/68395/4166914/Pepsi_Florida_Relays/400-Meters,TFRRS all_performances
284,"Smalls, Morgan",USC,Big Ten,Long Jump,2021,FR-1,,,5.85,m,Pepsi Florida Relays,2021-04-02,,,0.4,Outdoor,https://www.tfrrs.org/results/68395/4166915/Pepsi_Florida_Relays/Long-Jump,TFRRS all_performances
285,"Smalls, Morgan",USC,Big Ten,Long Jump,2021,FR-1,,,6.15,m,Pepsi Florida Relays,2021-04-02,,,1.7,Outdoor,https://www.tfrrs.org/results/68395/4166915/Pepsi_Florida_Relays/Long-Jump,TFRRS all_performances
286,"Smalls, Morgan",USC,Big Ten,Long Jump,2021,FR-1,,,6.30,m,Pepsi Florida Relays,2021-04-02,,,0.9,Outdoor,https://www.tfrrs.org/results/68395/4166915/Pepsi_Florida_Relays/Long-Jump,TFRRS all_performances
287,"Smalls, Morgan",USC,Big Ten,Long Jump,2021,FR-1,,,6.35,m,Pepsi Florida Relays,2021-04-02,,,0.6,Outdoor,https://www.tfrrs.org/results/68395/4166915/Pepsi_Florida_Relays/Long-Jump,TFRRS all_performances
288,"Thomas, Lanae-Tava",USC,Big Ten,Long Jump,2021,JR-3,,,5.80,m,Pepsi Florida Relays,2021-04-02,,,1.1,Outdoor,https://www.tfrrs.org/results/68395/4166915/Pepsi_Florida_Relays/Long-Jump,TFRRS all_performances
289,"Thomas, Lanae-Tava",USC,Big Ten,Long Jump,2021,JR-3,,,6.34,m,Pepsi Florida Relays,2021-04-02,,,1.1,Outdoor,https://www.tfrrs.org/results/68395/4166915/Pepsi_Florida_Relays/Long-Jump,TFRRS all_performances
290,"McGlaston, Mecca",USC,Big Ten,100H,2021,SR-4,,,13.16,seconds,CAL vs USC Dual,2021-04-10,,,0.4,Outdoor,https://www.tfrrs.org/results/67470/4187040/CAL_vs_USC_Dual_/100-Hurdles,TFRRS all_performances
291,"Bernard-Joseph, Breanna",USC,Big Ten,400H,2021,JR-3,,,59.49,seconds,CAL vs USC Dual,2021-04-10,,,,Outdoor,https://www.tfrrs.org/results/67470/4187036/CAL_vs_USC_Dual_/400-Hurdles,TFRRS all_performances
292,"Brewer, Alyssa",USC,Big Ten,400m,2021,JR-3,,,56.48,seconds,CAL vs USC Dual,2021-04-10,,,,Outdoor,https://www.tfrrs.org/results/67470/4187029/CAL_vs_USC_Dual_/400-Meters,TFRRS all_performances
293,"Ford, Jan'Taijah",USC,Big Ten,400m,2021,SO-2,,,52.65,seconds,CAL vs USC Dual,2021-04-10,,,,Outdoor,https://www.tfrrs.org/results/67470/4187029/CAL_vs_USC_Dual_/400-Meters,TFRRS all_performances
294,"Harris, Kimberly",USC,Big Ten,400m,2021,FR-1,,,52.89,seconds,CAL vs USC Dual,2021-04-10,,,,Outdoor,https://www.tfrrs.org/results/67470/4187029/CAL_vs_USC_Dual_/400-Meters,TFRRS all_performances
295,"Okonkwo, Chioma",USC,Big Ten,400m,2021,SO-2,,,55.88,seconds,CAL vs USC Dual,2021-04-10,,,,Outdoor,https://www.tfrrs.org/results/67470/4187029/CAL_vs_USC_Dual_/400-Meters,TFRRS all_performances
296,"Russell, Jemima",USC,Big Ten,400m,2021,JR-3,,,56.13,seconds,CAL vs USC Dual,2021-04-10,,,,Outdoor,https://www.tfrrs.org/results/67470/4187029/CAL_vs_USC_Dual_/400-Meters,TFRRS all_performances
297,"Cockrell, Anna",USC,Big Ten,100H,2021,SR-4,,,12.84,seconds,Long Beach Invitational,2021-04-16,,,0.9,Outdoor,https://www.tfrrs.org/results/69592/4208778/Long_Beach_Invitational/100-Hurdles,TFRRS all_performances
298,"Jones, Jasmine",USC,Big Ten,100H,2021,FR-1,,,12.89,seconds,Long Beach Invitational,2021-04-16,,,0.9,Outdoor,https://www.tfrrs.org/results/69592/4208778/Long_Beach_Invitational/100-Hurdles,TFRRS all_performances
299,"McGlaston, Mecca",USC,Big Ten,100H,2021,SR-4,,,13.14,seconds,Long Beach Invitational,2021-04-16,,,0.9,Outdoor,https://www.tfrrs.org/results/69592/4208778/Long_Beach_Invitational/100-Hurdles,TFRRS all_performances
300,"Bernard-Joseph, Breanna",USC,Big Ten,400m,2021,JR-3,,,54.02,seconds,Long Beach Invitational,2021-04-16,,,,Outdoor,https://www.tfrrs.org/results/69592/4208744/Long_Beach_Invitational/400-Meters,TFRRS all_performances
301,"Cockrell, Anna",USC,Big Ten,400m,2021,SR-4,,,53.39,seconds,Long Beach Invitational,2021-04-16,,,,Outdoor,https://www.tfrrs.org/results/69592/4208744/Long_Beach_Invitational/400-Meters,TFRRS all_performances
302,"Constantine, Kyra",USC,Big Ten,400m,2021,SR-4,,,51.85,seconds,Long Beach Invitational,2021-04-16,,,,Outdoor,https://www.tfrrs.org/results/69592/4208744/Long_Beach_Invitational/400-Meters,TFRRS all_performances
303,"Ford, Jan'Taijah",USC,Big Ten,400m,2021,SO-2,,,52.49,seconds,Long Beach Invitational,2021-04-16,,,,Outdoor,https://www.tfrrs.org/results/69592/4208744/Long_Beach_Invitational/400-Meters,TFRRS all_performances
304,"Lear, Bailey",USC,Big Ten,400m,2021,JR-3,,,52.50,seconds,Long Beach Invitational,2021-04-16,,,,Outdoor,https://www.tfrrs.org/results/69592/4208744/Long_Beach_Invitational/400-Meters,TFRRS all_performances
305,"Roberts, Kaelin",USC,Big Ten,400m,2021,SR-4,,,51.85,seconds,Long Beach Invitational,2021-04-16,,,,Outdoor,https://www.tfrrs.org/results/69592/4208744/Long_Beach_Invitational/400-Meters,TFRRS all_performances
306,"Serville, Rae-Anne",USC,Big Ten,400m,2021,FR-1,,,53.02,seconds,Long Beach Invitational,2021-04-16,,,,Outdoor,https://www.tfrrs.org/results/69592/4208744/Long_Beach_Invitational/400-Meters,TFRRS all_performances
307,"Smalls, Morgan",USC,Big Ten,Long Jump,2021,FR-1,,,6.04,m,Long Beach Invitational,2021-04-16,,,+0.0,Outdoor,https://www.tfrrs.org/results/69592/4208760/Long_Beach_Invitational/Long-Jump,TFRRS all_performances
308,"Smalls, Morgan",USC,Big Ten,Long Jump,2021,FR-1,,,6.12,m,Long Beach Invitational,2021-04-16,,,1.4,Outdoor,https://www.tfrrs.org/results/69592/4208760/Long_Beach_Invitational/Long-Jump,TFRRS all_performances
309,"Smalls, Morgan",USC,Big Ten,Long Jump,2021,FR-1,,,6.19,m,Long Beach Invitational,2021-04-16,,,+0.0,Outdoor,https://www.tfrrs.org/results/69592/4208760/Long_Beach_Invitational/Long-Jump,TFRRS all_performances
310,"Smalls, Morgan",USC,Big Ten,Long Jump,2021,FR-1,,,6.30,m,Long Beach Invitational,2021-04-16,,,+0.0,Outdoor,https://www.tfrrs.org/results/69592/4208760/Long_Beach_Invitational/Long-Jump,TFRRS all_performances
311,"Thomas, Lanae-Tava",USC,Big Ten,Long Jump,2021,JR-3,,,5.45,m,Long Beach Invitational,2021-04-16,,,+0.0,Outdoor,https://www.tfrrs.org/results/69592/4208760/Long_Beach_Invitational/Long-Jump,TFRRS all_performances
312,"Thomas, Lanae-Tava",USC,Big Ten,Long Jump,2021,JR-3,,,5.75,m,Long Beach Invitational,2021-04-16,,,-0.7,Outdoor,https://www.tfrrs.org/results/69592/4208760/Long_Beach_Invitational/Long-Jump,TFRRS all_performances
313,"Thomas, Lanae-Tava",USC,Big Ten,Long Jump,2021,JR-3,,,5.82,m,Long Beach Invitational,2021-04-16,,,1.8,Outdoor,https://www.tfrrs.org/results/69592/4208760/Long_Beach_Invitational/Long-Jump,TFRRS all_performances
314,"Thomas, Lanae-Tava",USC,Big Ten,Long Jump,2021,JR-3,,,5.88,m,Long Beach Invitational,2021-04-16,,,+0.0,Outdoor,https://www.tfrrs.org/results/69592/4208760/Long_Beach_Invitational/Long-Jump,TFRRS all_performances
315,"Cockrell, Anna",USC,Big Ten,100H,2021,SR-4,,,12.79,seconds,UCLA v. USC Dual Meet,2021-05-02,,,1.5,Outdoor,https://www.tfrrs.org/results/68254/4245962/UCLA_v_USC_Dual_Meet/100-Hurdles,TFRRS all_performances
316,"Jones, Jasmine",USC,Big Ten,100H,2021,FR-1,,,13.05,seconds,UCLA v. USC Dual Meet,2021-05-02,,,1.5,Outdoor,https://www.tfrrs.org/results/68254/4245962/UCLA_v_USC_Dual_Meet/100-Hurdles,TFRRS all_performances
317,"McGlaston, Mecca",USC,Big Ten,100H,2021,SR-4,,,13.26,seconds,UCLA v. USC Dual Meet,2021-05-02,,,1.5,Outdoor,https://www.tfrrs.org/results/68254/4245962/UCLA_v_USC_Dual_Meet/100-Hurdles,TFRRS all_performances
318,"Bernard-Joseph, Breanna",USC,Big Ten,400H,2021,JR-3,,,57.93,seconds,UCLA v. USC Dual Meet,2021-05-02,,,,Outdoor,https://www.tfrrs.org/results/68254/4245989/UCLA_v_USC_Dual_Meet/400-Hurdles,TFRRS all_performances
319,"Cockrell, Anna",USC,Big Ten,400H,2021,SR-4,,,55.59,seconds,UCLA v. USC Dual Meet,2021-05-02,,,,Outdoor,https://www.tfrrs.org/results/68254/4245989/UCLA_v_USC_Dual_Meet/400-Hurdles,TFRRS all_performances
320,"Constantine, Kyra",USC,Big Ten,400m,2021,SR-4,,,51.58,seconds,UCLA v. USC Dual Meet,2021-05-02,,,,Outdoor,https://www.tfrrs.org/results/68254/4245987/UCLA_v_USC_Dual_Meet/400-Meters,TFRRS all_performances
321,"Ford, Jan'Taijah",USC,Big Ten,400m,2021,SO-2,,,53.47,seconds,UCLA v. USC Dual Meet,2021-05-02,,,,Outdoor,https://www.tfrrs.org/results/68254/4245987/UCLA_v_USC_Dual_Meet/400-Meters,TFRRS all_performances
322,"Harris, Kimberly",USC,Big Ten,400m,2021,FR-1,,,52.78,seconds,UCLA v. USC Dual Meet,2021-05-02,,,,Outdoor,https://www.tfrrs.org/results/68254/4245987/UCLA_v_USC_Dual_Meet/400-Meters,TFRRS all_performances
323,"Lear, Bailey",USC,Big Ten,400m,2021,JR-3,,,51.79,seconds,UCLA v. USC Dual Meet,2021-05-02,,,,Outdoor,https://www.tfrrs.org/results/68254/4245987/UCLA_v_USC_Dual_Meet/400-Meters,TFRRS all_performances
324,"Roberts, Kaelin",USC,Big Ten,400m,2021,SR-4,,,51.14,seconds,UCLA v. USC Dual Meet,2021-05-02,,,,Outdoor,https://www.tfrrs.org/results/68254/4245987/UCLA_v_USC_Dual_Meet/400-Meters,TFRRS all_performances
325,"Serville, Rae-Anne",USC,Big Ten,400m,2021,FR-1,,,53.08,seconds,UCLA v. USC Dual Meet,2021-05-02,,,,Outdoor,https://www.tfrrs.org/results/68254/4245987/UCLA_v_USC_Dual_Meet/400-Meters,TFRRS all_performances
326,"Yeargin, Nicole",USC,Big Ten,400m,2021,SR-4,,,51.99,seconds,UCLA v. USC Dual Meet,2021-05-02,,,,Outdoor,https://www.tfrrs.org/results/68254/4245987/UCLA_v_USC_Dual_Meet/400-Meters,TFRRS all_performances
327,"Ojora, Temitope",USC,Big Ten,Long Jump,2021,FR-1,,,5.74,m,UCLA v. USC Dual Meet,2021-05-02,,,0.7,Outdoor,https://www.tfrrs.org/results/68254/4245970/UCLA_v_USC_Dual_Meet/Long-Jump,TFRRS all_performances
328,"Ojora, Temitope",USC,Big Ten,Long Jump,2021,FR-1,,,5.95,m,UCLA v. USC Dual Meet,2021-05-02,,,-0.6,Outdoor,https://www.tfrrs.org/results/68254/4245970/UCLA_v_USC_Dual_Meet/Long-Jump,TFRRS all_performances
329,"Smalls, Morgan",USC,Big Ten,Long Jump,2021,FR-1,,,6.21,m,UCLA v. USC Dual Meet,2021-05-02,,,-0.5,Outdoor,https://www.tfrrs.org/results/68254/4245970/UCLA_v_USC_Dual_Meet/Long-Jump,TFRRS all_performances
330,"Smalls, Morgan",USC,Big Ten,Long Jump,2021,FR-1,,,6.31,m,UCLA v. USC Dual Meet,2021-05-02,,,1.5,Outdoor,https://www.tfrrs.org/results/68254/4245970/UCLA_v_USC_Dual_Meet/Long-Jump,TFRRS all_performances
331,"Smalls, Morgan",USC,Big Ten,Long Jump,2021,FR-1,,,6.42,m,UCLA v. USC Dual Meet,2021-05-02,,,0.8,Outdoor,https://www.tfrrs.org/results/68254/4245970/UCLA_v_USC_Dual_Meet/Long-Jump,TFRRS all_performances
332,"Thomas, Lanae-Tava",USC,Big Ten,Long Jump,2021,JR-3,,,5.95,m,UCLA v. USC Dual Meet,2021-05-02,,,1.6,Outdoor,https://www.tfrrs.org/results/68254/4245970/UCLA_v_USC_Dual_Meet/Long-Jump,TFRRS all_performances
333,"Thomas, Lanae-Tava",USC,Big Ten,Long Jump,2021,JR-3,,,6.15,m,UCLA v. USC Dual Meet,2021-05-02,,,-0.1,Outdoor,https://www.tfrrs.org/results/68254/4245970/UCLA_v_USC_Dual_Meet/Long-Jump,TFRRS all_performances
334,"Thomas, Lanae-Tava",USC,Big Ten,Long Jump,2021,JR-3,,,6.25,m,UCLA v. USC Dual Meet,2021-05-02,,,1.5,Outdoor,https://www.tfrrs.org/results/68254/4245970/UCLA_v_USC_Dual_Meet/Long-Jump,TFRRS all_performances
335,"Thomas, Lanae-Tava",USC,Big Ten,Long Jump,2021,JR-3,,,6.26,m,UCLA v. USC Dual Meet,2021-05-02,,,+0.0,Outdoor,https://www.tfrrs.org/results/68254/4245970/UCLA_v_USC_Dual_Meet/Long-Jump,TFRRS all_performances
336,"Cockrell, Anna",USC,Big Ten,100H,2021,SR-4,,,12.79,seconds,Pac-12 Track & Field Championships,2021-05-14,,,+0.0,Outdoor,https://www.tfrrs.org/results/69474/4267128/Pac-12_Track__Field_Championships/100-Hurdles,TFRRS all_performances
337,"Cockrell, Anna",USC,Big Ten,100H,2021,SR-4,,,12.82,seconds,Pac-12 Track & Field Championships,2021-05-14,,,1.5,Outdoor,https://www.tfrrs.org/results/69474/4267128/Pac-12_Track__Field_Championships/100-Hurdles,TFRRS all_performances
338,"Jones, Jasmine",USC,Big Ten,100H,2021,FR-1,,,12.89,seconds,Pac-12 Track & Field Championships,2021-05-14,,,+0.0,Outdoor,https://www.tfrrs.org/results/69474/4267128/Pac-12_Track__Field_Championships/100-Hurdles,TFRRS all_performances
339,"Jones, Jasmine",USC,Big Ten,100H,2021,FR-1,,,13.02,seconds,Pac-12 Track & Field Championships,2021-05-14,,,-0.4,Outdoor,https://www.tfrrs.org/results/69474/4267128/Pac-12_Track__Field_Championships/100-Hurdles,TFRRS all_performances
340,"McGlaston, Mecca",USC,Big Ten,100H,2021,SR-4,,,13.15,seconds,Pac-12 Track & Field Championships,2021-05-14,,,0.6,Outdoor,https://www.tfrrs.org/results/69474/4267128/Pac-12_Track__Field_Championships/100-Hurdles,TFRRS all_performances
341,"McGlaston, Mecca",USC,Big Ten,100H,2021,SR-4,,,13.23,seconds,Pac-12 Track & Field Championships,2021-05-14,,,+0.0,Outdoor,https://www.tfrrs.org/results/69474/4267128/Pac-12_Track__Field_Championships/100-Hurdles,TFRRS all_performances
342,"Bernard-Joseph, Breanna",USC,Big Ten,400H,2021,JR-3,,,58.29,seconds,Pac-12 Track & Field Championships,2021-05-14,,,,Outdoor,https://www.tfrrs.org/results/69474/4267110/Pac-12_Track__Field_Championships/400-Hurdles,TFRRS all_performances
343,"Bernard-Joseph, Breanna",USC,Big Ten,400H,2021,JR-3,,,58.80,seconds,Pac-12 Track & Field Championships,2021-05-14,,,,Outdoor,https://www.tfrrs.org/results/69474/4267110/Pac-12_Track__Field_Championships/400-Hurdles,TFRRS all_performances
344,"Cockrell, Anna",USC,Big Ten,400H,2021,SR-4,,,54.77,seconds,Pac-12 Track & Field Championships,2021-05-14,,,,Outdoor,https://www.tfrrs.org/results/69474/4267110/Pac-12_Track__Field_Championships/400-Hurdles,TFRRS all_performances
345,"Cockrell, Anna",USC,Big Ten,400H,2021,SR-4,,,56.87,seconds,Pac-12 Track & Field Championships,2021-05-14,,,,Outdoor,https://www.tfrrs.org/results/69474/4267110/Pac-12_Track__Field_Championships/400-Hurdles,TFRRS all_performances
346,"Constantine, Kyra",USC,Big Ten,400m,2021,SR-4,,,51.16,seconds,Pac-12 Track & Field Championships,2021-05-14,,,,Outdoor,https://www.tfrrs.org/results/69474/4267147/Pac-12_Track__Field_Championships/400-Meters,TFRRS all_performances
347,"Constantine, Kyra",USC,Big Ten,400m,2021,SR-4,,,52.20,seconds,Pac-12 Track & Field Championships,2021-05-14,,,,Outdoor,https://www.tfrrs.org/results/69474/4267147/Pac-12_Track__Field_Championships/400-Meters,TFRRS all_performances
348,"Ford, Jan'Taijah",USC,Big Ten,400m,2021,SO-2,,,52.19,seconds,Pac-12 Track & Field Championships,2021-05-14,,,,Outdoor,https://www.tfrrs.org/results/69474/4267147/Pac-12_Track__Field_Championships/400-Meters,TFRRS all_performances
349,"Ford, Jan'Taijah",USC,Big Ten,400m,2021,SO-2,,,52.97,seconds,Pac-12 Track & Field Championships,2021-05-14,,,,Outdoor,https://www.tfrrs.org/results/69474/4267147/Pac-12_Track__Field_Championships/400-Meters,TFRRS all_performances
350,"Harris, Kimberly",USC,Big Ten,400m,2021,FR-1,,,53.46,seconds,Pac-12 Track & Field Championships,2021-05-14,,,,Outdoor,https://www.tfrrs.org/results/69474/4267147/Pac-12_Track__Field_Championships/400-Meters,TFRRS all_performances
351,"Harris, Kimberly",USC,Big Ten,400m,2021,FR-1,,,53.56,seconds,Pac-12 Track & Field Championships,2021-05-14,,,,Outdoor,https://www.tfrrs.org/results/69474/4267147/Pac-12_Track__Field_Championships/400-Meters,TFRRS all_performances
352,"Lear, Bailey",USC,Big Ten,400m,2021,JR-3,,,51.67,seconds,Pac-12 Track & Field Championships,2021-05-14,,,,Outdoor,https://www.tfrrs.org/results/69474/4267147/Pac-12_Track__Field_Championships/400-Meters,TFRRS all_performances
353,"Lear, Bailey",USC,Big Ten,400m,2021,JR-3,,,52.03,seconds,Pac-12 Track & Field Championships,2021-05-14,,,,Outdoor,https://www.tfrrs.org/results/69474/4267147/Pac-12_Track__Field_Championships/400-Meters,TFRRS all_performances
354,"Serville, Rae-Anne",USC,Big Ten,400m,2021,FR-1,,,53.39,seconds,Pac-12 Track & Field Championships,2021-05-14,,,,Outdoor,https://www.tfrrs.org/results/69474/4267147/Pac-12_Track__Field_Championships/400-Meters,TFRRS all_performances
355,"Serville, Rae-Anne",USC,Big Ten,400m,2021,FR-1,,,53.64,seconds,Pac-12 Track & Field Championships,2021-05-14,,,,Outdoor,https://www.tfrrs.org/results/69474/4267147/Pac-12_Track__Field_Championships/400-Meters,TFRRS all_performances
356,"Yeargin, Nicole",USC,Big Ten,400m,2021,SR-4,,,51.39,seconds,Pac-12 Track & Field Championships,2021-05-14,,,,Outdoor,https://www.tfrrs.org/results/69474/4267147/Pac-12_Track__Field_Championships/400-Meters,TFRRS all_performances
357,"Yeargin, Nicole",USC,Big Ten,400m,2021,SR-4,,,52.17,seconds,Pac-12 Track & Field Championships,2021-05-14,,,,Outdoor,https://www.tfrrs.org/results/69474/4267147/Pac-12_Track__Field_Championships/400-Meters,TFRRS all_performances
358,"Smalls, Morgan",USC,Big Ten,Long Jump,2021,FR-1,,,6.29,m,Pac-12 Track & Field Championships,2021-05-14,,,1.4,Outdoor,https://www.tfrrs.org/results/69474/4267094/Pac-12_Track__Field_Championships/Long-Jump,TFRRS all_performances
359,"Smalls, Morgan",USC,Big Ten,Long Jump,2021,FR-1,,,6.53,m,Pac-12 Track & Field Championships,2021-05-14,,,1.6,Outdoor,https://www.tfrrs.org/results/69474/4267094/Pac-12_Track__Field_Championships/Long-Jump,TFRRS all_performances
360,"Thomas, Lanae-Tava",USC,Big Ten,Long Jump,2021,JR-3,,,6.12,m,Pac-12 Track & Field Championships,2021-05-14,,,0.1,Outdoor,https://www.tfrrs.org/results/69474/4267094/Pac-12_Track__Field_Championships/Long-Jump,TFRRS all_performances
361,"Thomas, Lanae-Tava",USC,Big Ten,Long Jump,2021,JR-3,,,6.27,m,Pac-12 Track & Field Championships,2021-05-14,,,+0.0,Outdoor,https://www.tfrrs.org/results/69474/4267094/Pac-12_Track__Field_Championships/Long-Jump,TFRRS all_performances
362,"Thomas, Lanae-Tava",USC,Big Ten,Long Jump,2021,JR-3,,,6.30,m,Pac-12 Track & Field Championships,2021-05-14,,,0.5,Outdoor,https://www.tfrrs.org/results/69474/4267094/Pac-12_Track__Field_Championships/Long-Jump,TFRRS all_performances
363,"Cockrell, Anna",USC,Big Ten,100H,2021,SR-4,,,12.86,seconds,NCAA Division I West Preliminary Round,2021-05-26,,,0.4,Outdoor,https://www.tfrrs.org/results/70371/4272771/NCAA_Division_I_West_Preliminary_Round/100-Hurdles,TFRRS all_performances
364,"Jones, Jasmine",USC,Big Ten,100H,2021,FR-1,,,12.98,seconds,NCAA Division I West Preliminary Round,2021-05-26,,,1.2,Outdoor,https://www.tfrrs.org/results/70371/4272771/NCAA_Division_I_West_Preliminary_Round/100-Hurdles,TFRRS all_performances
365,"McGlaston, Mecca",USC,Big Ten,100H,2021,SR-4,,,13.12,seconds,NCAA Division I West Preliminary Round,2021-05-26,,,1.2,Outdoor,https://www.tfrrs.org/results/70371/4272771/NCAA_Division_I_West_Preliminary_Round/100-Hurdles,TFRRS all_performances
366,"Bernard-Joseph, Breanna",USC,Big Ten,400H,2021,JR-3,,,57.44,seconds,NCAA Division I West Preliminary Round,2021-05-26,,,,Outdoor,https://www.tfrrs.org/results/70371/4272769/NCAA_Division_I_West_Preliminary_Round/400-Hurdles,TFRRS all_performances
367,"Bernard-Joseph, Breanna",USC,Big Ten,400H,2021,JR-3,,,59.38,seconds,NCAA Division I West Preliminary Round,2021-05-26,,,,Outdoor,https://www.tfrrs.org/results/70371/4272769/NCAA_Division_I_West_Preliminary_Round/400-Hurdles,TFRRS all_performances
368,"Cockrell, Anna",USC,Big Ten,400H,2021,SR-4,,,56.47,seconds,NCAA Division I West Preliminary Round,2021-05-26,,,,Outdoor,https://www.tfrrs.org/results/70371/4272769/NCAA_Division_I_West_Preliminary_Round/400-Hurdles,TFRRS all_performances
369,"Cockrell, Anna",USC,Big Ten,400H,2021,SR-4,,,58.05,seconds,NCAA Division I West Preliminary Round,2021-05-26,,,,Outdoor,https://www.tfrrs.org/results/70371/4272769/NCAA_Division_I_West_Preliminary_Round/400-Hurdles,TFRRS all_performances
370,"Constantine, Kyra",USC,Big Ten,400m,2021,SR-4,,,51.33,seconds,NCAA Division I West Preliminary Round,2021-05-26,,,,Outdoor,https://www.tfrrs.org/results/70371/4272770/NCAA_Division_I_West_Preliminary_Round/400-Meters,TFRRS all_performances
371,"Constantine, Kyra",USC,Big Ten,400m,2021,SR-4,,,51.42,seconds,NCAA Division I West Preliminary Round,2021-05-26,,,,Outdoor,https://www.tfrrs.org/results/70371/4272770/NCAA_Division_I_West_Preliminary_Round/400-Meters,TFRRS all_performances
372,"Ford, Jan'Taijah",USC,Big Ten,400m,2021,SO-2,,,52.02,seconds,NCAA Division I West Preliminary Round,2021-05-26,,,,Outdoor,https://www.tfrrs.org/results/70371/4272770/NCAA_Division_I_West_Preliminary_Round/400-Meters,TFRRS all_performances
373,"Ford, Jan'Taijah",USC,Big Ten,400m,2021,SO-2,,,52.59,seconds,NCAA Division I West Preliminary Round,2021-05-26,,,,Outdoor,https://www.tfrrs.org/results/70371/4272770/NCAA_Division_I_West_Preliminary_Round/400-Meters,TFRRS all_performances
374,"Harris, Kimberly",USC,Big Ten,400m,2021,FR-1,,,51.84,seconds,NCAA Division I West Preliminary Round,2021-05-26,,,,Outdoor,https://www.tfrrs.org/results/70371/4272770/NCAA_Division_I_West_Preliminary_Round/400-Meters,TFRRS all_performances
375,"Harris, Kimberly",USC,Big Ten,400m,2021,FR-1,,,52.50,seconds,NCAA Division I West Preliminary Round,2021-05-26,,,,Outdoor,https://www.tfrrs.org/results/70371/4272770/NCAA_Division_I_West_Preliminary_Round/400-Meters,TFRRS all_performances
376,"Lear, Bailey",USC,Big Ten,400m,2021,JR-3,,,51.21,seconds,NCAA Division I West Preliminary Round,2021-05-26,,,,Outdoor,https://www.tfrrs.org/results/70371/4272770/NCAA_Division_I_West_Preliminary_Round/400-Meters,TFRRS all_performances
377,"Lear, Bailey",USC,Big Ten,400m,2021,JR-3,,,51.48,seconds,NCAA Division I West Preliminary Round,2021-05-26,,,,Outdoor,https://www.tfrrs.org/results/70371/4272770/NCAA_Division_I_West_Preliminary_Round/400-Meters,TFRRS all_performances
378,"Roberts, Kaelin",USC,Big Ten,400m,2021,SR-4,,,50.82,seconds,NCAA Division I West Preliminary Round,2021-05-26,,,,Outdoor,https://www.tfrrs.org/results/70371/4272770/NCAA_Division_I_West_Preliminary_Round/400-Meters,TFRRS all_performances
379,"Roberts, Kaelin",USC,Big Ten,400m,2021,SR-4,,,52.08,seconds,NCAA Division I West Preliminary Round,2021-05-26,,,,Outdoor,https://www.tfrrs.org/results/70371/4272770/NCAA_Division_I_West_Preliminary_Round/400-Meters,TFRRS all_performances
380,"Serville, Rae-Anne",USC,Big Ten,400m,2021,FR-1,,,53.40,seconds,NCAA Division I West Preliminary Round,2021-05-26,,,,Outdoor,https://www.tfrrs.org/results/70371/4272770/NCAA_Division_I_West_Preliminary_Round/400-Meters,TFRRS all_performances
381,"Serville, Rae-Anne",USC,Big Ten,400m,2021,FR-1,,,54.16,seconds,NCAA Division I West Preliminary Round,2021-05-26,,,,Outdoor,https://www.tfrrs.org/results/70371/4272770/NCAA_Division_I_West_Preliminary_Round/400-Meters,TFRRS all_performances
382,"Yeargin, Nicole",USC,Big Ten,400m,2021,SR-4,,,51.54,seconds,NCAA Division I West Preliminary Round,2021-05-26,,,,Outdoor,https://www.tfrrs.org/results/70371/4272770/NCAA_Division_I_West_Preliminary_Round/400-Meters,TFRRS all_performances
383,"Yeargin, Nicole",USC,Big Ten,400m,2021,SR-4,,,51.65,seconds,NCAA Division I West Preliminary Round,2021-05-26,,,,Outdoor,https://www.tfrrs.org/results/70371/4272770/NCAA_Division_I_West_Preliminary_Round/400-Meters,TFRRS all_performances
384,"Thomas, Lanae-Tava",USC,Big Ten,Long Jump,2021,JR-3,,,5.84,m,NCAA Division I West Preliminary Round,2021-05-26,,,1.6,Outdoor,https://www.tfrrs.org/results/70371/4272766/NCAA_Division_I_West_Preliminary_Round/Long-Jump,TFRRS all_performances
385,"Cockrell, Anna",USC,Big Ten,100H,2021,SR-4,,,12.54,seconds,NCAA Division I Track & Field Championships,2021-06-09,,,1.1,Outdoor,https://www.tfrrs.org/results/70445/4276120/NCAA_Division_I_Track__Field_Championships/100-Hurdles,TFRRS all_performances
386,"Cockrell, Anna",USC,Big Ten,100H,2021,SR-4,,,12.58,seconds,NCAA Division I Track & Field Championships,2021-06-09,,,0.4,Outdoor,https://www.tfrrs.org/results/70445/4276120/NCAA_Division_I_Track__Field_Championships/100-Hurdles,TFRRS all_performances
387,"Jones, Jasmine",USC,Big Ten,100H,2021,FR-1,,,12.94,seconds,NCAA Division I Track & Field Championships,2021-06-09,,,-0.5,Outdoor,https://www.tfrrs.org/results/70445/4276120/NCAA_Division_I_Track__Field_Championships/100-Hurdles,TFRRS all_performances
388,"McGlaston, Mecca",USC,Big Ten,100H,2021,SR-4,,,13.01,seconds,NCAA Division I Track & Field Championships,2021-06-09,,,1.1,Outdoor,https://www.tfrrs.org/results/70445/4276120/NCAA_Division_I_Track__Field_Championships/100-Hurdles,TFRRS all_performances
389,"Bernard-Joseph, Breanna",USC,Big Ten,400H,2021,JR-3,,,1:00.27,seconds,NCAA Division I Track & Field Championships,2021-06-09,,,,Outdoor,https://www.tfrrs.org/results/70445/4276111/NCAA_Division_I_Track__Field_Championships/400-Hurdles,TFRRS all_performances
390,"Cockrell, Anna",USC,Big Ten,400H,2021,SR-4,,,54.68,seconds,NCAA Division I Track & Field Championships,2021-06-09,,,,Outdoor,https://www.tfrrs.org/results/70445/4276111/NCAA_Division_I_Track__Field_Championships/400-Hurdles,TFRRS all_performances
391,"Cockrell, Anna",USC,Big Ten,400H,2021,SR-4,,,56.12,seconds,NCAA Division I Track & Field Championships,2021-06-09,,,,Outdoor,https://www.tfrrs.org/results/70445/4276111/NCAA_Division_I_Track__Field_Championships/400-Hurdles,TFRRS all_performances
392,"Constantine, Kyra",USC,Big Ten,400m,2021,SR-4,,,50.87,seconds,NCAA Division I Track & Field Championships,2021-06-09,,,,Outdoor,https://www.tfrrs.org/results/70445/4276119/NCAA_Division_I_Track__Field_Championships/400-Meters,TFRRS all_performances
393,"Constantine, Kyra",USC,Big Ten,400m,2021,SR-4,,,51.93,seconds,NCAA Division I Track & Field Championships,2021-06-09,,,,Outdoor,https://www.tfrrs.org/results/70445/4276119/NCAA_Division_I_Track__Field_Championships/400-Meters,TFRRS all_performances
394,"Harris, Kimberly",USC,Big Ten,400m,2021,FR-1,,,52.66,seconds,NCAA Division I Track & Field Championships,2021-06-09,,,,Outdoor,https://www.tfrrs.org/results/70445/4276119/NCAA_Division_I_Track__Field_Championships/400-Meters,TFRRS all_performances
395,"Lear, Bailey",USC,Big Ten,400m,2021,JR-3,,,51.02,seconds,NCAA Division I Track & Field Championships,2021-06-09,,,,Outdoor,https://www.tfrrs.org/results/70445/4276119/NCAA_Division_I_Track__Field_Championships/400-Meters,TFRRS all_performances
396,"Lear, Bailey",USC,Big Ten,400m,2021,JR-3,,,51.36,seconds,NCAA Division I Track & Field Championships,2021-06-09,,,,Outdoor,https://www.tfrrs.org/results/70445/4276119/NCAA_Division_I_Track__Field_Championships/400-Meters,TFRRS all_performances
397,"Roberts, Kaelin",USC,Big Ten,400m,2021,SR-4,,,52.39,seconds,NCAA Division I Track & Field Championships,2021-06-09,,,,Outdoor,https://www.tfrrs.org/results/70445/4276119/NCAA_Division_I_Track__Field_Championships/400-Meters,TFRRS all_performances
398,"Yeargin, Nicole",USC,Big Ten,400m,2021,SR-4,,,50.96,seconds,NCAA Division I Track & Field Championships,2021-06-09,,,,Outdoor,https://www.tfrrs.org/results/70445/4276119/NCAA_Division_I_Track__Field_Championships/400-Meters,TFRRS all_performances
399,"Yeargin, Nicole",USC,Big Ten,400m,2021,SR-4,,,51.02,seconds,NCAA Division I Track & Field Championships,2021-06-09,,,,Outdoor,https://www.tfrrs.org/results/70445/4276119/NCAA_Division_I_Track__Field_Championships/400-Meters,TFRRS all_performances
400,"Mills, Darhian",Washington,Big Ten,400H,2021,SR-4,,,1:00.60,seconds,5th Annual Doris Heritage Track Festival,2021-03-20,,,,Outdoor,https://www.tfrrs.org/results/67538/4130827/5th_Annual_Doris_Heritage_Track_Festival/400-Hurdles,TFRRS all_performances
401,"Heath, Jelani",Washington,Big Ten,Long Jump,2021,SR-4,,,5.24,m,5th Annual Doris Heritage Track Festival,2021-03-20,,,-0.4,Outdoor,https://www.tfrrs.org/results/67538/4130828/5th_Annual_Doris_Heritage_Track_Festival/Long-Jump,TFRRS all_performances
402,"Heath, Jelani",Washington,Big Ten,Long Jump,2021,SR-4,,,5.49,m,5th Annual Doris Heritage Track Festival,2021-03-20,,,1.3,Outdoor,https://www.tfrrs.org/results/67538/4130828/5th_Annual_Doris_Heritage_Track_Festival/Long-Jump,TFRRS all_performances
403,"Heath, Jelani",Washington,Big Ten,Long Jump,2021,SR-4,,,5.50,m,5th Annual Doris Heritage Track Festival,2021-03-20,,,0.3,Outdoor,https://www.tfrrs.org/results/67538/4130828/5th_Annual_Doris_Heritage_Track_Festival/Long-Jump,TFRRS all_performances
404,"Heggen, Lauren",Washington,Big Ten,Long Jump,2021,FR-1,,,5.52,m,5th Annual Doris Heritage Track Festival,2021-03-20,,,0.5,Outdoor,https://www.tfrrs.org/results/67538/4130828/5th_Annual_Doris_Heritage_Track_Festival/Long-Jump,TFRRS all_performances
405,"Heggen, Lauren",Washington,Big Ten,Long Jump,2021,FR-1,,,5.53,m,5th Annual Doris Heritage Track Festival,2021-03-20,,,+0.0,Outdoor,https://www.tfrrs.org/results/67538/4130828/5th_Annual_Doris_Heritage_Track_Festival/Long-Jump,TFRRS all_performances
406,"Heggen, Lauren",Washington,Big Ten,Long Jump,2021,FR-1,,,5.58,m,5th Annual Doris Heritage Track Festival,2021-03-20,,,0.9,Outdoor,https://www.tfrrs.org/results/67538/4130828/5th_Annual_Doris_Heritage_Track_Festival/Long-Jump,TFRRS all_performances
407,"Gersch, Victoria",Washington,Big Ten,400m,2021,SR-4,,,56.42,seconds,Jim Bush Legends,2021-03-24,,,,Outdoor,https://www.tfrrs.org/results/68248/4139006/Jim_Bush_Legends/400-Meters,TFRRS all_performances
408,"Ribera, Olivia",Washington,Big Ten,400m,2021,JR-3,,,55.39,seconds,Jim Bush Legends,2021-03-24,,,,Outdoor,https://www.tfrrs.org/results/68248/4139006/Jim_Bush_Legends/400-Meters,TFRRS all_performances
409,"Eikeng, Ida",Washington,Big Ten,Long Jump,2021,JR-3,,,5.54,m,Jim Bush Legends,2021-03-24,,,1.1,Outdoor,https://www.tfrrs.org/results/68248/4138979/Jim_Bush_Legends/Long-Jump,TFRRS all_performances
410,"Eikeng, Ida",Washington,Big Ten,Long Jump,2021,JR-3,,,5.93,m,Jim Bush Legends,2021-03-24,,,1.7,Outdoor,https://www.tfrrs.org/results/68248/4138979/Jim_Bush_Legends/Long-Jump,TFRRS all_performances
411,"Heath, Jelani",Washington,Big Ten,Long Jump,2021,SR-4,,,5.44,m,Jim Bush Legends,2021-03-24,,,0.2,Outdoor,https://www.tfrrs.org/results/68248/4138979/Jim_Bush_Legends/Long-Jump,TFRRS all_performances
412,"Heath, Jelani",Washington,Big Ten,Long Jump,2021,SR-4,,,5.78,m,Jim Bush Legends,2021-03-24,,,+0.0,Outdoor,https://www.tfrrs.org/results/68248/4138979/Jim_Bush_Legends/Long-Jump,TFRRS all_performances
413,"Heggen, Lauren",Washington,Big Ten,Long Jump,2021,FR-1,,,5.32,m,Jim Bush Legends,2021-03-24,,,-0.5,Outdoor,https://www.tfrrs.org/results/68248/4138979/Jim_Bush_Legends/Long-Jump,TFRRS all_performances
414,"Heggen, Lauren",Washington,Big Ten,Long Jump,2021,FR-1,,,5.48,m,Jim Bush Legends,2021-03-24,,,0.5,Outdoor,https://www.tfrrs.org/results/68248/4138979/Jim_Bush_Legends/Long-Jump,TFRRS all_performances
415,"Heggen, Lauren",Washington,Big Ten,Long Jump,2021,FR-1,,,5.72,m,Jim Bush Legends,2021-03-24,,,1.4,Outdoor,https://www.tfrrs.org/results/68248/4138979/Jim_Bush_Legends/Long-Jump,TFRRS all_performances
416,"Lopes, Lyndsey",Washington,Big Ten,Long Jump,2021,SR-4,,,5.10,m,Jim Bush Legends,2021-03-24,,,-1.0,Outdoor,https://www.tfrrs.org/results/68248/4138979/Jim_Bush_Legends/Long-Jump,TFRRS all_performances
417,"Lopes, Lyndsey",Washington,Big Ten,Long Jump,2021,SR-4,,,5.17,m,Jim Bush Legends,2021-03-24,,,-0.9,Outdoor,https://www.tfrrs.org/results/68248/4138979/Jim_Bush_Legends/Long-Jump,TFRRS all_performances
418,"Lopes, Lyndsey",Washington,Big Ten,Long Jump,2021,SR-4,,,5.52,m,Jim Bush Legends,2021-03-24,,,1.3,Outdoor,https://www.tfrrs.org/results/68248/4138979/Jim_Bush_Legends/Long-Jump,TFRRS all_performances
419,"Lopes, Lyndsey",Washington,Big Ten,Long Jump,2021,SR-4,,,5.68,m,Jim Bush Legends,2021-03-24,,,-3.2,Outdoor,https://www.tfrrs.org/results/68248/4138979/Jim_Bush_Legends/Long-Jump,TFRRS all_performances
420,"Rusnak, Hannah",Washington,Big Ten,Long Jump,2021,JR-3,,,5.38,m,Jim Bush Legends,2021-03-24,,,1.5,Outdoor,https://www.tfrrs.org/results/68248/4138979/Jim_Bush_Legends/Long-Jump,TFRRS all_performances
421,"Eikeng, Ida",Washington,Big Ten,100H,2021,JR-3,,,14.77,seconds,Stanford Invitational,2021-04-02,,,1.1,Outdoor,https://www.tfrrs.org/results/68221/4169797/Stanford_Invitational/100-Hurdles,TFRRS all_performances
422,"Lopes, Lyndsey",Washington,Big Ten,100H,2021,SR-4,,,13.78,seconds,Stanford Invitational,2021-04-02,,,1.1,Outdoor,https://www.tfrrs.org/results/68221/4169797/Stanford_Invitational/100-Hurdles,TFRRS all_performances
423,"Rusnak, Hannah",Washington,Big Ten,100H,2021,JR-3,,,14.44,seconds,Stanford Invitational,2021-04-02,,,1.1,Outdoor,https://www.tfrrs.org/results/68221/4169797/Stanford_Invitational/100-Hurdles,TFRRS all_performances
424,"Mills, Darhian",Washington,Big Ten,400H,2021,SR-4,,,1:07.41,seconds,Stanford Invitational,2021-04-02,,,,Outdoor,https://www.tfrrs.org/results/68221/4169796/Stanford_Invitational/400-Hurdles,TFRRS all_performances
425,"Ribera, Olivia",Washington,Big Ten,400m,2021,JR-3,,,57.03,seconds,Stanford Invitational,2021-04-02,,,,Outdoor,https://www.tfrrs.org/results/68221/4169816/Stanford_Invitational/400-Meters,TFRRS all_performances
426,"Eikeng, Ida",Washington,Big Ten,Long Jump,2021,JR-3,,,5.48,m,Stanford Invitational,2021-04-02,,,-0.2,Outdoor,https://www.tfrrs.org/results/68221/4169830/Stanford_Invitational/Long-Jump,TFRRS all_performances
427,"Eikeng, Ida",Washington,Big Ten,Long Jump,2021,JR-3,,,5.54,m,Stanford Invitational,2021-04-02,,,0.6,Outdoor,https://www.tfrrs.org/results/68221/4169830/Stanford_Invitational/Long-Jump,TFRRS all_performances
428,"Eikeng, Ida",Washington,Big Ten,Long Jump,2021,JR-3,,,5.66,m,Stanford Invitational,2021-04-02,,,-1.0,Outdoor,https://www.tfrrs.org/results/68221/4169830/Stanford_Invitational/Long-Jump,TFRRS all_performances
429,"Eikeng, Ida",Washington,Big Ten,Long Jump,2021,JR-3,,,5.75,m,Stanford Invitational,2021-04-02,,,1.5,Outdoor,https://www.tfrrs.org/results/68221/4169830/Stanford_Invitational/Long-Jump,TFRRS all_performances
430,"Heggen, Lauren",Washington,Big Ten,Long Jump,2021,FR-1,,,5.45,m,Stanford Invitational,2021-04-02,,,2.0,Outdoor,https://www.tfrrs.org/results/68221/4169830/Stanford_Invitational/Long-Jump,TFRRS all_performances
431,"Heggen, Lauren",Washington,Big Ten,Long Jump,2021,FR-1,,,5.48,m,Stanford Invitational,2021-04-02,,,0.9,Outdoor,https://www.tfrrs.org/results/68221/4169830/Stanford_Invitational/Long-Jump,TFRRS all_performances
432,"Heggen, Lauren",Washington,Big Ten,Long Jump,2021,FR-1,,,5.50,m,Stanford Invitational,2021-04-02,,,0.7,Outdoor,https://www.tfrrs.org/results/68221/4169830/Stanford_Invitational/Long-Jump,TFRRS all_performances
433,"Lopes, Lyndsey",Washington,Big Ten,Long Jump,2021,SR-4,,,5.38,m,Stanford Invitational,2021-04-02,,,1.0,Outdoor,https://www.tfrrs.org/results/68221/4169830/Stanford_Invitational/Long-Jump,TFRRS all_performances
434,"Lopes, Lyndsey",Washington,Big Ten,Long Jump,2021,SR-4,,,5.74,m,Stanford Invitational,2021-04-02,,,1.2,Outdoor,https://www.tfrrs.org/results/68221/4169830/Stanford_Invitational/Long-Jump,TFRRS all_performances
435,"Lopes, Lyndsey",Washington,Big Ten,Long Jump,2021,SR-4,,,5.84,m,Stanford Invitational,2021-04-02,,,-0.1,Outdoor,https://www.tfrrs.org/results/68221/4169830/Stanford_Invitational/Long-Jump,TFRRS all_performances
436,"Rusnak, Hannah",Washington,Big Ten,Long Jump,2021,JR-3,,,5.50,m,Stanford Invitational,2021-04-02,,,2.0,Outdoor,https://www.tfrrs.org/results/68221/4169830/Stanford_Invitational/Long-Jump,TFRRS all_performances
437,"Rusnak, Hannah",Washington,Big Ten,Long Jump,2021,JR-3,,,5.54,m,Stanford Invitational,2021-04-02,,,0.7,Outdoor,https://www.tfrrs.org/results/68221/4169830/Stanford_Invitational/Long-Jump,TFRRS all_performances
438,"Rusnak, Hannah",Washington,Big Ten,Long Jump,2021,JR-3,,,5.69,m,Stanford Invitational,2021-04-02,,,0.5,Outdoor,https://www.tfrrs.org/results/68221/4169830/Stanford_Invitational/Long-Jump,TFRRS all_performances
439,"Rusnak, Hannah",Washington,Big Ten,100H,2021,JR-3,,,14.40,seconds,2021 Jim Click Shootout,2021-04-10,,,1.9,Outdoor,https://www.tfrrs.org/results/68576/4217262/2021_Jim_Click_Shootout/100-Hurdles,TFRRS all_performances
440,"Mills, Darhian",Washington,Big Ten,400H,2021,SR-4,,,58.65,seconds,2021 Jim Click Shootout,2021-04-10,,,,Outdoor,https://www.tfrrs.org/results/68576/4188094/2021_Jim_Click_Shootout/400-Hurdles,TFRRS all_performances
441,"Gersch, Victoria",Washington,Big Ten,400m,2021,SR-4,,,55.78,seconds,2021 Jim Click Shootout,2021-04-10,,,,Outdoor,https://www.tfrrs.org/results/68576/4188074/2021_Jim_Click_Shootout/400-Meters,TFRRS all_performances
442,"Ribera, Olivia",Washington,Big Ten,400m,2021,JR-3,,,54.98,seconds,2021 Jim Click Shootout,2021-04-10,,,,Outdoor,https://www.tfrrs.org/results/68576/4188074/2021_Jim_Click_Shootout/400-Meters,TFRRS all_performances
443,"Heggen, Lauren",Washington,Big Ten,Long Jump,2021,FR-1,,,5.04,m,2021 Jim Click Shootout,2021-04-10,,,0.4,Outdoor,https://www.tfrrs.org/results/68576/4188083/2021_Jim_Click_Shootout/Long-Jump,TFRRS all_performances
444,"Heggen, Lauren",Washington,Big Ten,Long Jump,2021,FR-1,,,5.21,m,2021 Jim Click Shootout,2021-04-10,,,-2.2,Outdoor,https://www.tfrrs.org/results/68576/4188083/2021_Jim_Click_Shootout/Long-Jump,TFRRS all_performances
445,"Heggen, Lauren",Washington,Big Ten,Long Jump,2021,FR-1,,,5.43,m,2021 Jim Click Shootout,2021-04-10,,,+0.0,Outdoor,https://www.tfrrs.org/results/68576/4188083/2021_Jim_Click_Shootout/Long-Jump,TFRRS all_performances
446,"Heggen, Lauren",Washington,Big Ten,Long Jump,2021,FR-1,,,5.63,m,2021 Jim Click Shootout,2021-04-10,,,-1.0,Outdoor,https://www.tfrrs.org/results/68576/4188083/2021_Jim_Click_Shootout/Long-Jump,TFRRS all_performances
447,"Heggen, Lauren",Washington,Big Ten,Long Jump,2021,FR-1,,,5.64,m,2021 Jim Click Shootout,2021-04-10,,,-0.4,Outdoor,https://www.tfrrs.org/results/68576/4188083/2021_Jim_Click_Shootout/Long-Jump,TFRRS all_performances
448,"Rusnak, Hannah",Washington,Big Ten,Long Jump,2021,JR-3,,,5.63,m,2021 Jim Click Shootout,2021-04-10,,,0.2,Outdoor,https://www.tfrrs.org/results/68576/4217266/2021_Jim_Click_Shootout/Long-Jump,TFRRS all_performances
449,"Rusnak, Hannah",Washington,Big Ten,Long Jump,2021,JR-3,,,5.80,m,2021 Jim Click Shootout,2021-04-10,,,-0.5,Outdoor,https://www.tfrrs.org/results/68576/4217266/2021_Jim_Click_Shootout/Long-Jump,TFRRS all_performances
450,"Rusnak, Hannah",Washington,Big Ten,Long Jump,2021,JR-3,,,5.98,m,2021 Jim Click Shootout,2021-04-10,,,-0.6,Outdoor,https://www.tfrrs.org/results/68576/4217266/2021_Jim_Click_Shootout/Long-Jump,TFRRS all_performances
451,"Lopes, Lyndsey",Washington,Big Ten,100H,2021,SR-4,,,13.49,seconds,UW v. WSU Dual,2021-04-21,,,1.4,Outdoor,https://www.tfrrs.org/results/69230/4217571/UW_v_WSU_Dual_/100-Hurdles,TFRRS all_performances
452,"Rusnak, Hannah",Washington,Big Ten,100H,2021,JR-3,,,14.06,seconds,UW v. WSU Dual,2021-04-21,,,1.4,Outdoor,https://www.tfrrs.org/results/69230/4217571/UW_v_WSU_Dual_/100-Hurdles,TFRRS all_performances
453,"Wilson, Aaliyah",Washington,Big Ten,100H,2021,JR-3,,,14.37,seconds,UW v. WSU Dual,2021-04-21,,,1.4,Outdoor,https://www.tfrrs.org/results/69230/4217571/UW_v_WSU_Dual_/100-Hurdles,TFRRS all_performances
454,"Mills, Darhian",Washington,Big Ten,400H,2021,SR-4,,,59.01,seconds,UW v. WSU Dual,2021-04-21,,,,Outdoor,https://www.tfrrs.org/results/69230/4217549/UW_v_WSU_Dual_/400-Hurdles,TFRRS all_performances
455,"Gersch, Victoria",Washington,Big Ten,400m,2021,SR-4,,,56.64,seconds,UW v. WSU Dual,2021-04-21,,,,Outdoor,https://www.tfrrs.org/results/69230/4217556/UW_v_WSU_Dual_/400-Meters,TFRRS all_performances
456,"Heisterman, Madison",Washington,Big Ten,400m,2021,JR-3,,,58.96,seconds,UW v. WSU Dual,2021-04-21,,,,Outdoor,https://www.tfrrs.org/results/69230/4217556/UW_v_WSU_Dual_/400-Meters,TFRRS all_performances
457,"Heath, Jelani",Washington,Big Ten,Long Jump,2021,SR-4,,,5.24,m,UW v. WSU Dual,2021-04-21,,,0.2,Outdoor,https://www.tfrrs.org/results/69230/4217540/UW_v_WSU_Dual_/Long-Jump,TFRRS all_performances
458,"Heath, Jelani",Washington,Big Ten,Long Jump,2021,SR-4,,,5.48,m,UW v. WSU Dual,2021-04-21,,,-0.7,Outdoor,https://www.tfrrs.org/results/69230/4217540/UW_v_WSU_Dual_/Long-Jump,TFRRS all_performances
459,"Heggen, Lauren",Washington,Big Ten,Long Jump,2021,FR-1,,,5.44,m,UW v. WSU Dual,2021-04-21,,,-0.5,Outdoor,https://www.tfrrs.org/results/69230/4217540/UW_v_WSU_Dual_/Long-Jump,TFRRS all_performances
460,"Heggen, Lauren",Washington,Big Ten,Long Jump,2021,FR-1,,,5.74,m,UW v. WSU Dual,2021-04-21,,,0.6,Outdoor,https://www.tfrrs.org/results/69230/4217540/UW_v_WSU_Dual_/Long-Jump,TFRRS all_performances
461,"Heggen, Lauren",Washington,Big Ten,Long Jump,2021,FR-1,,,5.79,m,UW v. WSU Dual,2021-04-21,,,1.7,Outdoor,https://www.tfrrs.org/results/69230/4217540/UW_v_WSU_Dual_/Long-Jump,TFRRS all_performances
462,"Rusnak, Hannah",Washington,Big Ten,Long Jump,2021,JR-3,,,5.63,m,UW v. WSU Dual,2021-04-21,,,-0.6,Outdoor,https://www.tfrrs.org/results/69230/4217540/UW_v_WSU_Dual_/Long-Jump,TFRRS all_performances
463,"Rusnak, Hannah",Washington,Big Ten,Long Jump,2021,JR-3,,,5.67,m,UW v. WSU Dual,2021-04-21,,,0.8,Outdoor,https://www.tfrrs.org/results/69230/4217540/UW_v_WSU_Dual_/Long-Jump,TFRRS all_performances
464,"Rusnak, Hannah",Washington,Big Ten,Long Jump,2021,JR-3,,,5.75,m,UW v. WSU Dual,2021-04-21,,,-0.5,Outdoor,https://www.tfrrs.org/results/69230/4217540/UW_v_WSU_Dual_/Long-Jump,TFRRS all_performances
465,"Rusnak, Hannah",Washington,Big Ten,Long Jump,2021,JR-3,,,5.83,m,UW v. WSU Dual,2021-04-21,,,-1.0,Outdoor,https://www.tfrrs.org/results/69230/4217540/UW_v_WSU_Dual_/Long-Jump,TFRRS all_performances
466,"Heggen, Lauren",Washington,Big Ten,100H,2021,FR-1,,,14.99,seconds,West Coast Relays,2021-04-30,,,+0.0,Outdoor,https://www.tfrrs.org/results/68481/4247349/West_Coast_Relays/100-Hurdles,TFRRS all_performances
467,"Heggen, Lauren",Washington,Big Ten,100H,2021,FR-1,,,14.99,seconds,Fresno St. West Coast Relays,2021-04-30,,,+0.0,Outdoor,https://www.tfrrs.org/results/70021/4240340/Fresno_St_West_Coast_Relays/100-Hurdles,TFRRS all_performances
468,"Rusnak, Hannah",Washington,Big Ten,100H,2021,JR-3,,,14.35,seconds,Fresno St. West Coast Relays,2021-04-30,,,1.1,Outdoor,https://www.tfrrs.org/results/70021/4240340/Fresno_St_West_Coast_Relays/100-Hurdles,TFRRS all_performances
469,"Rusnak, Hannah",Washington,Big Ten,100H,2021,JR-3,,,14.35,seconds,West Coast Relays,2021-04-30,,,1.1,Outdoor,https://www.tfrrs.org/results/68481/4247349/West_Coast_Relays/100-Hurdles,TFRRS all_performances
470,"Wilson, Aaliyah",Washington,Big Ten,100H,2021,JR-3,,,14.04,seconds,Fresno St. West Coast Relays,2021-04-30,,,1.1,Outdoor,https://www.tfrrs.org/results/70021/4240340/Fresno_St_West_Coast_Relays/100-Hurdles,TFRRS all_performances
471,"Wilson, Aaliyah",Washington,Big Ten,100H,2021,JR-3,,,14.04,seconds,West Coast Relays,2021-04-30,,,1.1,Outdoor,https://www.tfrrs.org/results/68481/4247349/West_Coast_Relays/100-Hurdles,TFRRS all_performances
472,"Mills, Darhian",Washington,Big Ten,400H,2021,SR-4,,,58.82,seconds,West Coast Relays,2021-04-30,,,,Outdoor,https://www.tfrrs.org/results/68481/4247358/West_Coast_Relays/400-Hurdles,TFRRS all_performances
473,"Mills, Darhian",Washington,Big Ten,400H,2021,SR-4,,,58.82,seconds,Fresno St. West Coast Relays,2021-04-30,,,,Outdoor,https://www.tfrrs.org/results/70021/4240349/Fresno_St_West_Coast_Relays/400-Hurdles,TFRRS all_performances
474,"Gersch, Victoria",Washington,Big Ten,400m,2021,SR-4,,,55.89,seconds,West Coast Relays,2021-04-30,,,,Outdoor,https://www.tfrrs.org/results/68481/4247353/West_Coast_Relays/400-Meters,TFRRS all_performances
475,"Gersch, Victoria",Washington,Big Ten,400m,2021,SR-4,,,55.89,seconds,Fresno St. West Coast Relays,2021-04-30,,,,Outdoor,https://www.tfrrs.org/results/70021/4240360/Fresno_St_West_Coast_Relays/400-Meters,TFRRS all_performances
476,"Ribera, Olivia",Washington,Big Ten,400m,2021,JR-3,,,55.33,seconds,West Coast Relays,2021-04-30,,,,Outdoor,https://www.tfrrs.org/results/68481/4247353/West_Coast_Relays/400-Meters,TFRRS all_performances
477,"Ribera, Olivia",Washington,Big Ten,400m,2021,JR-3,,,55.33,seconds,Fresno St. West Coast Relays,2021-04-30,,,,Outdoor,https://www.tfrrs.org/results/70021/4240360/Fresno_St_West_Coast_Relays/400-Meters,TFRRS all_performances
478,"Lopes, Lyndsey",Washington,Big Ten,Long Jump,2021,SR-4,,,5.76,m,West Coast Relays,2021-04-30,,,+0.0,Outdoor,https://www.tfrrs.org/results/68481/4247350/West_Coast_Relays/Long-Jump,TFRRS all_performances
479,"Lopes, Lyndsey",Washington,Big Ten,Long Jump,2021,SR-4,,,5.76,m,Fresno St. West Coast Relays,2021-04-30,,,+0.0,Outdoor,https://www.tfrrs.org/results/70021/4240341/Fresno_St_West_Coast_Relays/Long-Jump,TFRRS all_performances
480,"Lopes, Lyndsey",Washington,Big Ten,Long Jump,2021,SR-4,,,5.82,m,Fresno St. West Coast Relays,2021-04-30,,,-0.7,Outdoor,https://www.tfrrs.org/results/70021/4240341/Fresno_St_West_Coast_Relays/Long-Jump,TFRRS all_performances
481,"Lopes, Lyndsey",Washington,Big Ten,Long Jump,2021,SR-4,,,5.82,m,West Coast Relays,2021-04-30,,,-0.7,Outdoor,https://www.tfrrs.org/results/68481/4247350/West_Coast_Relays/Long-Jump,TFRRS all_performances
482,"Lopes, Lyndsey",Washington,Big Ten,Long Jump,2021,SR-4,,,5.84,m,West Coast Relays,2021-04-30,,,0.5,Outdoor,https://www.tfrrs.org/results/68481/4247350/West_Coast_Relays/Long-Jump,TFRRS all_performances
483,"Lopes, Lyndsey",Washington,Big Ten,Long Jump,2021,SR-4,,,5.84,m,Fresno St. West Coast Relays,2021-04-30,,,0.5,Outdoor,https://www.tfrrs.org/results/70021/4240341/Fresno_St_West_Coast_Relays/Long-Jump,TFRRS all_performances
484,"Lopes, Lyndsey",Washington,Big Ten,Long Jump,2021,SR-4,,,5.93,m,West Coast Relays,2021-04-30,,,1.6,Outdoor,https://www.tfrrs.org/results/68481/4247350/West_Coast_Relays/Long-Jump,TFRRS all_performances
485,"Lopes, Lyndsey",Washington,Big Ten,Long Jump,2021,SR-4,,,5.93,m,Fresno St. West Coast Relays,2021-04-30,,,1.6,Outdoor,https://www.tfrrs.org/results/70021/4240341/Fresno_St_West_Coast_Relays/Long-Jump,TFRRS all_performances
486,"Lopes, Lyndsey",Washington,Big Ten,Long Jump,2021,SR-4,,,5.95,m,West Coast Relays,2021-04-30,,,0.6,Outdoor,https://www.tfrrs.org/results/68481/4247350/West_Coast_Relays/Long-Jump,TFRRS all_performances
487,"Lopes, Lyndsey",Washington,Big Ten,Long Jump,2021,SR-4,,,5.95,m,Fresno St. West Coast Relays,2021-04-30,,,0.6,Outdoor,https://www.tfrrs.org/results/70021/4240341/Fresno_St_West_Coast_Relays/Long-Jump,TFRRS all_performances
488,"Lopes, Lyndsey",Washington,Big Ten,Long Jump,2021,SR-4,,,6.01,m,West Coast Relays,2021-04-30,,,0.8,Outdoor,https://www.tfrrs.org/results/68481/4247350/West_Coast_Relays/Long-Jump,TFRRS all_performances
489,"Lopes, Lyndsey",Washington,Big Ten,Long Jump,2021,SR-4,,,6.01,m,Fresno St. West Coast Relays,2021-04-30,,,0.8,Outdoor,https://www.tfrrs.org/results/70021/4240341/Fresno_St_West_Coast_Relays/Long-Jump,TFRRS all_performances
490,"Heath, Jelani",Washington,Big Ten,Long Jump,2021,SR-4,,,5.13,m,Ken Shannon Invitational 2021,2021-05-07,,,-0.8,Outdoor,https://www.tfrrs.org/results/69934/4253998/Ken_Shannon_Invitational_2021/Long-Jump,TFRRS all_performances
491,"Heath, Jelani",Washington,Big Ten,Long Jump,2021,SR-4,,,5.27,m,Ken Shannon Invitational 2021,2021-05-07,,,-0.8,Outdoor,https://www.tfrrs.org/results/69934/4253998/Ken_Shannon_Invitational_2021/Long-Jump,TFRRS all_performances
492,"Heath, Jelani",Washington,Big Ten,Long Jump,2021,SR-4,,,5.28,m,Ken Shannon Invitational 2021,2021-05-07,,,-1.4,Outdoor,https://www.tfrrs.org/results/69934/4253998/Ken_Shannon_Invitational_2021/Long-Jump,TFRRS all_performances
493,"Heath, Jelani",Washington,Big Ten,Long Jump,2021,SR-4,,,5.32,m,Ken Shannon Invitational 2021,2021-05-07,,,-0.1,Outdoor,https://www.tfrrs.org/results/69934/4253998/Ken_Shannon_Invitational_2021/Long-Jump,TFRRS all_performances
494,"Heath, Jelani",Washington,Big Ten,Long Jump,2021,SR-4,,,5.34,m,Ken Shannon Invitational 2021,2021-05-07,,,-1.1,Outdoor,https://www.tfrrs.org/results/69934/4253998/Ken_Shannon_Invitational_2021/Long-Jump,TFRRS all_performances
495,"Heath, Jelani",Washington,Big Ten,Long Jump,2021,SR-4,,,5.42,m,Ken Shannon Invitational 2021,2021-05-07,,,-0.6,Outdoor,https://www.tfrrs.org/results/69934/4253998/Ken_Shannon_Invitational_2021/Long-Jump,TFRRS all_performances
496,"Eikeng, Ida",Washington,Big Ten,100H,2021,JR-3,,,13.67,seconds,Pac-12 Track & Field Championships,2021-05-14,,,-0.2,Outdoor,https://www.tfrrs.org/results/69474/4267120/Pac-12_Track__Field_Championships/100-Hurdles,TFRRS all_performances
497,"Lopes, Lyndsey",Washington,Big Ten,100H,2021,SR-4,,,13.74,seconds,Pac-12 Track & Field Championships,2021-05-14,,,-0.2,Outdoor,https://www.tfrrs.org/results/69474/4267120/Pac-12_Track__Field_Championships/100-Hurdles,TFRRS all_performances
498,"Rusnak, Hannah",Washington,Big Ten,100H,2021,JR-3,,,14.35,seconds,Pac-12 Track & Field Championships,2021-05-14,,,-0.3,Outdoor,https://www.tfrrs.org/results/69474/4267120/Pac-12_Track__Field_Championships/100-Hurdles,TFRRS all_performances
499,"Wilson, Aaliyah",Washington,Big Ten,100H,2021,JR-3,,,13.86,seconds,Pac-12 Track & Field Championships,2021-05-14,,,1.5,Outdoor,https://www.tfrrs.org/results/69474/4267128/Pac-12_Track__Field_Championships/100-Hurdles,TFRRS all_performances
500,"Mills, Darhian",Washington,Big Ten,400H,2021,SR-4,,,1:00.91,seconds,Pac-12 Track & Field Championships,2021-05-14,,,,Outdoor,https://www.tfrrs.org/results/69474/4267110/Pac-12_Track__Field_Championships/400-Hurdles,TFRRS all_performances
501,"Eikeng, Ida",Washington,Big Ten,Long Jump,2021,JR-3,,,5.05,m,Pac-12 Track & Field Championships,2021-05-14,,,+0.0,Outdoor,https://www.tfrrs.org/results/69474/4267124/Pac-12_Track__Field_Championships/Long-Jump,TFRRS all_performances
502,"Eikeng, Ida",Washington,Big Ten,Long Jump,2021,JR-3,,,5.39,m,Pac-12 Track & Field Championships,2021-05-14,,,+0.0,Outdoor,https://www.tfrrs.org/results/69474/4267124/Pac-12_Track__Field_Championships/Long-Jump,TFRRS all_performances
503,"Eikeng, Ida",Washington,Big Ten,Long Jump,2021,JR-3,,,5.45,m,Pac-12 Track & Field Championships,2021-05-14,,,+0.0,Outdoor,https://www.tfrrs.org/results/69474/4267124/Pac-12_Track__Field_Championships/Long-Jump,TFRRS all_performances
504,"Heath, Jelani",Washington,Big Ten,Long Jump,2021,SR-4,,,5.66,m,Pac-12 Track & Field Championships,2021-05-14,,,1.4,Outdoor,https://www.tfrrs.org/results/69474/4267094/Pac-12_Track__Field_Championships/Long-Jump,TFRRS all_performances
505,"Lopes, Lyndsey",Washington,Big Ten,Long Jump,2021,SR-4,,,6.05,m,Pac-12 Track & Field Championships,2021-05-14,,,0.5,Outdoor,https://www.tfrrs.org/results/69474/4267124/Pac-12_Track__Field_Championships/Long-Jump,TFRRS all_performances
506,"Lopes, Lyndsey",Washington,Big Ten,Long Jump,2021,SR-4,,,6.14,m,Pac-12 Track & Field Championships,2021-05-14,,,1.7,Outdoor,https://www.tfrrs.org/results/69474/4267124/Pac-12_Track__Field_Championships/Long-Jump,TFRRS all_performances
507,"Mills, Darhian",Washington,Big Ten,400H,2021,SR-4,,,58.20,seconds,NCAA Division I West Preliminary Round,2021-05-26,,,,Outdoor,https://www.tfrrs.org/results/70371/4272769/NCAA_Division_I_West_Preliminary_Round/400-Hurdles,TFRRS all_performances
508,"Mills, Darhian",Washington,Big Ten,400H,2021,SR-4,,,59.29,seconds,NCAA Division I West Preliminary Round,2021-05-26,,,,Outdoor,https://www.tfrrs.org/results/70371/4272769/NCAA_Division_I_West_Preliminary_Round/400-Hurdles,TFRRS all_performances
509,"Eikeng, Ida",Washington,Big Ten,100H,2021,JR-3,,,13.37,seconds,NCAA Division I Track & Field Championships,2021-06-09,,,-0.2,Outdoor,https://www.tfrrs.org/results/70445/4276695/NCAA_Division_I_Track__Field_Championships/100-Hurdles,TFRRS all_performances
510,"Lopes, Lyndsey",Washington,Big Ten,100H,2021,SR-4,,,13.70,seconds,NCAA Division I Track & Field Championships,2021-06-09,,,-0.8,Outdoor,https://www.tfrrs.org/results/70445/4276695/NCAA_Division_I_Track__Field_Championships/100-Hurdles,TFRRS all_performances
511,"Mills, Darhian",Washington,Big Ten,400H,2021,SR-4,,,1:02.30,seconds,NCAA Division I Track & Field Championships,2021-06-09,,,,Outdoor,https://www.tfrrs.org/results/70445/4276111/NCAA_Division_I_Track__Field_Championships/400-Hurdles,TFRRS all_performances
512,"Eikeng, Ida",Washington,Big Ten,Long Jump,2021,JR-3,,,5.48,m,NCAA Division I Track & Field Championships,2021-06-09,,,0.6,Outdoor,https://www.tfrrs.org/results/70445/4276699/NCAA_Division_I_Track__Field_Championships/Long-Jump,TFRRS all_performances
513,"Eikeng, Ida",Washington,Big Ten,Long Jump,2021,JR-3,,,5.51,m,NCAA Division I Track & Field Championships,2021-06-09,,,-0.4,Outdoor,https://www.tfrrs.org/results/70445/4276699/NCAA_Division_I_Track__Field_Championships/Long-Jump,TFRRS all_performances
514,"Eikeng, Ida",Washington,Big Ten,Long Jump,2021,JR-3,,,5.67,m,NCAA Division I Track & Field Championships,2021-06-09,,,0.6,Outdoor,https://www.tfrrs.org/results/70445/4276699/NCAA_Division_I_Track__Field_Championships/Long-Jump,TFRRS all_performances
515,"Lopes, Lyndsey",Washington,Big Ten,Long Jump,2021,SR-4,,,5.37,m,NCAA Division I Track & Field Championships,2021-06-09,,,0.7,Outdoor,https://www.tfrrs.org/results/70445/4276699/NCAA_Division_I_Track__Field_Championships/Long-Jump,TFRRS all_performances
516,"Lopes, Lyndsey",Washington,Big Ten,Long Jump,2021,SR-4,,,5.41,m,NCAA Division I Track & Field Championships,2021-06-09,,,1.0,Outdoor,https://www.tfrrs.org/results/70445/4276699/NCAA_Division_I_Track__Field_Championships/Long-Jump,TFRRS all_performances
517,"Lopes, Lyndsey",Washington,Big Ten,Long Jump,2021,SR-4,,,5.59,m,NCAA Division I Track & Field Championships,2021-06-09,,,0.9,Outdoor,https://www.tfrrs.org/results/70445/4276699/NCAA_Division_I_Track__Field_Championships/Long-Jump,TFRRS all_performances
