athlete,school,conference,event,season,class_year,birth_date,age_at_meet,performance,unit,meet,meet_date,round,place,wind,indoor_outdoor,source_url,data_status
"Thomas, Markeeta",Clemson,ACC,100H,2016,1,,,13.87,s,Tiger Track Classic,2016-04-08,,,0.3,Outdoor,https://www.tfrrs.org/results/41484/2782473/Tiger_Track_Classic/100-Hurdles,TFRRS all_performances
"Thomas, Markeeta",Clemson,ACC,100H,2016,1,,,14.25,s,Penn Relays,2016-04-28,,,0.8,Outdoor,https://www.tfrrs.org/results/46385/2856055/Penn_Relays/100-Hurdles,TFRRS all_performances
"Thomas, Markeeta",Clemson,ACC,100H,2016,1,,,13.75,s,ACC Championships,2016-05-13,,,-1.1,Outdoor,https://www.tfrrs.org/results/46634/2876435/ACC_Championships/100-Hurdles,TFRRS all_performances
"Maslowski, Teddi",Duke,ACC,100H,2016,4,,,13.65,s,Raleigh Relays,2016-03-25,,,+0.0,Outdoor,https://www.tfrrs.org/results/44884/2738564/Raleigh_Relays/100-Hurdles,TFRRS all_performances
"Maslowski, Teddi",Duke,ACC,100H,2016,4,,,13.74,s,Raleigh Relays,2016-03-25,,,0.2,Outdoor,https://www.tfrrs.org/results/44884/2738564/Raleigh_Relays/100-Hurdles,TFRRS all_performances
"Johonnot, Karli",Duke,ACC,100H,2016,4,,,14.45,s,Battle of the Blues,2016-04-01,,,-1.0,Outdoor,https://www.tfrrs.org/results/45230/2758793/Battle_of_the_Blues/100-Hurdles,TFRRS all_performances
"Maslowski, Teddi",Duke,ACC,100H,2016,4,,,13.83,s,Battle of the Blues,2016-04-01,,,-1.0,Outdoor,https://www.tfrrs.org/results/45230/2758793/Battle_of_the_Blues/100-Hurdles,TFRRS all_performances
"Maslowski, Teddi",Duke,ACC,100H,2016,4,,,13.68,s,Spec Towns Invitational 2016,2016-04-08,,,1.4,Outdoor,https://www.tfrrs.org/results/42363/2780610/Spec_Towns_Invitational_2016/100-Hurdles,TFRRS all_performances
"Maslowski, Teddi",Duke,ACC,100H,2016,4,,,13.58,s,Mt. SAC Relays/CA Invitational Multi Events,2016-04-13,,,0.7,Outdoor,https://www.tfrrs.org/results/43242/2854293/Mt_SAC_Relays_CA_Invitational_Multi_Events/100-Hurdles,TFRRS all_performances
"Johonnot, Karli",Duke,ACC,100H,2016,4,,,14.30,s,Duke Invitational,2016-04-22,,,0.6,Outdoor,https://www.tfrrs.org/results/46101/2826789/Duke_Invitational/100-Hurdles,TFRRS all_performances
"Johonnot, Karli",Duke,ACC,100H,2016,4,,,14.48,s,Duke Invitational,2016-04-22,,,0.7,Outdoor,https://www.tfrrs.org/results/46101/2826789/Duke_Invitational/100-Hurdles,TFRRS all_performances
"Lemmons, Jaida",Duke,ACC,100H,2016,1,,,15.55,s,Duke Invitational,2016-04-22,,,0.7,Outdoor,https://www.tfrrs.org/results/46101/2826789/Duke_Invitational/100-Hurdles,TFRRS all_performances
"Maslowski, Teddi",Duke,ACC,100H,2016,4,,,13.79,s,Duke Invitational,2016-04-22,,,0.7,Outdoor,https://www.tfrrs.org/results/46101/2826789/Duke_Invitational/100-Hurdles,TFRRS all_performances
"Maslowski, Teddi",Duke,ACC,100H,2016,4,,,14.02,s,Penn Relays,2016-04-28,,,0.8,Outdoor,https://www.tfrrs.org/results/46385/2856055/Penn_Relays/100-Hurdles,TFRRS all_performances
"Lemmons, Jaida",Duke,ACC,100H,2016,1,,,15.07,s,ACC Championships,2016-05-13,,,1.2,Outdoor,https://www.tfrrs.org/results/46634/2876439/ACC_Championships/100-Hurdles,TFRRS all_performances
"Maslowski, Teddi",Duke,ACC,100H,2016,4,,,13.58,s,ACC Championships,2016-05-13,,,0.5,Outdoor,https://www.tfrrs.org/results/46634/2876439/ACC_Championships/100-Hurdles,TFRRS all_performances
"Maslowski, Teddi",Duke,ACC,100H,2016,4,,,13.43,s,NCAA Division I - East Preliminary Round,2016-05-26,,,1.3,Outdoor,https://www.tfrrs.org/results/46682/2882928/NCAA_Division_I_-_East_Preliminary_Round/100-Hurdles,TFRRS all_performances
"Maslowski, Teddi",Duke,ACC,100H,2016,4,,,13.54,s,NCAA Division I - East Preliminary Round,2016-05-26,,,1.0,Outdoor,https://www.tfrrs.org/results/46682/2882928/NCAA_Division_I_-_East_Preliminary_Round/100-Hurdles,TFRRS all_performances
"Maslowski, Teddi",Duke,ACC,100H,2016,4,,,13.59,s,NCAA Division I Track & Field Championships,2016-06-08,,,1.1,Outdoor,https://www.tfrrs.org/results/46699/2884634/NCAA_Division_I_Track__Field_Championships/100-Hurdles,TFRRS all_performances
"Farrington, Melissa-Maree",Florida State,ACC,100H,2016,3,,,13.79,s,USF Bulls Invitational,2016-03-17,,,-0.1,Outdoor,https://www.tfrrs.org/results/43769/2715038/USF_Bulls_Invitational/100-Hurdles,TFRRS all_performances
"Sadeiko, Grete",Florida State,ACC,100H,2016,3,,,14.43,s,USF Bulls Invitational,2016-03-17,,,-0.8,Outdoor,https://www.tfrrs.org/results/43769/2715038/USF_Bulls_Invitational/100-Hurdles,TFRRS all_performances
"Banton, McKoya",Florida State,ACC,100H,2016,1,,,14.47,s,Florida State Relays,2016-03-25,,,-0.3,Outdoor,https://www.tfrrs.org/results/44862/2735541/Florida_State_Relays/100-Hurdles,TFRRS all_performances
"Farrington, Melissa-Maree",Florida State,ACC,100H,2016,3,,,13.61,s,Florida State Relays,2016-03-25,,,-0.3,Outdoor,https://www.tfrrs.org/results/44862/2735541/Florida_State_Relays/100-Hurdles,TFRRS all_performances
"Jean, Mulern",Florida State,ACC,100H,2016,4,,,13.20,s,Florida State Relays,2016-03-25,,,-0.3,Outdoor,https://www.tfrrs.org/results/44862/2735541/Florida_State_Relays/100-Hurdles,TFRRS all_performances
"Sadeiko, Grete",Florida State,ACC,100H,2016,3,,,14.15,s,Florida State Relays,2016-03-25,,,-0.3,Outdoor,https://www.tfrrs.org/results/44862/2735541/Florida_State_Relays/100-Hurdles,TFRRS all_performances
"Setterington, Nicole",Florida State,ACC,100H,2016,3,,,13.63,s,Florida State Relays,2016-03-25,,,-0.3,Outdoor,https://www.tfrrs.org/results/44862/2735541/Florida_State_Relays/100-Hurdles,TFRRS all_performances
"Williams, Peta-Gay",Florida State,ACC,100H,2016,1,,,13.78,s,Florida State Relays,2016-03-25,,,-0.3,Outdoor,https://www.tfrrs.org/results/44862/2735541/Florida_State_Relays/100-Hurdles,TFRRS all_performances
"Farrington, Melissa-Maree",Florida State,ACC,100H,2016,3,,,14.09,s,Rafer Johnson-Jackie Joyner Kersee Invitational,2016-04-09,,,-2.4,Outdoor,https://www.tfrrs.org/results/43382/2783993/Rafer_Johnson-Jackie_Joyner_Kersee_Invitational/100-Hurdles,TFRRS all_performances
"Jean, Mulern",Florida State,ACC,100H,2016,4,,,13.75,s,Rafer Johnson-Jackie Joyner Kersee Invitational,2016-04-09,,,-0.5,Outdoor,https://www.tfrrs.org/results/43382/2783993/Rafer_Johnson-Jackie_Joyner_Kersee_Invitational/100-Hurdles,TFRRS all_performances
"Setterington, Nicole",Florida State,ACC,100H,2016,3,,,13.99,s,Rafer Johnson-Jackie Joyner Kersee Invitational,2016-04-09,,,-0.5,Outdoor,https://www.tfrrs.org/results/43382/2783993/Rafer_Johnson-Jackie_Joyner_Kersee_Invitational/100-Hurdles,TFRRS all_performances
"Williams, Peta-Gay",Florida State,ACC,100H,2016,1,,,13.65,s,Rafer Johnson-Jackie Joyner Kersee Invitational,2016-04-09,,,-2.4,Outdoor,https://www.tfrrs.org/results/43382/2783993/Rafer_Johnson-Jackie_Joyner_Kersee_Invitational/100-Hurdles,TFRRS all_performances
"Banton, McKoya",Florida State,ACC,100H,2016,1,,,14.54,s,Seminole Invitational,2016-04-15,,,-1.1,Outdoor,https://www.tfrrs.org/results/45850/2803073/Seminole_Invitational/100-Hurdles,TFRRS all_performances
"Farrington, Melissa-Maree",Florida State,ACC,100H,2016,3,,,13.92,s,Charlotte Invitational,2016-04-15,,,2.0,Outdoor,https://www.tfrrs.org/results/44246/2816388/Charlotte_Invitational/100-Hurdles,TFRRS all_performances
"Jean, Mulern",Florida State,ACC,100H,2016,4,,,13.40,s,Seminole Invitational,2016-04-15,,,-0.9,Outdoor,https://www.tfrrs.org/results/45850/2803073/Seminole_Invitational/100-Hurdles,TFRRS all_performances
"Sadeiko, Grete",Florida State,ACC,100H,2016,3,,,14.28,s,Seminole Invitational,2016-04-15,,,-1.9,Outdoor,https://www.tfrrs.org/results/45850/2803073/Seminole_Invitational/100-Hurdles,TFRRS all_performances
"Setterington, Nicole",Florida State,ACC,100H,2016,3,,,13.53,s,Seminole Invitational,2016-04-15,,,-0.9,Outdoor,https://www.tfrrs.org/results/45850/2803073/Seminole_Invitational/100-Hurdles,TFRRS all_performances
"Williams, Peta-Gay",Florida State,ACC,100H,2016,1,,,13.58,s,Seminole Invitational,2016-04-15,,,-0.9,Outdoor,https://www.tfrrs.org/results/45850/2803073/Seminole_Invitational/100-Hurdles,TFRRS all_performances
"Banton, McKoya",Florida State,ACC,100H,2016,1,,,14.33,s,UF Tom Jones Memorial,2016-04-22,,,0.7,Outdoor,https://www.tfrrs.org/results/43370/2822285/UF_Tom_Jones_Memorial/100-Hurdles,TFRRS all_performances
"Sadeiko, Grete",Florida State,ACC,100H,2016,3,,,13.99,s,UF Tom Jones Memorial,2016-04-22,,,2.0,Outdoor,https://www.tfrrs.org/results/43370/2822285/UF_Tom_Jones_Memorial/100-Hurdles,TFRRS all_performances
"Setterington, Nicole",Florida State,ACC,100H,2016,3,,,13.24,s,UF Tom Jones Memorial,2016-04-22,,,0.6,Outdoor,https://www.tfrrs.org/results/43370/2822285/UF_Tom_Jones_Memorial/100-Hurdles,TFRRS all_performances
"Setterington, Nicole",Florida State,ACC,100H,2016,3,,,13.35,s,UF Tom Jones Memorial,2016-04-22,,,2.0,Outdoor,https://www.tfrrs.org/results/43370/2822285/UF_Tom_Jones_Memorial/100-Hurdles,TFRRS all_performances
"Jean, Mulern",Florida State,ACC,100H,2016,4,,,13.39,s,Penn Relays,2016-04-28,,,-0.7,Outdoor,https://www.tfrrs.org/results/46385/2849682/Penn_Relays/100-Hurdles,TFRRS all_performances
"Jean, Mulern",Florida State,ACC,100H,2016,4,,,13.62,s,Penn Relays,2016-04-28,,,0.8,Outdoor,https://www.tfrrs.org/results/46385/2856055/Penn_Relays/100-Hurdles,TFRRS all_performances
"Banton, McKoya",Florida State,ACC,100H,2016,1,,,14.32,s,UNF Twilight,2016-05-04,,,0.6,Outdoor,https://www.tfrrs.org/results/41906/2858096/UNF_Twilight_/100-Hurdles,TFRRS all_performances
"Sadeiko, Grete",Florida State,ACC,100H,2016,3,,,14.00,s,UNF Twilight,2016-05-04,,,0.6,Outdoor,https://www.tfrrs.org/results/41906/2858096/UNF_Twilight_/100-Hurdles,TFRRS all_performances
"Banton, McKoya",Florida State,ACC,100H,2016,1,,,14.37,s,ACC Championships,2016-05-13,,,-1.1,Outdoor,https://www.tfrrs.org/results/46634/2876435/ACC_Championships/100-Hurdles,TFRRS all_performances
"Farrington, Melissa-Maree",Florida State,ACC,100H,2016,3,,,13.40,s,ACC Championships,2016-05-13,,,0.5,Outdoor,https://www.tfrrs.org/results/46634/2876439/ACC_Championships/100-Hurdles,TFRRS all_performances
"Farrington, Melissa-Maree",Florida State,ACC,100H,2016,3,,,13.71,s,ACC Championships,2016-05-13,,,-1.1,Outdoor,https://www.tfrrs.org/results/46634/2876435/ACC_Championships/100-Hurdles,TFRRS all_performances
"Jean, Mulern",Florida State,ACC,100H,2016,4,,,13.01,s,ACC Championships,2016-05-13,,,1.3,Outdoor,https://www.tfrrs.org/results/46634/2876435/ACC_Championships/100-Hurdles,TFRRS all_performances
"Jean, Mulern",Florida State,ACC,100H,2016,4,,,13.10,s,ACC Championships,2016-05-13,,,0.8,Outdoor,https://www.tfrrs.org/results/46634/2876435/ACC_Championships/100-Hurdles,TFRRS all_performances
"Sadeiko, Grete",Florida State,ACC,100H,2016,3,,,14.03,s,ACC Championships,2016-05-13,,,0.8,Outdoor,https://www.tfrrs.org/results/46634/2876439/ACC_Championships/100-Hurdles,TFRRS all_performances
"Setterington, Nicole",Florida State,ACC,100H,2016,3,,,13.36,s,ACC Championships,2016-05-13,,,0.8,Outdoor,https://www.tfrrs.org/results/46634/2876435/ACC_Championships/100-Hurdles,TFRRS all_performances
"Setterington, Nicole",Florida State,ACC,100H,2016,3,,,13.45,s,ACC Championships,2016-05-13,,,-0.7,Outdoor,https://www.tfrrs.org/results/46634/2876435/ACC_Championships/100-Hurdles,TFRRS all_performances
"Williams, Peta-Gay",Florida State,ACC,100H,2016,1,,,13.26,s,ACC Championships,2016-05-13,,,1.3,Outdoor,https://www.tfrrs.org/results/46634/2876435/ACC_Championships/100-Hurdles,TFRRS all_performances
"Williams, Peta-Gay",Florida State,ACC,100H,2016,1,,,13.47,s,ACC Championships,2016-05-13,,,0.8,Outdoor,https://www.tfrrs.org/results/46634/2876435/ACC_Championships/100-Hurdles,TFRRS all_performances
"Farrington, Melissa-Maree",Florida State,ACC,100H,2016,3,,,13.57,s,NCAA Division I - East Preliminary Round,2016-05-26,,,2.0,Outdoor,https://www.tfrrs.org/results/46682/2882928/NCAA_Division_I_-_East_Preliminary_Round/100-Hurdles,TFRRS all_performances
"Jean, Mulern",Florida State,ACC,100H,2016,4,,,13.18,s,NCAA Division I - East Preliminary Round,2016-05-26,,,1.3,Outdoor,https://www.tfrrs.org/results/46682/2882928/NCAA_Division_I_-_East_Preliminary_Round/100-Hurdles,TFRRS all_performances
"Jean, Mulern",Florida State,ACC,100H,2016,4,,,13.42,s,NCAA Division I - East Preliminary Round,2016-05-26,,,1.0,Outdoor,https://www.tfrrs.org/results/46682/2882928/NCAA_Division_I_-_East_Preliminary_Round/100-Hurdles,TFRRS all_performances
"Setterington, Nicole",Florida State,ACC,100H,2016,3,,,12.98,s,NCAA Division I - East Preliminary Round,2016-05-26,,,1.9,Outdoor,https://www.tfrrs.org/results/46682/2882928/NCAA_Division_I_-_East_Preliminary_Round/100-Hurdles,TFRRS all_performances
"Setterington, Nicole",Florida State,ACC,100H,2016,3,,,13.37,s,NCAA Division I - East Preliminary Round,2016-05-26,,,0.7,Outdoor,https://www.tfrrs.org/results/46682/2882928/NCAA_Division_I_-_East_Preliminary_Round/100-Hurdles,TFRRS all_performances
"Williams, Peta-Gay",Florida State,ACC,100H,2016,1,,,13.37,s,NCAA Division I - East Preliminary Round,2016-05-26,,,2.0,Outdoor,https://www.tfrrs.org/results/46682/2882928/NCAA_Division_I_-_East_Preliminary_Round/100-Hurdles,TFRRS all_performances
"Williams, Peta-Gay",Florida State,ACC,100H,2016,1,,,13.40,s,NCAA Division I - East Preliminary Round,2016-05-26,,,1.9,Outdoor,https://www.tfrrs.org/results/46682/2882928/NCAA_Division_I_-_East_Preliminary_Round/100-Hurdles,TFRRS all_performances
"Sadeiko, Grete",Florida State,ACC,100H,2016,3,,,14.06,s,NCAA Division I Track & Field Championships,2016-06-08,,,0.4,Outdoor,https://www.tfrrs.org/results/46699/2884634/NCAA_Division_I_Track__Field_Championships/100-Hurdles,TFRRS all_performances
"Setterington, Nicole",Florida State,ACC,100H,2016,3,,,13.25,s,NCAA Division I Track & Field Championships,2016-06-08,,,1.7,Outdoor,https://www.tfrrs.org/results/46699/2884186/NCAA_Division_I_Track__Field_Championships/100-Hurdles,TFRRS all_performances
"Labrie-Smith, Hannah",Stanford,ACC,100H,2016,1,,,14.65,s,Stanford Invitational,2016-04-01,,,0.6,Outdoor,https://www.tfrrs.org/results/45256/2762439/Stanford_Invitational/100-Hurdles,TFRRS all_performances
"Labrie-Smith, Hannah",Stanford,ACC,100H,2016,1,,,14.66,s,Stanford Invitational,2016-04-01,,,+0.0,Outdoor,https://www.tfrrs.org/results/45256/2762439/Stanford_Invitational/100-Hurdles,TFRRS all_performances
"Lewis, Amber",Stanford,ACC,100H,2016,2,,,14.85,s,Stanford Invitational,2016-04-01,,,1.9,Outdoor,https://www.tfrrs.org/results/45256/2762439/Stanford_Invitational/100-Hurdles,TFRRS all_performances
"Labrie-Smith, Hannah",Stanford,ACC,100H,2016,1,,,14.30,s,The Big Meet -Cal vs. Stanford,2016-04-09,,,0.8,Outdoor,https://www.tfrrs.org/results/45589/2781814/The_Big_Meet_-Cal_vs_Stanford/100-Hurdles,TFRRS all_performances
"Lewis, Amber",Stanford,ACC,100H,2016,2,,,14.62,s,The Big Meet -Cal vs. Stanford,2016-04-09,,,0.8,Outdoor,https://www.tfrrs.org/results/45589/2781814/The_Big_Meet_-Cal_vs_Stanford/100-Hurdles,TFRRS all_performances
"Labrie-Smith, Hannah",Stanford,ACC,100H,2016,1,,,14.15,s,Michael Johnson Classic,2016-04-23,,,0.5,Outdoor,https://www.tfrrs.org/results/45651/2827008/Michael_Johnson_Classic/100-Hurdles,TFRRS all_performances
"Labrie-Smith, Hannah",Stanford,ACC,100H,2016,1,,,14.23,s,Payton Jordan Invitational,2016-05-01,,,1.8,Outdoor,https://www.tfrrs.org/results/46369/2847810/Payton_Jordan_Invitational/100-Hurdles,TFRRS all_performances
"Lewis, Amber",Stanford,ACC,100H,2016,2,,,14.50,s,Payton Jordan Invitational,2016-05-01,,,0.7,Outdoor,https://www.tfrrs.org/results/46369/2847810/Payton_Jordan_Invitational/100-Hurdles,TFRRS all_performances
"Herran, Alana",Virginia,ACC,100H,2016,1,,,14.42,s,2016 Fred Hardy Invitational,2016-03-25,,,1.1,Outdoor,https://www.tfrrs.org/results/42673/2737957/2016_Fred_Hardy_Invitational/100-Hurdles,TFRRS all_performances
"Leonard, Ciara",Virginia,ACC,100H,2016,1,,,14.23,s,2016 Fred Hardy Invitational,2016-03-25,,,1.1,Outdoor,https://www.tfrrs.org/results/42673/2737957/2016_Fred_Hardy_Invitational/100-Hurdles,TFRRS all_performances
"Smith, Heather",Virginia,ACC,100H,2016,3,,,13.88,s,2016 Fred Hardy Invitational,2016-03-25,,,1.1,Outdoor,https://www.tfrrs.org/results/42673/2737957/2016_Fred_Hardy_Invitational/100-Hurdles,TFRRS all_performances
"Herran, Alana",Virginia,ACC,100H,2016,1,,,14.41,s,Lou	Onesty/Milton G. Abramson Invitational,2016-04-09,,,-1.4,Outdoor,https://www.tfrrs.org/results/45590/2781895/Lou_Onesty_Milton_G_Abramson_Invitational/100-Hurdles,TFRRS all_performances
"Leonard, Ciara",Virginia,ACC,100H,2016,1,,,14.24,s,Lou	Onesty/Milton G. Abramson Invitational,2016-04-09,,,-1.4,Outdoor,https://www.tfrrs.org/results/45590/2781895/Lou_Onesty_Milton_G_Abramson_Invitational/100-Hurdles,TFRRS all_performances
"Smith, Heather",Virginia,ACC,100H,2016,3,,,14.06,s,Lou	Onesty/Milton G. Abramson Invitational,2016-04-09,,,-1.4,Outdoor,https://www.tfrrs.org/results/45590/2781895/Lou_Onesty_Milton_G_Abramson_Invitational/100-Hurdles,TFRRS all_performances
"Herran, Alana",Virginia,ACC,100H,2016,1,,,14.34,s,Virginia Challenge,2016-04-22,,,0.2,Outdoor,https://www.tfrrs.org/results/46108/2846907/Virginia_Challenge/100-Hurdles,TFRRS all_performances
"Leonard, Ciara",Virginia,ACC,100H,2016,1,,,13.95,s,Virginia Challenge,2016-04-22,,,0.5,Outdoor,https://www.tfrrs.org/results/46108/2827883/Virginia_Challenge/100-Hurdles,TFRRS all_performances
"Smith, Heather",Virginia,ACC,100H,2016,3,,,13.94,s,Virginia Challenge,2016-04-22,,,0.5,Outdoor,https://www.tfrrs.org/results/46108/2827883/Virginia_Challenge/100-Hurdles,TFRRS all_performances
"Feyerabend, Carly",Virginia,ACC,100H,2016,1,,,14.58,s,Radford University Highlander Invitational,2016-04-29,,,1.2,Outdoor,https://www.tfrrs.org/results/45701/2843187/Radford_University_Highlander_Invitational/100-Hurdles,TFRRS all_performances
"Herran, Alana",Virginia,ACC,100H,2016,1,,,14.09,s,Radford University Highlander Invitational,2016-04-29,,,1.2,Outdoor,https://www.tfrrs.org/results/45701/2843187/Radford_University_Highlander_Invitational/100-Hurdles,TFRRS all_performances
"Leonard, Ciara",Virginia,ACC,100H,2016,1,,,13.90,s,Radford University Highlander Invitational,2016-04-29,,,1.2,Outdoor,https://www.tfrrs.org/results/45701/2843187/Radford_University_Highlander_Invitational/100-Hurdles,TFRRS all_performances
"Feyerabend, Carly",Virginia,ACC,100H,2016,1,,,14.65,s,Highlander Invitational,2016-04-30,Final,6,,Outdoor,https://virginiasports.com/news/2016/04/30/leonard-sullivan-pick-up-wins-at-highlander-invitational,legacy_source_needs_review
"Herran, Alana",Virginia,ACC,100H,2016,1,,,14.51,s,Highlander Invitational,2016-04-30,Final,5,,Outdoor,https://virginiasports.com/news/2016/04/30/leonard-sullivan-pick-up-wins-at-highlander-invitational,legacy_source_needs_review
"Leonard, Ciara",Virginia,ACC,100H,2016,1,,,13.63,s,Highlander Invitational,2016-04-30,Final,1,wind-aided,Outdoor,https://virginiasports.com/news/2016/04/30/leonard-sullivan-pick-up-wins-at-highlander-invitational,legacy_source_needs_review
"Herran, Alana",Virginia,ACC,100H,2016,1,,,14.03,s,ACC Championships,2016-05-13,,,0.8,Outdoor,https://www.tfrrs.org/results/46634/2876439/ACC_Championships/100-Hurdles,TFRRS all_performances
"Leonard, Ciara",Virginia,ACC,100H,2016,1,,,13.67,s,ACC Championships,2016-05-13,,,-1.1,Outdoor,https://www.tfrrs.org/results/46634/2876435/ACC_Championships/100-Hurdles,TFRRS all_performances
"Bonds, Tiana",Arizona,Big 12,100H,2016,2,,,14.75,seconds,Willie Williams Classic,2016-03-18,,,1.1,Outdoor,https://www.tfrrs.org/results/43804/2718917/Willie_Williams_Classic/100-Hurdles,TFRRS all_performances
"Hicks, Traci",Arizona,Big 12,100H,2016,4,,,14.03,seconds,Willie Williams Classic,2016-03-18,,,1.1,Outdoor,https://www.tfrrs.org/results/43804/2718917/Willie_Williams_Classic/100-Hurdles,TFRRS all_performances
"Bonds, Tiana",Arizona,Big 12,100H,2016,2,,,14.22,seconds,Jim Bush Collegiate Invitational,2016-03-22,,,1.6,Outdoor,https://www.tfrrs.org/results/43380/2728657/Jim_Bush_Collegiate_Invitational/100-Hurdles,TFRRS all_performances
"Hailey, Nnenya",Arizona,Big 12,100H,2016,4,,,13.33,seconds,Jim Bush Collegiate Invitational,2016-03-22,,,1.6,Outdoor,https://www.tfrrs.org/results/43380/2728657/Jim_Bush_Collegiate_Invitational/100-Hurdles,TFRRS all_performances
"Hicks, Traci",Arizona,Big 12,100H,2016,4,,,14.01,seconds,Jim Bush Collegiate Invitational,2016-03-22,,,1.6,Outdoor,https://www.tfrrs.org/results/43380/2728657/Jim_Bush_Collegiate_Invitational/100-Hurdles,TFRRS all_performances
"Bonds, Tiana",Arizona,Big 12,100H,2016,2,,,14.34,seconds,Stanford Invitational,2016-04-01,,,+0.0,Outdoor,https://www.tfrrs.org/results/45256/2762439/Stanford_Invitational/100-Hurdles,TFRRS all_performances
"Bonds, Tiana",Arizona,Big 12,100H,2016,2,,,14.55,seconds,Stanford Invitational,2016-04-01,,,0.6,Outdoor,https://www.tfrrs.org/results/45256/2762439/Stanford_Invitational/100-Hurdles,TFRRS all_performances
"Bonds, Tiana",Arizona,Big 12,100H,2016,2,,,14.11,seconds,Jim Click Shootout,2016-04-09,,,+0.0,Outdoor,https://www.tfrrs.org/results/44804/2781539/Jim_Click_Shootout/100-Hurdles,TFRRS all_performances
"Hailey, Nnenya",Arizona,Big 12,100H,2016,4,,,12.96,seconds,Jim Click Shootout,2016-04-09,,,1.3,Outdoor,https://www.tfrrs.org/results/44804/2781531/Jim_Click_Shootout/100-Hurdles,TFRRS all_performances
"Hicks, Traci",Arizona,Big 12,100H,2016,4,,,13.96,seconds,Jim Click Shootout,2016-04-09,,,1.3,Outdoor,https://www.tfrrs.org/results/44804/2781531/Jim_Click_Shootout/100-Hurdles,TFRRS all_performances
"Thompson, Alyssa",Arizona,Big 12,100H,2016,3,,,15.16,seconds,Jim Click Shootout,2016-04-09,,,+0.0,Outdoor,https://www.tfrrs.org/results/44804/2781539/Jim_Click_Shootout/100-Hurdles,TFRRS all_performances
"Bonds, Tiana",Arizona,Big 12,100H,2016,2,,,14.53,seconds,LSU Alumni Gold,2016-04-23,,,1.4,Outdoor,https://www.tfrrs.org/results/41857/2824949/LSU_Alumni_Gold/100-Hurdles,TFRRS all_performances
"Hicks, Traci",Arizona,Big 12,100H,2016,4,,,13.93,seconds,LSU Alumni Gold,2016-04-23,,,1.4,Outdoor,https://www.tfrrs.org/results/41857/2824949/LSU_Alumni_Gold/100-Hurdles,TFRRS all_performances
"Bonds, Tiana",Arizona,Big 12,100H,2016,2,,,14.20,seconds,2016 Duel in the Desert,2016-04-30,,,0.2,Outdoor,https://www.tfrrs.org/results/45969/2845956/2016_Duel_in_the_Desert/100-Hurdles,TFRRS all_performances
"Hailey, Nnenya",Arizona,Big 12,100H,2016,4,,,13.06,seconds,2016 Duel in the Desert,2016-04-30,,,0.2,Outdoor,https://www.tfrrs.org/results/45969/2845956/2016_Duel_in_the_Desert/100-Hurdles,TFRRS all_performances
"Hicks, Traci",Arizona,Big 12,100H,2016,4,,,13.57,seconds,2016 Duel in the Desert,2016-04-30,,,0.2,Outdoor,https://www.tfrrs.org/results/45969/2845956/2016_Duel_in_the_Desert/100-Hurdles,TFRRS all_performances
"Thompson, Alyssa",Arizona,Big 12,100H,2016,3,,,14.99,seconds,2016 Duel in the Desert,2016-04-30,,,0.2,Outdoor,https://www.tfrrs.org/results/45969/2845956/2016_Duel_in_the_Desert/100-Hurdles,TFRRS all_performances
"Bonds, Tiana",Arizona,Big 12,100H,2016,2,,,13.90,seconds,Pac-12 Combined Events Championships,2016-05-07,,,0.2,Outdoor,https://www.tfrrs.org/results/45707/2865731/Pac-12_Combined_Events_Championships/100-Hurdles,TFRRS all_performances
"Thompson, Alyssa",Arizona,Big 12,100H,2016,3,,,14.70,seconds,Pac-12 Combined Events Championships,2016-05-07,,,-0.5,Outdoor,https://www.tfrrs.org/results/45707/2865731/Pac-12_Combined_Events_Championships/100-Hurdles,TFRRS all_performances
"Bonds, Tiana",Arizona,Big 12,100H,2016,2,,,13.90,seconds,Pac-12 Outdoor Track & Field Championships,2016-05-14,,,0.2,Outdoor,https://www.tfrrs.org/results/45708/2877306/Pac-12_Outdoor_Track__Field_Championships/100-Hurdles,TFRRS all_performances
"Bonds, Tiana",Arizona,Big 12,100H,2016,2,,,14.76,seconds,Pac-12 Outdoor Track & Field Championships,2016-05-14,,,0.2,Outdoor,https://www.tfrrs.org/results/45708/2877264/Pac-12_Outdoor_Track__Field_Championships/100-Hurdles,TFRRS all_performances
"Hailey, Nnenya",Arizona,Big 12,100H,2016,4,,,13.10,seconds,Pac-12 Outdoor Track & Field Championships,2016-05-14,,,-0.5,Outdoor,https://www.tfrrs.org/results/45708/2877264/Pac-12_Outdoor_Track__Field_Championships/100-Hurdles,TFRRS all_performances
"Hailey, Nnenya",Arizona,Big 12,100H,2016,4,,,13.24,seconds,Pac-12 Outdoor Track & Field Championships,2016-05-14,,,0.2,Outdoor,https://www.tfrrs.org/results/45708/2877264/Pac-12_Outdoor_Track__Field_Championships/100-Hurdles,TFRRS all_performances
"Hicks, Traci",Arizona,Big 12,100H,2016,4,,,14.20,seconds,Pac-12 Outdoor Track & Field Championships,2016-05-14,,,0.2,Outdoor,https://www.tfrrs.org/results/45708/2877264/Pac-12_Outdoor_Track__Field_Championships/100-Hurdles,TFRRS all_performances
"Thompson, Alyssa",Arizona,Big 12,100H,2016,3,,,14.70,seconds,Pac-12 Outdoor Track & Field Championships,2016-05-14,,,-0.5,Outdoor,https://www.tfrrs.org/results/45708/2877306/Pac-12_Outdoor_Track__Field_Championships/100-Hurdles,TFRRS all_performances
"Thompson, Alyssa",Arizona,Big 12,100H,2016,3,,,15.36,seconds,Pac-12 Outdoor Track & Field Championships,2016-05-14,,,0.2,Outdoor,https://www.tfrrs.org/results/45708/2877264/Pac-12_Outdoor_Track__Field_Championships/100-Hurdles,TFRRS all_performances
"Hicks, Traci",Arizona,Big 12,100H,2016,4,,,14.19,seconds,NCAA Division I - West Preliminary Round,2016-05-26,,,0.6,Outdoor,https://www.tfrrs.org/results/46681/2882659/NCAA_Division_I_-_West_Preliminary_Round/100-Hurdles,TFRRS all_performances
"Thompson, Alyssa",Arizona,Big 12,100H,2016,3,,,14.30,seconds,NCAA Division I Track & Field Championships,2016-06-08,,,1.8,Outdoor,https://www.tfrrs.org/results/46699/2884634/NCAA_Division_I_Track__Field_Championships/100-Hurdles,TFRRS all_performances
"Folsom, Halley",BYU,Big 12,100H,2016,1,,,15.74,seconds,UNLV Invitational and Sheila Tarr Multis,2016-03-17,,,1.2,Outdoor,https://www.tfrrs.org/results/41655/2717797/UNLV_Invitational_and_Sheila_Tarr_Multis/100-Hurdles,TFRRS all_performances
"Merkley, Erin",BYU,Big 12,100H,2016,4,,,15.11,seconds,UNLV Invitational and Sheila Tarr Multis,2016-03-17,,,+0.0,Outdoor,https://www.tfrrs.org/results/41655/2717797/UNLV_Invitational_and_Sheila_Tarr_Multis/100-Hurdles,TFRRS all_performances
"Merkley, Erin",BYU,Big 12,100H,2016,4,,,15.33,seconds,UNLV Invitational and Sheila Tarr Multis,2016-03-17,,,0.8,Outdoor,https://www.tfrrs.org/results/41655/2717815/UNLV_Invitational_and_Sheila_Tarr_Multis/100-Hurdles,TFRRS all_performances
"Monteverde-Dalton, Alyssa",BYU,Big 12,100H,2016,3,,,13.56,seconds,2016 Nike Clyde Littlefield Texas Relays,2016-03-30,,,0.9,Outdoor,https://www.tfrrs.org/results/43409/2759052/2016_Nike_Clyde_Littlefield_Texas_Relays/100-Hurdles,TFRRS all_performances
"Monteverde-Dalton, Alyssa",BYU,Big 12,100H,2016,3,,,13.76,seconds,2016 Nike Clyde Littlefield Texas Relays,2016-03-30,,,-0.5,Outdoor,https://www.tfrrs.org/results/43409/2759052/2016_Nike_Clyde_Littlefield_Texas_Relays/100-Hurdles,TFRRS all_performances
"Folsom, Halley",BYU,Big 12,100H,2016,1,,,15.74,seconds,2016 UVU Collegiate Invite,2016-04-01,,,-1.7,Outdoor,https://www.tfrrs.org/results/45215/2762359/2016_UVU_Collegiate_Invite/100-Hurdles,TFRRS all_performances
"Gunnerson, Kaitlyn",BYU,Big 12,100H,2016,1,,,15.14,seconds,2016 UVU Collegiate Invite,2016-04-01,,,0.6,Outdoor,https://www.tfrrs.org/results/45215/2762359/2016_UVU_Collegiate_Invite/100-Hurdles,TFRRS all_performances
"Hatfield, Sarah",BYU,Big 12,100H,2016,1,,,15.77,seconds,2016 UVU Collegiate Invite,2016-04-01,,,0.6,Outdoor,https://www.tfrrs.org/results/45215/2762359/2016_UVU_Collegiate_Invite/100-Hurdles,TFRRS all_performances
"Merkley, Erin",BYU,Big 12,100H,2016,4,,,15.33,seconds,2016 UVU Collegiate Invite,2016-04-01,,,-0.4,Outdoor,https://www.tfrrs.org/results/45215/2762359/2016_UVU_Collegiate_Invite/100-Hurdles,TFRRS all_performances
"Folsom, Halley",BYU,Big 12,100H,2016,1,,,15.28,seconds,Utah Spring Classic,2016-04-08,,,+0.0,Outdoor,https://www.tfrrs.org/results/45576/2779079/Utah_Spring_Classic/100-Hurdles,TFRRS all_performances
"Gunnerson, Kaitlyn",BYU,Big 12,100H,2016,1,,,15.48,seconds,37th Annual Sun Angel Classic,2016-04-08,,,1.2,Outdoor,https://www.tfrrs.org/results/45599/2783331/37th_Annual_Sun_Angel_Classic/100-Hurdles,TFRRS all_performances
"Hatfield, Sarah",BYU,Big 12,100H,2016,1,,,15.60,seconds,Utah Spring Classic,2016-04-08,,,+0.0,Outdoor,https://www.tfrrs.org/results/45576/2779079/Utah_Spring_Classic/100-Hurdles,TFRRS all_performances
"Packham, Kaylee",BYU,Big 12,100H,2016,4,,,14.58,seconds,2016 Mesa Classic,2016-04-08,,,1.7,Outdoor,https://www.tfrrs.org/results/43672/2782402/2016_Mesa_Classic/100-Hurdles,TFRRS all_performances
"Folsom, Halley",BYU,Big 12,100H,2016,1,,,15.62,seconds,2016 BYU Robison Invitational,2016-04-21,,,-0.2,Outdoor,https://www.tfrrs.org/results/46095/2846939/2016_BYU_Robison_Invitational/100-Hurdles,TFRRS all_performances
"Hatfield, Sarah",BYU,Big 12,100H,2016,1,,,15.70,seconds,2016 BYU Robison Invitational,2016-04-21,,,1.1,Outdoor,https://www.tfrrs.org/results/46095/2832459/2016_BYU_Robison_Invitational/100-Hurdles,TFRRS all_performances
"Merkley, Erin",BYU,Big 12,100H,2016,4,,,14.75,seconds,2016 BYU Robison Invitational,2016-04-21,,,-0.2,Outdoor,https://www.tfrrs.org/results/46095/2846939/2016_BYU_Robison_Invitational/100-Hurdles,TFRRS all_performances
"Monteverde-Dalton, Alyssa",BYU,Big 12,100H,2016,3,,,13.57,seconds,Penn Relays,2016-04-28,,,-0.7,Outdoor,https://www.tfrrs.org/results/46385/2849682/Penn_Relays/100-Hurdles,TFRRS all_performances
"Monteverde-Dalton, Alyssa",BYU,Big 12,100H,2016,3,,,13.71,seconds,Penn Relays,2016-04-28,,,1.6,Outdoor,https://www.tfrrs.org/results/46385/2856055/Penn_Relays/100-Hurdles,TFRRS all_performances
"Monteverde-Dalton, Alyssa",BYU,Big 12,100H,2016,3,,,13.63,seconds,2016 Oxy Invitational (College/University),2016-05-07,,,1.1,Outdoor,https://www.tfrrs.org/results/41646/2864462/2016_Oxy_Invitational_College_University/100-Hurdles,TFRRS all_performances
"Folsom, Halley",BYU,Big 12,100H,2016,1,,,15.25,seconds,2016 BYU Cougar Invitational,2016-05-12,,,0.8,Outdoor,https://www.tfrrs.org/results/46609/2872728/2016_BYU_Cougar_Invitational/100-Hurdles,TFRRS all_performances
"Gunnerson, Kaitlyn",BYU,Big 12,100H,2016,1,,,14.81,seconds,2016 BYU Cougar Invitational,2016-05-12,,,0.4,Outdoor,https://www.tfrrs.org/results/46609/2872733/2016_BYU_Cougar_Invitational/100-Hurdles,TFRRS all_performances
"Monteverde-Dalton, Alyssa",BYU,Big 12,100H,2016,3,,,13.50,seconds,2016 BYU Cougar Invitational,2016-05-12,,,0.4,Outdoor,https://www.tfrrs.org/results/46609/2872733/2016_BYU_Cougar_Invitational/100-Hurdles,TFRRS all_performances
"Packham, Kaylee",BYU,Big 12,100H,2016,4,,,14.71,seconds,2016 BYU Cougar Invitational,2016-05-12,,,0.4,Outdoor,https://www.tfrrs.org/results/46609/2872733/2016_BYU_Cougar_Invitational/100-Hurdles,TFRRS all_performances
"Monteverde-Dalton, Alyssa",BYU,Big 12,100H,2016,3,,,13.36,seconds,NCAA Division I - West Preliminary Round,2016-05-26,,,0.8,Outdoor,https://www.tfrrs.org/results/46681/2882659/NCAA_Division_I_-_West_Preliminary_Round/100-Hurdles,TFRRS all_performances
"Morrison, Eva",Baylor,Big 12,100H,2016,1,,,16.92,seconds,TCU Invitational,2016-03-17,,,0.8,Outdoor,https://www.tfrrs.org/results/43159/2715436/TCU_Invitational_/100-Hurdles,TFRRS all_performances
"Jordan, Taije",Baylor,Big 12,100H,2016,4,,,14.67,seconds,2016 Baylor Invitational,2016-04-09,,,0.9,Outdoor,https://www.tfrrs.org/results/44371/2782914/2016_Baylor_Invitational/100-Hurdles,TFRRS all_performances
"Morrison, Eva",Baylor,Big 12,100H,2016,1,,,16.05,seconds,2016 Baylor Invitational,2016-04-09,,,0.8,Outdoor,https://www.tfrrs.org/results/44371/2782914/2016_Baylor_Invitational/100-Hurdles,TFRRS all_performances
"Morrison, Eva",Baylor,Big 12,100H,2016,1,,,16.22,seconds,Michael Johnson Classic,2016-04-23,,,0.3,Outdoor,https://www.tfrrs.org/results/45651/2827008/Michael_Johnson_Classic/100-Hurdles,TFRRS all_performances
"Grandcolas, Carlyn",Baylor,Big 12,100H,2016,3,,,15.54,seconds,Big 12 Outdoor Track & Field Championships,2016-05-13,,,0.4,Outdoor,https://www.tfrrs.org/results/45751/2876767/Big_12_Outdoor_Track__Field_Championships/100-Hurdles,TFRRS all_performances
"Storm, Kaci",Iowa State,Big 12,100H,2016,3,,,14.70,seconds,University of Tulsa Duels,2016-03-18,,,1.4,Outdoor,https://www.tfrrs.org/results/44538/2717540/University_of_Tulsa_Duels/100-Hurdles,TFRRS all_performances
"Whigham, Emma",Iowa State,Big 12,100H,2016,1,,,15.19,seconds,University of Tulsa Duels,2016-03-18,,,1.4,Outdoor,https://www.tfrrs.org/results/44538/2717540/University_of_Tulsa_Duels/100-Hurdles,TFRRS all_performances
"Storm, Kaci",Iowa State,Big 12,100H,2016,3,,,14.85,seconds,Stanford Invitational,2016-04-01,,,0.6,Outdoor,https://www.tfrrs.org/results/45256/2762439/Stanford_Invitational/100-Hurdles,TFRRS all_performances
"Storm, Kaci",Iowa State,Big 12,100H,2016,3,,,15.60,seconds,San Francisco State Distance Carnival,2016-04-01,,,0.1,Outdoor,https://www.tfrrs.org/results/42862/2761251/San_Francisco_State_Distance_Carnival/100-Hurdles,TFRRS all_performances
"Whigham, Emma",Iowa State,Big 12,100H,2016,1,,,15.26,seconds,Stanford Invitational,2016-04-01,,,0.6,Outdoor,https://www.tfrrs.org/results/45256/2762439/Stanford_Invitational/100-Hurdles,TFRRS all_performances
"Whigham, Emma",Iowa State,Big 12,100H,2016,1,,,15.26,seconds,San Francisco State Distance Carnival,2016-04-01,,,1.8,Outdoor,https://www.tfrrs.org/results/42862/2761251/San_Francisco_State_Distance_Carnival/100-Hurdles,TFRRS all_performances
"Storm, Kaci",Iowa State,Big 12,100H,2016,3,,,14.52,seconds,Jim Click Shootout,2016-04-09,,,+0.0,Outdoor,https://www.tfrrs.org/results/44804/2781539/Jim_Click_Shootout/100-Hurdles,TFRRS all_performances
"Whigham, Emma",Iowa State,Big 12,100H,2016,1,,,15.02,seconds,Jim Click Shootout,2016-04-09,,,+0.0,Outdoor,https://www.tfrrs.org/results/44804/2781539/Jim_Click_Shootout/100-Hurdles,TFRRS all_performances
"Storm, Kaci",Iowa State,Big 12,100H,2016,3,,,14.56,seconds,Musco Twilight,2016-04-23,,,1.7,Outdoor,https://www.tfrrs.org/results/46100/2826750/Musco_Twilight/100-Hurdles,TFRRS all_performances
"Whigham, Emma",Iowa State,Big 12,100H,2016,1,,,14.61,seconds,Musco Twilight,2016-04-23,,,0.7,Outdoor,https://www.tfrrs.org/results/46100/2826750/Musco_Twilight/100-Hurdles,TFRRS all_performances
"Storm, Kaci",Iowa State,Big 12,100H,2016,3,,,14.56,seconds,2016 Drake Relays presented by Hy-Vee,2016-04-27,,,+0.0,Outdoor,https://www.tfrrs.org/results/46333/2843997/2016_Drake_Relays_presented_by_Hy-Vee/100-Hurdles,TFRRS all_performances
"Whigham, Emma",Iowa State,Big 12,100H,2016,1,,,15.15,seconds,2016 Drake Relays presented by Hy-Vee,2016-04-27,,,-0.9,Outdoor,https://www.tfrrs.org/results/46333/2843997/2016_Drake_Relays_presented_by_Hy-Vee/100-Hurdles,TFRRS all_performances
"Storm, Kaci",Iowa State,Big 12,100H,2016,3,,,14.20,seconds,Big 12 Outdoor Track & Field Championships,2016-05-13,,,0.9,Outdoor,https://www.tfrrs.org/results/45751/2876767/Big_12_Outdoor_Track__Field_Championships/100-Hurdles,TFRRS all_performances
"Whigham, Emma",Iowa State,Big 12,100H,2016,1,,,14.43,seconds,Big 12 Outdoor Track & Field Championships,2016-05-13,,,0.9,Outdoor,https://www.tfrrs.org/results/45751/2876767/Big_12_Outdoor_Track__Field_Championships/100-Hurdles,TFRRS all_performances
"Hinton, Kaylee",Texas Tech,Big 12,100H,2016,1,,,13.91,seconds,TCU Invitational,2016-03-17,,,1.1,Outdoor,https://www.tfrrs.org/results/43159/2715436/TCU_Invitational_/100-Hurdles,TFRRS all_performances
"Morgan, Andi",Texas Tech,Big 12,100H,2016,3,,,14.54,seconds,TCU Invitational,2016-03-17,,,0.6,Outdoor,https://www.tfrrs.org/results/43159/2715436/TCU_Invitational_/100-Hurdles,TFRRS all_performances
"Nesmith, Amani",Texas Tech,Big 12,100H,2016,3,,,14.29,seconds,TCU Invitational,2016-03-17,,,0.6,Outdoor,https://www.tfrrs.org/results/43159/2715436/TCU_Invitational_/100-Hurdles,TFRRS all_performances
"Stewart, Shanice",Texas Tech,Big 12,100H,2016,4,,,13.56,seconds,TCU Invitational,2016-03-17,,,1.1,Outdoor,https://www.tfrrs.org/results/43159/2715436/TCU_Invitational_/100-Hurdles,TFRRS all_performances
"Thompson, Natalie",Texas Tech,Big 12,100H,2016,4,,,14.80,seconds,TCU Invitational,2016-03-17,,,1.1,Outdoor,https://www.tfrrs.org/results/43159/2715436/TCU_Invitational_/100-Hurdles,TFRRS all_performances
"Hinton, Kaylee",Texas Tech,Big 12,100H,2016,1,,,13.86,seconds,Texas Tech Open,2016-03-24,,,+0.0,Outdoor,https://www.tfrrs.org/results/44315/2733617/Texas_Tech_Open/100-Hurdles,TFRRS all_performances
"Morgan, Andi",Texas Tech,Big 12,100H,2016,3,,,14.93,seconds,Texas Tech Open,2016-03-24,,,+0.0,Outdoor,https://www.tfrrs.org/results/44315/2733617/Texas_Tech_Open/100-Hurdles,TFRRS all_performances
"Nesmith, Amani",Texas Tech,Big 12,100H,2016,3,,,14.45,seconds,Texas Tech Open,2016-03-24,,,+0.0,Outdoor,https://www.tfrrs.org/results/44315/2733617/Texas_Tech_Open/100-Hurdles,TFRRS all_performances
"Thompson, Natalie",Texas Tech,Big 12,100H,2016,4,,,14.66,seconds,Texas Tech Open,2016-03-24,,,+0.0,Outdoor,https://www.tfrrs.org/results/44315/2733617/Texas_Tech_Open/100-Hurdles,TFRRS all_performances
"Hinton, Kaylee",Texas Tech,Big 12,100H,2016,1,,,14.26,seconds,Kansas Relays,2016-04-20,,,1.1,Outdoor,https://www.tfrrs.org/results/46104/2827401/Kansas_Relays/100-Hurdles,TFRRS all_performances
"Morgan, Andi",Texas Tech,Big 12,100H,2016,3,,,14.97,seconds,Kansas Relays,2016-04-20,,,0.5,Outdoor,https://www.tfrrs.org/results/46104/2827401/Kansas_Relays/100-Hurdles,TFRRS all_performances
"Thompson, Natalie",Texas Tech,Big 12,100H,2016,4,,,15.04,seconds,Kansas Relays,2016-04-20,,,0.2,Outdoor,https://www.tfrrs.org/results/46104/2827401/Kansas_Relays/100-Hurdles,TFRRS all_performances
"Nesmith, Amani",Texas Tech,Big 12,100H,2016,3,,,14.33,seconds,Michael Johnson Classic,2016-04-23,,,0.5,Outdoor,https://www.tfrrs.org/results/45651/2827008/Michael_Johnson_Classic/100-Hurdles,TFRRS all_performances
"Hinton, Kaylee",Texas Tech,Big 12,100H,2016,1,,,14.16,seconds,ACU Oliver Jackson Twilight Meet,2016-04-27,,,0.5,Outdoor,https://www.tfrrs.org/results/45930/2838626/ACU_Oliver_Jackson_Twilight_Meet/100-Hurdles,TFRRS all_performances
"Hinton, Kaylee",Texas Tech,Big 12,100H,2016,1,,,14.23,seconds,2016 Drake Relays presented by Hy-Vee,2016-04-27,,,0.8,Outdoor,https://www.tfrrs.org/results/46333/2844037/2016_Drake_Relays_presented_by_Hy-Vee/100-Hurdles,TFRRS all_performances
"Nesmith, Amani",Texas Tech,Big 12,100H,2016,3,,,14.03,seconds,ACU Oliver Jackson Twilight Meet,2016-04-27,,,0.5,Outdoor,https://www.tfrrs.org/results/45930/2838626/ACU_Oliver_Jackson_Twilight_Meet/100-Hurdles,TFRRS all_performances
"Thompson, Natalie",Texas Tech,Big 12,100H,2016,4,,,15.90,seconds,ACU Oliver Jackson Twilight Meet,2016-04-27,,,0.5,Outdoor,https://www.tfrrs.org/results/45930/2838626/ACU_Oliver_Jackson_Twilight_Meet/100-Hurdles,TFRRS all_performances
"Hinton, Kaylee",Texas Tech,Big 12,100H,2016,1,,,14.12,seconds,Big 12 Outdoor Track & Field Championships,2016-05-13,,,1.0,Outdoor,https://www.tfrrs.org/results/45751/2876767/Big_12_Outdoor_Track__Field_Championships/100-Hurdles,TFRRS all_performances
"Morgan, Andi",Texas Tech,Big 12,100H,2016,3,,,14.44,seconds,Big 12 Outdoor Track & Field Championships,2016-05-13,,,1.0,Outdoor,https://www.tfrrs.org/results/45751/2876767/Big_12_Outdoor_Track__Field_Championships/100-Hurdles,TFRRS all_performances
"Nesmith, Amani",Texas Tech,Big 12,100H,2016,3,,,13.81,seconds,Big 12 Outdoor Track & Field Championships,2016-05-13,,,1.7,Outdoor,https://www.tfrrs.org/results/45751/2876772/Big_12_Outdoor_Track__Field_Championships/100-Hurdles,TFRRS all_performances
"Thompson, Natalie",Texas Tech,Big 12,100H,2016,4,,,14.53,seconds,Big 12 Outdoor Track & Field Championships,2016-05-13,,,0.9,Outdoor,https://www.tfrrs.org/results/45751/2876767/Big_12_Outdoor_Track__Field_Championships/100-Hurdles,TFRRS all_performances
"Smyers-Jones, Kortni",Illinois,Big Ten,100H,2016,3,,,14.01,seconds,Baldy Castillo Invitational,2016-03-18,,,-0.8,Outdoor,https://www.tfrrs.org/results/44544/2718698/Baldy_Castillo_Invitational/100-Hurdles,TFRRS all_performances
"Stewart, Jayla",Illinois,Big Ten,100H,2016,1,,,13.81,seconds,Baldy Castillo Invitational,2016-03-18,,,-0.8,Outdoor,https://www.tfrrs.org/results/44544/2718698/Baldy_Castillo_Invitational/100-Hurdles,TFRRS all_performances
"Smyers-Jones, Kortni",Illinois,Big Ten,100H,2016,3,,,13.94,seconds,Vanderbilt Black and Gold Invitational,2016-03-25,,,1.2,Outdoor,https://www.tfrrs.org/results/44883/2738348/Vanderbilt_Black_and_Gold_Invitational/100-Hurdles,TFRRS all_performances
"Stewart, Jayla",Illinois,Big Ten,100H,2016,1,,,13.65,seconds,Vanderbilt Black and Gold Invitational,2016-03-25,,,1.2,Outdoor,https://www.tfrrs.org/results/44883/2738348/Vanderbilt_Black_and_Gold_Invitational/100-Hurdles,TFRRS all_performances
"Seymour, Pedrya",Illinois,Big Ten,100H,2016,3,,,13.40,seconds,Illinois Twilight,2016-04-23,,,-0.1,Outdoor,https://www.tfrrs.org/results/42201/2827788/Illinois_Twilight/100-Hurdles,TFRRS all_performances
"Smyers-Jones, Kortni",Illinois,Big Ten,100H,2016,3,,,14.19,seconds,Illinois Twilight,2016-04-23,,,-0.1,Outdoor,https://www.tfrrs.org/results/42201/2827788/Illinois_Twilight/100-Hurdles,TFRRS all_performances
"Stewart, Jayla",Illinois,Big Ten,100H,2016,1,,,13.59,seconds,Illinois Twilight,2016-04-23,,,-0.1,Outdoor,https://www.tfrrs.org/results/42201/2827788/Illinois_Twilight/100-Hurdles,TFRRS all_performances
"Seymour, Pedrya",Illinois,Big Ten,100H,2016,3,,,13.17,seconds,2016 Drake Relays presented by Hy-Vee,2016-04-27,,,1.8,Outdoor,https://www.tfrrs.org/results/46333/2844037/2016_Drake_Relays_presented_by_Hy-Vee/100-Hurdles,TFRRS all_performances
"Smyers-Jones, Kortni",Illinois,Big Ten,100H,2016,3,,,14.01,seconds,2016 Drake Relays presented by Hy-Vee,2016-04-27,,,1.1,Outdoor,https://www.tfrrs.org/results/46333/2844037/2016_Drake_Relays_presented_by_Hy-Vee/100-Hurdles,TFRRS all_performances
"Stewart, Jayla",Illinois,Big Ten,100H,2016,1,,,13.63,seconds,2016 Drake Relays presented by Hy-Vee,2016-04-27,,,0.8,Outdoor,https://www.tfrrs.org/results/46333/2844037/2016_Drake_Relays_presented_by_Hy-Vee/100-Hurdles,TFRRS all_performances
"Seymour, Pedrya",Illinois,Big Ten,100H,2016,3,,,13.18,seconds,Illini Open,2016-05-04,,,2.0,Outdoor,https://www.tfrrs.org/results/44528/2855283/Illini_Open/100-Hurdles,TFRRS all_performances
"Smyers-Jones, Kortni",Illinois,Big Ten,100H,2016,3,,,13.69,seconds,Illini Open,2016-05-04,,,2.0,Outdoor,https://www.tfrrs.org/results/44528/2855283/Illini_Open/100-Hurdles,TFRRS all_performances
"Stewart, Jayla",Illinois,Big Ten,100H,2016,1,,,20.38,seconds,Illini Open,2016-05-04,,,2.0,Outdoor,https://www.tfrrs.org/results/44528/2855283/Illini_Open/100-Hurdles,TFRRS all_performances
"Seymour, Pedrya",Illinois,Big Ten,100H,2016,3,,,12.92,seconds,Big Ten Conference Outdoor Track & Field Championships,2016-05-13,,,-0.5,Outdoor,https://www.tfrrs.org/results/45804/2876218/Big_Ten_Conference_Outdoor_Track__Field_Championships/100-Hurdles,TFRRS all_performances
"Smyers-Jones, Kortni",Illinois,Big Ten,100H,2016,3,,,13.96,seconds,Big Ten Conference Outdoor Track & Field Championships,2016-05-13,,,1.4,Outdoor,https://www.tfrrs.org/results/45804/2876218/Big_Ten_Conference_Outdoor_Track__Field_Championships/100-Hurdles,TFRRS all_performances
"Stewart, Jayla",Illinois,Big Ten,100H,2016,1,,,13.75,seconds,Big Ten Conference Outdoor Track & Field Championships,2016-05-13,,,-0.5,Outdoor,https://www.tfrrs.org/results/45804/2876218/Big_Ten_Conference_Outdoor_Track__Field_Championships/100-Hurdles,TFRRS all_performances
"Seymour, Pedrya",Illinois,Big Ten,100H,2016,3,,,12.95,seconds,NCAA Division I - West Preliminary Round,2016-05-26,,,1.3,Outdoor,https://www.tfrrs.org/results/46681/2882659/NCAA_Division_I_-_West_Preliminary_Round/100-Hurdles,TFRRS all_performances
"Smyers-Jones, Kortni",Illinois,Big Ten,100H,2016,3,,,13.60,seconds,NCAA Division I - West Preliminary Round,2016-05-26,,,0.6,Outdoor,https://www.tfrrs.org/results/46681/2882659/NCAA_Division_I_-_West_Preliminary_Round/100-Hurdles,TFRRS all_performances
"Stewart, Jayla",Illinois,Big Ten,100H,2016,1,,,13.40,seconds,NCAA Division I - West Preliminary Round,2016-05-26,,,0.2,Outdoor,https://www.tfrrs.org/results/46681/2882659/NCAA_Division_I_-_West_Preliminary_Round/100-Hurdles,TFRRS all_performances
"Seymour, Pedrya",Illinois,Big Ten,100H,2016,3,,,12.86,seconds,NCAA Division I Track & Field Championships,2016-06-08,,,0.9,Outdoor,https://www.tfrrs.org/results/46699/2884186/NCAA_Division_I_Track__Field_Championships/100-Hurdles,TFRRS all_performances
"Dowell, Kristen",Nebraska,Big Ten,100H,2016,2,,,14.25,seconds,Pac-12 vs Big 10 Invitational,2016-03-25,,,0.9,Outdoor,https://www.tfrrs.org/results/44896/2740079/Pac-12_vs_Big_10_Invitational/100-Hurdles,TFRRS all_performances
"Freeman, Chanel",Nebraska,Big Ten,100H,2016,1,,,13.35,seconds,Pac-12 vs Big 10 Invitational,2016-03-25,,,0.9,Outdoor,https://www.tfrrs.org/results/44896/2740079/Pac-12_vs_Big_10_Invitational/100-Hurdles,TFRRS all_performances
"Simmons, Lamisha",Nebraska,Big Ten,100H,2016,1,,,14.42,seconds,Pac-12 vs Big 10 Invitational,2016-03-25,,,0.9,Outdoor,https://www.tfrrs.org/results/44896/2740079/Pac-12_vs_Big_10_Invitational/100-Hurdles,TFRRS all_performances
"Dowell, Kristen",Nebraska,Big Ten,100H,2016,2,,,14.44,seconds,2016 Husker Spring Invitational,2016-04-09,,,0.8,Outdoor,https://www.tfrrs.org/results/42046/2782124/2016_Husker_Spring_Invitational/100-Hurdles,TFRRS all_performances
"Freeman, Chanel",Nebraska,Big Ten,100H,2016,1,,,13.95,seconds,2016 Husker Spring Invitational,2016-04-09,,,0.8,Outdoor,https://www.tfrrs.org/results/42046/2782124/2016_Husker_Spring_Invitational/100-Hurdles,TFRRS all_performances
"Simmons, Lamisha",Nebraska,Big Ten,100H,2016,1,,,14.38,seconds,2016 Husker Spring Invitational,2016-04-09,,,1.3,Outdoor,https://www.tfrrs.org/results/42046/2782124/2016_Husker_Spring_Invitational/100-Hurdles,TFRRS all_performances
"Smith, Morgan",Nebraska,Big Ten,100H,2016,2,,,14.23,seconds,2016 Husker Spring Invitational,2016-04-09,,,0.8,Outdoor,https://www.tfrrs.org/results/42046/2782124/2016_Husker_Spring_Invitational/100-Hurdles,TFRRS all_performances
"Freeman, Chanel",Nebraska,Big Ten,100H,2016,1,,,13.60,seconds,Texas Invitational,2016-04-16,,,0.8,Outdoor,https://www.tfrrs.org/results/45298/2804117/Texas_Invitational/100-Hurdles,TFRRS all_performances
"Dowell, Kristen",Nebraska,Big Ten,100H,2016,2,,,15.71,seconds,Kansas Relays,2016-04-20,,,0.9,Outdoor,https://www.tfrrs.org/results/46104/2827388/Kansas_Relays/100-Hurdles,TFRRS all_performances
"Luken, Hailey",Nebraska,Big Ten,100H,2016,1,,,15.09,seconds,Kansas Relays,2016-04-20,,,0.2,Outdoor,https://www.tfrrs.org/results/46104/2827401/Kansas_Relays/100-Hurdles,TFRRS all_performances
"Pieri, Morgan",Nebraska,Big Ten,100H,2016,1,,,18.20,seconds,Kansas Relays,2016-04-20,,,0.2,Outdoor,https://www.tfrrs.org/results/46104/2827401/Kansas_Relays/100-Hurdles,TFRRS all_performances
"Simmons, Lamisha",Nebraska,Big Ten,100H,2016,1,,,14.45,seconds,Kansas Relays,2016-04-20,,,1.1,Outdoor,https://www.tfrrs.org/results/46104/2827401/Kansas_Relays/100-Hurdles,TFRRS all_performances
"Simmons, Lamisha",Nebraska,Big Ten,100H,2016,1,,,14.67,seconds,Kansas Relays,2016-04-20,,,0.9,Outdoor,https://www.tfrrs.org/results/46104/2827388/Kansas_Relays/100-Hurdles,TFRRS all_performances
"Freeman, Chanel",Nebraska,Big Ten,100H,2016,1,,,13.83,seconds,2016 Drake Relays presented by Hy-Vee,2016-04-27,,,1.1,Outdoor,https://www.tfrrs.org/results/46333/2844037/2016_Drake_Relays_presented_by_Hy-Vee/100-Hurdles,TFRRS all_performances
"Smith, Morgan",Nebraska,Big Ten,100H,2016,2,,,14.45,seconds,NWU Spring Invitational,2016-04-28,,,1.8,Outdoor,https://www.tfrrs.org/results/46308/2840965/NWU_Spring_Invitational/100-Hurdles,TFRRS all_performances
"Barge, Jasmine",Nebraska,Big Ten,100H,2016,1,,,13.51,seconds,2016 Nebraska Invitational,2016-05-07,,,0.8,Outdoor,https://www.tfrrs.org/results/42048/2863268/2016_Nebraska_Invitational/100-Hurdles,TFRRS all_performances
"Carden, Kelley",Nebraska,Big Ten,100H,2016,2,,,16.69,seconds,2016 Nebraska Invitational,2016-05-07,,,2.0,Outdoor,https://www.tfrrs.org/results/42048/2863268/2016_Nebraska_Invitational/100-Hurdles,TFRRS all_performances
"Carr, Ashleigh",Nebraska,Big Ten,100H,2016,1,,,14.99,seconds,2016 Nebraska Invitational,2016-05-07,,,2.0,Outdoor,https://www.tfrrs.org/results/42048/2863268/2016_Nebraska_Invitational/100-Hurdles,TFRRS all_performances
"Luken, Hailey",Nebraska,Big Ten,100H,2016,1,,,15.28,seconds,2016 Nebraska Invitational,2016-05-07,,,2.0,Outdoor,https://www.tfrrs.org/results/42048/2863268/2016_Nebraska_Invitational/100-Hurdles,TFRRS all_performances
"Pieri, Morgan",Nebraska,Big Ten,100H,2016,1,,,16.24,seconds,2016 Nebraska Invitational,2016-05-07,,,2.0,Outdoor,https://www.tfrrs.org/results/42048/2863268/2016_Nebraska_Invitational/100-Hurdles,TFRRS all_performances
"Smith, Morgan",Nebraska,Big Ten,100H,2016,2,,,14.44,seconds,2016 Nebraska Invitational,2016-05-07,,,0.8,Outdoor,https://www.tfrrs.org/results/42048/2863268/2016_Nebraska_Invitational/100-Hurdles,TFRRS all_performances
"Barge, Jasmine",Nebraska,Big Ten,100H,2016,1,,,13.59,seconds,Big Ten Conference Outdoor Track & Field Championships,2016-05-13,,,2.0,Outdoor,https://www.tfrrs.org/results/45804/2876218/Big_Ten_Conference_Outdoor_Track__Field_Championships/100-Hurdles,TFRRS all_performances
"Dowell, Kristen",Nebraska,Big Ten,100H,2016,2,,,13.75,seconds,Big Ten Conference Outdoor Track & Field Championships,2016-05-13,,,1.4,Outdoor,https://www.tfrrs.org/results/45804/2876218/Big_Ten_Conference_Outdoor_Track__Field_Championships/100-Hurdles,TFRRS all_performances
"Freeman, Chanel",Nebraska,Big Ten,100H,2016,1,,,13.50,seconds,Big Ten Conference Outdoor Track & Field Championships,2016-05-13,,,1.4,Outdoor,https://www.tfrrs.org/results/45804/2876218/Big_Ten_Conference_Outdoor_Track__Field_Championships/100-Hurdles,TFRRS all_performances
"Freeman, Chanel",Nebraska,Big Ten,100H,2016,1,,,13.67,seconds,NCAA Division I - West Preliminary Round,2016-05-26,,,1.3,Outdoor,https://www.tfrrs.org/results/46681/2882659/NCAA_Division_I_-_West_Preliminary_Round/100-Hurdles,TFRRS all_performances
"Johnson, Alaysha",Oregon,Big Ten,100H,2016,1,,,13.06,seconds,Pepsi Invitational,2016-04-09,,,0.9,Outdoor,https://www.tfrrs.org/results/43371/2781336/Pepsi_Invitational/100-Hurdles,TFRRS all_performances
"Wallace, Sasha",Oregon,Big Ten,100H,2016,3,,,13.12,seconds,Pepsi Invitational,2016-04-09,,,0.9,Outdoor,https://www.tfrrs.org/results/43371/2781336/Pepsi_Invitational/100-Hurdles,TFRRS all_performances
"Wallace, Sasha",Oregon,Big Ten,100H,2016,4,,,13.01,seconds,Mt. SAC Relays,2016-04-14,,,2.0,Outdoor,https://www.tfrrs.org/results/45871/2806893/Mt_SAC_Relays/100-Hurdles,TFRRS all_performances
"Johnson, Alaysha",Oregon,Big Ten,100H,2016,1,,,13.28,seconds,Penn Relays,2016-04-28,,,-0.7,Outdoor,https://www.tfrrs.org/results/46385/2849682/Penn_Relays/100-Hurdles,TFRRS all_performances
"Johnson, Alaysha",Oregon,Big Ten,100H,2016,1,,,13.85,seconds,Penn Relays,2016-04-28,,,1.6,Outdoor,https://www.tfrrs.org/results/46385/2856055/Penn_Relays/100-Hurdles,TFRRS all_performances
"Wallace, Sasha",Oregon,Big Ten,100H,2016,3,,,13.24,seconds,Penn Relays,2016-04-28,,,-0.7,Outdoor,https://www.tfrrs.org/results/46385/2849682/Penn_Relays/100-Hurdles,TFRRS all_performances
"Wallace, Sasha",Oregon,Big Ten,100H,2016,3,,,13.25,seconds,Penn Relays,2016-04-28,,,0.8,Outdoor,https://www.tfrrs.org/results/46385/2856055/Penn_Relays/100-Hurdles,TFRRS all_performances
"Johnson, Alaysha",Oregon,Big Ten,100H,2016,1,,,13.27,seconds,Pac-12 Outdoor Track & Field Championships,2016-05-14,,,1.0,Outdoor,https://www.tfrrs.org/results/45708/2877264/Pac-12_Outdoor_Track__Field_Championships/100-Hurdles,TFRRS all_performances
"Johnson, Alaysha",Oregon,Big Ten,100H,2016,1,,,13.34,seconds,Pac-12 Outdoor Track & Field Championships,2016-05-14,,,-0.5,Outdoor,https://www.tfrrs.org/results/45708/2877264/Pac-12_Outdoor_Track__Field_Championships/100-Hurdles,TFRRS all_performances
"Wallace, Sasha",Oregon,Big Ten,100H,2016,3,,,13.09,seconds,Pac-12 Outdoor Track & Field Championships,2016-05-14,,,-0.5,Outdoor,https://www.tfrrs.org/results/45708/2877264/Pac-12_Outdoor_Track__Field_Championships/100-Hurdles,TFRRS all_performances
"Wallace, Sasha",Oregon,Big Ten,100H,2016,3,,,13.28,seconds,Pac-12 Outdoor Track & Field Championships,2016-05-14,,,0.2,Outdoor,https://www.tfrrs.org/results/45708/2877264/Pac-12_Outdoor_Track__Field_Championships/100-Hurdles,TFRRS all_performances
"Johnson, Alaysha",Oregon,Big Ten,100H,2016,1,,,12.97,seconds,NCAA Division I - West Preliminary Round,2016-05-26,,,1.3,Outdoor,https://www.tfrrs.org/results/46681/2882659/NCAA_Division_I_-_West_Preliminary_Round/100-Hurdles,TFRRS all_performances
"Wallace, Sasha",Oregon,Big Ten,100H,2016,3,,,13.20,seconds,NCAA Division I - West Preliminary Round,2016-05-26,,,-0.7,Outdoor,https://www.tfrrs.org/results/46681/2882659/NCAA_Division_I_-_West_Preliminary_Round/100-Hurdles,TFRRS all_performances
"Johnson, Alaysha",Oregon,Big Ten,100H,2016,1,,,13.42,seconds,NCAA Division I Track & Field Championships,2016-06-08,,,1.1,Outdoor,https://www.tfrrs.org/results/46699/2884186/NCAA_Division_I_Track__Field_Championships/100-Hurdles,TFRRS all_performances
"Wallace, Sasha",Oregon,Big Ten,100H,2016,3,,,12.95,seconds,NCAA Division I Track & Field Championships,2016-06-08,,,1.1,Outdoor,https://www.tfrrs.org/results/46699/2884186/NCAA_Division_I_Track__Field_Championships/100-Hurdles,TFRRS all_performances
"Graham, Jasmyne",USC,Big Ten,100H,2016,1,,,13.44,seconds,Trojan Invitational,2016-03-18,,,-0.7,Outdoor,https://www.tfrrs.org/results/44543/2718365/Trojan_Invitational/100-Hurdles,TFRRS all_performances
"Iuel, Amalie",USC,Big Ten,100H,2016,3,,,13.72,seconds,Trojan Invitational,2016-03-18,,,-0.7,Outdoor,https://www.tfrrs.org/results/44543/2718365/Trojan_Invitational/100-Hurdles,TFRRS all_performances
"Graham, Jasmyne",USC,Big Ten,100H,2016,1,,,13.27,seconds,Power Conference Cardinal & Gold,2016-03-25,,,0.3,Outdoor,https://www.tfrrs.org/results/44866/2738957/Power_Conference_Cardinal__Gold/100-Hurdles,TFRRS all_performances
"Lopes, Lyndsey",USC,Big Ten,100H,2016,1,,,14.49,seconds,Power Conference Cardinal & Gold,2016-03-25,,,0.3,Outdoor,https://www.tfrrs.org/results/44866/2738957/Power_Conference_Cardinal__Gold/100-Hurdles,TFRRS all_performances
"Iuel, Amalie",USC,Big Ten,100H,2016,3,,,13.90,seconds,Sam Adams Combined Events,2016-04-01,,,-0.5,Outdoor,https://www.tfrrs.org/results/43720/2761197/Sam_Adams_Combined_Events_/100-Hurdles,TFRRS all_performances
"Lopes, Lyndsey",USC,Big Ten,100H,2016,1,,,14.46,seconds,California Collegiate Invitational,2016-04-02,,,+0.0,Outdoor,https://www.tfrrs.org/results/43934/2760497/California_Collegiate_Invitational/100-Hurdles,TFRRS all_performances
"Graham, Jasmyne",USC,Big Ten,100H,2016,1,,,13.27,seconds,Pepsi Invitational,2016-04-09,,,0.9,Outdoor,https://www.tfrrs.org/results/43371/2781336/Pepsi_Invitational/100-Hurdles,TFRRS all_performances
"Lopes, Lyndsey",USC,Big Ten,100H,2016,1,,,14.27,seconds,Pepsi Invitational,2016-04-09,,,0.9,Outdoor,https://www.tfrrs.org/results/43371/2781336/Pepsi_Invitational/100-Hurdles,TFRRS all_performances
"Graham, Jasmyne",USC,Big Ten,100H,2016,1,,,13.38,seconds,UCLA vs. USC Dual Meet,2016-05-01,,,0.3,Outdoor,https://www.tfrrs.org/results/43384/2847229/UCLA_vs_USC_Dual_Meet/100-Hurdles,TFRRS all_performances
"Iuel, Amalie",USC,Big Ten,100H,2016,3,,,13.69,seconds,UCLA vs. USC Dual Meet,2016-05-01,,,0.3,Outdoor,https://www.tfrrs.org/results/43384/2847229/UCLA_vs_USC_Dual_Meet/100-Hurdles,TFRRS all_performances
"Lopes, Lyndsey",USC,Big Ten,100H,2016,1,,,14.08,seconds,UCLA vs. USC Dual Meet,2016-05-01,,,0.3,Outdoor,https://www.tfrrs.org/results/43384/2847229/UCLA_vs_USC_Dual_Meet/100-Hurdles,TFRRS all_performances
"Iuel, Amalie",USC,Big Ten,100H,2016,3,,,13.81,seconds,Pac-12 Combined Events Championships,2016-05-07,,,-0.7,Outdoor,https://www.tfrrs.org/results/45707/2865731/Pac-12_Combined_Events_Championships/100-Hurdles,TFRRS all_performances
"Lopes, Lyndsey",USC,Big Ten,100H,2016,1,,,14.18,seconds,Pac-12 Combined Events Championships,2016-05-07,,,0.2,Outdoor,https://www.tfrrs.org/results/45707/2865731/Pac-12_Combined_Events_Championships/100-Hurdles,TFRRS all_performances
"Graham, Jasmyne",USC,Big Ten,100H,2016,1,,,13.48,seconds,Pac-12 Outdoor Track & Field Championships,2016-05-14,,,-0.5,Outdoor,https://www.tfrrs.org/results/45708/2877264/Pac-12_Outdoor_Track__Field_Championships/100-Hurdles,TFRRS all_performances
"Graham, Jasmyne",USC,Big Ten,100H,2016,1,,,13.60,seconds,Pac-12 Outdoor Track & Field Championships,2016-05-14,,,1.0,Outdoor,https://www.tfrrs.org/results/45708/2877264/Pac-12_Outdoor_Track__Field_Championships/100-Hurdles,TFRRS all_performances
"Iuel, Amalie",USC,Big Ten,100H,2016,3,,,13.81,seconds,Pac-12 Outdoor Track & Field Championships,2016-05-14,,,-0.7,Outdoor,https://www.tfrrs.org/results/45708/2877306/Pac-12_Outdoor_Track__Field_Championships/100-Hurdles,TFRRS all_performances
"Iuel, Amalie",USC,Big Ten,100H,2016,3,,,14.18,seconds,Pac-12 Outdoor Track & Field Championships,2016-05-14,,,0.2,Outdoor,https://www.tfrrs.org/results/45708/2877264/Pac-12_Outdoor_Track__Field_Championships/100-Hurdles,TFRRS all_performances
"Lopes, Lyndsey",USC,Big Ten,100H,2016,1,,,14.18,seconds,Pac-12 Outdoor Track & Field Championships,2016-05-14,,,0.2,Outdoor,https://www.tfrrs.org/results/45708/2877306/Pac-12_Outdoor_Track__Field_Championships/100-Hurdles,TFRRS all_performances
"Lopes, Lyndsey",USC,Big Ten,100H,2016,1,,,14.37,seconds,Pac-12 Outdoor Track & Field Championships,2016-05-14,,,0.2,Outdoor,https://www.tfrrs.org/results/45708/2877264/Pac-12_Outdoor_Track__Field_Championships/100-Hurdles,TFRRS all_performances
"Graham, Jasmyne",USC,Big Ten,100H,2016,1,,,13.37,seconds,NCAA Division I - West Preliminary Round,2016-05-26,,,0.8,Outdoor,https://www.tfrrs.org/results/46681/2882659/NCAA_Division_I_-_West_Preliminary_Round/100-Hurdles,TFRRS all_performances
"Hill, Morganne",Washington,Big Ten,100H,2016,1,,,14.71,seconds,Pac-12 vs Big 10 Invitational,2016-03-25,,,0.9,Outdoor,https://www.tfrrs.org/results/44896/2740079/Pac-12_vs_Big_10_Invitational/100-Hurdles,TFRRS all_performances
"Sophusson Smith, Naivasha",Washington,Big Ten,100H,2016,3,,,14.18,seconds,Pac-12 vs Big 10 Invitational,2016-03-25,,,0.9,Outdoor,https://www.tfrrs.org/results/44896/2740079/Pac-12_vs_Big_10_Invitational/100-Hurdles,TFRRS all_performances
"Smith, C.J.",Washington,Big Ten,100H,2016,4,,,15.02,seconds,Stanford Invitational,2016-04-01,,,0.6,Outdoor,https://www.tfrrs.org/results/45256/2762439/Stanford_Invitational/100-Hurdles,TFRRS all_performances
"Sophusson Smith, Naivasha",Washington,Big Ten,100H,2016,3,,,14.42,seconds,Pepsi Invitational,2016-04-09,,,0.9,Outdoor,https://www.tfrrs.org/results/43371/2781336/Pepsi_Invitational/100-Hurdles,TFRRS all_performances
"Stueckle, Kimberly",Washington,Big Ten,100H,2016,4,,,14.55,seconds,Pepsi Invitational,2016-04-09,,,0.9,Outdoor,https://www.tfrrs.org/results/43371/2781336/Pepsi_Invitational/100-Hurdles,TFRRS all_performances
"Budinich, Ericka",Washington,Big Ten,100H,2016,1,,,17.19,seconds,Mt. SAC Relays/CA Invitational Multi Events,2016-04-13,,,-0.8,Outdoor,https://www.tfrrs.org/results/43242/2854300/Mt_SAC_Relays_CA_Invitational_Multi_Events/100-Hurdles,TFRRS all_performances
"Smith, C.J.",Washington,Big Ten,100H,2016,4,,,15.13,seconds,Mt. SAC Relays/CA Invitational Multi Events,2016-04-13,,,0.4,Outdoor,https://www.tfrrs.org/results/43242/2854300/Mt_SAC_Relays_CA_Invitational_Multi_Events/100-Hurdles,TFRRS all_performances
"Sophusson Smith, Naivasha",Washington,Big Ten,100H,2016,4,,,14.45,seconds,Mt. SAC Relays,2016-04-14,,,-0.6,Outdoor,https://www.tfrrs.org/results/45871/2806851/Mt_SAC_Relays/100-Hurdles,TFRRS all_performances
"Stueckle, Kimberly",Washington,Big Ten,100H,2016,,,,14.73,seconds,Mt. SAC Relays,2016-04-14,,,-1.4,Outdoor,https://www.tfrrs.org/results/45871/2806851/Mt_SAC_Relays/100-Hurdles,TFRRS all_performances
"Sophusson Smith, Naivasha",Washington,Big Ten,100H,2016,3,,,13.98,seconds,Beach Invitational,2016-04-15,,,0.4,Outdoor,https://www.tfrrs.org/results/45870/2809531/Beach_Invitational/100-Hurdles,TFRRS all_performances
"Hill, Morganne",Washington,Big Ten,100H,2016,1,,,14.48,seconds,WSU-UW Dual Meet,2016-04-23,,,0.6,Outdoor,https://www.tfrrs.org/results/44391/2827758/_WSU-UW_Dual_Meet/100-Hurdles,TFRRS all_performances
"Sophusson Smith, Naivasha",Washington,Big Ten,100H,2016,3,,,13.81,seconds,WSU-UW Dual Meet,2016-04-23,,,0.6,Outdoor,https://www.tfrrs.org/results/44391/2827758/_WSU-UW_Dual_Meet/100-Hurdles,TFRRS all_performances
"Stueckle, Kimberly",Washington,Big Ten,100H,2016,4,,,14.22,seconds,WSU-UW Dual Meet,2016-04-23,,,0.6,Outdoor,https://www.tfrrs.org/results/44391/2827758/_WSU-UW_Dual_Meet/100-Hurdles,TFRRS all_performances
"Budinich, Ericka",Washington,Big Ten,100H,2016,1,,,20.04,seconds,Ken Shannon Invitational,2016-04-30,,,-0.2,Outdoor,https://www.tfrrs.org/results/44401/2844567/Ken_Shannon_Invitational/100-Hurdles,TFRRS all_performances
"Hill, Morganne",Washington,Big Ten,100H,2016,1,,,15.17,seconds,Ken Shannon Invitational,2016-04-30,,,-0.2,Outdoor,https://www.tfrrs.org/results/44401/2844567/Ken_Shannon_Invitational/100-Hurdles,TFRRS all_performances
"Sophusson Smith, Naivasha",Washington,Big Ten,100H,2016,3,,,13.85,seconds,Ken Shannon Invitational,2016-04-30,,,-0.2,Outdoor,https://www.tfrrs.org/results/44401/2844567/Ken_Shannon_Invitational/100-Hurdles,TFRRS all_performances
"Stueckle, Kimberly",Washington,Big Ten,100H,2016,4,,,14.03,seconds,Ken Shannon Invitational,2016-04-30,,,-0.2,Outdoor,https://www.tfrrs.org/results/44401/2844567/Ken_Shannon_Invitational/100-Hurdles,TFRRS all_performances
"Smith, C.J.",Washington,Big Ten,100H,2016,4,,,14.81,seconds,Pac-12 Combined Events Championships,2016-05-07,,,1.6,Outdoor,https://www.tfrrs.org/results/45707/2865731/Pac-12_Combined_Events_Championships/100-Hurdles,TFRRS all_performances
"Smith, C.J.",Washington,Big Ten,100H,2016,4,,,14.81,seconds,Pac-12 Outdoor Track & Field Championships,2016-05-14,,,1.6,Outdoor,https://www.tfrrs.org/results/45708/2877306/Pac-12_Outdoor_Track__Field_Championships/100-Hurdles,TFRRS all_performances
"Sophusson Smith, Naivasha",Washington,Big Ten,100H,2016,3,,,13.84,seconds,Pac-12 Outdoor Track & Field Championships,2016-05-14,,,1.0,Outdoor,https://www.tfrrs.org/results/45708/2877264/Pac-12_Outdoor_Track__Field_Championships/100-Hurdles,TFRRS all_performances
"Sophusson Smith, Naivasha",Washington,Big Ten,100H,2016,3,,,13.96,seconds,Pac-12 Outdoor Track & Field Championships,2016-05-14,,,-0.5,Outdoor,https://www.tfrrs.org/results/45708/2877264/Pac-12_Outdoor_Track__Field_Championships/100-Hurdles,TFRRS all_performances
"Stueckle, Kimberly",Washington,Big Ten,100H,2016,4,,,14.00,seconds,Pac-12 Outdoor Track & Field Championships,2016-05-14,,,0.2,Outdoor,https://www.tfrrs.org/results/45708/2877264/Pac-12_Outdoor_Track__Field_Championships/100-Hurdles,TFRRS all_performances
"Stueckle, Kimberly",Washington,Big Ten,100H,2016,4,,,14.10,seconds,Pac-12 Outdoor Track & Field Championships,2016-05-14,,,-0.5,Outdoor,https://www.tfrrs.org/results/45708/2877264/Pac-12_Outdoor_Track__Field_Championships/100-Hurdles,TFRRS all_performances
"Clerveaux, Vanessa",Alabama,SEC,100H,2016,3,,,13.46,seconds,Alabama Relays,2016-03-17,,,-1.0,Outdoor,https://www.tfrrs.org/results/44542/2717972/Alabama_Relays/100-Hurdles,TFRRS all_performances
"Clerveaux, Vanessa",Alabama,SEC,100H,2016,3,,,13.49,seconds,Florida State Relays,2016-03-25,,,-0.3,Outdoor,https://www.tfrrs.org/results/44862/2735541/Florida_State_Relays/100-Hurdles,TFRRS all_performances
"Clerveaux, Vanessa",Alabama,SEC,100H,2016,3,,,13.4,seconds,Florida Relays,2016-04-02,Final,14,2.5,Outdoor,https://www.tfrrs.org/athletes/4638072/Alabama/Vanessa_Clerveaux.html,legacy_source_needs_review
"Clerveaux, Vanessa",Alabama,SEC,100H,2016,3,,,13.52,seconds,LSU Battle on the Bayou,2016-04-09,Final,4,2.9,Outdoor,https://www.tfrrs.org/athletes/4638072/Alabama/Vanessa_Clerveaux.html,legacy_source_needs_review
"Clerveaux, Vanessa",Alabama,SEC,100H,2016,3,,,13.43,seconds,War Eagle Invitational,2016-04-22,,,0.4,Outdoor,https://www.tfrrs.org/results/41485/2825682/War_Eagle_Invitational/100-Hurdles,TFRRS all_performances
"Clerveaux, Vanessa",Alabama,SEC,100H,2016,3,,,13.59,seconds,War Eagle Invitational,2016-04-22,,,-0.6,Outdoor,https://www.tfrrs.org/results/41485/2825682/War_Eagle_Invitational/100-Hurdles,TFRRS all_performances
"Clerveaux, Vanessa",Alabama,SEC,100H,2016,3,,,13.45,seconds,LSU Invitational,2016-04-30,Final,6,2.1,Outdoor,https://www.tfrrs.org/athletes/4638072/Alabama/Vanessa_Clerveaux.html,legacy_source_needs_review
"Clerveaux, Vanessa",Alabama,SEC,100H,2016,3,,,13.23,seconds,SEC Championships,2016-05-12,,,0.9,Outdoor,https://www.tfrrs.org/results/46617/2874021/SEC_Championships/100-Hurdles,TFRRS all_performances
"Clerveaux, Vanessa",Alabama,SEC,100H,2016,3,,,13.29,seconds,SEC Championships,2016-05-12,,,0.7,Outdoor,https://www.tfrrs.org/results/46617/2874021/SEC_Championships/100-Hurdles,TFRRS all_performances
"Clerveaux, Vanessa",Alabama,SEC,100H,2016,3,,,13.15,seconds,NCAA Division I - East Preliminary Round,2016-05-26,,,1.0,Outdoor,https://www.tfrrs.org/results/46682/2882928/NCAA_Division_I_-_East_Preliminary_Round/100-Hurdles,TFRRS all_performances
"Clerveaux, Vanessa",Alabama,SEC,100H,2016,3,,,13.12,seconds,NCAA Division I East Preliminary Round,2016-05-28,Quarterfinal,11,2.6,Outdoor,https://www.tfrrs.org/athletes/4638072/Alabama/Vanessa_Clerveaux.html,legacy_source_needs_review
"Clerveaux, Vanessa",Alabama,SEC,100H,2016,3,,,13.24,seconds,NCAA Division I Track & Field Championships,2016-06-08,,,1.7,Outdoor,https://www.tfrrs.org/results/46699/2884186/NCAA_Division_I_Track__Field_Championships/100-Hurdles,TFRRS all_performances
"McEnany, Ryann",Florida,SEC,100H,2016,3,,,13.81,seconds,Power Conference Cardinal & Gold,2016-03-25,,,1.1,Outdoor,https://www.tfrrs.org/results/44866/2738957/Power_Conference_Cardinal__Gold/100-Hurdles,TFRRS all_performances
"Ross-Ransom, Skylar",Florida,SEC,100H,2016,2,,,13.46,seconds,Power Conference Cardinal & Gold,2016-03-25,,,0.3,Outdoor,https://www.tfrrs.org/results/44866/2738957/Power_Conference_Cardinal__Gold/100-Hurdles,TFRRS all_performances
"Rushing, Kimani",Florida,SEC,100H,2016,1,,,13.65,seconds,Power Conference Cardinal & Gold,2016-03-25,,,0.3,Outdoor,https://www.tfrrs.org/results/44866/2738957/Power_Conference_Cardinal__Gold/100-Hurdles,TFRRS all_performances
"Eady, Tyjah",Florida,SEC,100H,2016,3,,,14.15,seconds,Florida Relays,2016-03-31,,,1.5,Outdoor,https://www.tfrrs.org/results/43368/2772305/Florida_Relays/100-Hurdles,TFRRS all_performances
"Ross-Ransom, Skylar",Florida,SEC,100H,2016,2,,,13.18,seconds,Florida Relays,2016-03-31,Final,7,2.1,Outdoor,https://floridagators.com/sports/womens-track-and-field/roster/skylar-ross-ransom/4995,legacy_source_needs_review
"Rushing, Kimani",Florida,SEC,100H,2016,1,,,13.53,seconds,Florida Relays,2016-03-31,Final,22,2.5,Outdoor,https://www.tfrrs.org/athletes/5651836/Florida/Kimani_Rushing,legacy_source_needs_review
"Eady, Tyjah",Florida,SEC,100H,2016,3,,,14.11,seconds,UF Tom Jones Memorial,2016-04-22,,,0.7,Outdoor,https://www.tfrrs.org/results/43370/2822285/UF_Tom_Jones_Memorial/100-Hurdles,TFRRS all_performances
"McEnany, Ryann",Florida,SEC,100H,2016,3,,,13.67,seconds,UF Tom Jones Memorial,2016-04-22,,,1.0,Outdoor,https://www.tfrrs.org/results/43370/2822285/UF_Tom_Jones_Memorial/100-Hurdles,TFRRS all_performances
"Ross-Ransom, Skylar",Florida,SEC,100H,2016,2,,,13.52,seconds,UF Tom Jones Memorial,2016-04-22,,,0.7,Outdoor,https://www.tfrrs.org/results/43370/2822285/UF_Tom_Jones_Memorial/100-Hurdles,TFRRS all_performances
"Eady, Tyjah",Florida,SEC,100H,2016,3,,,14.16,seconds,LSU Invitational,2016-04-30,,,1.2,Outdoor,https://www.tfrrs.org/results/41858/2844747/LSU_Invitational/100-Hurdles,TFRRS all_performances
"McEnany, Ryann",Florida,SEC,100H,2016,3,,,13.78,seconds,LSU Invitational,2016-04-30,,,1.2,Outdoor,https://www.tfrrs.org/results/41858/2844747/LSU_Invitational/100-Hurdles,TFRRS all_performances
"Rushing, Kimani",Florida,SEC,100H,2016,1,,,13.77,seconds,LSU Invitational,2016-04-30,Final,10,2.1,Outdoor,https://www.tfrrs.org/athletes/5651836/Florida/Kimani_Rushing,legacy_source_needs_review
"McEnany, Ryann",Florida,SEC,100H,2016,3,,,13.85,seconds,SEC Championships,2016-05-12,,,0.9,Outdoor,https://www.tfrrs.org/results/46617/2874021/SEC_Championships/100-Hurdles,TFRRS all_performances
"Rushing, Kimani",Florida,SEC,100H,2016,1,,,13.69,seconds,SEC Championships,2016-05-12,,,0.4,Outdoor,https://www.tfrrs.org/results/46617/2874021/SEC_Championships/100-Hurdles,TFRRS all_performances
"Ross-Ransom, Skylar",Florida,SEC,100H,2016,2,,,13.28,seconds,NCAA Division I - East Preliminary Round,2016-05-26,,,1.3,Outdoor,https://www.tfrrs.org/results/46682/2882928/NCAA_Division_I_-_East_Preliminary_Round/100-Hurdles,TFRRS all_performances
"Ross-Ransom, Skylar",Florida,SEC,100H,2016,2,,,13.45,seconds,NCAA Division I - East Preliminary Round,2016-05-26,,,0.7,Outdoor,https://www.tfrrs.org/results/46682/2882928/NCAA_Division_I_-_East_Preliminary_Round/100-Hurdles,TFRRS all_performances
"Rushing, Kimani",Florida,SEC,100H,2016,1,,,13.73,seconds,NCAA Division I - East Preliminary Round,2016-05-26,,,1.0,Outdoor,https://www.tfrrs.org/results/46682/2882928/NCAA_Division_I_-_East_Preliminary_Round/100-Hurdles,TFRRS all_performances
"Terry, Mary",Georgia,SEC,100H,2016,1,,,15.34,seconds,Bulldog Decathlon-Heptathlon,2016-04-06,Heptathlon,9,3.8,Outdoor,https://www.tfrrs.org/athletes/5649434/Georgia/Mary_Terry,legacy_source_needs_review
"Williams, Kendell",Georgia,SEC,100H,2016,3,,,13.39,seconds,Bulldog Decathlon-Heptathlon,2016-04-06,Heptathlon,1,3.2,Outdoor,https://tf.tfrrs.org/athletes/4660173/Georgia/Kendell_Williams,legacy_source_needs_review
"Williams, Kendell",Georgia,SEC,100H,2016,3,,,12.97,seconds,Virginia Challenge,2016-04-22,,,1.1,Outdoor,https://www.tfrrs.org/results/46108/2827883/Virginia_Challenge/100-Hurdles,TFRRS all_performances
"Williams, Kendell",Georgia,SEC,100H,2016,3,,,12.96,seconds,SEC Championships,2016-05-12,,,0.9,Outdoor,https://www.tfrrs.org/results/46617/2874021/SEC_Championships/100-Hurdles,TFRRS all_performances
"Williams, Kendell",Georgia,SEC,100H,2016,3,,,13.00,seconds,SEC Championships,2016-05-12,,,0.7,Outdoor,https://www.tfrrs.org/results/46617/2874021/SEC_Championships/100-Hurdles,TFRRS all_performances
"Williams, Kendell",Georgia,SEC,100H,2016,3,,,12.83,seconds,NCAA Division I Track & Field Championships,2016-06-08,,,1.4,Outdoor,https://www.tfrrs.org/results/46699/2884634/NCAA_Division_I_Track__Field_Championships/100-Hurdles,TFRRS all_performances
"Quinn, Jasmine",Kentucky,SEC,100H,2016,1,,,13.01,seconds,Baldy Castillo Invitational,2016-03-18,,,-0.8,Outdoor,https://www.tfrrs.org/results/44544/2718698/Baldy_Castillo_Invitational/100-Hurdles,TFRRS all_performances
"Howell, Jacklyn",Kentucky,SEC,100H,2016,2,,,FS,seconds,Baldy Castillo Invitational,2016-03-19,Final,,-0.8,Outdoor,https://www.tfrrs.org/athletes/5116165,legacy_source_needs_review
"Howell, Jacklyn",Kentucky,SEC,100H,2016,2,,,13.09,seconds,Florida Relays,2016-04-01,Final,5,2.1,Outdoor,https://www.tfrrs.org/athletes/5116165,legacy_source_needs_review
"Camacho-Quinn, Jasmine",Kentucky,SEC,100H,2016,1,,,12.97,seconds,Spec Towns Invitational 2016,2016-04-08,,,1.4,Outdoor,https://www.tfrrs.org/results/42363/2780610/Spec_Towns_Invitational_2016/100-Hurdles,TFRRS all_performances
"Howell, Jacklyn",Kentucky,SEC,100H,2016,2,,,13.14,seconds,Spec Towns Invitational 2016,2016-04-08,,,1.4,Outdoor,https://www.tfrrs.org/results/42363/2780610/Spec_Towns_Invitational_2016/100-Hurdles,TFRRS all_performances
"Camacho-Quinn, Jasmine",Kentucky,SEC,100H,2016,1,,,12.83,seconds,Virginia Challenge,2016-04-22,,,1.1,Outdoor,https://www.tfrrs.org/results/46108/2827883/Virginia_Challenge/100-Hurdles,TFRRS all_performances
"Howell, Jacklyn",Kentucky,SEC,100H,2016,2,,,13.15,seconds,Virginia Challenge,2016-04-22,,,1.1,Outdoor,https://www.tfrrs.org/results/46108/2827883/Virginia_Challenge/100-Hurdles,TFRRS all_performances
"Saunders, Sha'Keela",Kentucky,SEC,100H,2016,3,,,13.99,seconds,Virginia Challenge,2016-04-22,,,1.4,Outdoor,https://www.tfrrs.org/results/46108/2827883/Virginia_Challenge/100-Hurdles,TFRRS all_performances
"Howell, Jacklyn",Kentucky,SEC,100H,2016,2,,,12.87,seconds,LSU Invitational,2016-04-30,Final,,2.1,Outdoor,https://www.tfrrs.org/athletes/5116165,legacy_source_needs_review
"Camacho-Quinn, Jasmine",Kentucky,SEC,100H,2016,1,,,12.69,seconds,SEC Championships,2016-05-12,,,0.7,Outdoor,https://www.tfrrs.org/results/46617/2874021/SEC_Championships/100-Hurdles,TFRRS all_performances
"Camacho-Quinn, Jasmine",Kentucky,SEC,100H,2016,1,,,12.80,seconds,SEC Championships,2016-05-12,,,0.4,Outdoor,https://www.tfrrs.org/results/46617/2874021/SEC_Championships/100-Hurdles,TFRRS all_performances
"Howell, Jacklyn",Kentucky,SEC,100H,2016,2,,,13.09,seconds,SEC Championships,2016-05-12,,,0.7,Outdoor,https://www.tfrrs.org/results/46617/2874021/SEC_Championships/100-Hurdles,TFRRS all_performances
"Howell, Jacklyn",Kentucky,SEC,100H,2016,2,,,13.09,seconds,SEC Championships,2016-05-12,,,0.1,Outdoor,https://www.tfrrs.org/results/46617/2874021/SEC_Championships/100-Hurdles,TFRRS all_performances
"Camacho-Quinn, Jasmine",Kentucky,SEC,100H,2016,1,,,12.96,seconds,NCAA Division I - East Preliminary Round,2016-05-26,,,0.7,Outdoor,https://www.tfrrs.org/results/46682/2882928/NCAA_Division_I_-_East_Preliminary_Round/100-Hurdles,TFRRS all_performances
"Howell, Jacklyn",Kentucky,SEC,100H,2016,2,,,12.90,seconds,NCAA Division I - East Preliminary Round,2016-05-26,,,1.9,Outdoor,https://www.tfrrs.org/results/46682/2882928/NCAA_Division_I_-_East_Preliminary_Round/100-Hurdles,TFRRS all_performances
"Howell, Jacklyn",Kentucky,SEC,100H,2016,2,,,13.03,seconds,NCAA Division I - East Preliminary Round,2016-05-26,,,0.8,Outdoor,https://www.tfrrs.org/results/46682/2882928/NCAA_Division_I_-_East_Preliminary_Round/100-Hurdles,TFRRS all_performances
"Camacho-Quinn, Jasmine",Kentucky,SEC,100H,2016,1,,,12.75,seconds,NCAA Division I Track & Field Championships,2016-06-08,,,1.7,Outdoor,https://www.tfrrs.org/results/46699/2884186/NCAA_Division_I_Track__Field_Championships/100-Hurdles,TFRRS all_performances
"Howell, Jacklyn",Kentucky,SEC,100H,2016,2,,,13.04,seconds,NCAA Division I Track & Field Championships,2016-06-08,,,1.7,Outdoor,https://www.tfrrs.org/results/46699/2884186/NCAA_Division_I_Track__Field_Championships/100-Hurdles,TFRRS all_performances
"Camacho-Quinn, Jasmine",Kentucky,SEC,100H,2016,1,,,12.54,seconds,NCAA Division I Track & Field Championships,2016-06-11,Final,1,3.8,Outdoor,https://tf.tfrrs.org/athletes/5602993/Kentucky/Jasmine_Camacho-Quinn.html,legacy_source_needs_review
"Davis, Chalese",South Carolina,SEC,100H,2016,4,,,13.74,seconds,Alan Connie Shamrock Invitational,2016-03-17,,,0.8,Outdoor,https://www.tfrrs.org/results/42962/2717517/Alan_Connie_Shamrock_Invitational/100-Hurdles,TFRRS all_performances
"Davis, Chalese",South Carolina,SEC,100H,2016,4,,,13.95,seconds,Alan Connie Shamrock Invitational,2016-03-17,,,1.0,Outdoor,https://www.tfrrs.org/results/42962/2717517/Alan_Connie_Shamrock_Invitational/100-Hurdles,TFRRS all_performances
"Graham, Sarah",South Carolina,SEC,100H,2016,4,,,14.31,seconds,Alan Connie Shamrock Invitational,2016-03-17,,,-0.1,Outdoor,https://www.tfrrs.org/results/42962/2735591/Alan_Connie_Shamrock_Invitational/100-Hurdles,TFRRS all_performances
"Oluwole, Funlayo",South Carolina,SEC,100H,2016,1,,,14.09,seconds,Alan Connie Shamrock Invitational,2016-03-17,,,0.9,Outdoor,https://www.tfrrs.org/results/42962/2717517/Alan_Connie_Shamrock_Invitational/100-Hurdles,TFRRS all_performances
"Oluwole, Funlayo",South Carolina,SEC,100H,2016,1,,,14.22,seconds,Alan Connie Shamrock Invitational,2016-03-17,,,0.8,Outdoor,https://www.tfrrs.org/results/42962/2717517/Alan_Connie_Shamrock_Invitational/100-Hurdles,TFRRS all_performances
"Parks, Milan",South Carolina,SEC,100H,2016,1,,,14.69,seconds,Alan Connie Shamrock Invitational,2016-03-17,,,0.7,Outdoor,https://www.tfrrs.org/results/42962/2717517/Alan_Connie_Shamrock_Invitational/100-Hurdles,TFRRS all_performances
"Taylor, Taranisha",South Carolina,SEC,100H,2016,3,,,13.85,seconds,Alan Connie Shamrock Invitational,2016-03-17,,,0.8,Outdoor,https://www.tfrrs.org/results/42962/2717517/Alan_Connie_Shamrock_Invitational/100-Hurdles,TFRRS all_performances
"Taylor, Taranisha",South Carolina,SEC,100H,2016,3,,,14.02,seconds,Alan Connie Shamrock Invitational,2016-03-17,,,0.8,Outdoor,https://www.tfrrs.org/results/42962/2717517/Alan_Connie_Shamrock_Invitational/100-Hurdles,TFRRS all_performances
"Davis, Chalese",South Carolina,SEC,100H,2016,4,,,13.64,seconds,Georgia Tech Yellow Jacket Invitational,2016-03-25,,,0.9,Outdoor,https://www.tfrrs.org/results/44155/2737356/Georgia_Tech_Yellow_Jacket_Invitational/100-Hurdles,TFRRS all_performances
"Graham, Sarah",South Carolina,SEC,100H,2016,4,,,14.24,seconds,Georgia Tech Yellow Jacket Invitational,2016-03-25,,,1.6,Outdoor,https://www.tfrrs.org/results/44155/2737356/Georgia_Tech_Yellow_Jacket_Invitational/100-Hurdles,TFRRS all_performances
"Oluwole, Funlayo",South Carolina,SEC,100H,2016,1,,,14.05,seconds,Georgia Tech Yellow Jacket Invitational,2016-03-25,,,0.9,Outdoor,https://www.tfrrs.org/results/44155/2737356/Georgia_Tech_Yellow_Jacket_Invitational/100-Hurdles,TFRRS all_performances
"Taylor, Taranisha",South Carolina,SEC,100H,2016,3,,,14.03,seconds,Georgia Tech Yellow Jacket Invitational,2016-03-25,,,0.9,Outdoor,https://www.tfrrs.org/results/44155/2737356/Georgia_Tech_Yellow_Jacket_Invitational/100-Hurdles,TFRRS all_performances
"Oluwole, Funlayo",South Carolina,SEC,100H,2016,1,,,13.92,seconds,Florida Relays,2016-03-31,,,1.4,Outdoor,https://www.tfrrs.org/results/43368/2772305/Florida_Relays/100-Hurdles,TFRRS all_performances
"Davis, Chalese",South Carolina,SEC,100H,2016,4,,,13.65,seconds,Florida Relays,2016-04-01,Final,24,1.4,Outdoor,https://storage.googleapis.com/gamecocksonline-com/2018/06/fe282bdd-scar_c_track_2015_16_stats__season_stats_20160615aaa.pdf,legacy_source_needs_review
"Taylor, Taranisha",South Carolina,SEC,100H,2016,3,,,14.22,seconds,Florida Relays,2016-04-01,Final,56,2.5,Outdoor,https://storage.googleapis.com/gamecocksonline-com/2018/06/fe282bdd-scar_c_track_2015_16_stats__season_stats_20160615aaa.pdf,legacy_source_needs_review
"Graham, Sarah",South Carolina,SEC,100H,2016,4,,,13.93,seconds,Bulldog Decathlon-Heptathlon,2016-04-06,Heptathlon,5,3.8,Outdoor,https://storage.googleapis.com/gamecocksonline-com/2018/06/fe282bdd-scar_c_track_2015_16_stats__season_stats_20160615aaa.pdf,legacy_source_needs_review
"Davis, Chalese",South Carolina,SEC,100H,2016,4,,,13.56,seconds,Spec Towns Invitational 2016,2016-04-08,,,1.4,Outdoor,https://www.tfrrs.org/results/42363/2780610/Spec_Towns_Invitational_2016/100-Hurdles,TFRRS all_performances
"Oluwole, Funlayo",South Carolina,SEC,100H,2016,1,,,13.91,seconds,Spec Towns Invitational 2016,2016-04-08,Final,10,4.5,Outdoor,https://storage.googleapis.com/gamecocksonline-com/2018/06/fe282bdd-scar_c_track_2015_16_stats__season_stats_20160615aaa.pdf,legacy_source_needs_review
"Parks, Milan",South Carolina,SEC,100H,2016,1,,,13.95,seconds,Spec Towns Invitational 2016,2016-04-08,Final,11,4.5,Outdoor,https://storage.googleapis.com/gamecocksonline-com/2018/06/fe282bdd-scar_c_track_2015_16_stats__season_stats_20160615aaa.pdf,legacy_source_needs_review
"Taylor, Taranisha",South Carolina,SEC,100H,2016,3,,,14.65,seconds,Spec Towns Invitational 2016,2016-04-08,,,1.4,Outdoor,https://www.tfrrs.org/results/42363/2780610/Spec_Towns_Invitational_2016/100-Hurdles,TFRRS all_performances
"Davis, Chalese",South Carolina,SEC,100H,2016,4,,,14.03,seconds,Seminole Invitational,2016-04-15,,,-0.9,Outdoor,https://www.tfrrs.org/results/45850/2803073/Seminole_Invitational/100-Hurdles,TFRRS all_performances
"Graham, Sarah",South Carolina,SEC,100H,2016,4,,,14.37,seconds,Seminole Invitational,2016-04-15,,,-1.9,Outdoor,https://www.tfrrs.org/results/45850/2803073/Seminole_Invitational/100-Hurdles,TFRRS all_performances
"Oluwole, Funlayo",South Carolina,SEC,100H,2016,1,,,14.48,seconds,Seminole Invitational,2016-04-15,,,-1.9,Outdoor,https://www.tfrrs.org/results/45850/2803073/Seminole_Invitational/100-Hurdles,TFRRS all_performances
"Parks, Milan",South Carolina,SEC,100H,2016,1,,,14.61,seconds,Seminole Invitational,2016-04-15,,,-1.9,Outdoor,https://www.tfrrs.org/results/45850/2803073/Seminole_Invitational/100-Hurdles,TFRRS all_performances
"Taylor, Taranisha",South Carolina,SEC,100H,2016,3,,,13.84,seconds,Seminole Invitational,2016-04-15,,,-1.9,Outdoor,https://www.tfrrs.org/results/45850/2803073/Seminole_Invitational/100-Hurdles,TFRRS all_performances
"Davis, Chalese",South Carolina,SEC,100H,2016,4,,,13.66,seconds,Penn Relays,2016-04-28,,,-0.7,Outdoor,https://www.tfrrs.org/results/46385/2849682/Penn_Relays/100-Hurdles,TFRRS all_performances
"Davis, Chalese",South Carolina,SEC,100H,2016,4,,,13.82,seconds,Penn Relays,2016-04-28,,,-0.1,Outdoor,https://www.tfrrs.org/results/46385/2856055/Penn_Relays/100-Hurdles,TFRRS all_performances
"Oluwole, Funlayo",South Carolina,SEC,100H,2016,1,,,14.53,seconds,Penn Relays,2016-04-28,,,-0.1,Outdoor,https://www.tfrrs.org/results/46385/2856055/Penn_Relays/100-Hurdles,TFRRS all_performances
"Parks, Milan",South Carolina,SEC,100H,2016,1,,,14.70,seconds,Penn Relays,2016-04-28,,,0.8,Outdoor,https://www.tfrrs.org/results/46385/2856055/Penn_Relays/100-Hurdles,TFRRS all_performances
"Davis, Chalese",South Carolina,SEC,100H,2016,4,,,13.77,seconds,SEC Championships,2016-05-12,,,1.5,Outdoor,https://www.tfrrs.org/results/46617/2874021/SEC_Championships/100-Hurdles,TFRRS all_performances
"Graham, Sarah",South Carolina,SEC,100H,2016,4,,,14.06,seconds,SEC Championships,2016-05-12,,,0.1,Outdoor,https://www.tfrrs.org/results/46617/2875722/SEC_Championships/100-Hurdles,TFRRS all_performances
"Oluwole, Funlayo",South Carolina,SEC,100H,2016,1,,,14.18,seconds,SEC Championships,2016-05-12,,,0.4,Outdoor,https://www.tfrrs.org/results/46617/2874021/SEC_Championships/100-Hurdles,TFRRS all_performances
"Parks, Milan",South Carolina,SEC,100H,2016,1,,,14.08,seconds,SEC Championships,2016-05-12,,,1.5,Outdoor,https://www.tfrrs.org/results/46617/2874021/SEC_Championships/100-Hurdles,TFRRS all_performances
"Davis, Chalese",South Carolina,SEC,100H,2016,4,,,13.63,seconds,NCAA Division I - East Preliminary Round,2016-05-26,,,1.0,Outdoor,https://www.tfrrs.org/results/46682/2882928/NCAA_Division_I_-_East_Preliminary_Round/100-Hurdles,TFRRS all_performances
"Davis, Chalese",South Carolina,SEC,100H,2016,4,,,13.62,seconds,NCAA Division I East Preliminary Round,2016-05-27,First Round,32,1.0,Outdoor,https://storage.googleapis.com/gamecocksonline-com/2018/06/fe282bdd-scar_c_track_2015_16_stats__season_stats_20160615aaa.pdf,legacy_source_needs_review
"Thomas, Markeeta",Clemson,ACC,100H,2017,2,,,13.72,s,Charlotte 49er Classic,2017-03-16,,,-1.0,Outdoor,https://www.tfrrs.org/results/49797/3035913/Charlotte_49er_Classic/100-Hurdles,TFRRS all_performances
"Thomas, Markeeta",Clemson,ACC,100H,2017,2,,,14.03,s,Charlotte 49er Classic,2017-03-16,,,0.8,Outdoor,https://www.tfrrs.org/results/49797/3035913/Charlotte_49er_Classic/100-Hurdles,TFRRS all_performances
"Williams, Ebony",Clemson,ACC,100H,2017,2,,,14.81,s,Charlotte 49er Classic,2017-03-16,,,-0.1,Outdoor,https://www.tfrrs.org/results/49797/3035913/Charlotte_49er_Classic/100-Hurdles,TFRRS all_performances
"Williams, Ebony",Clemson,ACC,100H,2017,2,,,13.80,s,Miami Hurricane Collegiate Invitational,2017-03-25,,,1.7,Outdoor,https://www.tfrrs.org/results/46899/3053302/Miami_Hurricane_Collegiate_Invitational/100-Hurdles,TFRRS all_performances
"Thomas, Markeeta",Clemson,ACC,100H,2017,2,,,13.79,s,Spec Towns Invitational,2017-04-07,,,1.3,Outdoor,https://www.tfrrs.org/results/50860/3101799/Spec_Towns_Invitational/100-Hurdles,TFRRS all_performances
"Williams, Ebony",Clemson,ACC,100H,2017,2,,,13.46,s,Spec Towns Invitational,2017-04-07,,,1.3,Outdoor,https://www.tfrrs.org/results/50860/3101799/Spec_Towns_Invitational/100-Hurdles,TFRRS all_performances
"Williams, Ebony",Clemson,ACC,100H,2017,2,,,13.63,s,Penn Relays,2017-04-27,,,0.1,Outdoor,https://www.tfrrs.org/results/51632/3163704/Penn_Relays/100-Hurdles,TFRRS all_performances
"Williams, Ebony",Clemson,ACC,100H,2017,2,,,13.70,s,Penn Relays,2017-04-27,,,-0.8,Outdoor,https://www.tfrrs.org/results/51632/3163731/Penn_Relays/100-Hurdles,TFRRS all_performances
"Williams, Ebony",Clemson,ACC,100H,2017,2,,,13.46,s,ACC Outdoor Track & Field Championships,2017-05-12,,,0.1,Outdoor,https://www.tfrrs.org/results/51674/3191837/ACC_Outdoor_Track__Field_Championships/100-Hurdles,TFRRS all_performances
"Williams, Ebony",Clemson,ACC,100H,2017,2,,,13.63,s,ACC Outdoor Track & Field Championships,2017-05-12,,,0.4,Outdoor,https://www.tfrrs.org/results/51674/3191837/ACC_Outdoor_Track__Field_Championships/100-Hurdles,TFRRS all_performances
"Williams, Ebony",Clemson,ACC,100H,2017,2,,,13.49,s,NCAA Division I East Preliminary Round,2017-05-25,,,0.2,Outdoor,https://www.tfrrs.org/results/51920/3197609/NCAA_Division_I_East_Preliminary_Round/100-Hurdles,TFRRS all_performances
"Williams, Ebony",Clemson,ACC,100H,2017,2,,,13.53,s,NCAA Division I East Preliminary Round,2017-05-25,,,-0.2,Outdoor,https://www.tfrrs.org/results/51920/3197609/NCAA_Division_I_East_Preliminary_Round/100-Hurdles,TFRRS all_performances
"Jander, Tracy",Duke,ACC,100H,2017,1,,,16.03,s,Raleigh Relays,2017-03-24,,,0.2,Outdoor,https://www.tfrrs.org/results/50119/3052295/Raleigh_Relays/100-Hurdles,TFRRS all_performances
"Lemmons, Jaida",Duke,ACC,100H,2017,2,,,14.87,s,Raleigh Relays,2017-03-24,,,0.2,Outdoor,https://www.tfrrs.org/results/50119/3052295/Raleigh_Relays/100-Hurdles,TFRRS all_performances
"Jander, Tracy",Duke,ACC,100H,2017,1,,,15.61,s,Battle of the Blues,2017-04-01,,,0.5,Outdoor,https://www.tfrrs.org/results/50487/3075699/Battle_of_the_Blues/100-Hurdles,TFRRS all_performances
"Lemmons, Jaida",Duke,ACC,100H,2017,2,,,14.67,s,Battle of the Blues,2017-04-01,,,0.5,Outdoor,https://www.tfrrs.org/results/50487/3075699/Battle_of_the_Blues/100-Hurdles,TFRRS all_performances
"Lemmons, Jaida",Duke,ACC,100H,2017,2,,,14.93,s,Mt. SAC Relays/CA Invitational Multi Events,2017-04-12,,,-1.4,Outdoor,https://www.tfrrs.org/results/48974/3124428/Mt_SAC_Relays_CA_Invitational_Multi_Events/100-Hurdles,TFRRS all_performances
"Lemmons, Jaida",Duke,ACC,100H,2017,2,,,14.74,s,Virginia Grand Prix,2017-04-29,,,0.7,Outdoor,https://www.tfrrs.org/results/51624/3162899/Virginia_Grand_Prix/100-Hurdles,TFRRS all_performances
"Lemmons, Jaida",Duke,ACC,100H,2017,2,,,14.42,s,ACC Outdoor Track & Field Championships,2017-05-12,,,1.0,Outdoor,https://www.tfrrs.org/results/51674/3191841/ACC_Outdoor_Track__Field_Championships/100-Hurdles,TFRRS all_performances
"Farrington, Melissa-Maree",Florida State,ACC,100H,2017,4,,,13.59,s,USF Bulls Invitational,2017-03-17,,,1.6,Outdoor,https://www.tfrrs.org/results/49210/3035837/USF_Bulls_Invitational/100-Hurdles,TFRRS all_performances
"Jones, Cortney",Florida State,ACC,100H,2017,1,,,13.36,s,USF Bulls Invitational,2017-03-17,,,1.6,Outdoor,https://www.tfrrs.org/results/49210/3035837/USF_Bulls_Invitational/100-Hurdles,TFRRS all_performances
"Jones, Cortney",Florida State,ACC,100H,2017,1,,,13.06,s,FSU Relays,2017-03-24,,,0.9,Outdoor,https://www.tfrrs.org/results/50136/3055448/FSU_Relays/100-Hurdles,TFRRS all_performances
"Williams, Peta-Gay",Florida State,ACC,100H,2017,2,,,13.24,s,Florida Relays,2017-03-30,,,2.0,Outdoor,https://www.tfrrs.org/results/48929/3076623/Florida_Relays/100-Hurdles,TFRRS all_performances
"Jones, Cortney",Florida State,ACC,100H,2017,1,,,13.71,s,Tennessee Relays,2017-04-06,,,0.6,Outdoor,https://www.tfrrs.org/results/49376/3096505/Tennessee_Relays/100-Hurdles,TFRRS all_performances
"Setterington, Nicole",Florida State,ACC,100H,2017,4,,,13.91,s,Tennessee Relays,2017-04-06,,,0.6,Outdoor,https://www.tfrrs.org/results/49376/3096505/Tennessee_Relays/100-Hurdles,TFRRS all_performances
"Jones, Cortney",Florida State,ACC,100H,2017,1,,,13.52,s,Stanford Cardinal Classic,2017-04-21,,,-0.7,Outdoor,https://www.tfrrs.org/results/51367/3143811/Stanford_Cardinal_Classic/100-Hurdles,TFRRS all_performances
"Setterington, Nicole",Florida State,ACC,100H,2017,4,,,13.73,s,Stanford Cardinal Classic,2017-04-21,,,-0.7,Outdoor,https://www.tfrrs.org/results/51367/3143811/Stanford_Cardinal_Classic/100-Hurdles,TFRRS all_performances
"Setterington, Nicole",Florida State,ACC,100H,2017,4,,,13.34,s,UF Tom Jones Memorial,2017-04-28,,,0.8,Outdoor,https://www.tfrrs.org/results/50650/3158913/UF_Tom_Jones_Memorial/100-Hurdles,TFRRS all_performances
"Setterington, Nicole",Florida State,ACC,100H,2017,4,,,13.57,s,UF Tom Jones Memorial,2017-04-28,,,2.0,Outdoor,https://www.tfrrs.org/results/50650/3158913/UF_Tom_Jones_Memorial/100-Hurdles,TFRRS all_performances
"Williams, Peta-Gay",Florida State,ACC,100H,2017,2,,,13.09,s,UF Tom Jones Memorial,2017-04-28,,,0.8,Outdoor,https://www.tfrrs.org/results/50650/3158913/UF_Tom_Jones_Memorial/100-Hurdles,TFRRS all_performances
"Setterington, Nicole",Florida State,ACC,100H,2017,4,,,13.57,s,Seminole Twilight,2017-05-05,,,+0.0,Outdoor,https://www.tfrrs.org/results/51776/3174645/Seminole_Twilight/100-Hurdles,TFRRS all_performances
"Williams, Peta-Gay",Florida State,ACC,100H,2017,2,,,13.39,s,Seminole Twilight,2017-05-05,,,+0.0,Outdoor,https://www.tfrrs.org/results/51776/3174645/Seminole_Twilight/100-Hurdles,TFRRS all_performances
"Farrington, Melissa-Maree",Florida State,ACC,100H,2017,4,,,13.76,s,ACC Outdoor Track & Field Championships,2017-05-12,,,1.0,Outdoor,https://www.tfrrs.org/results/51674/3191841/ACC_Outdoor_Track__Field_Championships/100-Hurdles,TFRRS all_performances
"Jones, Cortney",Florida State,ACC,100H,2017,1,,,13.23,s,ACC Outdoor Track & Field Championships,2017-05-12,,,0.5,Outdoor,https://www.tfrrs.org/results/51674/3191837/ACC_Outdoor_Track__Field_Championships/100-Hurdles,TFRRS all_performances
"Jones, Cortney",Florida State,ACC,100H,2017,1,,,13.25,s,ACC Outdoor Track & Field Championships,2017-05-12,,,0.4,Outdoor,https://www.tfrrs.org/results/51674/3191837/ACC_Outdoor_Track__Field_Championships/100-Hurdles,TFRRS all_performances
"Setterington, Nicole",Florida State,ACC,100H,2017,4,,,13.57,s,ACC Outdoor Track & Field Championships,2017-05-12,,,1.1,Outdoor,https://www.tfrrs.org/results/51674/3191837/ACC_Outdoor_Track__Field_Championships/100-Hurdles,TFRRS all_performances
"Williams, Peta-Gay",Florida State,ACC,100H,2017,2,,,12.96,s,ACC Outdoor Track & Field Championships,2017-05-12,,,0.4,Outdoor,https://www.tfrrs.org/results/51674/3191837/ACC_Outdoor_Track__Field_Championships/100-Hurdles,TFRRS all_performances
"Williams, Peta-Gay",Florida State,ACC,100H,2017,2,,,13.32,s,ACC Outdoor Track & Field Championships,2017-05-12,,,-0.8,Outdoor,https://www.tfrrs.org/results/51674/3191837/ACC_Outdoor_Track__Field_Championships/100-Hurdles,TFRRS all_performances
"Jones, Cortney",Florida State,ACC,100H,2017,1,,,13.12,s,NCAA Division I East Preliminary Round,2017-05-25,,,-0.7,Outdoor,https://www.tfrrs.org/results/51920/3197609/NCAA_Division_I_East_Preliminary_Round/100-Hurdles,TFRRS all_performances
"Jones, Cortney",Florida State,ACC,100H,2017,1,,,13.23,s,NCAA Division I East Preliminary Round,2017-05-25,,,0.1,Outdoor,https://www.tfrrs.org/results/51920/3197609/NCAA_Division_I_East_Preliminary_Round/100-Hurdles,TFRRS all_performances
"Setterington, Nicole",Florida State,ACC,100H,2017,4,,,13.38,s,NCAA Division I East Preliminary Round,2017-05-25,,,-0.7,Outdoor,https://www.tfrrs.org/results/51920/3197609/NCAA_Division_I_East_Preliminary_Round/100-Hurdles,TFRRS all_performances
"Setterington, Nicole",Florida State,ACC,100H,2017,4,,,13.51,s,NCAA Division I East Preliminary Round,2017-05-25,,,0.2,Outdoor,https://www.tfrrs.org/results/51920/3197609/NCAA_Division_I_East_Preliminary_Round/100-Hurdles,TFRRS all_performances
"Williams, Peta-Gay",Florida State,ACC,100H,2017,2,,,12.99,s,NCAA Division I East Preliminary Round,2017-05-25,,,0.2,Outdoor,https://www.tfrrs.org/results/51920/3197609/NCAA_Division_I_East_Preliminary_Round/100-Hurdles,TFRRS all_performances
"Williams, Peta-Gay",Florida State,ACC,100H,2017,2,,,13.02,s,NCAA Division I East Preliminary Round,2017-05-25,,,1.7,Outdoor,https://www.tfrrs.org/results/51920/3197609/NCAA_Division_I_East_Preliminary_Round/100-Hurdles,TFRRS all_performances
"Jones, Cortney",Florida State,ACC,100H,2017,1,,,13.30,s,NCAA Division I Outdoor Track & Field Championships,2017-06-07,,,-0.8,Outdoor,https://www.tfrrs.org/results/51935/3199121/NCAA_Division_I_Outdoor_Track__Field_Championships/100-Hurdles,TFRRS all_performances
"Williams, Peta-Gay",Florida State,ACC,100H,2017,2,,,13.22,s,NCAA Division I Outdoor Track & Field Championships,2017-06-07,,,0.1,Outdoor,https://www.tfrrs.org/results/51935/3199121/NCAA_Division_I_Outdoor_Track__Field_Championships/100-Hurdles,TFRRS all_performances
"Jones, Cortney",Florida State,ACC,100H,2017,1,,,13.14,s,USATF Junior Championships,2017-06-23,Prelim,,0.5,Outdoor,https://www.tfrrs.org/athletes/6124448/Florida_State/Jones_Cortney,legacy_source_needs_review
"Jones, Cortney",Florida State,ACC,100H,2017,1,,,13.30,s,USATF Junior Championships,2017-06-24,Final,,-0.7,Outdoor,https://www.tfrrs.org/athletes/6124448/Florida_State/Jones_Cortney,legacy_source_needs_review
"Labrie-Smith, Hannah",Stanford,ACC,100H,2017,2,,,15.06,s,Stanford Invitational,2017-03-31,,,-1.4,Outdoor,https://www.tfrrs.org/results/50496/3077226/Stanford_Invitational/100-Hurdles,TFRRS all_performances
"Lewis, Amber",Stanford,ACC,100H,2017,3,,,15.08,s,Stanford Invitational,2017-03-31,,,-1.4,Outdoor,https://www.tfrrs.org/results/50496/3077226/Stanford_Invitational/100-Hurdles,TFRRS all_performances
"Labrie-Smith, Hannah",Stanford,ACC,100H,2017,2,,,14.62,s,The Big Meet,2017-04-08,,,0.6,Outdoor,https://www.tfrrs.org/results/50537/3100516/The_Big_Meet/100-Hurdles,TFRRS all_performances
"Leonard, Ciara",Virginia,ACC,100H,2017,2,,,13.71,s,Miami Hurricane Collegiate Invitational,2017-03-25,,,1.4,Outdoor,https://www.tfrrs.org/results/46899/3053302/Miami_Hurricane_Collegiate_Invitational/100-Hurdles,TFRRS all_performances
"Woodley, Alexis",Virginia,ACC,100H,2017,1,,,13.88,s,Miami Hurricane Collegiate Invitational,2017-03-25,,,1.7,Outdoor,https://www.tfrrs.org/results/46899/3053302/Miami_Hurricane_Collegiate_Invitational/100-Hurdles,TFRRS all_performances
"Leonard, Ciara",Virginia,ACC,100H,2017,2,,,13.54,s,Virginia Quad,2017-04-08,,,0.1,Outdoor,https://www.tfrrs.org/results/50828/3097710/Virginia_Quad/100-Hurdles,TFRRS all_performances
"Smith, Heather",Virginia,ACC,100H,2017,4,,,13.92,s,Virginia Quad,2017-04-08,,,0.1,Outdoor,https://www.tfrrs.org/results/50828/3097710/Virginia_Quad/100-Hurdles,TFRRS all_performances
"Woodley, Alexis",Virginia,ACC,100H,2017,1,,,13.95,s,Virginia Quad,2017-04-08,,,0.1,Outdoor,https://www.tfrrs.org/results/50828/3097710/Virginia_Quad/100-Hurdles,TFRRS all_performances
"Leonard, Ciara",Virginia,ACC,100H,2017,2,,,13.46,s,Virginia Challenge,2017-04-21,,,1.3,Outdoor,https://www.tfrrs.org/results/51364/3143651/Virginia_Challenge/100-Hurdles,TFRRS all_performances
"Smith, Heather",Virginia,ACC,100H,2017,4,,,13.85,s,Virginia Challenge,2017-04-21,,,1.3,Outdoor,https://www.tfrrs.org/results/51364/3143651/Virginia_Challenge/100-Hurdles,TFRRS all_performances
"Woodley, Alexis",Virginia,ACC,100H,2017,1,,,14.03,s,Virginia Challenge,2017-04-21,,,1.3,Outdoor,https://www.tfrrs.org/results/51364/3143651/Virginia_Challenge/100-Hurdles,TFRRS all_performances
"Feyerabend, Carly",Virginia,ACC,100H,2017,2,,,14.65,s,Virginia Grand Prix,2017-04-29,,,0.7,Outdoor,https://www.tfrrs.org/results/51624/3162899/Virginia_Grand_Prix/100-Hurdles,TFRRS all_performances
"Herran, Alana",Virginia,ACC,100H,2017,2,,,13.86,s,Virginia Grand Prix,2017-04-29,,,0.8,Outdoor,https://www.tfrrs.org/results/51624/3162899/Virginia_Grand_Prix/100-Hurdles,TFRRS all_performances
"Leonard, Ciara",Virginia,ACC,100H,2017,2,,,13.41,s,Virginia Grand Prix,2017-04-29,,,0.8,Outdoor,https://www.tfrrs.org/results/51624/3162899/Virginia_Grand_Prix/100-Hurdles,TFRRS all_performances
"Smith, Heather",Virginia,ACC,100H,2017,4,,,13.76,s,Virginia Grand Prix,2017-04-29,,,0.8,Outdoor,https://www.tfrrs.org/results/51624/3162899/Virginia_Grand_Prix/100-Hurdles,TFRRS all_performances
"Woodley, Alexis",Virginia,ACC,100H,2017,1,,,13.67,s,Virginia Grand Prix,2017-04-29,,,0.8,Outdoor,https://www.tfrrs.org/results/51624/3162899/Virginia_Grand_Prix/100-Hurdles,TFRRS all_performances
"Herran, Alana",Virginia,ACC,100H,2017,2,,,13.87,s,ACC Outdoor Track & Field Championships,2017-05-12,,,1.1,Outdoor,https://www.tfrrs.org/results/51674/3191837/ACC_Outdoor_Track__Field_Championships/100-Hurdles,TFRRS all_performances
"Leonard, Ciara",Virginia,ACC,100H,2017,2,,,13.61,s,ACC Outdoor Track & Field Championships,2017-05-12,,,0.1,Outdoor,https://www.tfrrs.org/results/51674/3191837/ACC_Outdoor_Track__Field_Championships/100-Hurdles,TFRRS all_performances
"Smith, Heather",Virginia,ACC,100H,2017,4,,,13.87,s,ACC Outdoor Track & Field Championships,2017-05-12,,,0.1,Outdoor,https://www.tfrrs.org/results/51674/3191837/ACC_Outdoor_Track__Field_Championships/100-Hurdles,TFRRS all_performances
"Sullivan, Holly",Virginia,ACC,100H,2017,3,,,14.50,s,ACC Outdoor Track & Field Championships,2017-05-12,,,1.0,Outdoor,https://www.tfrrs.org/results/51674/3191841/ACC_Outdoor_Track__Field_Championships/100-Hurdles,TFRRS all_performances
"Woodley, Alexis",Virginia,ACC,100H,2017,1,,,13.69,s,ACC Outdoor Track & Field Championships,2017-05-12,,,1.1,Outdoor,https://www.tfrrs.org/results/51674/3191837/ACC_Outdoor_Track__Field_Championships/100-Hurdles,TFRRS all_performances
"Leonard, Ciara",Virginia,ACC,100H,2017,2,,,13.44,s,NCAA Division I East Preliminary Round,2017-05-25,,,0.1,Outdoor,https://www.tfrrs.org/results/51920/3197609/NCAA_Division_I_East_Preliminary_Round/100-Hurdles,TFRRS all_performances
"Leonard, Ciara",Virginia,ACC,100H,2017,2,,,13.77,s,NCAA Division I East Preliminary Round,2017-05-25,,,0.2,Outdoor,https://www.tfrrs.org/results/51920/3197609/NCAA_Division_I_East_Preliminary_Round/100-Hurdles,TFRRS all_performances
"Bonds, Tiana",Arizona,Big 12,100H,2017,3,,,13.99,seconds,2017 Willie Williams Classic (College/Open),2017-03-17,,,-0.1,Outdoor,https://www.tfrrs.org/results/48914/3038132/2017_Willie_Williams_Classic_College_Open/100-Hurdles,TFRRS all_performances
"Johns, Rachel",Arizona,Big 12,100H,2017,3,,,14.46,seconds,2017 Willie Williams Classic (College/Open),2017-03-17,,,-0.1,Outdoor,https://www.tfrrs.org/results/48914/3038132/2017_Willie_Williams_Classic_College_Open/100-Hurdles,TFRRS all_performances
"Bonds, Tiana",Arizona,Big 12,100H,2017,3,,,14.20,seconds,Pac-12 vs Big-10 Invitational,2017-03-24,,,0.4,Outdoor,https://www.tfrrs.org/results/50133/3055309/Pac-12_vs_Big-10_Invitational/100-Hurdles,TFRRS all_performances
"Sutton, April",Arizona,Big 12,100H,2017,1,,,13.94,seconds,Pac-12 vs Big-10 Invitational,2017-03-24,,,0.4,Outdoor,https://www.tfrrs.org/results/50133/3055309/Pac-12_vs_Big-10_Invitational/100-Hurdles,TFRRS all_performances
"Bonds, Tiana",Arizona,Big 12,100H,2017,3,,,13.77,seconds,Jim Click Shootout,2017-04-08,,,0.5,Outdoor,https://www.tfrrs.org/results/49902/3097846/Jim_Click_Shootout/100-Hurdles,TFRRS all_performances
"Sutton, April",Arizona,Big 12,100H,2017,1,,,13.93,seconds,2017 Horned Frog Invitational,2017-04-15,,,1.3,Outdoor,https://www.tfrrs.org/results/49110/3122752/2017_Horned_Frog_Invitational/100-Hurdles,TFRRS all_performances
"Bonds, Tiana",Arizona,Big 12,100H,2017,3,,,13.96,seconds,Duel In The Desert- ASU vs Arizona,2017-04-28,,,0.2,Outdoor,https://www.tfrrs.org/results/51627/3163271/Duel_In_The_Desert-_ASU_vs_Arizona/100-Hurdles,TFRRS all_performances
"Johns, Rachel",Arizona,Big 12,100H,2017,3,,,14.27,seconds,Duel In The Desert- ASU vs Arizona,2017-04-28,,,0.2,Outdoor,https://www.tfrrs.org/results/51627/3163271/Duel_In_The_Desert-_ASU_vs_Arizona/100-Hurdles,TFRRS all_performances
"Sutton, April",Arizona,Big 12,100H,2017,1,,,13.90,seconds,Duel In The Desert- ASU vs Arizona,2017-04-28,,,0.2,Outdoor,https://www.tfrrs.org/results/51627/3163271/Duel_In_The_Desert-_ASU_vs_Arizona/100-Hurdles,TFRRS all_performances
"Bonds, Tiana",Arizona,Big 12,100H,2017,3,,,14.04,seconds,Pac-12 Championships,2017-05-13,,,0.6,Outdoor,https://www.tfrrs.org/results/51891/3191896/Pac-12_Championships/100-Hurdles,TFRRS all_performances
"Johns, Rachel",Arizona,Big 12,100H,2017,3,,,19.20,seconds,Pac-12 Championships,2017-05-13,,,0.6,Outdoor,https://www.tfrrs.org/results/51891/3191896/Pac-12_Championships/100-Hurdles,TFRRS all_performances
"Appiah, Margaret",BYU,Big 12,100H,2017,4,,,14.87,seconds,UNLV Invitational and Sheila Tarr Multis,2017-03-16,,,1.3,Outdoor,https://www.tfrrs.org/results/47830/3036659/UNLV_Invitational_and_Sheila_Tarr_Multis/100-Hurdles,TFRRS all_performances
"Folsom, Halley",BYU,Big 12,100H,2017,2,,,15.74,seconds,UNLV Invitational and Sheila Tarr Multis,2017-03-16,,,+0.0,Outdoor,https://www.tfrrs.org/results/47830/3113484/UNLV_Invitational_and_Sheila_Tarr_Multis/100-Hurdles,TFRRS all_performances
"Yetter, Lindsay",BYU,Big 12,100H,2017,1,,,14.53,seconds,UNLV Invitational and Sheila Tarr Multis,2017-03-16,,,+0.0,Outdoor,https://www.tfrrs.org/results/47830/3113484/UNLV_Invitational_and_Sheila_Tarr_Multis/100-Hurdles,TFRRS all_performances
"Gunnerson, Kaitlyn",BYU,Big 12,100H,2017,2,,,14.73,seconds,Trojan Invitational,2017-03-17,,,0.6,Outdoor,https://www.tfrrs.org/results/48842/3036916/Trojan_Invitational/100-Hurdles,TFRRS all_performances
"Appiah, Margaret",BYU,Big 12,100H,2017,4,,,14.79,seconds,39th Annual Aztec Open,2017-03-24,,,0.3,Outdoor,https://www.tfrrs.org/results/48786/3051334/39th_Annual_Aztec_Open/100-Hurdles,TFRRS all_performances
"Folsom, Halley",BYU,Big 12,100H,2017,2,,,15.45,seconds,39th Annual Aztec Invitational,2017-03-24,,,1.1,Outdoor,https://www.tfrrs.org/results/48789/3054529/39th_Annual_Aztec_Invitational/100-Hurdles,TFRRS all_performances
"Folsom, Halley",BYU,Big 12,100H,2017,2,,,15.07,seconds,2017 UVU Collegiate Invitational,2017-03-31,,,2.0,Outdoor,https://www.tfrrs.org/results/50494/3076952/2017_UVU_Collegiate_Invitational/100-Hurdles,TFRRS all_performances
"Welling, Naomi",BYU,Big 12,100H,2017,1,,,15.31,seconds,2017 UVU Collegiate Invitational,2017-03-31,,,2.0,Outdoor,https://www.tfrrs.org/results/50494/3076952/2017_UVU_Collegiate_Invitational/100-Hurdles,TFRRS all_performances
"Appiah, Margaret",BYU,Big 12,100H,2017,4,,,14.75,seconds,38th Sun Angel Classic,2017-04-06,,,+0.0,Outdoor,https://www.tfrrs.org/results/50850/3101059/38th_Sun_Angel_Classic/100-Hurdles,TFRRS all_performances
"Folsom, Halley",BYU,Big 12,100H,2017,2,,,15.36,seconds,38th Sun Angel Classic,2017-04-06,,,+0.0,Outdoor,https://www.tfrrs.org/results/50850/3101059/38th_Sun_Angel_Classic/100-Hurdles,TFRRS all_performances
"Gunnerson, Kaitlyn",BYU,Big 12,100H,2017,2,,,14.77,seconds,38th Sun Angel Classic,2017-04-06,,,0.8,Outdoor,https://www.tfrrs.org/results/50850/3101059/38th_Sun_Angel_Classic/100-Hurdles,TFRRS all_performances
"Porter, Brenna",BYU,Big 12,100H,2017,2,,,14.94,seconds,38th Sun Angel Classic,2017-04-06,,,0.8,Outdoor,https://www.tfrrs.org/results/50850/3101059/38th_Sun_Angel_Classic/100-Hurdles,TFRRS all_performances
"Appiah, Margaret",BYU,Big 12,100H,2017,4,,,14.68,seconds,Utah State Mark Faldmo Invitational,2017-04-14,,,0.2,Outdoor,https://www.tfrrs.org/results/50022/3121128/Utah_State_Mark_Faldmo_Invitational/100-Hurdles,TFRRS all_performances
"Folsom, Halley",BYU,Big 12,100H,2017,2,,,15.44,seconds,Utah State Mark Faldmo Invitational,2017-04-14,,,-0.9,Outdoor,https://www.tfrrs.org/results/50022/3121128/Utah_State_Mark_Faldmo_Invitational/100-Hurdles,TFRRS all_performances
"Gunnerson, Kaitlyn",BYU,Big 12,100H,2017,2,,,14.53,seconds,Utah State Mark Faldmo Invitational,2017-04-14,,,0.2,Outdoor,https://www.tfrrs.org/results/50022/3121128/Utah_State_Mark_Faldmo_Invitational/100-Hurdles,TFRRS all_performances
"Porter, Brenna",BYU,Big 12,100H,2017,2,,,14.43,seconds,Utah State Mark Faldmo Invitational,2017-04-14,,,0.2,Outdoor,https://www.tfrrs.org/results/50022/3121128/Utah_State_Mark_Faldmo_Invitational/100-Hurdles,TFRRS all_performances
"Welling, Naomi",BYU,Big 12,100H,2017,1,,,15.96,seconds,Utah State Mark Faldmo Invitational,2017-04-14,,,-0.9,Outdoor,https://www.tfrrs.org/results/50022/3121128/Utah_State_Mark_Faldmo_Invitational/100-Hurdles,TFRRS all_performances
"Yetter, Lindsay",BYU,Big 12,100H,2017,1,,,14.40,seconds,Utah State Mark Faldmo Invitational,2017-04-14,,,1.1,Outdoor,https://www.tfrrs.org/results/50022/3121128/Utah_State_Mark_Faldmo_Invitational/100-Hurdles,TFRRS all_performances
"Welling, Naomi",BYU,Big 12,100H,2017,1,,,23.95,seconds,2017 BYU Robison Invitational,2017-04-27,,,-0.8,Outdoor,https://www.tfrrs.org/results/51626/3166675/2017_BYU_Robison_Invitational/100-Hurdles,TFRRS all_performances
"Yetter, Lindsay",BYU,Big 12,100H,2017,1,,,14.27,seconds,2017 BYU Robison Invitational,2017-04-27,,,0.7,Outdoor,https://www.tfrrs.org/results/51626/3175244/2017_BYU_Robison_Invitational/100-Hurdles,TFRRS all_performances
"Yetter, Lindsay",BYU,Big 12,100H,2017,1,,,14.43,seconds,Weber State Twilight Meet,2017-05-03,,,-1.7,Outdoor,https://www.tfrrs.org/results/50942/3172097/Weber_State_Twilight_Meet/100-Hurdles,TFRRS all_performances
"Gunnerson, Kaitlyn",BYU,Big 12,100H,2017,2,,,14.42,seconds,2017 Oxy Invitational,2017-05-06,,,0.8,Outdoor,https://www.tfrrs.org/results/47548/3179100/2017_Oxy_Invitational/100-Hurdles,TFRRS all_performances
"Appiah, Margaret",BYU,Big 12,100H,2017,4,,,15.04,seconds,2017 BYU Cougar Invitational,2017-05-12,,,0.4,Outdoor,https://www.tfrrs.org/results/51875/3189803/2017_BYU_Cougar_Invitational/100-Hurdles,TFRRS all_performances
"Appiah, Margaret",BYU,Big 12,100H,2017,4,,,15.42,seconds,2017 BYU Cougar Invitational,2017-05-12,,,0.8,Outdoor,https://www.tfrrs.org/results/51875/3192272/2017_BYU_Cougar_Invitational/100-Hurdles,TFRRS all_performances
"Folsom, Halley",BYU,Big 12,100H,2017,2,,,14.81,seconds,2017 BYU Cougar Invitational,2017-05-12,,,0.8,Outdoor,https://www.tfrrs.org/results/51875/3192272/2017_BYU_Cougar_Invitational/100-Hurdles,TFRRS all_performances
"Gunnerson, Kaitlyn",BYU,Big 12,100H,2017,2,,,14.30,seconds,2017 BYU Cougar Invitational,2017-05-12,,,0.8,Outdoor,https://www.tfrrs.org/results/51875/3192272/2017_BYU_Cougar_Invitational/100-Hurdles,TFRRS all_performances
"Gunnerson, Kaitlyn",BYU,Big 12,100H,2017,2,,,14.46,seconds,2017 BYU Cougar Invitational,2017-05-12,,,0.4,Outdoor,https://www.tfrrs.org/results/51875/3189803/2017_BYU_Cougar_Invitational/100-Hurdles,TFRRS all_performances
"Yetter, Lindsay",BYU,Big 12,100H,2017,1,,,14.04,seconds,2017 BYU Cougar Invitational,2017-05-12,,,0.8,Outdoor,https://www.tfrrs.org/results/51875/3192272/2017_BYU_Cougar_Invitational/100-Hurdles,TFRRS all_performances
"Grandcolas, Carlyn",Baylor,Big 12,100H,2017,4,,,15.49,seconds,2017 TCU Invitational,2017-03-17,,,-1.7,Outdoor,https://www.tfrrs.org/results/48448/3035786/2017_TCU_Invitational/100-Hurdles,TFRRS all_performances
"Morrison, Eva",Baylor,Big 12,100H,2017,2,,,16.94,seconds,2017 TCU Invitational,2017-03-17,,,-1.7,Outdoor,https://www.tfrrs.org/results/48448/3035786/2017_TCU_Invitational/100-Hurdles,TFRRS all_performances
"Pfeiffer, Jenna",Baylor,Big 12,100H,2017,4,,,14.90,seconds,2017 TCU Invitational,2017-03-17,,,-1.7,Outdoor,https://www.tfrrs.org/results/48448/3035786/2017_TCU_Invitational/100-Hurdles,TFRRS all_performances
"Pfeiffer, Jenna",Baylor,Big 12,100H,2017,4,,,14.35,seconds,2017 90th Clyde Littlefield Texas Relays,2017-03-29,,,1.1,Outdoor,https://www.tfrrs.org/results/48669/3171992/2017_90th_Clyde_Littlefield_Texas_Relays/100-Hurdles,TFRRS all_performances
"Grandcolas, Carlyn",Baylor,Big 12,100H,2017,4,,,14.75,seconds,Michael Johnson Invitational,2017-04-22,,,1.4,Outdoor,https://www.tfrrs.org/results/49272/3142973/Michael_Johnson_Invitational/100-Hurdles,TFRRS all_performances
"Pfeiffer, Jenna",Baylor,Big 12,100H,2017,4,,,14.24,seconds,Michael Johnson Invitational,2017-04-22,,,1.8,Outdoor,https://www.tfrrs.org/results/49272/3142973/Michael_Johnson_Invitational/100-Hurdles,TFRRS all_performances
"Pfeiffer, Jenna",Baylor,Big 12,100H,2017,4,,,14.78,seconds,NCAA Division I Outdoor Track & Field Championships,2017-06-07,,,-0.5,Outdoor,https://www.tfrrs.org/results/51935/3199338/NCAA_Division_I_Outdoor_Track__Field_Championships/100-Hurdles,TFRRS all_performances
"Frazier, Tasha",Iowa State,Big 12,100H,2017,3,,,14.57,seconds,Tulsa Duels,2017-03-17,,,0.9,Outdoor,https://www.tfrrs.org/results/49796/3035590/Tulsa_Duels/100-Hurdles,TFRRS all_performances
"Frazier, Tasha",Iowa State,Big 12,100H,2017,3,,,14.28,seconds,Stanford Invitational,2017-03-31,,,0.3,Outdoor,https://www.tfrrs.org/results/50496/3077226/Stanford_Invitational/100-Hurdles,TFRRS all_performances
"Frazier, Tasha",Iowa State,Big 12,100H,2017,3,,,14.65,seconds,Stanford Invitational,2017-03-31,,,-2.3,Outdoor,https://www.tfrrs.org/results/50496/3077226/Stanford_Invitational/100-Hurdles,TFRRS all_performances
"Whigham, Emma",Iowa State,Big 12,100H,2017,2,,,14.93,seconds,Stanford Invitational,2017-03-31,,,-1.4,Outdoor,https://www.tfrrs.org/results/50496/3077226/Stanford_Invitational/100-Hurdles,TFRRS all_performances
"Frazier, Tasha",Iowa State,Big 12,100H,2017,3,,,14.59,seconds,38th Sun Angel Classic,2017-04-06,,,0.8,Outdoor,https://www.tfrrs.org/results/50850/3101059/38th_Sun_Angel_Classic/100-Hurdles,TFRRS all_performances
"Whigham, Emma",Iowa State,Big 12,100H,2017,2,,,14.48,seconds,Jim Click Shootout,2017-04-08,,,1.8,Outdoor,https://www.tfrrs.org/results/49902/3142607/Jim_Click_Shootout/100-Hurdles,TFRRS all_performances
"Frazier, Tasha",Iowa State,Big 12,100H,2017,3,,,14.47,seconds,Musco Twilight,2017-04-22,,,1.7,Outdoor,https://www.tfrrs.org/results/51365/3143752/Musco_Twilight/100-Hurdles,TFRRS all_performances
"Whigham, Emma",Iowa State,Big 12,100H,2017,2,,,14.52,seconds,Musco Twilight,2017-04-22,,,1.7,Outdoor,https://www.tfrrs.org/results/51365/3143752/Musco_Twilight/100-Hurdles,TFRRS all_performances
"Whigham, Emma",Iowa State,Big 12,100H,2017,2,,,14.45,seconds,2017 Drake Relays presented by Hy-Vee,2017-04-26,,,2.0,Outdoor,https://www.tfrrs.org/results/51616/3161226/2017_Drake_Relays_presented_by_Hy-Vee/100-Hurdles,TFRRS all_performances
"Frazier, Tasha",Iowa State,Big 12,100H,2017,3,,,14.31,seconds,2017 Nebraska Invitational,2017-05-06,,,0.1,Outdoor,https://www.tfrrs.org/results/47645/3178003/2017_Nebraska_Invitational/100-Hurdles,TFRRS all_performances
"Hinton, Kaylee",Texas Tech,Big 12,100H,2017,2,,,14.08,seconds,UTSA Invitational,2017-03-17,,,1.2,Outdoor,https://www.tfrrs.org/results/49273/3037340/UTSA_Invitational/100-Hurdles,TFRRS all_performances
"Nesmith, Amani",Texas Tech,Big 12,100H,2017,4,,,14.54,seconds,UTSA Invitational,2017-03-17,,,1.2,Outdoor,https://www.tfrrs.org/results/49273/3037340/UTSA_Invitational/100-Hurdles,TFRRS all_performances
"Njoku, Rose",Texas Tech,Big 12,100H,2017,1,,,14.68,seconds,UTSA Invitational,2017-03-17,,,1.0,Outdoor,https://www.tfrrs.org/results/49273/3037340/UTSA_Invitational/100-Hurdles,TFRRS all_performances
"Walker, Ivy",Texas Tech,Big 12,100H,2017,1,,,13.88,seconds,UTSA Invitational,2017-03-17,,,1.2,Outdoor,https://www.tfrrs.org/results/49273/3037340/UTSA_Invitational/100-Hurdles,TFRRS all_performances
"Walker, Ivy",Texas Tech,Big 12,100H,2017,1,,,13.87,seconds,Wes Kittley Invitational,2017-03-24,,,0.1,Outdoor,https://www.tfrrs.org/results/49664/3056884/Wes_Kittley_Invitational/100-Hurdles,TFRRS all_performances
"Nesmith, Amani",Texas Tech,Big 12,100H,2017,4,,,15.12,seconds,38th Sun Angel Classic,2017-04-06,,,-0.3,Outdoor,https://www.tfrrs.org/results/50850/3101059/38th_Sun_Angel_Classic/100-Hurdles,TFRRS all_performances
"Walker, Ivy",Texas Tech,Big 12,100H,2017,1,,,13.95,seconds,38th Sun Angel Classic,2017-04-06,,,-0.7,Outdoor,https://www.tfrrs.org/results/50850/3101059/38th_Sun_Angel_Classic/100-Hurdles,TFRRS all_performances
"Njoku, Rose",Texas Tech,Big 12,100H,2017,1,,,14.96,seconds,WT Classic and Multi,2017-04-07,,,+0.0,Outdoor,https://www.tfrrs.org/results/48316/3099098/WT_Classic_and_Multi/100-Hurdles,TFRRS all_performances
"Nesmith, Amani",Texas Tech,Big 12,100H,2017,4,,,14.41,seconds,2017 Horned Frog Invitational,2017-04-15,,,1.3,Outdoor,https://www.tfrrs.org/results/49110/3122752/2017_Horned_Frog_Invitational/100-Hurdles,TFRRS all_performances
"Njoku, Rose",Texas Tech,Big 12,100H,2017,1,,,14.58,seconds,2017 Horned Frog Invitational,2017-04-15,,,1.3,Outdoor,https://www.tfrrs.org/results/49110/3122752/2017_Horned_Frog_Invitational/100-Hurdles,TFRRS all_performances
"Njoku, Rose",Texas Tech,Big 12,100H,2017,1,,,15.56,seconds,Texas Tech Red Raider Shoot-Out,2017-04-28,,,2.0,Outdoor,https://www.tfrrs.org/results/48624/3163576/Texas_Tech_Red_Raider_Shoot-Out/100-Hurdles,TFRRS all_performances
"Hinton, Kaylee",Texas Tech,Big 12,100H,2017,2,,,14.02,seconds,NCAA Division I Outdoor Track & Field Championships,2017-06-07,,,-0.5,Outdoor,https://www.tfrrs.org/results/51935/3199338/NCAA_Division_I_Outdoor_Track__Field_Championships/100-Hurdles,TFRRS all_performances
"Smyers-Jones, Kortni",Illinois,Big Ten,100H,2017,4,,,13.97,seconds,Charlotte 49er Classic,2017-03-16,,,-1.0,Outdoor,https://www.tfrrs.org/results/49797/3035913/Charlotte_49er_Classic/100-Hurdles,TFRRS all_performances
"Smyers-Jones, Kortni",Illinois,Big Ten,100H,2017,4,,,14.15,seconds,Charlotte 49er Classic,2017-03-16,,,-0.1,Outdoor,https://www.tfrrs.org/results/49797/3035913/Charlotte_49er_Classic/100-Hurdles,TFRRS all_performances
"Stewart, Jayla",Illinois,Big Ten,100H,2017,2,,,13.62,seconds,Charlotte 49er Classic,2017-03-16,,,-1.0,Outdoor,https://www.tfrrs.org/results/49797/3035913/Charlotte_49er_Classic/100-Hurdles,TFRRS all_performances
"Stewart, Jayla",Illinois,Big Ten,100H,2017,2,,,13.84,seconds,Charlotte 49er Classic,2017-03-16,,,-0.1,Outdoor,https://www.tfrrs.org/results/49797/3035913/Charlotte_49er_Classic/100-Hurdles,TFRRS all_performances
"Smyers-Jones, Kortni",Illinois,Big Ten,100H,2017,4,,,13.85,seconds,Weems Baskin Invitational,2017-03-24,,,0.7,Outdoor,https://www.tfrrs.org/results/50135/3055425/Weems_Baskin_Invitational/100-Hurdles,TFRRS all_performances
"Stewart, Jayla",Illinois,Big Ten,100H,2017,2,,,13.58,seconds,Weems Baskin Invitational,2017-03-24,,,0.7,Outdoor,https://www.tfrrs.org/results/50135/3055425/Weems_Baskin_Invitational/100-Hurdles,TFRRS all_performances
"Seymour, Pedrya",Illinois,Big Ten,100H,2017,3,,,13.06,seconds,EIU Big Blue Classic 2017,2017-03-31,,,1.8,Outdoor,https://www.tfrrs.org/results/50493/3076535/EIU_Big_Blue_Classic_2017/100-Hurdles,TFRRS all_performances
"Seymour, Pedrya",Illinois,Big Ten,100H,2017,3,,,13.30,seconds,EIU Big Blue Classic 2017,2017-03-31,,,1.7,Outdoor,https://www.tfrrs.org/results/50493/3076535/EIU_Big_Blue_Classic_2017/100-Hurdles,TFRRS all_performances
"Smyers-Jones, Kortni",Illinois,Big Ten,100H,2017,4,,,13.96,seconds,EIU Big Blue Classic 2017,2017-03-31,,,1.8,Outdoor,https://www.tfrrs.org/results/50493/3076535/EIU_Big_Blue_Classic_2017/100-Hurdles,TFRRS all_performances
"Stewart, Jayla",Illinois,Big Ten,100H,2017,2,,,13.89,seconds,EIU Big Blue Classic 2017,2017-03-31,,,1.9,Outdoor,https://www.tfrrs.org/results/50493/3076535/EIU_Big_Blue_Classic_2017/100-Hurdles,TFRRS all_performances
"Berry, Jasmine",Illinois,Big Ten,100H,2017,3,,,15.33,seconds,Illinois Twilight,2017-04-22,,,1.7,Outdoor,https://www.tfrrs.org/results/46789/3143972/Illinois_Twilight/100-Hurdles,TFRRS all_performances
"Seymour, Pedrya",Illinois,Big Ten,100H,2017,3,,,13.16,seconds,2017 Drake Relays presented by Hy-Vee,2017-04-26,,,0.8,Outdoor,https://www.tfrrs.org/results/51616/3161265/2017_Drake_Relays_presented_by_Hy-Vee/100-Hurdles,TFRRS all_performances
"Smyers-Jones, Kortni",Illinois,Big Ten,100H,2017,4,,,14.09,seconds,2017 Drake Relays presented by Hy-Vee,2017-04-26,,,+0.0,Outdoor,https://www.tfrrs.org/results/51616/3161265/2017_Drake_Relays_presented_by_Hy-Vee/100-Hurdles,TFRRS all_performances
"Stewart, Jayla",Illinois,Big Ten,100H,2017,2,,,13.43,seconds,2017 Drake Relays presented by Hy-Vee,2017-04-26,,,+0.0,Outdoor,https://www.tfrrs.org/results/51616/3161265/2017_Drake_Relays_presented_by_Hy-Vee/100-Hurdles,TFRRS all_performances
"Smyers-Jones, Kortni",Illinois,Big Ten,100H,2017,4,,,13.82,seconds,Big Ten Outdoor Championships,2017-05-12,,,0.9,Outdoor,https://www.tfrrs.org/results/51888/3191488/Big_Ten_Outdoor_Championships/100-Hurdles,TFRRS all_performances
"Stewart, Jayla",Illinois,Big Ten,100H,2017,2,,,13.53,seconds,Big Ten Outdoor Championships,2017-05-12,,,0.4,Outdoor,https://www.tfrrs.org/results/51888/3191488/Big_Ten_Outdoor_Championships/100-Hurdles,TFRRS all_performances
"Freeman, Chanel",Nebraska,Big Ten,100H,2017,2,,,14.28,seconds,Pac-12 vs Big-10 Invitational,2017-03-24,,,0.4,Outdoor,https://www.tfrrs.org/results/50133/3055309/Pac-12_vs_Big-10_Invitational/100-Hurdles,TFRRS all_performances
"Barge, Jasmine",Nebraska,Big Ten,100H,2017,2,,,13.41,seconds,2017 Husker Spring Invitational,2017-04-08,,,1.7,Outdoor,https://www.tfrrs.org/results/47644/3098277/2017_Husker_Spring_Invitational/100-Hurdles,TFRRS all_performances
"Dowell, Kristen",Nebraska,Big Ten,100H,2017,3,,,14.26,seconds,2017 Husker Spring Invitational,2017-04-08,,,1.7,Outdoor,https://www.tfrrs.org/results/47644/3098277/2017_Husker_Spring_Invitational/100-Hurdles,TFRRS all_performances
"Lewis, Raynesha",Nebraska,Big Ten,100H,2017,1,,,14.41,seconds,2017 Husker Spring Invitational,2017-04-08,,,0.7,Outdoor,https://www.tfrrs.org/results/47644/3098277/2017_Husker_Spring_Invitational/100-Hurdles,TFRRS all_performances
"Tweedy, Shauna",Nebraska,Big Ten,100H,2017,2,,,16.05,seconds,2017 Husker Spring Invitational,2017-04-08,,,0.7,Outdoor,https://www.tfrrs.org/results/47644/3098277/2017_Husker_Spring_Invitational/100-Hurdles,TFRRS all_performances
"Barge, Jasmine",Nebraska,Big Ten,100H,2017,2,,,13.87,seconds,John Jacobs Invitational,2017-04-21,,,-0.2,Outdoor,https://www.tfrrs.org/results/51362/3143446/John_Jacobs_Invitational/100-Hurdles,TFRRS all_performances
"Dowell, Kristen",Nebraska,Big Ten,100H,2017,3,,,14.56,seconds,John Jacobs Invitational,2017-04-21,,,-0.2,Outdoor,https://www.tfrrs.org/results/51362/3143446/John_Jacobs_Invitational/100-Hurdles,TFRRS all_performances
"Horacek, Payton",Nebraska,Big Ten,100H,2017,3,,,15.21,seconds,John Jacobs Invitational,2017-04-21,,,0.8,Outdoor,https://www.tfrrs.org/results/51362/3143446/John_Jacobs_Invitational/100-Hurdles,TFRRS all_performances
"Dowell, Kristen",Nebraska,Big Ten,100H,2017,3,,,14.19,seconds,2017 Nebraska Invitational,2017-05-06,,,0.1,Outdoor,https://www.tfrrs.org/results/47645/3178003/2017_Nebraska_Invitational/100-Hurdles,TFRRS all_performances
"Freeman, Chanel",Nebraska,Big Ten,100H,2017,2,,,13.80,seconds,2017 Nebraska Invitational,2017-05-06,,,0.1,Outdoor,https://www.tfrrs.org/results/47645/3178003/2017_Nebraska_Invitational/100-Hurdles,TFRRS all_performances
"Horacek, Payton",Nebraska,Big Ten,100H,2017,3,,,15.14,seconds,2017 Nebraska Invitational,2017-05-06,,,0.1,Outdoor,https://www.tfrrs.org/results/47645/3178003/2017_Nebraska_Invitational/100-Hurdles,TFRRS all_performances
"Tweedy, Shauna",Nebraska,Big Ten,100H,2017,2,,,16.46,seconds,2017 Nebraska Invitational,2017-05-06,,,0.6,Outdoor,https://www.tfrrs.org/results/47645/3178003/2017_Nebraska_Invitational/100-Hurdles,TFRRS all_performances
"Barge, Jasmine",Nebraska,Big Ten,100H,2017,2,,,13.48,seconds,Big Ten Outdoor Championships,2017-05-12,,,0.4,Outdoor,https://www.tfrrs.org/results/51888/3191488/Big_Ten_Outdoor_Championships/100-Hurdles,TFRRS all_performances
"Dowell, Kristen",Nebraska,Big Ten,100H,2017,3,,,13.91,seconds,Big Ten Outdoor Championships,2017-05-12,,,0.9,Outdoor,https://www.tfrrs.org/results/51888/3191488/Big_Ten_Outdoor_Championships/100-Hurdles,TFRRS all_performances
"Freeman, Chanel",Nebraska,Big Ten,100H,2017,2,,,13.63,seconds,Big Ten Outdoor Championships,2017-05-12,,,1.4,Outdoor,https://www.tfrrs.org/results/51888/3191488/Big_Ten_Outdoor_Championships/100-Hurdles,TFRRS all_performances
"Horacek, Payton",Nebraska,Big Ten,100H,2017,3,,,15.28,seconds,Big Ten Outdoor Championships,2017-05-12,,,-0.6,Outdoor,https://www.tfrrs.org/results/51888/3191638/Big_Ten_Outdoor_Championships/100-Hurdles,TFRRS all_performances
"Johnson, Alaysha",Oregon,Big Ten,100H,2017,2,,,12.69,seconds,Florida Relays,2017-03-30,,,2.0,Outdoor,https://www.tfrrs.org/results/48929/3076623/Florida_Relays/100-Hurdles,TFRRS all_performances
"Wallace, Sasha",Oregon,Big Ten,100H,2017,4,,,12.94,seconds,Florida Relays,2017-03-30,,,2.0,Outdoor,https://www.tfrrs.org/results/48929/3076623/Florida_Relays/100-Hurdles,TFRRS all_performances
"Johnson, Alaysha",Oregon,Big Ten,100H,2017,2,,,15.76,seconds,Mt. SAC Relays,2017-04-13,,,-0.4,Outdoor,https://www.tfrrs.org/results/51129/3123098/Mt_SAC_Relays/100-Hurdles,TFRRS all_performances
"Wallace, Sasha",Oregon,Big Ten,100H,2017,4,,,13.56,seconds,Mt. SAC Relays,2017-04-13,,,-0.4,Outdoor,https://www.tfrrs.org/results/51129/3123098/Mt_SAC_Relays/100-Hurdles,TFRRS all_performances
"Johnson, Alaysha",Oregon,Big Ten,100H,2017,2,,,12.88,seconds,Penn Relays,2017-04-27,,,-0.8,Outdoor,https://www.tfrrs.org/results/51632/3163731/Penn_Relays/100-Hurdles,TFRRS all_performances
"Johnson, Alaysha",Oregon,Big Ten,100H,2017,2,,,13.05,seconds,Penn Relays,2017-04-27,,,1.5,Outdoor,https://www.tfrrs.org/results/51632/3163704/Penn_Relays/100-Hurdles,TFRRS all_performances
"Foster, Rhesa",Oregon,Big Ten,100H,2017,1,,,14.30,seconds,Oregon State University High Performance,2017-04-28,,,+0.0,Outdoor,https://www.tfrrs.org/results/48540/3162683/Oregon_State_University_High_Performance/100-Hurdles,TFRRS all_performances
"Jackson, Khadejah",Oregon,Big Ten,100H,2017,2,,,14.19,seconds,Oregon State University High Performance,2017-04-28,,,0.4,Outdoor,https://www.tfrrs.org/results/48540/3162683/Oregon_State_University_High_Performance/100-Hurdles,TFRRS all_performances
"Johnson, Alaysha",Oregon,Big Ten,100H,2017,2,,,12.90,seconds,Pac-12 Championships,2017-05-13,,,0.5,Outdoor,https://www.tfrrs.org/results/51891/3191896/Pac-12_Championships/100-Hurdles,TFRRS all_performances
"Johnson, Alaysha",Oregon,Big Ten,100H,2017,2,,,12.72,seconds,NCAA Division I Outdoor Track & Field Championships,2017-06-07,,,1.6,Outdoor,https://www.tfrrs.org/results/51935/3199121/NCAA_Division_I_Outdoor_Track__Field_Championships/100-Hurdles,TFRRS all_performances
"Johnson, Alaysha",Oregon,Big Ten,100H,2017,2,,,12.87,seconds,NCAA Division I Outdoor Track & Field Championships,2017-06-07,,,0.2,Outdoor,https://www.tfrrs.org/results/51935/3199121/NCAA_Division_I_Outdoor_Track__Field_Championships/100-Hurdles,TFRRS all_performances
"Wallace, Sasha",Oregon,Big Ten,100H,2017,4,,,12.81,seconds,NCAA Division I Outdoor Track & Field Championships,2017-06-07,,,1.6,Outdoor,https://www.tfrrs.org/results/51935/3199121/NCAA_Division_I_Outdoor_Track__Field_Championships/100-Hurdles,TFRRS all_performances
"Wallace, Sasha",Oregon,Big Ten,100H,2017,4,,,13.10,seconds,NCAA Division I Outdoor Track & Field Championships,2017-06-07,,,-0.8,Outdoor,https://www.tfrrs.org/results/51935/3199121/NCAA_Division_I_Outdoor_Track__Field_Championships/100-Hurdles,TFRRS all_performances
"Graham, Jasmyne",USC,Big Ten,100H,2017,2,,,13.37,seconds,Trojan Invitational,2017-03-17,,,0.6,Outdoor,https://www.tfrrs.org/results/48842/3036916/Trojan_Invitational/100-Hurdles,TFRRS all_performances
"Hall, Dior",USC,Big Ten,100H,2017,2,,,13.31,seconds,Trojan Invitational,2017-03-17,,,0.6,Outdoor,https://www.tfrrs.org/results/48842/3036916/Trojan_Invitational/100-Hurdles,TFRRS all_performances
"Harmon-Thomas, Alexa",USC,Big Ten,100H,2017,2,,,14.77,seconds,Trojan Invitational,2017-03-17,,,0.6,Outdoor,https://www.tfrrs.org/results/48842/3036916/Trojan_Invitational/100-Hurdles,TFRRS all_performances
"Lopes, Lyndsey",USC,Big Ten,100H,2017,2,,,14.16,seconds,Trojan Invitational,2017-03-17,,,0.6,Outdoor,https://www.tfrrs.org/results/48842/3036916/Trojan_Invitational/100-Hurdles,TFRRS all_performances
"Lopes, Lyndsey",USC,Big Ten,100H,2017,2,,,14.29,seconds,Westmont Classic With Jim Klein Combined Events,2017-03-23,,,-1.0,Outdoor,https://www.tfrrs.org/results/48005/3107131/Westmont_Classic_With_Jim_Klein_Combined_Events/100-Hurdles,TFRRS all_performances
"Cockrell, Anna",USC,Big Ten,100H,2017,1,,,13.31,seconds,39th Annual Aztec Invitational,2017-03-24,,,0.3,Outdoor,https://www.tfrrs.org/results/48789/3054529/39th_Annual_Aztec_Invitational/100-Hurdles,TFRRS all_performances
"Graham, Jasmyne",USC,Big Ten,100H,2017,2,,,13.72,seconds,39th Annual Aztec Invitational,2017-03-24,,,0.3,Outdoor,https://www.tfrrs.org/results/48789/3054529/39th_Annual_Aztec_Invitational/100-Hurdles,TFRRS all_performances
"Hall, Dior",USC,Big Ten,100H,2017,2,,,13.20,seconds,39th Annual Aztec Invitational,2017-03-24,,,0.3,Outdoor,https://www.tfrrs.org/results/48789/3054529/39th_Annual_Aztec_Invitational/100-Hurdles,TFRRS all_performances
"Hall, Dior",USC,Big Ten,100H,2017,2,,,13.21,seconds,2017 90th Clyde Littlefield Texas Relays,2017-03-29,,,-0.3,Outdoor,https://www.tfrrs.org/results/48669/3075311/2017_90th_Clyde_Littlefield_Texas_Relays/100-Hurdles,TFRRS all_performances
"Cockrell, Anna",USC,Big Ten,100H,2017,1,,,13.18,seconds,LSU Battle on the Bayou,2017-04-08,,,0.8,Outdoor,https://www.tfrrs.org/results/47399/3096394/LSU_Battle_on_the_Bayou/100-Hurdles,TFRRS all_performances
"Hall, Dior",USC,Big Ten,100H,2017,2,,,13.12,seconds,LSU Battle on the Bayou,2017-04-08,,,0.8,Outdoor,https://www.tfrrs.org/results/47399/3096394/LSU_Battle_on_the_Bayou/100-Hurdles,TFRRS all_performances
"Harmon-Thomas, Alexa",USC,Big Ten,100H,2017,2,,,14.84,seconds,LSU Battle on the Bayou,2017-04-08,,,0.3,Outdoor,https://www.tfrrs.org/results/47399/3096394/LSU_Battle_on_the_Bayou/100-Hurdles,TFRRS all_performances
"Lopes, Lyndsey",USC,Big Ten,100H,2017,2,,,14.04,seconds,LSU Battle on the Bayou,2017-04-08,,,0.3,Outdoor,https://www.tfrrs.org/results/47399/3096394/LSU_Battle_on_the_Bayou/100-Hurdles,TFRRS all_performances
"Cockrell, Anna",USC,Big Ten,100H,2017,1,,,13.22,seconds,Mt. SAC Relays,2017-04-13,,,-1.0,Outdoor,https://www.tfrrs.org/results/51129/3123056/Mt_SAC_Relays/100-Hurdles,TFRRS all_performances
"Hall, Dior",USC,Big Ten,100H,2017,2,,,13.40,seconds,Mt. SAC Relays,2017-04-13,,,-2.2,Outdoor,https://www.tfrrs.org/results/51129/3123098/Mt_SAC_Relays/100-Hurdles,TFRRS all_performances
"Lopes, Lyndsey",USC,Big Ten,100H,2017,2,,,14.18,seconds,2017 Triton Invitational,2017-04-21,,,0.1,Outdoor,https://www.tfrrs.org/results/48442/3143253/2017_Triton_Invitational/100-Hurdles,TFRRS all_performances
"McGlaston, Mecca",USC,Big Ten,100H,2017,1,,,13.88,seconds,2017 Triton Invitational,2017-04-21,,,0.1,Outdoor,https://www.tfrrs.org/results/48442/3143253/2017_Triton_Invitational/100-Hurdles,TFRRS all_performances
"Cockrell, Anna",USC,Big Ten,100H,2017,1,,,12.91,seconds,USC vs. UCLA,2017-04-29,,,1.1,Outdoor,https://www.tfrrs.org/results/51638/3164125/USC_vs_UCLA/100-Hurdles,TFRRS all_performances
"Hall, Dior",USC,Big Ten,100H,2017,2,,,13.03,seconds,USC vs. UCLA,2017-04-29,,,1.1,Outdoor,https://www.tfrrs.org/results/51638/3164125/USC_vs_UCLA/100-Hurdles,TFRRS all_performances
"Lopes, Lyndsey",USC,Big Ten,100H,2017,2,,,13.92,seconds,USC vs. UCLA,2017-04-29,,,1.1,Outdoor,https://www.tfrrs.org/results/51638/3164125/USC_vs_UCLA/100-Hurdles,TFRRS all_performances
"McGlaston, Mecca",USC,Big Ten,100H,2017,1,,,13.62,seconds,USC vs. UCLA,2017-04-29,,,1.1,Outdoor,https://www.tfrrs.org/results/51638/3164125/USC_vs_UCLA/100-Hurdles,TFRRS all_performances
"Harmon-Thomas, Alexa",USC,Big Ten,100H,2017,2,,,14.66,seconds,2017 Pac-12 Combined Events Championships,2017-05-06,,,1.2,Outdoor,https://www.tfrrs.org/results/50778/3180515/2017_Pac-12_Combined_Events_Championships/100-Hurdles,TFRRS all_performances
"Lopes, Lyndsey",USC,Big Ten,100H,2017,2,,,13.87,seconds,2017 Pac-12 Combined Events Championships,2017-05-06,,,0.6,Outdoor,https://www.tfrrs.org/results/50778/3180515/2017_Pac-12_Combined_Events_Championships/100-Hurdles,TFRRS all_performances
"Cockrell, Anna",USC,Big Ten,100H,2017,1,,,13.06,seconds,Pac-12 Championships,2017-05-13,,,0.5,Outdoor,https://www.tfrrs.org/results/51891/3191896/Pac-12_Championships/100-Hurdles,TFRRS all_performances
"Hall, Dior",USC,Big Ten,100H,2017,2,,,13.09,seconds,Pac-12 Championships,2017-05-13,,,0.5,Outdoor,https://www.tfrrs.org/results/51891/3191896/Pac-12_Championships/100-Hurdles,TFRRS all_performances
"Hall, Dior",USC,Big Ten,100H,2017,2,,,13.26,seconds,Pac-12 Championships,2017-05-13,,,0.6,Outdoor,https://www.tfrrs.org/results/51891/3191896/Pac-12_Championships/100-Hurdles,TFRRS all_performances
"Harmon-Thomas, Alexa",USC,Big Ten,100H,2017,2,,,14.66,seconds,Pac-12 Championships,2017-05-13,,,1.2,Outdoor,https://www.tfrrs.org/results/51891/3191900/Pac-12_Championships/100-Hurdles,TFRRS all_performances
"Lopes, Lyndsey",USC,Big Ten,100H,2017,2,,,13.82,seconds,Pac-12 Championships,2017-05-13,,,0.5,Outdoor,https://www.tfrrs.org/results/51891/3191896/Pac-12_Championships/100-Hurdles,TFRRS all_performances
"Lopes, Lyndsey",USC,Big Ten,100H,2017,2,,,13.87,seconds,Pac-12 Championships,2017-05-13,,,0.6,Outdoor,https://www.tfrrs.org/results/51891/3191900/Pac-12_Championships/100-Hurdles,TFRRS all_performances
"Lopes, Lyndsey",USC,Big Ten,100H,2017,2,,,13.88,seconds,Pac-12 Championships,2017-05-13,,,0.6,Outdoor,https://www.tfrrs.org/results/51891/3191896/Pac-12_Championships/100-Hurdles,TFRRS all_performances
"McGlaston, Mecca",USC,Big Ten,100H,2017,1,,,13.46,seconds,Pac-12 Championships,2017-05-13,,,0.5,Outdoor,https://www.tfrrs.org/results/51891/3191896/Pac-12_Championships/100-Hurdles,TFRRS all_performances
"Cockrell, Anna",USC,Big Ten,100H,2017,1,,,12.89,seconds,NCAA Division I Outdoor Track & Field Championships,2017-06-07,,,0.2,Outdoor,https://www.tfrrs.org/results/51935/3199121/NCAA_Division_I_Outdoor_Track__Field_Championships/100-Hurdles,TFRRS all_performances
"Cockrell, Anna",USC,Big Ten,100H,2017,1,,,12.91,seconds,NCAA Division I Outdoor Track & Field Championships,2017-06-07,,,1.6,Outdoor,https://www.tfrrs.org/results/51935/3199121/NCAA_Division_I_Outdoor_Track__Field_Championships/100-Hurdles,TFRRS all_performances
"Hall, Dior",USC,Big Ten,100H,2017,2,,,12.82,seconds,NCAA Division I Outdoor Track & Field Championships,2017-06-07,,,1.6,Outdoor,https://www.tfrrs.org/results/51935/3199121/NCAA_Division_I_Outdoor_Track__Field_Championships/100-Hurdles,TFRRS all_performances
"Hall, Dior",USC,Big Ten,100H,2017,2,,,13.02,seconds,NCAA Division I Outdoor Track & Field Championships,2017-06-07,,,-0.8,Outdoor,https://www.tfrrs.org/results/51935/3199121/NCAA_Division_I_Outdoor_Track__Field_Championships/100-Hurdles,TFRRS all_performances
"Mills, Darhian",Washington,Big Ten,100H,2017,1,,,14.12,seconds,Trojan Invitational,2017-03-17,,,0.6,Outdoor,https://www.tfrrs.org/results/48842/3036916/Trojan_Invitational/100-Hurdles,TFRRS all_performances
"Mills, Darhian",Washington,Big Ten,100H,2017,1,,,14.25,seconds,2017 90th Clyde Littlefield Texas Relays,2017-03-29,,,1.7,Outdoor,https://www.tfrrs.org/results/48669/3075311/2017_90th_Clyde_Littlefield_Texas_Relays/100-Hurdles,TFRRS all_performances
"Lester, Carly",Washington,Big Ten,100H,2017,2,,,15.02,seconds,Stanford Invitational,2017-03-31,,,-1.4,Outdoor,https://www.tfrrs.org/results/50496/3077226/Stanford_Invitational/100-Hurdles,TFRRS all_performances
"Lester, Carly",Washington,Big Ten,100H,2017,2,,,15.11,seconds,Mt. SAC Relays/CA Invitational Multi Events,2017-04-12,,,+0.0,Outdoor,https://www.tfrrs.org/results/48974/3124428/Mt_SAC_Relays_CA_Invitational_Multi_Events/100-Hurdles,TFRRS all_performances
"Mills, Darhian",Washington,Big Ten,100H,2017,1,,,14.11,seconds,Mt. SAC Relays,2017-04-13,,,0.7,Outdoor,https://www.tfrrs.org/results/51129/3123056/Mt_SAC_Relays/100-Hurdles,TFRRS all_performances
"Jones-Toutant, Elinor",Washington,Big Ten,100H,2017,1,,,16.33,seconds,2017 UW v. WSU Dual,2017-04-23,,,-0.4,Outdoor,https://www.tfrrs.org/results/50424/3146215/2017_UW_v_WSU_Dual_/100-Hurdles,TFRRS all_performances
"Lester, Carly",Washington,Big Ten,100H,2017,2,,,14.81,seconds,2017 UW v. WSU Dual,2017-04-23,,,-0.4,Outdoor,https://www.tfrrs.org/results/50424/3146215/2017_UW_v_WSU_Dual_/100-Hurdles,TFRRS all_performances
"Mills, Darhian",Washington,Big Ten,100H,2017,1,,,14.08,seconds,2017 UW v. WSU Dual,2017-04-23,,,-0.4,Outdoor,https://www.tfrrs.org/results/50424/3146215/2017_UW_v_WSU_Dual_/100-Hurdles,TFRRS all_performances
"Lester, Carly",Washington,Big Ten,100H,2017,2,,,14.82,seconds,Oregon State University High Performance,2017-04-28,,,+0.0,Outdoor,https://www.tfrrs.org/results/48540/3162683/Oregon_State_University_High_Performance/100-Hurdles,TFRRS all_performances
"Mills, Darhian",Washington,Big Ten,100H,2017,1,,,14.35,seconds,Oregon State University High Performance,2017-04-28,,,+0.0,Outdoor,https://www.tfrrs.org/results/48540/3162683/Oregon_State_University_High_Performance/100-Hurdles,TFRRS all_performances
"Gamble, Passion",Alabama,SEC,100H,2017,4,,,14.61,seconds,Bulldog Relays,2017-03-18,Final,6.0,,Outdoor,https://rolltide.com/documents/download/2017/6/19/Outdoor_Track_Field_Notes_Season_Review.pdf,legacy_source_needs_review
"Destin, Stacey",Alabama,SEC,100H,2017,2,,,14.33,seconds,FSU Relays,2017-03-24,,,0.9,Outdoor,https://www.tfrrs.org/results/50136/3055448/FSU_Relays/100-Hurdles,TFRRS all_performances
"Gamble, Passion",Alabama,SEC,100H,2017,4,,,14.79,seconds,FSU Relays,2017-03-24,,,0.9,Outdoor,https://www.tfrrs.org/results/50136/3055448/FSU_Relays/100-Hurdles,TFRRS all_performances
"Clerveaux, Vanessa",Alabama,SEC,100H,2017,4,,,13.39,seconds,Florida Relays,2017-03-30,,,2.0,Outdoor,https://www.tfrrs.org/results/48929/3076623/Florida_Relays/100-Hurdles,TFRRS all_performances
"Clerveaux, Vanessa",Alabama,SEC,100H,2017,4,,,13.29,seconds,Crimson Tide Invitational,2017-04-07,,,0.6,Outdoor,https://www.tfrrs.org/results/50834/3099041/Crimson_Tide_Invitational/100-Hurdles,TFRRS all_performances
"Destin, Stacey",Alabama,SEC,100H,2017,2,,,14.18,seconds,Crimson Tide Invitational,2017-04-07,,,0.7,Outdoor,https://www.tfrrs.org/results/50834/3099041/Crimson_Tide_Invitational/100-Hurdles,TFRRS all_performances
"Gamble, Passion",Alabama,SEC,100H,2017,4,,,14.86,seconds,Crimson Tide Invitational,2017-04-07,,,0.6,Outdoor,https://www.tfrrs.org/results/50834/3099041/Crimson_Tide_Invitational/100-Hurdles,TFRRS all_performances
"Destin, Stacey",Alabama,SEC,100H,2017,2,,,14.42,seconds,Mt. SAC Relays,2017-04-13,,,0.7,Outdoor,https://www.tfrrs.org/results/51129/3123056/Mt_SAC_Relays/100-Hurdles,TFRRS all_performances
"Clerveaux, Vanessa",Alabama,SEC,100H,2017,4,,,13.35,seconds,Jim Bush Collegiate Invitational,2017-04-15,Final,1.0,,Outdoor,https://rolltide.com/documents/download/2017/6/19/Outdoor_Track_Field_Notes_Season_Review.pdf,legacy_source_needs_review
"Clerveaux, Vanessa",Alabama,SEC,100H,2017,4,,,13.36,seconds,War Eagle Invititaional,2017-04-21,,,1.7,Outdoor,https://www.tfrrs.org/results/46827/3142772/War_Eagle_Invititaional/100-Hurdles,TFRRS all_performances
"Clerveaux, Vanessa",Alabama,SEC,100H,2017,4,,,13.28,seconds,War Eagle Invitational,2017-04-22,Prelim,1.0,,Outdoor,https://rolltide.com/documents/download/2017/6/19/Outdoor_Track_Field_Notes_Season_Review.pdf,legacy_source_needs_review
"Gamble, Passion",Alabama,SEC,100H,2017,4,,,14.25,seconds,War Eagle Invitational,2017-04-22,Prelim,11.0,,Outdoor,https://rolltide.com/documents/download/2017/6/19/Outdoor_Track_Field_Notes_Season_Review.pdf,legacy_source_needs_review
"Johnson, Brandee",Florida,SEC,100H,2017,1,,,13.47,seconds,Miami Hurricane Collegiate Invitational,2017-03-25,,,1.4,Outdoor,https://www.tfrrs.org/results/46899/3053302/Miami_Hurricane_Collegiate_Invitational/100-Hurdles,TFRRS all_performances
"McEnany, Ryann",Florida,SEC,100H,2017,4,,,13.74,seconds,Miami Hurricane Collegiate Invitational,2017-03-25,,,1.4,Outdoor,https://www.tfrrs.org/results/46899/3053302/Miami_Hurricane_Collegiate_Invitational/100-Hurdles,TFRRS all_performances
"Ross-Ransom, Skylar",Florida,SEC,100H,2017,4,,,13.89,seconds,Miami Hurricane Collegiate Invitational,2017-03-25,,,1.4,Outdoor,https://www.tfrrs.org/results/46899/3053302/Miami_Hurricane_Collegiate_Invitational/100-Hurdles,TFRRS all_performances
"McEnany, Ryann",Florida,SEC,100H,2017,4,,,13.65,seconds,Florida Relays,2017-03-30,,,0.2,Outdoor,https://www.tfrrs.org/results/48929/3076623/Florida_Relays/100-Hurdles,TFRRS all_performances
"Johnson, Brandee",Florida,SEC,100H,2017,1,,,13.14,seconds,Florida Relays,2017-03-31,Final,9.0,4.9,Outdoor,https://tf.tfrrs.org/athletes/6099859/Florida/Brandee_Johnson.html,legacy_source_needs_review
"Johnson, Brandee",Florida,SEC,100H,2017,1,,,13.44,seconds,2017 Horned Frog Invitational,2017-04-15,Final,2.0,2.6,Outdoor,https://tf.tfrrs.org/athletes/6099859/Florida/Brandee_Johnson.html,legacy_source_needs_review
"McEnany, Ryann",Florida,SEC,100H,2017,4,,,13.62,seconds,2017 Horned Frog Invitational,2017-04-15,Final,4.0,2.6,Outdoor,https://www.tfrrs.org/athletes/4661168/Florida/Ryann_McEnany,legacy_source_needs_review
"Johnson, Brandee",Florida,SEC,100H,2017,1,,,13.23,seconds,UF Tom Jones Memorial,2017-04-28,,,0.8,Outdoor,https://www.tfrrs.org/results/50650/3158913/UF_Tom_Jones_Memorial/100-Hurdles,TFRRS all_performances
"Johnson, Brandee",Florida,SEC,100H,2017,1,,,13.38,seconds,UF Tom Jones Memorial,2017-04-28,Prelim,4.0,2.6,Outdoor,https://tf.tfrrs.org/athletes/6099859/Florida/Brandee_Johnson.html,legacy_source_needs_review
"McEnany, Ryann",Florida,SEC,100H,2017,4,,,13.55,seconds,UF Tom Jones Memorial,2017-04-28,,,0.8,Outdoor,https://www.tfrrs.org/results/50650/3158913/UF_Tom_Jones_Memorial/100-Hurdles,TFRRS all_performances
"McEnany, Ryann",Florida,SEC,100H,2017,4,,,13.56,seconds,UF Tom Jones Memorial,2017-04-28,Prelim,6.0,2.2,Outdoor,https://www.tfrrs.org/athletes/4661168/Florida/Ryann_McEnany,legacy_source_needs_review
"Ross-Ransom, Skylar",Florida,SEC,100H,2017,4,,,13.28,seconds,UF Tom Jones Memorial,2017-04-28,,,0.8,Outdoor,https://www.tfrrs.org/results/50650/3158913/UF_Tom_Jones_Memorial/100-Hurdles,TFRRS all_performances
"Ross-Ransom, Skylar",Florida,SEC,100H,2017,4,,,13.32,seconds,UF Tom Jones Memorial,2017-04-28,Prelim,3.0,2.6,Outdoor,https://floridagators.com/news/2017/4/28/track-and-field-gators-tally-two-national-leads-bundle-of-top-10s-at-tom-jones-memorial.aspx,legacy_source_needs_review
"Johnson, Brandee",Florida,SEC,100H,2017,1,,,13.39,seconds,SEC Outdoor Track & Field Championships,2017-05-11,,,1.9,Outdoor,https://www.tfrrs.org/results/51877/3190123/SEC_Outdoor_Track__Field_Championships/100-Hurdles,TFRRS all_performances
"Johnson, Brandee",Florida,SEC,100H,2017,1,,,13.41,seconds,SEC Outdoor Track & Field Championships,2017-05-11,,,1.0,Outdoor,https://www.tfrrs.org/results/51877/3190123/SEC_Outdoor_Track__Field_Championships/100-Hurdles,TFRRS all_performances
"McEnany, Ryann",Florida,SEC,100H,2017,4,,,13.65,seconds,SEC Outdoor Track & Field Championships,2017-05-11,,,0.2,Outdoor,https://www.tfrrs.org/results/51877/3190123/SEC_Outdoor_Track__Field_Championships/100-Hurdles,TFRRS all_performances
"Ross-Ransom, Skylar",Florida,SEC,100H,2017,4,,,13.23,seconds,SEC Outdoor Track & Field Championships,2017-05-11,,,0.2,Outdoor,https://www.tfrrs.org/results/51877/3190123/SEC_Outdoor_Track__Field_Championships/100-Hurdles,TFRRS all_performances
"Ross-Ransom, Skylar",Florida,SEC,100H,2017,4,,,13.43,seconds,SEC Outdoor Track & Field Championships,2017-05-11,,,1.0,Outdoor,https://www.tfrrs.org/results/51877/3190123/SEC_Outdoor_Track__Field_Championships/100-Hurdles,TFRRS all_performances
"Johnson, Brandee",Florida,SEC,100H,2017,1,,,13.88,seconds,NCAA Division I East Preliminary Round,2017-05-25,,,0.2,Outdoor,https://www.tfrrs.org/results/51920/3197609/NCAA_Division_I_East_Preliminary_Round/100-Hurdles,TFRRS all_performances
"McEnany, Ryann",Florida,SEC,100H,2017,4,,,13.60,seconds,NCAA Division I East Preliminary Round,2017-05-25,,,-0.7,Outdoor,https://www.tfrrs.org/results/51920/3197609/NCAA_Division_I_East_Preliminary_Round/100-Hurdles,TFRRS all_performances
"Ross-Ransom, Skylar",Florida,SEC,100H,2017,4,,,13.21,seconds,NCAA Division I East Preliminary Round,2017-05-25,,,0.2,Outdoor,https://www.tfrrs.org/results/51920/3197609/NCAA_Division_I_East_Preliminary_Round/100-Hurdles,TFRRS all_performances
"Ross-Ransom, Skylar",Florida,SEC,100H,2017,4,,,13.23,seconds,NCAA Division I East Preliminary Round,2017-05-25,,,1.7,Outdoor,https://www.tfrrs.org/results/51920/3197609/NCAA_Division_I_East_Preliminary_Round/100-Hurdles,TFRRS all_performances
"Ross-Ransom, Skylar",Florida,SEC,100H,2017,4,,,13.11,seconds,NCAA Division I Outdoor Track & Field Championships,2017-06-07,,,0.1,Outdoor,https://www.tfrrs.org/results/51935/3199121/NCAA_Division_I_Outdoor_Track__Field_Championships/100-Hurdles,TFRRS all_performances
"Grauvogel, Louisa",Georgia,SEC,100H,2017,1,,,13.63,seconds,Spec Towns Invitational,2017-04-07,,,1.1,Outdoor,https://www.tfrrs.org/results/50860/3126031/Spec_Towns_Invitational/100-Hurdles,TFRRS all_performances
"Johnson, Aliyah",Georgia,SEC,100H,2017,2,,,13.97,seconds,Spec Towns Invitational,2017-04-07,,,1.1,Outdoor,https://www.tfrrs.org/results/50860/3126031/Spec_Towns_Invitational/100-Hurdles,TFRRS all_performances
"Terry, Mary",Georgia,SEC,100H,2017,2,,,15.36,seconds,Spec Towns Invitational,2017-04-07,,,1.1,Outdoor,https://www.tfrrs.org/results/50860/3126031/Spec_Towns_Invitational/100-Hurdles,TFRRS all_performances
"Williams, Kendell",Georgia,SEC,100H,2017,4,,,13.17,seconds,Spec Towns Invitational,2017-04-07,,,1.1,Outdoor,https://www.tfrrs.org/results/50860/3126031/Spec_Towns_Invitational/100-Hurdles,TFRRS all_performances
"Grauvogel, Louisa",Georgia,SEC,100H,2017,1,,,13.63,seconds,Bulldog Decathlon/Heptathlon,2017-04-08,Heptathlon,2.0,,Outdoor,https://georgiadogs.com/documents/download/2017/5/31/2017_Women_Outdoor_Results.pdf,legacy_source_needs_review
"Johnson, Aliyah",Georgia,SEC,100H,2017,2,,,13.97,seconds,Bulldog Decathlon/Heptathlon,2017-04-08,Heptathlon,3.0,,Outdoor,https://georgiadogs.com/documents/download/2017/5/31/2017_Women_Outdoor_Results.pdf,legacy_source_needs_review
"Kopp, Makenzi",Georgia,SEC,100H,2017,1,,,15.15,seconds,Bulldog Decathlon/Heptathlon,2017-04-08,Heptathlon,5.0,,Outdoor,https://georgiadogs.com/documents/download/2017/5/31/2017_Women_Outdoor_Results.pdf,legacy_source_needs_review
"Tanner, Amber",Georgia,SEC,100H,2017,1,,,DNF,seconds,Bulldog Decathlon/Heptathlon,2017-04-08,Heptathlon,,,Outdoor,https://georgiadogs.com/documents/download/2017/5/31/2017_Women_Outdoor_Results.pdf,legacy_source_needs_review
"Terry, Mary",Georgia,SEC,100H,2017,2,,,15.36,seconds,Bulldog Decathlon/Heptathlon,2017-04-08,Heptathlon,6.0,,Outdoor,https://georgiadogs.com/documents/download/2017/5/31/2017_Women_Outdoor_Results.pdf,legacy_source_needs_review
"Williams, Kendell",Georgia,SEC,100H,2017,4,,,13.17,seconds,Bulldog Decathlon/Heptathlon,2017-04-08,Heptathlon,1.0,,Outdoor,https://georgiadogs.com/documents/download/2017/5/31/2017_Women_Outdoor_Results.pdf,legacy_source_needs_review
"Grauvogel, Louisa",Georgia,SEC,100H,2017,1,,,13.96,seconds,Virginia Challenge,2017-04-21,,,1.3,Outdoor,https://www.tfrrs.org/results/51364/3143651/Virginia_Challenge/100-Hurdles,TFRRS all_performances
"Williams, Kendell",Georgia,SEC,100H,2017,4,,,13.36,seconds,Virginia Challenge,2017-04-21,,,1.3,Outdoor,https://www.tfrrs.org/results/51364/3143651/Virginia_Challenge/100-Hurdles,TFRRS all_performances
"Grauvogel, Louisa",Georgia,SEC,100H,2017,1,,,13.50,seconds,Torrin Lawrence Memorial,2017-05-06,Final,3.0,,Outdoor,https://georgiadogs.com/documents/download/2017/5/31/2017_Women_Outdoor_Results.pdf,legacy_source_needs_review
"Williams, Kendell",Georgia,SEC,100H,2017,4,,,13.07,seconds,Torrin Lawrence Memorial,2017-05-06,Final,1.0,,Outdoor,https://georgiadogs.com/documents/download/2017/5/31/2017_Women_Outdoor_Results.pdf,legacy_source_needs_review
"Grauvogel, Louisa",Georgia,SEC,100H,2017,1,,,13.55,seconds,SEC Outdoor Track & Field Championships,2017-05-11,,,1.7,Outdoor,https://www.tfrrs.org/results/51877/3192378/SEC_Outdoor_Track__Field_Championships/100-Hurdles,TFRRS all_performances
"Williams, Kendell",Georgia,SEC,100H,2017,4,,,12.90,seconds,SEC Outdoor Track & Field Championships,2017-05-11,,,0.2,Outdoor,https://www.tfrrs.org/results/51877/3190123/SEC_Outdoor_Track__Field_Championships/100-Hurdles,TFRRS all_performances
"Williams, Kendell",Georgia,SEC,100H,2017,4,,,12.92,seconds,SEC Outdoor Track & Field Championships,2017-05-11,,,1.0,Outdoor,https://www.tfrrs.org/results/51877/3190123/SEC_Outdoor_Track__Field_Championships/100-Hurdles,TFRRS all_performances
"Williams, Kendell",Georgia,SEC,100H,2017,4,,,12.95,seconds,NCAA Division I Outdoor Track & Field Championships,2017-06-07,,,0.2,Outdoor,https://www.tfrrs.org/results/51935/3199338/NCAA_Division_I_Outdoor_Track__Field_Championships/100-Hurdles,TFRRS all_performances
"Williams, Kendell",Georgia,SEC,100H,2017,4,,,13.02,seconds,NCAA Division I Outdoor Track & Field Championships,2017-06-09,Heptathlon,,,Outdoor,https://georgiadogs.com/documents/download/2018/8/3/2017_OutdoorRecap.pdf,legacy_source_needs_review
"Ross, Faith",Kentucky,SEC,100H,2017,1,,,13.81,seconds,Baldy Castillo Invitational,2017-03-17,,,0.6,Outdoor,https://www.tfrrs.org/results/49820/3038105/Baldy_Castillo_Invitational/100-Hurdles,TFRRS all_performances
"Seymour, Kiah",Kentucky,SEC,100H,2017,4,,,13.67,seconds,Baldy Castillo Invitational,2017-03-17,,,1.0,Outdoor,https://www.tfrrs.org/results/49820/3038105/Baldy_Castillo_Invitational/100-Hurdles,TFRRS all_performances
"Camacho-Quinn, Jasmine",Kentucky,SEC,100H,2017,2,,,12.69,seconds,Florida Relays,2017-03-30,,,2.0,Outdoor,https://www.tfrrs.org/results/48929/3076623/Florida_Relays/100-Hurdles,TFRRS all_performances
"Howell, Jacklyn",Kentucky,SEC,100H,2017,3,,,13.52,seconds,Florida Relays,2017-03-30,,,2.0,Outdoor,https://www.tfrrs.org/results/48929/3076623/Florida_Relays/100-Hurdles,TFRRS all_performances
"Seymour, Kiah",Kentucky,SEC,100H,2017,4,,,14.06,seconds,Florida Relays,2017-03-31,Final,45.0,2.7,Outdoor,https://tfrrs.org/athletes/5649579/Kentucky/Kiah_Seymour.html,legacy_source_needs_review
"Howell, Jacklyn",Kentucky,SEC,100H,2017,3,,,13.20,seconds,Texas Invitational,2017-04-15,Final,,2.3,Outdoor,https://www.tfrrs.org/athletes/5116165,legacy_source_needs_review
"Camacho-Quinn, Jasmine",Kentucky,SEC,100H,2017,2,,,12.84,seconds,SEC Relays,2017-04-28,,,1.8,Outdoor,https://www.tfrrs.org/results/47401/3160492/SEC_Relays/100-Hurdles,TFRRS all_performances
"Howell, Jacklyn",Kentucky,SEC,100H,2017,3,,,13.35,seconds,SEC Relays,2017-04-28,,,1.8,Outdoor,https://www.tfrrs.org/results/47401/3160492/SEC_Relays/100-Hurdles,TFRRS all_performances
"Camacho-Quinn, Jasmine",Kentucky,SEC,100H,2017,2,,,12.81,seconds,SEC Outdoor Track & Field Championships,2017-05-11,,,1.0,Outdoor,https://www.tfrrs.org/results/51877/3190123/SEC_Outdoor_Track__Field_Championships/100-Hurdles,TFRRS all_performances
"Camacho-Quinn, Jasmine",Kentucky,SEC,100H,2017,2,,,12.94,seconds,SEC Outdoor Track & Field Championships,2017-05-11,,,0.3,Outdoor,https://www.tfrrs.org/results/51877/3190123/SEC_Outdoor_Track__Field_Championships/100-Hurdles,TFRRS all_performances
"Howell, Jacklyn",Kentucky,SEC,100H,2017,3,,,13.18,seconds,SEC Outdoor Track & Field Championships,2017-05-11,,,0.3,Outdoor,https://www.tfrrs.org/results/51877/3190123/SEC_Outdoor_Track__Field_Championships/100-Hurdles,TFRRS all_performances
"Howell, Jacklyn",Kentucky,SEC,100H,2017,3,,,13.24,seconds,SEC Outdoor Track & Field Championships,2017-05-11,,,1.0,Outdoor,https://www.tfrrs.org/results/51877/3190123/SEC_Outdoor_Track__Field_Championships/100-Hurdles,TFRRS all_performances
"Camacho-Quinn, Jasmine",Kentucky,SEC,100H,2017,2,,,12.79,seconds,NCAA Division I East Preliminary Round,2017-05-25,,,0.2,Outdoor,https://www.tfrrs.org/results/51920/3197609/NCAA_Division_I_East_Preliminary_Round/100-Hurdles,TFRRS all_performances
"Camacho-Quinn, Jasmine",Kentucky,SEC,100H,2017,2,,,12.80,seconds,NCAA Division I East Preliminary Round,2017-05-25,,,0.2,Outdoor,https://www.tfrrs.org/results/51920/3197609/NCAA_Division_I_East_Preliminary_Round/100-Hurdles,TFRRS all_performances
"Howell, Jacklyn",Kentucky,SEC,100H,2017,3,,,13.00,seconds,NCAA Division I East Preliminary Round,2017-05-25,,,1.7,Outdoor,https://www.tfrrs.org/results/51920/3197609/NCAA_Division_I_East_Preliminary_Round/100-Hurdles,TFRRS all_performances
"Howell, Jacklyn",Kentucky,SEC,100H,2017,3,,,13.17,seconds,NCAA Division I East Preliminary Round,2017-05-25,,,0.2,Outdoor,https://www.tfrrs.org/results/51920/3197609/NCAA_Division_I_East_Preliminary_Round/100-Hurdles,TFRRS all_performances
"Camacho-Quinn, Jasmine",Kentucky,SEC,100H,2017,2,,,12.58,seconds,NCAA Division I Outdoor Track & Field Championships,2017-06-07,,,1.6,Outdoor,https://www.tfrrs.org/results/51935/3199121/NCAA_Division_I_Outdoor_Track__Field_Championships/100-Hurdles,TFRRS all_performances
"Camacho-Quinn, Jasmine",Kentucky,SEC,100H,2017,2,,,12.84,seconds,NCAA Division I Outdoor Track & Field Championships,2017-06-07,,,0.1,Outdoor,https://www.tfrrs.org/results/51935/3199121/NCAA_Division_I_Outdoor_Track__Field_Championships/100-Hurdles,TFRRS all_performances
"Oluwole, Funlayo",South Carolina,SEC,100H,2017,2,,,14.42,seconds,Miami Hurricane Invitational,2017-03-17,,,-0.4,Outdoor,https://www.tfrrs.org/results/46898/3036585/Miami_Hurricane_Invitational/100-Hurdles,TFRRS all_performances
"Oluwole, Funlayo",South Carolina,SEC,100H,2017,2,,,14.08,seconds,Weems Baskin Invitational,2017-03-24,,,0.7,Outdoor,https://www.tfrrs.org/results/50135/3055425/Weems_Baskin_Invitational/100-Hurdles,TFRRS all_performances
"Taylor, Taranisha",South Carolina,SEC,100H,2017,4,,,13.89,seconds,Weems Baskin Invitational,2017-03-24,,,0.7,Outdoor,https://www.tfrrs.org/results/50135/3055425/Weems_Baskin_Invitational/100-Hurdles,TFRRS all_performances
"Oluwole, Funlayo",South Carolina,SEC,100H,2017,2,,,13.87,seconds,Florida Relays,2017-03-30,,,1.8,Outdoor,https://www.tfrrs.org/results/48929/3076623/Florida_Relays/100-Hurdles,TFRRS all_performances
"Taylor, Taranisha",South Carolina,SEC,100H,2017,4,,,DNF,seconds,Florida Relays,2017-03-31,Final,,,Outdoor,https://storage.googleapis.com/gamecocksonline-com/2018/06/f1106ed3-scar_c_track_2016_17_misc_non_event__2017outdoorprogressions.pdf,legacy_source_needs_review
"Oluwole, Funlayo",South Carolina,SEC,100H,2017,2,,,13.94,seconds,Spec Towns Invitational,2017-04-07,Final,6.0,,Outdoor,https://storage.googleapis.com/gamecocksonline-com/2018/06/f1106ed3-scar_c_track_2016_17_misc_non_event__2017outdoorprogressions.pdf,legacy_source_needs_review
"Parks, Milan",South Carolina,SEC,100H,2017,2,,,14.48,seconds,Spec Towns Invitational,2017-04-07,Final,8.0,,Outdoor,https://storage.googleapis.com/gamecocksonline-com/2018/06/f1106ed3-scar_c_track_2016_17_misc_non_event__2017outdoorprogressions.pdf,legacy_source_needs_review
"Taylor, Taranisha",South Carolina,SEC,100H,2017,4,,,13.85,seconds,Spec Towns Invitational,2017-04-07,,,1.3,Outdoor,https://www.tfrrs.org/results/50860/3101799/Spec_Towns_Invitational/100-Hurdles,TFRRS all_performances
"Oluwole, Funlayo",South Carolina,SEC,100H,2017,2,,,13.73,seconds,Gamecock Invitational,2017-04-15,Final,10.0,,Outdoor,https://storage.googleapis.com/gamecocksonline-com/2018/06/f1106ed3-scar_c_track_2016_17_misc_non_event__2017outdoorprogressions.pdf,legacy_source_needs_review
"Parks, Milan",South Carolina,SEC,100H,2017,2,,,13.93,seconds,Gamecock Invitational,2017-04-15,,,0.6,Outdoor,https://www.tfrrs.org/results/48465/3121606/Gamecock_Invitational/100-Hurdles,TFRRS all_performances
"Sow, Rougui",South Carolina,SEC,100H,2017,2,,,13.47,seconds,Gamecock Invitational,2017-04-15,Final,5.0,,Outdoor,https://storage.googleapis.com/gamecocksonline-com/2018/06/f1106ed3-scar_c_track_2016_17_misc_non_event__2017outdoorprogressions.pdf,legacy_source_needs_review
"Taylor, Taranisha",South Carolina,SEC,100H,2017,4,,,13.82,seconds,Gamecock Invitational,2017-04-15,Final,11.0,,Outdoor,https://storage.googleapis.com/gamecocksonline-com/2018/06/f1106ed3-scar_c_track_2016_17_misc_non_event__2017outdoorprogressions.pdf,legacy_source_needs_review
"Oluwole, Funlayo",South Carolina,SEC,100H,2017,2,,,13.96,seconds,USC Open,2017-04-22,,,0.6,Outdoor,https://www.tfrrs.org/results/48464/3143136/USC_Open/100-Hurdles,TFRRS all_performances
"Taylor, Taranisha",South Carolina,SEC,100H,2017,4,,,DQ,seconds,Penn Relays,2017-04-28,Final,,,Outdoor,https://storage.googleapis.com/gamecocksonline-com/2018/06/f1106ed3-scar_c_track_2016_17_misc_non_event__2017outdoorprogressions.pdf,legacy_source_needs_review
"Oluwole, Funlayo",South Carolina,SEC,100H,2017,2,,,13.96,seconds,SEC Outdoor Track & Field Championships,2017-05-11,,,1.9,Outdoor,https://www.tfrrs.org/results/51877/3190123/SEC_Outdoor_Track__Field_Championships/100-Hurdles,TFRRS all_performances
"Taylor, Taranisha",South Carolina,SEC,100H,2017,4,,,14.32,seconds,SEC Outdoor Track & Field Championships,2017-05-11,,,0.3,Outdoor,https://www.tfrrs.org/results/51877/3190123/SEC_Outdoor_Track__Field_Championships/100-Hurdles,TFRRS all_performances
"Parks, Milan",South Carolina,SEC,100H,2017,2,,,DNF,seconds,SEC Outdoor Track & Field Championships,2017-05-12,Prelim,,,Outdoor,https://storage.googleapis.com/gamecocksonline-com/2018/06/f1106ed3-scar_c_track_2016_17_misc_non_event__2017outdoorprogressions.pdf,legacy_source_needs_review
"Thomas, Markeeta",Clemson,ACC,100H,2018,3,,,14.04,s,49er Classic,2018-03-15,Final,3,2.9,Outdoor,https://www.tfrrs.org/athletes/5640837/Clemson/Markeeta_Thomas,legacy_source_needs_review
"Marshall, Sidney",Clemson,ACC,100H,2018,2,,,14.03,s,UNF Spring Break Invitational,2018-03-23,,,1.4,Outdoor,https://www.tfrrs.org/results/51941/3362676/UNF_Spring_Break_Invitational/100-Hurdles,TFRRS all_performances
"Thomas, Markeeta",Clemson,ACC,100H,2018,3,,,14.08,s,UNF Spring Break Invitational,2018-03-23,,,1.4,Outdoor,https://www.tfrrs.org/results/51941/3362676/UNF_Spring_Break_Invitational/100-Hurdles,TFRRS all_performances
"Williams, Ebony",Clemson,ACC,100H,2018,2,,,13.79,s,UNF Spring Break Invitational,2018-03-23,,,1.4,Outdoor,https://www.tfrrs.org/results/51941/3362676/UNF_Spring_Break_Invitational/100-Hurdles,TFRRS all_performances
"Warner, Lakeisha",Clemson,ACC,100H,2018,2,,,15.68,s,Crimson Tide Invitational,2018-04-06,,,1.2,Outdoor,https://www.tfrrs.org/results/55889/3403246/Crimson_Tide_Invitational/100-Hurdles,TFRRS all_performances
"Marshall, Sidney",Clemson,ACC,100H,2018,2,,,13.99,s,LSU Alumni Gold,2018-04-21,,,1.9,Outdoor,https://www.tfrrs.org/results/52609/3451218/LSU_Alumni_Gold/100-Hurdles,TFRRS all_performances
"Williams, Ebony",Clemson,ACC,100H,2018,2,,,13.43,s,LSU Alumni Gold,2018-04-21,,,1.7,Outdoor,https://www.tfrrs.org/results/52609/3451256/LSU_Alumni_Gold/100-Hurdles,TFRRS all_performances
"Marshall, Sidney",Clemson,ACC,100H,2018,2,,,13.80,s,ACC Outdoor Championships,2018-05-10,,,1.0,Outdoor,https://www.tfrrs.org/results/57034/3506464/ACC_Outdoor_Championships/100-Hurdles,TFRRS all_performances
"Thomas, Markeeta",Clemson,ACC,100H,2018,3,,,14.44,s,ACC Outdoor Championships,2018-05-10,,,0.6,Outdoor,https://www.tfrrs.org/results/57034/3506464/ACC_Outdoor_Championships/100-Hurdles,TFRRS all_performances
"Williams, Ebony",Clemson,ACC,100H,2018,2,,,13.63,s,ACC Outdoor Championships,2018-05-10,,,0.1,Outdoor,https://www.tfrrs.org/results/57034/3506464/ACC_Outdoor_Championships/100-Hurdles,TFRRS all_performances
"Williams, Ebony",Clemson,ACC,100H,2018,2,,,13.52,s,NCAA East Preliminary Round,2018-05-24,,,0.7,Outdoor,https://www.tfrrs.org/results/57099/3515282/NCAA_East_Preliminary_Round/100-Hurdles,TFRRS all_performances
"Lemmons, Jaida",Duke,ACC,100H,2018,3,,,14.48,s,Home Depot Clyde Littlefield Texas Relays,2018-03-28,,,0.4,Outdoor,https://www.tfrrs.org/results/53836/3434948/Home_Depot_Clyde_Littlefield_Texas_Relays/100-Hurdles,TFRRS all_performances
"Marsh, Erin",Duke,ACC,100H,2018,1,,,14.02,s,Home Depot Clyde Littlefield Texas Relays,2018-03-28,,,1.3,Outdoor,https://www.tfrrs.org/results/53836/3434948/Home_Depot_Clyde_Littlefield_Texas_Relays/100-Hurdles,TFRRS all_performances
"Kutzer, Kate",Duke,ACC,100H,2018,1,,,15.63,s,Raleigh Relays,2018-03-30,,,-0.7,Outdoor,https://www.tfrrs.org/results/55531/3381072/Raleigh_Relays/100-Hurdles,TFRRS all_performances
"Kutzer, Kate",Duke,ACC,100H,2018,1,,,15.18,s,Battle of the Blues,2018-04-06,,,1.5,Outdoor,https://www.tfrrs.org/results/55868/3401089/Battle_of_the_Blues/100-Hurdles,TFRRS all_performances
"Lemmons, Jaida",Duke,ACC,100H,2018,3,,,14.39,s,Battle of the Blues,2018-04-06,,,1.5,Outdoor,https://www.tfrrs.org/results/55868/3401089/Battle_of_the_Blues/100-Hurdles,TFRRS all_performances
"Marsh, Erin",Duke,ACC,100H,2018,1,,,13.83,s,Battle of the Blues,2018-04-06,,,1.5,Outdoor,https://www.tfrrs.org/results/55868/3401089/Battle_of_the_Blues/100-Hurdles,TFRRS all_performances
"Kutzer, Kate",Duke,ACC,100H,2018,1,,,15.38,s,Bryan Clay Invitational,2018-04-19,,,0.7,Outdoor,https://www.tfrrs.org/results/54070/3482326/Bryan_Clay_Invitational/100-Hurdles,TFRRS all_performances
"Lemmons, Jaida",Duke,ACC,100H,2018,3,,,14.40,s,Bryan Clay Invitational,2018-04-19,,,1.8,Outdoor,https://www.tfrrs.org/results/54070/3482333/Bryan_Clay_Invitational/100-Hurdles,TFRRS all_performances
"Kutzer, Kate",Duke,ACC,100H,2018,1,,,15.10,s,Virginia Grand Prix,2018-04-28,,,1.9,Outdoor,https://www.tfrrs.org/results/56771/3478460/Virginia_Grand_Prix/100-Hurdles,TFRRS all_performances
"Lemmons, Jaida",Duke,ACC,100H,2018,3,,,14.45,s,ACC Outdoor Championships,2018-05-10,,,0.5,Outdoor,https://www.tfrrs.org/results/57034/3509235/ACC_Outdoor_Championships/100-Hurdles,TFRRS all_performances
"Marsh, Erin",Duke,ACC,100H,2018,1,,,13.98,s,ACC Outdoor Championships,2018-05-10,,,0.5,Outdoor,https://www.tfrrs.org/results/57034/3509235/ACC_Outdoor_Championships/100-Hurdles,TFRRS all_performances
"Marsh, Erin",Duke,ACC,100H,2018,1,,,14.35,s,ACC Outdoor Championships,2018-05-10,,,-0.4,Outdoor,https://www.tfrrs.org/results/57034/3506464/ACC_Outdoor_Championships/100-Hurdles,TFRRS all_performances
Teddi Maslowski,Duke,ACC,100H,2018,4,,,14.18,s,ACC Outdoor Championships,2018-05-10,Prelim,,,Outdoor,https://www.tfrrs.org/results/57034/f/ACC_Outdoor_Championships,legacy_source_needs_review
"Jones, Cortney",Florida State,ACC,100H,2018,2,,,13.06,s,FSU Relays,2018-03-23,,,0.2,Outdoor,https://www.tfrrs.org/results/55228/3362601/FSU_Relays/100-Hurdles,TFRRS all_performances
"Jones, Cortney",Florida State,ACC,100H,2018,2,,,13.03,s,Tiger Track Classic,2018-04-14,Final,3,wind-aided,Outdoor,https://www.nolefan.org/summary/wtf2018.html,legacy_source_needs_review
"Jones, Cortney",Florida State,ACC,100H,2018,2,,,13.27,s,National Relay Championship,2018-04-28,Final,9,wind-aided,Outdoor,https://www.nolefan.org/summary/wtf2018.html,legacy_source_needs_review
"Jones, Cortney",Florida State,ACC,100H,2018,2,,,13.19,s,ACC Outdoor Championships,2018-05-10,,,0.6,Outdoor,https://www.tfrrs.org/results/57034/3506464/ACC_Outdoor_Championships/100-Hurdles,TFRRS all_performances
"Jones, Cortney",Florida State,ACC,100H,2018,2,,,12.93,s,ACC Outdoor Championship,2018-05-12,Final,2,2.7,Outdoor,https://seminoles.com/sports/womens-track-and-field/roster/cortney-jones/3343,legacy_source_needs_review
"Jones, Cortney",Florida State,ACC,100H,2018,2,,,13.10,s,NCAA East Preliminary Round,2018-05-24,,,0.3,Outdoor,https://www.tfrrs.org/results/57099/3515282/NCAA_East_Preliminary_Round/100-Hurdles,TFRRS all_performances
"Jones, Cortney",Florida State,ACC,100H,2018,2,,,13.17,s,NCAA East Preliminary Round,2018-05-24,,,-0.1,Outdoor,https://www.tfrrs.org/results/57099/3515282/NCAA_East_Preliminary_Round/100-Hurdles,TFRRS all_performances
"Jones, Cortney",Florida State,ACC,100H,2018,2,,,12.86,s,NCAA Division I Outdoor Championships,2018-06-06,,,1.4,Outdoor,https://www.tfrrs.org/results/57114/3516387/NCAA_Division_I_Outdoor_Championships/100-Hurdles,TFRRS all_performances
"Jones, Cortney",Florida State,ACC,100H,2018,2,,,13.04,s,NCAA Division I Outdoor Championships,2018-06-06,,,0.9,Outdoor,https://www.tfrrs.org/results/57114/3516387/NCAA_Division_I_Outdoor_Championships/100-Hurdles,TFRRS all_performances
"Labrie-Smith, Hannah",Stanford,ACC,100H,2018,3,,,14.25,s,Sacramento State Hornet Invitational,2018-03-17,Final,,2.1,Outdoor,https://www.tfrrs.org/athletes/5624082,legacy_source_needs_review
"Labrie-Smith, Hannah",Stanford,ACC,100H,2018,3,,,14.37,s,Stanford Invitational,2018-03-30,,,1.4,Outdoor,https://www.tfrrs.org/results/55549/3384184/Stanford_Invitational/100-Hurdles,TFRRS all_performances
"Lewis, Amber",Stanford,ACC,100H,2018,4,,,16.80,s,Stanford Invitational,2018-03-30,,,1.4,Outdoor,https://www.tfrrs.org/results/55549/3384184/Stanford_Invitational/100-Hurdles,TFRRS all_performances
"McGee, Brittany",Stanford,ACC,100H,2018,2,,,14.73,s,Stanford Invitational,2018-03-30,,,1.3,Outdoor,https://www.tfrrs.org/results/55549/3384184/Stanford_Invitational/100-Hurdles,TFRRS all_performances
"Labrie-Smith, Hannah",Stanford,ACC,100H,2018,3,,,14.31,s,2018 Big Meet,2018-04-07,,,-0.5,Outdoor,https://www.tfrrs.org/results/55524/3405183/2018_Big_Meet/100-Hurdles,TFRRS all_performances
"Lewis, Amber",Stanford,ACC,100H,2018,4,,,14.49,s,2018 Big Meet,2018-04-07,,,-0.5,Outdoor,https://www.tfrrs.org/results/55524/3405183/2018_Big_Meet/100-Hurdles,TFRRS all_performances
"McGee, Brittany",Stanford,ACC,100H,2018,2,,,14.70,s,2018 Big Meet,2018-04-07,,,-0.5,Outdoor,https://www.tfrrs.org/results/55524/3405183/2018_Big_Meet/100-Hurdles,TFRRS all_performances
"Lewis, Amber",Stanford,ACC,100H,2018,4,,,14.80,s,2018 Cardinal Classic,2018-04-20,,,1.2,Outdoor,https://www.tfrrs.org/results/54868/3454345/2018_Cardinal_Classic/100-Hurdles,TFRRS all_performances
"Lewis, Amber",Stanford,ACC,100H,2018,4,,,14.66,s,2018 Brutus Hamilton Invitational,2018-04-28,,,-0.5,Outdoor,https://www.tfrrs.org/results/55968/3476108/2018_Brutus_Hamilton_Invitational/100-Hurdles,TFRRS all_performances
"Woodley, Alexis",Virginia,ACC,100H,2018,2,,,14.11,s,Miami Hurricane Invitational,2018-03-16,,,+0.0,Outdoor,https://www.tfrrs.org/results/54142/3350155/Miami_Hurricane_Invitational/100-Hurdles,TFRRS all_performances
"Knight, Andrenette",Virginia,ACC,100H,2018,2,,,14.05,s,Fred Hardy Invitational,2018-03-30,,,1.1,Outdoor,https://www.tfrrs.org/results/51896/3380995/Fred_Hardy_Invitational/100-Hurdles,TFRRS all_performances
"Woodley, Alexis",Virginia,ACC,100H,2018,2,,,13.69,s,Fred Hardy Invitational,2018-03-30,,,1.1,Outdoor,https://www.tfrrs.org/results/51896/3380995/Fred_Hardy_Invitational/100-Hurdles,TFRRS all_performances
"Leonard, Ciara",Virginia,ACC,100H,2018,3,,,13.49,s,"Virginia v. Maryland, Bucknell, Georgetown",2018-04-06,,,1.9,Outdoor,https://www.tfrrs.org/results/55867/3400991/Virginia_v_Maryland_Bucknell_Georgetown/100-Hurdles,TFRRS all_performances
"Woodley, Alexis",Virginia,ACC,100H,2018,2,,,13.48,s,"Virginia v. Maryland, Bucknell, Georgetown",2018-04-06,,,1.9,Outdoor,https://www.tfrrs.org/results/55867/3400991/Virginia_v_Maryland_Bucknell_Georgetown/100-Hurdles,TFRRS all_performances
"Leonard, Ciara",Virginia,ACC,100H,2018,3,,,13.50,s,Virginia Challenge,2018-04-20,,,0.8,Outdoor,https://www.tfrrs.org/results/56506/3453897/Virginia_Challenge/100-Hurdles,TFRRS all_performances
"Woodley, Alexis",Virginia,ACC,100H,2018,2,,,13.44,s,Virginia Challenge,2018-04-20,,,0.8,Outdoor,https://www.tfrrs.org/results/56506/3453897/Virginia_Challenge/100-Hurdles,TFRRS all_performances
"Leonard, Ciara",Virginia,ACC,100H,2018,3,,,13.35,s,Virginia Grand Prix,2018-04-28,,,0.2,Outdoor,https://www.tfrrs.org/results/56771/3478460/Virginia_Grand_Prix/100-Hurdles,TFRRS all_performances
"Leonard, Ciara",Virginia,ACC,100H,2018,3,,,13.49,s,Virginia Grand Prix,2018-04-28,Final,,0.8,Outdoor,https://www.tfrrs.org/athletes/5626018,legacy_source_needs_review
"Sullivan, Holly",Virginia,ACC,100H,2018,4,,,20.65,s,Virginia Grand Prix,2018-04-28,,,1.2,Outdoor,https://www.tfrrs.org/results/56771/3478460/Virginia_Grand_Prix/100-Hurdles,TFRRS all_performances
"Woodley, Alexis",Virginia,ACC,100H,2018,2,,,13.31,s,Virginia Grand Prix,2018-04-28,,,0.2,Outdoor,https://www.tfrrs.org/results/56771/3478460/Virginia_Grand_Prix/100-Hurdles,TFRRS all_performances
"Woodley, Alexis",Virginia,ACC,100H,2018,2,,,13.67,s,Virginia Grand Prix,2018-04-28,Final,,0.8,Outdoor,https://www.tfrrs.org/athletes/6125624,legacy_source_needs_review
"Leonard, Ciara",Virginia,ACC,100H,2018,3,,,13.45,s,ACC Outdoor Championships,2018-05-10,,,-0.4,Outdoor,https://www.tfrrs.org/results/57034/3506464/ACC_Outdoor_Championships/100-Hurdles,TFRRS all_performances
"Sullivan, Holly",Virginia,ACC,100H,2018,4,,,14.25,s,ACC Outdoor Championships,2018-05-10,,,1.1,Outdoor,https://www.tfrrs.org/results/57034/3509235/ACC_Outdoor_Championships/100-Hurdles,TFRRS all_performances
"Woodley, Alexis",Virginia,ACC,100H,2018,2,,,13.49,s,ACC Outdoor Championships,2018-05-10,,,1.0,Outdoor,https://www.tfrrs.org/results/57034/3506464/ACC_Outdoor_Championships/100-Hurdles,TFRRS all_performances
"Leonard, Ciara",Virginia,ACC,100H,2018,3,,,13.13,s,ACC Outdoor Championships,2018-05-12,Final,4,2.7,Outdoor,https://accchampionships.runnerspace.com/eprofile.php?do=info&event_id=477&year=2018,legacy_source_needs_review
"Woodley, Alexis",Virginia,ACC,100H,2018,2,,,13.32,s,ACC Outdoor Championships,2018-05-12,Final,6,2.7,Outdoor,https://accchampionships.runnerspace.com/eprofile.php?do=info&event_id=477&year=2018,legacy_source_needs_review
"Leonard, Ciara",Virginia,ACC,100H,2018,3,,,13.26,s,NCAA East Preliminary Round,2018-05-24,,,0.3,Outdoor,https://www.tfrrs.org/results/57099/3515282/NCAA_East_Preliminary_Round/100-Hurdles,TFRRS all_performances
"Leonard, Ciara",Virginia,ACC,100H,2018,3,,,14.30,s,NCAA East Preliminary Round,2018-05-24,,,-0.1,Outdoor,https://www.tfrrs.org/results/57099/3515282/NCAA_East_Preliminary_Round/100-Hurdles,TFRRS all_performances
"Woodley, Alexis",Virginia,ACC,100H,2018,2,,,13.39,s,NCAA East Preliminary Round,2018-05-24,,,-0.9,Outdoor,https://www.tfrrs.org/results/57099/3515282/NCAA_East_Preliminary_Round/100-Hurdles,TFRRS all_performances
"Sutton, April",Arizona,Big 12,100H,2018,2,,,14.28,seconds,2018 Willie Williams Classic - College/Open,2018-03-16,,,0.2,Outdoor,https://www.tfrrs.org/results/54481/3348331/2018_Willie_Williams_Classic_-_College_Open/100-Hurdles,TFRRS all_performances
"Thompson, Alyssa",Arizona,Big 12,100H,2018,4,,,14.79,seconds,2018 Willie Williams Classic - College/Open,2018-03-16,,,0.2,Outdoor,https://www.tfrrs.org/results/54481/3348331/2018_Willie_Williams_Classic_-_College_Open/100-Hurdles,TFRRS all_performances
"Thompson, Alyssa",Arizona,Big 12,100H,2018,4,,,14.93,seconds,40th Annual Aztec Open,2018-03-23,,,-1.8,Outdoor,https://www.tfrrs.org/results/52944/3363414/40th_Annual_Aztec_Open/100-Hurdles,TFRRS all_performances
"Sutton, April",Arizona,Big 12,100H,2018,2,,,14.04,seconds,2018 Jim Click Shootout,2018-04-07,,,1.3,Outdoor,https://www.tfrrs.org/results/55267/3403770/2018_Jim_Click_Shootout/100-Hurdles,TFRRS all_performances
"Thompson, Alyssa",Arizona,Big 12,100H,2018,4,,,14.66,seconds,2018 Jim Click Shootout,2018-04-07,,,-0.6,Outdoor,https://www.tfrrs.org/results/55267/3409681/2018_Jim_Click_Shootout/100-Hurdles,TFRRS all_performances
"Sutton, April",Arizona,Big 12,100H,2018,2,,,14.04,seconds,Mt. SAC Relays,2018-04-19,,,1.4,Outdoor,https://www.tfrrs.org/results/56509/3454456/Mt_SAC_Relays/100-Hurdles,TFRRS all_performances
"Sutton, April",Arizona,Big 12,100H,2018,2,,,13.86,seconds,2018 Desert Heat Classic,2018-04-28,,,1.0,Outdoor,https://www.tfrrs.org/results/56056/3477480/2018_Desert_Heat_Classic/100-Hurdles,TFRRS all_performances
"Thompson, Alyssa",Arizona,Big 12,100H,2018,4,,,14.35,seconds,2018 Desert Heat Classic,2018-04-28,,,-0.6,Outdoor,https://www.tfrrs.org/results/56056/3477480/2018_Desert_Heat_Classic/100-Hurdles,TFRRS all_performances
"Thompson, Alyssa",Arizona,Big 12,100H,2018,4,,,14.26,seconds,Pac-12 Combined Events Championships,2018-05-05,,,+0.0,Outdoor,https://www.tfrrs.org/results/55279/3496639/Pac-12_Combined_Events_Championships/100-Hurdles,TFRRS all_performances
"Thompson, Alyssa",Arizona,Big 12,100H,2018,4,,,14.26,seconds,2018 Pac-12 Track & Field Championships,2018-05-12,,,+0.0,Outdoor,https://www.tfrrs.org/results/55278/3508264/2018_Pac-12_Track__Field_Championships/100-Hurdles,TFRRS all_performances
"Brown, Courtney",BYU,Big 12,100H,2018,3,,,18.45,seconds,40th Annual Aztec Open,2018-03-23,,,-1.7,Outdoor,https://www.tfrrs.org/results/52944/3363414/40th_Annual_Aztec_Open/100-Hurdles,TFRRS all_performances
"Lord, Nicole",BYU,Big 12,100H,2018,4,,,14.30,seconds,40th Annual Aztec Open,2018-03-23,,,-1.8,Outdoor,https://www.tfrrs.org/results/52944/3363414/40th_Annual_Aztec_Open/100-Hurdles,TFRRS all_performances
"Appiah, Margaret",BYU,Big 12,100H,2018,4,,,15.43,seconds,40th Annual Aztec Invitational,2018-03-24,,,0.6,Outdoor,https://www.tfrrs.org/results/52948/3366236/40th_Annual_Aztec_Invitational/100-Hurdles,TFRRS all_performances
"Brown, Courtney",BYU,Big 12,100H,2018,3,,,17.79,seconds,40th Annual Aztec Invitational,2018-03-24,,,0.1,Outdoor,https://www.tfrrs.org/results/52948/3366236/40th_Annual_Aztec_Invitational/100-Hurdles,TFRRS all_performances
"Lord, Nicole",BYU,Big 12,100H,2018,4,,,13.97,seconds,40th Annual Aztec Invitational,2018-03-24,,,0.6,Outdoor,https://www.tfrrs.org/results/52948/3366236/40th_Annual_Aztec_Invitational/100-Hurdles,TFRRS all_performances
"Yetter, Lindsay",BYU,Big 12,100H,2018,2,,,15.31,seconds,40th Annual Aztec Invitational,2018-03-24,,,0.6,Outdoor,https://www.tfrrs.org/results/52948/3366236/40th_Annual_Aztec_Invitational/100-Hurdles,TFRRS all_performances
"Brown, Courtney",BYU,Big 12,100H,2018,3,,,18.01,seconds,2018 UVU Collegiate Invitational,2018-03-30,,,-1.3,Outdoor,https://www.tfrrs.org/results/55512/3379989/2018_UVU_Collegiate_Invitational/100-Hurdles,TFRRS all_performances
"Gunnerson, Kaitlyn",BYU,Big 12,100H,2018,3,,,14.96,seconds,2018 UVU Collegiate Invitational,2018-03-30,,,-0.2,Outdoor,https://www.tfrrs.org/results/55512/3379989/2018_UVU_Collegiate_Invitational/100-Hurdles,TFRRS all_performances
"Lord, Nicole",BYU,Big 12,100H,2018,4,,,14.07,seconds,2018 UVU Collegiate Invitational,2018-03-30,,,-0.2,Outdoor,https://www.tfrrs.org/results/55512/3379989/2018_UVU_Collegiate_Invitational/100-Hurdles,TFRRS all_performances
"Yetter, Lindsay",BYU,Big 12,100H,2018,2,,,14.52,seconds,2018 UVU Collegiate Invitational,2018-03-30,,,-0.2,Outdoor,https://www.tfrrs.org/results/55512/3379989/2018_UVU_Collegiate_Invitational/100-Hurdles,TFRRS all_performances
"Gunnerson, Kaitlyn",BYU,Big 12,100H,2018,3,,,15.15,seconds,Utah/Weber State Spring Classic,2018-04-06,,,1.1,Outdoor,https://www.tfrrs.org/results/54016/3403749/Utah_Weber_State_Spring_Classic/100-Hurdles,TFRRS all_performances
"Brown, Courtney",BYU,Big 12,100H,2018,3,,,16.49,seconds,Mark Faldmo Invitational,2018-04-13,,,2.0,Outdoor,https://www.tfrrs.org/results/55110/3430776/Mark_Faldmo_Invitational/100-Hurdles,TFRRS all_performances
"Gunnerson, Kaitlyn",BYU,Big 12,100H,2018,3,,,15.05,seconds,Mark Faldmo Invitational,2018-04-13,,,1.2,Outdoor,https://www.tfrrs.org/results/55110/3430776/Mark_Faldmo_Invitational/100-Hurdles,TFRRS all_performances
"Lord, Nicole",BYU,Big 12,100H,2018,4,,,13.69,seconds,Mark Faldmo Invitational,2018-04-13,,,1.2,Outdoor,https://www.tfrrs.org/results/55110/3430776/Mark_Faldmo_Invitational/100-Hurdles,TFRRS all_performances
"Yetter, Lindsay",BYU,Big 12,100H,2018,2,,,14.68,seconds,Mark Faldmo Invitational,2018-04-13,,,1.2,Outdoor,https://www.tfrrs.org/results/55110/3430776/Mark_Faldmo_Invitational/100-Hurdles,TFRRS all_performances
"Monteverde-Dalton, Alyssa",BYU,Big 12,100H,2018,4,,,13.62,seconds,Mt. SAC Relays,2018-04-19,,,0.4,Outdoor,https://www.tfrrs.org/results/56509/3454456/Mt_SAC_Relays/100-Hurdles,TFRRS all_performances
"Appiah, Margaret",BYU,Big 12,100H,2018,4,,,15.27,seconds,2018 BYU Robison Invitational,2018-04-26,,,-1.1,Outdoor,https://www.tfrrs.org/results/56765/3480983/2018_BYU_Robison_Invitational/100-Hurdles,TFRRS all_performances
"Brown, Courtney",BYU,Big 12,100H,2018,3,,,16.61,seconds,2018 BYU Robison Invitational,2018-04-26,,,-1.1,Outdoor,https://www.tfrrs.org/results/56765/3480983/2018_BYU_Robison_Invitational/100-Hurdles,TFRRS all_performances
"Gunnerson, Kaitlyn",BYU,Big 12,100H,2018,3,,,14.73,seconds,2018 BYU Robison Invitational,2018-04-26,,,0.4,Outdoor,https://www.tfrrs.org/results/56765/3476056/2018_BYU_Robison_Invitational/100-Hurdles,TFRRS all_performances
"Lord, Nicole",BYU,Big 12,100H,2018,4,,,13.64,seconds,2018 BYU Robison Invitational,2018-04-26,,,2.0,Outdoor,https://www.tfrrs.org/results/56765/3476056/2018_BYU_Robison_Invitational/100-Hurdles,TFRRS all_performances
"Lord, Nicole",BYU,Big 12,100H,2018,4,,,13.77,seconds,2018 BYU Robison Invitational,2018-04-26,,,-1.2,Outdoor,https://www.tfrrs.org/results/56765/3480983/2018_BYU_Robison_Invitational/100-Hurdles,TFRRS all_performances
"Lord, Nicole",BYU,Big 12,100H,2018,4,,,13.78,seconds,2018 BYU Robison Invitational,2018-04-26,,,0.2,Outdoor,https://www.tfrrs.org/results/56765/3476056/2018_BYU_Robison_Invitational/100-Hurdles,TFRRS all_performances
"Monteverde-Dalton, Alyssa",BYU,Big 12,100H,2018,4,,,13.20,seconds,2018 BYU Robison Invitational,2018-04-26,,,2.0,Outdoor,https://www.tfrrs.org/results/56765/3476056/2018_BYU_Robison_Invitational/100-Hurdles,TFRRS all_performances
"Monteverde-Dalton, Alyssa",BYU,Big 12,100H,2018,4,,,13.45,seconds,2018 BYU Robison Invitational,2018-04-26,,,0.4,Outdoor,https://www.tfrrs.org/results/56765/3476056/2018_BYU_Robison_Invitational/100-Hurdles,TFRRS all_performances
"Yetter, Lindsay",BYU,Big 12,100H,2018,2,,,14.42,seconds,2018 BYU Robison Invitational,2018-04-26,,,-1.2,Outdoor,https://www.tfrrs.org/results/56765/3480983/2018_BYU_Robison_Invitational/100-Hurdles,TFRRS all_performances
"Lord, Nicole",BYU,Big 12,100H,2018,4,,,14.03,seconds,Sacramento State Open,2018-05-05,,,0.9,Outdoor,https://www.tfrrs.org/results/54044/3493715/Sacramento_State_Open/100-Hurdles,TFRRS all_performances
"Appiah, Margaret",BYU,Big 12,100H,2018,4,,,15.44,seconds,2018 BYU Cougar Invitational,2018-05-11,,,-0.6,Outdoor,https://www.tfrrs.org/results/57032/3510392/2018_BYU_Cougar_Invitational/100-Hurdles,TFRRS all_performances
"Lord, Nicole",BYU,Big 12,100H,2018,4,,,13.59,seconds,2018 BYU Cougar Invitational,2018-05-11,,,-0.6,Outdoor,https://www.tfrrs.org/results/57032/3510392/2018_BYU_Cougar_Invitational/100-Hurdles,TFRRS all_performances
"Monteverde-Dalton, Alyssa",BYU,Big 12,100H,2018,4,,,13.48,seconds,2018 BYU Cougar Invitational,2018-05-11,,,-0.6,Outdoor,https://www.tfrrs.org/results/57032/3510392/2018_BYU_Cougar_Invitational/100-Hurdles,TFRRS all_performances
"Lord, Nicole",BYU,Big 12,100H,2018,4,,,13.84,seconds,NCAA West Preliminary Round,2018-05-24,,,0.4,Outdoor,https://www.tfrrs.org/results/57100/3515432/NCAA_West_Preliminary_Round/100-Hurdles,TFRRS all_performances
"Monteverde-Dalton, Alyssa",BYU,Big 12,100H,2018,4,,,13.27,seconds,NCAA West Preliminary Round,2018-05-24,,,1.5,Outdoor,https://www.tfrrs.org/results/57100/3515432/NCAA_West_Preliminary_Round/100-Hurdles,TFRRS all_performances
"Monteverde-Dalton, Alyssa",BYU,Big 12,100H,2018,4,,,13.36,seconds,NCAA West Preliminary Round,2018-05-24,,,1.1,Outdoor,https://www.tfrrs.org/results/57100/3515432/NCAA_West_Preliminary_Round/100-Hurdles,TFRRS all_performances
"Monteverde-Dalton, Alyssa",BYU,Big 12,100H,2018,4,,,15.05,seconds,NCAA Division I Outdoor Championships,2018-06-06,,,2.0,Outdoor,https://www.tfrrs.org/results/57114/3516387/NCAA_Division_I_Outdoor_Championships/100-Hurdles,TFRRS all_performances
"Bailey, Kennedy",Baylor,Big 12,100H,2018,1,,,14.53,seconds,Roadrunner Invitational,2018-03-22,,,-0.6,Outdoor,https://www.tfrrs.org/results/54583/3365753/Roadrunner_Invitational/100-Hurdles,TFRRS all_performances
"Carter, Demitra",Baylor,Big 12,100H,2018,1,,,15.79,seconds,Roadrunner Invitational,2018-03-22,,,1.3,Outdoor,https://www.tfrrs.org/results/54583/3365753/Roadrunner_Invitational/100-Hurdles,TFRRS all_performances
"Jessurun, Venae",Baylor,Big 12,100H,2018,1,,,15.24,seconds,Roadrunner Invitational,2018-03-22,,,1.3,Outdoor,https://www.tfrrs.org/results/54583/3365753/Roadrunner_Invitational/100-Hurdles,TFRRS all_performances
"Yocum, Sarah",Baylor,Big 12,100H,2018,1,,,14.47,seconds,Roadrunner Invitational,2018-03-22,,,-0.6,Outdoor,https://www.tfrrs.org/results/54583/3365753/Roadrunner_Invitational/100-Hurdles,TFRRS all_performances
"Bailey, Kennedy",Baylor,Big 12,100H,2018,1,,,13.77,seconds,Michael Johnson Invitational,2018-04-21,,,1.8,Outdoor,https://www.tfrrs.org/results/52735/3453343/Michael_Johnson_Invitational/100-Hurdles,TFRRS all_performances
"Morrison, Eva",Baylor,Big 12,100H,2018,3,,,15.21,seconds,Michael Johnson Invitational,2018-04-21,,,0.7,Outdoor,https://www.tfrrs.org/results/52735/3453343/Michael_Johnson_Invitational/100-Hurdles,TFRRS all_performances
"Yocum, Sarah",Baylor,Big 12,100H,2018,1,,,14.20,seconds,Michael Johnson Invitational,2018-04-21,,,0.7,Outdoor,https://www.tfrrs.org/results/52735/3453343/Michael_Johnson_Invitational/100-Hurdles,TFRRS all_performances
"Bailey, Kennedy",Baylor,Big 12,100H,2018,1,,,13.84,seconds,National Relay Championships,2018-04-27,,,1.0,Outdoor,https://www.tfrrs.org/results/54177/3473047/National_Relay_Championships/100-Hurdles,TFRRS all_performances
"Yocum, Sarah",Baylor,Big 12,100H,2018,1,,,13.98,seconds,National Relay Championships,2018-04-27,,,1.0,Outdoor,https://www.tfrrs.org/results/54177/3473047/National_Relay_Championships/100-Hurdles,TFRRS all_performances
"Yocum, Sarah",Baylor,Big 12,100H,2018,1,,,14.30,seconds,Big 12 Conference Outdoor Track and Field Championships,2018-05-11,,,0.8,Outdoor,https://www.tfrrs.org/results/56262/3508414/Big_12_Conference_Outdoor_Track_and_Field_Championships/100-Hurdles,TFRRS all_performances
"Frazier, Tasha",Iowa State,Big 12,100H,2018,4,,,14.24,seconds,Florida Relays,2018-03-29,,,0.6,Outdoor,https://www.tfrrs.org/results/53568/3384040/Florida_Relays/100-Hurdles,TFRRS all_performances
"Frazier, Tasha",Iowa State,Big 12,100H,2018,4,,,14.42,seconds,39th Sun Angel Classic,2018-04-05,,,-1.6,Outdoor,https://www.tfrrs.org/results/55897/3405737/39th_Sun_Angel_Classic/100-Hurdles,TFRRS all_performances
"Frazier, Tasha",Iowa State,Big 12,100H,2018,4,,,13.81,seconds,Michael Johnson Invitational,2018-04-21,,,1.8,Outdoor,https://www.tfrrs.org/results/52735/3453343/Michael_Johnson_Invitational/100-Hurdles,TFRRS all_performances
"Frazier, Tasha",Iowa State,Big 12,100H,2018,,,,14.82,seconds,2018 Drake Relays presented by Hy-Vee,2018-04-25,,,-1.5,Outdoor,https://www.tfrrs.org/results/51254/3526446/2018_Drake_Relays_presented_by_Hy-Vee/100-Hurdles,TFRRS all_performances
"Frazier, Tasha",Iowa State,Big 12,100H,2018,,,,14.82,seconds,2018 Drake Relays presented by Hy-Vee,2018-04-25,,,-1.5,Outdoor,https://www.tfrrs.org/results/56763/3475410/2018_Drake_Relays_presented_by_Hy-Vee/100-Hurdles,TFRRS all_performances
"Frazier, Tasha",Iowa State,Big 12,100H,2018,4,,,14.18,seconds,Big 12 Conference Outdoor Track and Field Championships,2018-05-11,,,0.7,Outdoor,https://www.tfrrs.org/results/56262/3508414/Big_12_Conference_Outdoor_Track_and_Field_Championships/100-Hurdles,TFRRS all_performances
"Glenn, Kyla",Texas Tech,Big 12,100H,2018,1,,,14.22,seconds,Home Depot Clyde Littlefield Texas Relays,2018-03-28,,,1.9,Outdoor,https://www.tfrrs.org/results/53836/3382121/Home_Depot_Clyde_Littlefield_Texas_Relays/100-Hurdles,TFRRS all_performances
"Glenn, Kyla",Texas Tech,Big 12,100H,2018,1,,,14.21,seconds,39th Sun Angel Classic,2018-04-05,,,-1.6,Outdoor,https://www.tfrrs.org/results/55897/3405737/39th_Sun_Angel_Classic/100-Hurdles,TFRRS all_performances
"Walker, Ivy",Texas Tech,Big 12,100H,2018,2,,,13.71,seconds,39th Sun Angel Classic,2018-04-05,,,-1.2,Outdoor,https://www.tfrrs.org/results/55897/3405737/39th_Sun_Angel_Classic/100-Hurdles,TFRRS all_performances
"Edwards, G'Auna",Texas Tech,Big 12,100H,2018,1,,,14.07,seconds,2018 Jim Click Shootout,2018-04-07,,,0.2,Outdoor,https://www.tfrrs.org/results/55267/3409681/2018_Jim_Click_Shootout/100-Hurdles,TFRRS all_performances
"Hinton, Kaylee",Texas Tech,Big 12,100H,2018,3,,,13.71,seconds,2018 Jim Click Shootout,2018-04-07,,,-0.6,Outdoor,https://www.tfrrs.org/results/55267/3409681/2018_Jim_Click_Shootout/100-Hurdles,TFRRS all_performances
"Njoku, Rose",Texas Tech,Big 12,100H,2018,2,,,14.27,seconds,2018 Jim Click Shootout,2018-04-07,,,-1.1,Outdoor,https://www.tfrrs.org/results/55267/3409681/2018_Jim_Click_Shootout/100-Hurdles,TFRRS all_performances
"Edwards, G'Auna",Texas Tech,Big 12,100H,2018,1,,,13.86,seconds,Michael Johnson Invitational,2018-04-21,,,0.7,Outdoor,https://www.tfrrs.org/results/52735/3453343/Michael_Johnson_Invitational/100-Hurdles,TFRRS all_performances
"Glenn, Kyla",Texas Tech,Big 12,100H,2018,1,,,13.87,seconds,Michael Johnson Invitational,2018-04-21,,,1.8,Outdoor,https://www.tfrrs.org/results/52735/3453343/Michael_Johnson_Invitational/100-Hurdles,TFRRS all_performances
"Harris, Kaylor",Texas Tech,Big 12,100H,2018,1,,,13.56,seconds,Michael Johnson Invitational,2018-04-21,,,1.1,Outdoor,https://www.tfrrs.org/results/52735/3453343/Michael_Johnson_Invitational/100-Hurdles,TFRRS all_performances
"Hinton, Kaylee",Texas Tech,Big 12,100H,2018,3,,,13.61,seconds,Michael Johnson Invitational,2018-04-21,,,1.1,Outdoor,https://www.tfrrs.org/results/52735/3453343/Michael_Johnson_Invitational/100-Hurdles,TFRRS all_performances
"Njoku, Rose",Texas Tech,Big 12,100H,2018,2,,,13.62,seconds,Michael Johnson Invitational,2018-04-21,,,1.8,Outdoor,https://www.tfrrs.org/results/52735/3453343/Michael_Johnson_Invitational/100-Hurdles,TFRRS all_performances
"Walker, Ivy",Texas Tech,Big 12,100H,2018,2,,,14.35,seconds,Michael Johnson Invitational,2018-04-21,,,1.1,Outdoor,https://www.tfrrs.org/results/52735/3453343/Michael_Johnson_Invitational/100-Hurdles,TFRRS all_performances
"Edwards, G'Auna",Texas Tech,Big 12,100H,2018,1,,,13.96,seconds,Texas Tech Corky/Crofoot Shootout,2018-04-27,,,1.3,Outdoor,https://www.tfrrs.org/results/56741/3472132/Texas_Tech_Corky_Crofoot_Shootout/100-Hurdles,TFRRS all_performances
"Glenn, Kyla",Texas Tech,Big 12,100H,2018,1,,,13.92,seconds,Texas Tech Corky/Crofoot Shootout,2018-04-27,,,1.3,Outdoor,https://www.tfrrs.org/results/56741/3472132/Texas_Tech_Corky_Crofoot_Shootout/100-Hurdles,TFRRS all_performances
"Harris, Kaylor",Texas Tech,Big 12,100H,2018,1,,,13.36,seconds,Texas Tech Corky/Crofoot Shootout,2018-04-27,,,1.3,Outdoor,https://www.tfrrs.org/results/56741/3472132/Texas_Tech_Corky_Crofoot_Shootout/100-Hurdles,TFRRS all_performances
"Hinton, Kaylee",Texas Tech,Big 12,100H,2018,3,,,13.62,seconds,Texas Tech Corky/Crofoot Shootout,2018-04-27,,,1.3,Outdoor,https://www.tfrrs.org/results/56741/3472132/Texas_Tech_Corky_Crofoot_Shootout/100-Hurdles,TFRRS all_performances
"Njoku, Rose",Texas Tech,Big 12,100H,2018,2,,,13.67,seconds,Texas Tech Corky/Crofoot Shootout,2018-04-27,,,1.3,Outdoor,https://www.tfrrs.org/results/56741/3472132/Texas_Tech_Corky_Crofoot_Shootout/100-Hurdles,TFRRS all_performances
"Glenn, Kyla",Texas Tech,Big 12,100H,2018,1,,,13.81,seconds,Texas Tech Masked Rider Invite,2018-05-05,,,1.6,Outdoor,https://www.tfrrs.org/results/56949/3494999/Texas_Tech_Masked_Rider_Invite/100-Hurdles,TFRRS all_performances
"Njoku, Rose",Texas Tech,Big 12,100H,2018,2,,,13.78,seconds,Texas Tech Masked Rider Invite,2018-05-05,,,1.6,Outdoor,https://www.tfrrs.org/results/56949/3494999/Texas_Tech_Masked_Rider_Invite/100-Hurdles,TFRRS all_performances
"Edwards, G'Auna",Texas Tech,Big 12,100H,2018,1,,,13.57,seconds,Big 12 Conference Outdoor Track and Field Championships,2018-05-11,,,0.8,Outdoor,https://www.tfrrs.org/results/56262/3508414/Big_12_Conference_Outdoor_Track_and_Field_Championships/100-Hurdles,TFRRS all_performances
"Harris, Kaylor",Texas Tech,Big 12,100H,2018,1,,,13.39,seconds,Big 12 Conference Outdoor Track and Field Championships,2018-05-11,,,0.2,Outdoor,https://www.tfrrs.org/results/56262/3508414/Big_12_Conference_Outdoor_Track_and_Field_Championships/100-Hurdles,TFRRS all_performances
"Njoku, Rose",Texas Tech,Big 12,100H,2018,2,,,13.47,seconds,Big 12 Conference Outdoor Track and Field Championships,2018-05-11,,,0.2,Outdoor,https://www.tfrrs.org/results/56262/3508414/Big_12_Conference_Outdoor_Track_and_Field_Championships/100-Hurdles,TFRRS all_performances
"Edwards, G'Auna",Texas Tech,Big 12,100H,2018,1,,,14.03,seconds,NCAA West Preliminary Round,2018-05-24,,,1.1,Outdoor,https://www.tfrrs.org/results/57100/3515432/NCAA_West_Preliminary_Round/100-Hurdles,TFRRS all_performances
"Harris, Kaylor",Texas Tech,Big 12,100H,2018,1,,,13.49,seconds,NCAA West Preliminary Round,2018-05-24,,,1.1,Outdoor,https://www.tfrrs.org/results/57100/3515432/NCAA_West_Preliminary_Round/100-Hurdles,TFRRS all_performances
"Harris, Kaylor",Texas Tech,Big 12,100H,2018,1,,,13.60,seconds,NCAA West Preliminary Round,2018-05-24,,,1.5,Outdoor,https://www.tfrrs.org/results/57100/3515432/NCAA_West_Preliminary_Round/100-Hurdles,TFRRS all_performances
"Hinton, Kaylee",Texas Tech,Big 12,100H,2018,3,,,13.71,seconds,NCAA West Preliminary Round,2018-05-24,,,1.1,Outdoor,https://www.tfrrs.org/results/57100/3515432/NCAA_West_Preliminary_Round/100-Hurdles,TFRRS all_performances
"Njoku, Rose",Texas Tech,Big 12,100H,2018,2,,,13.79,seconds,NCAA West Preliminary Round,2018-05-24,,,0.4,Outdoor,https://www.tfrrs.org/results/57100/3515432/NCAA_West_Preliminary_Round/100-Hurdles,TFRRS all_performances
"Jones, Alexis",Illinois,Big Ten,100H,2018,1,,,14.38,seconds,SIU Bill Cornell Spring Classic,2018-03-23,,,0.4,Outdoor,https://www.tfrrs.org/results/54701/3364924/SIU_Bill_Cornell_Spring_Classic/100-Hurdles,TFRRS all_performances
"Kendziera, Brenda",Illinois,Big Ten,100H,2018,2,,,16.89,seconds,SIU Bill Cornell Spring Classic,2018-03-23,,,0.4,Outdoor,https://www.tfrrs.org/results/54701/3364924/SIU_Bill_Cornell_Spring_Classic/100-Hurdles,TFRRS all_performances
"Seay, Maya",Illinois,Big Ten,100H,2018,1,,,15.01,seconds,SIU Bill Cornell Spring Classic,2018-03-23,,,0.9,Outdoor,https://www.tfrrs.org/results/54701/3364924/SIU_Bill_Cornell_Spring_Classic/100-Hurdles,TFRRS all_performances
"Jones, Alexis",Illinois,Big Ten,100H,2018,1,,,14.32,seconds,Ole Miss Classic,2018-03-31,,,-1.2,Outdoor,https://www.tfrrs.org/results/54839/3381453/Ole_Miss_Classic/100-Hurdles,TFRRS all_performances
"Kendziera, Brenda",Illinois,Big Ten,100H,2018,2,,,16.82,seconds,Ole Miss Classic,2018-03-31,,,-1.0,Outdoor,https://www.tfrrs.org/results/54839/3381453/Ole_Miss_Classic/100-Hurdles,TFRRS all_performances
"Seay, Maya",Illinois,Big Ten,100H,2018,1,,,14.30,seconds,Ole Miss Classic,2018-03-31,,,1.1,Outdoor,https://www.tfrrs.org/results/54839/3381453/Ole_Miss_Classic/100-Hurdles,TFRRS all_performances
"Jones, Alexis",Illinois,Big Ten,100H,2018,1,,,14.03,seconds,2018 Jim Click Shootout,2018-04-07,,,1.3,Outdoor,https://www.tfrrs.org/results/55267/3403770/2018_Jim_Click_Shootout/100-Hurdles,TFRRS all_performances
"Seay, Maya",Illinois,Big Ten,100H,2018,1,,,13.88,seconds,2018 Jim Click Shootout,2018-04-07,,,1.3,Outdoor,https://www.tfrrs.org/results/55267/3403770/2018_Jim_Click_Shootout/100-Hurdles,TFRRS all_performances
"Jones, Alexis",Illinois,Big Ten,100H,2018,1,,,14.38,seconds,Mt. SAC Relays,2018-04-19,,,-0.6,Outdoor,https://www.tfrrs.org/results/56509/3454456/Mt_SAC_Relays/100-Hurdles,TFRRS all_performances
"Seay, Maya",Illinois,Big Ten,100H,2018,1,,,14.87,seconds,Mt. SAC Relays,2018-04-19,,,-0.6,Outdoor,https://www.tfrrs.org/results/56509/3454456/Mt_SAC_Relays/100-Hurdles,TFRRS all_performances
"Seay, Maya",Illinois,Big Ten,100H,2018,1,,,15.14,seconds,Beach Invitational,2018-04-20,,,+0.0,Outdoor,https://www.tfrrs.org/results/56487/3458682/Beach_Invitational/100-Hurdles,TFRRS all_performances
"Jones, Alexis",Illinois,Big Ten,100H,2018,,,,14.31,seconds,2018 Drake Relays presented by Hy-Vee,2018-04-25,,,-1.5,Outdoor,https://www.tfrrs.org/results/51254/3526446/2018_Drake_Relays_presented_by_Hy-Vee/100-Hurdles,TFRRS all_performances
"Jones, Alexis",Illinois,Big Ten,100H,2018,,,,14.31,seconds,2018 Drake Relays presented by Hy-Vee,2018-04-25,,,-1.5,Outdoor,https://www.tfrrs.org/results/56763/3475410/2018_Drake_Relays_presented_by_Hy-Vee/100-Hurdles,TFRRS all_performances
"Kendziera, Brenda",Illinois,Big Ten,100H,2018,2,,,17.33,seconds,2018 Kip Janvrin Open,2018-04-26,,,-1.9,Outdoor,https://www.tfrrs.org/results/56742/3472175/2018_Kip_Janvrin_Open/100-Hurdles,TFRRS all_performances
"Jones, Alexis",Illinois,Big Ten,100H,2018,1,,,14.26,seconds,Big Ten Championships,2018-05-11,,,0.9,Outdoor,https://www.tfrrs.org/results/57040/3507805/Big_Ten_Championships/100-Hurdles,TFRRS all_performances
"Seay, Maya",Illinois,Big Ten,100H,2018,1,,,14.07,seconds,Big Ten Championships,2018-05-11,,,-0.2,Outdoor,https://www.tfrrs.org/results/57040/3507805/Big_Ten_Championships/100-Hurdles,TFRRS all_performances
"Freeman, Chanel",Nebraska,Big Ten,100H,2018,3,,,14.25,seconds,Florida Relays,2018-03-29,,,-0.5,Outdoor,https://www.tfrrs.org/results/53568/3384040/Florida_Relays/100-Hurdles,TFRRS all_performances
"Lewis, Raynesha",Nebraska,Big Ten,100H,2018,2,,,14.73,seconds,Florida Relays,2018-03-29,,,1.2,Outdoor,https://www.tfrrs.org/results/53568/3384040/Florida_Relays/100-Hurdles,TFRRS all_performances
"Freeman, Chanel",Nebraska,Big Ten,100H,2018,3,,,13.66,seconds,Kansas Relays,2018-04-18,,,1.8,Outdoor,https://www.tfrrs.org/results/56497/3452082/Kansas_Relays/100-Hurdles,TFRRS all_performances
"Carr, Ashleigh",Nebraska,Big Ten,100H,2018,2,,,14.80,seconds,Texas Tech Corky/Crofoot Shootout,2018-04-27,,,1.9,Outdoor,https://www.tfrrs.org/results/56741/3472132/Texas_Tech_Corky_Crofoot_Shootout/100-Hurdles,TFRRS all_performances
"von Aschwege, Nicole",Nebraska,Big Ten,100H,2018,1,,,15.26,seconds,Texas Tech Corky/Crofoot Shootout,2018-04-27,,,1.9,Outdoor,https://www.tfrrs.org/results/56741/3472132/Texas_Tech_Corky_Crofoot_Shootout/100-Hurdles,TFRRS all_performances
"Freeman, Chanel",Nebraska,Big Ten,100H,2018,3,,,13.96,seconds,2018 Nebraska Invitational,2018-05-05,,,1.6,Outdoor,https://www.tfrrs.org/results/52825/3494179/2018_Nebraska_Invitational/100-Hurdles,TFRRS all_performances
"von Aschwege, Nicole",Nebraska,Big Ten,100H,2018,1,,,15.42,seconds,2018 Nebraska Invitational,2018-05-05,,,1.6,Outdoor,https://www.tfrrs.org/results/52825/3494179/2018_Nebraska_Invitational/100-Hurdles,TFRRS all_performances
"Barge, Jasmine",Nebraska,Big Ten,100H,2018,3,,,13.62,seconds,Big Ten Championships,2018-05-11,,,0.9,Outdoor,https://www.tfrrs.org/results/57040/3507805/Big_Ten_Championships/100-Hurdles,TFRRS all_performances
"Barge, Jasmine",Nebraska,Big Ten,100H,2018,3,,,13.86,seconds,Big Ten Championships,2018-05-11,,,0.4,Outdoor,https://www.tfrrs.org/results/57040/3507805/Big_Ten_Championships/100-Hurdles,TFRRS all_performances
"Foster, Rhesa",Oregon,Big Ten,100H,2018,2,,,14.39,seconds,40th Annual Aztec Invitational,2018-03-24,,,0.6,Outdoor,https://www.tfrrs.org/results/52948/3366236/40th_Annual_Aztec_Invitational/100-Hurdles,TFRRS all_performances
"Greenleaf, Madi",Oregon,Big Ten,100H,2018,4,,,14.81,seconds,40th Annual Aztec Invitational,2018-03-24,,,0.1,Outdoor,https://www.tfrrs.org/results/52948/3366236/40th_Annual_Aztec_Invitational/100-Hurdles,TFRRS all_performances
"Jackson, Khadejah",Oregon,Big Ten,100H,2018,3,,,14.54,seconds,40th Annual Aztec Invitational,2018-03-24,,,0.6,Outdoor,https://www.tfrrs.org/results/52948/3366236/40th_Annual_Aztec_Invitational/100-Hurdles,TFRRS all_performances
"Johnson, Alaysha",Oregon,Big Ten,100H,2018,3,,,13.48,seconds,40th Annual Aztec Invitational,2018-03-24,,,-0.8,Outdoor,https://www.tfrrs.org/results/52948/3366236/40th_Annual_Aztec_Invitational/100-Hurdles,TFRRS all_performances
"McCarrell, Keira",Oregon,Big Ten,100H,2018,1,,,15.26,seconds,40th Annual Aztec Invitational,2018-03-24,,,0.1,Outdoor,https://www.tfrrs.org/results/52948/3366236/40th_Annual_Aztec_Invitational/100-Hurdles,TFRRS all_performances
"O'Connor, Kylee",Oregon,Big Ten,100H,2018,4,,,14.49,seconds,40th Annual Aztec Invitational,2018-03-24,,,0.6,Outdoor,https://www.tfrrs.org/results/52948/3366236/40th_Annual_Aztec_Invitational/100-Hurdles,TFRRS all_performances
"Robinson, Kaylah",Oregon,Big Ten,100H,2018,1,,,14.02,seconds,40th Annual Aztec Invitational,2018-03-24,,,-0.8,Outdoor,https://www.tfrrs.org/results/52948/3366236/40th_Annual_Aztec_Invitational/100-Hurdles,TFRRS all_performances
"McCarrell, Keira",Oregon,Big Ten,100H,2018,1,,,15.34,seconds,Bryan Clay Invitational,2018-04-19,,,-1.0,Outdoor,https://www.tfrrs.org/results/54070/3482326/Bryan_Clay_Invitational/100-Hurdles,TFRRS all_performances
"O'Connor, Kylee",Oregon,Big Ten,100H,2018,4,,,14.39,seconds,Bryan Clay Invitational,2018-04-19,,,0.3,Outdoor,https://www.tfrrs.org/results/54070/3482326/Bryan_Clay_Invitational/100-Hurdles,TFRRS all_performances
"Robinson, Kaylah",Oregon,Big Ten,100H,2018,1,,,13.62,seconds,Mt. SAC Relays,2018-04-19,,,0.4,Outdoor,https://www.tfrrs.org/results/56509/3454456/Mt_SAC_Relays/100-Hurdles,TFRRS all_performances
"Greenleaf, Madi",Oregon,Big Ten,100H,2018,4,,,14.59,seconds,OSU High Performance Meet,2018-04-27,,,1.2,Outdoor,https://www.tfrrs.org/results/56769/3476442/OSU_High_Performance_Meet/100-Hurdles,TFRRS all_performances
"Jackson, Khadejah",Oregon,Big Ten,100H,2018,3,,,14.20,seconds,OSU High Performance Meet,2018-04-27,,,1.2,Outdoor,https://www.tfrrs.org/results/56769/3476442/OSU_High_Performance_Meet/100-Hurdles,TFRRS all_performances
"McCarrell, Keira",Oregon,Big Ten,100H,2018,1,,,14.86,seconds,OSU High Performance Meet,2018-04-27,,,0.8,Outdoor,https://www.tfrrs.org/results/56769/3476442/OSU_High_Performance_Meet/100-Hurdles,TFRRS all_performances
"O'Connor, Kylee",Oregon,Big Ten,100H,2018,4,,,14.21,seconds,OSU High Performance Meet,2018-04-27,,,1.2,Outdoor,https://www.tfrrs.org/results/56769/3476442/OSU_High_Performance_Meet/100-Hurdles,TFRRS all_performances
"Stephen, Keera",Oregon,Big Ten,100H,2018,3,,,14.63,seconds,OSU High Performance Meet,2018-04-27,,,1.2,Outdoor,https://www.tfrrs.org/results/56769/3476442/OSU_High_Performance_Meet/100-Hurdles,TFRRS all_performances
"Foster, Rhesa",Oregon,Big Ten,100H,2018,2,,,14.14,seconds,2018 Desert Heat Classic,2018-04-28,,,1.0,Outdoor,https://www.tfrrs.org/results/56056/3477480/2018_Desert_Heat_Classic/100-Hurdles,TFRRS all_performances
"Johnson, Alaysha",Oregon,Big Ten,100H,2018,3,,,12.75,seconds,2018 Desert Heat Classic,2018-04-28,,,-0.3,Outdoor,https://www.tfrrs.org/results/56056/3477480/2018_Desert_Heat_Classic/100-Hurdles,TFRRS all_performances
"Robinson, Kaylah",Oregon,Big Ten,100H,2018,1,,,13.50,seconds,2018 Desert Heat Classic,2018-04-28,,,-0.3,Outdoor,https://www.tfrrs.org/results/56056/3477480/2018_Desert_Heat_Classic/100-Hurdles,TFRRS all_performances
"O'Connor, Kylee",Oregon,Big Ten,100H,2018,4,,,14.29,seconds,Pac-12 Combined Events Championships,2018-05-05,,,+0.0,Outdoor,https://www.tfrrs.org/results/55279/3496639/Pac-12_Combined_Events_Championships/100-Hurdles,TFRRS all_performances
"Johnson, Alaysha",Oregon,Big Ten,100H,2018,3,,,13.02,seconds,2018 Pac-12 Track & Field Championships,2018-05-12,,,1.7,Outdoor,https://www.tfrrs.org/results/55278/3508259/2018_Pac-12_Track__Field_Championships/100-Hurdles,TFRRS all_performances
"O'Connor, Kylee",Oregon,Big Ten,100H,2018,4,,,14.29,seconds,2018 Pac-12 Track & Field Championships,2018-05-12,,,+0.0,Outdoor,https://www.tfrrs.org/results/55278/3508264/2018_Pac-12_Track__Field_Championships/100-Hurdles,TFRRS all_performances
"Robinson, Kaylah",Oregon,Big Ten,100H,2018,1,,,13.24,seconds,2018 Pac-12 Track & Field Championships,2018-05-12,,,1.7,Outdoor,https://www.tfrrs.org/results/55278/3508259/2018_Pac-12_Track__Field_Championships/100-Hurdles,TFRRS all_performances
"Johnson, Alaysha",Oregon,Big Ten,100H,2018,3,,,12.96,seconds,NCAA West Preliminary Round,2018-05-24,,,1.5,Outdoor,https://www.tfrrs.org/results/57100/3515432/NCAA_West_Preliminary_Round/100-Hurdles,TFRRS all_performances
"Johnson, Alaysha",Oregon,Big Ten,100H,2018,3,,,13.05,seconds,NCAA West Preliminary Round,2018-05-24,,,1.4,Outdoor,https://www.tfrrs.org/results/57100/3515432/NCAA_West_Preliminary_Round/100-Hurdles,TFRRS all_performances
"Robinson, Kaylah",Oregon,Big Ten,100H,2018,1,,,14.07,seconds,NCAA West Preliminary Round,2018-05-24,,,1.1,Outdoor,https://www.tfrrs.org/results/57100/3515432/NCAA_West_Preliminary_Round/100-Hurdles,TFRRS all_performances
"Johnson, Alaysha",Oregon,Big Ten,100H,2018,3,,,12.70,seconds,NCAA Division I Outdoor Championships,2018-06-06,,,2.0,Outdoor,https://www.tfrrs.org/results/57114/3516387/NCAA_Division_I_Outdoor_Championships/100-Hurdles,TFRRS all_performances
"Johnson, Alaysha",Oregon,Big Ten,100H,2018,3,,,13.22,seconds,NCAA Division I Outdoor Championships,2018-06-06,,,0.9,Outdoor,https://www.tfrrs.org/results/57114/3516387/NCAA_Division_I_Outdoor_Championships/100-Hurdles,TFRRS all_performances
"Lopes, Lyndsey",USC,Big Ten,100H,2018,3,,,13.85,seconds,Beach Opener,2018-03-03,,,0.6,Outdoor,https://www.tfrrs.org/results/54529/3325429/Beach_Opener/100-Hurdles,TFRRS all_performances
"Robinson, Shante",USC,Big Ten,100H,2018,1,,,14.08,seconds,Beach Opener,2018-03-03,,,0.6,Outdoor,https://www.tfrrs.org/results/54529/3325429/Beach_Opener/100-Hurdles,TFRRS all_performances
"Brissett, Chanel",USC,Big Ten,100H,2018,1,,,13.07,seconds,USC Power 5 Challenge,2018-03-23,,,0.8,Outdoor,https://www.tfrrs.org/results/55249/3365648/USC_Power_5_Challenge/100-Hurdles,TFRRS all_performances
"Cockrell, Anna",USC,Big Ten,100H,2018,2,,,13.02,seconds,USC Power 5 Challenge,2018-03-23,,,0.8,Outdoor,https://www.tfrrs.org/results/55249/3365648/USC_Power_5_Challenge/100-Hurdles,TFRRS all_performances
"Hall, Dior",USC,Big Ten,100H,2018,3,,,13.07,seconds,USC Power 5 Challenge,2018-03-23,,,0.8,Outdoor,https://www.tfrrs.org/results/55249/3365648/USC_Power_5_Challenge/100-Hurdles,TFRRS all_performances
"Lopes, Lyndsey",USC,Big Ten,100H,2018,3,,,13.86,seconds,USC Power 5 Challenge,2018-03-23,,,0.8,Outdoor,https://www.tfrrs.org/results/55249/3365648/USC_Power_5_Challenge/100-Hurdles,TFRRS all_performances
"Brissett, Chanel",USC,Big Ten,100H,2018,1,,,13.22,seconds,39th Sun Angel Classic,2018-04-05,,,-0.9,Outdoor,https://www.tfrrs.org/results/55897/3405737/39th_Sun_Angel_Classic/100-Hurdles,TFRRS all_performances
"Cockrell, Anna",USC,Big Ten,100H,2018,2,,,12.89,seconds,39th Sun Angel Classic,2018-04-05,,,-0.9,Outdoor,https://www.tfrrs.org/results/55897/3405737/39th_Sun_Angel_Classic/100-Hurdles,TFRRS all_performances
"Hall, Dior",USC,Big Ten,100H,2018,3,,,13.02,seconds,39th Sun Angel Classic,2018-04-05,,,-0.9,Outdoor,https://www.tfrrs.org/results/55897/3405737/39th_Sun_Angel_Classic/100-Hurdles,TFRRS all_performances
"McGlaston, Mecca",USC,Big Ten,100H,2018,2,,,13.58,seconds,39th Sun Angel Classic,2018-04-05,,,-1.2,Outdoor,https://www.tfrrs.org/results/55897/3405737/39th_Sun_Angel_Classic/100-Hurdles,TFRRS all_performances
"Lopes, Lyndsey",USC,Big Ten,100H,2018,3,,,13.58,seconds,SAM ADAMS COMBINED EVENTS INVITATIONAL,2018-04-06,,,0.3,Outdoor,https://www.tfrrs.org/results/53879/3404664/SAM_ADAMS_COMBINED_EVENTS_INVITATIONAL/100-Hurdles,TFRRS all_performances
"Brissett, Chanel",USC,Big Ten,100H,2018,1,,,12.94,seconds,Mt. SAC Relays,2018-04-19,,,1.9,Outdoor,https://www.tfrrs.org/results/56509/3454498/Mt_SAC_Relays/100-Hurdles,TFRRS all_performances
"Cockrell, Anna",USC,Big Ten,100H,2018,2,,,12.89,seconds,Mt. SAC Relays,2018-04-19,,,1.5,Outdoor,https://www.tfrrs.org/results/56509/3454498/Mt_SAC_Relays/100-Hurdles,TFRRS all_performances
"Hall, Dior",USC,Big Ten,100H,2018,3,,,12.85,seconds,Mt. SAC Relays,2018-04-19,,,1.5,Outdoor,https://www.tfrrs.org/results/56509/3454498/Mt_SAC_Relays/100-Hurdles,TFRRS all_performances
"Lopes, Lyndsey",USC,Big Ten,100H,2018,3,,,13.65,seconds,Mt. SAC Relays,2018-04-19,,,1.5,Outdoor,https://www.tfrrs.org/results/56509/3454456/Mt_SAC_Relays/100-Hurdles,TFRRS all_performances
"McGlaston, Mecca",USC,Big Ten,100H,2018,2,,,13.52,seconds,Mt. SAC Relays,2018-04-19,,,0.4,Outdoor,https://www.tfrrs.org/results/56509/3454456/Mt_SAC_Relays/100-Hurdles,TFRRS all_performances
"Brissett, Chanel",USC,Big Ten,100H,2018,1,,,13.34,seconds,UCLA vs. USC Dual,2018-04-29,,,-2.4,Outdoor,https://www.tfrrs.org/results/56382/3479603/UCLA_vs_USC_Dual/100-Hurdles,TFRRS all_performances
"Hall, Dior",USC,Big Ten,100H,2018,3,,,13.11,seconds,UCLA vs. USC Dual,2018-04-29,,,-2.4,Outdoor,https://www.tfrrs.org/results/56382/3479603/UCLA_vs_USC_Dual/100-Hurdles,TFRRS all_performances
"McGlaston, Mecca",USC,Big Ten,100H,2018,2,,,13.32,seconds,UCLA vs. USC Dual,2018-04-29,,,-2.4,Outdoor,https://www.tfrrs.org/results/56382/3479603/UCLA_vs_USC_Dual/100-Hurdles,TFRRS all_performances
"Lopes, Lyndsey",USC,Big Ten,100H,2018,3,,,13.63,seconds,Pac-12 Combined Events Championships,2018-05-05,,,0.8,Outdoor,https://www.tfrrs.org/results/55279/3496639/Pac-12_Combined_Events_Championships/100-Hurdles,TFRRS all_performances
"Brissett, Chanel",USC,Big Ten,100H,2018,1,,,12.75,seconds,2018 Pac-12 Track & Field Championships,2018-05-12,,,1.7,Outdoor,https://www.tfrrs.org/results/55278/3508259/2018_Pac-12_Track__Field_Championships/100-Hurdles,TFRRS all_performances
"Cockrell, Anna",USC,Big Ten,100H,2018,2,,,12.88,seconds,2018 Pac-12 Track & Field Championships,2018-05-12,,,1.7,Outdoor,https://www.tfrrs.org/results/55278/3508259/2018_Pac-12_Track__Field_Championships/100-Hurdles,TFRRS all_performances
"Hall, Dior",USC,Big Ten,100H,2018,3,,,12.83,seconds,2018 Pac-12 Track & Field Championships,2018-05-12,,,1.7,Outdoor,https://www.tfrrs.org/results/55278/3508259/2018_Pac-12_Track__Field_Championships/100-Hurdles,TFRRS all_performances
"Lopes, Lyndsey",USC,Big Ten,100H,2018,3,,,13.49,seconds,2018 Pac-12 Track & Field Championships,2018-05-12,,,1.7,Outdoor,https://www.tfrrs.org/results/55278/3508259/2018_Pac-12_Track__Field_Championships/100-Hurdles,TFRRS all_performances
"Lopes, Lyndsey",USC,Big Ten,100H,2018,3,,,13.63,seconds,2018 Pac-12 Track & Field Championships,2018-05-12,,,0.8,Outdoor,https://www.tfrrs.org/results/55278/3508264/2018_Pac-12_Track__Field_Championships/100-Hurdles,TFRRS all_performances
"McGlaston, Mecca",USC,Big Ten,100H,2018,2,,,13.06,seconds,2018 Pac-12 Track & Field Championships,2018-05-12,,,1.7,Outdoor,https://www.tfrrs.org/results/55278/3508259/2018_Pac-12_Track__Field_Championships/100-Hurdles,TFRRS all_performances
"Brissett, Chanel",USC,Big Ten,100H,2018,1,,,12.86,seconds,NCAA West Preliminary Round,2018-05-24,,,1.5,Outdoor,https://www.tfrrs.org/results/57100/3515432/NCAA_West_Preliminary_Round/100-Hurdles,TFRRS all_performances
"Brissett, Chanel",USC,Big Ten,100H,2018,1,,,13.08,seconds,NCAA West Preliminary Round,2018-05-24,,,0.4,Outdoor,https://www.tfrrs.org/results/57100/3515432/NCAA_West_Preliminary_Round/100-Hurdles,TFRRS all_performances
"Cockrell, Anna",USC,Big Ten,100H,2018,2,,,13.05,seconds,NCAA West Preliminary Round,2018-05-24,,,+0.0,Outdoor,https://www.tfrrs.org/results/57100/3515432/NCAA_West_Preliminary_Round/100-Hurdles,TFRRS all_performances
"Hall, Dior",USC,Big Ten,100H,2018,3,,,13.03,seconds,NCAA West Preliminary Round,2018-05-24,,,+0.0,Outdoor,https://www.tfrrs.org/results/57100/3515432/NCAA_West_Preliminary_Round/100-Hurdles,TFRRS all_performances
"Lopes, Lyndsey",USC,Big Ten,100H,2018,3,,,13.65,seconds,NCAA West Preliminary Round,2018-05-24,,,1.1,Outdoor,https://www.tfrrs.org/results/57100/3515432/NCAA_West_Preliminary_Round/100-Hurdles,TFRRS all_performances
"McGlaston, Mecca",USC,Big Ten,100H,2018,2,,,13.28,seconds,NCAA West Preliminary Round,2018-05-24,,,1.4,Outdoor,https://www.tfrrs.org/results/57100/3515432/NCAA_West_Preliminary_Round/100-Hurdles,TFRRS all_performances
"Brissett, Chanel",USC,Big Ten,100H,2018,1,,,13.02,seconds,NCAA Division I Outdoor Championships,2018-06-06,,,1.4,Outdoor,https://www.tfrrs.org/results/57114/3516387/NCAA_Division_I_Outdoor_Championships/100-Hurdles,TFRRS all_performances
"Cockrell, Anna",USC,Big Ten,100H,2018,2,,,12.88,seconds,NCAA Division I Outdoor Championships,2018-06-06,,,1.4,Outdoor,https://www.tfrrs.org/results/57114/3516387/NCAA_Division_I_Outdoor_Championships/100-Hurdles,TFRRS all_performances
"Hall, Dior",USC,Big Ten,100H,2018,3,,,13.05,seconds,NCAA Division I Outdoor Championships,2018-06-06,,,1.7,Outdoor,https://www.tfrrs.org/results/57114/3516387/NCAA_Division_I_Outdoor_Championships/100-Hurdles,TFRRS all_performances
"Lopes, Lyndsey",USC,Big Ten,100H,2018,3,,,13.48,seconds,NCAA Division I Outdoor Championships,2018-06-06,,,1.4,Outdoor,https://www.tfrrs.org/results/57114/3516790/NCAA_Division_I_Outdoor_Championships/100-Hurdles,TFRRS all_performances
"McGlaston, Mecca",USC,Big Ten,100H,2018,2,,,12.98,seconds,NCAA Division I Outdoor Championships,2018-06-06,,,2.0,Outdoor,https://www.tfrrs.org/results/57114/3516387/NCAA_Division_I_Outdoor_Championships/100-Hurdles,TFRRS all_performances
"Hill, Morganne",Washington,Big Ten,100H,2018,2,,,14.66,seconds,Stanford Invitational,2018-03-30,,,1.3,Outdoor,https://www.tfrrs.org/results/55549/3384184/Stanford_Invitational/100-Hurdles,TFRRS all_performances
"Mills, Darhian",Washington,Big Ten,100H,2018,2,,,14.23,seconds,Stanford Invitational,2018-03-30,,,-0.6,Outdoor,https://www.tfrrs.org/results/55549/3384184/Stanford_Invitational/100-Hurdles,TFRRS all_performances
"Budinich, Ericka",Washington,Big Ten,100H,2018,4,,,16.63,seconds,Spokane Multi 2018,2018-04-10,,,0.2,Outdoor,https://www.tfrrs.org/results/54831/3508813/Spokane_Multi_2018/100-Hurdles,TFRRS all_performances
"Jones-Toutant, Elinor",Washington,Big Ten,100H,2018,2,,,14.94,seconds,Spokane Multi 2018,2018-04-10,,,1.7,Outdoor,https://www.tfrrs.org/results/54831/3508813/Spokane_Multi_2018/100-Hurdles,TFRRS all_performances
"Hill, Morganne",Washington,Big Ten,100H,2018,2,,,14.11,seconds,Mt. SAC Relays,2018-04-19,,,1.0,Outdoor,https://www.tfrrs.org/results/56509/3454456/Mt_SAC_Relays/100-Hurdles,TFRRS all_performances
"Hill, Morganne",Washington,Big Ten,100H,2018,2,,,14.15,seconds,Beach Invitational,2018-04-20,,,1.6,Outdoor,https://www.tfrrs.org/results/56487/3458682/Beach_Invitational/100-Hurdles,TFRRS all_performances
"Rusnak, Hannah",Washington,Big Ten,100H,2018,1,,,14.32,seconds,Beach Invitational,2018-04-20,,,0.6,Outdoor,https://www.tfrrs.org/results/56487/3458682/Beach_Invitational/100-Hurdles,TFRRS all_performances
"Hill, Morganne",Washington,Big Ten,100H,2018,2,,,14.07,seconds,WSU-UW Dual,2018-04-28,,,-0.1,Outdoor,https://www.tfrrs.org/results/56143/3476149/WSU-UW_Dual/100-Hurdles,TFRRS all_performances
"Jones-Toutant, Elinor",Washington,Big Ten,100H,2018,2,,,15.24,seconds,WSU-UW Dual,2018-04-28,,,-0.1,Outdoor,https://www.tfrrs.org/results/56143/3476149/WSU-UW_Dual/100-Hurdles,TFRRS all_performances
"Mills, Darhian",Washington,Big Ten,100H,2018,2,,,14.30,seconds,WSU-UW Dual,2018-04-28,,,-0.1,Outdoor,https://www.tfrrs.org/results/56143/3476149/WSU-UW_Dual/100-Hurdles,TFRRS all_performances
"Rusnak, Hannah",Washington,Big Ten,100H,2018,1,,,14.50,seconds,WSU-UW Dual,2018-04-28,,,-0.1,Outdoor,https://www.tfrrs.org/results/56143/3476149/WSU-UW_Dual/100-Hurdles,TFRRS all_performances
"Rusnak, Hannah",Washington,Big Ten,100H,2018,1,,,14.27,seconds,Pac-12 Combined Events Championships,2018-05-05,,,+0.0,Outdoor,https://www.tfrrs.org/results/55279/3496639/Pac-12_Combined_Events_Championships/100-Hurdles,TFRRS all_performances
"Rusnak, Hannah",Washington,Big Ten,100H,2018,1,,,14.27,seconds,2018 Pac-12 Track & Field Championships,2018-05-12,,,+0.0,Outdoor,https://www.tfrrs.org/results/55278/3508264/2018_Pac-12_Track__Field_Championships/100-Hurdles,TFRRS all_performances
"Johnson, Brandee",Florida,SEC,100H,2018,2,,,13.81,seconds,FSU Relays,2018-03-23,,,0.2,Outdoor,https://www.tfrrs.org/results/55228/3362601/FSU_Relays/100-Hurdles,TFRRS all_performances
"Mitchell, Timetria",Florida,SEC,100H,2018,1,,,14.04,seconds,FSU Relays,2018-03-23,,,0.2,Outdoor,https://www.tfrrs.org/results/55228/3362601/FSU_Relays/100-Hurdles,TFRRS all_performances
"Froeynes, Amanda",Florida,SEC,100H,2018,1,,,14.38,seconds,Home Depot Clyde Littlefield Texas Relays,2018-03-28,,,0.4,Outdoor,https://www.tfrrs.org/results/53836/3434948/Home_Depot_Clyde_Littlefield_Texas_Relays/100-Hurdles,TFRRS all_performances
"Stephens, Nikki",Florida,SEC,100H,2018,1,,,13.99,seconds,Home Depot Clyde Littlefield Texas Relays,2018-03-28,,,1.0,Outdoor,https://www.tfrrs.org/results/53836/3434948/Home_Depot_Clyde_Littlefield_Texas_Relays/100-Hurdles,TFRRS all_performances
"Johnson, Brandee",Florida,SEC,100H,2018,2,,,13.53,seconds,Florida Relays,2018-03-29,,,-0.5,Outdoor,https://www.tfrrs.org/results/53568/3384040/Florida_Relays/100-Hurdles,TFRRS all_performances
"Mitchell, Timetria",Florida,SEC,100H,2018,1,,,14.14,seconds,Florida Relays,2018-03-29,,,0.4,Outdoor,https://www.tfrrs.org/results/53568/3384040/Florida_Relays/100-Hurdles,TFRRS all_performances
"Froeynes, Amanda",Florida,SEC,100H,2018,1,,,14.67,seconds,UF Tom Jones Memorial,2018-04-13,,,1.1,Outdoor,https://www.tfrrs.org/results/53752/3428937/UF_Tom_Jones_Memorial/100-Hurdles,TFRRS all_performances
"Johnson, Brandee",Florida,SEC,100H,2018,2,,,13.21,seconds,UF Tom Jones Memorial,2018-04-13,,,1.8,Outdoor,https://www.tfrrs.org/results/53752/3428937/UF_Tom_Jones_Memorial/100-Hurdles,TFRRS all_performances
"Johnson, Brandee",Florida,SEC,100H,2018,2,,,13.33,seconds,UF Tom Jones Memorial,2018-04-13,,,1.1,Outdoor,https://www.tfrrs.org/results/53752/3428937/UF_Tom_Jones_Memorial/100-Hurdles,TFRRS all_performances
"Mitchell, Timetria",Florida,SEC,100H,2018,1,,,13.68,seconds,UF Tom Jones Memorial,2018-04-13,,,1.4,Outdoor,https://www.tfrrs.org/results/53752/3428937/UF_Tom_Jones_Memorial/100-Hurdles,TFRRS all_performances
"Mitchell, Timetria",Florida,SEC,100H,2018,1,,,13.90,seconds,UF Tom Jones Memorial,2018-04-13,,,1.8,Outdoor,https://www.tfrrs.org/results/53752/3428937/UF_Tom_Jones_Memorial/100-Hurdles,TFRRS all_performances
"Froeynes, Amanda",Florida,SEC,100H,2018,1,,,14.26,seconds,National Relay Championships,2018-04-27,,,1.8,Outdoor,https://www.tfrrs.org/results/54177/3473047/National_Relay_Championships/100-Hurdles,TFRRS all_performances
"Johnson, Brandee",Florida,SEC,100H,2018,2,,,13.23,seconds,National Relay Championships,2018-04-27,Final,8.0,2.1,Outdoor,https://tf.tfrrs.org/athletes/6099859/Florida/Brandee_Johnson.html,legacy_source_needs_review
"Mitchell, Timetria",Florida,SEC,100H,2018,1,,,13.74,seconds,National Relay Championships,2018-04-27,Final,13.0,2.1,Outdoor,https://www.tfrrs.org/athletes/6099861/Florida/Timetria_Mitchell.html,legacy_source_needs_review
"Froeynes, Amanda",Florida,SEC,100H,2018,1,,,14.32,seconds,SEC Outdoor Track and Field Championships,2018-05-11,,,2.0,Outdoor,https://www.tfrrs.org/results/56302/3508619/SEC_Outdoor_Track_and_Field_Championships/100-Hurdles,TFRRS all_performances
"Johnson, Brandee",Florida,SEC,100H,2018,2,,,13.93,seconds,SEC Outdoor Track and Field Championships,2018-05-11,,,1.3,Outdoor,https://www.tfrrs.org/results/56302/3508666/SEC_Outdoor_Track_and_Field_Championships/100-Hurdles,TFRRS all_performances
"Mitchell, Timetria",Florida,SEC,100H,2018,1,,,13.50,seconds,SEC Outdoor Track and Field Championships,2018-05-11,,,1.3,Outdoor,https://www.tfrrs.org/results/56302/3508666/SEC_Outdoor_Track_and_Field_Championships/100-Hurdles,TFRRS all_performances
"Johnson, Brandee",Florida,SEC,100H,2018,2,,,13.17,seconds,NCAA East Preliminary Round,2018-05-24,First Round,9.0,2.1,Outdoor,https://tf.tfrrs.org/athletes/6099859/Florida/Brandee_Johnson.html,legacy_source_needs_review
"Johnson, Brandee",Florida,SEC,100H,2018,2,,,13.90,seconds,NCAA East Preliminary Round,2018-05-24,,,-0.3,Outdoor,https://www.tfrrs.org/results/57099/3515282/NCAA_East_Preliminary_Round/100-Hurdles,TFRRS all_performances
"Mitchell, Timetria",Florida,SEC,100H,2018,1,,,13.61,seconds,NCAA East Preliminary Round,2018-05-24,,,0.3,Outdoor,https://www.tfrrs.org/results/57099/3515282/NCAA_East_Preliminary_Round/100-Hurdles,TFRRS all_performances
"Froeynes, Amanda",Florida,SEC,100H,2018,1,,,14.27,seconds,NCAA Division I Outdoor Championships,2018-06-06,,,0.9,Outdoor,https://www.tfrrs.org/results/57114/3516790/NCAA_Division_I_Outdoor_Championships/100-Hurdles,TFRRS all_performances
"Davis, Tara",Georgia,SEC,100H,2018,1,,,13.04,seconds,Texas Relays,2018-03-29,Final,,3.2,Outdoor,https://www.tfrrs.org/athletes/6534782/Georgia/Tara_Davis,legacy_source_needs_review
"Davis, Tara",Georgia,SEC,100H,2018,1,,,13.27,seconds,Spec Towns Invitational,2018-04-06,,,1.2,Outdoor,https://www.tfrrs.org/results/55891/3403436/Spec_Towns_Invitational/100-Hurdles,TFRRS all_performances
"Grauvogel, Louisa",Georgia,SEC,100H,2018,2,,,13.16,seconds,Spec Towns Invitational,2018-04-06,,,0.4,Outdoor,https://www.tfrrs.org/results/55891/3435623/Spec_Towns_Invitational/100-Hurdles,TFRRS all_performances
"Johnson, Aliyah",Georgia,SEC,100H,2018,3,,,14.10,seconds,Spec Towns Invitational,2018-04-06,,,0.4,Outdoor,https://www.tfrrs.org/results/55891/3435623/Spec_Towns_Invitational/100-Hurdles,TFRRS all_performances
"Terry, Mary",Georgia,SEC,100H,2018,3,,,15.47,seconds,Spec Towns Invitational,2018-04-06,,,0.6,Outdoor,https://www.tfrrs.org/results/55891/3435623/Spec_Towns_Invitational/100-Hurdles,TFRRS all_performances
"Davis, Tara",Georgia,SEC,100H,2018,1,,,13.17,seconds,Mt. SAC Relays,2018-04-19,,,1.9,Outdoor,https://www.tfrrs.org/results/56509/3454498/Mt_SAC_Relays/100-Hurdles,TFRRS all_performances
"Grauvogel, Louisa",Georgia,SEC,100H,2018,2,,,13.41,seconds,Mt. SAC Relays,2018-04-19,,,1.5,Outdoor,https://www.tfrrs.org/results/56509/3454456/Mt_SAC_Relays/100-Hurdles,TFRRS all_performances
"Davis, Tara",Georgia,SEC,100H,2018,1,,,13.21,seconds,SEC Outdoor Track and Field Championships,2018-05-11,,,1.6,Outdoor,https://www.tfrrs.org/results/56302/3508666/SEC_Outdoor_Track_and_Field_Championships/100-Hurdles,TFRRS all_performances
"Grauvogel, Louisa",Georgia,SEC,100H,2018,2,,,13.12,seconds,SEC Outdoor Track and Field Championships,2018-05-11,,,0.8,Outdoor,https://www.tfrrs.org/results/56302/3508666/SEC_Outdoor_Track_and_Field_Championships/100-Hurdles,TFRRS all_performances
"Grauvogel, Louisa",Georgia,SEC,100H,2018,2,,,13.21,seconds,SEC Outdoor Track and Field Championships,2018-05-11,,,1.2,Outdoor,https://www.tfrrs.org/results/56302/3508666/SEC_Outdoor_Track_and_Field_Championships/100-Hurdles,TFRRS all_performances
"Davis, Tara",Georgia,SEC,100H,2018,1,,,13.16,seconds,NCAA East Preliminary Round,2018-05-24,,,-0.3,Outdoor,https://www.tfrrs.org/results/57099/3515282/NCAA_East_Preliminary_Round/100-Hurdles,TFRRS all_performances
"Davis, Tara",Georgia,SEC,100H,2018,1,,,13.26,seconds,NCAA East Preliminary Round,2018-05-24,,,0.7,Outdoor,https://www.tfrrs.org/results/57099/3515282/NCAA_East_Preliminary_Round/100-Hurdles,TFRRS all_performances
"Davis, Tara",Georgia,SEC,100H,2018,1,,,13.09,seconds,NCAA Division I Outdoor Championships,2018-06-06,,,2.0,Outdoor,https://www.tfrrs.org/results/57114/3516387/NCAA_Division_I_Outdoor_Championships/100-Hurdles,TFRRS all_performances
"Grauvogel, Louisa",Georgia,SEC,100H,2018,2,,,12.95,seconds,NCAA Division I Outdoor Championships,2018-06-06,,,2.0,Outdoor,https://www.tfrrs.org/results/57114/3516790/NCAA_Division_I_Outdoor_Championships/100-Hurdles,TFRRS all_performances
"Howell, Jacklyn",Kentucky,SEC,100H,2018,4,,,13.41,seconds,UCF Black and Gold Challenge,2018-03-16,,,-0.6,Outdoor,https://www.tfrrs.org/results/52465/3347735/UCF_Black_and_Gold_Challenge/100-Hurdles,TFRRS all_performances
"Ross, Faith",Kentucky,SEC,100H,2018,2,,,13.86,seconds,UCF Black and Gold Challenge,2018-03-16,,,-0.6,Outdoor,https://www.tfrrs.org/results/52465/3347735/UCF_Black_and_Gold_Challenge/100-Hurdles,TFRRS all_performances
"Camacho-Quinn, Jasmine",Kentucky,SEC,100H,2018,3,,,12.77,seconds,Florida Relays,2018-03-29,,,-0.8,Outdoor,https://www.tfrrs.org/results/53568/3384040/Florida_Relays/100-Hurdles,TFRRS all_performances
"Howell, Jacklyn",Kentucky,SEC,100H,2018,4,,,13.41,seconds,Florida Relays,2018-03-29,,,-0.8,Outdoor,https://www.tfrrs.org/results/53568/3384040/Florida_Relays/100-Hurdles,TFRRS all_performances
"Ross, Faith",Kentucky,SEC,100H,2018,2,,,13.72,seconds,Florida Relays,2018-03-29,,,0.8,Outdoor,https://www.tfrrs.org/results/53568/3384040/Florida_Relays/100-Hurdles,TFRRS all_performances
"Howell, Jacklyn",Kentucky,SEC,100H,2018,4,,,13.34,seconds,Spec Towns Invitational,2018-04-06,,,1.2,Outdoor,https://www.tfrrs.org/results/55891/3403436/Spec_Towns_Invitational/100-Hurdles,TFRRS all_performances
"Howell, Jacklyn",Kentucky,SEC,100H,2018,4,,,12.93,seconds,Tennessee Relays,2018-04-12,Final,,3.1,Outdoor,https://www.tfrrs.org/athletes/5116165,legacy_source_needs_review
"Camacho-Quinn, Jasmine",Kentucky,SEC,100H,2018,3,,,12.53,seconds,National Relay Championships,2018-04-27,Final,,2.6,Outdoor,https://tf.tfrrs.org/athletes/5602993/Kentucky/Jasmine_Camacho-Quinn.html,legacy_source_needs_review
"Howell, Jacklyn",Kentucky,SEC,100H,2018,4,,,12.94,seconds,National Relay Championships,2018-04-27,Final,,2.6,Outdoor,https://www.tfrrs.org/athletes/5116165,legacy_source_needs_review
"Camacho-Quinn, Jasmine",Kentucky,SEC,100H,2018,3,,,12.40,seconds,SEC Outdoor Track and Field Championships,2018-05-11,,,1.2,Outdoor,https://www.tfrrs.org/results/56302/3508666/SEC_Outdoor_Track_and_Field_Championships/100-Hurdles,TFRRS all_performances
"Camacho-Quinn, Jasmine",Kentucky,SEC,100H,2018,3,,,12.58,seconds,SEC Outdoor Track and Field Championships,2018-05-11,,,1.6,Outdoor,https://www.tfrrs.org/results/56302/3508666/SEC_Outdoor_Track_and_Field_Championships/100-Hurdles,TFRRS all_performances
"Howell, Jacklyn",Kentucky,SEC,100H,2018,4,,,12.93,seconds,SEC Outdoor Track and Field Championships,2018-05-11,,,1.6,Outdoor,https://www.tfrrs.org/results/56302/3508666/SEC_Outdoor_Track_and_Field_Championships/100-Hurdles,TFRRS all_performances
"Howell, Jacklyn",Kentucky,SEC,100H,2018,4,,,13.13,seconds,SEC Outdoor Track and Field Championships,2018-05-11,,,1.2,Outdoor,https://www.tfrrs.org/results/56302/3508666/SEC_Outdoor_Track_and_Field_Championships/100-Hurdles,TFRRS all_performances
"Camacho-Quinn, Jasmine",Kentucky,SEC,100H,2018,3,,,12.60,seconds,NCAA East Preliminary Round,2018-05-24,,,0.7,Outdoor,https://www.tfrrs.org/results/57099/3515282/NCAA_East_Preliminary_Round/100-Hurdles,TFRRS all_performances
"Camacho-Quinn, Jasmine",Kentucky,SEC,100H,2018,3,,,12.90,seconds,NCAA East Preliminary Round,2018-05-24,,,-0.1,Outdoor,https://www.tfrrs.org/results/57099/3515282/NCAA_East_Preliminary_Round/100-Hurdles,TFRRS all_performances
"Howell, Jacklyn",Kentucky,SEC,100H,2018,4,,,13.48,seconds,NCAA East Preliminary Round,2018-05-24,,,-0.1,Outdoor,https://www.tfrrs.org/results/57099/3515282/NCAA_East_Preliminary_Round/100-Hurdles,TFRRS all_performances
"Howell, Jacklyn",Kentucky,SEC,100H,2018,4,,,13.05,seconds,NCAA East Preliminary Round,2018-05-26,Quarterfinal,,2.5,Outdoor,https://www.tfrrs.org/athletes/5116165,legacy_source_needs_review
"Camacho-Quinn, Jasmine",Kentucky,SEC,100H,2018,3,,,12.54,seconds,NCAA Division I Outdoor Championships,2018-06-06,,,2.0,Outdoor,https://www.tfrrs.org/results/57114/3516387/NCAA_Division_I_Outdoor_Championships/100-Hurdles,TFRRS all_performances
"Camacho-Quinn, Jasmine",Kentucky,SEC,100H,2018,3,,,12.70,seconds,NCAA Division I Outdoor Championships,2018-06-06,,,0.9,Outdoor,https://www.tfrrs.org/results/57114/3516387/NCAA_Division_I_Outdoor_Championships/100-Hurdles,TFRRS all_performances
"Little , Caitlyn",South Carolina,SEC,100H,2018,1,,,14.19,seconds,UCF Black and Gold Challenge,2018-03-16,,,-0.6,Outdoor,https://www.tfrrs.org/results/52465/3347735/UCF_Black_and_Gold_Challenge/100-Hurdles,TFRRS all_performances
"Oluwole, Funlayo",South Carolina,SEC,100H,2018,3,,,14.64,seconds,UCF Black and Gold Challenge,2018-03-16,,,-0.6,Outdoor,https://www.tfrrs.org/results/52465/3347735/UCF_Black_and_Gold_Challenge/100-Hurdles,TFRRS all_performances
"Little , Caitlyn",South Carolina,SEC,100H,2018,1,,,13.59,seconds,Weems Baskin Relays,2018-03-23,,,1.1,Outdoor,https://www.tfrrs.org/results/53411/3366116/Weems_Baskin_Relays/100-Hurdles,TFRRS all_performances
"Oluwole, Funlayo",South Carolina,SEC,100H,2018,3,,,14.19,seconds,Weems Baskin Relays,2018-03-23,Prelim,13.0,2.8,Outdoor,https://www.tfrrs.org/athletes/6139890/South_Carolina/Funlayo_Oluwole,legacy_source_needs_review
"Parks, Milan",South Carolina,SEC,100H,2018,3,,,14.01,seconds,Weems Baskin Relays,2018-03-23,Final,,2.9,Outdoor,https://www.tfrrs.org/athletes/5637468/South_Carolina/Milan_Parks.html,legacy_source_needs_review
"Little , Caitlyn",South Carolina,SEC,100H,2018,1,,,13.83,seconds,Florida Relays,2018-03-29,,,-0.5,Outdoor,https://www.tfrrs.org/results/53568/3384040/Florida_Relays/100-Hurdles,TFRRS all_performances
"Oluwole, Funlayo",South Carolina,SEC,100H,2018,3,,,14.97,seconds,Florida Relays,2018-03-29,,,1.2,Outdoor,https://www.tfrrs.org/results/53568/3384040/Florida_Relays/100-Hurdles,TFRRS all_performances
"Parks, Milan",South Carolina,SEC,100H,2018,3,,,13.91,seconds,Florida Relays,2018-03-29,,,-0.5,Outdoor,https://www.tfrrs.org/results/53568/3384040/Florida_Relays/100-Hurdles,TFRRS all_performances
"Little , Caitlyn",South Carolina,SEC,100H,2018,1,,,13.88,seconds,Gamecock Invitational,2018-04-07,,,0.9,Outdoor,https://www.tfrrs.org/results/53413/3403711/Gamecock_Invitational/100-Hurdles,TFRRS all_performances
"Little , Caitlyn",South Carolina,SEC,100H,2018,1,,,14.17,seconds,Gamecock Invitational,2018-04-07,,,-0.5,Outdoor,https://www.tfrrs.org/results/53413/3403711/Gamecock_Invitational/100-Hurdles,TFRRS all_performances
"Oluwole, Funlayo",South Carolina,SEC,100H,2018,3,,,14.40,seconds,Gamecock Invitational,2018-04-07,,,0.9,Outdoor,https://www.tfrrs.org/results/53413/3403711/Gamecock_Invitational/100-Hurdles,TFRRS all_performances
"Parks, Milan",South Carolina,SEC,100H,2018,3,,,13.66,seconds,Gamecock Invitational,2018-04-07,,,0.9,Outdoor,https://www.tfrrs.org/results/53413/3403711/Gamecock_Invitational/100-Hurdles,TFRRS all_performances
"Parks, Milan",South Carolina,SEC,100H,2018,3,,,13.82,seconds,Gamecock Invitational,2018-04-07,,,-0.5,Outdoor,https://www.tfrrs.org/results/53413/3403711/Gamecock_Invitational/100-Hurdles,TFRRS all_performances
"Oluwole, Funlayo",South Carolina,SEC,100H,2018,3,,,13.77,seconds,Tennessee Relays,2018-04-12,Final,12.0,2.3,Outdoor,https://www.tfrrs.org/athletes/6139890/South_Carolina/Funlayo_Oluwole,legacy_source_needs_review
"Parks, Milan",South Carolina,SEC,100H,2018,3,,,13.49,seconds,Tennessee Relays,2018-04-12,Final,,3.1,Outdoor,https://www.tfrrs.org/athletes/5637468/South_Carolina/Milan_Parks.html,legacy_source_needs_review
"Fields, Jordan",South Carolina,SEC,100H,2018,1,,,14.19,seconds,USC Open,2018-04-21,,,0.9,Outdoor,https://www.tfrrs.org/results/53412/3451835/USC_Open/100-Hurdles,TFRRS all_performances
"Little , Caitlyn",South Carolina,SEC,100H,2018,1,,,13.66,seconds,USC Open,2018-04-21,,,0.9,Outdoor,https://www.tfrrs.org/results/53412/3451835/USC_Open/100-Hurdles,TFRRS all_performances
"Oluwole, Funlayo",South Carolina,SEC,100H,2018,3,,,13.76,seconds,USC Open,2018-04-21,Prelim,4.0,2.1,Outdoor,https://www.tfrrs.org/athletes/6139890/South_Carolina/Funlayo_Oluwole,legacy_source_needs_review
"Oluwole, Funlayo",South Carolina,SEC,100H,2018,3,,,13.88,seconds,USC Open,2018-04-21,,,0.9,Outdoor,https://www.tfrrs.org/results/53412/3451835/USC_Open/100-Hurdles,TFRRS all_performances
"Parks, Milan",South Carolina,SEC,100H,2018,3,,,13.36,seconds,USC Open,2018-04-21,Prelim,1.0,2.1,Outdoor,https://www.tfrrs.org/athletes/5637468/South_Carolina/Milan_Parks.html,legacy_source_needs_review
"Parks, Milan",South Carolina,SEC,100H,2018,3,,,13.39,seconds,USC Open,2018-04-21,,,0.9,Outdoor,https://www.tfrrs.org/results/53412/3451835/USC_Open/100-Hurdles,TFRRS all_performances
"Little , Caitlyn",South Carolina,SEC,100H,2018,1,,,13.27,seconds,Penn Relays,2018-04-26,,,1.0,Outdoor,https://www.tfrrs.org/results/56767/3477922/Penn_Relays/100-Hurdles,TFRRS all_performances
"Little , Caitlyn",South Carolina,SEC,100H,2018,1,,,13.58,seconds,Penn Relays,2018-04-26,,,0.8,Outdoor,https://www.tfrrs.org/results/56767/3476291/Penn_Relays/100-Hurdles,TFRRS all_performances
"Parks, Milan",South Carolina,SEC,100H,2018,3,,,13.24,seconds,Penn Relays,2018-04-26,,,1.0,Outdoor,https://www.tfrrs.org/results/56767/3477922/Penn_Relays/100-Hurdles,TFRRS all_performances
"Parks, Milan",South Carolina,SEC,100H,2018,3,,,13.54,seconds,Penn Relays,2018-04-26,,,0.1,Outdoor,https://www.tfrrs.org/results/56767/3476291/Penn_Relays/100-Hurdles,TFRRS all_performances
"Fields, Jordan",South Carolina,SEC,100H,2018,1,,,14.22,seconds,SEC Outdoor Track and Field Championships,2018-05-11,,,1.0,Outdoor,https://www.tfrrs.org/results/56302/3508619/SEC_Outdoor_Track_and_Field_Championships/100-Hurdles,TFRRS all_performances
"Little , Caitlyn",South Carolina,SEC,100H,2018,1,,,13.10,seconds,SEC Outdoor Track and Field Championships,2018-05-11,,,1.3,Outdoor,https://www.tfrrs.org/results/56302/3508666/SEC_Outdoor_Track_and_Field_Championships/100-Hurdles,TFRRS all_performances
"Little , Caitlyn",South Carolina,SEC,100H,2018,1,,,13.17,seconds,SEC Outdoor Track and Field Championships,2018-05-11,,,1.2,Outdoor,https://www.tfrrs.org/results/56302/3508666/SEC_Outdoor_Track_and_Field_Championships/100-Hurdles,TFRRS all_performances
"Oluwole, Funlayo",South Carolina,SEC,100H,2018,3,,,14.18,seconds,SEC Outdoor Track and Field Championships,2018-05-11,,,1.6,Outdoor,https://www.tfrrs.org/results/56302/3508666/SEC_Outdoor_Track_and_Field_Championships/100-Hurdles,TFRRS all_performances
"Parks, Milan",South Carolina,SEC,100H,2018,3,,,13.51,seconds,SEC Outdoor Track and Field Championships,2018-05-11,,,1.6,Outdoor,https://www.tfrrs.org/results/56302/3508666/SEC_Outdoor_Track_and_Field_Championships/100-Hurdles,TFRRS all_performances
"Little , Caitlyn",South Carolina,SEC,100H,2018,1,,,13.24,seconds,NCAA East Preliminary Round,2018-05-24,,,0.7,Outdoor,https://www.tfrrs.org/results/57099/3515282/NCAA_East_Preliminary_Round/100-Hurdles,TFRRS all_performances
"Little , Caitlyn",South Carolina,SEC,100H,2018,1,,,13.43,seconds,NCAA East Preliminary Round,2018-05-24,,,-0.3,Outdoor,https://www.tfrrs.org/results/57099/3515282/NCAA_East_Preliminary_Round/100-Hurdles,TFRRS all_performances
"Parks, Milan",South Carolina,SEC,100H,2018,3,,,13.37,seconds,NCAA East Preliminary Round,2018-05-24,First Round,26.0,2.1,Outdoor,https://www.tfrrs.org/athletes/5637468/South_Carolina/Milan_Parks.html,legacy_source_needs_review
"Marshall, Sidney",Clemson,ACC,100H,2019,3,,,14.03,s,Yellow Jacket Invitational,2019-03-15,,,-0.2,Outdoor,https://www.tfrrs.org/results/59266/3679662/Yellow_Jacket_Invitational/100-Hurdles,TFRRS all_performances
"Williams, Ebony",Clemson,ACC,100H,2019,3,,,13.92,s,Yellow Jacket Invitational,2019-03-15,,,-0.2,Outdoor,https://www.tfrrs.org/results/59266/3679662/Yellow_Jacket_Invitational/100-Hurdles,TFRRS all_performances
"Marshall, Sidney",Clemson,ACC,100H,2019,3,,,13.52,s,North Florida Spring Break Invitational,2019-03-21,,,0.3,Outdoor,https://www.tfrrs.org/results/59177/3697974/North_Florida_Spring_Break_Invitational/100-Hurdles,TFRRS all_performances
"Williams, Ebony",Clemson,ACC,100H,2019,3,,,13.24,s,North Florida Spring Break Invitational,2019-03-21,,,0.3,Outdoor,https://www.tfrrs.org/results/59177/3697974/North_Florida_Spring_Break_Invitational/100-Hurdles,TFRRS all_performances
"Marshall, Sidney",Clemson,ACC,100H,2019,3,,,13.48,s,Florida Relays,2019-03-28,,,1.5,Outdoor,https://www.tfrrs.org/results/59113/3716304/Florida_Relays/100-Hurdles,TFRRS all_performances
"Williams, Ebony",Clemson,ACC,100H,2019,3,,,13.80,s,Florida Relays,2019-03-28,,,0.2,Outdoor,https://www.tfrrs.org/results/59113/3716304/Florida_Relays/100-Hurdles,TFRRS all_performances
"Marshall, Sidney",Clemson,ACC,100H,2019,3,,,13.64,s,Gamecock Invitational Outdoor,2019-04-13,,,1.5,Outdoor,https://www.tfrrs.org/results/57927/3768801/Gamecock_Invitational_Outdoor_/100-Hurdles,TFRRS all_performances
"Marshall, Sidney",Clemson,ACC,100H,2019,3,,,13.99,s,Gamecock Invitational Outdoor,2019-04-13,,,1.5,Outdoor,https://www.tfrrs.org/results/57927/3768801/Gamecock_Invitational_Outdoor_/100-Hurdles,TFRRS all_performances
"Williams, Ebony",Clemson,ACC,100H,2019,3,,,13.45,s,Gamecock Invitational Outdoor,2019-04-13,,,1.3,Outdoor,https://www.tfrrs.org/results/57927/3768801/Gamecock_Invitational_Outdoor_/100-Hurdles,TFRRS all_performances
"Williams, Ebony",Clemson,ACC,100H,2019,3,,,13.91,s,LSU Alumni Gold,2019-04-20,,,1.9,Outdoor,https://www.tfrrs.org/results/57942/3790523/LSU_Alumni_Gold/100-Hurdles,TFRRS all_performances
"Williams, Ebony",Clemson,ACC,100H,2019,3,,,13.46,s,ACC Championships,2019-05-09,,,1.8,Outdoor,https://www.tfrrs.org/results/62590/3838908/ACC_Championships/100-Hurdles,TFRRS all_performances
"Williams, Ebony",Clemson,ACC,100H,2019,3,,,13.36,s,NCAA Division I East Region Preliminary Rounds,2019-05-23,,,1.1,Outdoor,https://www.tfrrs.org/results/62650/3849034/NCAA_Division_I_East_Region_Preliminary_Rounds/100-Hurdles,TFRRS all_performances
"Williams, Ebony",Clemson,ACC,100H,2019,3,,,13.39,s,NCAA Division I East Region Preliminary Rounds,2019-05-23,,,-0.2,Outdoor,https://www.tfrrs.org/results/62650/3849034/NCAA_Division_I_East_Region_Preliminary_Rounds/100-Hurdles,TFRRS all_performances
"Hoffman, Lauren",Duke,ACC,100H,2019,2,,,13.98,s,HPU VertKlasse Meeting,2019-03-21,,,0.9,Outdoor,https://www.tfrrs.org/results/60864/3700284/HPU_VertKlasse_Meeting/100-Hurdles,TFRRS all_performances
"Kutzer, Kate",Duke,ACC,100H,2019,2,,,15.25,s,HPU VertKlasse Meeting,2019-03-21,,,0.9,Outdoor,https://www.tfrrs.org/results/60864/3700284/HPU_VertKlasse_Meeting/100-Hurdles,TFRRS all_performances
"Marsh, Erin",Duke,ACC,100H,2019,2,,,13.82,s,HPU VertKlasse Meeting,2019-03-21,,,0.5,Outdoor,https://www.tfrrs.org/results/60864/3700284/HPU_VertKlasse_Meeting/100-Hurdles,TFRRS all_performances
"Wakefield, Isabel",Duke,ACC,100H,2019,1,,,14.89,s,HPU VertKlasse Meeting,2019-03-21,,,0.5,Outdoor,https://www.tfrrs.org/results/60864/3700284/HPU_VertKlasse_Meeting/100-Hurdles,TFRRS all_performances
"Kutzer, Kate",Duke,ACC,100H,2019,2,,,14.97,s,2019 92nd Clyde Littlefield Texas Relays,2019-03-27,,,0.3,Outdoor,https://www.tfrrs.org/results/59286/3835746/2019_92nd_Clyde_Littlefield_Texas_Relays/100-Hurdles,TFRRS all_performances
"Marsh, Erin",Duke,ACC,100H,2019,2,,,13.51,s,2019 92nd Clyde Littlefield Texas Relays,2019-03-27,,,1.8,Outdoor,https://www.tfrrs.org/results/59286/3835746/2019_92nd_Clyde_Littlefield_Texas_Relays/100-Hurdles,TFRRS all_performances
"Wakefield, Isabel",Duke,ACC,100H,2019,1,,,14.30,s,2019 92nd Clyde Littlefield Texas Relays,2019-03-27,,,1.6,Outdoor,https://www.tfrrs.org/results/59286/3835746/2019_92nd_Clyde_Littlefield_Texas_Relays/100-Hurdles,TFRRS all_performances
"Hoffman, Lauren",Duke,ACC,100H,2019,2,,,14.03,s,Raleigh Relays,2019-03-30,Final,32,,Outdoor,https://static.goduke.com/custompages/web-docs/track/2018-19/2019trackresults.pdf,legacy_source_needs_review
"Kutzer, Kate",Duke,ACC,100H,2019,2,,,14.97,s,Texas Relays,2019-03-30,Heptathlon,20,,Outdoor,https://static.goduke.com/custompages/web-docs/track/2018-19/2019trackresults.pdf,legacy_source_needs_review
"Marsh, Erin",Duke,ACC,100H,2019,2,,,13.51,s,Texas Relays,2019-03-30,Heptathlon,1,,Outdoor,https://static.goduke.com/custompages/web-docs/track/2018-19/2019trackresults.pdf,legacy_source_needs_review
"Wakefield, Isabel",Duke,ACC,100H,2019,1,,,14.30,s,Texas Relays,2019-03-30,Heptathlon,9,,Outdoor,https://static.goduke.com/custompages/web-docs/track/2018-19/2019trackresults.pdf,legacy_source_needs_review
"Arbiv, Becky",Duke,ACC,100H,2019,2,,,17.03,s,Battle of the Blues,2019-04-06,,,1.0,Outdoor,https://www.tfrrs.org/results/61484/3743614/Battle_of_the_Blues/100-Hurdles,TFRRS all_performances
"Hoffman, Lauren",Duke,ACC,100H,2019,2,,,13.99,s,Battle of the Blues,2019-04-06,,,1.0,Outdoor,https://www.tfrrs.org/results/61484/3743614/Battle_of_the_Blues/100-Hurdles,TFRRS all_performances
"Kutzer, Kate",Duke,ACC,100H,2019,2,,,14.91,s,Battle of the Blues,2019-04-06,,,1.0,Outdoor,https://www.tfrrs.org/results/61484/3743614/Battle_of_the_Blues/100-Hurdles,TFRRS all_performances
"Merritt, Nikki",Duke,ACC,100H,2019,1,,,14.35,s,Battle of the Blues,2019-04-06,,,1.0,Outdoor,https://www.tfrrs.org/results/61484/3743614/Battle_of_the_Blues/100-Hurdles,TFRRS all_performances
Rivka Arbiv,Duke,ACC,100H,2019,,,,17.03,s,Battle of the Blues,2019-04-06,Final,5,,Outdoor,https://static.goduke.com/custompages/web-docs/track/2018-19/2019trackresults.pdf,legacy_source_needs_review
"Wakefield, Isabel",Duke,ACC,100H,2019,1,,,20.01,s,Battle of the Blues,2019-04-06,,,1.0,Outdoor,https://www.tfrrs.org/results/61484/3743614/Battle_of_the_Blues/100-Hurdles,TFRRS all_performances
"Hoffman, Lauren",Duke,ACC,100H,2019,2,,,13.76,s,Tennessee Relays,2019-04-13,Final,13,,Outdoor,https://static.goduke.com/custompages/web-docs/track/2018-19/2019trackresults.pdf,legacy_source_needs_review
"Kutzer, Kate",Duke,ACC,100H,2019,2,,,14.93,s,Tennessee Relays,2019-04-13,Final,29,,Outdoor,https://static.goduke.com/custompages/web-docs/track/2018-19/2019trackresults.pdf,legacy_source_needs_review
"Merritt, Nikki",Duke,ACC,100H,2019,1,,,14.59,s,Tennessee Relays,2019-04-13,Final,27,,Outdoor,https://static.goduke.com/custompages/web-docs/track/2018-19/2019trackresults.pdf,legacy_source_needs_review
"Wakefield, Isabel",Duke,ACC,100H,2019,1,,,14.20,s,Tennessee Relays,2019-04-13,Final,20,,Outdoor,https://static.goduke.com/custompages/web-docs/track/2018-19/2019trackresults.pdf,legacy_source_needs_review
"Wakefield, Isabel",Duke,ACC,100H,2019,1,,,14.47,s,Duke Invitational,2019-04-19,,,1.2,Outdoor,https://www.tfrrs.org/results/62068/3791500/Duke_Invitational/100-Hurdles,TFRRS all_performances
"Hoffman, Lauren",Duke,ACC,100H,2019,2,,,13.72,s,Duke Invitational,2019-04-20,Final,4,,Outdoor,https://static.goduke.com/custompages/web-docs/track/2018-19/2019trackresults.pdf,legacy_source_needs_review
"Marsh, Erin",Duke,ACC,100H,2019,2,,,13.49,s,Duke Invitational,2019-04-20,Final,1,,Outdoor,https://static.goduke.com/custompages/web-docs/track/2018-19/2019trackresults.pdf,legacy_source_needs_review
"Merritt, Nikki",Duke,ACC,100H,2019,1,,,14.44,s,Duke Invitational,2019-04-20,Final,13,,Outdoor,https://static.goduke.com/custompages/web-docs/track/2018-19/2019trackresults.pdf,legacy_source_needs_review
"Marsh, Erin",Duke,ACC,100H,2019,2,,,13.61,s,125th Penn Relays,2019-04-25,,,1.1,Outdoor,https://www.tfrrs.org/results/62328/3818034/125th_Penn_Relays/100-Hurdles,TFRRS all_performances
"Arbiv, Becky",Duke,ACC,100H,2019,2,,,15.99,s,Virginia Grand Prix,2019-04-26,,,1.3,Outdoor,https://www.tfrrs.org/results/62320/3812603/Virginia_Grand_Prix/100-Hurdles,TFRRS all_performances
"Kutzer, Kate",Duke,ACC,100H,2019,2,,,14.94,s,Virginia Grand Prix,2019-04-26,,,1.6,Outdoor,https://www.tfrrs.org/results/62320/3812603/Virginia_Grand_Prix/100-Hurdles,TFRRS all_performances
"Marsh, Erin",Duke,ACC,100H,2019,2,,,13.53,s,Penn Relays,2019-04-27,Final,4,,Outdoor,https://static.goduke.com/custompages/web-docs/track/2018-19/2019trackresults.pdf,legacy_source_needs_review
Rivka Arbiv,Duke,ACC,100H,2019,,,,15.99,s,Virginia Grand Prix,2019-04-27,Final,19,,Outdoor,https://static.goduke.com/custompages/web-docs/track/2018-19/2019trackresults.pdf,legacy_source_needs_review
"Kutzer, Kate",Duke,ACC,100H,2019,2,,,14.60,s,ACC Championships,2019-05-09,,,1.1,Outdoor,https://www.tfrrs.org/results/62590/3842088/ACC_Championships/100-Hurdles,TFRRS all_performances
"Marsh, Erin",Duke,ACC,100H,2019,2,,,13.45,s,ACC Championships,2019-05-09,,,0.2,Outdoor,https://www.tfrrs.org/results/62590/3842088/ACC_Championships/100-Hurdles,TFRRS all_performances
"Marsh, Erin",Duke,ACC,100H,2019,2,,,13.49,s,NCAA Division I East Region Preliminary Rounds,2019-05-23,,,0.6,Outdoor,https://www.tfrrs.org/results/62650/3849034/NCAA_Division_I_East_Region_Preliminary_Rounds/100-Hurdles,TFRRS all_performances
"Marsh, Erin",Duke,ACC,100H,2019,2,,,13.64,s,NCAA East Preliminary,2019-05-25,Quarterfinal,24,,Outdoor,https://static.goduke.com/custompages/web-docs/track/2018-19/2019trackresults.pdf,legacy_source_needs_review
"Marsh, Erin",Duke,ACC,100H,2019,2,,,13.37,s,NCAA Division I Outdoor Track & Field Championships,2019-06-05,,,0.8,Outdoor,https://www.tfrrs.org/results/62668/3851131/NCAA_Division_I_Outdoor_Track__Field_Championships/100-Hurdles,TFRRS all_performances
"Marsh, Erin",Duke,ACC,100H,2019,2,,,13.37,s,NCAA Championships,2019-06-08,Heptathlon,4,,Outdoor,https://static.goduke.com/custompages/web-docs/track/2018-19/2019trackresults.pdf,legacy_source_needs_review
"Jones, Cortney",Florida State,ACC,100H,2019,3,,,13.03,s,FSU Relays (College),2019-03-22,,,1.9,Outdoor,https://www.tfrrs.org/results/60843/3696045/FSU_Relays_College/100-Hurdles,TFRRS all_performances
"Jones, Cortney",Florida State,ACC,100H,2019,3,,,13.04,s,Florida Relays,2019-03-28,,,-1.4,Outdoor,https://www.tfrrs.org/results/59113/3716304/Florida_Relays/100-Hurdles,TFRRS all_performances
"Miller, Ashley",Florida State,ACC,100H,2019,4,,,13.55,s,Crimson Tide Invitational,2019-04-11,,,1.6,Outdoor,https://www.tfrrs.org/results/61791/3763776/Crimson_Tide_Invitational/100-Hurdles,TFRRS all_performances
"Jones, Cortney",Florida State,ACC,100H,2019,3,,,12.82,s,Mt. SAC Relays,2019-04-18,,,1.1,Outdoor,https://www.tfrrs.org/results/62078/3792784/Mt_SAC_Relays/100-Hurdles,TFRRS all_performances
"Miller, Ashley",Florida State,ACC,100H,2019,4,,,13.53,s,Mt. SAC Relays,2019-04-18,,,1.3,Outdoor,https://www.tfrrs.org/results/62078/3792820/Mt_SAC_Relays/100-Hurdles,TFRRS all_performances
"Miller, Ashley",Florida State,ACC,100H,2019,4,,,13.75,s,Mt. SAC Relays,2019-04-18,,,1.2,Outdoor,https://www.tfrrs.org/results/62078/3792820/Mt_SAC_Relays/100-Hurdles,TFRRS all_performances
"McMillon, Asia",Florida State,ACC,100H,2019,1,,,14.73,s,UF Tom Jones Memorial,2019-04-26,,,1.1,Outdoor,https://www.tfrrs.org/results/57289/3810321/UF_Tom_Jones_Memorial/100-Hurdles,TFRRS all_performances
"Miller, Ashley",Florida State,ACC,100H,2019,4,,,13.65,s,UF Tom Jones Memorial,2019-04-26,,,0.7,Outdoor,https://www.tfrrs.org/results/57289/3810321/UF_Tom_Jones_Memorial/100-Hurdles,TFRRS all_performances
"Miller, Ashley",Florida State,ACC,100H,2019,4,,,13.48,s,UF Tom Jones Memorial,2019-04-27,Final,8,wind-aided,Outdoor,https://seminoles.com/sports/womens-track-and-field/roster/ashley-miller/2300,legacy_source_needs_review
"Jones, Cortney",Florida State,ACC,100H,2019,3,,,12.72,s,ACC Championships,2019-05-09,,,1.4,Outdoor,https://www.tfrrs.org/results/62590/3838908/ACC_Championships/100-Hurdles,TFRRS all_performances
"Jones, Cortney",Florida State,ACC,100H,2019,3,,,12.72,s,ACC Championships,2019-05-09,,,1.8,Outdoor,https://www.tfrrs.org/results/62590/3838908/ACC_Championships/100-Hurdles,TFRRS all_performances
"Miller, Ashley",Florida State,ACC,100H,2019,4,,,13.44,s,ACC Championships,2019-05-09,,,2.0,Outdoor,https://www.tfrrs.org/results/62590/3838908/ACC_Championships/100-Hurdles,TFRRS all_performances
"Williams, Peta-Gay",Florida State,ACC,100H,2019,4,,,14.44,s,ACC Championships,2019-05-09,,,1.4,Outdoor,https://www.tfrrs.org/results/62590/3838908/ACC_Championships/100-Hurdles,TFRRS all_performances
"Jones, Cortney",Florida State,ACC,100H,2019,3,,,12.84,s,NCAA Division I East Region Preliminary Rounds,2019-05-23,,,0.5,Outdoor,https://www.tfrrs.org/results/62650/3849034/NCAA_Division_I_East_Region_Preliminary_Rounds/100-Hurdles,TFRRS all_performances
"Jones, Cortney",Florida State,ACC,100H,2019,3,,,12.87,s,NCAA Division I East Region Preliminary Rounds,2019-05-23,,,0.6,Outdoor,https://www.tfrrs.org/results/62650/3849034/NCAA_Division_I_East_Region_Preliminary_Rounds/100-Hurdles,TFRRS all_performances
"Miller, Ashley",Florida State,ACC,100H,2019,4,,,13.77,s,NCAA Division I East Region Preliminary Rounds,2019-05-23,,,-0.2,Outdoor,https://www.tfrrs.org/results/62650/3849034/NCAA_Division_I_East_Region_Preliminary_Rounds/100-Hurdles,TFRRS all_performances
"Jones, Cortney",Florida State,ACC,100H,2019,3,,,12.76,s,NCAA Division I Outdoor Track & Field Championships,2019-06-05,,,0.8,Outdoor,https://www.tfrrs.org/results/62668/3850665/NCAA_Division_I_Outdoor_Track__Field_Championships/100-Hurdles,TFRRS all_performances
"Jones, Cortney",Florida State,ACC,100H,2019,3,,,12.81,s,NCAA Division I Outdoor Track & Field Championships,2019-06-05,,,0.6,Outdoor,https://www.tfrrs.org/results/62668/3850665/NCAA_Division_I_Outdoor_Track__Field_Championships/100-Hurdles,TFRRS all_performances
"Jones, Allie",Stanford,ACC,100H,2019,1,,,14.42,s,2019 Hornet Invitational,2019-03-15,,,0.8,Outdoor,https://www.tfrrs.org/results/59244/3681275/2019_Hornet_Invitational/100-Hurdles,TFRRS all_performances
"Labrie-Smith, Hannah",Stanford,ACC,100H,2019,4,,,15.02,s,2019 Hornet Invitational,2019-03-15,,,0.8,Outdoor,https://www.tfrrs.org/results/59244/3681275/2019_Hornet_Invitational/100-Hurdles,TFRRS all_performances
"Jones, Allie",Stanford,ACC,100H,2019,1,,,14.48,s,Stanford Invitational,2019-03-29,,,-0.9,Outdoor,https://www.tfrrs.org/results/61171/3721523/Stanford_Invitational/100-Hurdles,TFRRS all_performances
"Labrie-Smith, Hannah",Stanford,ACC,100H,2019,4,,,14.56,s,Stanford Invitational,2019-03-29,Prelim,19,wind-aided,Outdoor,https://sidearm.nextgen.sites.s3.us-east-2.amazonaws.com/gostanford.com/documents/2019/6/18/2019_results.pdf,legacy_source_needs_review
"Jones, Allie",Stanford,ACC,100H,2019,1,,,14.06,s,Big Meet,2019-04-06,,,0.5,Outdoor,https://www.tfrrs.org/results/60840/3746392/Big_Meet/100-Hurdles,TFRRS all_performances
"Labrie-Smith, Hannah",Stanford,ACC,100H,2019,4,,,14.49,s,Big Meet,2019-04-06,,,0.5,Outdoor,https://www.tfrrs.org/results/60840/3746392/Big_Meet/100-Hurdles,TFRRS all_performances
"Jones, Allie",Stanford,ACC,100H,2019,1,,,14.46,s,Bryan Clay Invitational,2019-04-17,,,1.7,Outdoor,https://www.tfrrs.org/results/58368/3818687/Bryan_Clay_Invitational/100-Hurdles,TFRRS all_performances
"Labrie-Smith, Hannah",Stanford,ACC,100H,2019,4,,,14.35,s,Cardinal Classic,2019-04-20,Final,3,wind-aided,Outdoor,https://sidearm.nextgen.sites.s3.us-east-2.amazonaws.com/gostanford.com/documents/2019/6/18/2019_results.pdf,legacy_source_needs_review
"Labrie-Smith, Hannah",Stanford,ACC,100H,2019,4,,,14.27,s,National Relay Championships,2019-04-26,,,0.7,Outdoor,https://www.tfrrs.org/results/59967/3809640/National_Relay_Championships/100-Hurdles,TFRRS all_performances
"Labrie-Smith, Hannah",Stanford,ACC,100H,2019,4,,,14.52,s,Payton Jordan Invitational,2019-05-02,,,0.3,Outdoor,https://www.tfrrs.org/results/60839/3823370/Payton_Jordan_Invitational/100-Hurdles,TFRRS all_performances
"Jones, Allie",Stanford,ACC,100H,2019,1,,,14.15,s,2019 Pac-12 Track & Field Championships,2019-05-04,,,0.9,Outdoor,https://www.tfrrs.org/results/61226/3842853/2019_Pac-12_Track__Field_Championships/100-Hurdles,TFRRS all_performances
"Jones, Allie",Stanford,ACC,100H,2019,1,,,14.44,s,2019 Pac-12 Track & Field Championships,2019-05-04,,,0.4,Outdoor,https://www.tfrrs.org/results/61226/3842515/2019_Pac-12_Track__Field_Championships/100-Hurdles,TFRRS all_performances
"Labrie-Smith, Hannah",Stanford,ACC,100H,2019,4,,,13.96,s,2019 Pac-12 Track & Field Championships,2019-05-04,,,0.2,Outdoor,https://www.tfrrs.org/results/61226/3842515/2019_Pac-12_Track__Field_Championships/100-Hurdles,TFRRS all_performances
"Jones, Allie",Stanford,ACC,100H,2019,1,,,14.44,s,Pac-12 Championships,2019-05-11,Prelim,20,,Outdoor,https://sidearm.nextgen.sites.s3.us-east-2.amazonaws.com/gostanford.com/documents/2019/6/18/2019_results.pdf,legacy_source_needs_review
"Labrie-Smith, Hannah",Stanford,ACC,100H,2019,4,,,13.96,s,Pac-12 Championships,2019-05-11,Prelim,16,,Outdoor,https://sidearm.nextgen.sites.s3.us-east-2.amazonaws.com/gostanford.com/documents/2019/6/18/2019_results.pdf,legacy_source_needs_review
"Leonard, Ciara",Virginia,ACC,100H,2019,4,,,14.01,s,William & Mary Triangular,2019-03-16,,,0.7,Outdoor,https://www.tfrrs.org/results/57295/3679176/William__Mary_Triangular/100-Hurdles,TFRRS all_performances
"Woodley, Alexis",Virginia,ACC,100H,2019,3,,,13.97,s,William & Mary Triangular,2019-03-16,,,0.7,Outdoor,https://www.tfrrs.org/results/57295/3679176/William__Mary_Triangular/100-Hurdles,TFRRS all_performances
"Woodley, Alexis",Virginia,ACC,100H,2019,3,,,13.98,s,2019 Fred Hardy Invitational,2019-03-29,,,-0.1,Outdoor,https://www.tfrrs.org/results/56990/3718501/2019_Fred_Hardy_Invitational/100-Hurdles,TFRRS all_performances
"Leonard, Ciara",Virginia,ACC,100H,2019,4,,,13.60,s,"Virginia v. Maryland, Pitt, West Virginia",2019-04-06,,,0.5,Outdoor,https://www.tfrrs.org/results/61474/3742050/Virginia_v_Maryland_Pitt_West_Virginia/100-Hurdles,TFRRS all_performances
"Woodley, Alexis",Virginia,ACC,100H,2019,3,,,13.80,s,"Virginia v. Maryland, Pitt, West Virginia",2019-04-06,,,0.5,Outdoor,https://www.tfrrs.org/results/61474/3742050/Virginia_v_Maryland_Pitt_West_Virginia/100-Hurdles,TFRRS all_performances
"Leonard, Ciara",Virginia,ACC,100H,2019,4,,,13.29,s,Virginia Grand Prix,2019-04-26,,,1.7,Outdoor,https://www.tfrrs.org/results/62320/3812603/Virginia_Grand_Prix/100-Hurdles,TFRRS all_performances
"Woodley, Alexis",Virginia,ACC,100H,2019,3,,,13.47,s,Virginia Grand Prix,2019-04-26,,,1.7,Outdoor,https://www.tfrrs.org/results/62320/3812603/Virginia_Grand_Prix/100-Hurdles,TFRRS all_performances
"Leonard, Ciara",Virginia,ACC,100H,2019,4,,,13.34,s,ACC Championships,2019-05-09,,,1.4,Outdoor,https://www.tfrrs.org/results/62590/3838908/ACC_Championships/100-Hurdles,TFRRS all_performances
"Leonard, Ciara",Virginia,ACC,100H,2019,4,,,13.46,s,ACC Championships,2019-05-09,,,1.8,Outdoor,https://www.tfrrs.org/results/62590/3838908/ACC_Championships/100-Hurdles,TFRRS all_performances
"Woodley, Alexis",Virginia,ACC,100H,2019,3,,,13.48,s,ACC Championships,2019-05-09,,,2.0,Outdoor,https://www.tfrrs.org/results/62590/3838908/ACC_Championships/100-Hurdles,TFRRS all_performances
"Leonard, Ciara",Virginia,ACC,100H,2019,4,,,13.56,s,NCAA Division I East Region Preliminary Rounds,2019-05-23,,,0.8,Outdoor,https://www.tfrrs.org/results/62650/3849034/NCAA_Division_I_East_Region_Preliminary_Rounds/100-Hurdles,TFRRS all_performances
"Woodley, Alexis",Virginia,ACC,100H,2019,3,,,13.66,s,NCAA Division I East Region Preliminary Rounds,2019-05-23,,,0.5,Outdoor,https://www.tfrrs.org/results/62650/3849034/NCAA_Division_I_East_Region_Preliminary_Rounds/100-Hurdles,TFRRS all_performances
"Bonds, Tiana",Arizona,Big 12,100H,2019,4,,,14.01,seconds,2019 Willie Williams Classic College,2019-03-15,,,-1.8,Outdoor,https://www.tfrrs.org/results/59265/3679521/2019_Willie_Williams_Classic_College/100-Hurdles,TFRRS all_performances
"Sutton, April",Arizona,Big 12,100H,2019,3,,,14.44,seconds,2019 Willie Williams Classic College,2019-03-15,,,-1.8,Outdoor,https://www.tfrrs.org/results/59265/3679521/2019_Willie_Williams_Classic_College/100-Hurdles,TFRRS all_performances
"Sutton, April",Arizona,Big 12,100H,2019,3,,,14.20,seconds,41st Annual Aztec Invitational,2019-03-22,,,-0.9,Outdoor,https://www.tfrrs.org/results/58498/3701086/41st_Annual_Aztec_Invitational/100-Hurdles,TFRRS all_performances
"Bonds, Tiana",Arizona,Big 12,100H,2019,4,,,13.44,seconds,Jim Click Shootout,2019-04-06,,,0.1,Outdoor,https://www.tfrrs.org/results/59968/3745269/Jim_Click_Shootout/100-Hurdles,TFRRS all_performances
"Sutton, April",Arizona,Big 12,100H,2019,3,,,13.50,seconds,Jim Click Shootout,2019-04-06,,,0.1,Outdoor,https://www.tfrrs.org/results/59968/3745269/Jim_Click_Shootout/100-Hurdles,TFRRS all_performances
"Sieben, Skylar",Arizona,Big 12,100H,2019,1,,,14.83,seconds,Mt. SAC Relays,2019-04-18,,,1.2,Outdoor,https://www.tfrrs.org/results/62078/3792820/Mt_SAC_Relays/100-Hurdles,TFRRS all_performances
"Sutton, April",Arizona,Big 12,100H,2019,3,,,13.76,seconds,Mt. SAC Relays,2019-04-18,,,-0.8,Outdoor,https://www.tfrrs.org/results/62078/3792820/Mt_SAC_Relays/100-Hurdles,TFRRS all_performances
"Sutton, April",Arizona,Big 12,100H,2019,3,,,14.16,seconds,Mt. SAC Relays,2019-04-18,,,1.3,Outdoor,https://www.tfrrs.org/results/62078/3792820/Mt_SAC_Relays/100-Hurdles,TFRRS all_performances
"Bonds, Tiana",Arizona,Big 12,100H,2019,4,,,13.27,seconds,2019 Desert Heat Classic,2019-04-27,,,1.3,Outdoor,https://www.tfrrs.org/results/61602/3813587/2019_Desert_Heat_Classic/100-Hurdles,TFRRS all_performances
"Sieben, Skylar",Arizona,Big 12,100H,2019,1,,,14.64,seconds,2019 Desert Heat Classic,2019-04-27,,,1.5,Outdoor,https://www.tfrrs.org/results/61602/3813587/2019_Desert_Heat_Classic/100-Hurdles,TFRRS all_performances
"Bonds, Tiana",Arizona,Big 12,100H,2019,4,,,13.28,seconds,2019 Pac-12 Track & Field Championships,2019-05-04,,,0.4,Outdoor,https://www.tfrrs.org/results/61226/3842515/2019_Pac-12_Track__Field_Championships/100-Hurdles,TFRRS all_performances
"Bonds, Tiana",Arizona,Big 12,100H,2019,4,,,13.43,seconds,2019 Pac-12 Track & Field Championships,2019-05-04,,,0.7,Outdoor,https://www.tfrrs.org/results/61226/3842515/2019_Pac-12_Track__Field_Championships/100-Hurdles,TFRRS all_performances
"Sieben, Skylar",Arizona,Big 12,100H,2019,1,,,14.56,seconds,2019 Pac-12 Track & Field Championships,2019-05-04,,,0.2,Outdoor,https://www.tfrrs.org/results/61226/3842853/2019_Pac-12_Track__Field_Championships/100-Hurdles,TFRRS all_performances
"Sieben, Skylar",Arizona,Big 12,100H,2019,1,,,14.63,seconds,2019 Pac-12 Track & Field Championships,2019-05-04,,,0.5,Outdoor,https://www.tfrrs.org/results/61226/3842515/2019_Pac-12_Track__Field_Championships/100-Hurdles,TFRRS all_performances
"Sutton, April",Arizona,Big 12,100H,2019,3,,,13.69,seconds,2019 Pac-12 Track & Field Championships,2019-05-04,,,0.4,Outdoor,https://www.tfrrs.org/results/61226/3842515/2019_Pac-12_Track__Field_Championships/100-Hurdles,TFRRS all_performances
"Bonds, Tiana",Arizona,Big 12,100H,2019,4,,,13.44,seconds,NCAA Division I West Region Preliminary Rounds,2019-05-23,,,1.7,Outdoor,https://www.tfrrs.org/results/62651/3849074/NCAA_Division_I_West_Region_Preliminary_Rounds/100-Hurdles,TFRRS all_performances
"Burrup, Kaitlyn",BYU,Big 12,100H,2019,3,,,14.75,seconds,2019 Willie Williams Classic College,2019-03-15,,,-2.8,Outdoor,https://www.tfrrs.org/results/59265/3679521/2019_Willie_Williams_Classic_College/100-Hurdles,TFRRS all_performances
"Shirley, Lindsay",BYU,Big 12,100H,2019,3,,,14.48,seconds,41st Annual Aztec Open,2019-03-21,,,-0.6,Outdoor,https://www.tfrrs.org/results/58497/3701156/41st_Annual_Aztec_Open/100-Hurdles,TFRRS all_performances
"Shirley, Lindsay",BYU,Big 12,100H,2019,3,,,14.47,seconds,41st Annual Aztec Invitational,2019-03-22,,,0.4,Outdoor,https://www.tfrrs.org/results/58498/3701086/41st_Annual_Aztec_Invitational/100-Hurdles,TFRRS all_performances
"Neeley, Olivia",BYU,Big 12,100H,2019,1,,,16.74,seconds,2019 UVU Collegiate Invitational,2019-03-29,,,+0.0,Outdoor,https://www.tfrrs.org/results/61144/3726488/2019_UVU_Collegiate_Invitational/100-Hurdles,TFRRS all_performances
"Burrup, Kaitlyn",BYU,Big 12,100H,2019,3,,,14.30,seconds,40th Sun Angel Track Classic,2019-04-05,,,1.6,Outdoor,https://www.tfrrs.org/results/58689/3746748/40th_Sun_Angel_Track_Classic/100-Hurdles,TFRRS all_performances
"Shirley, Lindsay",BYU,Big 12,100H,2019,3,,,14.79,seconds,40th Sun Angel Track Classic,2019-04-05,,,-1.4,Outdoor,https://www.tfrrs.org/results/58689/3746748/40th_Sun_Angel_Track_Classic/100-Hurdles,TFRRS all_performances
"Neeley, Olivia",BYU,Big 12,100H,2019,1,,,16.43,seconds,Aggie Iinvitational,2019-04-12,,,-0.7,Outdoor,https://www.tfrrs.org/results/57500/3772882/Aggie_Iinvitational/100-Hurdles,TFRRS all_performances
"Shirley, Lindsay",BYU,Big 12,100H,2019,3,,,14.12,seconds,Aggie Iinvitational,2019-04-12,,,0.4,Outdoor,https://www.tfrrs.org/results/57500/3772882/Aggie_Iinvitational/100-Hurdles,TFRRS all_performances
"Burrup, Kaitlyn",BYU,Big 12,100H,2019,3,,,14.16,seconds,Mt. SAC Relays,2019-04-18,,,+0.0,Outdoor,https://www.tfrrs.org/results/62078/3792820/Mt_SAC_Relays/100-Hurdles,TFRRS all_performances
"Burrup, Kaitlyn",BYU,Big 12,100H,2019,3,,,14.22,seconds,2019 BYU Robison Invitational,2019-04-25,,,1.7,Outdoor,https://www.tfrrs.org/results/62323/3812836/2019_BYU_Robison_Invitational/100-Hurdles,TFRRS all_performances
"Burrup, Kaitlyn",BYU,Big 12,100H,2019,3,,,14.26,seconds,2019 BYU Robison Invitational,2019-04-25,,,-0.4,Outdoor,https://www.tfrrs.org/results/62323/3819149/2019_BYU_Robison_Invitational/100-Hurdles,TFRRS all_performances
"Neeley, Olivia",BYU,Big 12,100H,2019,1,,,16.34,seconds,2019 BYU Robison Invitational,2019-04-25,,,-0.4,Outdoor,https://www.tfrrs.org/results/62323/3819149/2019_BYU_Robison_Invitational/100-Hurdles,TFRRS all_performances
"Shirley, Lindsay",BYU,Big 12,100H,2019,3,,,14.02,seconds,2019 BYU Robison Invitational,2019-04-25,,,1.7,Outdoor,https://www.tfrrs.org/results/62323/3812836/2019_BYU_Robison_Invitational/100-Hurdles,TFRRS all_performances
"Shirley, Lindsay",BYU,Big 12,100H,2019,3,,,14.37,seconds,2019 BYU Robison Invitational,2019-04-25,,,-4.5,Outdoor,https://www.tfrrs.org/results/62323/3812836/2019_BYU_Robison_Invitational/100-Hurdles,TFRRS all_performances
"Burrup, Kaitlyn",BYU,Big 12,100H,2019,3,,,14.30,seconds,2019 Oxy Invitational,2019-05-11,,,+0.0,Outdoor,https://www.tfrrs.org/results/58052/3841379/2019_Oxy_Invitational/100-Hurdles,TFRRS all_performances
"Bailey, Kennedy",Baylor,Big 12,100H,2019,2,,,13.93,seconds,USC Trojan Invite,2019-03-15,,,-1.5,Outdoor,https://www.tfrrs.org/results/60530/3679847/USC_Trojan_Invite/100-Hurdles,TFRRS all_performances
"Daley, Megan",Baylor,Big 12,100H,2019,1,,,26.34,seconds,USC Trojan Invite,2019-03-15,,,0.1,Outdoor,https://www.tfrrs.org/results/60530/3679847/USC_Trojan_Invite/100-Hurdles,TFRRS all_performances
"Peacock, Tiffani",Baylor,Big 12,100H,2019,2,,,17.14,seconds,USC Trojan Invite,2019-03-15,,,-0.3,Outdoor,https://www.tfrrs.org/results/60530/3679847/USC_Trojan_Invite/100-Hurdles,TFRRS all_performances
"Yocum, Sarah",Baylor,Big 12,100H,2019,2,,,14.16,seconds,USC Trojan Invite,2019-03-15,,,-1.5,Outdoor,https://www.tfrrs.org/results/60530/3679847/USC_Trojan_Invite/100-Hurdles,TFRRS all_performances
"Daley, Megan",Baylor,Big 12,100H,2019,1,,,15.14,seconds,Roadrunner Invitational,2019-03-21,,,1.4,Outdoor,https://www.tfrrs.org/results/59832/3715686/Roadrunner_Invitational/100-Hurdles,TFRRS all_performances
"Miller, Alyssa",Baylor,Big 12,100H,2019,1,,,14.41,seconds,Roadrunner Invitational,2019-03-21,,,1.1,Outdoor,https://www.tfrrs.org/results/59832/3715686/Roadrunner_Invitational/100-Hurdles,TFRRS all_performances
"Peacock, Tiffani",Baylor,Big 12,100H,2019,2,,,16.81,seconds,Roadrunner Invitational,2019-03-21,,,0.1,Outdoor,https://www.tfrrs.org/results/59832/3715686/Roadrunner_Invitational/100-Hurdles,TFRRS all_performances
"Morrison, Eva",Baylor,Big 12,100H,2019,4,,,15.76,seconds,Baylor Invitational,2019-03-23,,,1.6,Outdoor,https://www.tfrrs.org/results/59494/3698426/Baylor_Invitational/100-Hurdles,TFRRS all_performances
"Miller, Alyssa",Baylor,Big 12,100H,2019,1,,,14.52,seconds,The Reveille Meet,2019-04-06,,,0.5,Outdoor,https://www.tfrrs.org/results/61495/3745172/The_Reveille_Meet/100-Hurdles,TFRRS all_performances
"Peacock, Tiffani",Baylor,Big 12,100H,2019,2,,,16.06,seconds,The Reveille Meet,2019-04-06,,,0.5,Outdoor,https://www.tfrrs.org/results/61495/3745172/The_Reveille_Meet/100-Hurdles,TFRRS all_performances
"Yocum, Sarah",Baylor,Big 12,100H,2019,2,,,13.91,seconds,The Reveille Meet,2019-04-06,,,0.5,Outdoor,https://www.tfrrs.org/results/61495/3745172/The_Reveille_Meet/100-Hurdles,TFRRS all_performances
"Morrison, Eva",Baylor,Big 12,100H,2019,4,,,15.27,seconds,Michael Johnson Invitational,2019-04-19,,,1.4,Outdoor,https://www.tfrrs.org/results/59993/3791617/Michael_Johnson_Invitational/100-Hurdles,TFRRS all_performances
"Yocum, Sarah",Baylor,Big 12,100H,2019,2,,,14.46,seconds,Michael Johnson Invitational,2019-04-19,,,1.9,Outdoor,https://www.tfrrs.org/results/59993/3791617/Michael_Johnson_Invitational/100-Hurdles,TFRRS all_performances
"Bailey, Kennedy",Baylor,Big 12,100H,2019,2,,,13.45,seconds,National Relay Championships,2019-04-26,,,1.6,Outdoor,https://www.tfrrs.org/results/59967/3809640/National_Relay_Championships/100-Hurdles,TFRRS all_performances
"Daley, Megan",Baylor,Big 12,100H,2019,1,,,16.54,seconds,National Relay Championships,2019-04-26,,,0.7,Outdoor,https://www.tfrrs.org/results/59967/3809640/National_Relay_Championships/100-Hurdles,TFRRS all_performances
"Miller, Alyssa",Baylor,Big 12,100H,2019,1,,,14.22,seconds,National Relay Championships,2019-04-26,,,1.1,Outdoor,https://www.tfrrs.org/results/59967/3809640/National_Relay_Championships/100-Hurdles,TFRRS all_performances
"Yocum, Sarah",Baylor,Big 12,100H,2019,2,,,13.86,seconds,National Relay Championships,2019-04-26,,,1.1,Outdoor,https://www.tfrrs.org/results/59967/3809640/National_Relay_Championships/100-Hurdles,TFRRS all_performances
"Bailey, Kennedy",Baylor,Big 12,100H,2019,2,,,13.59,seconds,Big 12 Outdoor Track and Field Championships,2019-05-10,,,1.1,Outdoor,https://www.tfrrs.org/results/62013/3842369/Big_12_Outdoor_Track_and_Field_Championships/100-Hurdles,TFRRS all_performances
"Bailey, Kennedy",Baylor,Big 12,100H,2019,2,,,13.90,seconds,Big 12 Outdoor Track and Field Championships,2019-05-10,,,-0.9,Outdoor,https://www.tfrrs.org/results/62013/3842369/Big_12_Outdoor_Track_and_Field_Championships/100-Hurdles,TFRRS all_performances
"Yocum, Sarah",Baylor,Big 12,100H,2019,2,,,14.07,seconds,Big 12 Outdoor Track and Field Championships,2019-05-10,,,-0.6,Outdoor,https://www.tfrrs.org/results/62013/3842369/Big_12_Outdoor_Track_and_Field_Championships/100-Hurdles,TFRRS all_performances
"Hall, Kaylyn",Iowa State,Big 12,100H,2019,1,,,13.97,seconds,Arkansas Spring Invitational,2019-03-22,,,1.1,Outdoor,https://www.tfrrs.org/results/59965/3700858/Arkansas_Spring_Invitational/100-Hurdles,TFRRS all_performances
"Christie-Galloway, Keira",Iowa State,Big 12,100H,2019,1,,,13.28,seconds,Stanford Invitational,2019-03-29,,,1.4,Outdoor,https://www.tfrrs.org/results/61171/3721523/Stanford_Invitational/100-Hurdles,TFRRS all_performances
"Christie-Galloway, Keira",Iowa State,Big 12,100H,2019,1,,,13.49,seconds,Stanford Invitational,2019-03-29,,,-0.9,Outdoor,https://www.tfrrs.org/results/61171/3721523/Stanford_Invitational/100-Hurdles,TFRRS all_performances
"Coghill, Emily",Iowa State,Big 12,100H,2019,2,,,15.24,seconds,Stanford Invitational,2019-03-29,,,0.1,Outdoor,https://www.tfrrs.org/results/61171/3721523/Stanford_Invitational/100-Hurdles,TFRRS all_performances
"Hall, Kaylyn",Iowa State,Big 12,100H,2019,1,,,13.84,seconds,Stanford Invitational,2019-03-29,,,1.4,Outdoor,https://www.tfrrs.org/results/61171/3721523/Stanford_Invitational/100-Hurdles,TFRRS all_performances
"Vlahovic, Katarina",Iowa State,Big 12,100H,2019,1,,,14.13,seconds,Stanford Invitational,2019-03-29,,,-0.1,Outdoor,https://www.tfrrs.org/results/61171/3721523/Stanford_Invitational/100-Hurdles,TFRRS all_performances
"Christie-Galloway, Keira",Iowa State,Big 12,100H,2019,1,,,13.25,seconds,40th Sun Angel Track Classic,2019-04-05,,,1.3,Outdoor,https://www.tfrrs.org/results/58689/3746748/40th_Sun_Angel_Track_Classic/100-Hurdles,TFRRS all_performances
"Coghill, Emily",Iowa State,Big 12,100H,2019,2,,,14.75,seconds,40th Sun Angel Track Classic,2019-04-05,,,1.6,Outdoor,https://www.tfrrs.org/results/58689/3746748/40th_Sun_Angel_Track_Classic/100-Hurdles,TFRRS all_performances
"Hall, Kaylyn",Iowa State,Big 12,100H,2019,1,,,13.84,seconds,40th Sun Angel Track Classic,2019-04-05,,,-1.4,Outdoor,https://www.tfrrs.org/results/58689/3746748/40th_Sun_Angel_Track_Classic/100-Hurdles,TFRRS all_performances
"Vlahovic, Katarina",Iowa State,Big 12,100H,2019,1,,,14.24,seconds,40th Sun Angel Track Classic,2019-04-05,,,-0.2,Outdoor,https://www.tfrrs.org/results/58689/3746748/40th_Sun_Angel_Track_Classic/100-Hurdles,TFRRS all_performances
"Christie-Galloway, Keira",Iowa State,Big 12,100H,2019,1,,,13.54,seconds,War Eagle Invitational 2019,2019-04-19,,,-1.0,Outdoor,https://www.tfrrs.org/results/57198/3790591/War_Eagle_Invitational_2019/100-Hurdles,TFRRS all_performances
"Coghill, Emily",Iowa State,Big 12,100H,2019,2,,,14.68,seconds,War Eagle Invitational 2019,2019-04-19,,,1.0,Outdoor,https://www.tfrrs.org/results/57198/3790591/War_Eagle_Invitational_2019/100-Hurdles,TFRRS all_performances
"Hall, Kaylyn",Iowa State,Big 12,100H,2019,1,,,14.04,seconds,War Eagle Invitational 2019,2019-04-19,,,-1.0,Outdoor,https://www.tfrrs.org/results/57198/3790591/War_Eagle_Invitational_2019/100-Hurdles,TFRRS all_performances
"Vlahovic, Katarina",Iowa State,Big 12,100H,2019,1,,,14.45,seconds,War Eagle Invitational 2019,2019-04-19,,,-1.0,Outdoor,https://www.tfrrs.org/results/57198/3790591/War_Eagle_Invitational_2019/100-Hurdles,TFRRS all_performances
"Christie-Galloway, Keira",Iowa State,Big 12,100H,2019,1,,,13.10,seconds,Big 12 Outdoor Track and Field Championships,2019-05-10,,,1.1,Outdoor,https://www.tfrrs.org/results/62013/3842369/Big_12_Outdoor_Track_and_Field_Championships/100-Hurdles,TFRRS all_performances
"Christie-Galloway, Keira",Iowa State,Big 12,100H,2019,1,,,13.32,seconds,Big 12 Outdoor Track and Field Championships,2019-05-10,,,-0.6,Outdoor,https://www.tfrrs.org/results/62013/3842369/Big_12_Outdoor_Track_and_Field_Championships/100-Hurdles,TFRRS all_performances
"Coghill, Emily",Iowa State,Big 12,100H,2019,2,,,15.74,seconds,Big 12 Outdoor Track and Field Championships,2019-05-10,,,-0.6,Outdoor,https://www.tfrrs.org/results/62013/3842369/Big_12_Outdoor_Track_and_Field_Championships/100-Hurdles,TFRRS all_performances
"Hall, Kaylyn",Iowa State,Big 12,100H,2019,1,,,13.72,seconds,Big 12 Outdoor Track and Field Championships,2019-05-10,,,1.1,Outdoor,https://www.tfrrs.org/results/62013/3842369/Big_12_Outdoor_Track_and_Field_Championships/100-Hurdles,TFRRS all_performances
"Hall, Kaylyn",Iowa State,Big 12,100H,2019,1,,,13.98,seconds,Big 12 Outdoor Track and Field Championships,2019-05-10,,,-0.9,Outdoor,https://www.tfrrs.org/results/62013/3842369/Big_12_Outdoor_Track_and_Field_Championships/100-Hurdles,TFRRS all_performances
"Vlahovic, Katarina",Iowa State,Big 12,100H,2019,1,,,14.33,seconds,Big 12 Outdoor Track and Field Championships,2019-05-10,,,-0.9,Outdoor,https://www.tfrrs.org/results/62013/3842369/Big_12_Outdoor_Track_and_Field_Championships/100-Hurdles,TFRRS all_performances
"Christie-Galloway, Keira",Iowa State,Big 12,100H,2019,1,,,13.18,seconds,NCAA Division I West Region Preliminary Rounds,2019-05-23,,,2.0,Outdoor,https://www.tfrrs.org/results/62651/3849074/NCAA_Division_I_West_Region_Preliminary_Rounds/100-Hurdles,TFRRS all_performances
"Christie-Galloway, Keira",Iowa State,Big 12,100H,2019,1,,,13.20,seconds,NCAA Division I West Region Preliminary Rounds,2019-05-23,,,0.2,Outdoor,https://www.tfrrs.org/results/62651/3849074/NCAA_Division_I_West_Region_Preliminary_Rounds/100-Hurdles,TFRRS all_performances
"Hall, Kaylyn",Iowa State,Big 12,100H,2019,1,,,13.65,seconds,NCAA Division I West Region Preliminary Rounds,2019-05-23,,,1.7,Outdoor,https://www.tfrrs.org/results/62651/3849074/NCAA_Division_I_West_Region_Preliminary_Rounds/100-Hurdles,TFRRS all_performances
"Christie-Galloway, Keira",Iowa State,Big 12,100H,2019,1,,,13.15,seconds,NCAA Division I Outdoor Track & Field Championships,2019-06-05,,,1.1,Outdoor,https://www.tfrrs.org/results/62668/3850665/NCAA_Division_I_Outdoor_Track__Field_Championships/100-Hurdles,TFRRS all_performances
"Glenn, Kyla",Texas Tech,Big 12,100H,2019,2,,,14.50,seconds,ACU Wes Kittley Invitational & Multi 2019,2019-03-14,,,0.8,Outdoor,https://www.tfrrs.org/results/60064/3679970/ACU_Wes_Kittley_Invitational__Multi_2019/100-Hurdles,TFRRS all_performances
"Njoku, Rose",Texas Tech,Big 12,100H,2019,3,,,14.32,seconds,ACU Wes Kittley Invitational & Multi 2019,2019-03-14,,,0.8,Outdoor,https://www.tfrrs.org/results/60064/3679970/ACU_Wes_Kittley_Invitational__Multi_2019/100-Hurdles,TFRRS all_performances
"Willams, Tiara",Texas Tech,Big 12,100H,2019,3,,,14.59,seconds,ACU Wes Kittley Invitational & Multi 2019,2019-03-14,,,0.8,Outdoor,https://www.tfrrs.org/results/60064/3679970/ACU_Wes_Kittley_Invitational__Multi_2019/100-Hurdles,TFRRS all_performances
"Glenn, Kyla",Texas Tech,Big 12,100H,2019,2,,,14.20,seconds,Fearless Champion Open,2019-03-22,,,-0.2,Outdoor,https://www.tfrrs.org/results/60862/3699906/Fearless_Champion_Open/100-Hurdles,TFRRS all_performances
"Harris, Kaylor",Texas Tech,Big 12,100H,2019,2,,,14.10,seconds,Fearless Champion Open,2019-03-22,,,-0.2,Outdoor,https://www.tfrrs.org/results/60862/3699906/Fearless_Champion_Open/100-Hurdles,TFRRS all_performances
"Njoku, Rose",Texas Tech,Big 12,100H,2019,3,,,13.69,seconds,Fearless Champion Open,2019-03-22,,,-0.2,Outdoor,https://www.tfrrs.org/results/60862/3699906/Fearless_Champion_Open/100-Hurdles,TFRRS all_performances
"Willams, Tiara",Texas Tech,Big 12,100H,2019,3,,,14.10,seconds,Fearless Champion Open,2019-03-22,,,-0.2,Outdoor,https://www.tfrrs.org/results/60862/3699906/Fearless_Champion_Open/100-Hurdles,TFRRS all_performances
"Johnson, Alaysha",Texas Tech,Big 12,100H,2019,4,,,13.26,seconds,2019 92nd Clyde Littlefield Texas Relays,2019-03-27,,,1.3,Outdoor,https://www.tfrrs.org/results/59286/3721787/2019_92nd_Clyde_Littlefield_Texas_Relays/100-Hurdles,TFRRS all_performances
"Harris, Kaylor",Texas Tech,Big 12,100H,2019,2,,,13.82,seconds,The Reveille Meet,2019-04-06,,,1.0,Outdoor,https://www.tfrrs.org/results/61495/3745172/The_Reveille_Meet/100-Hurdles,TFRRS all_performances
"Johnson, Alaysha",Texas Tech,Big 12,100H,2019,4,,,13.33,seconds,The Reveille Meet,2019-04-06,,,0.5,Outdoor,https://www.tfrrs.org/results/61495/3745172/The_Reveille_Meet/100-Hurdles,TFRRS all_performances
"Njoku, Rose",Texas Tech,Big 12,100H,2019,3,,,13.80,seconds,Jim Click Shootout,2019-04-06,,,1.8,Outdoor,https://www.tfrrs.org/results/59968/3745263/Jim_Click_Shootout/100-Hurdles,TFRRS all_performances
"Walker, Ivy",Texas Tech,Big 12,100H,2019,3,,,14.20,seconds,The Reveille Meet,2019-04-06,,,1.0,Outdoor,https://www.tfrrs.org/results/61495/3745172/The_Reveille_Meet/100-Hurdles,TFRRS all_performances
"Willams, Tiara",Texas Tech,Big 12,100H,2019,3,,,14.34,seconds,Jim Click Shootout,2019-04-06,,,1.8,Outdoor,https://www.tfrrs.org/results/59968/3745263/Jim_Click_Shootout/100-Hurdles,TFRRS all_performances
"Glenn, Kyla",Texas Tech,Big 12,100H,2019,2,,,14.40,seconds,Michael Johnson Invitational,2019-04-19,,,1.9,Outdoor,https://www.tfrrs.org/results/59993/3791617/Michael_Johnson_Invitational/100-Hurdles,TFRRS all_performances
"Njoku, Rose",Texas Tech,Big 12,100H,2019,3,,,13.66,seconds,Michael Johnson Invitational,2019-04-19,,,1.9,Outdoor,https://www.tfrrs.org/results/59993/3791617/Michael_Johnson_Invitational/100-Hurdles,TFRRS all_performances
"Walker, Ivy",Texas Tech,Big 12,100H,2019,3,,,16.73,seconds,Michael Johnson Invitational,2019-04-19,,,1.9,Outdoor,https://www.tfrrs.org/results/59993/3791617/Michael_Johnson_Invitational/100-Hurdles,TFRRS all_performances
"Willams, Tiara",Texas Tech,Big 12,100H,2019,3,,,14.05,seconds,Michael Johnson Invitational,2019-04-19,,,1.9,Outdoor,https://www.tfrrs.org/results/59993/3791617/Michael_Johnson_Invitational/100-Hurdles,TFRRS all_performances
"Glenn, Kyla",Texas Tech,Big 12,100H,2019,2,,,14.13,seconds,TTU Masked Rider Open,2019-05-04,,,1.1,Outdoor,https://www.tfrrs.org/results/62497/3828712/TTU_Masked_Rider_Open/100-Hurdles,TFRRS all_performances
"Glenn, Kyla",Texas Tech,Big 12,100H,2019,2,,,14.70,seconds,Big 12 Outdoor Track and Field Championships,2019-05-10,,,-0.6,Outdoor,https://www.tfrrs.org/results/62013/3842369/Big_12_Outdoor_Track_and_Field_Championships/100-Hurdles,TFRRS all_performances
"Johnson, Alaysha",Texas Tech,Big 12,100H,2019,4,,,13.34,seconds,Big 12 Outdoor Track and Field Championships,2019-05-10,,,1.1,Outdoor,https://www.tfrrs.org/results/62013/3842369/Big_12_Outdoor_Track_and_Field_Championships/100-Hurdles,TFRRS all_performances
"Johnson, Alaysha",Texas Tech,Big 12,100H,2019,4,,,13.56,seconds,Big 12 Outdoor Track and Field Championships,2019-05-10,,,-0.9,Outdoor,https://www.tfrrs.org/results/62013/3842369/Big_12_Outdoor_Track_and_Field_Championships/100-Hurdles,TFRRS all_performances
"Njoku, Rose",Texas Tech,Big 12,100H,2019,3,,,13.56,seconds,Big 12 Outdoor Track and Field Championships,2019-05-10,,,1.1,Outdoor,https://www.tfrrs.org/results/62013/3842369/Big_12_Outdoor_Track_and_Field_Championships/100-Hurdles,TFRRS all_performances
"Njoku, Rose",Texas Tech,Big 12,100H,2019,3,,,13.77,seconds,Big 12 Outdoor Track and Field Championships,2019-05-10,,,-0.9,Outdoor,https://www.tfrrs.org/results/62013/3842369/Big_12_Outdoor_Track_and_Field_Championships/100-Hurdles,TFRRS all_performances
"Walker, Ivy",Texas Tech,Big 12,100H,2019,3,,,14.40,seconds,Big 12 Outdoor Track and Field Championships,2019-05-10,,,-0.6,Outdoor,https://www.tfrrs.org/results/62013/3842369/Big_12_Outdoor_Track_and_Field_Championships/100-Hurdles,TFRRS all_performances
"Johnson, Alaysha",Texas Tech,Big 12,100H,2019,4,,,12.93,seconds,NCAA Division I West Region Preliminary Rounds,2019-05-23,,,1.2,Outdoor,https://www.tfrrs.org/results/62651/3849074/NCAA_Division_I_West_Region_Preliminary_Rounds/100-Hurdles,TFRRS all_performances
"Johnson, Alaysha",Texas Tech,Big 12,100H,2019,4,,,13.35,seconds,NCAA Division I West Region Preliminary Rounds,2019-05-23,,,-0.3,Outdoor,https://www.tfrrs.org/results/62651/3849074/NCAA_Division_I_West_Region_Preliminary_Rounds/100-Hurdles,TFRRS all_performances
"Njoku, Rose",Texas Tech,Big 12,100H,2019,3,,,13.63,seconds,NCAA Division I West Region Preliminary Rounds,2019-05-23,,,0.2,Outdoor,https://www.tfrrs.org/results/62651/3849074/NCAA_Division_I_West_Region_Preliminary_Rounds/100-Hurdles,TFRRS all_performances
"Walker, Ivy",Texas Tech,Big 12,100H,2019,3,,,14.35,seconds,NCAA Division I West Region Preliminary Rounds,2019-05-23,,,1.3,Outdoor,https://www.tfrrs.org/results/62651/3849074/NCAA_Division_I_West_Region_Preliminary_Rounds/100-Hurdles,TFRRS all_performances
"Johnson, Alaysha",Texas Tech,Big 12,100H,2019,4,,,12.92,seconds,NCAA Division I Outdoor Track & Field Championships,2019-06-05,,,1.1,Outdoor,https://www.tfrrs.org/results/62668/3850665/NCAA_Division_I_Outdoor_Track__Field_Championships/100-Hurdles,TFRRS all_performances
"Jones, Alexis",Illinois,Big Ten,100H,2019,2,,,15.17,seconds,SIU Bill Cornell Spring Classic,2019-03-22,,,-1.2,Outdoor,https://www.tfrrs.org/results/60263/3698813/SIU_Bill_Cornell_Spring_Classic/100-Hurdles,TFRRS all_performances
"Kendziera, Brenda",Illinois,Big Ten,100H,2019,3,,,16.61,seconds,SIU Bill Cornell Spring Classic,2019-03-22,,,-1.9,Outdoor,https://www.tfrrs.org/results/60263/3698813/SIU_Bill_Cornell_Spring_Classic/100-Hurdles,TFRRS all_performances
"Seay, Maya",Illinois,Big Ten,100H,2019,2,,,14.54,seconds,SIU Bill Cornell Spring Classic,2019-03-22,,,-1.2,Outdoor,https://www.tfrrs.org/results/60263/3698813/SIU_Bill_Cornell_Spring_Classic/100-Hurdles,TFRRS all_performances
"Weaver, Kionna",Illinois,Big Ten,100H,2019,1,,,14.74,seconds,SIU Bill Cornell Spring Classic,2019-03-22,,,-1.2,Outdoor,https://www.tfrrs.org/results/60263/3698813/SIU_Bill_Cornell_Spring_Classic/100-Hurdles,TFRRS all_performances
"Seay, Maya",Illinois,Big Ten,100H,2019,2,,,14.22,seconds,Ole Miss Classic,2019-03-30,,,1.8,Outdoor,https://www.tfrrs.org/results/60311/3718697/Ole_Miss_Classic/100-Hurdles,TFRRS all_performances
"Weaver, Kionna",Illinois,Big Ten,100H,2019,1,,,14.46,seconds,Ole Miss Classic,2019-03-30,,,1.8,Outdoor,https://www.tfrrs.org/results/60311/3718697/Ole_Miss_Classic/100-Hurdles,TFRRS all_performances
"Seay, Maya",Illinois,Big Ten,100H,2019,2,,,14.63,seconds,The Reveille Meet,2019-04-06,,,0.5,Outdoor,https://www.tfrrs.org/results/61495/3745172/The_Reveille_Meet/100-Hurdles,TFRRS all_performances
"Weaver, Kionna",Illinois,Big Ten,100H,2019,1,,,14.98,seconds,The Reveille Meet,2019-04-06,,,0.5,Outdoor,https://www.tfrrs.org/results/61495/3745172/The_Reveille_Meet/100-Hurdles,TFRRS all_performances
"Kendziera, Brenda",Illinois,Big Ten,100H,2019,3,,,15.68,seconds,Illinois Twilight,2019-04-13,,,1.3,Outdoor,https://www.tfrrs.org/results/61249/3770533/Illinois_Twilight/100-Hurdles,TFRRS all_performances
"Seay, Maya",Illinois,Big Ten,100H,2019,2,,,13.80,seconds,Illinois Twilight,2019-04-13,,,1.2,Outdoor,https://www.tfrrs.org/results/61249/3770533/Illinois_Twilight/100-Hurdles,TFRRS all_performances
"Weaver, Kionna",Illinois,Big Ten,100H,2019,1,,,14.42,seconds,Illinois Twilight,2019-04-13,,,1.2,Outdoor,https://www.tfrrs.org/results/61249/3770533/Illinois_Twilight/100-Hurdles,TFRRS all_performances
"Kendziera, Brenda",Illinois,Big Ten,100H,2019,3,,,17.35,seconds,2019 Kip Janvrin Open,2019-04-25,,,1.0,Outdoor,https://www.tfrrs.org/results/62304/3808798/2019_Kip_Janvrin_Open/100-Hurdles,TFRRS all_performances
"Seay, Maya",Illinois,Big Ten,100H,2019,2,,,14.23,seconds,Big Ten Championships,2019-05-10,,,0.6,Outdoor,https://www.tfrrs.org/results/62601/3841972/Big_Ten_Championships/100-Hurdles,TFRRS all_performances
"Weaver, Kionna",Illinois,Big Ten,100H,2019,1,,,14.49,seconds,Big Ten Championships,2019-05-10,,,0.6,Outdoor,https://www.tfrrs.org/results/62601/3841972/Big_Ten_Championships/100-Hurdles,TFRRS all_performances
"Freeman, Chanel",Nebraska,Big Ten,100H,2019,4,,,13.79,seconds,Wichita State Herm Wilson Invitational,2019-03-21,,,1.3,Outdoor,https://www.tfrrs.org/results/59821/3698249/Wichita_State_Herm_Wilson_Invitational/100-Hurdles,TFRRS all_performances
"Freeman, Chanel",Nebraska,Big Ten,100H,2019,4,,,13.77,seconds,Florida Relays,2019-03-28,,,0.4,Outdoor,https://www.tfrrs.org/results/59113/3716304/Florida_Relays/100-Hurdles,TFRRS all_performances
"Barge, Jasmine",Nebraska,Big Ten,100H,2019,4,,,13.35,seconds,Crimson Tide Invitational,2019-04-11,,,1.6,Outdoor,https://www.tfrrs.org/results/61791/3763776/Crimson_Tide_Invitational/100-Hurdles,TFRRS all_performances
"Freeman, Chanel",Nebraska,Big Ten,100H,2019,4,,,13.53,seconds,Crimson Tide Invitational,2019-04-11,,,1.6,Outdoor,https://www.tfrrs.org/results/61791/3763776/Crimson_Tide_Invitational/100-Hurdles,TFRRS all_performances
"Barge, Jasmine",Nebraska,Big Ten,100H,2019,4,,,13.48,seconds,2019 Nebraska Invitational,2019-05-04,,,0.4,Outdoor,https://www.tfrrs.org/results/58202/3828651/2019_Nebraska_Invitational/100-Hurdles,TFRRS all_performances
"Scholl, Madi",Nebraska,Big Ten,100H,2019,1,,,15.78,seconds,2019 Nebraska Invitational,2019-05-04,,,0.4,Outdoor,https://www.tfrrs.org/results/58202/3828651/2019_Nebraska_Invitational/100-Hurdles,TFRRS all_performances
"Barge, Jasmine",Nebraska,Big Ten,100H,2019,4,,,13.25,seconds,Big Ten Championships,2019-05-10,,,1.0,Outdoor,https://www.tfrrs.org/results/62601/3841972/Big_Ten_Championships/100-Hurdles,TFRRS all_performances
"Freeman, Chanel",Nebraska,Big Ten,100H,2019,4,,,13.20,seconds,Big Ten Championships,2019-05-10,,,0.6,Outdoor,https://www.tfrrs.org/results/62601/3841972/Big_Ten_Championships/100-Hurdles,TFRRS all_performances
"Freeman, Chanel",Nebraska,Big Ten,100H,2019,4,,,13.47,seconds,Big Ten Championships,2019-05-10,,,1.0,Outdoor,https://www.tfrrs.org/results/62601/3841972/Big_Ten_Championships/100-Hurdles,TFRRS all_performances
"Barge, Jasmine",Nebraska,Big Ten,100H,2019,4,,,13.43,seconds,NCAA Division I West Region Preliminary Rounds,2019-05-23,,,1.7,Outdoor,https://www.tfrrs.org/results/62651/3849074/NCAA_Division_I_West_Region_Preliminary_Rounds/100-Hurdles,TFRRS all_performances
"Freeman, Chanel",Nebraska,Big Ten,100H,2019,4,,,13.20,seconds,NCAA Division I West Region Preliminary Rounds,2019-05-23,,,2.0,Outdoor,https://www.tfrrs.org/results/62651/3849074/NCAA_Division_I_West_Region_Preliminary_Rounds/100-Hurdles,TFRRS all_performances
"Freeman, Chanel",Nebraska,Big Ten,100H,2019,4,,,13.08,seconds,NCAA Division I Outdoor Track & Field Championships,2019-06-05,,,2.0,Outdoor,https://www.tfrrs.org/results/62668/3850665/NCAA_Division_I_Outdoor_Track__Field_Championships/100-Hurdles,TFRRS all_performances
"Jackson, Khadejah",Oregon,Big Ten,100H,2019,4,,,14.50,seconds,41st Annual Aztec Invitational,2019-03-22,,,-0.9,Outdoor,https://www.tfrrs.org/results/58498/3701086/41st_Annual_Aztec_Invitational/100-Hurdles,TFRRS all_performances
"McCarrell, Keira",Oregon,Big Ten,100H,2019,2,,,15.06,seconds,41st Annual Aztec Invitational,2019-03-22,,,0.4,Outdoor,https://www.tfrrs.org/results/58498/3701086/41st_Annual_Aztec_Invitational/100-Hurdles,TFRRS all_performances
"Robinson, Kaylah",Oregon,Big Ten,100H,2019,2,,,14.08,seconds,41st Annual Aztec Invitational,2019-03-22,,,-1.1,Outdoor,https://www.tfrrs.org/results/58498/3701086/41st_Annual_Aztec_Invitational/100-Hurdles,TFRRS all_performances
"Sloan, Emily",Oregon,Big Ten,100H,2019,1,,,13.78,seconds,41st Annual Aztec Invitational,2019-03-22,,,-1.1,Outdoor,https://www.tfrrs.org/results/58498/3701086/41st_Annual_Aztec_Invitational/100-Hurdles,TFRRS all_performances
"Foster, Rhesa",Oregon,Big Ten,100H,2019,3,,,14.36,seconds,40th Sun Angel Track Classic,2019-04-05,,,-1.4,Outdoor,https://www.tfrrs.org/results/58689/3746748/40th_Sun_Angel_Track_Classic/100-Hurdles,TFRRS all_performances
"Jackson, Khadejah",Oregon,Big Ten,100H,2019,4,,,14.32,seconds,40th Sun Angel Track Classic,2019-04-05,,,-1.4,Outdoor,https://www.tfrrs.org/results/58689/3746748/40th_Sun_Angel_Track_Classic/100-Hurdles,TFRRS all_performances
"McCarrell, Keira",Oregon,Big Ten,100H,2019,2,,,14.72,seconds,40th Sun Angel Track Classic,2019-04-05,,,1.6,Outdoor,https://www.tfrrs.org/results/58689/3746748/40th_Sun_Angel_Track_Classic/100-Hurdles,TFRRS all_performances
"Robinson, Kaylah",Oregon,Big Ten,100H,2019,2,,,13.48,seconds,40th Sun Angel Track Classic,2019-04-05,,,-0.2,Outdoor,https://www.tfrrs.org/results/58689/3746748/40th_Sun_Angel_Track_Classic/100-Hurdles,TFRRS all_performances
"Sloan, Emily",Oregon,Big Ten,100H,2019,1,,,13.53,seconds,40th Sun Angel Track Classic,2019-04-05,,,-0.2,Outdoor,https://www.tfrrs.org/results/58689/3746748/40th_Sun_Angel_Track_Classic/100-Hurdles,TFRRS all_performances
"McCarrell, Keira",Oregon,Big Ten,100H,2019,2,,,14.48,seconds,Bryan Clay Invitational,2019-04-17,,,1.1,Outdoor,https://www.tfrrs.org/results/58368/3818687/Bryan_Clay_Invitational/100-Hurdles,TFRRS all_performances
"Foster, Rhesa",Oregon,Big Ten,100H,2019,3,,,14.03,seconds,Mt. SAC Relays,2019-04-18,,,0.8,Outdoor,https://www.tfrrs.org/results/62078/3792820/Mt_SAC_Relays/100-Hurdles,TFRRS all_performances
"Robinson, Kaylah",Oregon,Big Ten,100H,2019,2,,,13.46,seconds,Mt. SAC Relays,2019-04-18,,,1.3,Outdoor,https://www.tfrrs.org/results/62078/3792820/Mt_SAC_Relays/100-Hurdles,TFRRS all_performances
"Robinson, Kaylah",Oregon,Big Ten,100H,2019,2,,,13.53,seconds,Mt. SAC Relays,2019-04-18,,,+0.0,Outdoor,https://www.tfrrs.org/results/62078/3792820/Mt_SAC_Relays/100-Hurdles,TFRRS all_performances
"Sloan, Emily",Oregon,Big Ten,100H,2019,1,,,13.26,seconds,Mt. SAC Relays,2019-04-18,,,1.3,Outdoor,https://www.tfrrs.org/results/62078/3792820/Mt_SAC_Relays/100-Hurdles,TFRRS all_performances
"Sloan, Emily",Oregon,Big Ten,100H,2019,1,,,13.45,seconds,Mt. SAC Relays,2019-04-18,,,-0.8,Outdoor,https://www.tfrrs.org/results/62078/3792820/Mt_SAC_Relays/100-Hurdles,TFRRS all_performances
"Sloan, Emily",Oregon,Big Ten,100H,2019,1,,,13.22,seconds,2019 Desert Heat Classic,2019-04-27,,,1.3,Outdoor,https://www.tfrrs.org/results/61602/3813587/2019_Desert_Heat_Classic/100-Hurdles,TFRRS all_performances
"Foster, Rhesa",Oregon,Big Ten,100H,2019,3,,,13.62,seconds,2019 Pac-12 Track & Field Championships,2019-05-04,,,0.5,Outdoor,https://www.tfrrs.org/results/61226/3842515/2019_Pac-12_Track__Field_Championships/100-Hurdles,TFRRS all_performances
"Foster, Rhesa",Oregon,Big Ten,100H,2019,3,,,13.71,seconds,2019 Pac-12 Track & Field Championships,2019-05-04,,,0.7,Outdoor,https://www.tfrrs.org/results/61226/3842515/2019_Pac-12_Track__Field_Championships/100-Hurdles,TFRRS all_performances
"Jackson, Khadejah",Oregon,Big Ten,100H,2019,4,,,13.93,seconds,2019 Pac-12 Track & Field Championships,2019-05-04,,,0.5,Outdoor,https://www.tfrrs.org/results/61226/3842515/2019_Pac-12_Track__Field_Championships/100-Hurdles,TFRRS all_performances
"McCarrell, Keira",Oregon,Big Ten,100H,2019,2,,,15.04,seconds,2019 Pac-12 Track & Field Championships,2019-05-04,,,0.1,Outdoor,https://www.tfrrs.org/results/61226/3842853/2019_Pac-12_Track__Field_Championships/100-Hurdles,TFRRS all_performances
"Sloan, Emily",Oregon,Big Ten,100H,2019,1,,,13.18,seconds,2019 Pac-12 Track & Field Championships,2019-05-04,,,0.7,Outdoor,https://www.tfrrs.org/results/61226/3842515/2019_Pac-12_Track__Field_Championships/100-Hurdles,TFRRS all_performances
"Sloan, Emily",Oregon,Big Ten,100H,2019,1,,,13.31,seconds,2019 Pac-12 Track & Field Championships,2019-05-04,,,0.5,Outdoor,https://www.tfrrs.org/results/61226/3842515/2019_Pac-12_Track__Field_Championships/100-Hurdles,TFRRS all_performances
"Foster, Rhesa",Oregon,Big Ten,100H,2019,3,,,14.88,seconds,NCAA Division I West Region Preliminary Rounds,2019-05-23,,,1.2,Outdoor,https://www.tfrrs.org/results/62651/3849074/NCAA_Division_I_West_Region_Preliminary_Rounds/100-Hurdles,TFRRS all_performances
"Robinson, Kaylah",Oregon,Big Ten,100H,2019,2,,,13.12,seconds,NCAA Division I West Region Preliminary Rounds,2019-05-23,,,1.2,Outdoor,https://www.tfrrs.org/results/62651/3849074/NCAA_Division_I_West_Region_Preliminary_Rounds/100-Hurdles,TFRRS all_performances
"Sloan, Emily",Oregon,Big Ten,100H,2019,1,,,13.27,seconds,NCAA Division I West Region Preliminary Rounds,2019-05-23,,,1.2,Outdoor,https://www.tfrrs.org/results/62651/3849074/NCAA_Division_I_West_Region_Preliminary_Rounds/100-Hurdles,TFRRS all_performances
"Brissett, Chanel",USC,Big Ten,100H,2019,2,,,13.31,seconds,Miami Power 5 Trailblazer Challenge,2019-03-23,,,-2.6,Outdoor,https://www.tfrrs.org/results/58379/3697730/Miami_Power_5_Trailblazer_Challenge/100-Hurdles,TFRRS all_performances
"Brissett, Chanel",USC,Big Ten,100H,2019,2,,,12.87,seconds,Jim Click Shootout,2019-04-06,,,0.1,Outdoor,https://www.tfrrs.org/results/59968/3745269/Jim_Click_Shootout/100-Hurdles,TFRRS all_performances
"Hall, Dior",USC,Big Ten,100H,2019,4,,,13.18,seconds,Jim Click Shootout,2019-04-06,,,0.1,Outdoor,https://www.tfrrs.org/results/59968/3745269/Jim_Click_Shootout/100-Hurdles,TFRRS all_performances
"McGlaston, Mecca",USC,Big Ten,100H,2019,3,,,13.11,seconds,Jim Click Shootout,2019-04-06,,,0.1,Outdoor,https://www.tfrrs.org/results/59968/3745269/Jim_Click_Shootout/100-Hurdles,TFRRS all_performances
"Brissett, Chanel",USC,Big Ten,100H,2019,2,,,29.02,seconds,Mt. SAC Relays,2019-04-18,,,0.3,Outdoor,https://www.tfrrs.org/results/62078/3792784/Mt_SAC_Relays/100-Hurdles,TFRRS all_performances
"Hall, Dior",USC,Big Ten,100H,2019,4,,,12.96,seconds,Mt. SAC Relays,2019-04-18,,,1.1,Outdoor,https://www.tfrrs.org/results/62078/3792784/Mt_SAC_Relays/100-Hurdles,TFRRS all_performances
"McGlaston, Mecca",USC,Big Ten,100H,2019,3,,,13.07,seconds,Mt. SAC Relays,2019-04-18,,,1.1,Outdoor,https://www.tfrrs.org/results/62078/3792784/Mt_SAC_Relays/100-Hurdles,TFRRS all_performances
"Brissett, Chanel",USC,Big Ten,100H,2019,2,,,12.89,seconds,USC vs UCLA,2019-04-27,,,0.2,Outdoor,https://www.tfrrs.org/results/62337/3815352/USC_vs_UCLA/100-Hurdles,TFRRS all_performances
"Cockrell, Anna",USC,Big Ten,100H,2019,3,,,13.04,seconds,USC vs UCLA,2019-04-27,,,0.2,Outdoor,https://www.tfrrs.org/results/62337/3815352/USC_vs_UCLA/100-Hurdles,TFRRS all_performances
"Hall, Dior",USC,Big Ten,100H,2019,4,,,13.17,seconds,USC vs UCLA,2019-04-27,,,0.2,Outdoor,https://www.tfrrs.org/results/62337/3815352/USC_vs_UCLA/100-Hurdles,TFRRS all_performances
"McGlaston, Mecca",USC,Big Ten,100H,2019,3,,,13.12,seconds,USC vs UCLA,2019-04-27,,,0.2,Outdoor,https://www.tfrrs.org/results/62337/3815352/USC_vs_UCLA/100-Hurdles,TFRRS all_performances
"Brissett, Chanel",USC,Big Ten,100H,2019,2,,,12.70,seconds,2019 Pac-12 Track & Field Championships,2019-05-04,,,0.7,Outdoor,https://www.tfrrs.org/results/61226/3842515/2019_Pac-12_Track__Field_Championships/100-Hurdles,TFRRS all_performances
"Brissett, Chanel",USC,Big Ten,100H,2019,2,,,12.88,seconds,2019 Pac-12 Track & Field Championships,2019-05-04,,,0.4,Outdoor,https://www.tfrrs.org/results/61226/3842515/2019_Pac-12_Track__Field_Championships/100-Hurdles,TFRRS all_performances
"Cockrell, Anna",USC,Big Ten,100H,2019,3,,,12.92,seconds,2019 Pac-12 Track & Field Championships,2019-05-04,,,0.7,Outdoor,https://www.tfrrs.org/results/61226/3842515/2019_Pac-12_Track__Field_Championships/100-Hurdles,TFRRS all_performances
"Cockrell, Anna",USC,Big Ten,100H,2019,3,,,13.00,seconds,2019 Pac-12 Track & Field Championships,2019-05-04,,,0.2,Outdoor,https://www.tfrrs.org/results/61226/3842515/2019_Pac-12_Track__Field_Championships/100-Hurdles,TFRRS all_performances
"McGlaston, Mecca",USC,Big Ten,100H,2019,3,,,13.06,seconds,2019 Pac-12 Track & Field Championships,2019-05-04,,,0.2,Outdoor,https://www.tfrrs.org/results/61226/3842515/2019_Pac-12_Track__Field_Championships/100-Hurdles,TFRRS all_performances
"McGlaston, Mecca",USC,Big Ten,100H,2019,3,,,13.13,seconds,2019 Pac-12 Track & Field Championships,2019-05-04,,,0.7,Outdoor,https://www.tfrrs.org/results/61226/3842515/2019_Pac-12_Track__Field_Championships/100-Hurdles,TFRRS all_performances
"Brissett, Chanel",USC,Big Ten,100H,2019,2,,,13.01,seconds,NCAA Division I West Region Preliminary Rounds,2019-05-23,,,1.7,Outdoor,https://www.tfrrs.org/results/62651/3849074/NCAA_Division_I_West_Region_Preliminary_Rounds/100-Hurdles,TFRRS all_performances
"Cockrell, Anna",USC,Big Ten,100H,2019,3,,,12.85,seconds,NCAA Division I West Region Preliminary Rounds,2019-05-23,,,2.0,Outdoor,https://www.tfrrs.org/results/62651/3849074/NCAA_Division_I_West_Region_Preliminary_Rounds/100-Hurdles,TFRRS all_performances
"Cockrell, Anna",USC,Big Ten,100H,2019,3,,,13.09,seconds,NCAA Division I West Region Preliminary Rounds,2019-05-23,,,1.7,Outdoor,https://www.tfrrs.org/results/62651/3849074/NCAA_Division_I_West_Region_Preliminary_Rounds/100-Hurdles,TFRRS all_performances
"Hall, Dior",USC,Big Ten,100H,2019,4,,,13.10,seconds,NCAA Division I West Region Preliminary Rounds,2019-05-23,,,1.2,Outdoor,https://www.tfrrs.org/results/62651/3849074/NCAA_Division_I_West_Region_Preliminary_Rounds/100-Hurdles,TFRRS all_performances
"McGlaston, Mecca",USC,Big Ten,100H,2019,3,,,13.23,seconds,NCAA Division I West Region Preliminary Rounds,2019-05-23,,,1.7,Outdoor,https://www.tfrrs.org/results/62651/3849074/NCAA_Division_I_West_Region_Preliminary_Rounds/100-Hurdles,TFRRS all_performances
"McGlaston, Mecca",USC,Big Ten,100H,2019,3,,,39.99,seconds,NCAA Division I West Region Preliminary Rounds,2019-05-23,,,-0.3,Outdoor,https://www.tfrrs.org/results/62651/3849074/NCAA_Division_I_West_Region_Preliminary_Rounds/100-Hurdles,TFRRS all_performances
"Brissett, Chanel",USC,Big Ten,100H,2019,2,,,12.52,seconds,NCAA Division I Outdoor Track & Field Championships,2019-06-05,,,0.6,Outdoor,https://www.tfrrs.org/results/62668/3850665/NCAA_Division_I_Outdoor_Track__Field_Championships/100-Hurdles,TFRRS all_performances
"Brissett, Chanel",USC,Big Ten,100H,2019,2,,,12.70,seconds,NCAA Division I Outdoor Track & Field Championships,2019-06-05,,,2.0,Outdoor,https://www.tfrrs.org/results/62668/3850665/NCAA_Division_I_Outdoor_Track__Field_Championships/100-Hurdles,TFRRS all_performances
"Cockrell, Anna",USC,Big Ten,100H,2019,3,,,12.69,seconds,NCAA Division I Outdoor Track & Field Championships,2019-06-05,,,2.0,Outdoor,https://www.tfrrs.org/results/62668/3850665/NCAA_Division_I_Outdoor_Track__Field_Championships/100-Hurdles,TFRRS all_performances
"Cockrell, Anna",USC,Big Ten,100H,2019,3,,,12.80,seconds,NCAA Division I Outdoor Track & Field Championships,2019-06-05,,,0.6,Outdoor,https://www.tfrrs.org/results/62668/3850665/NCAA_Division_I_Outdoor_Track__Field_Championships/100-Hurdles,TFRRS all_performances
"Hill, Morganne",Washington,Big Ten,100H,2019,4,,,14.58,seconds,Stanford Invitational,2019-03-29,,,-0.9,Outdoor,https://www.tfrrs.org/results/61171/3721523/Stanford_Invitational/100-Hurdles,TFRRS all_performances
"Rusnak, Hannah",Washington,Big Ten,100H,2019,2,,,14.12,seconds,Stanford Invitational,2019-03-29,,,0.1,Outdoor,https://www.tfrrs.org/results/61171/3721523/Stanford_Invitational/100-Hurdles,TFRRS all_performances
"Wilson, Aaliyah",Washington,Big Ten,100H,2019,1,,,14.07,seconds,Stanford Invitational,2019-03-29,,,0.1,Outdoor,https://www.tfrrs.org/results/61171/3721523/Stanford_Invitational/100-Hurdles,TFRRS all_performances
"Wilson, Aaliyah",Washington,Big Ten,100H,2019,1,,,14.19,seconds,Stanford Invitational,2019-03-29,,,1.4,Outdoor,https://www.tfrrs.org/results/61171/3721523/Stanford_Invitational/100-Hurdles,TFRRS all_performances
"Hill, Morganne",Washington,Big Ten,100H,2019,4,,,14.09,seconds,UW vs WSU Dual,2019-04-06,,,1.4,Outdoor,https://www.tfrrs.org/results/61138/3747465/UW_vs_WSU_Dual/100-Hurdles,TFRRS all_performances
"Mills, Darhian",Washington,Big Ten,100H,2019,3,,,14.00,seconds,UW vs WSU Dual,2019-04-06,,,1.4,Outdoor,https://www.tfrrs.org/results/61138/3747465/UW_vs_WSU_Dual/100-Hurdles,TFRRS all_performances
"Rusnak, Hannah",Washington,Big Ten,100H,2019,2,,,13.75,seconds,UW vs WSU Dual,2019-04-06,,,1.4,Outdoor,https://www.tfrrs.org/results/61138/3747465/UW_vs_WSU_Dual/100-Hurdles,TFRRS all_performances
"Stueckle, Karlee",Washington,Big Ten,100H,2019,1,,,14.30,seconds,UW vs WSU Dual,2019-04-06,,,1.4,Outdoor,https://www.tfrrs.org/results/61138/3747465/UW_vs_WSU_Dual/100-Hurdles,TFRRS all_performances
"Jones-Toutant, Elinor",Washington,Big Ten,100H,2019,3,,,15.29,seconds,Bryan Clay Invitational,2019-04-17,,,+0.0,Outdoor,https://www.tfrrs.org/results/58368/3818673/Bryan_Clay_Invitational/100-Hurdles,TFRRS all_performances
"Jones-Toutant, Elinor",Washington,Big Ten,100H,2019,3,,,14.84,seconds,2019 Pac-12 Track & Field Championships,2019-05-04,,,0.7,Outdoor,https://www.tfrrs.org/results/61226/3842853/2019_Pac-12_Track__Field_Championships/100-Hurdles,TFRRS all_performances
"Rusnak, Hannah",Washington,Big Ten,100H,2019,2,,,13.59,seconds,2019 Pac-12 Track & Field Championships,2019-05-04,,,0.5,Outdoor,https://www.tfrrs.org/results/61226/3842515/2019_Pac-12_Track__Field_Championships/100-Hurdles,TFRRS all_performances
"Rusnak, Hannah",Washington,Big Ten,100H,2019,2,,,13.65,seconds,2019 Pac-12 Track & Field Championships,2019-05-04,,,0.7,Outdoor,https://www.tfrrs.org/results/61226/3842515/2019_Pac-12_Track__Field_Championships/100-Hurdles,TFRRS all_performances
"Rusnak, Hannah",Washington,Big Ten,100H,2019,2,,,13.68,seconds,2019 Pac-12 Track & Field Championships,2019-05-04,,,0.9,Outdoor,https://www.tfrrs.org/results/61226/3842853/2019_Pac-12_Track__Field_Championships/100-Hurdles,TFRRS all_performances
"Rusnak, Hannah",Washington,Big Ten,100H,2019,2,,,13.89,seconds,NCAA Division I West Region Preliminary Rounds,2019-05-23,,,1.2,Outdoor,https://www.tfrrs.org/results/62651/3849074/NCAA_Division_I_West_Region_Preliminary_Rounds/100-Hurdles,TFRRS all_performances
"Rusnak, Hannah",Washington,Big Ten,100H,2019,2,,,13.51,seconds,NCAA Division I Outdoor Track & Field Championships,2019-06-05,,,2.0,Outdoor,https://www.tfrrs.org/results/62668/3851131/NCAA_Division_I_Outdoor_Track__Field_Championships/100-Hurdles,TFRRS all_performances
"Johnson, Brandee",Florida,SEC,100H,2019,3,,,13.46,seconds,FSU Relays (College),2019-03-22,,,1.9,Outdoor,https://www.tfrrs.org/results/60843/3696045/FSU_Relays_College/100-Hurdles,TFRRS all_performances
"Johnson, Brandee",Florida,SEC,100H,2019,3,,,13.56,seconds,Florida Relays,2019-03-28,,,0.2,Outdoor,https://www.tfrrs.org/results/59113/3716304/Florida_Relays/100-Hurdles,TFRRS all_performances
"Johnson, Brandee",Florida,SEC,100H,2019,3,,,13.40,seconds,LSU Alumni Gold,2019-04-20,Final,9.0,2.8,Outdoor,https://tf.tfrrs.org/athletes/6099859/Florida/Brandee_Johnson.html,legacy_source_needs_review
"Froeynes, Amanda",Florida,SEC,100H,2019,2,,,14.87,seconds,UF Tom Jones Memorial,2019-04-26,,,0.7,Outdoor,https://www.tfrrs.org/results/57289/3810321/UF_Tom_Jones_Memorial/100-Hurdles,TFRRS all_performances
"Johnson, Brandee",Florida,SEC,100H,2019,3,,,13.39,seconds,UF Tom Jones Memorial,2019-04-26,,,1.1,Outdoor,https://www.tfrrs.org/results/57289/3810321/UF_Tom_Jones_Memorial/100-Hurdles,TFRRS all_performances
"Johnson, Brandee",Florida,SEC,100H,2019,3,,,13.90,seconds,UF Tom Jones Memorial,2019-04-26,Final,9.0,2.3,Outdoor,https://tf.tfrrs.org/athletes/6099859/Florida/Brandee_Johnson.html,legacy_source_needs_review
"Mitchell, Timetria",Florida,SEC,100H,2019,3,,,13.86,seconds,UF Tom Jones Memorial,2019-04-26,,,1.9,Outdoor,https://www.tfrrs.org/results/57289/3810321/UF_Tom_Jones_Memorial/100-Hurdles,TFRRS all_performances
"Johnson, Brandee",Florida,SEC,100H,2019,3,,,13.47,seconds,SEC Outdoor Track & Field Championships,2019-05-09,,,0.2,Outdoor,https://www.tfrrs.org/results/61797/3840900/SEC_Outdoor_Track__Field_Championships/100-Hurdles,TFRRS all_performances
"Mitchell, Timetria",Florida,SEC,100H,2019,3,,,13.56,seconds,SEC Outdoor Track & Field Championships,2019-05-09,,,0.2,Outdoor,https://www.tfrrs.org/results/61797/3840900/SEC_Outdoor_Track__Field_Championships/100-Hurdles,TFRRS all_performances
"Johnson, Brandee",Florida,SEC,100H,2019,3,,,36.06,seconds,NCAA Division I East Region Preliminary Rounds,2019-05-23,,,-0.2,Outdoor,https://www.tfrrs.org/results/62650/3849034/NCAA_Division_I_East_Region_Preliminary_Rounds/100-Hurdles,TFRRS all_performances
"Mitchell, Timetria",Florida,SEC,100H,2019,3,,,13.41,seconds,NCAA Division I East Region Preliminary Rounds,2019-05-23,Quarterfinal,,2.3,Outdoor,https://www.tfrrs.org/athletes/6099861/Florida/Timetria_Mitchell.html,legacy_source_needs_review
"Mitchell, Timetria",Florida,SEC,100H,2019,3,,,13.45,seconds,NCAA Division I East Region Preliminary Rounds,2019-05-23,,,0.8,Outdoor,https://www.tfrrs.org/results/62650/3849034/NCAA_Division_I_East_Region_Preliminary_Rounds/100-Hurdles,TFRRS all_performances
"Froeynes, Amanda",Florida,SEC,100H,2019,2,,,14.15,seconds,NCAA Division I Outdoor Track & Field Championships,2019-06-05,,,2.0,Outdoor,https://www.tfrrs.org/results/62668/3851131/NCAA_Division_I_Outdoor_Track__Field_Championships/100-Hurdles,TFRRS all_performances
"Carothers, Imani",Georgia,SEC,100H,2019,1,,,14.41,seconds,Spec Towns Invitational,2019-04-05,,,-0.5,Outdoor,https://www.tfrrs.org/results/61468/3741099/Spec_Towns_Invitational/100-Hurdles,TFRRS all_performances
"Lester, Sterling",Georgia,SEC,100H,2019,1,,,13.41,seconds,Spec Towns Invitational,2019-04-05,,,0.5,Outdoor,https://www.tfrrs.org/results/61468/3741104/Spec_Towns_Invitational/100-Hurdles,TFRRS all_performances
"Carothers, Imani",Georgia,SEC,100H,2019,1,,,13.62,seconds,Mt. SAC Relays,2019-04-18,,,1.2,Outdoor,https://www.tfrrs.org/results/62078/3792820/Mt_SAC_Relays/100-Hurdles,TFRRS all_performances
"Carothers, Imani",Georgia,SEC,100H,2019,1,,,13.67,seconds,Mt. SAC Relays,2019-04-18,,,1.3,Outdoor,https://www.tfrrs.org/results/62078/3792820/Mt_SAC_Relays/100-Hurdles,TFRRS all_performances
"Lester, Sterling",Georgia,SEC,100H,2019,1,,,13.85,seconds,Mt. SAC Relays,2019-04-18,,,0.1,Outdoor,https://www.tfrrs.org/results/62078/3792820/Mt_SAC_Relays/100-Hurdles,TFRRS all_performances
"Carothers, Imani",Georgia,SEC,100H,2019,1,,,14.17,seconds,Torrin Lawrence Memorial,2019-04-26,,,1.8,Outdoor,https://www.tfrrs.org/results/62312/3809712/Torrin_Lawrence_Memorial/100-Hurdles,TFRRS all_performances
"Lester, Sterling",Georgia,SEC,100H,2019,1,,,13.32,seconds,Torrin Lawrence Memorial,2019-04-26,,,1.8,Outdoor,https://www.tfrrs.org/results/62312/3809712/Torrin_Lawrence_Memorial/100-Hurdles,TFRRS all_performances
"Carothers, Imani",Georgia,SEC,100H,2019,1,,,13.86,seconds,SEC Outdoor Track & Field Championships,2019-05-09,,,0.1,Outdoor,https://www.tfrrs.org/results/61797/3840900/SEC_Outdoor_Track__Field_Championships/100-Hurdles,TFRRS all_performances
"Lester, Sterling",Georgia,SEC,100H,2019,1,,,13.39,seconds,SEC Outdoor Track & Field Championships,2019-05-09,,,1.1,Outdoor,https://www.tfrrs.org/results/61797/3841776/SEC_Outdoor_Track__Field_Championships/100-Hurdles,TFRRS all_performances
"Carothers, Imani",Georgia,SEC,100H,2019,1,,,DNF,seconds,NCAA Division I East Region Preliminary Rounds,2019-05-23,First Round,,-0.2,Outdoor,https://tf.tfrrs.org/athletes/6997733/Georgia/Imani_Carothers,legacy_source_needs_review
"Lester, Sterling",Georgia,SEC,100H,2019,1,,,13.23,seconds,NCAA Division I Outdoor Track & Field Championships,2019-06-05,,,0.9,Outdoor,https://www.tfrrs.org/results/62668/3851131/NCAA_Division_I_Outdoor_Track__Field_Championships/100-Hurdles,TFRRS all_performances
"Ross, Faith",Kentucky,SEC,100H,2019,3,,,14.06,seconds,UTSA Invitational,2019-03-15,,,+0.0,Outdoor,https://www.tfrrs.org/results/59826/3681949/UTSA_Invitational/100-Hurdles,TFRRS all_performances
"Russell, Masai",Kentucky,SEC,100H,2019,1,,,13.76,seconds,UTSA Invitational,2019-03-15,,,+0.0,Outdoor,https://www.tfrrs.org/results/59826/3681949/UTSA_Invitational/100-Hurdles,TFRRS all_performances
"Ross, Faith",Kentucky,SEC,100H,2019,3,,,13.62,seconds,Vanderbilt Black & Gold Invitational,2019-03-22,,,-1.0,Outdoor,https://www.tfrrs.org/results/60867/3700628/Vanderbilt_Black__Gold_Invitational/100-Hurdles,TFRRS all_performances
"Russell, Masai",Kentucky,SEC,100H,2019,1,,,14.01,seconds,Vanderbilt Black & Gold Invitational,2019-03-22,,,-1.0,Outdoor,https://www.tfrrs.org/results/60867/3700628/Vanderbilt_Black__Gold_Invitational/100-Hurdles,TFRRS all_performances
"Ross, Faith",Kentucky,SEC,100H,2019,3,,,13.32,seconds,Florida Relays,2019-03-28,Final,3.0,2.2,Outdoor,https://www.tfrrs.org/athletes/6083682/Kentucky/Ross_Faith,legacy_source_needs_review
"Russell, Masai",Kentucky,SEC,100H,2019,1,,,13.53,seconds,Florida Relays,2019-03-28,Final,10.0,2.2,Outdoor,https://www.tfrrs.org/athletes/6995394/Kentucky/Masai_Russell.html,legacy_source_needs_review
"Ross, Faith",Kentucky,SEC,100H,2019,3,,,12.89,seconds,Tennessee Relays,2019-04-11,Final,1.0,2.6,Outdoor,https://www.tfrrs.org/athletes/6083682/Kentucky/Ross_Faith,legacy_source_needs_review
"Russell, Masai",Kentucky,SEC,100H,2019,1,,,13.02,seconds,Tennessee Relays,2019-04-11,Final,3.0,2.6,Outdoor,https://www.tfrrs.org/athletes/6995394/Kentucky/Masai_Russell.html,legacy_source_needs_review
"Ross, Faith",Kentucky,SEC,100H,2019,3,,,16.42,seconds,Kentucky Track & Field Invitational,2019-04-20,,,0.1,Outdoor,https://www.tfrrs.org/results/57306/3790796/Kentucky_Track__Field_Invitational/100-Hurdles,TFRRS all_performances
"Russell, Masai",Kentucky,SEC,100H,2019,1,,,13.62,seconds,Kentucky Track & Field Invitational,2019-04-20,,,0.1,Outdoor,https://www.tfrrs.org/results/57306/3790796/Kentucky_Track__Field_Invitational/100-Hurdles,TFRRS all_performances
"Ross, Faith",Kentucky,SEC,100H,2019,3,,,13.24,seconds,Drake Relays presented by Hy-Vee,2019-04-24,Prelim,3.0,3.0,Outdoor,https://www.tfrrs.org/athletes/6083682/Kentucky/Ross_Faith,legacy_source_needs_review
"Ross, Faith",Kentucky,SEC,100H,2019,3,,,13.30,seconds,Drake Relays presented by Hy-Vee,2019-04-24,Final,1.0,2.3,Outdoor,https://www.tfrrs.org/athletes/6083682/Kentucky/Ross_Faith,legacy_source_needs_review
"Russell, Masai",Kentucky,SEC,100H,2019,1,,,13.76,seconds,Drake Relays presented by Hy-Vee,2019-04-24,Prelim,10.0,3.0,Outdoor,https://www.tfrrs.org/athletes/6995394/Kentucky/Masai_Russell.html,legacy_source_needs_review
"Ross, Faith",Kentucky,SEC,100H,2019,3,,,13.19,seconds,SEC Outdoor Track & Field Championships,2019-05-09,,,0.2,Outdoor,https://www.tfrrs.org/results/61797/3840900/SEC_Outdoor_Track__Field_Championships/100-Hurdles,TFRRS all_performances
"Ross, Faith",Kentucky,SEC,100H,2019,3,,,13.38,seconds,SEC Outdoor Track & Field Championships,2019-05-09,,,1.3,Outdoor,https://www.tfrrs.org/results/61797/3840900/SEC_Outdoor_Track__Field_Championships/100-Hurdles,TFRRS all_performances
"Russell, Masai",Kentucky,SEC,100H,2019,1,,,13.18,seconds,SEC Outdoor Track & Field Championships,2019-05-09,,,1.3,Outdoor,https://www.tfrrs.org/results/61797/3840900/SEC_Outdoor_Track__Field_Championships/100-Hurdles,TFRRS all_performances
"Russell, Masai",Kentucky,SEC,100H,2019,1,,,13.21,seconds,SEC Outdoor Track & Field Championships,2019-05-09,,,0.2,Outdoor,https://www.tfrrs.org/results/61797/3840900/SEC_Outdoor_Track__Field_Championships/100-Hurdles,TFRRS all_performances
"Ross, Faith",Kentucky,SEC,100H,2019,3,,,12.97,seconds,NCAA Division I East Region Preliminary Rounds,2019-05-23,Quarterfinal,7.0,2.3,Outdoor,https://www.tfrrs.org/athletes/6083682/Kentucky/Ross_Faith,legacy_source_needs_review
"Ross, Faith",Kentucky,SEC,100H,2019,3,,,13.31,seconds,NCAA Division I East Region Preliminary Rounds,2019-05-23,,,0.8,Outdoor,https://www.tfrrs.org/results/62650/3849034/NCAA_Division_I_East_Region_Preliminary_Rounds/100-Hurdles,TFRRS all_performances
"Russell, Masai",Kentucky,SEC,100H,2019,1,,,13.19,seconds,NCAA Division I East Region Preliminary Rounds,2019-05-23,,,0.7,Outdoor,https://www.tfrrs.org/results/62650/3849034/NCAA_Division_I_East_Region_Preliminary_Rounds/100-Hurdles,TFRRS all_performances
"Russell, Masai",Kentucky,SEC,100H,2019,1,,,13.35,seconds,NCAA Division I East Region Preliminary Rounds,2019-05-23,Quarterfinal,17.0,2.3,Outdoor,https://www.tfrrs.org/athletes/6995394/Kentucky/Masai_Russell.html,legacy_source_needs_review
"Ross, Faith",Kentucky,SEC,100H,2019,3,,,FS,seconds,NCAA Division I Outdoor Track & Field Championships,2019-06-05,Semifinal,,1.1,Outdoor,https://www.tfrrs.org/athletes/6083682/Kentucky/Ross_Faith,legacy_source_needs_review
"Fields, Jordan",South Carolina,SEC,100H,2019,2,,,14.52,seconds,Buccaneer Invitational,2019-03-23,,,1.7,Outdoor,https://www.tfrrs.org/results/58507/3701187/Buccaneer_Invitational/100-Hurdles,TFRRS all_performances
"Fields, Jordan",South Carolina,SEC,100H,2019,2,,,14.53,seconds,Buccaneer Invitational,2019-03-23,,,1.0,Outdoor,https://www.tfrrs.org/results/58507/3701187/Buccaneer_Invitational/100-Hurdles,TFRRS all_performances
"Parks, Milan",South Carolina,SEC,100H,2019,4,,,13.60,seconds,Buccaneer Invitational,2019-03-23,,,1.0,Outdoor,https://www.tfrrs.org/results/58507/3701187/Buccaneer_Invitational/100-Hurdles,TFRRS all_performances
"Parks, Milan",South Carolina,SEC,100H,2019,4,,,14.17,seconds,Buccaneer Invitational,2019-03-23,,,0.6,Outdoor,https://www.tfrrs.org/results/58507/3701187/Buccaneer_Invitational/100-Hurdles,TFRRS all_performances
"Parks, Milan",South Carolina,SEC,100H,2019,4,,,13.62,seconds,Florida Relays,2019-03-28,,,0.2,Outdoor,https://www.tfrrs.org/results/59113/3716304/Florida_Relays/100-Hurdles,TFRRS all_performances
"Coquillaud-Salomon, Mathilde",South Carolina,SEC,100H,2019,1,,,14.24,seconds,Spec Towns Invitational,2019-04-05,,,-0.5,Outdoor,https://www.tfrrs.org/results/61468/3741099/Spec_Towns_Invitational/100-Hurdles,TFRRS all_performances
"Little , Caitlyn",South Carolina,SEC,100H,2019,2,,,DNF,seconds,Spec Towns Invitational,2019-04-05,Final,,-0.5,Outdoor,https://tfrrs.org/athletes/6591099/South_Carolina/Caitlyn_Little.html,legacy_source_needs_review
"Parks, Milan",South Carolina,SEC,100H,2019,4,,,13.86,seconds,Spec Towns Invitational,2019-04-05,,,-0.5,Outdoor,https://www.tfrrs.org/results/61468/3741099/Spec_Towns_Invitational/100-Hurdles,TFRRS all_performances
"Coquillaud-Salomon, Mathilde",South Carolina,SEC,100H,2019,1,,,20.94,seconds,Gamecock Invitational Outdoor,2019-04-13,,,1.3,Outdoor,https://www.tfrrs.org/results/57927/3768801/Gamecock_Invitational_Outdoor_/100-Hurdles,TFRRS all_performances
"Parks, Milan",South Carolina,SEC,100H,2019,4,,,13.51,seconds,Gamecock Invitational Outdoor,2019-04-13,,,1.3,Outdoor,https://www.tfrrs.org/results/57927/3768801/Gamecock_Invitational_Outdoor_/100-Hurdles,TFRRS all_performances
"Parks, Milan",South Carolina,SEC,100H,2019,4,,,13.55,seconds,Gamecock Invitational Outdoor,2019-04-13,,,1.5,Outdoor,https://www.tfrrs.org/results/57927/3768801/Gamecock_Invitational_Outdoor_/100-Hurdles,TFRRS all_performances
"Fields, Jordan",South Carolina,SEC,100H,2019,2,,,14.55,seconds,USC Open Outdoor,2019-04-20,,,0.2,Outdoor,https://www.tfrrs.org/results/57928/3790285/USC_Open_Outdoor_/100-Hurdles,TFRRS all_performances
"Parks, Milan",South Carolina,SEC,100H,2019,4,,,13.62,seconds,USC Open Outdoor,2019-04-20,,,0.2,Outdoor,https://www.tfrrs.org/results/57928/3790285/USC_Open_Outdoor_/100-Hurdles,TFRRS all_performances
"Parks, Milan",South Carolina,SEC,100H,2019,4,,,13.79,seconds,USC Open Outdoor,2019-04-20,,,1.2,Outdoor,https://www.tfrrs.org/results/57928/3790285/USC_Open_Outdoor_/100-Hurdles,TFRRS all_performances
"Little , Caitlyn",South Carolina,SEC,100H,2019,2,,,13.81,seconds,125th Penn Relays,2019-04-25,,,-0.1,Outdoor,https://www.tfrrs.org/results/62328/3818034/125th_Penn_Relays/100-Hurdles,TFRRS all_performances
"Little , Caitlyn",South Carolina,SEC,100H,2019,2,,,14.13,seconds,125th Penn Relays,2019-04-25,Final,,2.6,Outdoor,https://tfrrs.org/athletes/6591099/South_Carolina/Caitlyn_Little.html,legacy_source_needs_review
"Parks, Milan",South Carolina,SEC,100H,2019,4,,,NT,seconds,125th Penn Relays,2019-04-25,Final,,1.1,Outdoor,https://www.tfrrs.org/athletes/5637468/South_Carolina/Milan_Parks.html,legacy_source_needs_review
"Coquillaud-Salomon, Mathilde",South Carolina,SEC,100H,2019,1,,,13.96,seconds,SEC Outdoor Track & Field Championships,2019-05-09,,,1.1,Outdoor,https://www.tfrrs.org/results/61797/3841776/SEC_Outdoor_Track__Field_Championships/100-Hurdles,TFRRS all_performances
"Little , Caitlyn",South Carolina,SEC,100H,2019,2,,,13.58,seconds,SEC Outdoor Track & Field Championships,2019-05-09,,,0.2,Outdoor,https://www.tfrrs.org/results/61797/3840900/SEC_Outdoor_Track__Field_Championships/100-Hurdles,TFRRS all_performances
"Little , Caitlyn",South Carolina,SEC,100H,2019,2,,,13.37,seconds,NCAA Division I East Region Preliminary Rounds,2019-05-23,,,0.6,Outdoor,https://www.tfrrs.org/results/62650/3849034/NCAA_Division_I_East_Region_Preliminary_Rounds/100-Hurdles,TFRRS all_performances
"Little , Caitlyn",South Carolina,SEC,100H,2019,2,,,13.42,seconds,NCAA Division I East Region Preliminary Rounds,2019-05-23,,,0.6,Outdoor,https://www.tfrrs.org/results/62650/3849034/NCAA_Division_I_East_Region_Preliminary_Rounds/100-Hurdles,TFRRS all_performances
"Parks, Milan",South Carolina,SEC,100H,2019,4,,,13.87,seconds,NCAA Division I East Region Preliminary Rounds,2019-05-23,,,-0.2,Outdoor,https://www.tfrrs.org/results/62650/3849034/NCAA_Division_I_East_Region_Preliminary_Rounds/100-Hurdles,TFRRS all_performances
"Marshall, Sidney",Clemson,ACC,100H,2021,4,,,13.78,s,Auburn Tiger Track Classic 2021,2021-03-19,,,1.4,Outdoor,https://www.tfrrs.org/results/66282/4129173/Auburn_Tiger_Track_Classic_2021/100-Hurdles,TFRRS all_performances
"Marshall, Sidney",Clemson,ACC,100H,2021,4,,,13.48,s,FSU Relays,2021-03-25,,,1.8,Outdoor,https://www.tfrrs.org/results/68747/4145915/FSU_Relays/100-Hurdles,TFRRS all_performances
"Van der Merwe, Antoinette",Clemson,ACC,100H,2021,1,,,14.14,s,FSU Relays,2021-03-25,,,1.8,Outdoor,https://www.tfrrs.org/results/68747/4145915/FSU_Relays/100-Hurdles,TFRRS all_performances
"Carter, Kori",Clemson,ACC,100H,2021,1,,,14.10,s,Pepsi Florida Relays,2021-04-02,,,0.3,Outdoor,https://www.tfrrs.org/results/68395/4166890/Pepsi_Florida_Relays/100-Hurdles,TFRRS all_performances
"Hemmings, Trishauna",Clemson,ACC,100H,2021,3,,,13.55,s,Pepsi Florida Relays,2021-04-02,,,0.3,Outdoor,https://www.tfrrs.org/results/68395/4166890/Pepsi_Florida_Relays/100-Hurdles,TFRRS all_performances
"Marshall, Sidney",Clemson,ACC,100H,2021,4,,,13.86,s,Pepsi Florida Relays,2021-04-02,,,0.6,Outdoor,https://www.tfrrs.org/results/68395/4166890/Pepsi_Florida_Relays/100-Hurdles,TFRRS all_performances
"Hemmings, Trishauna",Clemson,ACC,100H,2021,3,,,13.29,s,USC Open,2021-04-17,,,-1.0,Outdoor,https://www.tfrrs.org/results/67499/4207839/USC_Open/100-Hurdles,TFRRS all_performances
"Hemmings, Trishauna",Clemson,ACC,100H,2021,3,,,13.37,s,USC Open,2021-04-17,,,-1.0,Outdoor,https://www.tfrrs.org/results/67499/4207839/USC_Open/100-Hurdles,TFRRS all_performances
"Marshall, Sidney",Clemson,ACC,100H,2021,4,,,13.93,s,USC Open,2021-04-17,,,0.2,Outdoor,https://www.tfrrs.org/results/67499/4207839/USC_Open/100-Hurdles,TFRRS all_performances
"Marshall, Sidney",Clemson,ACC,100H,2021,4,,,14.44,s,USC Open,2021-04-17,,,-1.0,Outdoor,https://www.tfrrs.org/results/67499/4207839/USC_Open/100-Hurdles,TFRRS all_performances
"Carter, Kori",Clemson,ACC,100H,2021,1,,,13.61,s,Knights Invite,2021-04-24,,,1.8,Outdoor,https://www.tfrrs.org/results/67407/4223803/Knights_Invite/100-Hurdles,TFRRS all_performances
"Marshall, Sidney",Clemson,ACC,100H,2021,4,,,13.69,s,Knights Invite,2021-04-24,,,1.8,Outdoor,https://www.tfrrs.org/results/67407/4223803/Knights_Invite/100-Hurdles,TFRRS all_performances
"Carter, Kori",Clemson,ACC,100H,2021,1,,,13.82,s,Torrin Lawrence Memorial,2021-04-30,,,-0.4,Outdoor,https://www.tfrrs.org/results/70029/4240884/Torrin_Lawrence_Memorial/100-Hurdles,TFRRS all_performances
"Marshall, Sidney",Clemson,ACC,100H,2021,4,,,13.87,s,Torrin Lawrence Memorial,2021-04-30,,,-0.4,Outdoor,https://www.tfrrs.org/results/70029/4240884/Torrin_Lawrence_Memorial/100-Hurdles,TFRRS all_performances
"Brewer, Anna",Clemson,ACC,100H,2021,2,,,17.93,s,Tennessee Challenge,2021-05-01,,,0.8,Outdoor,https://www.tfrrs.org/results/69735/4242292/Tennessee_Challenge/100-Hurdles,TFRRS all_performances
"Campbell, Areya",Clemson,ACC,100H,2021,1,,,15.10,s,Tennessee Challenge,2021-05-01,,,0.4,Outdoor,https://www.tfrrs.org/results/69735/4242292/Tennessee_Challenge/100-Hurdles,TFRRS all_performances
"Brewer, Anna",Clemson,ACC,100H,2021,2,,,16.72,s,ACC Outdoor Track & Field Championships,2021-05-13,,,2.0,Outdoor,https://www.tfrrs.org/results/69885/4265136/ACC_Outdoor_Track__Field_Championships/100-Hurdles,TFRRS all_performances
"Campbell, Areya",Clemson,ACC,100H,2021,1,,,14.56,s,ACC Outdoor Track & Field Championships,2021-05-13,,,2.0,Outdoor,https://www.tfrrs.org/results/69885/4265136/ACC_Outdoor_Track__Field_Championships/100-Hurdles,TFRRS all_performances
"Carter, Kori",Clemson,ACC,100H,2021,1,,,13.63,s,ACC Outdoor Track & Field Championships,2021-05-13,,,1.1,Outdoor,https://www.tfrrs.org/results/69885/4265132/ACC_Outdoor_Track__Field_Championships/100-Hurdles,TFRRS all_performances
"Hemmings, Trishauna",Clemson,ACC,100H,2021,3,,,13.13,s,ACC Outdoor Track & Field Championships,2021-05-13,,,0.3,Outdoor,https://www.tfrrs.org/results/69885/4265132/ACC_Outdoor_Track__Field_Championships/100-Hurdles,TFRRS all_performances
"Hemmings, Trishauna",Clemson,ACC,100H,2021,3,,,13.36,s,ACC Outdoor Track & Field Championships,2021-05-13,,,1.1,Outdoor,https://www.tfrrs.org/results/69885/4265132/ACC_Outdoor_Track__Field_Championships/100-Hurdles,TFRRS all_performances
"Marshall, Sidney",Clemson,ACC,100H,2021,4,,,13.65,s,ACC Outdoor Track & Field Championships,2021-05-13,,,-0.5,Outdoor,https://www.tfrrs.org/results/69885/4265132/ACC_Outdoor_Track__Field_Championships/100-Hurdles,TFRRS all_performances
"Hemmings, Trishauna",Clemson,ACC,100H,2021,3,,,12.94,s,NCAA Division I East Preliminary Round,2021-05-26,,,-1.6,Outdoor,https://www.tfrrs.org/results/70390/4273635/NCAA_Division_I_East_Preliminary_Round/100-Hurdles,TFRRS all_performances
"Hemmings, Trishauna",Clemson,ACC,100H,2021,3,,,13.10,s,NCAA Division I East Preliminary Round,2021-05-26,,,1.5,Outdoor,https://www.tfrrs.org/results/70390/4273635/NCAA_Division_I_East_Preliminary_Round/100-Hurdles,TFRRS all_performances
Halle Bieber,Duke,ACC,100H,2021,,,,14.31,s,Raleigh Relays,2021-03-25,,,,Outdoor,https://s3.us-east-2.amazonaws.com/sidearm.nextgen.sites/goduke.com/documents/2022/1/27/2021_22TFXCMediaGuide.pdf,legacy_source_needs_review
"Hughes, Zoe",Duke,ACC,100H,2021,3,,,14.04,s,Raleigh Relays,2021-03-25,,,1.8,Outdoor,https://www.tfrrs.org/results/67406/4147258/Raleigh_Relays/100-Hurdles,TFRRS all_performances
"Rothwell, Cha'Mia",Duke,ACC,100H,2021,4,,,13.09,s,Raleigh Relays,2021-03-25,,,1.1,Outdoor,https://www.tfrrs.org/results/67406/4147258/Raleigh_Relays/100-Hurdles,TFRRS all_performances
"Rothwell, Cha'Mia",Duke,ACC,100H,2021,4,,,13.21,s,Raleigh Relays,2021-03-25,,,1.6,Outdoor,https://www.tfrrs.org/results/67406/4147258/Raleigh_Relays/100-Hurdles,TFRRS all_performances
"Wakefield, Isabel",Duke,ACC,100H,2021,2,,,13.80,s,Raleigh Relays,2021-03-25,,,1.1,Outdoor,https://www.tfrrs.org/results/67406/4147258/Raleigh_Relays/100-Hurdles,TFRRS all_performances
"Wakefield, Isabel",Duke,ACC,100H,2021,2,,,13.89,s,Raleigh Relays,2021-03-25,,,1.8,Outdoor,https://www.tfrrs.org/results/67406/4147258/Raleigh_Relays/100-Hurdles,TFRRS all_performances
"Campbell, Elasia",Duke,ACC,100H,2021,1,,,14.55,s,Virginia Invitational,2021-04-02,,,-1.5,Outdoor,https://www.tfrrs.org/results/69037/4167638/Virginia_Invitational/100-Hurdles,TFRRS all_performances
"Hughes, Zoe",Duke,ACC,100H,2021,3,,,14.00,s,Virginia Invitational,2021-04-02,,,-0.3,Outdoor,https://www.tfrrs.org/results/69037/4167638/Virginia_Invitational/100-Hurdles,TFRRS all_performances
"Marsh, Erin",Duke,ACC,100H,2021,3,,,13.41,s,Virginia Invitational,2021-04-02,,,-1.5,Outdoor,https://www.tfrrs.org/results/69037/4167638/Virginia_Invitational/100-Hurdles,TFRRS all_performances
"Rothwell, Cha'Mia",Duke,ACC,100H,2021,4,,,13.32,s,Virginia Invitational,2021-04-02,,,-1.5,Outdoor,https://www.tfrrs.org/results/69037/4167638/Virginia_Invitational/100-Hurdles,TFRRS all_performances
"Wakefield, Isabel",Duke,ACC,100H,2021,2,,,14.46,s,Virginia Invitational,2021-04-02,,,-1.5,Outdoor,https://www.tfrrs.org/results/69037/4167638/Virginia_Invitational/100-Hurdles,TFRRS all_performances
"Hughes, Zoe",Duke,ACC,100H,2021,3,,,13.71,s,Tobacco Road Challenge,2021-04-09,,,1.0,Outdoor,https://www.tfrrs.org/results/69291/4192012/Tobacco_Road_Challenge/100-Hurdles,TFRRS all_performances
"Kutzer, Kate",Duke,ACC,100H,2021,3,,,15.19,s,Tobacco Road Challenge,2021-04-09,,,1.2,Outdoor,https://www.tfrrs.org/results/69291/4192012/Tobacco_Road_Challenge/100-Hurdles,TFRRS all_performances
"Marsh, Erin",Duke,ACC,100H,2021,3,,,13.30,s,Tobacco Road Challenge,2021-04-09,,,1.0,Outdoor,https://www.tfrrs.org/results/69291/4192012/Tobacco_Road_Challenge/100-Hurdles,TFRRS all_performances
"Smith, Brianna",Duke,ACC,100H,2021,1,,,14.45,s,Tobacco Road Challenge,2021-04-09,,,1.2,Outdoor,https://www.tfrrs.org/results/69291/4192012/Tobacco_Road_Challenge/100-Hurdles,TFRRS all_performances
"Wakefield, Isabel",Duke,ACC,100H,2021,2,,,13.56,s,Tobacco Road Challenge,2021-04-09,,,1.0,Outdoor,https://www.tfrrs.org/results/69291/4192012/Tobacco_Road_Challenge/100-Hurdles,TFRRS all_performances
"Campbell, Elasia",Duke,ACC,100H,2021,1,,,13.93,s,Tobacco Road Challenge,2021-04-10,,,,Outdoor,https://s3.us-east-2.amazonaws.com/sidearm.nextgen.sites/goduke.com/documents/2022/1/27/2021_22TFXCMediaGuide.pdf,legacy_source_needs_review
"Rothwell, Cha'Mia",Duke,ACC,100H,2021,4,,,13.19,s,Tobacco Road Challenge,2021-04-10,,,,Outdoor,https://s3.us-east-2.amazonaws.com/sidearm.nextgen.sites/goduke.com/documents/2022/1/27/2021_22TFXCMediaGuide.pdf,legacy_source_needs_review
"Hughes, Zoe",Duke,ACC,100H,2021,3,,,14.05,s,Charlotte Invitational,2021-04-23,,,0.9,Outdoor,https://www.tfrrs.org/results/69817/4224070/Charlotte_Invitational/100-Hurdles,TFRRS all_performances
"Kutzer, Kate",Duke,ACC,100H,2021,3,,,15.05,s,Charlotte Invitational,2021-04-23,,,1.0,Outdoor,https://www.tfrrs.org/results/69817/4224070/Charlotte_Invitational/100-Hurdles,TFRRS all_performances
"Marsh, Erin",Duke,ACC,100H,2021,3,,,13.37,s,Charlotte Invitational,2021-04-23,,,0.9,Outdoor,https://www.tfrrs.org/results/69817/4224070/Charlotte_Invitational/100-Hurdles,TFRRS all_performances
"Rothwell, Cha'Mia",Duke,ACC,100H,2021,4,,,13.33,s,Charlotte Invitational,2021-04-23,,,0.9,Outdoor,https://www.tfrrs.org/results/69817/4224070/Charlotte_Invitational/100-Hurdles,TFRRS all_performances
"Smith, Brianna",Duke,ACC,100H,2021,1,,,14.67,s,Charlotte Invitational,2021-04-23,,,0.9,Outdoor,https://www.tfrrs.org/results/69817/4224070/Charlotte_Invitational/100-Hurdles,TFRRS all_performances
"Hughes, Zoe",Duke,ACC,100H,2021,3,,,14.08,s,Duke Twilight,2021-05-03,,,0.6,Outdoor,https://www.tfrrs.org/results/70116/4248659/Duke_Twilight/100-Hurdles,TFRRS all_performances
"Kutzer, Kate",Duke,ACC,100H,2021,3,,,15.04,s,Duke Twilight,2021-05-03,,,1.1,Outdoor,https://www.tfrrs.org/results/70116/4248659/Duke_Twilight/100-Hurdles,TFRRS all_performances
"Marsh, Erin",Duke,ACC,100H,2021,3,,,13.33,s,Duke Twilight,2021-05-03,,,0.6,Outdoor,https://www.tfrrs.org/results/70116/4248659/Duke_Twilight/100-Hurdles,TFRRS all_performances
"Rothwell, Cha'Mia",Duke,ACC,100H,2021,4,,,13.32,s,Duke Twilight,2021-05-03,,,0.6,Outdoor,https://www.tfrrs.org/results/70116/4248659/Duke_Twilight/100-Hurdles,TFRRS all_performances
"Smith, Brianna",Duke,ACC,100H,2021,1,,,14.41,s,Duke Twilight,2021-05-03,,,1.1,Outdoor,https://www.tfrrs.org/results/70116/4248659/Duke_Twilight/100-Hurdles,TFRRS all_performances
"Hughes, Zoe",Duke,ACC,100H,2021,3,,,14.12,s,ACC Outdoor Track & Field Championships,2021-05-13,,,-0.3,Outdoor,https://www.tfrrs.org/results/69885/4265136/ACC_Outdoor_Track__Field_Championships/100-Hurdles,TFRRS all_performances
"Kutzer, Kate",Duke,ACC,100H,2021,3,,,15.01,s,ACC Outdoor Track & Field Championships,2021-05-13,,,+0.0,Outdoor,https://www.tfrrs.org/results/69885/4265136/ACC_Outdoor_Track__Field_Championships/100-Hurdles,TFRRS all_performances
"Marsh, Erin",Duke,ACC,100H,2021,3,,,13.17,s,ACC Outdoor Track & Field Championships,2021-05-13,,,-0.3,Outdoor,https://www.tfrrs.org/results/69885/4265136/ACC_Outdoor_Track__Field_Championships/100-Hurdles,TFRRS all_performances
"Marsh, Erin",Duke,ACC,100H,2021,3,,,13.25,s,ACC Outdoor Track & Field Championships,2021-05-13,,,0.3,Outdoor,https://www.tfrrs.org/results/69885/4265132/ACC_Outdoor_Track__Field_Championships/100-Hurdles,TFRRS all_performances
"Marsh, Erin",Duke,ACC,100H,2021,3,,,13.51,s,ACC Outdoor Track & Field Championships,2021-05-13,,,1.1,Outdoor,https://www.tfrrs.org/results/69885/4265132/ACC_Outdoor_Track__Field_Championships/100-Hurdles,TFRRS all_performances
"Rothwell, Cha'Mia",Duke,ACC,100H,2021,4,,,13.10,s,ACC Outdoor Track & Field Championships,2021-05-13,,,0.3,Outdoor,https://www.tfrrs.org/results/69885/4265132/ACC_Outdoor_Track__Field_Championships/100-Hurdles,TFRRS all_performances
"Rothwell, Cha'Mia",Duke,ACC,100H,2021,4,,,13.29,s,ACC Outdoor Track & Field Championships,2021-05-13,,,-0.5,Outdoor,https://www.tfrrs.org/results/69885/4265132/ACC_Outdoor_Track__Field_Championships/100-Hurdles,TFRRS all_performances
"Smith, Brianna",Duke,ACC,100H,2021,1,,,14.37,s,ACC Outdoor Track & Field Championships,2021-05-13,,,1.3,Outdoor,https://www.tfrrs.org/results/69885/4265136/ACC_Outdoor_Track__Field_Championships/100-Hurdles,TFRRS all_performances
"Marsh, Erin",Duke,ACC,100H,2021,3,,,13.37,s,NCAA Division I East Preliminary Round,2021-05-26,,,0.8,Outdoor,https://www.tfrrs.org/results/70390/4273635/NCAA_Division_I_East_Preliminary_Round/100-Hurdles,TFRRS all_performances
"Rothwell, Cha'Mia",Duke,ACC,100H,2021,4,,,12.95,s,NCAA Division I East Preliminary Round,2021-05-26,,,0.8,Outdoor,https://www.tfrrs.org/results/70390/4273635/NCAA_Division_I_East_Preliminary_Round/100-Hurdles,TFRRS all_performances
"Marsh, Erin",Duke,ACC,100H,2021,3,,,13.13,s,NCAA East Regional,2021-05-29,,,,Outdoor,https://s3.us-east-2.amazonaws.com/sidearm.nextgen.sites/goduke.com/documents/2022/1/27/2021_22TFXCMediaGuide.pdf,legacy_source_needs_review
"Rothwell, Cha'Mia",Duke,ACC,100H,2021,4,,,12.95,s,NCAA East Regional,2021-05-29,,,,Outdoor,https://s3.us-east-2.amazonaws.com/sidearm.nextgen.sites/goduke.com/documents/2022/1/27/2021_22TFXCMediaGuide.pdf,legacy_source_needs_review
"Hughes, Zoe",Duke,ACC,100H,2021,3,,,14.23,s,NCAA Division I Track & Field Championships,2021-06-09,,,-0.2,Outdoor,https://www.tfrrs.org/results/70445/4276695/NCAA_Division_I_Track__Field_Championships/100-Hurdles,TFRRS all_performances
"Marsh, Erin",Duke,ACC,100H,2021,3,,,13.18,s,NCAA Division I Track & Field Championships,2021-06-09,,,1.2,Outdoor,https://www.tfrrs.org/results/70445/4276695/NCAA_Division_I_Track__Field_Championships/100-Hurdles,TFRRS all_performances
"Rothwell, Cha'Mia",Duke,ACC,100H,2021,4,,,13.07,s,NCAA Division I Track & Field Championships,2021-06-09,,,0.1,Outdoor,https://www.tfrrs.org/results/70445/4276120/NCAA_Division_I_Track__Field_Championships/100-Hurdles,TFRRS all_performances
"Rothwell, Cha'Mia",Duke,ACC,100H,2021,4,,,13.14,s,NCAA Division I Track & Field Championships,2021-06-09,,,0.4,Outdoor,https://www.tfrrs.org/results/70445/4276120/NCAA_Division_I_Track__Field_Championships/100-Hurdles,TFRRS all_performances
"Madson, Ella",Florida State,ACC,100H,2021,1,,,15.15,s,USF Bulls Invite,2021-03-19,,,-1.4,Outdoor,https://www.tfrrs.org/results/67830/4130769/USF_Bulls_Invite/100-Hurdles,TFRRS all_performances
"Madson, Ella",Florida State,ACC,100H,2021,1,,,17.48,s,FSU Relays,2021-03-25,,,0.1,Outdoor,https://www.tfrrs.org/results/68747/4145915/FSU_Relays/100-Hurdles,TFRRS all_performances
"Madson, Ella",Florida State,ACC,100H,2021,1,,,14.75,s,Pepsi Florida Relays,2021-04-02,,,2.6,Outdoor,https://seminoles.com/sports/womens-track-and-field/roster/ella-madson/81,legacy_source_needs_review
"Madson, Ella",Florida State,ACC,100H,2021,1,,,14.57,s,UF Tom Jones Invitational,2021-04-16,,,-1.3,Outdoor,https://www.tfrrs.org/results/68975/4206598/UF_Tom_Jones_Invitational/100-Hurdles,TFRRS all_performances
"Jones, Allie",Stanford,ACC,100H,2021,2,,,13.93,s,Adams-Klein Combined Events,2021-03-25,,,0.3,Outdoor,https://www.tfrrs.org/results/67512/4146491/Adams-Klein_Combined_Events/100-Hurdles,TFRRS all_performances
"Jones, Allie",Stanford,ACC,100H,2021,2,,,13.55,s,2021 West Coast Classic- Arizona,2021-04-17,,,0.5,Outdoor,https://www.tfrrs.org/results/68926/4209678/2021_West_Coast_Classic-_Arizona/100-Hurdles,TFRRS all_performances
"Jones, Allie",Stanford,ACC,100H,2021,2,,,13.40,s,Pac-12 Track & Field Championships,2021-05-14,,,-0.2,Outdoor,https://www.tfrrs.org/results/69474/4267120/Pac-12_Track__Field_Championships/100-Hurdles,TFRRS all_performances
"Jones, Allie",Stanford,ACC,100H,2021,2,,,13.37,s,NCAA Division I Track & Field Championships,2021-06-09,,,-0.2,Outdoor,https://www.tfrrs.org/results/70445/4276695/NCAA_Division_I_Track__Field_Championships/100-Hurdles,TFRRS all_performances
"Knight, Andrenette",Virginia,ACC,100H,2021,4,,,13.94,s,UVA Opener,2021-03-20,,,1.8,Outdoor,https://www.tfrrs.org/results/68444/4129638/UVA_Opener/100-Hurdles,TFRRS all_performances
"Knight, Andrenette",Virginia,ACC,100H,2021,4,,,13.56,s,Raleigh Relays,2021-03-25,,,1.1,Outdoor,https://www.tfrrs.org/results/67406/4147258/Raleigh_Relays/100-Hurdles,TFRRS all_performances
"Saunders, Nadia",Virginia,ACC,100H,2021,1,,,14.79,s,Raleigh Relays,2021-03-25,,,1.6,Outdoor,https://www.tfrrs.org/results/67406/4147258/Raleigh_Relays/100-Hurdles,TFRRS all_performances
"Still, Alix",Virginia,ACC,100H,2021,2,,,14.10,s,Raleigh Relays,2021-03-25,,,1.2,Outdoor,https://www.tfrrs.org/results/67406/4147258/Raleigh_Relays/100-Hurdles,TFRRS all_performances
"Knight, Andrenette",Virginia,ACC,100H,2021,4,,,13.55,s,Virginia Invitational,2021-04-02,,,-1.5,Outdoor,https://www.tfrrs.org/results/69037/4167638/Virginia_Invitational/100-Hurdles,TFRRS all_performances
"Rice, Zoe",Virginia,ACC,100H,2021,2,,,14.59,s,Virginia Invitational,2021-04-02,,,-0.3,Outdoor,https://www.tfrrs.org/results/69037/4167638/Virginia_Invitational/100-Hurdles,TFRRS all_performances
"Still, Alix",Virginia,ACC,100H,2021,2,,,13.98,s,Virginia Invitational,2021-04-02,,,-0.3,Outdoor,https://www.tfrrs.org/results/69037/4167638/Virginia_Invitational/100-Hurdles,TFRRS all_performances
"Knight, Andrenette",Virginia,ACC,100H,2021,4,,,13.37,s,Virginia Grand Prix,2021-05-01,,,1.3,Outdoor,https://www.tfrrs.org/results/70041/4243922/Virginia_Grand_Prix/100-Hurdles,TFRRS all_performances
"Still, Alix",Virginia,ACC,100H,2021,2,,,14.11,s,Virginia Grand Prix,2021-05-01,,,1.3,Outdoor,https://www.tfrrs.org/results/70041/4243922/Virginia_Grand_Prix/100-Hurdles,TFRRS all_performances
"Knight, Andrenette",Virginia,ACC,100H,2021,4,,,13.33,s,ACC Outdoor Track & Field Championships,2021-05-13,,,0.4,Outdoor,https://www.tfrrs.org/results/69885/4265132/ACC_Outdoor_Track__Field_Championships/100-Hurdles,TFRRS all_performances
"Knight, Andrenette",Virginia,ACC,100H,2021,4,,,13.38,s,ACC Outdoor Track & Field Championships,2021-05-13,,,0.3,Outdoor,https://www.tfrrs.org/results/69885/4265132/ACC_Outdoor_Track__Field_Championships/100-Hurdles,TFRRS all_performances
"Still, Alix",Virginia,ACC,100H,2021,2,,,13.85,s,ACC Outdoor Track & Field Championships,2021-05-13,,,1.3,Outdoor,https://www.tfrrs.org/results/69885/4265136/ACC_Outdoor_Track__Field_Championships/100-Hurdles,TFRRS all_performances
"Lewis, Ajaysha",Arizona,Big 12,100H,2021,1,,,14.57,seconds,2021 Willie Williams Classic/Dave Murray Distance Carnival,2021-03-19,,,1.1,Outdoor,https://www.tfrrs.org/results/67898/4129553/2021_Willie_Williams_Classic_Dave_Murray_Distance_Carnival/100-Hurdles,TFRRS all_performances
"Sieben, Skylar",Arizona,Big 12,100H,2021,2,,,14.36,seconds,2021 Willie Williams Classic/Dave Murray Distance Carnival,2021-03-19,,,1.1,Outdoor,https://www.tfrrs.org/results/67898/4129553/2021_Willie_Williams_Classic_Dave_Murray_Distance_Carnival/100-Hurdles,TFRRS all_performances
"Walls, Abigail",Arizona,Big 12,100H,2021,1,,,16.18,seconds,2021 Willie Williams Classic/Dave Murray Distance Carnival,2021-03-19,,,0.7,Outdoor,https://www.tfrrs.org/results/67898/4129553/2021_Willie_Williams_Classic_Dave_Murray_Distance_Carnival/100-Hurdles,TFRRS all_performances
"Lewis, Ajaysha",Arizona,Big 12,100H,2021,1,,,14.59,seconds,42nd Aztec Invitational,2021-03-25,,,-1.3,Outdoor,https://www.tfrrs.org/results/67907/4150075/42nd_Aztec_Invitational/100-Hurdles,TFRRS all_performances
"Sieben, Skylar",Arizona,Big 12,100H,2021,2,,,14.19,seconds,42nd Aztec Invitational,2021-03-25,,,-1.3,Outdoor,https://www.tfrrs.org/results/67907/4150075/42nd_Aztec_Invitational/100-Hurdles,TFRRS all_performances
"Walls, Abigail",Arizona,Big 12,100H,2021,1,,,16.09,seconds,42nd Aztec Invitational,2021-03-25,,,-0.6,Outdoor,https://www.tfrrs.org/results/67907/4150075/42nd_Aztec_Invitational/100-Hurdles,TFRRS all_performances
"Lewis, Ajaysha",Arizona,Big 12,100H,2021,1,,,14.20,seconds,2021 Jim Click Shootout,2021-04-10,,,0.9,Outdoor,https://www.tfrrs.org/results/68576/4188078/2021_Jim_Click_Shootout/100-Hurdles,TFRRS all_performances
"Sieben, Skylar",Arizona,Big 12,100H,2021,2,,,14.14,seconds,2021 Jim Click Shootout,2021-04-10,,,0.9,Outdoor,https://www.tfrrs.org/results/68576/4217262/2021_Jim_Click_Shootout/100-Hurdles,TFRRS all_performances
"Walls, Abigail",Arizona,Big 12,100H,2021,1,,,16.14,seconds,2021 Jim Click Shootout,2021-04-10,,,0.1,Outdoor,https://www.tfrrs.org/results/68576/4217262/2021_Jim_Click_Shootout/100-Hurdles,TFRRS all_performances
"Lewis, Ajaysha",Arizona,Big 12,100H,2021,1,,,14.38,seconds,2021 West Coast Classic- Arizona,2021-04-17,,,0.5,Outdoor,https://www.tfrrs.org/results/68926/4209678/2021_West_Coast_Classic-_Arizona/100-Hurdles,TFRRS all_performances
"Sieben, Skylar",Arizona,Big 12,100H,2021,2,,,14.00,seconds,2021 West Coast Classic- Arizona,2021-04-17,,,0.5,Outdoor,https://www.tfrrs.org/results/68926/4209678/2021_West_Coast_Classic-_Arizona/100-Hurdles,TFRRS all_performances
"Walls, Abigail",Arizona,Big 12,100H,2021,1,,,16.22,seconds,2021 West Coast Classic- Arizona,2021-04-17,,,0.3,Outdoor,https://www.tfrrs.org/results/68926/4209678/2021_West_Coast_Classic-_Arizona/100-Hurdles,TFRRS all_performances
"Lewis, Ajaysha",Arizona,Big 12,100H,2021,1,,,14.20,seconds,2021 Desert Heat Classic,2021-05-01,,,0.4,Outdoor,https://www.tfrrs.org/results/69643/4244629/2021_Desert_Heat_Classic/100-Hurdles,TFRRS all_performances
"Sieben, Skylar",Arizona,Big 12,100H,2021,2,,,14.04,seconds,2021 Desert Heat Classic,2021-05-01,,,0.4,Outdoor,https://www.tfrrs.org/results/69643/4244629/2021_Desert_Heat_Classic/100-Hurdles,TFRRS all_performances
"Walls, Abigail",Arizona,Big 12,100H,2021,1,,,16.36,seconds,2021 Desert Heat Classic,2021-05-01,,,0.3,Outdoor,https://www.tfrrs.org/results/69643/4244629/2021_Desert_Heat_Classic/100-Hurdles,TFRRS all_performances
"Lewis, Ajaysha",Arizona,Big 12,100H,2021,1,,,14.20,seconds,Pac-12 Track & Field Championships,2021-05-14,,,-0.4,Outdoor,https://www.tfrrs.org/results/69474/4267128/Pac-12_Track__Field_Championships/100-Hurdles,TFRRS all_performances
"Sieben, Skylar",Arizona,Big 12,100H,2021,2,,,13.84,seconds,Pac-12 Track & Field Championships,2021-05-14,,,-0.3,Outdoor,https://www.tfrrs.org/results/69474/4267120/Pac-12_Track__Field_Championships/100-Hurdles,TFRRS all_performances
"Sieben, Skylar",Arizona,Big 12,100H,2021,2,,,14.06,seconds,NCAA Division I Track & Field Championships,2021-06-09,,,-0.2,Outdoor,https://www.tfrrs.org/results/70445/4276695/NCAA_Division_I_Track__Field_Championships/100-Hurdles,TFRRS all_performances
"Bird, Cameron",BYU,Big 12,100H,2021,1,,,15.16,seconds,UNLV Spring Invitational & Sheila Tarr-Smith Multis,2021-03-18,,,1.6,Outdoor,https://www.tfrrs.org/results/68058/4203136/UNLV_Spring_Invitational__Sheila_Tarr-Smith_Multis/100-Hurdles,TFRRS all_performances
"Blackmon, Christina",BYU,Big 12,100H,2021,1,,,15.30,seconds,UNLV Spring Invitational & Sheila Tarr-Smith Multis,2021-03-18,,,1.1,Outdoor,https://www.tfrrs.org/results/68058/4203136/UNLV_Spring_Invitational__Sheila_Tarr-Smith_Multis/100-Hurdles,TFRRS all_performances
"Folsom, Halley",BYU,Big 12,100H,2021,3,,,14.64,seconds,UNLV Spring Invitational & Sheila Tarr-Smith Multis,2021-03-18,,,1.7,Outdoor,https://www.tfrrs.org/results/68058/4203136/UNLV_Spring_Invitational__Sheila_Tarr-Smith_Multis/100-Hurdles,TFRRS all_performances
"Torgerson, Mayci",BYU,Big 12,100H,2021,1,,,14.71,seconds,UNLV Spring Invitational & Sheila Tarr-Smith Multis,2021-03-18,,,1.1,Outdoor,https://www.tfrrs.org/results/68058/4203136/UNLV_Spring_Invitational__Sheila_Tarr-Smith_Multis/100-Hurdles,TFRRS all_performances
"Blackmon, Christina",BYU,Big 12,100H,2021,1,,,15.46,seconds,2021 UVU Collegiate,2021-04-02,,,-0.7,Outdoor,https://www.tfrrs.org/results/69083/4171593/2021_UVU_Collegiate/100-Hurdles,TFRRS all_performances
"Folsom, Halley",BYU,Big 12,100H,2021,3,,,14.36,seconds,2021 UVU Collegiate,2021-04-02,,,-1.5,Outdoor,https://www.tfrrs.org/results/69083/4171593/2021_UVU_Collegiate/100-Hurdles,TFRRS all_performances
"Perry, Kayla",BYU,Big 12,100H,2021,2,,,14.03,seconds,2021 UVU Collegiate,2021-04-02,,,0.5,Outdoor,https://www.tfrrs.org/results/69083/4171593/2021_UVU_Collegiate/100-Hurdles,TFRRS all_performances
"Perry, Kayla",BYU,Big 12,100H,2021,2,,,14.06,seconds,2021 UVU Collegiate,2021-04-02,,,-1.5,Outdoor,https://www.tfrrs.org/results/69083/4171593/2021_UVU_Collegiate/100-Hurdles,TFRRS all_performances
"Tabugbo, Adaobi",BYU,Big 12,100H,2021,1,,,13.85,seconds,2021 UVU Collegiate,2021-04-02,,,0.5,Outdoor,https://www.tfrrs.org/results/69083/4171593/2021_UVU_Collegiate/100-Hurdles,TFRRS all_performances
"Tabugbo, Adaobi",BYU,Big 12,100H,2021,1,,,14.03,seconds,2021 UVU Collegiate,2021-04-02,,,-0.7,Outdoor,https://www.tfrrs.org/results/69083/4171593/2021_UVU_Collegiate/100-Hurdles,TFRRS all_performances
"Torgerson, Mayci",BYU,Big 12,100H,2021,1,,,14.95,seconds,2021 UVU Collegiate,2021-04-02,,,-1.4,Outdoor,https://www.tfrrs.org/results/69083/4171593/2021_UVU_Collegiate/100-Hurdles,TFRRS all_performances
"Folsom, Halley",BYU,Big 12,100H,2021,3,,,14.13,seconds,2021 Jim Click Shootout,2021-04-10,,,0.9,Outdoor,https://www.tfrrs.org/results/68576/4217262/2021_Jim_Click_Shootout/100-Hurdles,TFRRS all_performances
"Perry, Kayla",BYU,Big 12,100H,2021,2,,,14.08,seconds,2021 Jim Click Shootout,2021-04-10,,,0.9,Outdoor,https://www.tfrrs.org/results/68576/4188078/2021_Jim_Click_Shootout/100-Hurdles,TFRRS all_performances
"Tabugbo, Adaobi",BYU,Big 12,100H,2021,1,,,13.80,seconds,2021 Jim Click Shootout,2021-04-10,,,0.9,Outdoor,https://www.tfrrs.org/results/68576/4188078/2021_Jim_Click_Shootout/100-Hurdles,TFRRS all_performances
"Torgerson, Mayci",BYU,Big 12,100H,2021,1,,,15.03,seconds,2021 Jim Click Shootout,2021-04-10,,,0.9,Outdoor,https://www.tfrrs.org/results/68576/4217262/2021_Jim_Click_Shootout/100-Hurdles,TFRRS all_performances
"Bird, Cameron",BYU,Big 12,100H,2021,1,,,15.04,seconds,2021 BYU Robison Invitational,2021-04-21,,,0.3,Outdoor,https://www.tfrrs.org/results/69827/4258451/2021_BYU_Robison_Invitational/100-Hurdles,TFRRS all_performances
"Blackmon, Christina",BYU,Big 12,100H,2021,1,,,15.25,seconds,2021 BYU Robison Invitational,2021-04-21,,,0.3,Outdoor,https://www.tfrrs.org/results/69827/4258451/2021_BYU_Robison_Invitational/100-Hurdles,TFRRS all_performances
"Broin, Erica",BYU,Big 12,100H,2021,1,,,15.83,seconds,2021 BYU Robison Invitational,2021-04-21,,,0.1,Outdoor,https://www.tfrrs.org/results/69827/4258451/2021_BYU_Robison_Invitational/100-Hurdles,TFRRS all_performances
"Folsom, Halley",BYU,Big 12,100H,2021,3,,,14.28,seconds,2021 BYU Robison Invitational,2021-04-21,,,0.3,Outdoor,https://www.tfrrs.org/results/69827/4258451/2021_BYU_Robison_Invitational/100-Hurdles,TFRRS all_performances
"Tabugbo, Adaobi",BYU,Big 12,100H,2021,1,,,13.90,seconds,2021 BYU Robison Invitational,2021-04-21,,,1.1,Outdoor,https://www.tfrrs.org/results/69827/4228592/2021_BYU_Robison_Invitational/100-Hurdles,TFRRS all_performances
"Torgerson, Mayci",BYU,Big 12,100H,2021,1,,,14.83,seconds,2021 BYU Robison Invitational,2021-04-21,,,0.3,Outdoor,https://www.tfrrs.org/results/69827/4258451/2021_BYU_Robison_Invitational/100-Hurdles,TFRRS all_performances
"Bird, Cameron",BYU,Big 12,100H,2021,1,,,15.13,seconds,Weber State Twilight Invitational,2021-05-03,,,+0.0,Outdoor,https://www.tfrrs.org/results/69188/4249474/Weber_State_Twilight_Invitational/100-Hurdles,TFRRS all_performances
"Blackmon, Christina",BYU,Big 12,100H,2021,1,,,14.88,seconds,Weber State Twilight Invitational,2021-05-03,,,0.3,Outdoor,https://www.tfrrs.org/results/69188/4249474/Weber_State_Twilight_Invitational/100-Hurdles,TFRRS all_performances
"Folsom, Halley",BYU,Big 12,100H,2021,3,,,14.19,seconds,Weber State Twilight Invitational,2021-05-03,,,1.8,Outdoor,https://www.tfrrs.org/results/69188/4249474/Weber_State_Twilight_Invitational/100-Hurdles,TFRRS all_performances
"Bird, Cameron",BYU,Big 12,100H,2021,1,,,15.18,seconds,2021 BYU Cougar Invitational,2021-05-14,,,+0.0,Outdoor,https://www.tfrrs.org/results/70274/4267861/2021_BYU_Cougar_Invitational/100-Hurdles,TFRRS all_performances
"Bird, Cameron",BYU,Big 12,100H,2021,1,,,15.20,seconds,2021 BYU Cougar Invitational,2021-05-14,,,0.3,Outdoor,https://www.tfrrs.org/results/70274/4264500/2021_BYU_Cougar_Invitational/100-Hurdles,TFRRS all_performances
"Broin, Erica",BYU,Big 12,100H,2021,1,,,16.00,seconds,2021 BYU Cougar Invitational,2021-05-14,,,+0.0,Outdoor,https://www.tfrrs.org/results/70274/4267861/2021_BYU_Cougar_Invitational/100-Hurdles,TFRRS all_performances
"Tabugbo, Adaobi",BYU,Big 12,100H,2021,1,,,13.68,seconds,2021 BYU Cougar Invitational,2021-05-14,,,0.3,Outdoor,https://www.tfrrs.org/results/70274/4264500/2021_BYU_Cougar_Invitational/100-Hurdles,TFRRS all_performances
"Torgerson, Mayci",BYU,Big 12,100H,2021,1,,,14.60,seconds,2021 BYU Cougar Invitational,2021-05-14,,,+0.0,Outdoor,https://www.tfrrs.org/results/70274/4267861/2021_BYU_Cougar_Invitational/100-Hurdles,TFRRS all_performances
"Miller, Alyssa",Baylor,Big 12,100H,2021,2,,,14.43,seconds,93rd Clyde Littlefield Texas Relays,2021-03-25,,,-0.5,Outdoor,https://www.tfrrs.org/results/67755/4153617/93rd_Clyde_Littlefield_Texas_Relays/100-Hurdles,TFRRS all_performances
"Bailey, Kennedy",Baylor,Big 12,100H,2021,3,,,13.65,seconds,Baylor Invitational,2021-04-03,,,1.2,Outdoor,https://www.tfrrs.org/results/67986/4169085/Baylor_Invitational/100-Hurdles,TFRRS all_performances
"Miller, Alyssa",Baylor,Big 12,100H,2021,2,,,14.15,seconds,Baylor Invitational,2021-04-03,,,1.2,Outdoor,https://www.tfrrs.org/results/67986/4169085/Baylor_Invitational/100-Hurdles,TFRRS all_performances
"Nugent, Ackera",Baylor,Big 12,100H,2021,1,,,13.23,seconds,Baylor Invitational,2021-04-03,,,1.2,Outdoor,https://www.tfrrs.org/results/67986/4169085/Baylor_Invitational/100-Hurdles,TFRRS all_performances
"Daley, Megan",Baylor,Big 12,100H,2021,2,,,16.57,seconds,Michael Johnson Invitational,2021-04-16,,,1.3,Outdoor,https://www.tfrrs.org/results/68122/4209469/Michael_Johnson_Invitational/100-Hurdles,TFRRS all_performances
"Nugent, Ackera",Baylor,Big 12,100H,2021,1,,,12.87,seconds,LSU Alumni Gold,2021-04-23,,,0.9,Outdoor,https://www.tfrrs.org/results/69204/4225197/LSU_Alumni_Gold/100-Hurdles,TFRRS all_performances
"Bailey, Kennedy",Baylor,Big 12,100H,2021,3,,,13.63,seconds,Big 12 Championships,2021-05-14,,,0.2,Outdoor,https://www.tfrrs.org/results/70288/4266358/Big_12_Championships/100-Hurdles,TFRRS all_performances
"Miller, Alyssa",Baylor,Big 12,100H,2021,2,,,14.01,seconds,Big 12 Championships,2021-05-14,,,1.3,Outdoor,https://www.tfrrs.org/results/70288/4266362/Big_12_Championships/100-Hurdles,TFRRS all_performances
"Nugent, Ackera",Baylor,Big 12,100H,2021,1,,,13.04,seconds,Big 12 Championships,2021-05-14,,,0.2,Outdoor,https://www.tfrrs.org/results/70288/4266358/Big_12_Championships/100-Hurdles,TFRRS all_performances
"Nugent, Ackera",Baylor,Big 12,100H,2021,1,,,13.07,seconds,Big 12 Championships,2021-05-14,,,1.3,Outdoor,https://www.tfrrs.org/results/70288/4266358/Big_12_Championships/100-Hurdles,TFRRS all_performances
"Nugent, Ackera",Baylor,Big 12,100H,2021,1,,,12.76,seconds,NCAA Division I West Preliminary Round,2021-05-26,,,1.2,Outdoor,https://www.tfrrs.org/results/70371/4272771/NCAA_Division_I_West_Preliminary_Round/100-Hurdles,TFRRS all_performances
"Nugent, Ackera",Baylor,Big 12,100H,2021,1,,,12.84,seconds,NCAA Division I Track & Field Championships,2021-06-09,,,-0.5,Outdoor,https://www.tfrrs.org/results/70445/4276120/NCAA_Division_I_Track__Field_Championships/100-Hurdles,TFRRS all_performances
"Nugent, Ackera",Baylor,Big 12,100H,2021,1,,,12.84,seconds,NCAA Division I Track & Field Championships,2021-06-09,,,0.4,Outdoor,https://www.tfrrs.org/results/70445/4276120/NCAA_Division_I_Track__Field_Championships/100-Hurdles,TFRRS all_performances
"Hall, Kaylyn",Iowa State,Big 12,100H,2021,3,,,14.19,seconds,Pepsi Florida Relays,2021-04-02,,,0.6,Outdoor,https://www.tfrrs.org/results/68395/4166890/Pepsi_Florida_Relays/100-Hurdles,TFRRS all_performances
"Hall, Kaylyn",Iowa State,Big 12,100H,2021,3,,,13.78,seconds,Michael Johnson Invitational,2021-04-16,,,1.7,Outdoor,https://www.tfrrs.org/results/68122/4209469/Michael_Johnson_Invitational/100-Hurdles,TFRRS all_performances
"Hall, Kaylyn",Iowa State,Big 12,100H,2021,3,,,13.81,seconds,Drake Relays,2021-04-22,,,-1.4,Outdoor,https://www.tfrrs.org/results/69821/4224621/Drake_Relays/100-Hurdles,TFRRS all_performances
"Hall, Kaylyn",Iowa State,Big 12,100H,2021,3,,,13.60,seconds,Big 12 Championships,2021-05-14,,,1.2,Outdoor,https://www.tfrrs.org/results/70288/4266358/Big_12_Championships/100-Hurdles,TFRRS all_performances
"Hinton, Kaylee",Texas Tech,Big 12,100H,2021,4,,,14.40,seconds,Wes Kittley Invitational & Multi,2021-03-18,,,1.1,Outdoor,https://www.tfrrs.org/results/66563/4130143/Wes_Kittley_Invitational__Multi/100-Hurdles,TFRRS all_performances
"McDonald, Gabrielle",Texas Tech,Big 12,100H,2021,3,,,13.17,seconds,Wes Kittley Invitational & Multi,2021-03-18,,,1.1,Outdoor,https://www.tfrrs.org/results/66563/4130143/Wes_Kittley_Invitational__Multi/100-Hurdles,TFRRS all_performances
"Roswell, Demisha",Texas Tech,Big 12,100H,2021,2,,,13.40,seconds,Wes Kittley Invitational & Multi,2021-03-18,,,1.1,Outdoor,https://www.tfrrs.org/results/66563/4130143/Wes_Kittley_Invitational__Multi/100-Hurdles,TFRRS all_performances
"Hinton, Kaylee",Texas Tech,Big 12,100H,2021,4,,,13.82,seconds,93rd Clyde Littlefield Texas Relays,2021-03-25,,,2.0,Outdoor,https://www.tfrrs.org/results/67755/4149910/93rd_Clyde_Littlefield_Texas_Relays/100-Hurdles,TFRRS all_performances
"Roswell, Demisha",Texas Tech,Big 12,100H,2021,2,,,13.32,seconds,93rd Clyde Littlefield Texas Relays,2021-03-25,,,2.0,Outdoor,https://www.tfrrs.org/results/67755/4149910/93rd_Clyde_Littlefield_Texas_Relays/100-Hurdles,TFRRS all_performances
"Hinton, Kaylee",Texas Tech,Big 12,100H,2021,4,,,13.72,seconds,Baylor Invitational,2021-04-03,,,1.2,Outdoor,https://www.tfrrs.org/results/67986/4169085/Baylor_Invitational/100-Hurdles,TFRRS all_performances
"Jones, Callie",Texas Tech,Big 12,100H,2021,3,,,14.26,seconds,Baylor Invitational,2021-04-03,,,1.6,Outdoor,https://www.tfrrs.org/results/67986/4169085/Baylor_Invitational/100-Hurdles,TFRRS all_performances
"McDonald, Gabrielle",Texas Tech,Big 12,100H,2021,3,,,13.37,seconds,Baylor Invitational,2021-04-03,,,1.2,Outdoor,https://www.tfrrs.org/results/67986/4169085/Baylor_Invitational/100-Hurdles,TFRRS all_performances
"Watkins, Simone",Texas Tech,Big 12,100H,2021,1,,,14.85,seconds,Baylor Invitational,2021-04-03,,,1.2,Outdoor,https://www.tfrrs.org/results/67986/4169085/Baylor_Invitational/100-Hurdles,TFRRS all_performances
"Roswell, Demisha",Texas Tech,Big 12,100H,2021,2,,,13.36,seconds,Masked Rider Open,2021-04-09,,,0.9,Outdoor,https://www.tfrrs.org/results/69306/4187184/Masked_Rider_Open/100-Hurdles,TFRRS all_performances
"Watkins, Simone",Texas Tech,Big 12,100H,2021,1,,,13.98,seconds,Masked Rider Open,2021-04-09,,,0.9,Outdoor,https://www.tfrrs.org/results/69306/4187184/Masked_Rider_Open/100-Hurdles,TFRRS all_performances
"Hinton, Kaylee",Texas Tech,Big 12,100H,2021,4,,,13.63,seconds,2021 Jim Click Shootout,2021-04-10,,,1.9,Outdoor,https://www.tfrrs.org/results/68576/4217262/2021_Jim_Click_Shootout/100-Hurdles,TFRRS all_performances
"Jones, Callie",Texas Tech,Big 12,100H,2021,3,,,13.91,seconds,2021 Jim Click Shootout,2021-04-10,,,0.9,Outdoor,https://www.tfrrs.org/results/68576/4217262/2021_Jim_Click_Shootout/100-Hurdles,TFRRS all_performances
"Hinton, Kaylee",Texas Tech,Big 12,100H,2021,4,,,13.81,seconds,Michael Johnson Invitational,2021-04-16,,,1.7,Outdoor,https://www.tfrrs.org/results/68122/4209469/Michael_Johnson_Invitational/100-Hurdles,TFRRS all_performances
"Hinton, Kaylee",Texas Tech,Big 12,100H,2021,4,,,13.73,seconds,Texas Tech Open,2021-04-23,,,+0.0,Outdoor,https://www.tfrrs.org/results/69830/4226872/Texas_Tech_Open/100-Hurdles,TFRRS all_performances
"Jones, Callie",Texas Tech,Big 12,100H,2021,3,,,14.27,seconds,Texas Tech Open,2021-04-23,,,+0.0,Outdoor,https://www.tfrrs.org/results/69830/4226872/Texas_Tech_Open/100-Hurdles,TFRRS all_performances
"Roswell, Demisha",Texas Tech,Big 12,100H,2021,2,,,13.27,seconds,Texas Tech Open,2021-04-23,,,+0.0,Outdoor,https://www.tfrrs.org/results/69830/4226872/Texas_Tech_Open/100-Hurdles,TFRRS all_performances
"Hinton, Kaylee",Texas Tech,Big 12,100H,2021,4,,,13.54,seconds,Corky/Crofoot Shootout,2021-04-30,,,1.0,Outdoor,https://www.tfrrs.org/results/70044/4246266/Corky_Crofoot_Shootout/100-Hurdles,TFRRS all_performances
"Jones, Callie",Texas Tech,Big 12,100H,2021,3,,,14.07,seconds,Corky/Crofoot Shootout,2021-04-30,,,1.0,Outdoor,https://www.tfrrs.org/results/70044/4246266/Corky_Crofoot_Shootout/100-Hurdles,TFRRS all_performances
"Hinton, Kaylee",Texas Tech,Big 12,100H,2021,4,,,13.50,seconds,Big 12 Championships,2021-05-14,,,1.9,Outdoor,https://www.tfrrs.org/results/70288/4266362/Big_12_Championships/100-Hurdles,TFRRS all_performances
"Jones, Callie",Texas Tech,Big 12,100H,2021,3,,,13.99,seconds,Big 12 Championships,2021-05-14,,,1.3,Outdoor,https://www.tfrrs.org/results/70288/4266362/Big_12_Championships/100-Hurdles,TFRRS all_performances
"Roswell, Demisha",Texas Tech,Big 12,100H,2021,2,,,13.17,seconds,Big 12 Championships,2021-05-14,,,1.2,Outdoor,https://www.tfrrs.org/results/70288/4266358/Big_12_Championships/100-Hurdles,TFRRS all_performances
"Roswell, Demisha",Texas Tech,Big 12,100H,2021,2,,,13.39,seconds,Big 12 Championships,2021-05-14,,,1.3,Outdoor,https://www.tfrrs.org/results/70288/4266358/Big_12_Championships/100-Hurdles,TFRRS all_performances
"Roswell, Demisha",Texas Tech,Big 12,100H,2021,2,,,13.33,seconds,NCAA Division I West Preliminary Round,2021-05-26,,,1.2,Outdoor,https://www.tfrrs.org/results/70371/4272771/NCAA_Division_I_West_Preliminary_Round/100-Hurdles,TFRRS all_performances
"Hinton, Kaylee",Texas Tech,Big 12,100H,2021,4,,,13.74,seconds,NCAA Division I Track & Field Championships,2021-06-09,,,-1.0,Outdoor,https://www.tfrrs.org/results/70445/4276695/NCAA_Division_I_Track__Field_Championships/100-Hurdles,TFRRS all_performances
"Jones, Callie",Texas Tech,Big 12,100H,2021,3,,,14.26,seconds,NCAA Division I Track & Field Championships,2021-06-09,,,0.4,Outdoor,https://www.tfrrs.org/results/70445/4276695/NCAA_Division_I_Track__Field_Championships/100-Hurdles,TFRRS all_performances
"Seay, Maya",Illinois,Big Ten,100H,2021,4,,,14.86,seconds,Husker Big 10 Invite,2021-04-16,,,-1.0,Outdoor,https://www.tfrrs.org/results/68125/4208783/Husker_Big_10_Invite/100-Hurdles,TFRRS all_performances
"Franklin, Jessica",Illinois,Big Ten,100H,2021,1,,,14.60,seconds,Fighting Illini Big Ten Relays,2021-04-23,,,1.8,Outdoor,https://www.tfrrs.org/results/69823/4225387/Fighting_Illini_Big_Ten_Relays/100-Hurdles,TFRRS all_performances
"Seay, Maya",Illinois,Big Ten,100H,2021,4,,,14.63,seconds,Fighting Illini Big Ten Relays,2021-04-23,,,0.5,Outdoor,https://www.tfrrs.org/results/69823/4225387/Fighting_Illini_Big_Ten_Relays/100-Hurdles,TFRRS all_performances
"Franklin, Jessica",Illinois,Big Ten,100H,2021,1,,,14.72,seconds,M City Classic,2021-04-30,,,-0.4,Outdoor,https://www.tfrrs.org/results/69500/4241447/M_City_Classic/100-Hurdles,TFRRS all_performances
"Seay, Maya",Illinois,Big Ten,100H,2021,4,,,14.03,seconds,M City Classic,2021-04-30,,,-0.4,Outdoor,https://www.tfrrs.org/results/69500/4241447/M_City_Classic/100-Hurdles,TFRRS all_performances
"Seay, Maya",Illinois,Big Ten,100H,2021,4,,,14.20,seconds,M City Classic,2021-04-30,,,-0.4,Outdoor,https://www.tfrrs.org/results/69500/4241447/M_City_Classic/100-Hurdles,TFRRS all_performances
"Franklin, Jessica",Illinois,Big Ten,100H,2021,1,,,14.50,seconds,Big Ten Outdoor Track & Field Championships,2021-05-14,,,1.0,Outdoor,https://www.tfrrs.org/results/70289/4268587/Big_Ten_Outdoor_Track__Field_Championships/100-Hurdles,TFRRS all_performances
"Seay, Maya",Illinois,Big Ten,100H,2021,4,,,13.77,seconds,Big Ten Outdoor Track & Field Championships,2021-05-14,,,1.1,Outdoor,https://www.tfrrs.org/results/70289/4266603/Big_Ten_Outdoor_Track__Field_Championships/100-Hurdles,TFRRS all_performances
"Myers, Kerrigan",Nebraska,Big Ten,100H,2021,1,,,14.18,seconds,2021 B1G North Florida Invitational,2021-04-02,,,1.3,Outdoor,https://www.tfrrs.org/results/68310/4169344/2021_B1G_North_Florida_Invitational_/100-Hurdles,TFRRS all_performances
"Harris, Winsome",Nebraska,Big Ten,100H,2021,2,,,14.80,seconds,Husker Big 10 Invite,2021-04-16,,,-1.0,Outdoor,https://www.tfrrs.org/results/68125/4208783/Husker_Big_10_Invite/100-Hurdles,TFRRS all_performances
"Kadrmas, Katherine",Nebraska,Big Ten,100H,2021,1,,,15.16,seconds,Husker Big 10 Invite,2021-04-16,,,-0.1,Outdoor,https://www.tfrrs.org/results/68125/4236138/Husker_Big_10_Invite/100-Hurdles,TFRRS all_performances
"Stepney, LaQwasia",Nebraska,Big Ten,100H,2021,2,,,14.16,seconds,Husker Big 10 Invite,2021-04-16,,,-1.2,Outdoor,https://www.tfrrs.org/results/68125/4208783/Husker_Big_10_Invite/100-Hurdles,TFRRS all_performances
"Thomas, Darby",Nebraska,Big Ten,100H,2021,2,,,14.14,seconds,Husker Big 10 Invite,2021-04-16,,,-2.3,Outdoor,https://www.tfrrs.org/results/68125/4208783/Husker_Big_10_Invite/100-Hurdles,TFRRS all_performances
"Zanker, Teri",Nebraska,Big Ten,100H,2021,1,,,14.66,seconds,Husker Big 10 Invite,2021-04-16,,,1.3,Outdoor,https://www.tfrrs.org/results/68125/4236138/Husker_Big_10_Invite/100-Hurdles,TFRRS all_performances
"Hadley, Skylar",Nebraska,Big Ten,100H,2021,2,,,14.50,seconds,Fighting Illini Big Ten Relays,2021-04-23,,,1.8,Outdoor,https://www.tfrrs.org/results/69823/4225387/Fighting_Illini_Big_Ten_Relays/100-Hurdles,TFRRS all_performances
"Harris, Winsome",Nebraska,Big Ten,100H,2021,2,,,14.45,seconds,Fighting Illini Big Ten Relays,2021-04-23,,,1.8,Outdoor,https://www.tfrrs.org/results/69823/4225387/Fighting_Illini_Big_Ten_Relays/100-Hurdles,TFRRS all_performances
"Stepney, LaQwasia",Nebraska,Big Ten,100H,2021,2,,,14.50,seconds,Fighting Illini Big Ten Relays,2021-04-23,,,0.9,Outdoor,https://www.tfrrs.org/results/69823/4225387/Fighting_Illini_Big_Ten_Relays/100-Hurdles,TFRRS all_performances
"Thomas, Darby",Nebraska,Big Ten,100H,2021,2,,,13.90,seconds,Fighting Illini Big Ten Relays,2021-04-23,,,0.9,Outdoor,https://www.tfrrs.org/results/69823/4225387/Fighting_Illini_Big_Ten_Relays/100-Hurdles,TFRRS all_performances
"Battistella, Jamieson",Nebraska,Big Ten,100H,2021,1,,,16.73,seconds,M City Classic,2021-04-30,,,-0.4,Outdoor,https://www.tfrrs.org/results/69500/4241447/M_City_Classic/100-Hurdles,TFRRS all_performances
"Battistella, Jamieson",Nebraska,Big Ten,100H,2021,1,,,17.23,seconds,M City Classic,2021-04-30,,,-0.4,Outdoor,https://www.tfrrs.org/results/69500/4241447/M_City_Classic/100-Hurdles,TFRRS all_performances
"Myers, Kerrigan",Nebraska,Big Ten,100H,2021,1,,,14.30,seconds,M City Classic,2021-04-30,,,-0.4,Outdoor,https://www.tfrrs.org/results/69500/4241447/M_City_Classic/100-Hurdles,TFRRS all_performances
"Myers, Kerrigan",Nebraska,Big Ten,100H,2021,1,,,14.52,seconds,M City Classic,2021-04-30,,,-0.4,Outdoor,https://www.tfrrs.org/results/69500/4241447/M_City_Classic/100-Hurdles,TFRRS all_performances
"Hadley, Skylar",Nebraska,Big Ten,100H,2021,2,,,14.79,seconds,Big Ten Invite #4 - Billy Hayes Invite,2021-05-01,,,-1.0,Outdoor,https://www.tfrrs.org/results/65969/4244170/Big_Ten_Invite_4_-_Billy_Hayes_Invite/100-Hurdles,TFRRS all_performances
"Kadrmas, Katherine",Nebraska,Big Ten,100H,2021,1,,,14.78,seconds,Big Ten Outdoor Track & Field Championships,2021-05-14,,,-0.1,Outdoor,https://www.tfrrs.org/results/70289/4268587/Big_Ten_Outdoor_Track__Field_Championships/100-Hurdles,TFRRS all_performances
"Myers, Kerrigan",Nebraska,Big Ten,100H,2021,1,,,14.22,seconds,Big Ten Outdoor Track & Field Championships,2021-05-14,,,0.6,Outdoor,https://www.tfrrs.org/results/70289/4268587/Big_Ten_Outdoor_Track__Field_Championships/100-Hurdles,TFRRS all_performances
"Stepney, LaQwasia",Nebraska,Big Ten,100H,2021,2,,,43.48,seconds,Big Ten Outdoor Track & Field Championships,2021-05-14,,,1.5,Outdoor,https://www.tfrrs.org/results/70289/4266603/Big_Ten_Outdoor_Track__Field_Championships/100-Hurdles,TFRRS all_performances
"Thomas, Darby",Nebraska,Big Ten,100H,2021,2,,,13.75,seconds,Big Ten Outdoor Track & Field Championships,2021-05-14,,,1.5,Outdoor,https://www.tfrrs.org/results/70289/4266603/Big_Ten_Outdoor_Track__Field_Championships/100-Hurdles,TFRRS all_performances
"Zanker, Teri",Nebraska,Big Ten,100H,2021,1,,,14.75,seconds,Big Ten Outdoor Track & Field Championships,2021-05-14,,,1.0,Outdoor,https://www.tfrrs.org/results/70289/4268587/Big_Ten_Outdoor_Track__Field_Championships/100-Hurdles,TFRRS all_performances
"Chocek, Taylor",Oregon,Big Ten,100H,2021,1,,,14.82,seconds,42nd Aztec Invitational,2021-03-25,,,1.7,Outdoor,https://www.tfrrs.org/results/67907/4150075/42nd_Aztec_Invitational/100-Hurdles,TFRRS all_performances
"Sloan, Emily",Oregon,Big Ten,100H,2021,2,,,13.24,seconds,42nd Aztec Invitational,2021-03-25,,,-1.3,Outdoor,https://www.tfrrs.org/results/67907/4150075/42nd_Aztec_Invitational/100-Hurdles,TFRRS all_performances
"Webster, Alexa",Oregon,Big Ten,100H,2021,1,,,13.48,seconds,42nd Aztec Invitational,2021-03-25,,,1.7,Outdoor,https://www.tfrrs.org/results/67907/4150075/42nd_Aztec_Invitational/100-Hurdles,TFRRS all_performances
"Chocek, Taylor",Oregon,Big Ten,100H,2021,1,,,14.76,seconds,Hayward Premiere,2021-04-02,,,0.1,Outdoor,https://www.tfrrs.org/results/67754/4168738/Hayward_Premiere/100-Hurdles,TFRRS all_performances
"Webster, Alexa",Oregon,Big Ten,100H,2021,1,,,13.83,seconds,Hayward Premiere,2021-04-02,,,-0.4,Outdoor,https://www.tfrrs.org/results/67754/4168738/Hayward_Premiere/100-Hurdles,TFRRS all_performances
"Foster, Rhesa",Oregon,Big Ten,100H,2021,4,,,13.89,seconds,2021 West Coast Classic- Arizona,2021-04-17,,,0.5,Outdoor,https://www.tfrrs.org/results/68926/4209678/2021_West_Coast_Classic-_Arizona/100-Hurdles,TFRRS all_performances
"Sloan, Emily",Oregon,Big Ten,100H,2021,2,,,13.16,seconds,2021 West Coast Classic- Arizona,2021-04-17,,,0.5,Outdoor,https://www.tfrrs.org/results/68926/4209678/2021_West_Coast_Classic-_Arizona/100-Hurdles,TFRRS all_performances
"Chocek, Taylor",Oregon,Big Ten,100H,2021,1,,,15.05,seconds,Oregon Relays,2021-04-23,,,-0.4,Outdoor,https://www.tfrrs.org/results/69801/4226001/Oregon_Relays/100-Hurdles,TFRRS all_performances
"Sloan, Emily",Oregon,Big Ten,100H,2021,2,,,13.22,seconds,Oregon Relays,2021-04-23,,,-0.3,Outdoor,https://www.tfrrs.org/results/69801/4225982/Oregon_Relays/100-Hurdles,TFRRS all_performances
"Chocek, Taylor",Oregon,Big Ten,100H,2021,1,,,15.29,seconds,OSU High Performance Meet,2021-04-30,,,-0.2,Outdoor,https://www.tfrrs.org/results/68375/4243476/OSU_High_Performance_Meet/100-Hurdles,TFRRS all_performances
"Sloan, Emily",Oregon,Big Ten,100H,2021,2,,,13.04,seconds,2021 Desert Heat Classic,2021-05-01,,,1.0,Outdoor,https://www.tfrrs.org/results/69643/4244629/2021_Desert_Heat_Classic/100-Hurdles,TFRRS all_performances
"Chocek, Taylor",Oregon,Big Ten,100H,2021,1,,,14.89,seconds,Oregon Twilight,2021-05-07,,,-0.3,Outdoor,https://www.tfrrs.org/results/69460/4254894/Oregon_Twilight/100-Hurdles,TFRRS all_performances
"Webster, Alexa",Oregon,Big Ten,100H,2021,1,,,13.93,seconds,Oregon Twilight,2021-05-07,,,-0.3,Outdoor,https://www.tfrrs.org/results/69460/4254894/Oregon_Twilight/100-Hurdles,TFRRS all_performances
"Chocek, Taylor",Oregon,Big Ten,100H,2021,1,,,15.13,seconds,Pac-12 Track & Field Championships,2021-05-14,,,-0.3,Outdoor,https://www.tfrrs.org/results/69474/4267120/Pac-12_Track__Field_Championships/100-Hurdles,TFRRS all_performances
"Sloan, Emily",Oregon,Big Ten,100H,2021,2,,,13.21,seconds,Pac-12 Track & Field Championships,2021-05-14,,,0.6,Outdoor,https://www.tfrrs.org/results/69474/4267128/Pac-12_Track__Field_Championships/100-Hurdles,TFRRS all_performances
"Sloan, Emily",Oregon,Big Ten,100H,2021,2,,,13.33,seconds,Pac-12 Track & Field Championships,2021-05-14,,,+0.0,Outdoor,https://www.tfrrs.org/results/69474/4267128/Pac-12_Track__Field_Championships/100-Hurdles,TFRRS all_performances
"Webster, Alexa",Oregon,Big Ten,100H,2021,1,,,13.48,seconds,Pac-12 Track & Field Championships,2021-05-14,,,1.5,Outdoor,https://www.tfrrs.org/results/69474/4267128/Pac-12_Track__Field_Championships/100-Hurdles,TFRRS all_performances
"Webster, Alexa",Oregon,Big Ten,100H,2021,1,,,13.68,seconds,Pac-12 Track & Field Championships,2021-05-14,,,+0.0,Outdoor,https://www.tfrrs.org/results/69474/4267128/Pac-12_Track__Field_Championships/100-Hurdles,TFRRS all_performances
"Jones, Jasmine",USC,Big Ten,100H,2021,1,,,13.01,seconds,USC Trojan Invitational,2021-03-19,,,0.3,Outdoor,https://www.tfrrs.org/results/68443/4129434/USC_Trojan_Invitational/100-Hurdles,TFRRS all_performances
"Cockrell, Anna",USC,Big Ten,100H,2021,4,,,13.10,seconds,42nd Aztec Invitational,2021-03-25,,,-1.3,Outdoor,https://www.tfrrs.org/results/67907/4150075/42nd_Aztec_Invitational/100-Hurdles,TFRRS all_performances
"Cockrell, Anna",USC,Big Ten,100H,2021,4,,,12.89,seconds,Pepsi Florida Relays,2021-04-02,,,0.8,Outdoor,https://www.tfrrs.org/results/68395/4166890/Pepsi_Florida_Relays/100-Hurdles,TFRRS all_performances
"Cockrell, Anna",USC,Big Ten,100H,2021,4,,,13.13,seconds,Pepsi Florida Relays,2021-04-02,,,0.3,Outdoor,https://www.tfrrs.org/results/68395/4166890/Pepsi_Florida_Relays/100-Hurdles,TFRRS all_performances
"Jones, Jasmine",USC,Big Ten,100H,2021,1,,,12.91,seconds,Pepsi Florida Relays,2021-04-02,,,0.8,Outdoor,https://www.tfrrs.org/results/68395/4166890/Pepsi_Florida_Relays/100-Hurdles,TFRRS all_performances
"Jones, Jasmine",USC,Big Ten,100H,2021,1,,,13.04,seconds,Pepsi Florida Relays,2021-04-02,,,0.7,Outdoor,https://www.tfrrs.org/results/68395/4166890/Pepsi_Florida_Relays/100-Hurdles,TFRRS all_performances
"McGlaston, Mecca",USC,Big Ten,100H,2021,4,,,13.34,seconds,Pepsi Florida Relays,2021-04-02,,,0.3,Outdoor,https://www.tfrrs.org/results/68395/4166890/Pepsi_Florida_Relays/100-Hurdles,TFRRS all_performances
"McGlaston, Mecca",USC,Big Ten,100H,2021,4,,,13.46,seconds,Pepsi Florida Relays,2021-04-02,,,0.8,Outdoor,https://www.tfrrs.org/results/68395/4166890/Pepsi_Florida_Relays/100-Hurdles,TFRRS all_performances
"McGlaston, Mecca",USC,Big Ten,100H,2021,4,,,13.16,seconds,CAL vs USC Dual,2021-04-10,,,0.4,Outdoor,https://www.tfrrs.org/results/67470/4187040/CAL_vs_USC_Dual_/100-Hurdles,TFRRS all_performances
"Cockrell, Anna",USC,Big Ten,100H,2021,4,,,12.84,seconds,Long Beach Invitational,2021-04-16,,,0.9,Outdoor,https://www.tfrrs.org/results/69592/4208778/Long_Beach_Invitational/100-Hurdles,TFRRS all_performances
"Jones, Jasmine",USC,Big Ten,100H,2021,1,,,12.89,seconds,Long Beach Invitational,2021-04-16,,,0.9,Outdoor,https://www.tfrrs.org/results/69592/4208778/Long_Beach_Invitational/100-Hurdles,TFRRS all_performances
"McGlaston, Mecca",USC,Big Ten,100H,2021,4,,,13.14,seconds,Long Beach Invitational,2021-04-16,,,0.9,Outdoor,https://www.tfrrs.org/results/69592/4208778/Long_Beach_Invitational/100-Hurdles,TFRRS all_performances
"Cockrell, Anna",USC,Big Ten,100H,2021,4,,,12.79,seconds,UCLA v. USC Dual Meet,2021-05-02,,,1.5,Outdoor,https://www.tfrrs.org/results/68254/4245962/UCLA_v_USC_Dual_Meet/100-Hurdles,TFRRS all_performances
"Jones, Jasmine",USC,Big Ten,100H,2021,1,,,13.05,seconds,UCLA v. USC Dual Meet,2021-05-02,,,1.5,Outdoor,https://www.tfrrs.org/results/68254/4245962/UCLA_v_USC_Dual_Meet/100-Hurdles,TFRRS all_performances
"McGlaston, Mecca",USC,Big Ten,100H,2021,4,,,13.26,seconds,UCLA v. USC Dual Meet,2021-05-02,,,1.5,Outdoor,https://www.tfrrs.org/results/68254/4245962/UCLA_v_USC_Dual_Meet/100-Hurdles,TFRRS all_performances
"Cockrell, Anna",USC,Big Ten,100H,2021,4,,,12.79,seconds,Pac-12 Track & Field Championships,2021-05-14,,,+0.0,Outdoor,https://www.tfrrs.org/results/69474/4267128/Pac-12_Track__Field_Championships/100-Hurdles,TFRRS all_performances
"Cockrell, Anna",USC,Big Ten,100H,2021,4,,,12.82,seconds,Pac-12 Track & Field Championships,2021-05-14,,,1.5,Outdoor,https://www.tfrrs.org/results/69474/4267128/Pac-12_Track__Field_Championships/100-Hurdles,TFRRS all_performances
"Jones, Jasmine",USC,Big Ten,100H,2021,1,,,12.89,seconds,Pac-12 Track & Field Championships,2021-05-14,,,+0.0,Outdoor,https://www.tfrrs.org/results/69474/4267128/Pac-12_Track__Field_Championships/100-Hurdles,TFRRS all_performances
"Jones, Jasmine",USC,Big Ten,100H,2021,1,,,13.02,seconds,Pac-12 Track & Field Championships,2021-05-14,,,-0.4,Outdoor,https://www.tfrrs.org/results/69474/4267128/Pac-12_Track__Field_Championships/100-Hurdles,TFRRS all_performances
"McGlaston, Mecca",USC,Big Ten,100H,2021,4,,,13.15,seconds,Pac-12 Track & Field Championships,2021-05-14,,,0.6,Outdoor,https://www.tfrrs.org/results/69474/4267128/Pac-12_Track__Field_Championships/100-Hurdles,TFRRS all_performances
"McGlaston, Mecca",USC,Big Ten,100H,2021,4,,,13.23,seconds,Pac-12 Track & Field Championships,2021-05-14,,,+0.0,Outdoor,https://www.tfrrs.org/results/69474/4267128/Pac-12_Track__Field_Championships/100-Hurdles,TFRRS all_performances
"Cockrell, Anna",USC,Big Ten,100H,2021,4,,,12.86,seconds,NCAA Division I West Preliminary Round,2021-05-26,,,0.4,Outdoor,https://www.tfrrs.org/results/70371/4272771/NCAA_Division_I_West_Preliminary_Round/100-Hurdles,TFRRS all_performances
"Jones, Jasmine",USC,Big Ten,100H,2021,1,,,12.98,seconds,NCAA Division I West Preliminary Round,2021-05-26,,,1.2,Outdoor,https://www.tfrrs.org/results/70371/4272771/NCAA_Division_I_West_Preliminary_Round/100-Hurdles,TFRRS all_performances
"McGlaston, Mecca",USC,Big Ten,100H,2021,4,,,13.12,seconds,NCAA Division I West Preliminary Round,2021-05-26,,,1.2,Outdoor,https://www.tfrrs.org/results/70371/4272771/NCAA_Division_I_West_Preliminary_Round/100-Hurdles,TFRRS all_performances
"Cockrell, Anna",USC,Big Ten,100H,2021,4,,,12.54,seconds,NCAA Division I Track & Field Championships,2021-06-09,,,1.1,Outdoor,https://www.tfrrs.org/results/70445/4276120/NCAA_Division_I_Track__Field_Championships/100-Hurdles,TFRRS all_performances
"Cockrell, Anna",USC,Big Ten,100H,2021,4,,,12.58,seconds,NCAA Division I Track & Field Championships,2021-06-09,,,0.4,Outdoor,https://www.tfrrs.org/results/70445/4276120/NCAA_Division_I_Track__Field_Championships/100-Hurdles,TFRRS all_performances
"Jones, Jasmine",USC,Big Ten,100H,2021,1,,,12.94,seconds,NCAA Division I Track & Field Championships,2021-06-09,,,-0.5,Outdoor,https://www.tfrrs.org/results/70445/4276120/NCAA_Division_I_Track__Field_Championships/100-Hurdles,TFRRS all_performances
"McGlaston, Mecca",USC,Big Ten,100H,2021,4,,,13.01,seconds,NCAA Division I Track & Field Championships,2021-06-09,,,1.1,Outdoor,https://www.tfrrs.org/results/70445/4276120/NCAA_Division_I_Track__Field_Championships/100-Hurdles,TFRRS all_performances
"Eikeng, Ida",Washington,Big Ten,100H,2021,3,,,14.77,seconds,Stanford Invitational,2021-04-02,,,1.1,Outdoor,https://www.tfrrs.org/results/68221/4169797/Stanford_Invitational/100-Hurdles,TFRRS all_performances
"Lopes, Lyndsey",Washington,Big Ten,100H,2021,4,,,13.78,seconds,Stanford Invitational,2021-04-02,,,1.1,Outdoor,https://www.tfrrs.org/results/68221/4169797/Stanford_Invitational/100-Hurdles,TFRRS all_performances
"Rusnak, Hannah",Washington,Big Ten,100H,2021,3,,,14.44,seconds,Stanford Invitational,2021-04-02,,,1.1,Outdoor,https://www.tfrrs.org/results/68221/4169797/Stanford_Invitational/100-Hurdles,TFRRS all_performances
"Rusnak, Hannah",Washington,Big Ten,100H,2021,3,,,14.40,seconds,2021 Jim Click Shootout,2021-04-10,,,1.9,Outdoor,https://www.tfrrs.org/results/68576/4217262/2021_Jim_Click_Shootout/100-Hurdles,TFRRS all_performances
"Lopes, Lyndsey",Washington,Big Ten,100H,2021,4,,,13.49,seconds,UW v. WSU Dual,2021-04-21,,,1.4,Outdoor,https://www.tfrrs.org/results/69230/4217571/UW_v_WSU_Dual_/100-Hurdles,TFRRS all_performances
"Rusnak, Hannah",Washington,Big Ten,100H,2021,3,,,14.06,seconds,UW v. WSU Dual,2021-04-21,,,1.4,Outdoor,https://www.tfrrs.org/results/69230/4217571/UW_v_WSU_Dual_/100-Hurdles,TFRRS all_performances
"Wilson, Aaliyah",Washington,Big Ten,100H,2021,3,,,14.37,seconds,UW v. WSU Dual,2021-04-21,,,1.4,Outdoor,https://www.tfrrs.org/results/69230/4217571/UW_v_WSU_Dual_/100-Hurdles,TFRRS all_performances
"Heggen, Lauren",Washington,Big Ten,100H,2021,1,,,14.99,seconds,West Coast Relays,2021-04-30,,,+0.0,Outdoor,https://www.tfrrs.org/results/68481/4247349/West_Coast_Relays/100-Hurdles,TFRRS all_performances
"Heggen, Lauren",Washington,Big Ten,100H,2021,1,,,14.99,seconds,Fresno St. West Coast Relays,2021-04-30,,,+0.0,Outdoor,https://www.tfrrs.org/results/70021/4240340/Fresno_St_West_Coast_Relays/100-Hurdles,TFRRS all_performances
"Rusnak, Hannah",Washington,Big Ten,100H,2021,3,,,14.35,seconds,Fresno St. West Coast Relays,2021-04-30,,,1.1,Outdoor,https://www.tfrrs.org/results/70021/4240340/Fresno_St_West_Coast_Relays/100-Hurdles,TFRRS all_performances
"Rusnak, Hannah",Washington,Big Ten,100H,2021,3,,,14.35,seconds,West Coast Relays,2021-04-30,,,1.1,Outdoor,https://www.tfrrs.org/results/68481/4247349/West_Coast_Relays/100-Hurdles,TFRRS all_performances
"Wilson, Aaliyah",Washington,Big Ten,100H,2021,3,,,14.04,seconds,Fresno St. West Coast Relays,2021-04-30,,,1.1,Outdoor,https://www.tfrrs.org/results/70021/4240340/Fresno_St_West_Coast_Relays/100-Hurdles,TFRRS all_performances
"Wilson, Aaliyah",Washington,Big Ten,100H,2021,3,,,14.04,seconds,West Coast Relays,2021-04-30,,,1.1,Outdoor,https://www.tfrrs.org/results/68481/4247349/West_Coast_Relays/100-Hurdles,TFRRS all_performances
"Eikeng, Ida",Washington,Big Ten,100H,2021,3,,,13.67,seconds,Pac-12 Track & Field Championships,2021-05-14,,,-0.2,Outdoor,https://www.tfrrs.org/results/69474/4267120/Pac-12_Track__Field_Championships/100-Hurdles,TFRRS all_performances
"Lopes, Lyndsey",Washington,Big Ten,100H,2021,4,,,13.74,seconds,Pac-12 Track & Field Championships,2021-05-14,,,-0.2,Outdoor,https://www.tfrrs.org/results/69474/4267120/Pac-12_Track__Field_Championships/100-Hurdles,TFRRS all_performances
"Rusnak, Hannah",Washington,Big Ten,100H,2021,3,,,14.35,seconds,Pac-12 Track & Field Championships,2021-05-14,,,-0.3,Outdoor,https://www.tfrrs.org/results/69474/4267120/Pac-12_Track__Field_Championships/100-Hurdles,TFRRS all_performances
"Wilson, Aaliyah",Washington,Big Ten,100H,2021,3,,,13.86,seconds,Pac-12 Track & Field Championships,2021-05-14,,,1.5,Outdoor,https://www.tfrrs.org/results/69474/4267128/Pac-12_Track__Field_Championships/100-Hurdles,TFRRS all_performances
"Eikeng, Ida",Washington,Big Ten,100H,2021,3,,,13.37,seconds,NCAA Division I Track & Field Championships,2021-06-09,,,-0.2,Outdoor,https://www.tfrrs.org/results/70445/4276695/NCAA_Division_I_Track__Field_Championships/100-Hurdles,TFRRS all_performances
"Lopes, Lyndsey",Washington,Big Ten,100H,2021,4,,,13.70,seconds,NCAA Division I Track & Field Championships,2021-06-09,,,-0.8,Outdoor,https://www.tfrrs.org/results/70445/4276695/NCAA_Division_I_Track__Field_Championships/100-Hurdles,TFRRS all_performances
"Tolbert, Kayla",Alabama,SEC,100H,2021,1,,,17.60,seconds,Pepsi Florida Relays,2021-04-02,,,0.7,Outdoor,https://www.tfrrs.org/results/68395/4166890/Pepsi_Florida_Relays/100-Hurdles,TFRRS all_performances
"Johnson, Brandee",Florida,SEC,100H,2021,4,,,13.76,seconds,FSU Relays,2021-03-25,,,1.8,Outdoor,https://www.tfrrs.org/results/68747/4145915/FSU_Relays/100-Hurdles,TFRRS all_performances
"Lester, Sterling",Florida,SEC,100H,2021,2,,,13.91,seconds,UF Tom Jones Invitational,2021-04-16,,,0.1,Outdoor,https://www.tfrrs.org/results/68975/4206598/UF_Tom_Jones_Invitational/100-Hurdles,TFRRS all_performances
"Stark, Grace",Florida,SEC,100H,2021,3,,,13.75,seconds,UF Tom Jones Invitational,2021-04-16,,,-0.5,Outdoor,https://www.tfrrs.org/results/68975/4206598/UF_Tom_Jones_Invitational/100-Hurdles,TFRRS all_performances
"Lester, Sterling",Florida,SEC,100H,2021,2,,,13.68,seconds,LSU Invitational,2021-05-01,,,1.2,Outdoor,https://www.tfrrs.org/results/68974/4241533/LSU_Invitational/100-Hurdles,TFRRS all_performances
"Stark, Grace",Florida,SEC,100H,2021,3,,,13.14,seconds,LSU Invitational,2021-05-01,,,1.2,Outdoor,https://www.tfrrs.org/results/68974/4241533/LSU_Invitational/100-Hurdles,TFRRS all_performances
"Lester, Sterling",Florida,SEC,100H,2021,2,,,13.44,seconds,SEC Outdoor Track & Field Championships,2021-05-13,,,1.5,Outdoor,https://www.tfrrs.org/results/70259/4265865/SEC_Outdoor_Track__Field_Championships/100-Hurdles,TFRRS all_performances
"Stark, Grace",Florida,SEC,100H,2021,3,,,12.74,seconds,SEC Outdoor Track & Field Championships,2021-05-13,Final,,3.6,Outdoor,https://www.tfrrs.org/athletes/7533304/Florida/Grace_Stark,legacy_source_needs_review
"Stark, Grace",Florida,SEC,100H,2021,3,,,12.88,seconds,SEC Outdoor Track & Field Championships,2021-05-13,,,1.5,Outdoor,https://www.tfrrs.org/results/70259/4263440/SEC_Outdoor_Track__Field_Championships/100-Hurdles,TFRRS all_performances
"Lester, Sterling",Florida,SEC,100H,2021,2,,,13.36,seconds,NCAA Division I East Preliminary Round,2021-05-26,,,1.7,Outdoor,https://www.tfrrs.org/results/70390/4273635/NCAA_Division_I_East_Preliminary_Round/100-Hurdles,TFRRS all_performances
"Stark, Grace",Florida,SEC,100H,2021,3,,,12.77,seconds,NCAA East Preliminary Round,2021-05-26,Quarterfinal,,2.1,Outdoor,https://www.tfrrs.org/athletes/7533304/Florida/Grace_Stark,legacy_source_needs_review
"Stark, Grace",Florida,SEC,100H,2021,1,,,12.88,seconds,NCAA Division I East Preliminary Round,2021-05-26,,,-1.6,Outdoor,https://www.tfrrs.org/results/70390/4273635/NCAA_Division_I_East_Preliminary_Round/100-Hurdles,TFRRS all_performances
"Stark, Grace",Florida,SEC,100H,2021,1,,,12.73,seconds,NCAA Division I Track & Field Championships,2021-06-09,,,0.1,Outdoor,https://www.tfrrs.org/results/70445/4276120/NCAA_Division_I_Track__Field_Championships/100-Hurdles,TFRRS all_performances
"Stark, Grace",Florida,SEC,100H,2021,1,,,12.89,seconds,NCAA Division I Track & Field Championships,2021-06-09,,,0.4,Outdoor,https://www.tfrrs.org/results/70445/4276120/NCAA_Division_I_Track__Field_Championships/100-Hurdles,TFRRS all_performances
"Hall, Anna",Georgia,SEC,100H,2021,1,,,13.88,seconds,FSU Relays,2021-03-25,,,1.8,Outdoor,https://www.tfrrs.org/results/68747/4145915/FSU_Relays/100-Hurdles,TFRRS all_performances
"Carothers, Imani",Georgia,SEC,100H,2021,2,,,13.38,seconds,Spec Towns Invitational,2021-04-09,,,-1.9,Outdoor,https://www.tfrrs.org/results/69294/4185850/Spec_Towns_Invitational/100-Hurdles,TFRRS all_performances
"Hall, Anna",Georgia,SEC,100H,2021,1,,,13.64,seconds,Spec Towns Invitational,2021-04-09,,,0.4,Outdoor,https://www.tfrrs.org/results/69294/4253445/Spec_Towns_Invitational/100-Hurdles,TFRRS all_performances
"Reynolds, Asya",Georgia,SEC,100H,2021,4,,,13.94,seconds,Spec Towns Invitational,2021-04-09,,,0.4,Outdoor,https://www.tfrrs.org/results/69294/4253445/Spec_Towns_Invitational/100-Hurdles,TFRRS all_performances
"Carothers, Imani",Georgia,SEC,100H,2021,2,,,13.46,seconds,Torrin Lawrence Memorial,2021-04-30,,,-0.4,Outdoor,https://www.tfrrs.org/results/70029/4240884/Torrin_Lawrence_Memorial/100-Hurdles,TFRRS all_performances
"Hall, Anna",Georgia,SEC,100H,2021,1,,,13.73,seconds,Torrin Lawrence Memorial,2021-04-30,,,-0.4,Outdoor,https://www.tfrrs.org/results/70029/4240884/Torrin_Lawrence_Memorial/100-Hurdles,TFRRS all_performances
"Reynolds, Asya",Georgia,SEC,100H,2021,4,,,13.88,seconds,Torrin Lawrence Memorial,2021-04-30,,,-0.4,Outdoor,https://www.tfrrs.org/results/70029/4240884/Torrin_Lawrence_Memorial/100-Hurdles,TFRRS all_performances
"Carothers, Imani",Georgia,SEC,100H,2021,2,,,13.14,seconds,SEC Outdoor Track & Field Championships,2021-05-13,,,1.6,Outdoor,https://www.tfrrs.org/results/70259/4263440/SEC_Outdoor_Track__Field_Championships/100-Hurdles,TFRRS all_performances
"Hall, Anna",Georgia,SEC,100H,2021,1,,,13.53,seconds,SEC Outdoor Track & Field Championships,2021-05-13,,,1.5,Outdoor,https://www.tfrrs.org/results/70259/4265865/SEC_Outdoor_Track__Field_Championships/100-Hurdles,TFRRS all_performances
"Reynolds, Asya",Georgia,SEC,100H,2021,4,,,13.72,seconds,SEC Outdoor Track & Field Championships,2021-05-13,,,0.4,Outdoor,https://www.tfrrs.org/results/70259/4265865/SEC_Outdoor_Track__Field_Championships/100-Hurdles,TFRRS all_performances
"Carothers, Imani",Georgia,SEC,100H,2021,2,,,13.22,seconds,NCAA Division I East Preliminary Round,2021-05-26,,,0.8,Outdoor,https://www.tfrrs.org/results/70390/4273635/NCAA_Division_I_East_Preliminary_Round/100-Hurdles,TFRRS all_performances
"Reynolds, Asya",Georgia,SEC,100H,2021,4,,,13.68,seconds,NCAA Division I Track & Field Championships,2021-06-09,,,-0.2,Outdoor,https://www.tfrrs.org/results/70445/4276695/NCAA_Division_I_Track__Field_Championships/100-Hurdles,TFRRS all_performances
"Williams, Annika",Kentucky,SEC,100H,2021,1,,,14.05,seconds,93rd Clyde Littlefield Texas Relays,2021-03-25,,,1.6,Outdoor,https://www.tfrrs.org/results/67755/4153617/93rd_Clyde_Littlefield_Texas_Relays/100-Hurdles,TFRRS all_performances
"Ballard, Shadajah",Kentucky,SEC,100H,2021,1,,,13.76,seconds,Weems Baskin Relays,2021-03-26,,,0.7,Outdoor,https://www.tfrrs.org/results/67496/4148980/Weems_Baskin_Relays/100-Hurdles,TFRRS all_performances
"Ballard, Shadajah",Kentucky,SEC,100H,2021,1,,,14.07,seconds,Weems Baskin Relays,2021-03-26,,,1.1,Outdoor,https://www.tfrrs.org/results/67496/4148980/Weems_Baskin_Relays/100-Hurdles,TFRRS all_performances
"Chadwick, Amaya",Kentucky,SEC,100H,2021,3,,,13.79,seconds,Weems Baskin Relays,2021-03-26,,,0.7,Outdoor,https://www.tfrrs.org/results/67496/4148980/Weems_Baskin_Relays/100-Hurdles,TFRRS all_performances
"Chadwick, Amaya",Kentucky,SEC,100H,2021,3,,,13.81,seconds,Weems Baskin Relays,2021-03-26,,,0.5,Outdoor,https://www.tfrrs.org/results/67496/4148980/Weems_Baskin_Relays/100-Hurdles,TFRRS all_performances
"Khan, Darci",Kentucky,SEC,100H,2021,1,,,13.37,seconds,Weems Baskin Relays,2021-03-26,,,0.7,Outdoor,https://www.tfrrs.org/results/67496/4148980/Weems_Baskin_Relays/100-Hurdles,TFRRS all_performances
"Khan, Darci",Kentucky,SEC,100H,2021,1,,,13.60,seconds,Weems Baskin Relays,2021-03-26,,,0.5,Outdoor,https://www.tfrrs.org/results/67496/4148980/Weems_Baskin_Relays/100-Hurdles,TFRRS all_performances
"Ross, Faith",Kentucky,SEC,100H,2021,4,,,13.57,seconds,Weems Baskin Relays,2021-03-26,,,1.1,Outdoor,https://www.tfrrs.org/results/67496/4148980/Weems_Baskin_Relays/100-Hurdles,TFRRS all_performances
"Ross, Faith",Kentucky,SEC,100H,2021,4,,,13.63,seconds,Weems Baskin Relays,2021-03-26,,,0.7,Outdoor,https://www.tfrrs.org/results/67496/4148980/Weems_Baskin_Relays/100-Hurdles,TFRRS all_performances
"Russell, Masai",Kentucky,SEC,100H,2021,2,,,13.14,seconds,Weems Baskin Relays,2021-03-26,,,0.7,Outdoor,https://www.tfrrs.org/results/67496/4148980/Weems_Baskin_Relays/100-Hurdles,TFRRS all_performances
"Russell, Masai",Kentucky,SEC,100H,2021,2,,,13.44,seconds,Weems Baskin Relays,2021-03-26,,,0.5,Outdoor,https://www.tfrrs.org/results/67496/4148980/Weems_Baskin_Relays/100-Hurdles,TFRRS all_performances
"Khan, Darci",Kentucky,SEC,100H,2021,1,,,13.69,seconds,Pepsi Florida Relays,2021-04-02,Final,,2.6,Outdoor,https://www.tfrrs.org/athletes/7482130/Kentucky/Darci_Khan,legacy_source_needs_review
"Ross, Faith",Kentucky,SEC,100H,2021,4,,,13.47,seconds,Pepsi Florida Relays,2021-04-02,,,0.7,Outdoor,https://www.tfrrs.org/results/68395/4166890/Pepsi_Florida_Relays/100-Hurdles,TFRRS all_performances
"Ross, Faith",Kentucky,SEC,100H,2021,4,,,13.66,seconds,Pepsi Florida Relays,2021-04-02,,,0.8,Outdoor,https://www.tfrrs.org/results/68395/4166890/Pepsi_Florida_Relays/100-Hurdles,TFRRS all_performances
"Russell, Masai",Kentucky,SEC,100H,2021,2,,,13.25,seconds,Pepsi Florida Relays,2021-04-02,,,0.8,Outdoor,https://www.tfrrs.org/results/68395/4166890/Pepsi_Florida_Relays/100-Hurdles,TFRRS all_performances
"Russell, Masai",Kentucky,SEC,100H,2021,2,,,13.48,seconds,Pepsi Florida Relays,2021-04-02,,,0.6,Outdoor,https://www.tfrrs.org/results/68395/4166890/Pepsi_Florida_Relays/100-Hurdles,TFRRS all_performances
"Williams, Annika",Kentucky,SEC,100H,2021,1,,,14.35,seconds,Pepsi Florida Relays,2021-04-02,,,0.3,Outdoor,https://www.tfrrs.org/results/68395/4166890/Pepsi_Florida_Relays/100-Hurdles,TFRRS all_performances
"Chadwick, Amaya",Kentucky,SEC,100H,2021,3,,,14.02,seconds,UF Tom Jones Invitational,2021-04-16,,,-0.5,Outdoor,https://www.tfrrs.org/results/68975/4206598/UF_Tom_Jones_Invitational/100-Hurdles,TFRRS all_performances
"Khan, Darci",Kentucky,SEC,100H,2021,1,,,13.79,seconds,UF Tom Jones Invitational,2021-04-16,,,-1.3,Outdoor,https://www.tfrrs.org/results/68975/4206598/UF_Tom_Jones_Invitational/100-Hurdles,TFRRS all_performances
"Ross, Faith",Kentucky,SEC,100H,2021,4,,,13.15,seconds,UF Tom Jones Invitational,2021-04-16,,,1.3,Outdoor,https://www.tfrrs.org/results/68975/4206598/UF_Tom_Jones_Invitational/100-Hurdles,TFRRS all_performances
"Ross, Faith",Kentucky,SEC,100H,2021,4,,,13.54,seconds,UF Tom Jones Invitational,2021-04-16,,,0.1,Outdoor,https://www.tfrrs.org/results/68975/4206598/UF_Tom_Jones_Invitational/100-Hurdles,TFRRS all_performances
"Russell, Masai",Kentucky,SEC,100H,2021,2,,,13.00,seconds,UF Tom Jones Invitational,2021-04-16,,,1.3,Outdoor,https://www.tfrrs.org/results/68975/4206598/UF_Tom_Jones_Invitational/100-Hurdles,TFRRS all_performances
"Russell, Masai",Kentucky,SEC,100H,2021,2,,,13.13,seconds,UF Tom Jones Memorial,2021-04-16,Final,,1.3,Outdoor,https://www.tfrrs.org/athletes/6995394/Kentucky/Masai_Russell,legacy_source_needs_review
"Russell, Masai",Kentucky,SEC,100H,2021,2,,,13.44,seconds,UF Tom Jones Invitational,2021-04-16,,,-0.5,Outdoor,https://www.tfrrs.org/results/68975/4206598/UF_Tom_Jones_Invitational/100-Hurdles,TFRRS all_performances
"Williams, Annika",Kentucky,SEC,100H,2021,1,,,13.89,seconds,UF Tom Jones Invitational,2021-04-16,,,-1.3,Outdoor,https://www.tfrrs.org/results/68975/4206598/UF_Tom_Jones_Invitational/100-Hurdles,TFRRS all_performances
"Ballard, Shadajah",Kentucky,SEC,100H,2021,1,,,13.74,seconds,2021 Kentucky Invtational,2021-04-30,,,-1.0,Outdoor,https://www.tfrrs.org/results/66857/4241518/2021_Kentucky_Invtational/100-Hurdles,TFRRS all_performances
"Ballard, Shadajah",Kentucky,SEC,100H,2021,1,,,13.85,seconds,2021 Kentucky Invtational,2021-04-30,,,-1.0,Outdoor,https://www.tfrrs.org/results/66857/4241518/2021_Kentucky_Invtational/100-Hurdles,TFRRS all_performances
"Khan, Darci",Kentucky,SEC,100H,2021,1,,,13.27,seconds,2021 Kentucky Invtational,2021-04-30,,,1.3,Outdoor,https://www.tfrrs.org/results/66857/4241518/2021_Kentucky_Invtational/100-Hurdles,TFRRS all_performances
"Khan, Darci",Kentucky,SEC,100H,2021,1,,,13.28,seconds,2021 Kentucky Invtational,2021-04-30,,,-1.0,Outdoor,https://www.tfrrs.org/results/66857/4241518/2021_Kentucky_Invtational/100-Hurdles,TFRRS all_performances
"Ross, Faith",Kentucky,SEC,100H,2021,4,,,13.27,seconds,2021 Kentucky Invtational,2021-04-30,,,-1.0,Outdoor,https://www.tfrrs.org/results/66857/4241518/2021_Kentucky_Invtational/100-Hurdles,TFRRS all_performances
"Ross, Faith",Kentucky,SEC,100H,2021,4,,,13.52,seconds,2021 Kentucky Invtational,2021-04-30,,,-0.5,Outdoor,https://www.tfrrs.org/results/66857/4241518/2021_Kentucky_Invtational/100-Hurdles,TFRRS all_performances
"Russell, Masai",Kentucky,SEC,100H,2021,2,,,13.13,seconds,2021 Kentucky Invtational,2021-04-30,,,-1.0,Outdoor,https://www.tfrrs.org/results/66857/4241518/2021_Kentucky_Invtational/100-Hurdles,TFRRS all_performances
"Russell, Masai",Kentucky,SEC,100H,2021,2,,,13.48,seconds,2021 Kentucky Invtational,2021-04-30,,,-1.0,Outdoor,https://www.tfrrs.org/results/66857/4241518/2021_Kentucky_Invtational/100-Hurdles,TFRRS all_performances
"Ballard, Shadajah",Kentucky,SEC,100H,2021,1,,,13.48,seconds,SEC Outdoor Track & Field Championships,2021-05-13,,,1.5,Outdoor,https://www.tfrrs.org/results/70259/4263440/SEC_Outdoor_Track__Field_Championships/100-Hurdles,TFRRS all_performances
"Khan, Darci",Kentucky,SEC,100H,2021,1,,,13.23,seconds,SEC Outdoor Track & Field Championships,2021-05-13,Prelim,,2.4,Outdoor,https://www.tfrrs.org/athletes/7482130/Kentucky/Darci_Khan,legacy_source_needs_review
"Ross, Faith",Kentucky,SEC,100H,2021,4,,,12.92,seconds,SEC Outdoor Track & Field Championships,2021-05-13,Final,,3.6,Outdoor,https://www.tfrrs.org/athletes/6083682/Kentucky/Faith_Ross,legacy_source_needs_review
"Ross, Faith",Kentucky,SEC,100H,2021,4,,,12.99,seconds,SEC Outdoor Track & Field Championships,2021-05-13,,,1.6,Outdoor,https://www.tfrrs.org/results/70259/4263440/SEC_Outdoor_Track__Field_Championships/100-Hurdles,TFRRS all_performances
"Russell, Masai",Kentucky,SEC,100H,2021,2,,,12.93,seconds,SEC Outdoor Track & Field Championships,2021-05-13,Final,,3.6,Outdoor,https://www.tfrrs.org/athletes/6995394/Kentucky/Masai_Russell,legacy_source_needs_review
"Russell, Masai",Kentucky,SEC,100H,2021,2,,,12.99,seconds,SEC Outdoor Track & Field Championships,2021-05-13,,,1.6,Outdoor,https://www.tfrrs.org/results/70259/4263440/SEC_Outdoor_Track__Field_Championships/100-Hurdles,TFRRS all_performances
"Williams, Annika",Kentucky,SEC,100H,2021,1,,,14.10,seconds,SEC Outdoor Track & Field Championships,2021-05-13,,,0.4,Outdoor,https://www.tfrrs.org/results/70259/4265865/SEC_Outdoor_Track__Field_Championships/100-Hurdles,TFRRS all_performances
"Chadwick, Amaya",Kentucky,SEC,100H,2021,3,,,13.15,seconds,NCAA Division I East Preliminary Round,2021-05-26,,,1.5,Outdoor,https://www.tfrrs.org/results/70390/4273635/NCAA_Division_I_East_Preliminary_Round/100-Hurdles,TFRRS all_performances
"Chadwick, Amaya",Kentucky,SEC,100H,2021,3,,,13.44,seconds,NCAA Division I East Preliminary Round,2021-05-26,,,1.0,Outdoor,https://www.tfrrs.org/results/70390/4273635/NCAA_Division_I_East_Preliminary_Round/100-Hurdles,TFRRS all_performances
"Khan, Darci",Kentucky,SEC,100H,2021,1,,,13.10,seconds,NCAA Division I East Preliminary Round,2021-05-26,,,1.0,Outdoor,https://www.tfrrs.org/results/70390/4273635/NCAA_Division_I_East_Preliminary_Round/100-Hurdles,TFRRS all_performances
"Khan, Darci",Kentucky,SEC,100H,2021,1,,,13.15,seconds,NCAA East Preliminary Round,2021-05-26,First Round,,3.0,Outdoor,https://www.tfrrs.org/athletes/7482130/Kentucky/Darci_Khan,legacy_source_needs_review
"Ross, Faith",Kentucky,SEC,100H,2021,4,,,12.91,seconds,NCAA East Preliminary Round,2021-05-26,First Round,,2.2,Outdoor,https://www.tfrrs.org/athletes/6083682/Kentucky/Faith_Ross,legacy_source_needs_review
"Ross, Faith",Kentucky,SEC,100H,2021,4,,,12.93,seconds,NCAA Division I East Preliminary Round,2021-05-26,,,1.0,Outdoor,https://www.tfrrs.org/results/70390/4273635/NCAA_Division_I_East_Preliminary_Round/100-Hurdles,TFRRS all_performances
"Russell, Masai",Kentucky,SEC,100H,2021,2,,,12.90,seconds,NCAA Division I East Preliminary Round,2021-05-26,,,1.0,Outdoor,https://www.tfrrs.org/results/70390/4273635/NCAA_Division_I_East_Preliminary_Round/100-Hurdles,TFRRS all_performances
"Russell, Masai",Kentucky,SEC,100H,2021,2,,,13.13,seconds,NCAA Division I East Preliminary Round,2021-05-26,,,1.5,Outdoor,https://www.tfrrs.org/results/70390/4273635/NCAA_Division_I_East_Preliminary_Round/100-Hurdles,TFRRS all_performances
"Ross, Faith",Kentucky,SEC,100H,2021,4,,,12.94,seconds,NCAA Division I Track & Field Championships,2021-06-09,,,1.1,Outdoor,https://www.tfrrs.org/results/70445/4276120/NCAA_Division_I_Track__Field_Championships/100-Hurdles,TFRRS all_performances
"Russell, Masai",Kentucky,SEC,100H,2021,2,,,12.93,seconds,NCAA Division I Track & Field Championships,2021-06-09,,,-0.5,Outdoor,https://www.tfrrs.org/results/70445/4276120/NCAA_Division_I_Track__Field_Championships/100-Hurdles,TFRRS all_performances
"Russell, Masai",Kentucky,SEC,100H,2021,2,,,12.97,seconds,NCAA Division I Track & Field Championships,2021-06-09,,,0.4,Outdoor,https://www.tfrrs.org/results/70445/4276120/NCAA_Division_I_Track__Field_Championships/100-Hurdles,TFRRS all_performances
"Little , Caitlyn",South Carolina,SEC,100H,2021,3,,,13.98,seconds,Auburn Tiger Track Classic 2021,2021-03-19,,,1.4,Outdoor,https://www.tfrrs.org/results/66282/4129173/Auburn_Tiger_Track_Classic_2021/100-Hurdles,TFRRS all_performances
"Hughes, Kiera",South Carolina,SEC,100H,2021,1,,,15.53,seconds,Weems Baskin Relays,2021-03-26,,,0.6,Outdoor,https://www.tfrrs.org/results/67496/4148980/Weems_Baskin_Relays/100-Hurdles,TFRRS all_performances
"Little , Caitlyn",South Carolina,SEC,100H,2021,3,,,13.44,seconds,Weems Baskin Relays,2021-03-26,,,0.7,Outdoor,https://www.tfrrs.org/results/67496/4148980/Weems_Baskin_Relays/100-Hurdles,TFRRS all_performances
"Little , Caitlyn",South Carolina,SEC,100H,2021,3,,,13.65,seconds,Weems Baskin Relays,2021-03-26,,,0.5,Outdoor,https://www.tfrrs.org/results/67496/4148980/Weems_Baskin_Relays/100-Hurdles,TFRRS all_performances
"Rocker, Destinee",South Carolina,SEC,100H,2021,3,,,13.16,seconds,Weems Baskin Relays,2021-03-26,,,0.7,Outdoor,https://www.tfrrs.org/results/67496/4148980/Weems_Baskin_Relays/100-Hurdles,TFRRS all_performances
"Rocker, Destinee",South Carolina,SEC,100H,2021,3,,,13.25,seconds,Weems Baskin Relays,2021-03-26,,,1.1,Outdoor,https://www.tfrrs.org/results/67496/4148980/Weems_Baskin_Relays/100-Hurdles,TFRRS all_performances
"Little , Caitlyn",South Carolina,SEC,100H,2021,3,,,13.55,seconds,Pepsi Florida Relays,2021-04-02,,,0.7,Outdoor,https://www.tfrrs.org/results/68395/4166890/Pepsi_Florida_Relays/100-Hurdles,TFRRS all_performances
"Little , Caitlyn",South Carolina,SEC,100H,2021,3,,,13.65,seconds,Gamecock Invitational,2021-04-10,,,2.0,Outdoor,https://www.tfrrs.org/results/67497/4185610/Gamecock_Invitational_/100-Hurdles,TFRRS all_performances
"Little , Caitlyn",South Carolina,SEC,100H,2021,3,,,FS,seconds,Gamecock Invitational,2021-04-10,Final,,3.1,Outdoor,https://www.tfrrs.org/athletes/6591099/South_Carolina/Caitlyn_Little,legacy_source_needs_review
"Hughes, Kiera",South Carolina,SEC,100H,2021,1,,,15.87,seconds,USC Open,2021-04-17,,,0.2,Outdoor,https://www.tfrrs.org/results/67499/4207839/USC_Open/100-Hurdles,TFRRS all_performances
"Little , Caitlyn",South Carolina,SEC,100H,2021,3,,,13.40,seconds,USC Open,2021-04-17,,,-1.0,Outdoor,https://www.tfrrs.org/results/67499/4207839/USC_Open/100-Hurdles,TFRRS all_performances
"Little , Caitlyn",South Carolina,SEC,100H,2021,3,,,13.63,seconds,USC Open,2021-04-17,,,-1.9,Outdoor,https://www.tfrrs.org/results/67499/4207839/USC_Open/100-Hurdles,TFRRS all_performances
"Rocker, Destinee",South Carolina,SEC,100H,2021,3,,,13.70,seconds,USC Open,2021-04-17,,,-1.9,Outdoor,https://www.tfrrs.org/results/67499/4207839/USC_Open/100-Hurdles,TFRRS all_performances
"Rocker, Destinee",South Carolina,SEC,100H,2021,3,,,13.70,seconds,USC Open,2021-04-17,,,-1.0,Outdoor,https://www.tfrrs.org/results/67499/4207839/USC_Open/100-Hurdles,TFRRS all_performances
"Rocker, Destinee",South Carolina,SEC,100H,2021,3,,,13.67,seconds,Charlotte Invitational,2021-04-23,,,+0.0,Outdoor,https://www.tfrrs.org/results/69817/4224101/Charlotte_Invitational/100-Hurdles,TFRRS all_performances
"Little , Caitlyn",South Carolina,SEC,100H,2021,3,,,13.24,seconds,North Florida Invite,2021-04-29,,,1.6,Outdoor,https://www.tfrrs.org/results/66066/4238756/North_Florida_Invite/100-Hurdles,TFRRS all_performances
"Little , Caitlyn",South Carolina,SEC,100H,2021,3,,,13.34,seconds,North Florida Invite,2021-04-29,,,-0.8,Outdoor,https://www.tfrrs.org/results/66066/4238756/North_Florida_Invite/100-Hurdles,TFRRS all_performances
"Little , Caitlyn",South Carolina,SEC,100H,2021,3,,,13.16,seconds,SEC Outdoor Track & Field Championships,2021-05-13,,,1.5,Outdoor,https://www.tfrrs.org/results/70259/4263440/SEC_Outdoor_Track__Field_Championships/100-Hurdles,TFRRS all_performances
"Little , Caitlyn",South Carolina,SEC,100H,2021,3,,,13.11,seconds,NCAA Division I East Preliminary Round,2021-05-26,,,1.7,Outdoor,https://www.tfrrs.org/results/70390/4273635/NCAA_Division_I_East_Preliminary_Round/100-Hurdles,TFRRS all_performances
"Little , Caitlyn",South Carolina,SEC,100H,2021,3,,,13.20,seconds,NCAA Division I East Preliminary Round,2021-05-26,,,0.8,Outdoor,https://www.tfrrs.org/results/70390/4273635/NCAA_Division_I_East_Preliminary_Round/100-Hurdles,TFRRS all_performances
"Van der Merwe, Antoinette",Clemson,ACC,100H,2022,2,,,13.43,s,Georgia Tech Yellow Jacket Invitational,2022-03-18,,,0.4,Outdoor,https://www.tfrrs.org/results/73542/4425687/Georgia_Tech_Yellow_Jacket_Invitational/100-Hurdles,TFRRS all_performances
"Ezewuzie, Favor",Clemson,ACC,100H,2022,4,,,13.94,s,2022 94th Clyde Littlefield Texas Relays,2022-03-23,,,0.6,Outdoor,https://www.tfrrs.org/results/72503/4440637/2022_94th_Clyde_Littlefield_Texas_Relays/100-Hurdles,TFRRS all_performances
"Van der Merwe, Antoinette",Clemson,ACC,100H,2022,2,,,13.69,s,2022 94th Clyde Littlefield Texas Relays,2022-03-23,,,1.1,Outdoor,https://www.tfrrs.org/results/72503/4440637/2022_94th_Clyde_Littlefield_Texas_Relays/100-Hurdles,TFRRS all_performances
"Ezewuzie, Favor",Clemson,ACC,100H,2022,4,,,14.14,s,Florida Relays,2022-03-31,,,-0.8,Outdoor,https://www.tfrrs.org/results/72948/4463913/Florida_Relays/100-Hurdles,TFRRS all_performances
"Hemmings, Trishauna",Clemson,ACC,100H,2022,4,,,13.67,s,Florida Relays,2022-03-31,,,-0.4,Outdoor,https://www.tfrrs.org/results/72948/4463913/Florida_Relays/100-Hurdles,TFRRS all_performances
"Van der Merwe, Antoinette",Clemson,ACC,100H,2022,2,,,13.82,s,Florida Relays,2022-03-31,,,-0.8,Outdoor,https://www.tfrrs.org/results/72948/4463913/Florida_Relays/100-Hurdles,TFRRS all_performances
"Hemmings, Trishauna",Clemson,ACC,100H,2022,4,,,13.24,s,Tennessee Relays,2022-04-07,,,1.4,Outdoor,https://www.tfrrs.org/results/73591/4482115/Tennessee_Relays/100-Hurdles,TFRRS all_performances
"Van der Merwe, Antoinette",Clemson,ACC,100H,2022,2,,,13.47,s,Tennessee Relays,2022-04-07,,,1.4,Outdoor,https://www.tfrrs.org/results/73591/4482115/Tennessee_Relays/100-Hurdles,TFRRS all_performances
"Ezewuzie, Favor",Clemson,ACC,100H,2022,4,,,13.77,s,UF Tom Jones Memorial,2022-04-15,,,1.5,Outdoor,https://www.tfrrs.org/results/73497/4502589/UF_Tom_Jones_Memorial/100-Hurdles,TFRRS all_performances
"Hemmings, Trishauna",Clemson,ACC,100H,2022,4,,,13.19,s,UF Tom Jones Memorial,2022-04-15,,,1.5,Outdoor,https://www.tfrrs.org/results/73497/4502589/UF_Tom_Jones_Memorial/100-Hurdles,TFRRS all_performances
"Hemmings, Trishauna",Clemson,ACC,100H,2022,4,,,13.27,s,UF Tom Jones Memorial,2022-04-15,,,1.9,Outdoor,https://www.tfrrs.org/results/73497/4502589/UF_Tom_Jones_Memorial/100-Hurdles,TFRRS all_performances
"Van der Merwe, Antoinette",Clemson,ACC,100H,2022,2,,,13.63,s,UF Tom Jones Memorial,2022-04-15,,,1.5,Outdoor,https://www.tfrrs.org/results/73497/4502589/UF_Tom_Jones_Memorial/100-Hurdles,TFRRS all_performances
"Ezewuzie, Favor",Clemson,ACC,100H,2022,4,,,13.78,s,Penn Relays,2022-04-28,,,0.5,Outdoor,https://www.tfrrs.org/results/74986/4539245/Penn_Relays/100-Hurdles,TFRRS all_performances
"Hemmings, Trishauna",Clemson,ACC,100H,2022,4,,,13.41,s,Penn Relays,2022-04-28,,,-0.1,Outdoor,https://www.tfrrs.org/results/74986/4539245/Penn_Relays/100-Hurdles,TFRRS all_performances
"Hemmings, Trishauna",Clemson,ACC,100H,2022,4,,,13.62,s,Penn Relays,2022-04-28,,,0.3,Outdoor,https://www.tfrrs.org/results/74986/4539251/Penn_Relays/100-Hurdles,TFRRS all_performances
"Van der Merwe, Antoinette",Clemson,ACC,100H,2022,2,,,13.94,s,Penn Relays,2022-04-28,,,0.5,Outdoor,https://www.tfrrs.org/results/74986/4539245/Penn_Relays/100-Hurdles,TFRRS all_performances
"Ezewuzie, Favor",Clemson,ACC,100H,2022,4,,,13.58,s,ACC Outdoor Track & Field Championships,2022-05-12,,,0.7,Outdoor,https://www.tfrrs.org/results/75142/4556610/ACC_Outdoor_Track__Field_Championships/100-Hurdles,TFRRS all_performances
"Ezewuzie, Favor",Clemson,ACC,100H,2022,4,,,13.74,s,ACC Outdoor Track & Field Championships,2022-05-12,,,0.3,Outdoor,https://www.tfrrs.org/results/75142/4556610/ACC_Outdoor_Track__Field_Championships/100-Hurdles,TFRRS all_performances
"Hemmings, Trishauna",Clemson,ACC,100H,2022,4,,,13.00,s,ACC Outdoor Track & Field Championships,2022-05-12,,,0.3,Outdoor,https://www.tfrrs.org/results/75142/4556610/ACC_Outdoor_Track__Field_Championships/100-Hurdles,TFRRS all_performances
"Hemmings, Trishauna",Clemson,ACC,100H,2022,4,,,13.20,s,ACC Outdoor Track & Field Championships,2022-05-12,,,0.5,Outdoor,https://www.tfrrs.org/results/75142/4556610/ACC_Outdoor_Track__Field_Championships/100-Hurdles,TFRRS all_performances
"Van der Merwe, Antoinette",Clemson,ACC,100H,2022,2,,,13.36,s,ACC Outdoor Track & Field Championships,2022-05-12,,,0.5,Outdoor,https://www.tfrrs.org/results/75142/4556610/ACC_Outdoor_Track__Field_Championships/100-Hurdles,TFRRS all_performances
"Van der Merwe, Antoinette",Clemson,ACC,100H,2022,2,,,13.49,s,ACC Outdoor Track & Field Championships,2022-05-12,,,0.3,Outdoor,https://www.tfrrs.org/results/75142/4556610/ACC_Outdoor_Track__Field_Championships/100-Hurdles,TFRRS all_performances
"Ezewuzie, Favor",Clemson,ACC,100H,2022,4,,,14.16,s,NCAA East Preliminary Round,2022-05-25,,,-1.4,Outdoor,https://www.tfrrs.org/results/75213/4566148/NCAA_East_Preliminary_Round/100-Hurdles,TFRRS all_performances
"Hemmings, Trishauna",Clemson,ACC,100H,2022,4,,,13.13,s,NCAA East Preliminary Round,2022-05-25,,,-0.7,Outdoor,https://www.tfrrs.org/results/75213/4566148/NCAA_East_Preliminary_Round/100-Hurdles,TFRRS all_performances
"Hemmings, Trishauna",Clemson,ACC,100H,2022,4,,,13.23,s,NCAA East Preliminary Round,2022-05-25,,,-0.6,Outdoor,https://www.tfrrs.org/results/75213/4566148/NCAA_East_Preliminary_Round/100-Hurdles,TFRRS all_performances
"Van der Merwe, Antoinette",Clemson,ACC,100H,2022,2,,,13.91,s,NCAA East Preliminary Round,2022-05-25,,,-1.4,Outdoor,https://www.tfrrs.org/results/75213/4566148/NCAA_East_Preliminary_Round/100-Hurdles,TFRRS all_performances
"Hemmings, Trishauna",Clemson,ACC,100H,2022,4,,,13.04,s,NCAA Division I Outdoor Track & Field Championships,2022-06-08,,,0.5,Outdoor,https://www.tfrrs.org/results/75224/4567522/NCAA_Division_I_Outdoor_Track__Field_Championships/100-Hurdles,TFRRS all_performances
"Hughes, Zoe",Duke,ACC,100H,2022,4,,,13.93,s,High Point - Bob Davidson Memorial,2022-03-18,Final,,3.1,Outdoor,https://www.tfrrs.org/athletes/7723651/Duke/Zoe_Hughes.html,legacy_source_needs_review
"Smith, Brianna",Duke,ACC,100H,2022,2,,,14.45,s,High Point - Bob Davidson Memorial,2022-03-18,,,1.7,Outdoor,https://www.tfrrs.org/results/73522/4425654/High_Point_-_Bob_Davidson_Memorial/100-Hurdles,TFRRS all_performances
"Hughes, Zoe",Duke,ACC,100H,2022,4,,,14.04,s,2022 94th Clyde Littlefield Texas Relays,2022-03-23,,,-1.9,Outdoor,https://www.tfrrs.org/results/72503/4452842/2022_94th_Clyde_Littlefield_Texas_Relays/100-Hurdles,TFRRS all_performances
"Marsh, Erin",Duke,ACC,100H,2022,4,,,13.69,s,2022 94th Clyde Littlefield Texas Relays,2022-03-23,,,-0.5,Outdoor,https://www.tfrrs.org/results/72503/4452842/2022_94th_Clyde_Littlefield_Texas_Relays/100-Hurdles,TFRRS all_performances
"Wakefield, Isabel",Duke,ACC,100H,2022,3,,,13.26,s,2022 94th Clyde Littlefield Texas Relays,2022-03-23,,,1.6,Outdoor,https://www.tfrrs.org/results/72503/4452842/2022_94th_Clyde_Littlefield_Texas_Relays/100-Hurdles,TFRRS all_performances
"Smith, Brianna",Duke,ACC,100H,2022,2,,,14.30,s,Duke Invitational,2022-04-07,,,1.8,Outdoor,https://www.tfrrs.org/results/74378/4483047/Duke_Invitational/100-Hurdles,TFRRS all_performances
"Turner, Chyler",Duke,ACC,100H,2022,1,,,13.76,s,Duke Invitational,2022-04-07,,,-0.3,Outdoor,https://www.tfrrs.org/results/74378/4483043/Duke_Invitational/100-Hurdles,TFRRS all_performances
"Wakefield, Isabel",Duke,ACC,100H,2022,3,,,13.26,s,Duke Invitational,2022-04-07,,,-0.3,Outdoor,https://www.tfrrs.org/results/74378/4483043/Duke_Invitational/100-Hurdles,TFRRS all_performances
"Hughes, Zoe",Duke,ACC,100H,2022,4,,,13.79,s,High Point - Meet of Champions,2022-04-15,Final,5.0,2.1,Outdoor,https://www.tfrrs.org/athletes/7723651/Duke/Zoe_Hughes.html,legacy_source_needs_review
"Turner, Chyler",Duke,ACC,100H,2022,1,,,13.78,s,High Point - Meet of Champions,2022-04-15,Final,4.0,2.1,Outdoor,https://indiana.tfrrs.org/athletes/7975662/Duke/Chyler_Turner,legacy_source_needs_review
"Wakefield, Isabel",Duke,ACC,100H,2022,3,,,DNF,s,High Point - Meet of Champions,2022-04-15,Final,,2.1,Outdoor,https://indiana.tfrrs.org/athletes/7020659/Duke/Isabel_Wakefield,legacy_source_needs_review
"Hughes, Zoe",Duke,ACC,100H,2022,4,,,14.18,s,Virginia Challenge,2022-04-22,,,-1.7,Outdoor,https://www.tfrrs.org/results/74753/4516565/Virginia_Challenge/100-Hurdles,TFRRS all_performances
"Marsh, Erin",Duke,ACC,100H,2022,4,,,13.40,s,Virginia Challenge,2022-04-22,,,0.1,Outdoor,https://www.tfrrs.org/results/74753/4516565/Virginia_Challenge/100-Hurdles,TFRRS all_performances
"Smith, Brianna",Duke,ACC,100H,2022,2,,,14.17,s,Virginia Challenge,2022-04-22,Final,,2.5,Outdoor,https://nh.tfrrs.org/athletes/7723645/Duke/Brianna_Smith,legacy_source_needs_review
"Turner, Chyler",Duke,ACC,100H,2022,1,,,14.10,s,Virginia Challenge,2022-04-22,,,-1.7,Outdoor,https://www.tfrrs.org/results/74753/4516565/Virginia_Challenge/100-Hurdles,TFRRS all_performances
"Marsh, Erin",Duke,ACC,100H,2022,4,,,13.48,s,Virginia Grand Prix,2022-05-01,,,-0.1,Outdoor,https://www.tfrrs.org/results/74992/4540041/Virginia_Grand_Prix/100-Hurdles,TFRRS all_performances
"Turner, Chyler",Duke,ACC,100H,2022,1,,,14.07,s,Virginia Grand Prix,2022-05-01,,,-0.1,Outdoor,https://www.tfrrs.org/results/74992/4540041/Virginia_Grand_Prix/100-Hurdles,TFRRS all_performances
"Wakefield, Isabel",Duke,ACC,100H,2022,3,,,13.30,s,Virginia Grand Prix,2022-05-01,,,-0.1,Outdoor,https://www.tfrrs.org/results/74992/4540041/Virginia_Grand_Prix/100-Hurdles,TFRRS all_performances
"Hughes, Zoe",Duke,ACC,100H,2022,4,,,13.96,s,ACC Outdoor Track & Field Championships,2022-05-12,,,-0.4,Outdoor,https://www.tfrrs.org/results/75142/4558655/ACC_Outdoor_Track__Field_Championships/100-Hurdles,TFRRS all_performances
"Marsh, Erin",Duke,ACC,100H,2022,4,,,13.29,s,ACC Outdoor Track & Field Championships,2022-05-12,,,1.9,Outdoor,https://www.tfrrs.org/results/75142/4558655/ACC_Outdoor_Track__Field_Championships/100-Hurdles,TFRRS all_performances
"Marsh, Erin",Duke,ACC,100H,2022,4,,,13.49,s,ACC Outdoor Track & Field Championships,2022-05-12,,,0.3,Outdoor,https://www.tfrrs.org/results/75142/4556610/ACC_Outdoor_Track__Field_Championships/100-Hurdles,TFRRS all_performances
"Marsh, Erin",Duke,ACC,100H,2022,4,,,13.55,s,ACC Outdoor Track & Field Championships,2022-05-12,,,0.7,Outdoor,https://www.tfrrs.org/results/75142/4556610/ACC_Outdoor_Track__Field_Championships/100-Hurdles,TFRRS all_performances
"Smith, Brianna",Duke,ACC,100H,2022,2,,,14.39,s,ACC Outdoor Track & Field Championships,2022-05-12,,,-0.4,Outdoor,https://www.tfrrs.org/results/75142/4558655/ACC_Outdoor_Track__Field_Championships/100-Hurdles,TFRRS all_performances
"Turner, Chyler",Duke,ACC,100H,2022,1,,,13.56,s,ACC Outdoor Track & Field Championships,2022-05-12,,,0.3,Outdoor,https://www.tfrrs.org/results/75142/4556610/ACC_Outdoor_Track__Field_Championships/100-Hurdles,TFRRS all_performances
"Turner, Chyler",Duke,ACC,100H,2022,1,,,13.59,s,ACC Outdoor Track & Field Championships,2022-05-12,,,0.7,Outdoor,https://www.tfrrs.org/results/75142/4556610/ACC_Outdoor_Track__Field_Championships/100-Hurdles,TFRRS all_performances
"Wakefield, Isabel",Duke,ACC,100H,2022,3,,,DNF,s,ACC Outdoor Championships,2022-05-12,Prelim,,0.7,Outdoor,https://indiana.tfrrs.org/athletes/7020659/Duke/Isabel_Wakefield,legacy_source_needs_review
"Marsh, Erin",Duke,ACC,100H,2022,4,,,13.54,s,NCAA East Preliminary Round,2022-05-25,,,-0.8,Outdoor,https://www.tfrrs.org/results/75213/4566148/NCAA_East_Preliminary_Round/100-Hurdles,TFRRS all_performances
"Marsh, Erin",Duke,ACC,100H,2022,4,,,13.54,s,NCAA East Preliminary Round,2022-05-25,,,-0.3,Outdoor,https://www.tfrrs.org/results/75213/4566148/NCAA_East_Preliminary_Round/100-Hurdles,TFRRS all_performances
"Turner, Chyler",Duke,ACC,100H,2022,1,,,13.67,s,NCAA East Preliminary Round,2022-05-25,,,-1.0,Outdoor,https://www.tfrrs.org/results/75213/4566148/NCAA_East_Preliminary_Round/100-Hurdles,TFRRS all_performances
"Marsh, Erin",Duke,ACC,100H,2022,4,,,13.14,s,NCAA Division I Outdoor Track & Field Championships,2022-06-08,,,-0.2,Outdoor,https://www.tfrrs.org/results/75224/4567514/NCAA_Division_I_Outdoor_Track__Field_Championships/100-Hurdles,TFRRS all_performances
"Tilmon, Jazmine",Florida State,ACC,100H,2022,2,,,14.59,s,North Florida Collegiate Invitational,2022-04-29,,,0.7,Outdoor,https://www.tfrrs.org/results/74586/4536312/North_Florida_Collegiate_Invitational_/100-Hurdles,TFRRS all_performances
"Jones, Allie",Stanford,ACC,100H,2022,3,,,13.42,s,Stanford Invitational,2022-04-01,,,0.9,Outdoor,https://www.tfrrs.org/results/71984/4464239/Stanford_Invitational/100-Hurdles,TFRRS all_performances
"Jones, Allie",Stanford,ACC,100H,2022,3,,,13.44,s,Stanford Invitational,2022-04-01,,,0.6,Outdoor,https://www.tfrrs.org/results/71984/4464239/Stanford_Invitational/100-Hurdles,TFRRS all_performances
"Jones, Allie",Stanford,ACC,100H,2022,3,,,13.45,s,62nd Annual Mt. SAC Relays (Collegiate),2022-04-13,,,0.7,Outdoor,https://www.tfrrs.org/results/72999/4504569/62nd_Annual_Mt_SAC_Relays_Collegiate/100-Hurdles,TFRRS all_performances
"Jones, Allie",Stanford,ACC,100H,2022,3,,,13.80,s,Stanford vs. Cal Big Meet,2022-04-30,,,-2.2,Outdoor,https://www.tfrrs.org/results/72461/4538308/Stanford_vs_Cal_Big_Meet/100-Hurdles,TFRRS all_performances
"Jones, Allie",Stanford,ACC,100H,2022,3,,,13.43,s,Pac-12 Track & Field Championships,2022-05-13,,,0.4,Outdoor,https://www.tfrrs.org/results/74310/4560212/Pac-12_Track__Field_Championships/100-Hurdles,TFRRS all_performances
"Jones, Allie",Stanford,ACC,100H,2022,3,,,13.58,s,NCAA West Preliminary Round,2022-05-25,,,-0.9,Outdoor,https://www.tfrrs.org/results/75211/4565980/NCAA_West_Preliminary_Round/100-Hurdles,TFRRS all_performances
"Jones, Allie",Stanford,ACC,100H,2022,3,,,13.38,s,NCAA Division I Outdoor Track & Field Championships,2022-06-08,,,1.7,Outdoor,https://www.tfrrs.org/results/75224/4567514/NCAA_Division_I_Outdoor_Track__Field_Championships/100-Hurdles,TFRRS all_performances
"Still, Alix",Virginia,ACC,100H,2022,3,,,14.12,s,Raleigh Relays,2022-03-24,,,0.6,Outdoor,https://www.tfrrs.org/results/73808/4441010/Raleigh_Relays/100-Hurdles,TFRRS all_performances
"Alexandru, Emily",Virginia,ACC,100H,2022,1,,,16.83,s,Duke Invitational,2022-04-07,,,0.6,Outdoor,https://www.tfrrs.org/results/74378/4483043/Duke_Invitational/100-Hurdles,TFRRS all_performances
"Still, Alix",Virginia,ACC,100H,2022,3,,,13.82,s,Duke Invitational,2022-04-07,,,1.7,Outdoor,https://www.tfrrs.org/results/74378/4483047/Duke_Invitational/100-Hurdles,TFRRS all_performances
"Still, Alix",Virginia,ACC,100H,2022,3,,,14.42,s,Virginia Challenge,2022-04-22,,,-1.7,Outdoor,https://www.tfrrs.org/results/74753/4516565/Virginia_Challenge/100-Hurdles,TFRRS all_performances
"Still, Alix",Virginia,ACC,100H,2022,3,,,13.84,s,ACC Outdoor Track & Field Championships,2022-05-12,,,1.9,Outdoor,https://www.tfrrs.org/results/75142/4558655/ACC_Outdoor_Track__Field_Championships/100-Hurdles,TFRRS all_performances
"Bonds, Talie",Arizona,Big 12,100H,2022,3,,,13.26,seconds,2022 Willie Williams Classic/Dave Murray Distance Classic,2022-03-18,,,0.8,Outdoor,https://www.tfrrs.org/results/71096/4425789/2022_Willie_Williams_Classic_Dave_Murray_Distance_Classic/100-Hurdles,TFRRS all_performances
"Lewis, Ajaysha",Arizona,Big 12,100H,2022,2,,,14.47,seconds,2022 Willie Williams Classic/Dave Murray Distance Classic,2022-03-18,,,0.8,Outdoor,https://www.tfrrs.org/results/71096/4425789/2022_Willie_Williams_Classic_Dave_Murray_Distance_Classic/100-Hurdles,TFRRS all_performances
"Powers, Hollan",Arizona,Big 12,100H,2022,1,,,15.02,seconds,2022 Willie Williams Classic/Dave Murray Distance Classic,2022-03-18,,,1.9,Outdoor,https://www.tfrrs.org/results/71096/4425789/2022_Willie_Williams_Classic_Dave_Murray_Distance_Classic/100-Hurdles,TFRRS all_performances
"Sieben, Skylar",Arizona,Big 12,100H,2022,3,,,14.20,seconds,2022 Willie Williams Classic/Dave Murray Distance Classic,2022-03-18,,,0.8,Outdoor,https://www.tfrrs.org/results/71096/4425789/2022_Willie_Williams_Classic_Dave_Murray_Distance_Classic/100-Hurdles,TFRRS all_performances
"Bonds, Talie",Arizona,Big 12,100H,2022,3,,,13.18,seconds,2022 ASU Invitational,2022-03-25,,,0.5,Outdoor,https://www.tfrrs.org/results/72833/4442857/2022_ASU_Invitational/100-Hurdles,TFRRS all_performances
"Bonds, Talie",Arizona,Big 12,100H,2022,3,,,13.31,seconds,2022 ASU Invitational,2022-03-25,,,-0.1,Outdoor,https://www.tfrrs.org/results/72833/4442857/2022_ASU_Invitational/100-Hurdles,TFRRS all_performances
"Lewis, Ajaysha",Arizona,Big 12,100H,2022,2,,,14.22,seconds,2022 ASU Invitational,2022-03-25,,,0.5,Outdoor,https://www.tfrrs.org/results/72833/4442857/2022_ASU_Invitational/100-Hurdles,TFRRS all_performances
"Lewis, Ajaysha",Arizona,Big 12,100H,2022,2,,,14.48,seconds,2022 ASU Invitational,2022-03-25,,,-0.3,Outdoor,https://www.tfrrs.org/results/72833/4442857/2022_ASU_Invitational/100-Hurdles,TFRRS all_performances
"Powers, Hollan",Arizona,Big 12,100H,2022,1,,,14.71,seconds,2022 ASU Invitational,2022-03-25,,,0.3,Outdoor,https://www.tfrrs.org/results/72833/4442857/2022_ASU_Invitational/100-Hurdles,TFRRS all_performances
"Sieben, Skylar",Arizona,Big 12,100H,2022,3,,,14.20,seconds,2022 ASU Invitational,2022-03-25,,,-0.1,Outdoor,https://www.tfrrs.org/results/72833/4442857/2022_ASU_Invitational/100-Hurdles,TFRRS all_performances
"Bonds, Talie",Arizona,Big 12,100H,2022,3,,,13.81,seconds,2022 Jim Click Shootout,2022-04-08,,,-1.4,Outdoor,https://www.tfrrs.org/results/70958/4485714/2022_Jim_Click_Shootout/100-Hurdles,TFRRS all_performances
"Lewis, Ajaysha",Arizona,Big 12,100H,2022,2,,,14.38,seconds,2022 Jim Click Shootout,2022-04-08,,,-1.4,Outdoor,https://www.tfrrs.org/results/70958/4485714/2022_Jim_Click_Shootout/100-Hurdles,TFRRS all_performances
"Powers, Hollan",Arizona,Big 12,100H,2022,1,,,14.63,seconds,2022 Jim Click Shootout,2022-04-08,,,-0.8,Outdoor,https://www.tfrrs.org/results/70958/4485708/2022_Jim_Click_Shootout/100-Hurdles,TFRRS all_performances
"Sieben, Skylar",Arizona,Big 12,100H,2022,3,,,14.07,seconds,2022 Jim Click Shootout,2022-04-08,,,2.0,Outdoor,https://www.tfrrs.org/results/70958/4485708/2022_Jim_Click_Shootout/100-Hurdles,TFRRS all_performances
"Bonds, Talie",Arizona,Big 12,100H,2022,3,,,13.27,seconds,62nd Annual Mt. SAC Relays (Collegiate),2022-04-13,,,-0.3,Outdoor,https://www.tfrrs.org/results/72999/4504229/62nd_Annual_Mt_SAC_Relays_Collegiate/100-Hurdles,TFRRS all_performances
"Bonds, Talie",Arizona,Big 12,100H,2022,3,,,13.40,seconds,62nd Annual Mt. SAC Relays (Collegiate),2022-04-13,,,-2.6,Outdoor,https://www.tfrrs.org/results/72999/4504229/62nd_Annual_Mt_SAC_Relays_Collegiate/100-Hurdles,TFRRS all_performances
"Lewis, Ajaysha",Arizona,Big 12,100H,2022,2,,,14.33,seconds,62nd Annual Mt. SAC Relays (Collegiate),2022-04-13,,,-0.3,Outdoor,https://www.tfrrs.org/results/72999/4504229/62nd_Annual_Mt_SAC_Relays_Collegiate/100-Hurdles,TFRRS all_performances
"Powers, Hollan",Arizona,Big 12,100H,2022,1,,,14.69,seconds,62nd Annual Mt. SAC Relays (Collegiate),2022-04-13,,,0.3,Outdoor,https://www.tfrrs.org/results/72999/4504229/62nd_Annual_Mt_SAC_Relays_Collegiate/100-Hurdles,TFRRS all_performances
"Sieben, Skylar",Arizona,Big 12,100H,2022,3,,,14.18,seconds,62nd Annual Mt. SAC Relays (Collegiate),2022-04-13,,,0.3,Outdoor,https://www.tfrrs.org/results/72999/4504229/62nd_Annual_Mt_SAC_Relays_Collegiate/100-Hurdles,TFRRS all_performances
"Bonds, Talie",Arizona,Big 12,100H,2022,3,,,13.25,seconds,Desert Heat Classic 2022,2022-04-30,,,-0.6,Outdoor,https://www.tfrrs.org/results/71098/4538648/Desert_Heat_Classic_2022/100-Hurdles,TFRRS all_performances
"Lewis, Ajaysha",Arizona,Big 12,100H,2022,2,,,14.11,seconds,Desert Heat Classic 2022,2022-04-30,,,-0.3,Outdoor,https://www.tfrrs.org/results/71098/4538648/Desert_Heat_Classic_2022/100-Hurdles,TFRRS all_performances
"Powers, Hollan",Arizona,Big 12,100H,2022,1,,,14.53,seconds,Desert Heat Classic 2022,2022-04-30,,,-0.3,Outdoor,https://www.tfrrs.org/results/71098/4538648/Desert_Heat_Classic_2022/100-Hurdles,TFRRS all_performances
"Sieben, Skylar",Arizona,Big 12,100H,2022,3,,,14.19,seconds,Desert Heat Classic 2022,2022-04-30,,,0.4,Outdoor,https://www.tfrrs.org/results/71098/4538648/Desert_Heat_Classic_2022/100-Hurdles,TFRRS all_performances
"Bonds, Talie",Arizona,Big 12,100H,2022,3,,,13.14,seconds,Pac-12 Track & Field Championships,2022-05-13,,,1.2,Outdoor,https://www.tfrrs.org/results/74310/4560220/Pac-12_Track__Field_Championships/100-Hurdles,TFRRS all_performances
"Bonds, Talie",Arizona,Big 12,100H,2022,3,,,13.17,seconds,Pac-12 Track & Field Championships,2022-05-13,,,0.3,Outdoor,https://www.tfrrs.org/results/74310/4560220/Pac-12_Track__Field_Championships/100-Hurdles,TFRRS all_performances
"Lewis, Ajaysha",Arizona,Big 12,100H,2022,2,,,14.16,seconds,Pac-12 Track & Field Championships,2022-05-13,,,1.2,Outdoor,https://www.tfrrs.org/results/74310/4560220/Pac-12_Track__Field_Championships/100-Hurdles,TFRRS all_performances
"Powers, Hollan",Arizona,Big 12,100H,2022,1,,,14.35,seconds,Pac-12 Track & Field Championships,2022-05-13,,,0.7,Outdoor,https://www.tfrrs.org/results/74310/4560212/Pac-12_Track__Field_Championships/100-Hurdles,TFRRS all_performances
"Sieben, Skylar",Arizona,Big 12,100H,2022,3,,,14.14,seconds,Pac-12 Track & Field Championships,2022-05-13,,,0.6,Outdoor,https://www.tfrrs.org/results/74310/4560212/Pac-12_Track__Field_Championships/100-Hurdles,TFRRS all_performances
"Bonds, Talie",Arizona,Big 12,100H,2022,3,,,13.22,seconds,NCAA West Preliminary Round,2022-05-25,,,0.6,Outdoor,https://www.tfrrs.org/results/75211/4565980/NCAA_West_Preliminary_Round/100-Hurdles,TFRRS all_performances
"Bonds, Talie",Arizona,Big 12,100H,2022,3,,,13.15,seconds,NCAA Division I Outdoor Track & Field Championships,2022-06-08,,,0.5,Outdoor,https://www.tfrrs.org/results/75224/4567522/NCAA_Division_I_Outdoor_Track__Field_Championships/100-Hurdles,TFRRS all_performances
"Tabugbo, Adaobi",BYU,Big 12,100H,2022,2,,,13.59,seconds,Trojan Invite,2022-03-18,,,0.7,Outdoor,https://www.tfrrs.org/results/72420/4425996/Trojan_Invite/100-Hurdles,TFRRS all_performances
"Folsom, Halley",BYU,Big 12,100H,2022,4,,,14.40,seconds,2022 94th Clyde Littlefield Texas Relays,2022-03-23,,,-0.6,Outdoor,https://www.tfrrs.org/results/72503/4452842/2022_94th_Clyde_Littlefield_Texas_Relays/100-Hurdles,TFRRS all_performances
"Tabugbo, Adaobi",BYU,Big 12,100H,2022,2,,,13.86,seconds,2022 94th Clyde Littlefield Texas Relays,2022-03-23,,,0.9,Outdoor,https://www.tfrrs.org/results/72503/4440637/2022_94th_Clyde_Littlefield_Texas_Relays/100-Hurdles,TFRRS all_performances
"Tabugbo, Adaobi",BYU,Big 12,100H,2022,2,,,13.46,seconds,2022 UVU Collegiate Invitational,2022-03-31,,,1.1,Outdoor,https://www.tfrrs.org/results/74121/4464576/2022_UVU_Collegiate_Invitational/100-Hurdles,TFRRS all_performances
"Tabugbo, Adaobi",BYU,Big 12,100H,2022,2,,,13.56,seconds,John McDonnell Invitational,2022-04-07,,,0.6,Outdoor,https://www.tfrrs.org/results/73448/4480931/John_McDonnell_Invitational/100-Hurdles,TFRRS all_performances
"Folsom, Halley",BYU,Big 12,100H,2022,4,,,14.01,seconds,Bryan Clay Invitational,2022-04-13,,,2.0,Outdoor,https://www.tfrrs.org/results/70993/4515135/Bryan_Clay_Invitational/100-Hurdles,TFRRS all_performances
"Folsom, Halley",BYU,Big 12,100H,2022,4,,,13.99,seconds,2022 BYU Robison Invitational,2022-04-20,,,-0.5,Outdoor,https://www.tfrrs.org/results/74719/4553696/2022_BYU_Robison_Invitational/100-Hurdles,TFRRS all_performances
"Torgerson, Mayci",BYU,Big 12,100H,2022,2,,,14.89,seconds,2022 BYU Robison Invitational,2022-04-20,,,1.9,Outdoor,https://www.tfrrs.org/results/74719/4553696/2022_BYU_Robison_Invitational/100-Hurdles,TFRRS all_performances
"Torgerson, Mayci",BYU,Big 12,100H,2022,2,,,15.00,seconds,2022 BYU Robison Invitational,2022-04-20,,,0.1,Outdoor,https://www.tfrrs.org/results/74719/4542239/2022_BYU_Robison_Invitational/100-Hurdles,TFRRS all_performances
"Torgerson, Mayci",BYU,Big 12,100H,2022,2,,,15.43,seconds,2022 Idaho State Bengal Invitational,2022-04-29,,,+0.0,Outdoor,https://www.tfrrs.org/results/72137/4537208/2022_Idaho_State_Bengal_Invitational/100-Hurdles,TFRRS all_performances
"Tabugbo, Adaobi",BYU,Big 12,100H,2022,2,,,13.58,seconds,Desert Heat Classic 2022,2022-04-30,,,-0.6,Outdoor,https://www.tfrrs.org/results/71098/4538648/Desert_Heat_Classic_2022/100-Hurdles,TFRRS all_performances
"Folsom, Halley",BYU,Big 12,100H,2022,4,,,13.97,seconds,2022 BYU Cougar Invitational,2022-05-06,,,0.9,Outdoor,https://www.tfrrs.org/results/75150/4558050/2022_BYU_Cougar_Invitational/100-Hurdles,TFRRS all_performances
"Folsom, Halley",BYU,Big 12,100H,2022,4,,,14.04,seconds,Oregon Twilight,2022-05-06,,,-0.8,Outdoor,https://www.tfrrs.org/results/73108/4547288/Oregon_Twilight/100-Hurdles,TFRRS all_performances
"Tabugbo, Adaobi",BYU,Big 12,100H,2022,2,,,13.62,seconds,2022 BYU Cougar Invitational,2022-05-06,,,0.9,Outdoor,https://www.tfrrs.org/results/75150/4558050/2022_BYU_Cougar_Invitational/100-Hurdles,TFRRS all_performances
"Tabugbo, Adaobi",BYU,Big 12,100H,2022,2,,,13.66,seconds,2022 BYU Cougar Invitational,2022-05-06,,,-0.3,Outdoor,https://www.tfrrs.org/results/75150/4558065/2022_BYU_Cougar_Invitational/100-Hurdles,TFRRS all_performances
"Torgerson, Mayci",BYU,Big 12,100H,2022,2,,,15.26,seconds,2022 BYU Cougar Invitational,2022-05-06,,,0.9,Outdoor,https://www.tfrrs.org/results/75150/4558050/2022_BYU_Cougar_Invitational/100-Hurdles,TFRRS all_performances
"Tabugbo, Adaobi",BYU,Big 12,100H,2022,2,,,13.48,seconds,NCAA West Preliminary Round,2022-05-25,,,-0.4,Outdoor,https://www.tfrrs.org/results/75211/4565980/NCAA_West_Preliminary_Round/100-Hurdles,TFRRS all_performances
"Folsom, Halley",BYU,Big 12,100H,2022,4,,,13.97,seconds,NCAA Division I Outdoor Track & Field Championships,2022-06-08,,,-0.1,Outdoor,https://www.tfrrs.org/results/75224/4567514/NCAA_Division_I_Outdoor_Track__Field_Championships/100-Hurdles,TFRRS all_performances
"Bailey, Kennedy",Baylor,Big 12,100H,2022,4,,,13.53,seconds,TCU Invitational,2022-03-18,,,1.9,Outdoor,https://www.tfrrs.org/results/71303/4426264/TCU_Invitational/100-Hurdles,TFRRS all_performances
"Duncan, Alexis",Baylor,Big 12,100H,2022,4,,,13.38,seconds,TCU Invitational,2022-03-18,,,1.9,Outdoor,https://www.tfrrs.org/results/71303/4426264/TCU_Invitational/100-Hurdles,TFRRS all_performances
"Duncan, Alexis",Baylor,Big 12,100H,2022,4,,,13.46,seconds,2022 94th Clyde Littlefield Texas Relays,2022-03-23,,,1.1,Outdoor,https://www.tfrrs.org/results/72503/4440637/2022_94th_Clyde_Littlefield_Texas_Relays/100-Hurdles,TFRRS all_performances
"Nugent, Ackera",Baylor,Big 12,100H,2022,1,,,12.97,seconds,2022 94th Clyde Littlefield Texas Relays,2022-03-23,,,1.3,Outdoor,https://www.tfrrs.org/results/72503/4440637/2022_94th_Clyde_Littlefield_Texas_Relays/100-Hurdles,TFRRS all_performances
"Rhodes, Kiara",Baylor,Big 12,100H,2022,4,,,14.17,seconds,2022 94th Clyde Littlefield Texas Relays,2022-03-23,,,0.9,Outdoor,https://www.tfrrs.org/results/72503/4440637/2022_94th_Clyde_Littlefield_Texas_Relays/100-Hurdles,TFRRS all_performances
"Clark, Kayla",Baylor,Big 12,100H,2022,2,,,14.55,seconds,Baylor Invitational,2022-04-02,,,1.5,Outdoor,https://www.tfrrs.org/results/71445/4461531/Baylor_Invitational/100-Hurdles,TFRRS all_performances
"Bailey, Kennedy",Baylor,Big 12,100H,2022,4,,,13.72,seconds,LSU Invitational,2022-04-30,,,0.7,Outdoor,https://www.tfrrs.org/results/74135/4536408/LSU_Invitational/100-Hurdles,TFRRS all_performances
"Duncan, Alexis",Baylor,Big 12,100H,2022,4,,,13.27,seconds,LSU Invitational,2022-04-30,,,1.6,Outdoor,https://www.tfrrs.org/results/74135/4536408/LSU_Invitational/100-Hurdles,TFRRS all_performances
"Miller, Alyssa",Baylor,Big 12,100H,2022,3,,,14.49,seconds,LSU Invitational,2022-04-30,,,0.7,Outdoor,https://www.tfrrs.org/results/74135/4536408/LSU_Invitational/100-Hurdles,TFRRS all_performances
"Nugent, Ackera",Baylor,Big 12,100H,2022,1,,,12.99,seconds,LSU Invitational,2022-04-30,,,1.6,Outdoor,https://www.tfrrs.org/results/74135/4536408/LSU_Invitational/100-Hurdles,TFRRS all_performances
"Rhodes, Kiara",Baylor,Big 12,100H,2022,4,,,13.80,seconds,LSU Invitational,2022-04-30,,,0.7,Outdoor,https://www.tfrrs.org/results/74135/4536408/LSU_Invitational/100-Hurdles,TFRRS all_performances
"Bailey, Kennedy",Baylor,Big 12,100H,2022,4,,,13.49,seconds,Big 12 Championships,2022-05-13,,,0.1,Outdoor,https://www.tfrrs.org/results/75162/4560542/Big_12_Championships/100-Hurdles,TFRRS all_performances
"Duncan, Alexis",Baylor,Big 12,100H,2022,4,,,12.93,seconds,Big 12 Championships,2022-05-13,,,1.5,Outdoor,https://www.tfrrs.org/results/75162/4560542/Big_12_Championships/100-Hurdles,TFRRS all_performances
"Duncan, Alexis",Baylor,Big 12,100H,2022,4,,,13.01,seconds,Big 12 Championships,2022-05-13,,,0.1,Outdoor,https://www.tfrrs.org/results/75162/4560542/Big_12_Championships/100-Hurdles,TFRRS all_performances
"Nugent, Ackera",Baylor,Big 12,100H,2022,1,,,12.45,seconds,Big 12 Championships,2022-05-13,,,1.5,Outdoor,https://www.tfrrs.org/results/75162/4560542/Big_12_Championships/100-Hurdles,TFRRS all_performances
"Nugent, Ackera",Baylor,Big 12,100H,2022,1,,,12.74,seconds,Big 12 Championships,2022-05-13,,,1.1,Outdoor,https://www.tfrrs.org/results/75162/4560542/Big_12_Championships/100-Hurdles,TFRRS all_performances
"Rhodes, Kiara",Baylor,Big 12,100H,2022,4,,,13.99,seconds,Big 12 Championships,2022-05-13,,,0.1,Outdoor,https://www.tfrrs.org/results/75162/4560542/Big_12_Championships/100-Hurdles,TFRRS all_performances
"Bailey, Kennedy",Baylor,Big 12,100H,2022,4,,,13.57,seconds,NCAA West Preliminary Round,2022-05-25,,,0.5,Outdoor,https://www.tfrrs.org/results/75211/4565980/NCAA_West_Preliminary_Round/100-Hurdles,TFRRS all_performances
"Duncan, Alexis",Baylor,Big 12,100H,2022,4,,,13.32,seconds,NCAA West Preliminary Round,2022-05-25,,,-0.2,Outdoor,https://www.tfrrs.org/results/75211/4565980/NCAA_West_Preliminary_Round/100-Hurdles,TFRRS all_performances
"Nugent, Ackera",Baylor,Big 12,100H,2022,1,,,13.17,seconds,NCAA West Preliminary Round,2022-05-25,,,-0.9,Outdoor,https://www.tfrrs.org/results/75211/4565980/NCAA_West_Preliminary_Round/100-Hurdles,TFRRS all_performances
"Hall, Kaylyn",Iowa State,Big 12,100H,2022,3,,,13.34,seconds,Texas State Bobcat Invitational,2022-03-24,,,1.3,Outdoor,https://www.tfrrs.org/results/72944/4442527/Texas_State_Bobcat_Invitational/100-Hurdles,TFRRS all_performances
"Hall, Kaylyn",Iowa State,Big 12,100H,2022,3,,,13.29,seconds,2022 SUN ANGEL CLASSIC INVITATIONAL,2022-04-07,,,-0.3,Outdoor,https://www.tfrrs.org/results/73083/4485690/2022_SUN_ANGEL_CLASSIC_INVITATIONAL/100-Hurdles,TFRRS all_performances
"Hall, Kaylyn",Iowa State,Big 12,100H,2022,3,,,13.39,seconds,2022 SUN ANGEL CLASSIC INVITATIONAL,2022-04-07,,,-0.1,Outdoor,https://www.tfrrs.org/results/73083/4485690/2022_SUN_ANGEL_CLASSIC_INVITATIONAL/100-Hurdles,TFRRS all_performances
"Vlahovic, Katarina",Iowa State,Big 12,100H,2022,3,,,13.47,seconds,2022 SUN ANGEL CLASSIC INVITATIONAL,2022-04-07,,,-0.1,Outdoor,https://www.tfrrs.org/results/73083/4485690/2022_SUN_ANGEL_CLASSIC_INVITATIONAL/100-Hurdles,TFRRS all_performances
"Vlahovic, Katarina",Iowa State,Big 12,100H,2022,3,,,13.50,seconds,2022 SUN ANGEL CLASSIC INVITATIONAL,2022-04-07,,,-0.1,Outdoor,https://www.tfrrs.org/results/73083/4485690/2022_SUN_ANGEL_CLASSIC_INVITATIONAL/100-Hurdles,TFRRS all_performances
"Willits, Sydney",Iowa State,Big 12,100H,2022,1,,,15.14,seconds,2022 SUN ANGEL CLASSIC INVITATIONAL,2022-04-07,,,-0.3,Outdoor,https://www.tfrrs.org/results/73083/4485690/2022_SUN_ANGEL_CLASSIC_INVITATIONAL/100-Hurdles,TFRRS all_performances
"Hall, Kaylyn",Iowa State,Big 12,100H,2022,3,,,13.35,seconds,Bryan Clay Invitational,2022-04-13,,,-0.2,Outdoor,https://www.tfrrs.org/results/70993/4501690/Bryan_Clay_Invitational/100-Hurdles,TFRRS all_performances
"Vlahovic, Katarina",Iowa State,Big 12,100H,2022,3,,,13.61,seconds,Bryan Clay Invitational,2022-04-13,,,-0.2,Outdoor,https://www.tfrrs.org/results/70993/4501690/Bryan_Clay_Invitational/100-Hurdles,TFRRS all_performances
"Willits, Sydney",Iowa State,Big 12,100H,2022,1,,,18.95,seconds,Bryan Clay Invitational,2022-04-13,,,0.8,Outdoor,https://www.tfrrs.org/results/70993/4515159/Bryan_Clay_Invitational/100-Hurdles,TFRRS all_performances
"Vlahovic, Katarina",Iowa State,Big 12,100H,2022,3,,,13.47,seconds,Beach Invitational 2022,2022-04-15,,,1.5,Outdoor,https://www.tfrrs.org/results/71032/4506708/Beach_Invitational_2022/100-Hurdles,TFRRS all_performances
"Vlahovic, Katarina",Iowa State,Big 12,100H,2022,3,,,13.56,seconds,Drake Relays,2022-04-27,,,-1.8,Outdoor,https://www.tfrrs.org/results/74970/4536815/Drake_Relays/100-Hurdles,TFRRS all_performances
"Vlahovic, Katarina",Iowa State,Big 12,100H,2022,3,,,13.81,seconds,Drake Relays,2022-04-27,,,-2.3,Outdoor,https://www.tfrrs.org/results/74970/4536815/Drake_Relays/100-Hurdles,TFRRS all_performances
"Hall, Kaylyn",Iowa State,Big 12,100H,2022,3,,,13.22,seconds,Big 12 Championships,2022-05-13,,,1.1,Outdoor,https://www.tfrrs.org/results/75162/4560542/Big_12_Championships/100-Hurdles,TFRRS all_performances
"Hall, Kaylyn",Iowa State,Big 12,100H,2022,3,,,13.68,seconds,Big 12 Championships,2022-05-13,,,1.5,Outdoor,https://www.tfrrs.org/results/75162/4560542/Big_12_Championships/100-Hurdles,TFRRS all_performances
"Vlahovic, Katarina",Iowa State,Big 12,100H,2022,3,,,13.27,seconds,Big 12 Championships,2022-05-13,,,1.5,Outdoor,https://www.tfrrs.org/results/75162/4560542/Big_12_Championships/100-Hurdles,TFRRS all_performances
"Vlahovic, Katarina",Iowa State,Big 12,100H,2022,3,,,13.37,seconds,Big 12 Championships,2022-05-13,,,0.1,Outdoor,https://www.tfrrs.org/results/75162/4560542/Big_12_Championships/100-Hurdles,TFRRS all_performances
"Willits, Sydney",Iowa State,Big 12,100H,2022,1,,,14.80,seconds,Big 12 Championships,2022-05-13,,,1.4,Outdoor,https://www.tfrrs.org/results/75162/4560547/Big_12_Championships/100-Hurdles,TFRRS all_performances
"Hall, Kaylyn",Iowa State,Big 12,100H,2022,3,,,13.38,seconds,NCAA West Preliminary Round,2022-05-25,,,0.5,Outdoor,https://www.tfrrs.org/results/75211/4565980/NCAA_West_Preliminary_Round/100-Hurdles,TFRRS all_performances
"Vlahovic, Katarina",Iowa State,Big 12,100H,2022,3,,,13.54,seconds,NCAA West Preliminary Round,2022-05-25,,,-0.4,Outdoor,https://www.tfrrs.org/results/75211/4565980/NCAA_West_Preliminary_Round/100-Hurdles,TFRRS all_performances
"Jones, Callie",Texas Tech,Big 12,100H,2022,4,,,14.37,seconds,2022 94th Clyde Littlefield Texas Relays,2022-03-23,,,1.7,Outdoor,https://www.tfrrs.org/results/72503/4440616/2022_94th_Clyde_Littlefield_Texas_Relays/100-Hurdles,TFRRS all_performances
"Roswell, Demisha",Texas Tech,Big 12,100H,2022,3,,,13.01,seconds,2022 94th Clyde Littlefield Texas Relays,2022-03-23,,,0.6,Outdoor,https://www.tfrrs.org/results/72503/4440637/2022_94th_Clyde_Littlefield_Texas_Relays/100-Hurdles,TFRRS all_performances
"Tate, Aria",Texas Tech,Big 12,100H,2022,3,,,14.23,seconds,2022 94th Clyde Littlefield Texas Relays,2022-03-23,,,1.2,Outdoor,https://www.tfrrs.org/results/72503/4440616/2022_94th_Clyde_Littlefield_Texas_Relays/100-Hurdles,TFRRS all_performances
"Watkins, Simone",Texas Tech,Big 12,100H,2022,2,,,13.71,seconds,2022 94th Clyde Littlefield Texas Relays,2022-03-23,,,1.5,Outdoor,https://www.tfrrs.org/results/72503/4440616/2022_94th_Clyde_Littlefield_Texas_Relays/100-Hurdles,TFRRS all_performances
"Jones, Callie",Texas Tech,Big 12,100H,2022,4,,,14.25,seconds,TTU Masked Rider Open,2022-04-01,,,1.5,Outdoor,https://www.tfrrs.org/results/74109/4462904/TTU_Masked_Rider_Open/100-Hurdles,TFRRS all_performances
"Tate, Aria",Texas Tech,Big 12,100H,2022,3,,,13.82,seconds,TTU Masked Rider Open,2022-04-01,,,1.5,Outdoor,https://www.tfrrs.org/results/74109/4462904/TTU_Masked_Rider_Open/100-Hurdles,TFRRS all_performances
"Jones, Callie",Texas Tech,Big 12,100H,2022,4,,,14.09,seconds,62nd Annual Mt. SAC Relays (Collegiate),2022-04-13,,,0.2,Outdoor,https://www.tfrrs.org/results/72999/4504569/62nd_Annual_Mt_SAC_Relays_Collegiate/100-Hurdles,TFRRS all_performances
"Tate, Aria",Texas Tech,Big 12,100H,2022,3,,,14.14,seconds,62nd Annual Mt. SAC Relays (Collegiate),2022-04-13,,,0.2,Outdoor,https://www.tfrrs.org/results/72999/4504569/62nd_Annual_Mt_SAC_Relays_Collegiate/100-Hurdles,TFRRS all_performances
"Roswell, Demisha",Texas Tech,Big 12,100H,2022,3,,,12.87,seconds,UF Tom Jones Memorial,2022-04-15,,,1.5,Outdoor,https://www.tfrrs.org/results/73497/4502589/UF_Tom_Jones_Memorial/100-Hurdles,TFRRS all_performances
"Watkins, Simone",Texas Tech,Big 12,100H,2022,2,,,13.85,seconds,UF Tom Jones Memorial,2022-04-15,,,0.8,Outdoor,https://www.tfrrs.org/results/73497/4502589/UF_Tom_Jones_Memorial/100-Hurdles,TFRRS all_performances
"Tate, Aria",Texas Tech,Big 12,100H,2022,3,,,13.62,seconds,Michael Johnson Invitational,2022-04-22,,,1.9,Outdoor,https://www.tfrrs.org/results/71446/4517824/Michael_Johnson_Invitational/100-Hurdles,TFRRS all_performances
"Jones, Callie",Texas Tech,Big 12,100H,2022,4,,,14.26,seconds,TTU Corky Classic,2022-04-29,,,-0.4,Outdoor,https://www.tfrrs.org/results/74975/4538276/TTU_Corky_Classic/100-Hurdles,TFRRS all_performances
"Roswell, Demisha",Texas Tech,Big 12,100H,2022,3,,,13.01,seconds,TTU Corky Classic,2022-04-29,,,-0.4,Outdoor,https://www.tfrrs.org/results/74975/4538276/TTU_Corky_Classic/100-Hurdles,TFRRS all_performances
"Jones, Callie",Texas Tech,Big 12,100H,2022,4,,,13.75,seconds,Big 12 Championships,2022-05-13,,,2.0,Outdoor,https://www.tfrrs.org/results/75162/4560547/Big_12_Championships/100-Hurdles,TFRRS all_performances
"Roswell, Demisha",Texas Tech,Big 12,100H,2022,3,,,12.44,seconds,Big 12 Championships,2022-05-13,,,1.5,Outdoor,https://www.tfrrs.org/results/75162/4560542/Big_12_Championships/100-Hurdles,TFRRS all_performances
"Roswell, Demisha",Texas Tech,Big 12,100H,2022,3,,,12.78,seconds,Big 12 Championships,2022-05-13,,,0.1,Outdoor,https://www.tfrrs.org/results/75162/4560542/Big_12_Championships/100-Hurdles,TFRRS all_performances
"Tate, Aria",Texas Tech,Big 12,100H,2022,3,,,13.51,seconds,Big 12 Championships,2022-05-13,,,2.0,Outdoor,https://www.tfrrs.org/results/75162/4560547/Big_12_Championships/100-Hurdles,TFRRS all_performances
"Roswell, Demisha",Texas Tech,Big 12,100H,2022,3,,,12.78,seconds,NCAA West Preliminary Round,2022-05-25,,,1.8,Outdoor,https://www.tfrrs.org/results/75211/4565980/NCAA_West_Preliminary_Round/100-Hurdles,TFRRS all_performances
"Roswell, Demisha",Texas Tech,Big 12,100H,2022,3,,,13.07,seconds,NCAA West Preliminary Round,2022-05-25,,,-0.4,Outdoor,https://www.tfrrs.org/results/75211/4565980/NCAA_West_Preliminary_Round/100-Hurdles,TFRRS all_performances
"Tate, Aria",Texas Tech,Big 12,100H,2022,3,,,14.50,seconds,NCAA West Preliminary Round,2022-05-25,,,-0.2,Outdoor,https://www.tfrrs.org/results/75211/4565980/NCAA_West_Preliminary_Round/100-Hurdles,TFRRS all_performances
"Jones, Callie",Texas Tech,Big 12,100H,2022,4,,,13.93,seconds,NCAA Division I Outdoor Track & Field Championships,2022-06-08,,,0.1,Outdoor,https://www.tfrrs.org/results/75224/4567514/NCAA_Division_I_Outdoor_Track__Field_Championships/100-Hurdles,TFRRS all_performances
"Roswell, Demisha",Texas Tech,Big 12,100H,2022,3,,,12.93,seconds,NCAA Division I Outdoor Track & Field Championships,2022-06-08,,,-0.3,Outdoor,https://www.tfrrs.org/results/75224/4567522/NCAA_Division_I_Outdoor_Track__Field_Championships/100-Hurdles,TFRRS all_performances
"Roswell, Demisha",Texas Tech,Big 12,100H,2022,3,,,12.94,seconds,NCAA Division I Outdoor Track & Field Championships,2022-06-08,,,-0.2,Outdoor,https://www.tfrrs.org/results/75224/4567522/NCAA_Division_I_Outdoor_Track__Field_Championships/100-Hurdles,TFRRS all_performances
"Nettles, Kenli",Illinois,Big Ten,100H,2022,1,,,14.98,seconds,Ole Miss Classic,2022-03-25,,,-1.8,Outdoor,https://www.tfrrs.org/results/71559/4443819/Ole_Miss_Classic/100-Hurdles,TFRRS all_performances
"Nettles, Kenli",Illinois,Big Ten,100H,2022,1,,,14.34,seconds,Big Ten Outdoor Track & Field Championships,2022-05-13,,,0.1,Outdoor,https://www.tfrrs.org/results/75158/4559977/Big_Ten_Outdoor_Track__Field_Championships/100-Hurdles,TFRRS all_performances
"Ilves, Johanna",Nebraska,Big Ten,100H,2022,2,,,14.39,seconds,Florida Relays,2022-03-31,,,-0.4,Outdoor,https://www.tfrrs.org/results/72948/4463913/Florida_Relays/100-Hurdles,TFRRS all_performances
"Stepney, LaQwasia",Nebraska,Big Ten,100H,2022,2,,,16.91,seconds,Florida Relays,2022-03-31,,,-0.3,Outdoor,https://www.tfrrs.org/results/72948/4463913/Florida_Relays/100-Hurdles,TFRRS all_performances
"Harris, Winsome",Nebraska,Big Ten,100H,2022,2,,,13.97,seconds,John McDonnell Invitational,2022-04-07,,,1.8,Outdoor,https://www.tfrrs.org/results/73448/4480931/John_McDonnell_Invitational/100-Hurdles,TFRRS all_performances
"Ilves, Johanna",Nebraska,Big Ten,100H,2022,2,,,14.09,seconds,John McDonnell Invitational,2022-04-07,,,0.6,Outdoor,https://www.tfrrs.org/results/73448/4480931/John_McDonnell_Invitational/100-Hurdles,TFRRS all_performances
"Stepney, LaQwasia",Nebraska,Big Ten,100H,2022,2,,,14.24,seconds,John McDonnell Invitational,2022-04-07,,,0.6,Outdoor,https://www.tfrrs.org/results/73448/4480931/John_McDonnell_Invitational/100-Hurdles,TFRRS all_performances
"Harris, Winsome",Nebraska,Big Ten,100H,2022,2,,,13.99,seconds,Sooner Invitational,2022-04-15,,,0.6,Outdoor,https://www.tfrrs.org/results/71701/4503431/Sooner_Invitational/100-Hurdles,TFRRS all_performances
"Harris, Winsome",Nebraska,Big Ten,100H,2022,2,,,14.04,seconds,Sooner Invitational,2022-04-15,,,1.3,Outdoor,https://www.tfrrs.org/results/71701/4503431/Sooner_Invitational/100-Hurdles,TFRRS all_performances
"Ilves, Johanna",Nebraska,Big Ten,100H,2022,2,,,13.87,seconds,Sooner Invitational,2022-04-15,,,0.6,Outdoor,https://www.tfrrs.org/results/71701/4503431/Sooner_Invitational/100-Hurdles,TFRRS all_performances
"Ilves, Johanna",Nebraska,Big Ten,100H,2022,2,,,14.02,seconds,Sooner Invitational,2022-04-15,,,1.5,Outdoor,https://www.tfrrs.org/results/71701/4503431/Sooner_Invitational/100-Hurdles,TFRRS all_performances
"Myers, Kerrigan",Nebraska,Big Ten,100H,2022,2,,,14.03,seconds,Sooner Invitational,2022-04-15,,,1.5,Outdoor,https://www.tfrrs.org/results/71701/4503431/Sooner_Invitational/100-Hurdles,TFRRS all_performances
"Myers, Kerrigan",Nebraska,Big Ten,100H,2022,2,,,14.07,seconds,Sooner Invitational,2022-04-15,,,0.6,Outdoor,https://www.tfrrs.org/results/71701/4503431/Sooner_Invitational/100-Hurdles,TFRRS all_performances
"Ilves, Johanna",Nebraska,Big Ten,100H,2022,2,,,13.80,seconds,Michael Johnson Invitational,2022-04-22,,,1.9,Outdoor,https://www.tfrrs.org/results/71446/4517824/Michael_Johnson_Invitational/100-Hurdles,TFRRS all_performances
"Stepney, LaQwasia",Nebraska,Big Ten,100H,2022,2,,,13.54,seconds,Michael Johnson Invitational,2022-04-22,,,1.9,Outdoor,https://www.tfrrs.org/results/71446/4517824/Michael_Johnson_Invitational/100-Hurdles,TFRRS all_performances
"Ilves, Johanna",Nebraska,Big Ten,100H,2022,2,,,16.31,seconds,Drake Relays,2022-04-27,,,-2.8,Outdoor,https://www.tfrrs.org/results/74970/4536815/Drake_Relays/100-Hurdles,TFRRS all_performances
"Stepney, LaQwasia",Nebraska,Big Ten,100H,2022,2,,,14.43,seconds,Drake Relays,2022-04-27,,,-3.0,Outdoor,https://www.tfrrs.org/results/74970/4536815/Drake_Relays/100-Hurdles,TFRRS all_performances
"Myers, Kerrigan",Nebraska,Big Ten,100H,2022,2,,,14.09,seconds,2022 Prairie Wolf Invite,2022-04-28,,,1.4,Outdoor,https://www.tfrrs.org/results/74931/4532942/2022_Prairie_Wolf_Invite/100-Hurdles,TFRRS all_performances
"Harris, Winsome",Nebraska,Big Ten,100H,2022,2,,,13.94,seconds,NCAA West Preliminary Round,2022-05-25,,,0.6,Outdoor,https://www.tfrrs.org/results/75211/4565980/NCAA_West_Preliminary_Round/100-Hurdles,TFRRS all_performances
"Stepney, LaQwasia",Nebraska,Big Ten,100H,2022,2,,,13.73,seconds,NCAA West Preliminary Round,2022-05-25,,,0.5,Outdoor,https://www.tfrrs.org/results/75211/4565980/NCAA_West_Preliminary_Round/100-Hurdles,TFRRS all_performances
"Bullock, Gianna",Oregon,Big Ten,100H,2022,1,,,14.51,seconds,43rd Aztec Invitational,2022-03-24,,,-1.8,Outdoor,https://www.tfrrs.org/results/72993/4442325/43rd_Aztec_Invitational/100-Hurdles,TFRRS all_performances
"Chocek, Taylor",Oregon,Big Ten,100H,2022,2,,,14.61,seconds,43rd Aztec Invitational,2022-03-24,,,-1.5,Outdoor,https://www.tfrrs.org/results/72993/4442325/43rd_Aztec_Invitational/100-Hurdles,TFRRS all_performances
"Grebo, Shana",Oregon,Big Ten,100H,2022,1,,,13.75,seconds,43rd Aztec Invitational,2022-03-24,,,-0.5,Outdoor,https://www.tfrrs.org/results/72993/4442325/43rd_Aztec_Invitational/100-Hurdles,TFRRS all_performances
"Uzoekwe, Colleen",Oregon,Big Ten,100H,2022,1,,,14.60,seconds,43rd Aztec Invitational,2022-03-24,,,-1.8,Outdoor,https://www.tfrrs.org/results/72993/4442325/43rd_Aztec_Invitational/100-Hurdles,TFRRS all_performances
"Webster, Alexandra",Oregon,Big Ten,100H,2022,2,,,13.36,seconds,43rd Aztec Invitational,2022-03-24,,,-0.5,Outdoor,https://www.tfrrs.org/results/72993/4442325/43rd_Aztec_Invitational/100-Hurdles,TFRRS all_performances
"Bullock, Gianna",Oregon,Big Ten,100H,2022,1,,,14.72,seconds,Hayward Premiere,2022-04-01,,,1.1,Outdoor,https://www.tfrrs.org/results/73106/4462822/Hayward_Premiere/100-Hurdles,TFRRS all_performances
"Chocek, Taylor",Oregon,Big Ten,100H,2022,2,,,14.18,seconds,Hayward Premiere,2022-04-01,,,1.1,Outdoor,https://www.tfrrs.org/results/73106/4462822/Hayward_Premiere/100-Hurdles,TFRRS all_performances
"Bullock, Gianna",Oregon,Big Ten,100H,2022,1,,,14.72,seconds,Bryan Clay Invitational,2022-04-13,,,0.5,Outdoor,https://www.tfrrs.org/results/70993/4515159/Bryan_Clay_Invitational/100-Hurdles,TFRRS all_performances
"Chocek, Taylor",Oregon,Big Ten,100H,2022,2,,,14.31,seconds,Bryan Clay Invitational,2022-04-13,,,1.1,Outdoor,https://www.tfrrs.org/results/70993/4515159/Bryan_Clay_Invitational/100-Hurdles,TFRRS all_performances
"Grebo, Shana",Oregon,Big Ten,100H,2022,1,,,13.56,seconds,62nd Annual Mt. SAC Relays (Collegiate),2022-04-13,,,-0.3,Outdoor,https://www.tfrrs.org/results/72999/4504229/62nd_Annual_Mt_SAC_Relays_Collegiate/100-Hurdles,TFRRS all_performances
"Uzoekwe, Colleen",Oregon,Big Ten,100H,2022,1,,,14.46,seconds,Bryan Clay Invitational,2022-04-13,,,0.6,Outdoor,https://www.tfrrs.org/results/70993/4515159/Bryan_Clay_Invitational/100-Hurdles,TFRRS all_performances
"Webster, Alexandra",Oregon,Big Ten,100H,2022,2,,,13.24,seconds,62nd Annual Mt. SAC Relays (Collegiate),2022-04-13,,,-2.6,Outdoor,https://www.tfrrs.org/results/72999/4504229/62nd_Annual_Mt_SAC_Relays_Collegiate/100-Hurdles,TFRRS all_performances
"Webster, Alexandra",Oregon,Big Ten,100H,2022,2,,,13.31,seconds,62nd Annual Mt. SAC Relays (Collegiate),2022-04-13,,,0.3,Outdoor,https://www.tfrrs.org/results/72999/4504229/62nd_Annual_Mt_SAC_Relays_Collegiate/100-Hurdles,TFRRS all_performances
"Bullock, Gianna",Oregon,Big Ten,100H,2022,1,,,15.41,seconds,Oregon Relays (College/Pro/Una),2022-04-22,,,1.1,Outdoor,https://www.tfrrs.org/results/73107/4520372/Oregon_Relays_College_Pro_Una/100-Hurdles,TFRRS all_performances
"Chocek, Taylor",Oregon,Big Ten,100H,2022,2,,,14.00,seconds,Oregon Relays (College/Pro/Una),2022-04-22,,,1.1,Outdoor,https://www.tfrrs.org/results/73107/4520372/Oregon_Relays_College_Pro_Una/100-Hurdles,TFRRS all_performances
"Uzoekwe, Colleen",Oregon,Big Ten,100H,2022,1,,,14.38,seconds,Oregon Relays (College/Pro/Una),2022-04-22,,,1.1,Outdoor,https://www.tfrrs.org/results/73107/4520372/Oregon_Relays_College_Pro_Una/100-Hurdles,TFRRS all_performances
"Grebo, Shana",Oregon,Big Ten,100H,2022,1,,,13.51,seconds,Desert Heat Classic 2022,2022-04-30,,,0.4,Outdoor,https://www.tfrrs.org/results/71098/4538648/Desert_Heat_Classic_2022/100-Hurdles,TFRRS all_performances
"Webster, Alexandra",Oregon,Big Ten,100H,2022,2,,,13.43,seconds,Desert Heat Classic 2022,2022-04-30,,,-0.6,Outdoor,https://www.tfrrs.org/results/71098/4538648/Desert_Heat_Classic_2022/100-Hurdles,TFRRS all_performances
"Chocek, Taylor",Oregon,Big Ten,100H,2022,2,,,14.04,seconds,Pac-12 Track & Field Championships,2022-05-13,,,0.6,Outdoor,https://www.tfrrs.org/results/74310/4560212/Pac-12_Track__Field_Championships/100-Hurdles,TFRRS all_performances
"Webster, Alexandra",Oregon,Big Ten,100H,2022,2,,,13.04,seconds,Pac-12 Track & Field Championships,2022-05-13,,,1.2,Outdoor,https://www.tfrrs.org/results/74310/4560220/Pac-12_Track__Field_Championships/100-Hurdles,TFRRS all_performances
"Webster, Alexandra",Oregon,Big Ten,100H,2022,2,,,13.20,seconds,Pac-12 Track & Field Championships,2022-05-13,,,0.3,Outdoor,https://www.tfrrs.org/results/74310/4560220/Pac-12_Track__Field_Championships/100-Hurdles,TFRRS all_performances
"Webster, Alexandra",Oregon,Big Ten,100H,2022,2,,,13.12,seconds,NCAA West Preliminary Round,2022-05-25,,,-0.4,Outdoor,https://www.tfrrs.org/results/75211/4565980/NCAA_West_Preliminary_Round/100-Hurdles,TFRRS all_performances
"Smith, Jalaysiya",USC,Big Ten,100H,2022,1,,,13.96,seconds,Beach Opener 2022,2022-03-04,,,-1.0,Outdoor,https://www.tfrrs.org/results/71028/4405885/Beach_Opener_2022/100-Hurdles,TFRRS all_performances
"Smith, Jalaysiya",USC,Big Ten,100H,2022,1,,,13.25,seconds,Trojan Invite,2022-03-18,,,0.7,Outdoor,https://www.tfrrs.org/results/72420/4425996/Trojan_Invite/100-Hurdles,TFRRS all_performances
"Jones, Jasmine",USC,Big Ten,100H,2022,2,,,13.01,seconds,2022 94th Clyde Littlefield Texas Relays,2022-03-23,,,0.9,Outdoor,https://www.tfrrs.org/results/72503/4440637/2022_94th_Clyde_Littlefield_Texas_Relays/100-Hurdles,TFRRS all_performances
"Smith, Jalaysiya",USC,Big Ten,100H,2022,1,,,13.50,seconds,2022 94th Clyde Littlefield Texas Relays,2022-03-23,,,1.5,Outdoor,https://www.tfrrs.org/results/72503/4440616/2022_94th_Clyde_Littlefield_Texas_Relays/100-Hurdles,TFRRS all_performances
"Bernard-Joseph, Breanna",USC,Big Ten,100H,2022,4,,,14.28,seconds,2022 UCSD Triton Invitational (College/University),2022-04-08,,,0.1,Outdoor,https://www.tfrrs.org/results/72372/4485886/2022_UCSD_Triton_Invitational_College_University/100-Hurdles,TFRRS all_performances
"Jones, Jasmine",USC,Big Ten,100H,2022,2,,,13.30,seconds,2022 UCSD Triton Invitational (College/University),2022-04-08,,,0.1,Outdoor,https://www.tfrrs.org/results/72372/4485886/2022_UCSD_Triton_Invitational_College_University/100-Hurdles,TFRRS all_performances
"Simmons, Maci",USC,Big Ten,100H,2022,1,,,14.73,seconds,2022 UCSD Triton Invitational (College/University),2022-04-08,,,0.1,Outdoor,https://www.tfrrs.org/results/72372/4485886/2022_UCSD_Triton_Invitational_College_University/100-Hurdles,TFRRS all_performances
"Smith, Jalaysiya",USC,Big Ten,100H,2022,1,,,13.46,seconds,2022 UCSD Triton Invitational (College/University),2022-04-08,,,0.1,Outdoor,https://www.tfrrs.org/results/72372/4485886/2022_UCSD_Triton_Invitational_College_University/100-Hurdles,TFRRS all_performances
"Jones, Jasmine",USC,Big Ten,100H,2022,2,,,12.98,seconds,62nd Annual Mt. SAC Relays (Collegiate),2022-04-13,,,0.7,Outdoor,https://www.tfrrs.org/results/72999/4504229/62nd_Annual_Mt_SAC_Relays_Collegiate/100-Hurdles,TFRRS all_performances
"Jones, Jasmine",USC,Big Ten,100H,2022,2,,,13.14,seconds,62nd Annual Mt. SAC Relays (Collegiate),2022-04-13,,,-2.6,Outdoor,https://www.tfrrs.org/results/72999/4504229/62nd_Annual_Mt_SAC_Relays_Collegiate/100-Hurdles,TFRRS all_performances
"Smith, Jalaysiya",USC,Big Ten,100H,2022,1,,,13.39,seconds,62nd Annual Mt. SAC Relays (Collegiate),2022-04-13,,,-2.6,Outdoor,https://www.tfrrs.org/results/72999/4504229/62nd_Annual_Mt_SAC_Relays_Collegiate/100-Hurdles,TFRRS all_performances
"Smith, Jalaysiya",USC,Big Ten,100H,2022,1,,,13.44,seconds,62nd Annual Mt. SAC Relays (Collegiate),2022-04-13,,,0.5,Outdoor,https://www.tfrrs.org/results/72999/4504229/62nd_Annual_Mt_SAC_Relays_Collegiate/100-Hurdles,TFRRS all_performances
"Bernard-Joseph, Breanna",USC,Big Ten,100H,2022,4,,,13.81,seconds,Chris Rinne Twilight,2022-04-22,,,1.1,Outdoor,https://www.tfrrs.org/results/73504/4515219/Chris_Rinne_Twilight/100-Hurdles,TFRRS all_performances
"Simmons, Maci",USC,Big Ten,100H,2022,1,,,14.59,seconds,Chris Rinne Twilight,2022-04-22,,,0.4,Outdoor,https://www.tfrrs.org/results/73504/4515219/Chris_Rinne_Twilight/100-Hurdles,TFRRS all_performances
"Smith, Jalaysiya",USC,Big Ten,100H,2022,1,,,13.31,seconds,Chris Rinne Twilight,2022-04-22,,,1.1,Outdoor,https://www.tfrrs.org/results/73504/4515219/Chris_Rinne_Twilight/100-Hurdles,TFRRS all_performances
"Bernard-Joseph, Breanna",USC,Big Ten,100H,2022,4,,,14.01,seconds,USC vs. UCLA,2022-04-30,,,+0.0,Outdoor,https://www.tfrrs.org/results/73574/4539737/USC_vs_UCLA_/100-Hurdles,TFRRS all_performances
"Jones, Jasmine",USC,Big Ten,100H,2022,2,,,13.08,seconds,USC vs. UCLA,2022-04-30,,,+0.0,Outdoor,https://www.tfrrs.org/results/73574/4539737/USC_vs_UCLA_/100-Hurdles,TFRRS all_performances
"Simmons, Maci",USC,Big Ten,100H,2022,1,,,14.50,seconds,USC vs. UCLA,2022-04-30,,,+0.0,Outdoor,https://www.tfrrs.org/results/73574/4539737/USC_vs_UCLA_/100-Hurdles,TFRRS all_performances
"Jones, Jasmine",USC,Big Ten,100H,2022,2,,,12.92,seconds,Pac-12 Track & Field Championships,2022-05-13,,,0.3,Outdoor,https://www.tfrrs.org/results/74310/4560220/Pac-12_Track__Field_Championships/100-Hurdles,TFRRS all_performances
"Jones, Jasmine",USC,Big Ten,100H,2022,2,,,13.23,seconds,Pac-12 Track & Field Championships,2022-05-13,,,1.2,Outdoor,https://www.tfrrs.org/results/74310/4560220/Pac-12_Track__Field_Championships/100-Hurdles,TFRRS all_performances
"Smith, Jalaysiya",USC,Big Ten,100H,2022,1,,,13.44,seconds,Pac-12 Track & Field Championships,2022-05-13,,,1.4,Outdoor,https://www.tfrrs.org/results/74310/4560220/Pac-12_Track__Field_Championships/100-Hurdles,TFRRS all_performances
"Smith, Jalaysiya",USC,Big Ten,100H,2022,1,,,13.44,seconds,Pac-12 Track & Field Championships,2022-05-13,,,0.3,Outdoor,https://www.tfrrs.org/results/74310/4560220/Pac-12_Track__Field_Championships/100-Hurdles,TFRRS all_performances
"Jones, Jasmine",USC,Big Ten,100H,2022,2,,,12.95,seconds,NCAA West Preliminary Round,2022-05-25,,,0.6,Outdoor,https://www.tfrrs.org/results/75211/4565980/NCAA_West_Preliminary_Round/100-Hurdles,TFRRS all_performances
"Smith, Jalaysiya",USC,Big Ten,100H,2022,1,,,13.29,seconds,NCAA West Preliminary Round,2022-05-25,,,-0.2,Outdoor,https://www.tfrrs.org/results/75211/4565980/NCAA_West_Preliminary_Round/100-Hurdles,TFRRS all_performances
"Jones, Jasmine",USC,Big Ten,100H,2022,2,,,12.66,seconds,NCAA Division I Outdoor Track & Field Championships,2022-06-08,,,-0.2,Outdoor,https://www.tfrrs.org/results/75224/4567522/NCAA_Division_I_Outdoor_Track__Field_Championships/100-Hurdles,TFRRS all_performances
"Jones, Jasmine",USC,Big Ten,100H,2022,2,,,12.72,seconds,NCAA Division I Outdoor Track & Field Championships,2022-06-08,,,0.2,Outdoor,https://www.tfrrs.org/results/75224/4567522/NCAA_Division_I_Outdoor_Track__Field_Championships/100-Hurdles,TFRRS all_performances
"Smith, Jalaysiya",USC,Big Ten,100H,2022,1,,,13.05,seconds,NCAA Division I Outdoor Track & Field Championships,2022-06-08,,,0.5,Outdoor,https://www.tfrrs.org/results/75224/4567522/NCAA_Division_I_Outdoor_Track__Field_Championships/100-Hurdles,TFRRS all_performances
"Eikeng, Ida",Washington,Big Ten,100H,2022,3,,,13.56,seconds,Raleigh Relays,2022-03-24,,,0.5,Outdoor,https://www.tfrrs.org/results/73808/4441010/Raleigh_Relays/100-Hurdles,TFRRS all_performances
"Rusnak, Hannah",Washington,Big Ten,100H,2022,4,,,13.91,seconds,Raleigh Relays,2022-03-24,,,1.9,Outdoor,https://www.tfrrs.org/results/73808/4441010/Raleigh_Relays/100-Hurdles,TFRRS all_performances
"Eikeng, Ida",Washington,Big Ten,100H,2022,3,,,13.85,seconds,West Coast Relays,2022-03-31,,,-0.4,Outdoor,https://www.tfrrs.org/results/72319/4459082/West_Coast_Relays/100-Hurdles,TFRRS all_performances
"Rusnak, Hannah",Washington,Big Ten,100H,2022,4,,,14.02,seconds,West Coast Relays,2022-03-31,,,-0.4,Outdoor,https://www.tfrrs.org/results/72319/4459082/West_Coast_Relays/100-Hurdles,TFRRS all_performances
"Eikeng, Ida",Washington,Big Ten,100H,2022,3,,,13.72,seconds,62nd Annual Mt. SAC Relays (Collegiate),2022-04-13,,,0.7,Outdoor,https://www.tfrrs.org/results/72999/4504569/62nd_Annual_Mt_SAC_Relays_Collegiate/100-Hurdles,TFRRS all_performances
"Rusnak, Hannah",Washington,Big Ten,100H,2022,4,,,14.08,seconds,62nd Annual Mt. SAC Relays (Collegiate),2022-04-13,,,0.7,Outdoor,https://www.tfrrs.org/results/72999/4504569/62nd_Annual_Mt_SAC_Relays_Collegiate/100-Hurdles,TFRRS all_performances
"Eikeng, Ida",Washington,Big Ten,100H,2022,3,,,13.57,seconds,WSU-UW Dual,2022-04-22,,,-0.5,Outdoor,https://www.tfrrs.org/results/74635/4514267/WSU-UW_Dual/100-Hurdles,TFRRS all_performances
"Rusnak, Hannah",Washington,Big Ten,100H,2022,4,,,14.23,seconds,WSU-UW Dual,2022-04-22,,,-0.5,Outdoor,https://www.tfrrs.org/results/74635/4514267/WSU-UW_Dual/100-Hurdles,TFRRS all_performances
"Eikeng, Ida",Washington,Big Ten,100H,2022,3,,,13.75,seconds,Fresno State Invitational,2022-04-29,,,1.3,Outdoor,https://www.tfrrs.org/results/72321/4538758/Fresno_State_Invitational/100-Hurdles,TFRRS all_performances
"Rusnak, Hannah",Washington,Big Ten,100H,2022,4,,,13.94,seconds,Pac-12 Track & Field Championships,2022-05-13,,,0.4,Outdoor,https://www.tfrrs.org/results/74310/4560212/Pac-12_Track__Field_Championships/100-Hurdles,TFRRS all_performances
"Eikeng, Ida",Washington,Big Ten,100H,2022,3,,,13.54,seconds,NCAA Division I Outdoor Track & Field Championships,2022-06-08,,,0.1,Outdoor,https://www.tfrrs.org/results/75224/4567514/NCAA_Division_I_Outdoor_Track__Field_Championships/100-Hurdles,TFRRS all_performances
Asia Smith,Florida,SEC,100H,2022,4,,,14.42,seconds,94th Clyde Littlefield Texas Relays,2022-03-23,,,,Outdoor,https://floridagators.com/documents/download/2022/1/18/2022_Florida_Track_and_Field_Outdoor_Performance_Lists.pdf,legacy_source_needs_review
"Hall, Anna",Florida,SEC,100H,2022,2,,,13.41,seconds,2022 94th Clyde Littlefield Texas Relays,2022-03-23,,,1.6,Outdoor,https://www.tfrrs.org/results/72503/4452842/2022_94th_Clyde_Littlefield_Texas_Relays/100-Hurdles,TFRRS all_performances
"Lester, Sterling",Florida,SEC,100H,2022,3,,,13.78,seconds,2022 94th Clyde Littlefield Texas Relays,2022-03-23,,,-1.9,Outdoor,https://www.tfrrs.org/results/72503/4452842/2022_94th_Clyde_Littlefield_Texas_Relays/100-Hurdles,TFRRS all_performances
"Hall, Anna",Florida,SEC,100H,2022,2,,,13.63,seconds,Florida Relays,2022-03-31,,,-0.8,Outdoor,https://www.tfrrs.org/results/72948/4463913/Florida_Relays/100-Hurdles,TFRRS all_performances
"Stark, Grace",Florida,SEC,100H,2022,2,,,12.99,seconds,Florida Relays,2022-03-31,,,-0.4,Outdoor,https://www.tfrrs.org/results/72948/4463913/Florida_Relays/100-Hurdles,TFRRS all_performances
"Lester, Sterling",Florida,SEC,100H,2022,3,,,13.62,seconds,UF Tom Jones Memorial,2022-04-15,,,0.8,Outdoor,https://www.tfrrs.org/results/73497/4502589/UF_Tom_Jones_Memorial/100-Hurdles,TFRRS all_performances
"Stark, Grace",Florida,SEC,100H,2022,2,,,12.58,seconds,UF Tom Jones Memorial,2022-04-15,,,1.9,Outdoor,https://www.tfrrs.org/results/73497/4502589/UF_Tom_Jones_Memorial/100-Hurdles,TFRRS all_performances
"Stark, Grace",Florida,SEC,100H,2022,2,,,12.67,seconds,UF Tom Jones Memorial,2022-04-15,,,1.5,Outdoor,https://www.tfrrs.org/results/73497/4502589/UF_Tom_Jones_Memorial/100-Hurdles,TFRRS all_performances
"Wells, Sasha",Florida,SEC,100H,2022,4,,,13.72,seconds,UF Tom Jones Memorial,2022-04-15,,,1.5,Outdoor,https://www.tfrrs.org/results/73497/4502589/UF_Tom_Jones_Memorial/100-Hurdles,TFRRS all_performances
"Hall, Anna",Florida,SEC,100H,2022,2,,,13.56,seconds,LSU Invitational,2022-04-30,,,0.7,Outdoor,https://www.tfrrs.org/results/74135/4536408/LSU_Invitational/100-Hurdles,TFRRS all_performances
"Stark, Grace",Florida,SEC,100H,2022,2,,,12.83,seconds,LSU Invitational,2022-04-30,,,1.6,Outdoor,https://www.tfrrs.org/results/74135/4536408/LSU_Invitational/100-Hurdles,TFRRS all_performances
"Wells, Sasha",Florida,SEC,100H,2022,4,,,13.59,seconds,LSU Invitational,2022-04-30,,,0.7,Outdoor,https://www.tfrrs.org/results/74135/4536408/LSU_Invitational/100-Hurdles,TFRRS all_performances
"Hall, Anna",Florida,SEC,100H,2022,2,,,13.21,seconds,USATF Combined Events Championships,2022-05-06,,,1.8,Outdoor,https://www.tfrrs.org/results/75082/4566680/USATF_Combined_Events_Championships/100-Hurdles,TFRRS all_performances
"Stark, Grace",Florida,SEC,100H,2022,2,,,12.94,seconds,SEC Outdoor Track & Field Championships,2022-05-12,,,+0.0,Outdoor,https://www.tfrrs.org/results/74844/4557141/SEC_Outdoor_Track__Field_Championships/100-Hurdles,TFRRS all_performances
"Stark, Grace",Florida,SEC,100H,2022,2,,,DNF,s,SEC Outdoor Track & Field Championships,2022-05-12,Final,,2.1,Outdoor,https://www.tfrrs.org/athletes/7533304/Florida/Grace_Stark.html,legacy_source_needs_review
"Wells, Sasha",Florida,SEC,100H,2022,4,,,13.40,seconds,SEC Outdoor Track & Field Championships,2022-05-12,,,-0.3,Outdoor,https://www.tfrrs.org/results/74844/4557141/SEC_Outdoor_Track__Field_Championships/100-Hurdles,TFRRS all_performances
"Hall, Anna",Florida,SEC,100H,2022,2,,,13.33,seconds,NCAA East Preliminary Round,2022-05-25,,,-0.7,Outdoor,https://www.tfrrs.org/results/75213/4566148/NCAA_East_Preliminary_Round/100-Hurdles,TFRRS all_performances
"Hall, Anna",Florida,SEC,100H,2022,2,,,13.37,seconds,NCAA East Preliminary Round,2022-05-25,,,-0.8,Outdoor,https://www.tfrrs.org/results/75213/4566148/NCAA_East_Preliminary_Round/100-Hurdles,TFRRS all_performances
"Lester, Sterling",Florida,SEC,100H,2022,3,,,13.30,seconds,NCAA East Preliminary Round,2022-05-25,,,0.5,Outdoor,https://www.tfrrs.org/results/75213/4566148/NCAA_East_Preliminary_Round/100-Hurdles,TFRRS all_performances
"Lester, Sterling",Florida,SEC,100H,2022,3,,,13.64,seconds,NCAA East Preliminary Round,2022-05-25,,,-0.3,Outdoor,https://www.tfrrs.org/results/75213/4566148/NCAA_East_Preliminary_Round/100-Hurdles,TFRRS all_performances
"Wells, Sasha",Florida,SEC,100H,2022,4,,,13.45,seconds,NCAA East Preliminary Round,2022-05-25,,,-0.6,Outdoor,https://www.tfrrs.org/results/75213/4566148/NCAA_East_Preliminary_Round/100-Hurdles,TFRRS all_performances
"Wells, Sasha",Florida,SEC,100H,2022,4,,,13.51,seconds,NCAA East Preliminary Round,2022-05-25,,,-1.2,Outdoor,https://www.tfrrs.org/results/75213/4566148/NCAA_East_Preliminary_Round/100-Hurdles,TFRRS all_performances
"Hall, Anna",Florida,SEC,100H,2022,2,,,13.15,seconds,NCAA Division I Outdoor Track & Field Championships,2022-06-08,,,-0.2,Outdoor,https://www.tfrrs.org/results/75224/4567514/NCAA_Division_I_Outdoor_Track__Field_Championships/100-Hurdles,TFRRS all_performances
"Lester, Sterling",Florida,SEC,100H,2022,3,,,13.43,seconds,NCAA Division I Outdoor Track & Field Championships,2022-06-08,,,1.7,Outdoor,https://www.tfrrs.org/results/75224/4567514/NCAA_Division_I_Outdoor_Track__Field_Championships/100-Hurdles,TFRRS all_performances
"Frye, Eddiyah",Georgia,SEC,100H,2022,1,,,13.68,seconds,Georgia Tech Yellow Jacket Invitational,2022-03-18,,,0.4,Outdoor,https://www.tfrrs.org/results/73542/4425687/Georgia_Tech_Yellow_Jacket_Invitational/100-Hurdles,TFRRS all_performances
"Carothers, Imani",Georgia,SEC,100H,2022,3,,,13.46,seconds,Florida State Relays,2022-03-24,,,-0.4,Outdoor,https://www.tfrrs.org/results/73791/4439083/Florida_State_Relays/100-Hurdles,TFRRS all_performances
"Frye, Eddiyah",Georgia,SEC,100H,2022,1,,,13.70,seconds,Florida State Relays,2022-03-24,,,-0.4,Outdoor,https://www.tfrrs.org/results/73791/4439083/Florida_State_Relays/100-Hurdles,TFRRS all_performances
"Witt, Bella",Georgia,SEC,100H,2022,1,,,14.19,seconds,Florida State Relays,2022-03-24,,,-0.4,Outdoor,https://www.tfrrs.org/results/73791/4439083/Florida_State_Relays/100-Hurdles,TFRRS all_performances
"Carothers, Imani",Georgia,SEC,100H,2022,3,,,13.46,seconds,FSU Relays,2022-03-25,Final,1,,Outdoor,https://georgiadogs.com/sports/track-and-field/roster/imani-carothers/4950,legacy_source_needs_review
"Witt, Bella",Georgia,SEC,100H,2022,1,,,14.19,seconds,FSU Relays,2022-03-25,Final,4,,Outdoor,https://georgiadogs.com/sports/track-and-field/roster/bella-witt/7640,legacy_source_needs_review
"Frye, Eddiyah",Georgia,SEC,100H,2022,1,,,13.52,seconds,UF Tom Jones Memorial,2022-04-15,,,-1.0,Outdoor,https://www.tfrrs.org/results/73497/4502589/UF_Tom_Jones_Memorial/100-Hurdles,TFRRS all_performances
"Carothers, Imani",Georgia,SEC,100H,2022,3,,,13.82,seconds,Georgia Tech Invitational,2022-04-22,,,-0.5,Outdoor,https://www.tfrrs.org/results/74751/4516397/Georgia_Tech_Invitational/100-Hurdles,TFRRS all_performances
"Frye, Eddiyah",Georgia,SEC,100H,2022,1,,,13.38,seconds,Georgia Tech Invitational,2022-04-22,,,-0.5,Outdoor,https://www.tfrrs.org/results/74751/4516397/Georgia_Tech_Invitational/100-Hurdles,TFRRS all_performances
"Witt, Bella",Georgia,SEC,100H,2022,1,,,14.24,seconds,Georgia Tech Invitational,2022-04-22,,,-0.5,Outdoor,https://www.tfrrs.org/results/74751/4516397/Georgia_Tech_Invitational/100-Hurdles,TFRRS all_performances
"Carothers, Imani",Georgia,SEC,100H,2022,3,,,17.67,seconds,Torrin Lawrence Memorial Invite,2022-04-29,,,0.3,Outdoor,https://www.tfrrs.org/results/74967/4535934/Torrin_Lawrence_Memorial_Invite/100-Hurdles,TFRRS all_performances
"Frye, Eddiyah",Georgia,SEC,100H,2022,1,,,13.65,seconds,Torrin Lawrence Memorial Invite,2022-04-29,,,0.3,Outdoor,https://www.tfrrs.org/results/74967/4535934/Torrin_Lawrence_Memorial_Invite/100-Hurdles,TFRRS all_performances
"Carothers, Imani",Georgia,SEC,100H,2022,3,,,13.99,seconds,SEC Outdoor Track & Field Championships,2022-05-12,,,-0.3,Outdoor,https://www.tfrrs.org/results/74844/4557141/SEC_Outdoor_Track__Field_Championships/100-Hurdles,TFRRS all_performances
"Frye, Eddiyah",Georgia,SEC,100H,2022,1,,,13.78,seconds,SEC Outdoor Track & Field Championships,2022-05-12,,,+0.0,Outdoor,https://www.tfrrs.org/results/74844/4557141/SEC_Outdoor_Track__Field_Championships/100-Hurdles,TFRRS all_performances
"Carothers, Imani",Georgia,SEC,100H,2022,3,,,13.41,seconds,NCAA East Preliminary Round,2022-05-25,,,-0.3,Outdoor,https://www.tfrrs.org/results/75213/4566148/NCAA_East_Preliminary_Round/100-Hurdles,TFRRS all_performances
"Carothers, Imani",Georgia,SEC,100H,2022,3,,,13.47,seconds,NCAA East Preliminary Round,2022-05-25,,,-1.4,Outdoor,https://www.tfrrs.org/results/75213/4566148/NCAA_East_Preliminary_Round/100-Hurdles,TFRRS all_performances
"Frye, Eddiyah",Georgia,SEC,100H,2022,1,,,13.51,seconds,NCAA East Preliminary Round,2022-05-25,,,-0.3,Outdoor,https://www.tfrrs.org/results/75213/4566148/NCAA_East_Preliminary_Round/100-Hurdles,TFRRS all_performances
"Frye, Eddiyah",Georgia,SEC,100H,2022,1,,,13.59,seconds,NCAA East Preliminary Round,2022-05-25,,,-1.4,Outdoor,https://www.tfrrs.org/results/75213/4566148/NCAA_East_Preliminary_Round/100-Hurdles,TFRRS all_performances
"Galloway, Sophie",Kentucky,SEC,100H,2022,1,,,14.60,seconds,Black and Gold Invite,2022-03-18,,,1.3,Outdoor,https://www.tfrrs.org/results/72780/4425373/Black_and_Gold_Invite/100-Hurdles,TFRRS all_performances
"Williams, Annika",Kentucky,SEC,100H,2022,2,,,14.81,seconds,Black and Gold Invite,2022-03-18,,,1.8,Outdoor,https://www.tfrrs.org/results/72780/4425373/Black_and_Gold_Invite/100-Hurdles,TFRRS all_performances
"Galloway, Sophie",Kentucky,SEC,100H,2022,1,,,14.65,seconds,2022 94th Clyde Littlefield Texas Relays,2022-03-23,,,1.6,Outdoor,https://www.tfrrs.org/results/72503/4452842/2022_94th_Clyde_Littlefield_Texas_Relays/100-Hurdles,TFRRS all_performances
"Ballard, Shadajah",Kentucky,SEC,100H,2022,2,,,13.93,seconds,Florida Relays,2022-03-31,,,-0.4,Outdoor,https://www.tfrrs.org/results/72948/4463913/Florida_Relays/100-Hurdles,TFRRS all_performances
"Galloway, Sophie",Kentucky,SEC,100H,2022,1,,,14.75,seconds,Florida Relays,2022-03-31,,,-0.4,Outdoor,https://www.tfrrs.org/results/72948/4463913/Florida_Relays/100-Hurdles,TFRRS all_performances
"Khan, Darci",Kentucky,SEC,100H,2022,2,,,13.97,seconds,Florida Relays,2022-03-31,,,-0.4,Outdoor,https://www.tfrrs.org/results/72948/4463913/Florida_Relays/100-Hurdles,TFRRS all_performances
"Russell, Masai",Kentucky,SEC,100H,2022,3,,,13.18,seconds,Florida Relays,2022-03-31,,,-0.4,Outdoor,https://www.tfrrs.org/results/72948/4463913/Florida_Relays/100-Hurdles,TFRRS all_performances
"Ballard, Shadajah",Kentucky,SEC,100H,2022,2,,,13.48,seconds,LSU Joe May Invitational,2022-04-09,,,0.7,Outdoor,https://www.tfrrs.org/results/74133/4482433/LSU_Joe_May_Invitational/100-Hurdles,TFRRS all_performances
"Galloway, Sophie",Kentucky,SEC,100H,2022,1,,,14.63,seconds,LSU Joe May Invitational,2022-04-09,,,1.4,Outdoor,https://www.tfrrs.org/results/74133/4482433/LSU_Joe_May_Invitational/100-Hurdles,TFRRS all_performances
"Jordan, Kendall",Kentucky,SEC,100H,2022,1,,,14.07,seconds,LSU Joe May Invitational,2022-04-09,,,1.4,Outdoor,https://www.tfrrs.org/results/74133/4482433/LSU_Joe_May_Invitational/100-Hurdles,TFRRS all_performances
"Khan, Darci",Kentucky,SEC,100H,2022,2,,,13.57,seconds,LSU Joe May Invitational,2022-04-09,,,0.7,Outdoor,https://www.tfrrs.org/results/74133/4482433/LSU_Joe_May_Invitational/100-Hurdles,TFRRS all_performances
"Russell, Masai",Kentucky,SEC,100H,2022,3,,,12.75,seconds,LSU Joe May Invitational,2022-04-09,,,0.7,Outdoor,https://www.tfrrs.org/results/74133/4482433/LSU_Joe_May_Invitational/100-Hurdles,TFRRS all_performances
"Williams, Annika",Kentucky,SEC,100H,2022,2,,,14.34,seconds,LSU Joe May Invitational,2022-04-09,,,0.7,Outdoor,https://www.tfrrs.org/results/74133/4482433/LSU_Joe_May_Invitational/100-Hurdles,TFRRS all_performances
"Ballard, Shadajah",Kentucky,SEC,100H,2022,2,,,13.19,seconds,2022 Kentucky Track & Field Invitational,2022-04-22,,,-0.1,Outdoor,https://www.tfrrs.org/results/70609/4516848/2022_Kentucky_Track__Field_Invitational/100-Hurdles,TFRRS all_performances
"Ballard, Shadajah",Kentucky,SEC,100H,2022,2,,,13.20,seconds,2022 Kentucky Track & Field Invitational,2022-04-22,,,0.5,Outdoor,https://www.tfrrs.org/results/70609/4516848/2022_Kentucky_Track__Field_Invitational/100-Hurdles,TFRRS all_performances
"Boyke-Johnson, Carolyn",Kentucky,SEC,100H,2022,1,,,14.66,seconds,2022 Kentucky Track & Field Invitational,2022-04-22,,,-0.1,Outdoor,https://www.tfrrs.org/results/70609/4516848/2022_Kentucky_Track__Field_Invitational/100-Hurdles,TFRRS all_performances
"Galloway, Sophie",Kentucky,SEC,100H,2022,1,,,14.33,seconds,2022 Kentucky Track & Field Invitational,2022-04-22,,,0.5,Outdoor,https://www.tfrrs.org/results/70609/4516848/2022_Kentucky_Track__Field_Invitational/100-Hurdles,TFRRS all_performances
"Galloway, Sophie",Kentucky,SEC,100H,2022,1,,,14.36,seconds,2022 Kentucky Track & Field Invitational,2022-04-22,,,-0.1,Outdoor,https://www.tfrrs.org/results/70609/4516848/2022_Kentucky_Track__Field_Invitational/100-Hurdles,TFRRS all_performances
"Jordan, Kendall",Kentucky,SEC,100H,2022,1,,,13.91,seconds,2022 Kentucky Track & Field Invitational,2022-04-22,,,0.5,Outdoor,https://www.tfrrs.org/results/70609/4516848/2022_Kentucky_Track__Field_Invitational/100-Hurdles,TFRRS all_performances
"Jordan, Kendall",Kentucky,SEC,100H,2022,1,,,13.92,seconds,2022 Kentucky Track & Field Invitational,2022-04-22,,,-0.7,Outdoor,https://www.tfrrs.org/results/70609/4516848/2022_Kentucky_Track__Field_Invitational/100-Hurdles,TFRRS all_performances
"Khan, Darci",Kentucky,SEC,100H,2022,2,,,13.16,seconds,2022 Kentucky Track & Field Invitational,2022-04-22,,,0.5,Outdoor,https://www.tfrrs.org/results/70609/4516848/2022_Kentucky_Track__Field_Invitational/100-Hurdles,TFRRS all_performances
"Khan, Darci",Kentucky,SEC,100H,2022,2,,,13.34,seconds,2022 Kentucky Track & Field Invitational,2022-04-22,,,-0.1,Outdoor,https://www.tfrrs.org/results/70609/4516848/2022_Kentucky_Track__Field_Invitational/100-Hurdles,TFRRS all_performances
"Russell, Masai",Kentucky,SEC,100H,2022,3,,,12.71,seconds,2022 Kentucky Track & Field Invitational,2022-04-22,,,0.5,Outdoor,https://www.tfrrs.org/results/70609/4516848/2022_Kentucky_Track__Field_Invitational/100-Hurdles,TFRRS all_performances
"Russell, Masai",Kentucky,SEC,100H,2022,3,,,12.90,seconds,2022 Kentucky Track & Field Invitational,2022-04-22,,,-0.6,Outdoor,https://www.tfrrs.org/results/70609/4516848/2022_Kentucky_Track__Field_Invitational/100-Hurdles,TFRRS all_performances
"Williams, Annika",Kentucky,SEC,100H,2022,2,,,14.38,seconds,2022 Kentucky Track & Field Invitational,2022-04-22,,,-0.7,Outdoor,https://www.tfrrs.org/results/70609/4516848/2022_Kentucky_Track__Field_Invitational/100-Hurdles,TFRRS all_performances
"Ballard, Shadajah",Kentucky,SEC,100H,2022,2,,,13.92,seconds,Drake Relays,2022-04-27,,,-0.9,Outdoor,https://www.tfrrs.org/results/74970/4536815/Drake_Relays/100-Hurdles,TFRRS all_performances
"Khan, Darci",Kentucky,SEC,100H,2022,2,,,13.56,seconds,Drake Relays,2022-04-27,,,-1.8,Outdoor,https://www.tfrrs.org/results/74970/4536815/Drake_Relays/100-Hurdles,TFRRS all_performances
"Khan, Darci",Kentucky,SEC,100H,2022,2,,,13.89,seconds,Drake Relays,2022-04-27,,,-3.0,Outdoor,https://www.tfrrs.org/results/74970/4536815/Drake_Relays/100-Hurdles,TFRRS all_performances
"Russell, Masai",Kentucky,SEC,100H,2022,3,,,13.53,seconds,Drake Relays,2022-04-27,,,-1.8,Outdoor,https://www.tfrrs.org/results/74970/4536815/Drake_Relays/100-Hurdles,TFRRS all_performances
"Russell, Masai",Kentucky,SEC,100H,2022,3,,,13.59,seconds,Drake Relays,2022-04-27,,,-2.3,Outdoor,https://www.tfrrs.org/results/74970/4536815/Drake_Relays/100-Hurdles,TFRRS all_performances
"Williams, Annika",Kentucky,SEC,100H,2022,2,,,23.35,seconds,Drake Relays,2022-04-27,,,-2.8,Outdoor,https://www.tfrrs.org/results/74970/4536815/Drake_Relays/100-Hurdles,TFRRS all_performances
"Ballard, Shadajah",Kentucky,SEC,100H,2022,2,,,13.66,seconds,SEC Outdoor Track & Field Championships,2022-05-12,,,+0.0,Outdoor,https://www.tfrrs.org/results/74844/4557141/SEC_Outdoor_Track__Field_Championships/100-Hurdles,TFRRS all_performances
"Jordan, Kendall",Kentucky,SEC,100H,2022,1,,,13.64,seconds,SEC Outdoor Track & Field Championships,2022-05-12,,,+0.0,Outdoor,https://www.tfrrs.org/results/74844/4557141/SEC_Outdoor_Track__Field_Championships/100-Hurdles,TFRRS all_performances
"Khan, Darci",Kentucky,SEC,100H,2022,2,,,13.44,seconds,SEC Outdoor Track & Field Championships,2022-05-12,,,-0.3,Outdoor,https://www.tfrrs.org/results/74844/4557141/SEC_Outdoor_Track__Field_Championships/100-Hurdles,TFRRS all_performances
"Russell, Masai",Kentucky,SEC,100H,2022,3,,,12.78,s,SEC Outdoor Track & Field Championships,2022-05-12,Final,3rd,2.1,Outdoor,https://www.tfrrs.org/athletes/6995394/Kentucky/Masai_Russell.html,legacy_source_needs_review
"Russell, Masai",Kentucky,SEC,100H,2022,3,,,12.96,seconds,SEC Outdoor Track & Field Championships,2022-05-12,,,-0.3,Outdoor,https://www.tfrrs.org/results/74844/4557141/SEC_Outdoor_Track__Field_Championships/100-Hurdles,TFRRS all_performances
"Ballard, Shadajah",Kentucky,SEC,100H,2022,2,,,13.55,seconds,NCAA East Preliminary Round,2022-05-25,,,-1.0,Outdoor,https://www.tfrrs.org/results/75213/4566148/NCAA_East_Preliminary_Round/100-Hurdles,TFRRS all_performances
"Khan, Darci",Kentucky,SEC,100H,2022,2,,,13.78,seconds,NCAA East Preliminary Round,2022-05-25,,,-1.5,Outdoor,https://www.tfrrs.org/results/75213/4566148/NCAA_East_Preliminary_Round/100-Hurdles,TFRRS all_performances
"Russell, Masai",Kentucky,SEC,100H,2022,3,,,12.84,seconds,NCAA East Preliminary Round,2022-05-25,,,-1.5,Outdoor,https://www.tfrrs.org/results/75213/4566148/NCAA_East_Preliminary_Round/100-Hurdles,TFRRS all_performances
"Russell, Masai",Kentucky,SEC,100H,2022,3,,,12.89,seconds,NCAA East Preliminary Round,2022-05-25,,,-1.2,Outdoor,https://www.tfrrs.org/results/75213/4566148/NCAA_East_Preliminary_Round/100-Hurdles,TFRRS all_performances
"Russell, Masai",Kentucky,SEC,100H,2022,3,,,12.77,seconds,NCAA Division I Outdoor Track & Field Championships,2022-06-08,,,0.5,Outdoor,https://www.tfrrs.org/results/75224/4567522/NCAA_Division_I_Outdoor_Track__Field_Championships/100-Hurdles,TFRRS all_performances
"Russell, Masai",Kentucky,SEC,100H,2022,3,,,12.81,seconds,NCAA Division I Outdoor Track & Field Championships,2022-06-08,,,-0.2,Outdoor,https://www.tfrrs.org/results/75224/4567522/NCAA_Division_I_Outdoor_Track__Field_Championships/100-Hurdles,TFRRS all_performances
"Rocker, Destinee",South Carolina,SEC,100H,2022,4,,,13.12,seconds,Tiger Track Classic 2022,2022-03-18,,,0.2,Outdoor,https://www.tfrrs.org/results/70529/4425953/Tiger_Track_Classic_2022/100-Hurdles,TFRRS all_performances
"Hughes, Kiera",South Carolina,SEC,100H,2022,3,,,16.03,seconds,Weems Baskin Relays,2022-03-25,,,1.1,Outdoor,https://www.tfrrs.org/results/73088/4440134/Weems_Baskin_Relays/100-Hurdles,TFRRS all_performances
"Rocker, Destinee",South Carolina,SEC,100H,2022,4,,,12.95,seconds,Weems Baskin Invitational,2022-03-26,Final,1,wind-aided,Outdoor,https://gamecocksonline.com/news/2022/03/26/carolina-track-and-field-earns-13-victories-on-final-day-of-weems-baskin/,legacy_source_needs_review
"Hughes, Kiera",South Carolina,SEC,100H,2022,3,,,15.99,seconds,Gamecock Invitational,2022-04-16,,,1.4,Outdoor,https://www.tfrrs.org/results/73089/4503378/Gamecock_Invitational_/100-Hurdles,TFRRS all_performances
"Rocker, Destinee",South Carolina,SEC,100H,2022,4,,,13.21,seconds,Gamecock Invitational,2022-04-16,,,1.4,Outdoor,https://www.tfrrs.org/results/73089/4503378/Gamecock_Invitational_/100-Hurdles,TFRRS all_performances
"Rocker, Destinee",South Carolina,SEC,100H,2022,4,,,13.22,seconds,Gamecock Invitational,2022-04-16,,,-0.7,Outdoor,https://www.tfrrs.org/results/73089/4503378/Gamecock_Invitational_/100-Hurdles,TFRRS all_performances
"Rocker, Destinee",South Carolina,SEC,100H,2022,4,,,12.99,seconds,UofSC Open,2022-04-23,,,0.4,Outdoor,https://www.tfrrs.org/results/73095/4519004/UofSC_Open/100-Hurdles,TFRRS all_performances
"Rocker, Destinee",South Carolina,SEC,100H,2022,4,,,43.58,seconds,UofSC Open,2022-04-23,,,1.1,Outdoor,https://www.tfrrs.org/results/73095/4519004/UofSC_Open/100-Hurdles,TFRRS all_performances
"Rocker, Destinee",South Carolina,SEC,100H,2022,4,,,13.23,seconds,Penn Relays,2022-04-28,,,0.5,Outdoor,https://www.tfrrs.org/results/74986/4539245/Penn_Relays/100-Hurdles,TFRRS all_performances
"Rocker, Destinee",South Carolina,SEC,100H,2022,4,,,13.23,seconds,SEC Outdoor Track & Field Championships,2022-05-12,,,+0.0,Outdoor,https://www.tfrrs.org/results/74844/4557141/SEC_Outdoor_Track__Field_Championships/100-Hurdles,TFRRS all_performances
"Rocker, Destinee",South Carolina,SEC,100H,2022,4,,,13.15,seconds,SEC Outdoor Track & Field Championships,2022-05-14,Final,5,2.1,Outdoor,https://tfrrs.org/results/74844/4557141/SEC_Outdoor_Track__Field_Championships/Womens-100-Hurdles,legacy_source_needs_review
"Rocker, Destinee",South Carolina,SEC,100H,2022,4,,,13.08,seconds,NCAA East Preliminary Round,2022-05-25,,,-1.2,Outdoor,https://www.tfrrs.org/results/75213/4566148/NCAA_East_Preliminary_Round/100-Hurdles,TFRRS all_performances
"Rocker, Destinee",South Carolina,SEC,100H,2022,4,,,13.18,seconds,NCAA East Preliminary Round,2022-05-25,,,-0.8,Outdoor,https://www.tfrrs.org/results/75213/4566148/NCAA_East_Preliminary_Round/100-Hurdles,TFRRS all_performances
"Rocker, Destinee",South Carolina,SEC,100H,2022,4,,,12.95,seconds,NCAA Division I Outdoor Track & Field Championships,2022-06-08,,,0.2,Outdoor,https://www.tfrrs.org/results/75224/4567522/NCAA_Division_I_Outdoor_Track__Field_Championships/100-Hurdles,TFRRS all_performances
"Rocker, Destinee",South Carolina,SEC,100H,2022,4,,,13.07,seconds,NCAA Division I Outdoor Track & Field Championships,2022-06-08,,,-0.2,Outdoor,https://www.tfrrs.org/results/75224/4567522/NCAA_Division_I_Outdoor_Track__Field_Championships/100-Hurdles,TFRRS all_performances
"Kapoor, Isabelle",Clemson,ACC,100H,2023,1,,,16.57,s,Yellow Jacket Invitational,2023-03-17,,,0.8,Outdoor,https://www.tfrrs.org/results/78633/4769229/Yellow_Jacket_Invitational/100-Hurdles,TFRRS all_performances
"Van der Merwe, Antoinette",Clemson,ACC,100H,2023,3,,,13.49,s,Yellow Jacket Invitational,2023-03-17,,,+0.0,Outdoor,https://www.tfrrs.org/results/78633/4769229/Yellow_Jacket_Invitational/100-Hurdles,TFRRS all_performances
"Van der Merwe, Antoinette",Clemson,ACC,100H,2023,3,,,13.78,s,Knights Invite,2023-03-24,Final,,2.7,Outdoor,https://m.tfrrs.org/athletes/7738675/Clemson/Antoinette_Van_der_Merwe,legacy_source_needs_review
"Van der Merwe, Antoinette",Clemson,ACC,100H,2023,3,,,13.25,s,2023 95th Clyde Littlefield Texas Relays,2023-03-29,Prelim,,3.9,Outdoor,https://m.tfrrs.org/athletes/7738675/Clemson/Antoinette_Van_der_Merwe,legacy_source_needs_review
"Wilson, Oneka",Clemson,ACC,100H,2023,1,,,13.27,s,2023 95th Clyde Littlefield Texas Relays,2023-03-29,Prelim,,3.4,Outdoor,https://mobile.tfrrs.org/athletes/8316097/Clemson/Oneka_Wilson,legacy_source_needs_review
"Kapoor, Isabelle",Clemson,ACC,100H,2023,1,,,15.60,s,Spec Towns - Torrin Lawrence Invitational,2023-04-06,,,1.3,Outdoor,https://www.tfrrs.org/results/79636/4805236/Spec_Towns_-_Torrin_Lawrence_Invitational/100-Hurdles,TFRRS all_performances
"Van der Merwe, Antoinette",Clemson,ACC,100H,2023,3,,,13.48,s,UF Tom Jones Memorial,2023-04-14,,,-2.2,Outdoor,https://www.tfrrs.org/results/78102/4824428/UF_Tom_Jones_Memorial/100-Hurdles,TFRRS all_performances
"Wilson, Oneka",Clemson,ACC,100H,2023,1,,,13.31,s,UF Tom Jones Memorial,2023-04-14,,,1.6,Outdoor,https://www.tfrrs.org/results/78102/4824428/UF_Tom_Jones_Memorial/100-Hurdles,TFRRS all_performances
"Kapoor, Isabelle",Clemson,ACC,100H,2023,1,,,15.98,s,USC Open Outdoor 2023,2023-04-22,,,-0.3,Outdoor,https://www.tfrrs.org/results/76412/4855776/USC_Open_Outdoor_2023/100-Hurdles,TFRRS all_performances
"Wilson, Oneka",Clemson,ACC,100H,2023,1,,,13.29,s,USC Open Outdoor 2023,2023-04-22,,,-1.2,Outdoor,https://www.tfrrs.org/results/76412/4855776/USC_Open_Outdoor_2023/100-Hurdles,TFRRS all_performances
"Wilson, Oneka",Clemson,ACC,100H,2023,1,,,13.44,s,USC Open Outdoor 2023,2023-04-22,Final,,2.9,Outdoor,https://mobile.tfrrs.org/athletes/8316097/Clemson/Oneka_Wilson,legacy_source_needs_review
"Van der Merwe, Antoinette",Clemson,ACC,100H,2023,3,,,14.17,s,Penn Relays,2023-04-27,,,-1.2,Outdoor,https://www.tfrrs.org/results/80814/4891283/Penn_Relays/100-Hurdles,TFRRS all_performances
"Kapoor, Isabelle",Clemson,ACC,100H,2023,1,,,15.60,s,ACC Outdoor Track & Field Championships,2023-05-11,,,0.1,Outdoor,https://www.tfrrs.org/results/81191/4928971/ACC_Outdoor_Track__Field_Championships/100-Hurdles,TFRRS all_performances
"Roemer, Kassandra",Clemson,ACC,100H,2023,4,,,15.52,s,ACC Outdoor Track & Field Championships,2023-05-11,,,0.1,Outdoor,https://www.tfrrs.org/results/81191/4928971/ACC_Outdoor_Track__Field_Championships/100-Hurdles,TFRRS all_performances
"Van der Merwe, Antoinette",Clemson,ACC,100H,2023,3,,,13.18,s,ACC Outdoor Track & Field Championships,2023-05-11,,,2.0,Outdoor,https://www.tfrrs.org/results/81191/4928846/ACC_Outdoor_Track__Field_Championships/100-Hurdles,TFRRS all_performances
"Van der Merwe, Antoinette",Clemson,ACC,100H,2023,3,,,13.41,s,ACC Outdoor Track & Field Championships,2023-05-11,,,2.0,Outdoor,https://www.tfrrs.org/results/81191/4928846/ACC_Outdoor_Track__Field_Championships/100-Hurdles,TFRRS all_performances
"Wilson, Oneka",Clemson,ACC,100H,2023,1,,,13.33,s,ACC Outdoor Track & Field Championships,2023-05-11,,,-0.2,Outdoor,https://www.tfrrs.org/results/81191/4928846/ACC_Outdoor_Track__Field_Championships/100-Hurdles,TFRRS all_performances
"Wilson, Oneka",Clemson,ACC,100H,2023,1,,,DNF,s,ACC Outdoor Track & Field Championships,2023-05-13,Final,,2.0,Outdoor,https://mobile.tfrrs.org/athletes/8316097/Clemson/Oneka_Wilson,legacy_source_needs_review
"Van der Merwe, Antoinette",Clemson,ACC,100H,2023,3,,,13.38,s,NCAA East Preliminary Round,2023-05-25,Prelim,,2.6,Outdoor,https://m.tfrrs.org/athletes/7738675/Clemson/Antoinette_Van_der_Merwe,legacy_source_needs_review
"Wilson, Oneka",Clemson,ACC,100H,2023,1,,,13.59,s,NCAA East Preliminary Round,2023-05-25,Prelim,,4.9,Outdoor,https://mobile.tfrrs.org/athletes/8316097/Clemson/Oneka_Wilson,legacy_source_needs_review
"Absten, Sara",Duke,ACC,100H,2023,4,,,14.13,s,Alan Connie Shamrock Invitational,2023-03-16,,,0.8,Outdoor,https://www.tfrrs.org/results/75548/4733571/Alan_Connie_Shamrock_Invitational/100-Hurdles,TFRRS all_performances
"Krafian, Anoush",Duke,ACC,100H,2023,4,,,14.99,s,Alan Connie Shamrock Invitational,2023-03-16,,,1.4,Outdoor,https://www.tfrrs.org/results/75548/4733571/Alan_Connie_Shamrock_Invitational/100-Hurdles,TFRRS all_performances
"Absten, Sara",Duke,ACC,100H,2023,4,,,14.37,s,Raleigh Relays,2023-03-23,,,-0.7,Outdoor,https://www.tfrrs.org/results/78810/4756255/Raleigh_Relays/100-Hurdles,TFRRS all_performances
"Krafian, Anoush",Duke,ACC,100H,2023,4,,,14.85,s,Raleigh Relays,2023-03-23,,,0.6,Outdoor,https://www.tfrrs.org/results/78810/4756255/Raleigh_Relays/100-Hurdles,TFRRS all_performances
"Rizek, Haley",Duke,ACC,100H,2023,4,,,14.17,s,Raleigh Relays,2023-03-23,,,0.6,Outdoor,https://www.tfrrs.org/results/78810/4756255/Raleigh_Relays/100-Hurdles,TFRRS all_performances
"Sloan, Emily",Duke,ACC,100H,2023,4,,,13.88,s,Raleigh Relays,2023-03-23,,,-0.3,Outdoor,https://www.tfrrs.org/results/78810/4756255/Raleigh_Relays/100-Hurdles,TFRRS all_performances
"Smith, Brianna",Duke,ACC,100H,2023,3,,,14.17,s,Raleigh Relays,2023-03-23,,,-0.3,Outdoor,https://www.tfrrs.org/results/78810/4756255/Raleigh_Relays/100-Hurdles,TFRRS all_performances
"Spearman, Falon",Duke,ACC,100H,2023,1,,,14.50,s,Raleigh Relays,2023-03-23,,,1.7,Outdoor,https://www.tfrrs.org/results/78810/4756255/Raleigh_Relays/100-Hurdles,TFRRS all_performances
"Turner, Chyler",Duke,ACC,100H,2023,2,,,14.21,s,Raleigh Relays,2023-03-23,,,-0.3,Outdoor,https://www.tfrrs.org/results/78810/4756255/Raleigh_Relays/100-Hurdles,TFRRS all_performances
"Wakefield, Isabel",Duke,ACC,100H,2023,4,,,13.37,s,Raleigh Relays,2023-03-23,,,-0.3,Outdoor,https://www.tfrrs.org/results/78810/4756255/Raleigh_Relays/100-Hurdles,TFRRS all_performances
"Krafian, Anoush",Duke,ACC,100H,2023,4,,,15.19,s,Duke Invitational,2023-04-06,Heptathlon,1.0,1.6,Outdoor,https://worldathletics.org/competition/calendar-results/results/7198078?eventId=10229522,legacy_source_needs_review
"Sloan, Emily",Duke,ACC,100H,2023,4,,,13.88,s,63rd Annual Mt. SAC Relays,2023-04-12,,,0.2,Outdoor,https://www.tfrrs.org/results/77931/4827017/63rd_Annual_Mt_SAC_Relays/100-Hurdles,TFRRS all_performances
"Sloan, Emily",Duke,ACC,100H,2023,4,,,13.90,s,63rd Annual Mt. SAC Relays,2023-04-12,,,1.2,Outdoor,https://www.tfrrs.org/results/77931/4827017/63rd_Annual_Mt_SAC_Relays/100-Hurdles,TFRRS all_performances
"Turner, Chyler",Duke,ACC,100H,2023,2,,,13.59,s,63rd Annual Mt. SAC Relays,2023-04-12,,,0.4,Outdoor,https://www.tfrrs.org/results/77931/4827017/63rd_Annual_Mt_SAC_Relays/100-Hurdles,TFRRS all_performances
"Turner, Chyler",Duke,ACC,100H,2023,2,,,13.67,s,63rd Annual Mt. SAC Relays,2023-04-12,,,1.2,Outdoor,https://www.tfrrs.org/results/77931/4827017/63rd_Annual_Mt_SAC_Relays/100-Hurdles,TFRRS all_performances
"Wakefield, Isabel",Duke,ACC,100H,2023,4,,,13.98,s,63rd Annual Mt. SAC Relays,2023-04-12,,,0.2,Outdoor,https://www.tfrrs.org/results/77931/4827017/63rd_Annual_Mt_SAC_Relays/100-Hurdles,TFRRS all_performances
"Absten, Sara",Duke,ACC,100H,2023,4,,,13.85,s,2023 Bryan Clay Invitational,2023-04-13,,,0.8,Outdoor,https://www.tfrrs.org/results/76221/4898441/2023_Bryan_Clay_Invitational/100-Hurdles,TFRRS all_performances
"Rizek, Haley",Duke,ACC,100H,2023,4,,,13.99,s,2023 Bryan Clay Invitational,2023-04-13,,,1.3,Outdoor,https://www.tfrrs.org/results/76221/4898441/2023_Bryan_Clay_Invitational/100-Hurdles,TFRRS all_performances
"Sloan, Emily",Duke,ACC,100H,2023,4,,,13.38,s,Wake Forest Invitational,2023-04-21,,,1.2,Outdoor,https://www.tfrrs.org/results/80368/4901699/Wake_Forest_Invitational/100-Hurdles,TFRRS all_performances
"Smith, Brianna",Duke,ACC,100H,2023,3,,,14.02,s,Wake Forest Invitational,2023-04-21,,,1.2,Outdoor,https://www.tfrrs.org/results/80368/4901699/Wake_Forest_Invitational/100-Hurdles,TFRRS all_performances
"Turner, Chyler",Duke,ACC,100H,2023,2,,,13.57,s,Wake Forest Invitational,2023-04-21,,,1.2,Outdoor,https://www.tfrrs.org/results/80368/4901699/Wake_Forest_Invitational/100-Hurdles,TFRRS all_performances
"Wakefield, Isabel",Duke,ACC,100H,2023,4,,,13.61,s,Penn Relays,2023-04-27,,,-1.5,Outdoor,https://www.tfrrs.org/results/80814/4891282/Penn_Relays/100-Hurdles,TFRRS all_performances
"Wakefield, Isabel",Duke,ACC,100H,2023,4,,,13.84,s,Penn Relays,2023-04-27,,,-0.8,Outdoor,https://www.tfrrs.org/results/80814/4891283/Penn_Relays/100-Hurdles,TFRRS all_performances
"Absten, Sara",Duke,ACC,100H,2023,4,,,14.32,s,Charlotte Invitational 2023,2023-04-28,,,-1.4,Outdoor,https://www.tfrrs.org/results/79037/4881279/Charlotte_Invitational_2023/100-Hurdles,TFRRS all_performances
"Krafian, Anoush",Duke,ACC,100H,2023,4,,,14.58,s,Charlotte Invitational 2023,2023-04-28,,,0.6,Outdoor,https://www.tfrrs.org/results/79037/4881279/Charlotte_Invitational_2023/100-Hurdles,TFRRS all_performances
"Sloan, Emily",Duke,ACC,100H,2023,4,,,13.65,s,Charlotte Invitational 2023,2023-04-28,,,-1.4,Outdoor,https://www.tfrrs.org/results/79037/4881279/Charlotte_Invitational_2023/100-Hurdles,TFRRS all_performances
"Absten, Sara",Duke,ACC,100H,2023,4,,,13.90,s,ACC Outdoor Track & Field Championships,2023-05-11,,,-0.3,Outdoor,https://www.tfrrs.org/results/81191/4928971/ACC_Outdoor_Track__Field_Championships/100-Hurdles,TFRRS all_performances
"Krafian, Anoush",Duke,ACC,100H,2023,4,,,14.68,s,ACC Outdoor Track & Field Championships,2023-05-11,,,0.7,Outdoor,https://www.tfrrs.org/results/81191/4928971/ACC_Outdoor_Track__Field_Championships/100-Hurdles,TFRRS all_performances
"Rizek, Haley",Duke,ACC,100H,2023,4,,,14.13,s,ACC Outdoor Track & Field Championships,2023-05-11,,,-0.4,Outdoor,https://www.tfrrs.org/results/81191/4928971/ACC_Outdoor_Track__Field_Championships/100-Hurdles,TFRRS all_performances
"Sloan, Emily",Duke,ACC,100H,2023,4,,,13.35,s,ACC Outdoor Track & Field Championships,2023-05-11,,,2.0,Outdoor,https://www.tfrrs.org/results/81191/4928846/ACC_Outdoor_Track__Field_Championships/100-Hurdles,TFRRS all_performances
"Sloan, Emily",Duke,ACC,100H,2023,4,,,13.49,s,ACC Outdoor Track & Field Championships,2023-05-11,,,1.1,Outdoor,https://www.tfrrs.org/results/81191/4928846/ACC_Outdoor_Track__Field_Championships/100-Hurdles,TFRRS all_performances
"Smith, Brianna",Duke,ACC,100H,2023,3,,,14.17,s,ACC Outdoor Track & Field Championships,2023-05-11,,,-0.4,Outdoor,https://www.tfrrs.org/results/81191/4928971/ACC_Outdoor_Track__Field_Championships/100-Hurdles,TFRRS all_performances
"Turner, Chyler",Duke,ACC,100H,2023,2,,,13.47,s,ACC Outdoor Track & Field Championships,2023-05-11,,,2.0,Outdoor,https://www.tfrrs.org/results/81191/4928846/ACC_Outdoor_Track__Field_Championships/100-Hurdles,TFRRS all_performances
"Turner, Chyler",Duke,ACC,100H,2023,2,,,21.15,s,ACC Outdoor Track & Field Championships,2023-05-11,,,2.0,Outdoor,https://www.tfrrs.org/results/81191/4928846/ACC_Outdoor_Track__Field_Championships/100-Hurdles,TFRRS all_performances
"Wakefield, Isabel",Duke,ACC,100H,2023,4,,,13.24,s,ACC Outdoor Track & Field Championships,2023-05-11,,,2.0,Outdoor,https://www.tfrrs.org/results/81191/4928846/ACC_Outdoor_Track__Field_Championships/100-Hurdles,TFRRS all_performances
"Wakefield, Isabel",Duke,ACC,100H,2023,4,,,13.39,s,ACC Outdoor Track & Field Championships,2023-05-11,,,-0.2,Outdoor,https://www.tfrrs.org/results/81191/4928846/ACC_Outdoor_Track__Field_Championships/100-Hurdles,TFRRS all_performances
"Webster, Alexandra",Florida State,ACC,100H,2023,3,,,13.12,s,FSU Relays (College),2023-03-23,,,1.9,Outdoor,https://www.tfrrs.org/results/78847/4769182/FSU_Relays_College/100-Hurdles,TFRRS all_performances
"Wilson, Tyra",Florida State,ACC,100H,2023,2,,,13.16,s,FSU Relays (College),2023-03-23,,,1.9,Outdoor,https://www.tfrrs.org/results/78847/4769182/FSU_Relays_College/100-Hurdles,TFRRS all_performances
"Madson, Ella",Florida State,ACC,100H,2023,2,,,14.80,s,LSU Alumni Gold,2023-04-22,,,0.6,Outdoor,https://www.tfrrs.org/results/78405/4853707/LSU_Alumni_Gold/100-Hurdles,TFRRS all_performances
"Fleming, Catherine",Florida State,ACC,100H,2023,1,,,16.19,s,UNF East Coast Relays,2023-04-28,,,1.7,Outdoor,https://www.tfrrs.org/results/75449/4878646/UNF_East_Coast_Relays/100-Hurdles,TFRRS all_performances
"Madson, Ella",Florida State,ACC,100H,2023,2,,,15.22,s,UNF East Coast Relays,2023-04-28,,,2.0,Outdoor,https://www.tfrrs.org/results/75449/4878646/UNF_East_Coast_Relays/100-Hurdles,TFRRS all_performances
"Madson, Ella",Florida State,ACC,100H,2023,2,,,14.68,s,ACC Outdoor Track & Field Championships,2023-05-11,,,0.7,Outdoor,https://www.tfrrs.org/results/81191/4928971/ACC_Outdoor_Track__Field_Championships/100-Hurdles,TFRRS all_performances
"Webster, Alexandra",Florida State,ACC,100H,2023,3,,,13.14,s,ACC Outdoor Track & Field Championships,2023-05-11,,,2.0,Outdoor,https://www.tfrrs.org/results/81191/4928846/ACC_Outdoor_Track__Field_Championships/100-Hurdles,TFRRS all_performances
"Webster, Alexandra",Florida State,ACC,100H,2023,3,,,13.30,s,ACC Outdoor Track & Field Championships,2023-05-11,,,1.1,Outdoor,https://www.tfrrs.org/results/81191/4928846/ACC_Outdoor_Track__Field_Championships/100-Hurdles,TFRRS all_performances
"Webster, Alexandra",Florida State,ACC,100H,2023,3,,,13.00,s,NCAA East Preliminary Round,2023-05-25,,,1.8,Outdoor,https://www.tfrrs.org/results/81274/4936813/NCAA_East_Preliminary_Round/100-Hurdles,TFRRS all_performances
"Webster, Alexandra",Florida State,ACC,100H,2023,3,,,13.00,s,NCAA East Preliminary Round,2023-05-25,,,2.0,Outdoor,https://www.tfrrs.org/results/81274/4936813/NCAA_East_Preliminary_Round/100-Hurdles,TFRRS all_performances
"Webster, Alexandra",Florida State,ACC,100H,2023,3,,,13.34,s,NCAA Division I Outdoor Track & Field Championships,2023-06-07,,,+0.0,Outdoor,https://www.tfrrs.org/results/81300/4938114/NCAA_Division_I_Outdoor_Track__Field_Championships/100-Hurdles,TFRRS all_performances
"Romain, Madison",Stanford,ACC,100H,2023,1,,,15.65,s,Cardinal Classic,2023-03-18,,,0.4,Outdoor,https://www.tfrrs.org/results/77088/4735141/Cardinal_Classic/100-Hurdles,TFRRS all_performances
"Miller, Elise",Stanford,ACC,100H,2023,2,,,14.30,s,Stanford Invitational,2023-03-31,,,1.7,Outdoor,https://www.tfrrs.org/results/77089/4767538/Stanford_Invitational/100-Hurdles,TFRRS all_performances
"Romain, Madison",Stanford,ACC,100H,2023,1,,,15.60,s,Stanford Invitational,2023-03-31,,,0.9,Outdoor,https://www.tfrrs.org/results/77089/4767538/Stanford_Invitational/100-Hurdles,TFRRS all_performances
"Miller, Elise",Stanford,ACC,100H,2023,2,,,14.35,s,2023 Brutus Hamilton Multis,2023-04-06,,,0.6,Outdoor,https://www.tfrrs.org/results/77975/4794518/2023_Brutus_Hamilton_Multis/100-Hurdles,TFRRS all_performances
"Romain, Madison",Stanford,ACC,100H,2023,1,,,16.10,s,2023 Brutus Hamilton,2023-04-08,,,-0.9,Outdoor,https://www.tfrrs.org/results/77969/4799098/2023_Brutus_Hamilton/100-Hurdles,TFRRS all_performances
"Miller, Elise",Stanford,ACC,100H,2023,2,,,14.50,s,63rd Annual Mt. SAC Relays,2023-04-12,,,-0.2,Outdoor,https://www.tfrrs.org/results/77931/4827017/63rd_Annual_Mt_SAC_Relays/100-Hurdles,TFRRS all_performances
"Romain, Madison",Stanford,ACC,100H,2023,1,,,15.88,s,Payton Jordan Invitational,2023-04-21,,,-0.4,Outdoor,https://www.tfrrs.org/results/77607/4853742/Payton_Jordan_Invitational/100-Hurdles,TFRRS all_performances
"Romain, Madison",Stanford,ACC,100H,2023,1,,,15.14,s,The 128th Big Meet,2023-04-29,,,0.7,Outdoor,https://www.tfrrs.org/results/77976/4880241/The_128th_Big_Meet/100-Hurdles,TFRRS all_performances
"Pierre, Jada",Virginia,ACC,100H,2023,1,,,14.33,s,Raleigh Relays,2023-03-23,,,-0.9,Outdoor,https://www.tfrrs.org/results/78810/4756255/Raleigh_Relays/100-Hurdles,TFRRS all_performances
"Still, Alix",Virginia,ACC,100H,2023,3,,,13.75,s,2023 95th Clyde Littlefield Texas Relays,2023-03-29,,,0.8,Outdoor,https://www.tfrrs.org/results/77369/4784799/2023_95th_Clyde_Littlefield_Texas_Relays/100-Hurdles,TFRRS all_performances
"Pierre, Jada",Virginia,ACC,100H,2023,1,,,13.84,s,Virginia Quadrangular,2023-04-01,Final,3.0,4.4,Outdoor,https://www.tfrrs.org/results/79185/4766990/Virginia_Quadrangular/100-Hurdles,legacy_source_needs_review
"Pierre, Jada",Virginia,ACC,100H,2023,1,,,14.11,s,Spec Towns - Torrin Lawrence Invitational,2023-04-06,,,1.2,Outdoor,https://www.tfrrs.org/results/79636/4805207/Spec_Towns_-_Torrin_Lawrence_Invitational/100-Hurdles,TFRRS all_performances
"Pierre, Jada",Virginia,ACC,100H,2023,1,,,13.73,s,Virginia Grand Prix,2023-04-15,,,0.4,Outdoor,https://www.tfrrs.org/results/80039/4825722/Virginia_Grand_Prix/100-Hurdles,TFRRS all_performances
"Still, Alix",Virginia,ACC,100H,2023,3,,,13.69,s,Virginia Grand Prix,2023-04-15,,,0.4,Outdoor,https://www.tfrrs.org/results/80039/4825722/Virginia_Grand_Prix/100-Hurdles,TFRRS all_performances
"Pierre, Jada",Virginia,ACC,100H,2023,1,,,14.11,s,Virginia Challenge,2023-04-20,,,1.3,Outdoor,https://www.tfrrs.org/results/80367/4855104/Virginia_Challenge/100-Hurdles,TFRRS all_performances
"Still, Alix",Virginia,ACC,100H,2023,3,,,13.68,s,Virginia Challenge,2023-04-20,,,-0.1,Outdoor,https://www.tfrrs.org/results/80367/4855161/Virginia_Challenge/100-Hurdles,TFRRS all_performances
"Pierre, Jada",Virginia,ACC,100H,2023,1,,,14.65,s,Penn Relays,2023-04-27,,,-1.2,Outdoor,https://www.tfrrs.org/results/80814/4891283/Penn_Relays/100-Hurdles,TFRRS all_performances
"Pierre, Jada",Virginia,ACC,100H,2023,1,,,13.78,s,ACC Outdoor Track & Field Championships,2023-05-11,,,2.0,Outdoor,https://www.tfrrs.org/results/81191/4928846/ACC_Outdoor_Track__Field_Championships/100-Hurdles,TFRRS all_performances
"Still, Alix",Virginia,ACC,100H,2023,3,,,13.90,s,ACC Outdoor Track & Field Championships,2023-05-11,,,-0.3,Outdoor,https://www.tfrrs.org/results/81191/4928971/ACC_Outdoor_Track__Field_Championships/100-Hurdles,TFRRS all_performances
"Bonds, Talie",Arizona,Big 12,100H,2023,4,,,13.28,seconds,Island Relays Bahamas,2023-03-17,,,-3.2,Outdoor,https://www.tfrrs.org/results/78004/4735482/Island_Relays_Bahamas/100-Hurdles,TFRRS all_performances
"Bonds, Talie",Arizona,Big 12,100H,2023,4,,,13.80,seconds,Island Relays Bahamas,2023-03-17,,,-3.4,Outdoor,https://www.tfrrs.org/results/78004/4735482/Island_Relays_Bahamas/100-Hurdles,TFRRS all_performances
"Powers, Hollan",Arizona,Big 12,100H,2023,2,,,14.51,seconds,Island Relays Bahamas,2023-03-17,,,-3.2,Outdoor,https://www.tfrrs.org/results/78004/4735482/Island_Relays_Bahamas/100-Hurdles,TFRRS all_performances
"Powers, Hollan",Arizona,Big 12,100H,2023,2,,,15.41,seconds,Island Relays Bahamas,2023-03-17,,,-3.4,Outdoor,https://www.tfrrs.org/results/78004/4735482/Island_Relays_Bahamas/100-Hurdles,TFRRS all_performances
"Wise, Taylen",Arizona,Big 12,100H,2023,1,,,14.77,seconds,Island Relays Bahamas,2023-03-17,,,-3.0,Outdoor,https://www.tfrrs.org/results/78004/4735482/Island_Relays_Bahamas/100-Hurdles,TFRRS all_performances
"Wise, Taylen",Arizona,Big 12,100H,2023,1,,,18.08,seconds,Island Relays Bahamas,2023-03-17,,,-3.4,Outdoor,https://www.tfrrs.org/results/78004/4735482/Island_Relays_Bahamas/100-Hurdles,TFRRS all_performances
"Bonds, Talie",Arizona,Big 12,100H,2023,4,,,12.96,seconds,2023 Willie Williams Classic/Dave Murray Distance Carnival,2023-03-24,,,0.9,Outdoor,https://www.tfrrs.org/results/76355/4747851/_2023_Willie_Williams_Classic_Dave_Murray_Distance_Carnival/100-Hurdles,TFRRS all_performances
"Lewis, Ajaysha",Arizona,Big 12,100H,2023,3,,,14.36,seconds,2023 Willie Williams Classic/Dave Murray Distance Carnival,2023-03-24,,,0.9,Outdoor,https://www.tfrrs.org/results/76355/4747851/_2023_Willie_Williams_Classic_Dave_Murray_Distance_Carnival/100-Hurdles,TFRRS all_performances
"Sieben, Skylar",Arizona,Big 12,100H,2023,4,,,14.30,seconds,2023 Willie Williams Classic/Dave Murray Distance Carnival,2023-03-24,,,0.9,Outdoor,https://www.tfrrs.org/results/76355/4747851/_2023_Willie_Williams_Classic_Dave_Murray_Distance_Carnival/100-Hurdles,TFRRS all_performances
"Bonds, Talie",Arizona,Big 12,100H,2023,4,,,12.67,seconds,Jim Click Shootout 2023 Multi,2023-04-06,,,1.2,Outdoor,https://www.tfrrs.org/results/76356/4799478/_Jim_Click_Shootout_2023_Multi/100-Hurdles,TFRRS all_performances
"Lewis, Ajaysha",Arizona,Big 12,100H,2023,3,,,13.99,seconds,Jim Click Shootout 2023 Multi,2023-04-06,,,1.2,Outdoor,https://www.tfrrs.org/results/76356/4799478/_Jim_Click_Shootout_2023_Multi/100-Hurdles,TFRRS all_performances
"Powers, Hollan",Arizona,Big 12,100H,2023,2,,,14.42,seconds,Jim Click Shootout 2023 Multi,2023-04-06,,,0.3,Outdoor,https://www.tfrrs.org/results/76356/4799471/_Jim_Click_Shootout_2023_Multi/100-Hurdles,TFRRS all_performances
"Sieben, Skylar",Arizona,Big 12,100H,2023,4,,,14.19,seconds,Jim Click Shootout 2023 Multi,2023-04-06,,,0.6,Outdoor,https://www.tfrrs.org/results/76356/4799471/_Jim_Click_Shootout_2023_Multi/100-Hurdles,TFRRS all_performances
"Wise, Taylen",Arizona,Big 12,100H,2023,1,,,14.06,seconds,Jim Click Shootout 2023 Multi,2023-04-06,,,1.2,Outdoor,https://www.tfrrs.org/results/76356/4799478/_Jim_Click_Shootout_2023_Multi/100-Hurdles,TFRRS all_performances
"Bonds, Talie",Arizona,Big 12,100H,2023,,,,12.65,seconds,63rd Annual Mt. SAC Relays,2023-04-12,,,1.2,Outdoor,https://www.tfrrs.org/results/77931/4827081/63rd_Annual_Mt_SAC_Relays/100-Hurdles,TFRRS all_performances
"Lewis, Ajaysha",Arizona,Big 12,100H,2023,,,,14.43,seconds,63rd Annual Mt. SAC Relays,2023-04-12,,,0.7,Outdoor,https://www.tfrrs.org/results/77931/4827017/63rd_Annual_Mt_SAC_Relays/100-Hurdles,TFRRS all_performances
"Powers, Hollan",Arizona,Big 12,100H,2023,,,,14.32,seconds,63rd Annual Mt. SAC Relays,2023-04-12,,,0.1,Outdoor,https://www.tfrrs.org/results/77931/4827017/63rd_Annual_Mt_SAC_Relays/100-Hurdles,TFRRS all_performances
"Sieben, Skylar",Arizona,Big 12,100H,2023,,,,14.61,seconds,63rd Annual Mt. SAC Relays,2023-04-12,,,1.5,Outdoor,https://www.tfrrs.org/results/77931/4827017/63rd_Annual_Mt_SAC_Relays/100-Hurdles,TFRRS all_performances
"Bonds, Talie",Arizona,Big 12,100H,2023,4,,,12.95,seconds,Desert Heat Classic 2023,2023-04-29,,,-1.5,Outdoor,https://www.tfrrs.org/results/76358/4881904/_Desert_Heat_Classic_2023/100-Hurdles,TFRRS all_performances
"Lewis, Ajaysha",Arizona,Big 12,100H,2023,3,,,13.90,seconds,Desert Heat Classic 2023,2023-04-29,,,0.5,Outdoor,https://www.tfrrs.org/results/76358/4881904/_Desert_Heat_Classic_2023/100-Hurdles,TFRRS all_performances
"Powers, Hollan",Arizona,Big 12,100H,2023,2,,,14.33,seconds,Desert Heat Classic 2023,2023-04-29,,,0.3,Outdoor,https://www.tfrrs.org/results/76358/4881904/_Desert_Heat_Classic_2023/100-Hurdles,TFRRS all_performances
"Wise, Taylen",Arizona,Big 12,100H,2023,1,,,14.17,seconds,Desert Heat Classic 2023,2023-04-29,,,0.5,Outdoor,https://www.tfrrs.org/results/76358/4881904/_Desert_Heat_Classic_2023/100-Hurdles,TFRRS all_performances
"Bonds, Talie",Arizona,Big 12,100H,2023,4,,,12.75,seconds,Pac-12 Track & Field Championships,2023-05-12,,,-0.1,Outdoor,https://www.tfrrs.org/results/79702/4929178/Pac-12_Track__Field_Championships/100-Hurdles,TFRRS all_performances
"Bonds, Talie",Arizona,Big 12,100H,2023,4,,,12.75,seconds,Pac-12 Track & Field Championships,2023-05-12,,,1.8,Outdoor,https://www.tfrrs.org/results/79702/4929178/Pac-12_Track__Field_Championships/100-Hurdles,TFRRS all_performances
"Lewis, Ajaysha",Arizona,Big 12,100H,2023,3,,,14.08,seconds,Pac-12 Track & Field Championships,2023-05-12,,,1.8,Outdoor,https://www.tfrrs.org/results/79702/4929178/Pac-12_Track__Field_Championships/100-Hurdles,TFRRS all_performances
"Sieben, Skylar",Arizona,Big 12,100H,2023,4,,,14.35,seconds,Pac-12 Track & Field Championships,2023-05-12,,,1.2,Outdoor,https://www.tfrrs.org/results/79702/4929170/Pac-12_Track__Field_Championships/100-Hurdles,TFRRS all_performances
"Wise, Taylen",Arizona,Big 12,100H,2023,1,,,13.91,seconds,Pac-12 Track & Field Championships,2023-05-12,,,1.7,Outdoor,https://www.tfrrs.org/results/79702/4929178/Pac-12_Track__Field_Championships/100-Hurdles,TFRRS all_performances
"Wise, Taylen",Arizona,Big 12,100H,2023,1,,,14.54,seconds,Pac-12 Track & Field Championships,2023-05-12,,,-0.1,Outdoor,https://www.tfrrs.org/results/79702/4929178/Pac-12_Track__Field_Championships/100-Hurdles,TFRRS all_performances
"Bonds, Talie",Arizona,Big 12,100H,2023,4,,,12.72,seconds,NCAA West Preliminary Round,2023-05-24,,,0.2,Outdoor,https://www.tfrrs.org/results/81275/4936756/NCAA_West_Preliminary_Round/100-Hurdles,TFRRS all_performances
"Bonds, Talie",Arizona,Big 12,100H,2023,4,,,12.86,seconds,NCAA West Preliminary Round,2023-05-24,,,0.8,Outdoor,https://www.tfrrs.org/results/81275/4936756/NCAA_West_Preliminary_Round/100-Hurdles,TFRRS all_performances
"Bonds, Talie",Arizona,Big 12,100H,2023,4,,,12.75,seconds,NCAA Division I Outdoor Track & Field Championships,2023-06-07,,,+0.0,Outdoor,https://www.tfrrs.org/results/81300/4938114/NCAA_Division_I_Outdoor_Track__Field_Championships/100-Hurdles,TFRRS all_performances
"Tabugbo, Adaobi",BYU,Big 12,100H,2023,3,,,13.63,seconds,Cardinal Classic,2023-03-18,,,-0.2,Outdoor,https://www.tfrrs.org/results/77088/4735141/Cardinal_Classic/100-Hurdles,TFRRS all_performances
"Blackmon, Christina",BYU,Big 12,100H,2023,3,,,16.55,seconds,44th Aztec Invitational,2023-03-23,,,-1.3,Outdoor,https://www.tfrrs.org/results/77705/4749105/44th_Aztec_Invitational/100-Hurdles,TFRRS all_performances
"Bonds, Zoey",BYU,Big 12,100H,2023,1,,,14.73,seconds,44th Aztec Invitational,2023-03-23,,,-1.3,Outdoor,https://www.tfrrs.org/results/77705/4749105/44th_Aztec_Invitational/100-Hurdles,TFRRS all_performances
"Eaton , Madelyn",BYU,Big 12,100H,2023,3,,,15.61,seconds,44th Aztec Invitational,2023-03-23,,,-1.3,Outdoor,https://www.tfrrs.org/results/77705/4749105/44th_Aztec_Invitational/100-Hurdles,TFRRS all_performances
"Bonds, Zoey",BYU,Big 12,100H,2023,1,,,14.50,seconds,Bobcat Invitational 2023,2023-03-30,,,2.0,Outdoor,https://www.tfrrs.org/results/75304/4766852/Bobcat_Invitational_2023/100-Hurdles,TFRRS all_performances
"Blackmon, Christina",BYU,Big 12,100H,2023,3,,,16.30,seconds,2023 Utah-WSU Spring Classic,2023-04-07,,,-1.9,Outdoor,https://www.tfrrs.org/results/78325/4800299/2023_Utah-WSU_Spring_Classic/100-Hurdles,TFRRS all_performances
"Boggess, Meredith",BYU,Big 12,100H,2023,1,,,16.07,seconds,2023 Utah-WSU Spring Classic,2023-04-07,,,-1.9,Outdoor,https://www.tfrrs.org/results/78325/4800299/2023_Utah-WSU_Spring_Classic/100-Hurdles,TFRRS all_performances
"Chenn, Eva",BYU,Big 12,100H,2023,1,,,16.91,seconds,2023 Utah-WSU Spring Classic,2023-04-07,,,0.3,Outdoor,https://www.tfrrs.org/results/78325/4800299/2023_Utah-WSU_Spring_Classic/100-Hurdles,TFRRS all_performances
"Eaton , Madelyn",BYU,Big 12,100H,2023,3,,,15.40,seconds,2023 Utah-WSU Spring Classic,2023-04-07,,,-1.9,Outdoor,https://www.tfrrs.org/results/78325/4800299/2023_Utah-WSU_Spring_Classic/100-Hurdles,TFRRS all_performances
"Lord, Tori",BYU,Big 12,100H,2023,1,,,16.14,seconds,2023 Utah-WSU Spring Classic,2023-04-07,,,-0.6,Outdoor,https://www.tfrrs.org/results/78325/4800299/2023_Utah-WSU_Spring_Classic/100-Hurdles,TFRRS all_performances
"Middleton, Lindsey",BYU,Big 12,100H,2023,2,,,14.61,seconds,Trojan Invite,2023-04-07,,,0.6,Outdoor,https://www.tfrrs.org/results/76990/4797075/Trojan_Invite/100-Hurdles,TFRRS all_performances
"Tabugbo, Adaobi",BYU,Big 12,100H,2023,3,,,13.44,seconds,Trojan Invite,2023-04-07,,,0.9,Outdoor,https://www.tfrrs.org/results/76990/4797075/Trojan_Invite/100-Hurdles,TFRRS all_performances
"Bonds, Zoey",BYU,Big 12,100H,2023,1,,,14.50,seconds,Beach Invitational 2023,2023-04-14,,,1.9,Outdoor,https://www.tfrrs.org/results/77073/4826828/Beach_Invitational_2023/100-Hurdles,TFRRS all_performances
"Eaton , Madelyn",BYU,Big 12,100H,2023,3,,,15.51,seconds,Beach Invitational 2023,2023-04-14,,,1.7,Outdoor,https://www.tfrrs.org/results/77073/4826828/Beach_Invitational_2023/100-Hurdles,TFRRS all_performances
"Lord, Tori",BYU,Big 12,100H,2023,1,,,16.11,seconds,Beach Invitational 2023,2023-04-14,,,1.7,Outdoor,https://www.tfrrs.org/results/77073/4826828/Beach_Invitational_2023/100-Hurdles,TFRRS all_performances
"Boggess, Meredith",BYU,Big 12,100H,2023,1,,,16.05,seconds,2023 BYU Robison Invitational,2023-04-19,,,1.6,Outdoor,https://www.tfrrs.org/results/80716/4897851/2023_BYU_Robison_Invitational/100-Hurdles,TFRRS all_performances
"Lord, Tori",BYU,Big 12,100H,2023,,,,15.97,seconds,2023 BYU Robison Invitational,2023-04-19,,,1.6,Outdoor,https://www.tfrrs.org/results/80716/4897851/2023_BYU_Robison_Invitational/100-Hurdles,TFRRS all_performances
"Middleton, Lindsey",BYU,Big 12,100H,2023,2,,,14.04,seconds,2023 BYU Robison Invitational,2023-04-19,,,1.0,Outdoor,https://www.tfrrs.org/results/80716/4897823/2023_BYU_Robison_Invitational/100-Hurdles,TFRRS all_performances
"Middleton, Lindsey",BYU,Big 12,100H,2023,2,,,14.05,seconds,2023 BYU Robison Invitational,2023-04-19,,,2.0,Outdoor,https://www.tfrrs.org/results/80716/4897823/2023_BYU_Robison_Invitational/100-Hurdles,TFRRS all_performances
"Bonds, Zoey",BYU,Big 12,100H,2023,1,,,14.20,seconds,Desert Heat Classic 2023,2023-04-29,,,0.3,Outdoor,https://www.tfrrs.org/results/76358/4881904/_Desert_Heat_Classic_2023/100-Hurdles,TFRRS all_performances
"Chenn, Eva",BYU,Big 12,100H,2023,1,,,16.41,seconds,Desert Heat Classic 2023,2023-04-29,,,0.4,Outdoor,https://www.tfrrs.org/results/76358/4881904/_Desert_Heat_Classic_2023/100-Hurdles,TFRRS all_performances
"Eaton , Madelyn",BYU,Big 12,100H,2023,3,,,15.39,seconds,Desert Heat Classic 2023,2023-04-29,,,0.4,Outdoor,https://www.tfrrs.org/results/76358/4881904/_Desert_Heat_Classic_2023/100-Hurdles,TFRRS all_performances
"Lord, Tori",BYU,Big 12,100H,2023,1,,,15.57,seconds,Desert Heat Classic 2023,2023-04-29,,,0.4,Outdoor,https://www.tfrrs.org/results/76358/4881904/_Desert_Heat_Classic_2023/100-Hurdles,TFRRS all_performances
"Middleton, Lindsey",BYU,Big 12,100H,2023,2,,,14.15,seconds,Desert Heat Classic 2023,2023-04-29,,,0.5,Outdoor,https://www.tfrrs.org/results/76358/4881904/_Desert_Heat_Classic_2023/100-Hurdles,TFRRS all_performances
"Tabugbo, Adaobi",BYU,Big 12,100H,2023,3,,,13.92,seconds,Desert Heat Classic 2023,2023-04-29,,,-1.5,Outdoor,https://www.tfrrs.org/results/76358/4881904/_Desert_Heat_Classic_2023/100-Hurdles,TFRRS all_performances
"Bonds, Zoey",BYU,Big 12,100H,2023,1,,,14.27,seconds,2023 BYU Westminster Dual,2023-05-03,,,-1.2,Outdoor,https://www.tfrrs.org/results/81019/4914401/2023_BYU_Westminster_Dual/100-Hurdles,TFRRS all_performances
"Chenn, Eva",BYU,Big 12,100H,2023,,,,16.51,seconds,2023 BYU Westminster Dual,2023-05-03,,,-1.2,Outdoor,https://www.tfrrs.org/results/81019/4914401/2023_BYU_Westminster_Dual/100-Hurdles,TFRRS all_performances
"Lord, Tori",BYU,Big 12,100H,2023,,,,16.18,seconds,2023 BYU Westminster Dual,2023-05-03,,,-1.2,Outdoor,https://www.tfrrs.org/results/81019/4914401/2023_BYU_Westminster_Dual/100-Hurdles,TFRRS all_performances
"Chenn, Eva",BYU,Big 12,100H,2023,,,,16.09,seconds,BYU Cougar Invitational,2023-05-12,,,+0.0,Outdoor,https://www.tfrrs.org/results/81215/4928571/BYU_Cougar_Invitational/100-Hurdles,TFRRS all_performances
"Lord, Tori",BYU,Big 12,100H,2023,,,,15.47,seconds,BYU Cougar Invitational,2023-05-12,,,+0.0,Outdoor,https://www.tfrrs.org/results/81215/4928571/BYU_Cougar_Invitational/100-Hurdles,TFRRS all_performances
"Tabugbo, Adaobi",BYU,Big 12,100H,2023,3,,,13.29,seconds,NCAA West Preliminary Round,2023-05-24,,,0.8,Outdoor,https://www.tfrrs.org/results/81275/4936756/NCAA_West_Preliminary_Round/100-Hurdles,TFRRS all_performances
"Tabugbo, Adaobi",BYU,Big 12,100H,2023,3,,,13.33,seconds,NCAA West Preliminary Round,2023-05-24,,,0.8,Outdoor,https://www.tfrrs.org/results/81275/4936756/NCAA_West_Preliminary_Round/100-Hurdles,TFRRS all_performances
"Fisher, Kiersten",Iowa State,Big 12,100H,2023,1,,,14.40,seconds,UCF Black and Gold Invite,2023-03-17,,,1.0,Outdoor,https://www.tfrrs.org/results/77632/4732613/UCF_Black_and_Gold_Invite/100-Hurdles,TFRRS all_performances
"Ruffener, Katie",Iowa State,Big 12,100H,2023,1,,,14.63,seconds,UCF Black and Gold Invite,2023-03-17,,,1.0,Outdoor,https://www.tfrrs.org/results/77632/4732613/UCF_Black_and_Gold_Invite/100-Hurdles,TFRRS all_performances
"Cinnamo, Ava",Iowa State,Big 12,100H,2023,1,,,14.81,seconds,44th Aztec Invitational,2023-03-23,,,1.2,Outdoor,https://www.tfrrs.org/results/77705/4759767/44th_Aztec_Invitational/100-Hurdles,TFRRS all_performances
"Fisher, Kiersten",Iowa State,Big 12,100H,2023,1,,,14.62,seconds,44th Aztec Invitational,2023-03-23,,,0.4,Outdoor,https://www.tfrrs.org/results/77705/4759767/44th_Aztec_Invitational/100-Hurdles,TFRRS all_performances
"Willits, Sydney",Iowa State,Big 12,100H,2023,2,,,14.68,seconds,44th Aztec Invitational,2023-03-23,,,-1.3,Outdoor,https://www.tfrrs.org/results/77705/4759767/44th_Aztec_Invitational/100-Hurdles,TFRRS all_performances
"Carney, Mackenzie",Iowa State,Big 12,100H,2023,1,,,14.87,seconds,Dutch Invitational 2023,2023-04-07,,,1.1,Outdoor,https://www.tfrrs.org/results/78498/4794615/Dutch_Invitational_2023/100-Hurdles,TFRRS all_performances
"Cinnamo, Ava",Iowa State,Big 12,100H,2023,1,,,14.64,seconds,Dutch Invitational 2023,2023-04-07,,,1.1,Outdoor,https://www.tfrrs.org/results/78498/4794615/Dutch_Invitational_2023/100-Hurdles,TFRRS all_performances
"Gubbels, Kailynn",Iowa State,Big 12,100H,2023,1,,,15.27,seconds,Dutch Invitational 2023,2023-04-07,,,1.1,Outdoor,https://www.tfrrs.org/results/78498/4794615/Dutch_Invitational_2023/100-Hurdles,TFRRS all_performances
"Ruffener, Katie",Iowa State,Big 12,100H,2023,1,,,14.17,seconds,Dutch Invitational 2023,2023-04-07,,,1.1,Outdoor,https://www.tfrrs.org/results/78498/4794615/Dutch_Invitational_2023/100-Hurdles,TFRRS all_performances
"Willits, Sydney",Iowa State,Big 12,100H,2023,2,,,17.26,seconds,Dutch Invitational 2023,2023-04-07,,,1.1,Outdoor,https://www.tfrrs.org/results/78498/4794615/Dutch_Invitational_2023/100-Hurdles,TFRRS all_performances
"Fisher, Kiersten",Iowa State,Big 12,100H,2023,1,,,14.26,seconds,2023 Bryan Clay Invitational,2023-04-13,,,0.9,Outdoor,https://www.tfrrs.org/results/76221/4898410/2023_Bryan_Clay_Invitational/100-Hurdles,TFRRS all_performances
"Gubbels, Kailynn",Iowa State,Big 12,100H,2023,1,,,15.20,seconds,2023 Bryan Clay Invitational,2023-04-13,,,0.9,Outdoor,https://www.tfrrs.org/results/76221/4898410/2023_Bryan_Clay_Invitational/100-Hurdles,TFRRS all_performances
"Willits, Sydney",Iowa State,Big 12,100H,2023,2,,,14.55,seconds,2023 Bryan Clay Invitational,2023-04-13,,,0.7,Outdoor,https://www.tfrrs.org/results/76221/4898410/2023_Bryan_Clay_Invitational/100-Hurdles,TFRRS all_performances
"Hall, Kaylyn",Iowa State,Big 12,100H,2023,4,,,13.23,seconds,Beach Invitational 2023,2023-04-14,,,1.4,Outdoor,https://www.tfrrs.org/results/77073/4826828/Beach_Invitational_2023/100-Hurdles,TFRRS all_performances
"Vlahovic, Katarina",Iowa State,Big 12,100H,2023,4,,,13.77,seconds,Beach Invitational 2023,2023-04-14,,,1.4,Outdoor,https://www.tfrrs.org/results/77073/4826828/Beach_Invitational_2023/100-Hurdles,TFRRS all_performances
"Fisher, Kiersten",Iowa State,Big 12,100H,2023,1,,,14.62,seconds,Drake Relays,2023-04-26,,,-1.3,Outdoor,https://www.tfrrs.org/results/80800/4890218/Drake_Relays/100-Hurdles,TFRRS all_performances
"Hall, Kaylyn",Iowa State,Big 12,100H,2023,4,,,13.12,seconds,Drake Relays,2023-04-26,,,0.6,Outdoor,https://www.tfrrs.org/results/80800/4890173/Drake_Relays/100-Hurdles,TFRRS all_performances
"Hall, Kaylyn",Iowa State,Big 12,100H,2023,4,,,13.16,seconds,Drake Relays,2023-04-26,,,0.4,Outdoor,https://www.tfrrs.org/results/80800/4890173/Drake_Relays/100-Hurdles,TFRRS all_performances
"Ruffener, Katie",Iowa State,Big 12,100H,2023,1,,,14.18,seconds,Drake Relays,2023-04-26,,,1.9,Outdoor,https://www.tfrrs.org/results/80800/4890173/Drake_Relays/100-Hurdles,TFRRS all_performances
"Vlahovic, Katarina",Iowa State,Big 12,100H,2023,4,,,14.01,seconds,Drake Relays,2023-04-26,,,-0.7,Outdoor,https://www.tfrrs.org/results/80800/4890173/Drake_Relays/100-Hurdles,TFRRS all_performances
"Carney, Mackenzie",Iowa State,Big 12,100H,2023,1,,,14.65,seconds,Iowa State Alumni Meet,2023-05-06,,,1.2,Outdoor,https://www.tfrrs.org/results/81059/4909052/Iowa_State_Alumni_Meet/100-Hurdles,TFRRS all_performances
"Fisher, Kiersten",Iowa State,Big 12,100H,2023,1,,,14.08,seconds,Iowa State Alumni Meet,2023-05-06,,,1.2,Outdoor,https://www.tfrrs.org/results/81059/4909052/Iowa_State_Alumni_Meet/100-Hurdles,TFRRS all_performances
"Gubbels, Kailynn",Iowa State,Big 12,100H,2023,1,,,14.51,seconds,Iowa State Alumni Meet,2023-05-06,,,0.7,Outdoor,https://www.tfrrs.org/results/81059/4909051/Iowa_State_Alumni_Meet/100-Hurdles,TFRRS all_performances
"Gubbels, Kailynn",Iowa State,Big 12,100H,2023,1,,,14.70,seconds,Iowa State Alumni Meet,2023-05-06,,,1.2,Outdoor,https://www.tfrrs.org/results/81059/4909052/Iowa_State_Alumni_Meet/100-Hurdles,TFRRS all_performances
"Ruffener, Katie",Iowa State,Big 12,100H,2023,1,,,14.22,seconds,Iowa State Alumni Meet,2023-05-06,,,1.2,Outdoor,https://www.tfrrs.org/results/81059/4909052/Iowa_State_Alumni_Meet/100-Hurdles,TFRRS all_performances
"Vlahovic, Katarina",Iowa State,Big 12,100H,2023,4,,,13.45,seconds,Iowa State Alumni Meet,2023-05-06,,,1.2,Outdoor,https://www.tfrrs.org/results/81059/4909052/Iowa_State_Alumni_Meet/100-Hurdles,TFRRS all_performances
"Fisher, Kiersten",Iowa State,Big 12,100H,2023,1,,,14.00,seconds,Big 12 Outdoor Track & Field Championships,2023-05-12,,,1.3,Outdoor,https://www.tfrrs.org/results/79703/4928893/Big_12_Outdoor_Track__Field_Championships/100-Hurdles,TFRRS all_performances
"Hall, Kaylyn",Iowa State,Big 12,100H,2023,4,,,13.17,seconds,Big 12 Outdoor Track & Field Championships,2023-05-12,,,1.0,Outdoor,https://www.tfrrs.org/results/79703/4926697/Big_12_Outdoor_Track__Field_Championships/100-Hurdles,TFRRS all_performances
"Hall, Kaylyn",Iowa State,Big 12,100H,2023,4,,,13.31,seconds,Big 12 Outdoor Track & Field Championships,2023-05-12,,,-0.2,Outdoor,https://www.tfrrs.org/results/79703/4926697/Big_12_Outdoor_Track__Field_Championships/100-Hurdles,TFRRS all_performances
"Ruffener, Katie",Iowa State,Big 12,100H,2023,1,,,14.00,seconds,Big 12 Outdoor Track & Field Championships,2023-05-12,,,-0.2,Outdoor,https://www.tfrrs.org/results/79703/4926697/Big_12_Outdoor_Track__Field_Championships/100-Hurdles,TFRRS all_performances
"Ruffener, Katie",Iowa State,Big 12,100H,2023,1,,,14.12,seconds,Big 12 Outdoor Track & Field Championships,2023-05-12,,,1.0,Outdoor,https://www.tfrrs.org/results/79703/4926697/Big_12_Outdoor_Track__Field_Championships/100-Hurdles,TFRRS all_performances
"Vlahovic, Katarina",Iowa State,Big 12,100H,2023,4,,,13.61,seconds,Big 12 Outdoor Track & Field Championships,2023-05-12,,,1.0,Outdoor,https://www.tfrrs.org/results/79703/4926697/Big_12_Outdoor_Track__Field_Championships/100-Hurdles,TFRRS all_performances
"Willits, Sydney",Iowa State,Big 12,100H,2023,2,,,13.93,seconds,Big 12 Outdoor Track & Field Championships,2023-05-12,,,1.3,Outdoor,https://www.tfrrs.org/results/79703/4928893/Big_12_Outdoor_Track__Field_Championships/100-Hurdles,TFRRS all_performances
"Hall, Kaylyn",Iowa State,Big 12,100H,2023,4,,,13.30,seconds,NCAA West Preliminary Round,2023-05-24,,,0.8,Outdoor,https://www.tfrrs.org/results/81275/4936756/NCAA_West_Preliminary_Round/100-Hurdles,TFRRS all_performances
"Hall, Kaylyn",Iowa State,Big 12,100H,2023,4,,,13.39,seconds,NCAA West Preliminary Round,2023-05-24,,,0.5,Outdoor,https://www.tfrrs.org/results/81275/4936756/NCAA_West_Preliminary_Round/100-Hurdles,TFRRS all_performances
"Vlahovic, Katarina",Iowa State,Big 12,100H,2023,4,,,13.69,seconds,NCAA West Preliminary Round,2023-05-24,,,-1.7,Outdoor,https://www.tfrrs.org/results/81275/4936756/NCAA_West_Preliminary_Round/100-Hurdles,TFRRS all_performances
"Krebs, Naomi",Texas Tech,Big 12,100H,2023,1,,,13.70,seconds,TTU Masked Rider,2023-03-24,,,-0.1,Outdoor,https://www.tfrrs.org/results/78880/4748698/TTU_Masked_Rider/100-Hurdles,TFRRS all_performances
"Krebs, Naomi",Texas Tech,Big 12,100H,2023,1,,,13.84,seconds,UF Tom Jones Memorial,2023-04-14,,,-1.0,Outdoor,https://www.tfrrs.org/results/78102/4824428/UF_Tom_Jones_Memorial/100-Hurdles,TFRRS all_performances
"Roswell, Demisha",Texas Tech,Big 12,100H,2023,4,,,13.11,seconds,UF Tom Jones Memorial,2023-04-14,,,1.6,Outdoor,https://www.tfrrs.org/results/78102/4824428/UF_Tom_Jones_Memorial/100-Hurdles,TFRRS all_performances
"Watkins, Simone",Texas Tech,Big 12,100H,2023,3,,,13.85,seconds,UF Tom Jones Memorial,2023-04-14,,,1.6,Outdoor,https://www.tfrrs.org/results/78102/4824428/UF_Tom_Jones_Memorial/100-Hurdles,TFRRS all_performances
"Krebs, Naomi",Texas Tech,Big 12,100H,2023,1,,,13.31,seconds,Michael Johnson Invitational,2023-04-21,,,1.1,Outdoor,https://www.tfrrs.org/results/75342/4853618/Michael_Johnson_Invitational/100-Hurdles,TFRRS all_performances
"Krebs, Naomi",Texas Tech,Big 12,100H,2023,1,,,13.47,seconds,Michael Johnson Invitational,2023-04-21,,,-1.0,Outdoor,https://www.tfrrs.org/results/75342/4853618/Michael_Johnson_Invitational/100-Hurdles,TFRRS all_performances
"Roswell, Demisha",Texas Tech,Big 12,100H,2023,4,,,12.84,seconds,Michael Johnson Invitational,2023-04-21,,,1.1,Outdoor,https://www.tfrrs.org/results/75342/4853618/Michael_Johnson_Invitational/100-Hurdles,TFRRS all_performances
"Roswell, Demisha",Texas Tech,Big 12,100H,2023,4,,,13.20,seconds,Michael Johnson Invitational,2023-04-21,,,-0.2,Outdoor,https://www.tfrrs.org/results/75342/4853618/Michael_Johnson_Invitational/100-Hurdles,TFRRS all_performances
"Krebs, Naomi",Texas Tech,Big 12,100H,2023,1,,,13.33,seconds,Big 12 Outdoor Track & Field Championships,2023-05-12,,,1.0,Outdoor,https://www.tfrrs.org/results/79703/4926697/Big_12_Outdoor_Track__Field_Championships/100-Hurdles,TFRRS all_performances
"Krebs, Naomi",Texas Tech,Big 12,100H,2023,1,,,13.59,seconds,Big 12 Outdoor Track & Field Championships,2023-05-12,,,-0.2,Outdoor,https://www.tfrrs.org/results/79703/4926697/Big_12_Outdoor_Track__Field_Championships/100-Hurdles,TFRRS all_performances
"Roswell, Demisha",Texas Tech,Big 12,100H,2023,4,,,13.02,seconds,Big 12 Outdoor Track & Field Championships,2023-05-12,,,1.0,Outdoor,https://www.tfrrs.org/results/79703/4926697/Big_12_Outdoor_Track__Field_Championships/100-Hurdles,TFRRS all_performances
"Krebs, Naomi",Texas Tech,Big 12,100H,2023,1,,,13.54,seconds,NCAA West Preliminary Round,2023-05-24,,,1.5,Outdoor,https://www.tfrrs.org/results/81275/4936756/NCAA_West_Preliminary_Round/100-Hurdles,TFRRS all_performances
"Roswell, Demisha",Texas Tech,Big 12,100H,2023,4,,,12.77,seconds,NCAA West Preliminary Round,2023-05-24,,,0.8,Outdoor,https://www.tfrrs.org/results/81275/4936756/NCAA_West_Preliminary_Round/100-Hurdles,TFRRS all_performances
"Roswell, Demisha",Texas Tech,Big 12,100H,2023,4,,,13.04,seconds,NCAA West Preliminary Round,2023-05-24,,,0.5,Outdoor,https://www.tfrrs.org/results/81275/4936756/NCAA_West_Preliminary_Round/100-Hurdles,TFRRS all_performances
"Roswell, Demisha",Texas Tech,Big 12,100H,2023,4,,,12.99,seconds,NCAA Division I Outdoor Track & Field Championships,2023-06-07,,,0.2,Outdoor,https://www.tfrrs.org/results/81300/4938114/NCAA_Division_I_Outdoor_Track__Field_Championships/100-Hurdles,TFRRS all_performances
"Stoughton, Danni",Illinois,Big Ten,100H,2023,3,,,15.11,seconds,RaferJohnson/Jackie Joyner-Kersee Collegiate,2023-03-25,,,-0.5,Outdoor,https://www.tfrrs.org/results/78348/4749341/RaferJohnson_Jackie_Joyner-Kersee_Collegiate/100-Hurdles,TFRRS all_performances
"Weaver, Kionnah",Illinois,Big Ten,100H,2023,4,,,13.83,seconds,RaferJohnson/Jackie Joyner-Kersee Collegiate,2023-03-25,,,-2.4,Outdoor,https://www.tfrrs.org/results/78348/4749341/RaferJohnson_Jackie_Joyner-Kersee_Collegiate/100-Hurdles,TFRRS all_performances
"Rivers, Macee",Illinois,Big Ten,100H,2023,1,,,13.94,seconds,Fighting Illini Challenge,2023-04-08,,,0.3,Outdoor,https://www.tfrrs.org/results/77863/4798934/Fighting_Illini_Challenge/100-Hurdles,TFRRS all_performances
"Stoughton, Danni",Illinois,Big Ten,100H,2023,3,,,15.93,seconds,2023 Bryan Clay Invitational,2023-04-13,,,0.9,Outdoor,https://www.tfrrs.org/results/76221/4898410/2023_Bryan_Clay_Invitational/100-Hurdles,TFRRS all_performances
"Rivers, Macee",Illinois,Big Ten,100H,2023,1,,,13.83,seconds,Gary Wieneke Memorial,2023-04-21,,,2.0,Outdoor,https://www.tfrrs.org/results/78093/4849043/Gary_Wieneke_Memorial/100-Hurdles,TFRRS all_performances
"Weaver, Kionnah",Illinois,Big Ten,100H,2023,4,,,13.66,seconds,Gary Wieneke Memorial,2023-04-21,,,2.0,Outdoor,https://www.tfrrs.org/results/78093/4849043/Gary_Wieneke_Memorial/100-Hurdles,TFRRS all_performances
"Weaver, Kionnah",Illinois,Big Ten,100H,2023,4,,,13.79,seconds,Big Ten Outdoor Championships,2023-05-12,,,0.5,Outdoor,https://www.tfrrs.org/results/81218/4928779/Big_Ten_Outdoor_Championships/100-Hurdles,TFRRS all_performances
"Ilves, Johanna",Nebraska,Big Ten,100H,2023,3,,,13.88,seconds,Bobcat Invitational 2023,2023-03-30,,,0.8,Outdoor,https://www.tfrrs.org/results/75304/4766852/Bobcat_Invitational_2023/100-Hurdles,TFRRS all_performances
"Ilves, Johanna",Nebraska,Big Ten,100H,2023,3,,,13.50,seconds,Jim Click Shootout 2023 Multi,2023-04-06,,,1.2,Outdoor,https://www.tfrrs.org/results/76356/4799478/_Jim_Click_Shootout_2023_Multi/100-Hurdles,TFRRS all_performances
"Myers, Kerrigan",Nebraska,Big Ten,100H,2023,3,,,13.95,seconds,Jim Click Shootout 2023 Multi,2023-04-06,,,1.2,Outdoor,https://www.tfrrs.org/results/76356/4799478/_Jim_Click_Shootout_2023_Multi/100-Hurdles,TFRRS all_performances
"Myers, Kerrigan",Nebraska,Big Ten,100H,2023,3,,,14.07,seconds,Jim Click Shootout 2023 Multi,2023-04-06,,,0.6,Outdoor,https://www.tfrrs.org/results/76356/4799471/_Jim_Click_Shootout_2023_Multi/100-Hurdles,TFRRS all_performances
"Scholl, Madi",Nebraska,Big Ten,100H,2023,4,,,15.14,seconds,Jim Click Shootout 2023 Multi,2023-04-06,,,0.3,Outdoor,https://www.tfrrs.org/results/76356/4799471/_Jim_Click_Shootout_2023_Multi/100-Hurdles,TFRRS all_performances
"Wanjoku, Favour",Nebraska,Big Ten,100H,2023,2,,,15.64,seconds,Jim Click Shootout 2023 Multi,2023-04-06,,,0.3,Outdoor,https://www.tfrrs.org/results/76356/4799471/_Jim_Click_Shootout_2023_Multi/100-Hurdles,TFRRS all_performances
"Ilves, Johanna",Nebraska,Big Ten,100H,2023,3,,,13.73,seconds,Michael Johnson Invitational,2023-04-21,,,0.3,Outdoor,https://www.tfrrs.org/results/75342/4853618/Michael_Johnson_Invitational/100-Hurdles,TFRRS all_performances
"Myers, Kerrigan",Nebraska,Big Ten,100H,2023,3,,,14.21,seconds,Michael Johnson Invitational,2023-04-21,,,-0.2,Outdoor,https://www.tfrrs.org/results/75342/4853618/Michael_Johnson_Invitational/100-Hurdles,TFRRS all_performances
"Ilves, Johanna",Nebraska,Big Ten,100H,2023,3,,,13.55,seconds,Drake Relays,2023-04-26,,,0.6,Outdoor,https://www.tfrrs.org/results/80800/4890173/Drake_Relays/100-Hurdles,TFRRS all_performances
"Ilves, Johanna",Nebraska,Big Ten,100H,2023,3,,,13.79,seconds,Drake Relays,2023-04-26,,,-0.7,Outdoor,https://www.tfrrs.org/results/80800/4890173/Drake_Relays/100-Hurdles,TFRRS all_performances
"Myers, Kerrigan",Nebraska,Big Ten,100H,2023,3,,,13.74,seconds,2023 Prairie Wolf Invite,2023-04-28,,,0.9,Outdoor,https://www.tfrrs.org/results/80799/4897507/2023_Prairie_Wolf_Invite/100-Hurdles,TFRRS all_performances
"Myers, Kerrigan",Nebraska,Big Ten,100H,2023,3,,,14.08,seconds,KSU Ward Haylett,2023-05-06,,,0.9,Outdoor,https://www.tfrrs.org/results/80148/4907666/KSU_Ward_Haylett/100-Hurdles,TFRRS all_performances
"Ilves, Johanna",Nebraska,Big Ten,100H,2023,3,,,13.46,seconds,Big Ten Outdoor Championships,2023-05-12,,,1.9,Outdoor,https://www.tfrrs.org/results/81218/4928779/Big_Ten_Outdoor_Championships/100-Hurdles,TFRRS all_performances
"Ilves, Johanna",Nebraska,Big Ten,100H,2023,3,,,13.64,seconds,Big Ten Outdoor Championships,2023-05-12,,,1.3,Outdoor,https://www.tfrrs.org/results/81218/4928779/Big_Ten_Outdoor_Championships/100-Hurdles,TFRRS all_performances
"Myers, Kerrigan",Nebraska,Big Ten,100H,2023,3,,,14.19,seconds,Big Ten Outdoor Championships,2023-05-12,,,1.0,Outdoor,https://www.tfrrs.org/results/81218/4928804/Big_Ten_Outdoor_Championships/100-Hurdles,TFRRS all_performances
"Ilves, Johanna",Nebraska,Big Ten,100H,2023,3,,,13.71,seconds,NCAA West Preliminary Round,2023-05-24,,,1.5,Outdoor,https://www.tfrrs.org/results/81275/4936756/NCAA_West_Preliminary_Round/100-Hurdles,TFRRS all_performances
"Bullock, Gianna",Oregon,Big Ten,100H,2023,2,,,14.74,seconds,44th Aztec Invitational,2023-03-23,,,-1.9,Outdoor,https://www.tfrrs.org/results/77705/4749105/44th_Aztec_Invitational/100-Hurdles,TFRRS all_performances
"Chocek, Taylor",Oregon,Big Ten,100H,2023,3,,,14.17,seconds,44th Aztec Invitational,2023-03-23,,,-1.5,Outdoor,https://www.tfrrs.org/results/77705/4749105/44th_Aztec_Invitational/100-Hurdles,TFRRS all_performances
"McCormick, Aaliyah",Oregon,Big Ten,100H,2023,1,,,13.23,seconds,44th Aztec Invitational,2023-03-23,,,-1.1,Outdoor,https://www.tfrrs.org/results/77705/4749105/44th_Aztec_Invitational/100-Hurdles,TFRRS all_performances
"Bullock, Gianna",Oregon,Big Ten,100H,2023,2,,,14.24,seconds,2023 Brutus Hamilton Multis,2023-04-06,,,-1.8,Outdoor,https://www.tfrrs.org/results/77975/4794518/2023_Brutus_Hamilton_Multis/100-Hurdles,TFRRS all_performances
"Uzoekwe, Colleen",Oregon,Big Ten,100H,2023,2,,,14.33,seconds,2023 Brutus Hamilton Multis,2023-04-06,,,0.6,Outdoor,https://www.tfrrs.org/results/77975/4794518/2023_Brutus_Hamilton_Multis/100-Hurdles,TFRRS all_performances
"Chocek, Taylor",Oregon,Big Ten,100H,2023,,,,13.87,seconds,63rd Annual Mt. SAC Relays,2023-04-12,,,0.7,Outdoor,https://www.tfrrs.org/results/77931/4948116/63rd_Annual_Mt_SAC_Relays/100-Hurdles,TFRRS all_performances
"McCormick, Aaliyah",Oregon,Big Ten,100H,2023,,,,13.03,seconds,63rd Annual Mt. SAC Relays,2023-04-12,,,1.3,Outdoor,https://www.tfrrs.org/results/77931/4827081/63rd_Annual_Mt_SAC_Relays/100-Hurdles,TFRRS all_performances
"Bullock, Gianna",Oregon,Big Ten,100H,2023,2,,,14.21,seconds,Desert Heat Classic 2023,2023-04-29,,,0.3,Outdoor,https://www.tfrrs.org/results/76358/4881904/_Desert_Heat_Classic_2023/100-Hurdles,TFRRS all_performances
"Chocek, Taylor",Oregon,Big Ten,100H,2023,3,,,13.89,seconds,Desert Heat Classic 2023,2023-04-29,,,0.5,Outdoor,https://www.tfrrs.org/results/76358/4881904/_Desert_Heat_Classic_2023/100-Hurdles,TFRRS all_performances
"McCormick, Aaliyah",Oregon,Big Ten,100H,2023,1,,,13.25,seconds,Desert Heat Classic 2023,2023-04-29,,,-1.5,Outdoor,https://www.tfrrs.org/results/76358/4881904/_Desert_Heat_Classic_2023/100-Hurdles,TFRRS all_performances
"Uzoekwe, Colleen",Oregon,Big Ten,100H,2023,2,,,13.87,seconds,Desert Heat Classic 2023,2023-04-29,,,0.3,Outdoor,https://www.tfrrs.org/results/76358/4881904/_Desert_Heat_Classic_2023/100-Hurdles,TFRRS all_performances
"Bullock, Gianna",Oregon,Big Ten,100H,2023,2,,,14.08,seconds,Pac-12 Track & Field Championships,2023-05-12,,,1.2,Outdoor,https://www.tfrrs.org/results/79702/4929170/Pac-12_Track__Field_Championships/100-Hurdles,TFRRS all_performances
"Chocek, Taylor",Oregon,Big Ten,100H,2023,3,,,14.00,seconds,Pac-12 Track & Field Championships,2023-05-12,,,1.9,Outdoor,https://www.tfrrs.org/results/79702/4929170/Pac-12_Track__Field_Championships/100-Hurdles,TFRRS all_performances
"McCormick, Aaliyah",Oregon,Big Ten,100H,2023,1,,,12.85,seconds,Pac-12 Track & Field Championships,2023-05-12,,,1.7,Outdoor,https://www.tfrrs.org/results/79702/4929178/Pac-12_Track__Field_Championships/100-Hurdles,TFRRS all_performances
"McCormick, Aaliyah",Oregon,Big Ten,100H,2023,1,,,13.06,seconds,Pac-12 Track & Field Championships,2023-05-12,,,-0.1,Outdoor,https://www.tfrrs.org/results/79702/4929178/Pac-12_Track__Field_Championships/100-Hurdles,TFRRS all_performances
"Uzoekwe, Colleen",Oregon,Big Ten,100H,2023,2,,,13.98,seconds,Pac-12 Track & Field Championships,2023-05-12,,,1.2,Outdoor,https://www.tfrrs.org/results/79702/4929170/Pac-12_Track__Field_Championships/100-Hurdles,TFRRS all_performances
"Smith, Jalaysiya",USC,Big Ten,100H,2023,2,,,13.59,seconds,44th Aztec Invitational,2023-03-23,,,-1.1,Outdoor,https://www.tfrrs.org/results/77705/4749105/44th_Aztec_Invitational/100-Hurdles,TFRRS all_performances
"Jones, Allie",USC,Big Ten,100H,2023,4,,,13.11,seconds,Pepsi Florida Relays,2023-03-31,,,1.8,Outdoor,https://www.tfrrs.org/results/77662/4765427/Pepsi_Florida_Relays/100-Hurdles,TFRRS all_performances
"Jones, Allie",USC,Big Ten,100H,2023,4,,,13.23,seconds,Pepsi Florida Relays,2023-03-31,,,1.6,Outdoor,https://www.tfrrs.org/results/77662/4765427/Pepsi_Florida_Relays/100-Hurdles,TFRRS all_performances
"Smith, Jalaysiya",USC,Big Ten,100H,2023,2,,,13.14,seconds,Pepsi Florida Relays,2023-03-31,,,1.8,Outdoor,https://www.tfrrs.org/results/77662/4765427/Pepsi_Florida_Relays/100-Hurdles,TFRRS all_performances
"Smith, Jalaysiya",USC,Big Ten,100H,2023,2,,,13.19,seconds,Pepsi Florida Relays,2023-03-31,,,1.6,Outdoor,https://www.tfrrs.org/results/77662/4765427/Pepsi_Florida_Relays/100-Hurdles,TFRRS all_performances
"Smith, Jalaysiya",USC,Big Ten,100H,2023,2,,,13.20,seconds,Trojan Invite,2023-04-07,,,0.9,Outdoor,https://www.tfrrs.org/results/76990/4797075/Trojan_Invite/100-Hurdles,TFRRS all_performances
"Jones, Allie",USC,Big Ten,100H,2023,,,,13.10,seconds,63rd Annual Mt. SAC Relays,2023-04-12,,,0.2,Outdoor,https://www.tfrrs.org/results/77931/4948116/63rd_Annual_Mt_SAC_Relays/100-Hurdles,TFRRS all_performances
"Smith, Jalaysiya",USC,Big Ten,100H,2023,,,,13.15,seconds,63rd Annual Mt. SAC Relays,2023-04-12,,,1.2,Outdoor,https://www.tfrrs.org/results/77931/4827081/63rd_Annual_Mt_SAC_Relays/100-Hurdles,TFRRS all_performances
"Bernard-Joseph, Breanna",USC,Big Ten,100H,2023,4,,,14.18,seconds,UCLA v USC Dual Meet,2023-04-30,,,1.5,Outdoor,https://www.tfrrs.org/results/78670/4889450/UCLA_v_USC_Dual_Meet/100-Hurdles,TFRRS all_performances
"Jones, Allie",USC,Big Ten,100H,2023,4,,,13.26,seconds,UCLA v USC Dual Meet,2023-04-30,,,1.5,Outdoor,https://www.tfrrs.org/results/78670/4889450/UCLA_v_USC_Dual_Meet/100-Hurdles,TFRRS all_performances
"Smith, Jalaysiya",USC,Big Ten,100H,2023,2,,,13.07,seconds,UCLA v USC Dual Meet,2023-04-30,,,1.5,Outdoor,https://www.tfrrs.org/results/78670/4889450/UCLA_v_USC_Dual_Meet/100-Hurdles,TFRRS all_performances
"Jones, Allie",USC,Big Ten,100H,2023,4,,,12.81,seconds,Pac-12 Track & Field Championships,2023-05-12,,,1.9,Outdoor,https://www.tfrrs.org/results/79702/4929170/Pac-12_Track__Field_Championships/100-Hurdles,TFRRS all_performances
"Smith, Jalaysiya",USC,Big Ten,100H,2023,2,,,12.93,seconds,Pac-12 Track & Field Championships,2023-05-12,,,1.7,Outdoor,https://www.tfrrs.org/results/79702/4929178/Pac-12_Track__Field_Championships/100-Hurdles,TFRRS all_performances
"Smith, Jalaysiya",USC,Big Ten,100H,2023,2,,,13.11,seconds,Pac-12 Track & Field Championships,2023-05-12,,,-0.1,Outdoor,https://www.tfrrs.org/results/79702/4929178/Pac-12_Track__Field_Championships/100-Hurdles,TFRRS all_performances
"Smith, Jalaysiya",USC,Big Ten,100H,2023,2,,,12.88,seconds,NCAA West Preliminary Round,2023-05-24,,,1.0,Outdoor,https://www.tfrrs.org/results/81275/4936756/NCAA_West_Preliminary_Round/100-Hurdles,TFRRS all_performances
"Eikeng, Ida",Washington,Big Ten,100H,2023,3,,,13.59,seconds,Stanford Invitational,2023-03-31,,,0.9,Outdoor,https://www.tfrrs.org/results/77089/4767538/Stanford_Invitational/100-Hurdles,TFRRS all_performances
"Eikeng, Ida",Washington,Big Ten,100H,2023,3,,,13.63,seconds,Stanford Invitational,2023-03-31,,,1.6,Outdoor,https://www.tfrrs.org/results/77089/4767538/Stanford_Invitational/100-Hurdles,TFRRS all_performances
"Eikeng, Ida",Washington,Big Ten,100H,2023,,,,13.45,seconds,63rd Annual Mt. SAC Relays,2023-04-12,,,1.6,Outdoor,https://www.tfrrs.org/results/77931/4948116/63rd_Annual_Mt_SAC_Relays/100-Hurdles,TFRRS all_performances
"Eikeng, Ida",Washington,Big Ten,100H,2023,3,,,13.26,seconds,Pac-12 Track & Field Championships,2023-05-12,,,1.9,Outdoor,https://www.tfrrs.org/results/79702/4929170/Pac-12_Track__Field_Championships/100-Hurdles,TFRRS all_performances
"Carothers, Imani",Florida,SEC,100H,2023,4,,,13.66,seconds,FSU Relays (College),2023-03-23,,,1.9,Outdoor,https://www.tfrrs.org/results/78847/4769182/FSU_Relays_College/100-Hurdles,TFRRS all_performances
"Lester, Sterling",Florida,SEC,100H,2023,4,,,13.25,seconds,FSU Relays (College),2023-03-23,,,1.9,Outdoor,https://www.tfrrs.org/results/78847/4769182/FSU_Relays_College/100-Hurdles,TFRRS all_performances
"Stark, Grace",Florida,SEC,100H,2023,3,,,13.37,seconds,FSU Relays (College),2023-03-23,,,1.9,Outdoor,https://www.tfrrs.org/results/78847/4769182/FSU_Relays_College/100-Hurdles,TFRRS all_performances
"Lester, Sterling",Florida,SEC,100H,2023,4,,,13.54,seconds,2023 95th Clyde Littlefield Texas Relays,2023-03-29,,,0.9,Outdoor,https://www.tfrrs.org/results/77369/4784799/2023_95th_Clyde_Littlefield_Texas_Relays/100-Hurdles,TFRRS all_performances
"Carothers, Imani",Florida,SEC,100H,2023,4,,,13.68,seconds,Pepsi Florida Relays,2023-03-31,Prelim,15,,Outdoor,https://floridagators.com/news/2023/4/1/track-and-field-florida-earns-52-top-10-finishes-at-the-2023-pepsi-florida-relays,legacy_source_needs_review
"Hollis, Jayla",Florida,SEC,100H,2023,3,,,13.19,seconds,Pepsi Florida Relays,2023-03-31,,,1.6,Outdoor,https://www.tfrrs.org/results/77662/4765427/Pepsi_Florida_Relays/100-Hurdles,TFRRS all_performances
"Hollis, Jayla",Florida,SEC,100H,2023,3,,,13.27,seconds,Pepsi Florida Relays,2023-03-31,,,1.8,Outdoor,https://www.tfrrs.org/results/77662/4765427/Pepsi_Florida_Relays/100-Hurdles,TFRRS all_performances
"Stark, Grace",Florida,SEC,100H,2023,3,,,12.83,seconds,Pepsi Florida Relays,2023-03-31,,,1.8,Outdoor,https://www.tfrrs.org/results/77662/4765427/Pepsi_Florida_Relays/100-Hurdles,TFRRS all_performances
"Stark, Grace",Florida,SEC,100H,2023,3,,,13.07,seconds,Pepsi Florida Relays,2023-03-31,,,0.9,Outdoor,https://www.tfrrs.org/results/77662/4765427/Pepsi_Florida_Relays/100-Hurdles,TFRRS all_performances
"Carothers, Imani",Florida,SEC,100H,2023,4,,,13.71,seconds,UF Tom Jones Memorial,2023-04-14,,,-1.1,Outdoor,https://www.tfrrs.org/results/78102/4824428/UF_Tom_Jones_Memorial/100-Hurdles,TFRRS all_performances
"Hollis, Jayla",Florida,SEC,100H,2023,3,,,13.13,seconds,UF Tom Jones Memorial,2023-04-14,,,-2.2,Outdoor,https://www.tfrrs.org/results/78102/4824428/UF_Tom_Jones_Memorial/100-Hurdles,TFRRS all_performances
"Lester, Sterling",Florida,SEC,100H,2023,4,,,13.52,seconds,UF Tom Jones Memorial,2023-04-14,,,-1.0,Outdoor,https://www.tfrrs.org/results/78102/4824428/UF_Tom_Jones_Memorial/100-Hurdles,TFRRS all_performances
"Hollis, Jayla",Florida,SEC,100H,2023,3,,,DNF,seconds,Tom Jones Memorial,2023-04-15,Final,,,Outdoor,https://floridagators.com/news/2023/4/15/track-and-field-gators-finish-their-home-season-with-senior-day-at-the-tom-jones-memorial,legacy_source_needs_review
"Carothers, Imani",Florida,SEC,100H,2023,4,,,13.42,seconds,LSU Invitational,2023-04-29,,,0.9,Outdoor,https://www.tfrrs.org/results/78407/4880365/LSU_Invitational/100-Hurdles,TFRRS all_performances
"Hollis, Jayla",Florida,SEC,100H,2023,3,,,13.23,seconds,SEC Outdoor Track & Field Championships,2023-05-11,,,0.4,Outdoor,https://www.tfrrs.org/results/80833/4923398/SEC_Outdoor_Track__Field_Championships/100-Hurdles,TFRRS all_performances
"Stark, Grace",Florida,SEC,100H,2023,3,,,13.01,seconds,SEC Outdoor Track & Field Championships,2023-05-11,,,0.4,Outdoor,https://www.tfrrs.org/results/80833/4923398/SEC_Outdoor_Track__Field_Championships/100-Hurdles,TFRRS all_performances
"Carothers, Imani",Florida,SEC,100H,2023,4,,,13.35,seconds,SEC Outdoor Championships,2023-05-12,Prelim,14,,Outdoor,https://floridagators.com/news/2023/5/12/track-and-field-florida-wins-four-medals-on-day-two-of-the-sec-outdoor-championships,legacy_source_needs_review
"Hollis, Jayla",Florida,SEC,100H,2023,3,,,13.06,seconds,SEC Outdoor Championships,2023-05-12,Prelim,6,,Outdoor,https://floridagators.com/news/2023/5/12/track-and-field-florida-wins-four-medals-on-day-two-of-the-sec-outdoor-championships,legacy_source_needs_review
"Stark, Grace",Florida,SEC,100H,2023,3,,,12.97,seconds,SEC Outdoor Championships,2023-05-12,Prelim,5,,Outdoor,https://floridagators.com/news/2023/5/12/track-and-field-florida-wins-four-medals-on-day-two-of-the-sec-outdoor-championships,legacy_source_needs_review
"Carothers, Imani",Florida,SEC,100H,2023,4,,,13.44,seconds,NCAA East Preliminary Round,2023-05-25,,,1.9,Outdoor,https://www.tfrrs.org/results/81274/4936813/NCAA_East_Preliminary_Round/100-Hurdles,TFRRS all_performances
"Hollis, Jayla",Florida,SEC,100H,2023,3,,,13.15,seconds,NCAA East Preliminaries,2023-05-25,First Round,19,,Outdoor,https://floridagators.com/news/2023/5/25/track-and-field-three-more-gators-secure-their-spot-at-the-ncaa-outdoor-championships,legacy_source_needs_review
"Hollis, Jayla",Florida,SEC,100H,2023,3,,,13.54,seconds,NCAA East Preliminary Round,2023-05-25,,,2.0,Outdoor,https://www.tfrrs.org/results/81274/4936813/NCAA_East_Preliminary_Round/100-Hurdles,TFRRS all_performances
"Lester, Sterling",Florida,SEC,100H,2023,4,,,13.31,seconds,NCAA East Preliminaries,2023-05-25,First Round,24,,Outdoor,https://floridagators.com/news/2023/5/25/track-and-field-three-more-gators-secure-their-spot-at-the-ncaa-outdoor-championships,legacy_source_needs_review
"Stark, Grace",Florida,SEC,100H,2023,3,,,12.86,seconds,NCAA East Preliminary Round,2023-05-25,,,1.9,Outdoor,https://www.tfrrs.org/results/81274/4936813/NCAA_East_Preliminary_Round/100-Hurdles,TFRRS all_performances
"Stark, Grace",Florida,SEC,100H,2023,3,,,12.92,seconds,NCAA East Preliminary Round,2023-05-25,,,1.9,Outdoor,https://www.tfrrs.org/results/81274/4936813/NCAA_East_Preliminary_Round/100-Hurdles,TFRRS all_performances
"Lester, Sterling",Florida,SEC,100H,2023,4,,,13.4,seconds,NCAA East Preliminaries,2023-05-27,Quarterfinal,22,,Outdoor,https://floridagators.com/news/2023/5/27/track-and-field-florida-sends-thirteen-more-women-to-the-ncaa-outdoor-championship,legacy_source_needs_review
"Stark, Grace",Florida,SEC,100H,2023,3,,,12.76,seconds,NCAA Division I Outdoor Track & Field Championships,2023-06-07,,,+0.0,Outdoor,https://www.tfrrs.org/results/81300/4938114/NCAA_Division_I_Outdoor_Track__Field_Championships/100-Hurdles,TFRRS all_performances
"Stark, Grace",Florida,SEC,100H,2023,3,,,12.72,seconds,NCAA Outdoor Championships,2023-06-10,Final,5,,Outdoor,https://floridagators.com/news/2023/6/10/track-and-field-jasmine-moore-and-parker-valby-win-gold-on-final-day-of-ncaa-championships,legacy_source_needs_review
"Rush, Ella",Georgia,SEC,100H,2023,1,,,14.63,seconds,Yellow Jacket Invitational,2023-03-17,,,+0.0,Outdoor,https://www.tfrrs.org/results/78633/4769229/Yellow_Jacket_Invitational/100-Hurdles,TFRRS all_performances
"Witt, Bella",Georgia,SEC,100H,2023,2,,,13.77,seconds,Yellow Jacket Invitational,2023-03-17,,,+0.0,Outdoor,https://www.tfrrs.org/results/78633/4769229/Yellow_Jacket_Invitational/100-Hurdles,TFRRS all_performances
"Rush, Ella",Georgia,SEC,100H,2023,1,,,14.63,seconds,Yellow Jacket Invitational,2023-03-17/2023-03-18,,7th,,Outdoor,https://georgiadogs.com/documents/download/2023/3/28/2023_Women_Outdoor_Results.pdf,legacy_source_needs_review
"Witt, Bella",Georgia,SEC,100H,2023,2,,,13.77,seconds,Yellow Jacket Invitational,2023-03-17/2023-03-18,,2nd,,Outdoor,https://georgiadogs.com/documents/download/2023/3/28/2023_Women_Outdoor_Results.pdf,legacy_source_needs_review
"Anderson, Leah",Georgia,SEC,100H,2023,1,,,13.96,seconds,Texas Relays,2023-03-30/2023-04-01,,15th,,Outdoor,https://georgiadogs.com/documents/download/2023/3/28/2023_Women_Outdoor_Results.pdf,legacy_source_needs_review
"Rush, Ella",Georgia,SEC,100H,2023,1,,,14.58,seconds,Texas Relays,2023-03-30/2023-04-01,,53rd,,Outdoor,https://georgiadogs.com/documents/download/2023/3/28/2023_Women_Outdoor_Results.pdf,legacy_source_needs_review
"Witt, Bella",Georgia,SEC,100H,2023,2,,,13.64,seconds,Texas Relays,2023-03-30/2023-04-01,,2nd,,Outdoor,https://georgiadogs.com/documents/download/2023/3/28/2023_Women_Outdoor_Results.pdf,legacy_source_needs_review
"Anderson, Leah",Georgia,SEC,100H,2023,1,,,14.25,seconds,Spec Towns - Torrin Lawrence Invitational,2023-04-06,,,1.2,Outdoor,https://www.tfrrs.org/results/79636/4805207/Spec_Towns_-_Torrin_Lawrence_Invitational/100-Hurdles,TFRRS all_performances
"Witt, Bella",Georgia,SEC,100H,2023,2,,,13.38,seconds,Spec Towns - Torrin Lawrence Invitational,2023-04-06,,,1.2,Outdoor,https://www.tfrrs.org/results/79636/4805207/Spec_Towns_-_Torrin_Lawrence_Invitational/100-Hurdles,TFRRS all_performances
"Anderson, Leah",Georgia,SEC,100H,2023,1,,,14.25,seconds,Spec/Torrin Inv.,2023-04-06/2023-04-07,,3rd,,Outdoor,https://georgiadogs.com/documents/download/2023/3/28/2023_Women_Outdoor_Results.pdf,legacy_source_needs_review
"Witt, Bella",Georgia,SEC,100H,2023,2,,,13.38,seconds,Spec/Torrin Inv.,2023-04-06/2023-04-07,,1st,,Outdoor,https://georgiadogs.com/documents/download/2023/3/28/2023_Women_Outdoor_Results.pdf,legacy_source_needs_review
"Rush, Ella",Georgia,SEC,100H,2023,2,,,14.27,seconds,63rd Annual Mt. SAC Relays,2023-04-12,,,0.7,Outdoor,https://www.tfrrs.org/results/77931/4948116/63rd_Annual_Mt_SAC_Relays/100-Hurdles,TFRRS all_performances
"Witt, Bella",Georgia,SEC,100H,2023,2,,,13.35,seconds,63rd Annual Mt. SAC Relays,2023-04-12,,,1.2,Outdoor,https://www.tfrrs.org/results/77931/4827017/63rd_Annual_Mt_SAC_Relays/100-Hurdles,TFRRS all_performances
"Witt, Bella",Georgia,SEC,100H,2023,2,,,13.57,seconds,63rd Annual Mt. SAC Relays,2023-04-12,,,0.1,Outdoor,https://www.tfrrs.org/results/77931/4827017/63rd_Annual_Mt_SAC_Relays/100-Hurdles,TFRRS all_performances
"Rush, Ella",Georgia,SEC,100H,2023,1,,,14.27,seconds,Mt. SAC Relays,2023-04-13/2023-04-15,H,13th,,Outdoor,https://georgiadogs.com/documents/download/2023/3/28/2023_Women_Outdoor_Results.pdf,legacy_source_needs_review
"Witt, Bella",Georgia,SEC,100H,2023,2,,,13.35,seconds,Mt. SAC Relays,2023-04-13/2023-04-15,F,3rd,,Outdoor,https://georgiadogs.com/documents/download/2023/3/28/2023_Women_Outdoor_Results.pdf,legacy_source_needs_review
"Witt, Bella",Georgia,SEC,100H,2023,2,,,13.57,seconds,Mt. SAC Relays,2023-04-13/2023-04-15,P,7th,,Outdoor,https://georgiadogs.com/documents/download/2023/3/28/2023_Women_Outdoor_Results.pdf,legacy_source_needs_review
"Witt, Bella",Georgia,SEC,100H,2023,2,,,13.39,seconds,Georgia Tech Invitational,2023-04-21,,,-1.1,Outdoor,https://www.tfrrs.org/results/80375/4852091/Georgia_Tech_Invitational/100-Hurdles,TFRRS all_performances
"Witt, Bella",Georgia,SEC,100H,2023,2,,,13.39,seconds,GT Invite,2023-04-21/2023-04-22,,3rd,,Outdoor,https://georgiadogs.com/documents/download/2023/3/28/2023_Women_Outdoor_Results.pdf,legacy_source_needs_review
"Witt, Bella",Georgia,SEC,100H,2023,2,,,13.25,seconds,LSU Invitational,2023-04-29,,,0.9,Outdoor,https://www.tfrrs.org/results/78407/4880365/LSU_Invitational/100-Hurdles,TFRRS all_performances
"Witt, Bella",Georgia,SEC,100H,2023,2,,,13.25,seconds,SEC Champs.,2023-05-11/2023-05-13,P,13th,,Outdoor,https://georgiadogs.com/documents/download/2023/3/28/2023_Women_Outdoor_Results.pdf,legacy_source_needs_review
"Witt, Bella",Georgia,SEC,100H,2023,2,,,13.15,seconds,NCAA East Prelims,2023-05-24/2023-05-27,FR,17th,4.9,Outdoor,https://georgiadogs.com/documents/download/2023/3/28/2023_Women_Outdoor_Results.pdf,legacy_source_needs_review
"Witt, Bella",Georgia,SEC,100H,2023,2,,,13.32,seconds,NCAA East Prelims,2023-05-24/2023-05-27,Q,18th,,Outdoor,https://georgiadogs.com/documents/download/2023/3/28/2023_Women_Outdoor_Results.pdf,legacy_source_needs_review
"Witt, Bella",Georgia,SEC,100H,2023,2,,,13.32,seconds,NCAA East Preliminary Round,2023-05-25,,,2.0,Outdoor,https://www.tfrrs.org/results/81274/4936813/NCAA_East_Preliminary_Round/100-Hurdles,TFRRS all_performances
"Ballard, Shadajah",Kentucky,SEC,100H,2023,3,,,13.66,seconds,UCF Black and Gold Invite,2023-03-17,,,1.6,Outdoor,https://www.tfrrs.org/results/77632/4732613/UCF_Black_and_Gold_Invite/100-Hurdles,TFRRS all_performances
"Brooks, Yasmin",Kentucky,SEC,100H,2023,4,,,13.55,seconds,UCF Black and Gold Invite,2023-03-17,,,1.6,Outdoor,https://www.tfrrs.org/results/77632/4732613/UCF_Black_and_Gold_Invite/100-Hurdles,TFRRS all_performances
"Ballard, Shadajah",Kentucky,SEC,100H,2023,3,,,13.77,seconds,95th Clyde Littlefield Texas Relays,2023-03-29,Prelim,,3.4,Outdoor,https://www.tfrrs.org/athletes/7482127/Kentucky/Shadajah_Ballard.html,legacy_source_needs_review
"Brooks, Yasmin",Kentucky,SEC,100H,2023,4,,,13.35,seconds,95th Clyde Littlefield Texas Relays,2023-03-29,Prelim,18,3.7,Outdoor,https://tf.tfrrs.org/athletes/7493768/Kentucky/Yasmin_Brooks,legacy_source_needs_review
"Russell, Masai",Kentucky,SEC,100H,2023,4,,,12.36,seconds,2023 95th Clyde Littlefield Texas Relays,2023-03-29,,,2.0,Outdoor,https://www.tfrrs.org/results/77369/4767301/2023_95th_Clyde_Littlefield_Texas_Relays/100-Hurdles,TFRRS all_performances
"Russell, Masai",Kentucky,SEC,100H,2023,4,,,12.61,seconds,95th Clyde Littlefield Texas Relays,2023-03-29,Prelim,1,5.9,Outdoor,https://www.tfrrs.org/athletes/6995394/Kentucky/Masai_Russell.html,legacy_source_needs_review
"Ballard, Shadajah",Kentucky,SEC,100H,2023,3,,,13.44,seconds,UF Tom Jones Memorial,2023-04-14,,,0.1,Outdoor,https://www.tfrrs.org/results/78102/4824428/UF_Tom_Jones_Memorial/100-Hurdles,TFRRS all_performances
"Brooks, Yasmin",Kentucky,SEC,100H,2023,4,,,DNF,seconds,UF Tom Jones Memorial,2023-04-14,Prelim,,1.6,Outdoor,https://tf.tfrrs.org/athletes/7493768/Kentucky/Yasmin_Brooks,legacy_source_needs_review
"Ballard, Shadajah",Kentucky,SEC,100H,2023,3,,,13.32,seconds,Michael Johnson Invitational,2023-04-21,,,0.9,Outdoor,https://www.tfrrs.org/results/75342/4853618/Michael_Johnson_Invitational/100-Hurdles,TFRRS all_performances
"Ballard, Shadajah",Kentucky,SEC,100H,2023,3,,,13.34,seconds,Michael Johnson Invitational,2023-04-21,,,1.1,Outdoor,https://www.tfrrs.org/results/75342/4853618/Michael_Johnson_Invitational/100-Hurdles,TFRRS all_performances
"Brooks, Yasmin",Kentucky,SEC,100H,2023,4,,,13.16,seconds,Michael Johnson Invitational,2023-04-21,,,1.1,Outdoor,https://www.tfrrs.org/results/75342/4853618/Michael_Johnson_Invitational/100-Hurdles,TFRRS all_performances
"Brooks, Yasmin",Kentucky,SEC,100H,2023,4,,,13.39,seconds,Michael Johnson Invitational,2023-04-21,,,-1.0,Outdoor,https://www.tfrrs.org/results/75342/4853618/Michael_Johnson_Invitational/100-Hurdles,TFRRS all_performances
"Russell, Masai",Kentucky,SEC,100H,2023,4,,,12.50,seconds,Michael Johnson Invitational,2023-04-21,,,1.1,Outdoor,https://www.tfrrs.org/results/75342/4853618/Michael_Johnson_Invitational/100-Hurdles,TFRRS all_performances
"Russell, Masai",Kentucky,SEC,100H,2023,4,,,12.80,seconds,Michael Johnson Invitational,2023-04-21,,,0.3,Outdoor,https://www.tfrrs.org/results/75342/4853618/Michael_Johnson_Invitational/100-Hurdles,TFRRS all_performances
"Ballard, Shadajah",Kentucky,SEC,100H,2023,3,,,13.52,seconds,2023 Jim Green Track & Field Invitational,2023-04-28,,,1.1,Outdoor,https://www.tfrrs.org/results/78802/4889088/2023_Jim_Green_Track__Field_Invitational/100-Hurdles,TFRRS all_performances
"Brooks, Yasmin",Kentucky,SEC,100H,2023,4,,,13.20,seconds,2023 Jim Green Track & Field Invitational,2023-04-28,,,0.6,Outdoor,https://www.tfrrs.org/results/78802/4889088/2023_Jim_Green_Track__Field_Invitational/100-Hurdles,TFRRS all_performances
"Brooks, Yasmin",Kentucky,SEC,100H,2023,4,,,13.45,seconds,2023 Jim Green Track & Field Invitational,2023-04-28,,,0.5,Outdoor,https://www.tfrrs.org/results/78802/4889088/2023_Jim_Green_Track__Field_Invitational/100-Hurdles,TFRRS all_performances
"Ballard, Shadajah",Kentucky,SEC,100H,2023,3,,,13.43,seconds,SEC Outdoor Championships,2023-05-11,Prelim,15,2.2,Outdoor,https://www.tfrrs.org/athletes/7482127/Kentucky/Shadajah_Ballard.html,legacy_source_needs_review
"Brooks, Yasmin",Kentucky,SEC,100H,2023,4,,,DNF,seconds,SEC Outdoor Championships,2023-05-11,Prelim,,2.2,Outdoor,https://tf.tfrrs.org/athletes/7493768/Kentucky/Yasmin_Brooks,legacy_source_needs_review
"Russell, Masai",Kentucky,SEC,100H,2023,4,,,12.47,seconds,SEC Outdoor Track & Field Championships,2023-05-11,,,0.4,Outdoor,https://www.tfrrs.org/results/80833/4923398/SEC_Outdoor_Track__Field_Championships/100-Hurdles,TFRRS all_performances
"Ballard, Shadajah",Kentucky,SEC,100H,2023,3,,,13.66,seconds,NCAA East Preliminary Round,2023-05-25,,,1.8,Outdoor,https://www.tfrrs.org/results/81274/4936813/NCAA_East_Preliminary_Round/100-Hurdles,TFRRS all_performances
"Brooks, Yasmin",Kentucky,SEC,100H,2023,4,,,13.15,seconds,NCAA East Preliminary Round,2023-05-25,First Round,16,2.6,Outdoor,https://tf.tfrrs.org/athletes/7493768/Kentucky/Yasmin_Brooks,legacy_source_needs_review
"Brooks, Yasmin",Kentucky,SEC,100H,2023,4,,,13.27,seconds,NCAA East Preliminary Round,2023-05-25,,,1.9,Outdoor,https://www.tfrrs.org/results/81274/4936813/NCAA_East_Preliminary_Round/100-Hurdles,TFRRS all_performances
"Russell, Masai",Kentucky,SEC,100H,2023,4,,,12.4,seconds,NCAA East Preliminary Round,2023-05-25,Quarterfinal,1,4.9,Outdoor,https://www.tfrrs.org/athletes/6995394/Kentucky/Masai_Russell.html,legacy_source_needs_review
"Russell, Masai",Kentucky,SEC,100H,2023,4,,,12.58,seconds,NCAA East Preliminary Round,2023-05-25,First Round,1,4.4,Outdoor,https://www.tfrrs.org/athletes/6995394/Kentucky/Masai_Russell.html,legacy_source_needs_review
"Russell, Masai",Kentucky,SEC,100H,2023,4,,,12.32,seconds,NCAA Outdoor Championships,2023-06-07,Final,2,3.8,Outdoor,https://www.tfrrs.org/athletes/6995394/Kentucky/Masai_Russell.html,legacy_source_needs_review
"Russell, Masai",Kentucky,SEC,100H,2023,4,,,12.76,seconds,NCAA Division I Outdoor Track & Field Championships,2023-06-07,,,0.2,Outdoor,https://www.tfrrs.org/results/81300/4938114/NCAA_Division_I_Outdoor_Track__Field_Championships/100-Hurdles,TFRRS all_performances
"Buller, Sophia",Clemson,ACC,100H,2024,1,,,17.60,s,Charlotte 49er Classic,2024-03-14,,,-1.6,Outdoor,https://www.tfrrs.org/results/84671/5119626/Charlotte_49er_Classic/100-Hurdles,TFRRS all_performances
"Kapoor, Isabelle",Clemson,ACC,100H,2024,3,,,15.02,s,Charlotte 49er Classic,2024-03-14,,,-0.7,Outdoor,https://www.tfrrs.org/results/84671/5119626/Charlotte_49er_Classic/100-Hurdles,TFRRS all_performances
"Fingall, Aysia",Clemson,ACC,100H,2024,1,,,14.90,s,UCF Black & Gold Invite,2024-03-15,,,1.6,Outdoor,https://www.tfrrs.org/results/81397/5112734/UCF_Black__Gold_Invite/100-Hurdles,TFRRS all_performances
"Fingall, Aysia",Clemson,ACC,100H,2024,1,,,16.05,s,UCF Knights Invite,2024-03-22,,,1.5,Outdoor,https://www.tfrrs.org/results/81665/5127792/UCF_Knights_Invite/100-Hurdles,TFRRS all_performances
"Wilson, Oneka",Clemson,ACC,100H,2024,2,,,13.36,s,UCF Knights Invite,2024-03-22,,,1.1,Outdoor,https://www.tfrrs.org/results/81665/5127792/UCF_Knights_Invite/100-Hurdles,TFRRS all_performances
"Kapoor, Isabelle",Clemson,ACC,100H,2024,3,,,14.86,s,Duke Invitational,2024-04-11,,,-1.0,Outdoor,https://www.tfrrs.org/results/81886/5206861/Duke_Invitational/100-Hurdles,TFRRS all_performances
"Fingall, Aysia",Clemson,ACC,100H,2024,1,,,15.04,s,Tom Jones Memorial Invitational,2024-04-12,,,2.0,Outdoor,https://www.tfrrs.org/results/85961/5199026/Tom_Jones_Memorial_Invitational/100-Hurdles,TFRRS all_performances
"Wilson, Oneka",Clemson,ACC,100H,2024,2,,,13.27,s,Tom Jones Memorial Invitational,2024-04-12,,,1.5,Outdoor,https://www.tfrrs.org/results/85961/5199024/Tom_Jones_Memorial_Invitational/100-Hurdles,TFRRS all_performances
"Kapoor, Isabelle",Clemson,ACC,100H,2024,3,,,15.25,s,USC Outdoor Open,2024-04-20,,,0.1,Outdoor,https://www.tfrrs.org/results/85539/5220063/USC_Outdoor_Open/100-Hurdles,TFRRS all_performances
"Wilson, Oneka",Clemson,ACC,100H,2024,2,,,13.13,s,USC Outdoor Open,2024-04-20,,,1.4,Outdoor,https://www.tfrrs.org/results/85539/5220063/USC_Outdoor_Open/100-Hurdles,TFRRS all_performances
"Wilson, Oneka",Clemson,ACC,100H,2024,2,,,13.39,s,USC Outdoor Open,2024-04-20,,,1.1,Outdoor,https://www.tfrrs.org/results/85539/5220063/USC_Outdoor_Open/100-Hurdles,TFRRS all_performances
"Wilson, Oneka",Clemson,ACC,100H,2024,2,,,13.17,s,Penn Relays,2024-04-25,,,0.2,Outdoor,https://www.tfrrs.org/results/86574/5277004/Penn_Relays/100-Hurdles,TFRRS all_performances
"Wilson, Oneka",Clemson,ACC,100H,2024,2,,,13.24,s,Penn Relays,2024-04-25,,,-1.3,Outdoor,https://www.tfrrs.org/results/86574/5277012/Penn_Relays/100-Hurdles,TFRRS all_performances
"Wilson, Oneka",Clemson,ACC,100H,2024,2,,,12.86,s,NCAA Division I Outdoor Track & Field Championships,2024-05-05,,,1.1,Outdoor,https://www.tfrrs.org/results/87017/5286191/NCAA_Division_I_Outdoor_Track__Field_Championships/100-Hurdles,TFRRS all_performances
"Fingall, Aysia",Clemson,ACC,100H,2024,1,,,14.10,s,ACC Outdoor Track & Field Championships,2024-05-09,,,-0.7,Outdoor,https://www.tfrrs.org/results/86920/5278893/ACC_Outdoor_Track__Field_Championships/100-Hurdles,TFRRS all_performances
"Kapoor, Isabelle",Clemson,ACC,100H,2024,2,,,14.91,s,ACC Outdoor Track & Field Championships,2024-05-09,,,0.8,Outdoor,https://www.tfrrs.org/results/86920/5278921/ACC_Outdoor_Track__Field_Championships/100-Hurdles,TFRRS all_performances
"Van der Merwe, Antoinette",Clemson,ACC,100H,2024,4,,,13.42,s,ACC Outdoor Track & Field Championships,2024-05-09,,,-0.7,Outdoor,https://www.tfrrs.org/results/86920/5278893/ACC_Outdoor_Track__Field_Championships/100-Hurdles,TFRRS all_performances
"Van der Merwe, Antoinette",Clemson,ACC,100H,2024,4,,,13.57,s,ACC Outdoor Track & Field Championships,2024-05-09,,,0.1,Outdoor,https://www.tfrrs.org/results/86920/5278893/ACC_Outdoor_Track__Field_Championships/100-Hurdles,TFRRS all_performances
"Wilson, Oneka",Clemson,ACC,100H,2024,2,,,12.87,s,ACC Outdoor Track & Field Championships,2024-05-09,,,-0.7,Outdoor,https://www.tfrrs.org/results/86920/5278893/ACC_Outdoor_Track__Field_Championships/100-Hurdles,TFRRS all_performances
"Wilson, Oneka",Clemson,ACC,100H,2024,2,,,13.00,s,ACC Outdoor Track & Field Championships,2024-05-09,,,-0.7,Outdoor,https://www.tfrrs.org/results/86920/5278893/ACC_Outdoor_Track__Field_Championships/100-Hurdles,TFRRS all_performances
"Van der Merwe, Antoinette",Clemson,ACC,100H,2024,4,,,13.34,s,NCAA East First Round,2024-05-22,,,0.1,Outdoor,https://www.tfrrs.org/results/86997/5284582/NCAA_East_First_Round/100-Hurdles,TFRRS all_performances
"Van der Merwe, Antoinette",Clemson,ACC,100H,2024,4,,,13.49,s,NCAA East First Round,2024-05-22,,,0.5,Outdoor,https://www.tfrrs.org/results/86997/5284582/NCAA_East_First_Round/100-Hurdles,TFRRS all_performances
"Wilson, Oneka",Clemson,ACC,100H,2024,2,,,12.79,s,NCAA East First Round,2024-05-22,,,0.5,Outdoor,https://www.tfrrs.org/results/86997/5284582/NCAA_East_First_Round/100-Hurdles,TFRRS all_performances
"Wilson, Oneka",Clemson,ACC,100H,2024,2,,,12.95,s,NCAA East First Round,2024-05-22,,,1.3,Outdoor,https://www.tfrrs.org/results/86997/5284582/NCAA_East_First_Round/100-Hurdles,TFRRS all_performances
"Nelson, Birgen",Duke,ACC,100H,2024,3,,,13.94,s,Hurricane Collegiate Invite,2024-03-23,,,-0.1,Outdoor,https://www.tfrrs.org/results/84947/5225229/Hurricane_Collegiate_Invite_/100-Hurdles,TFRRS all_performances
"Roberts, Jill",Duke,ACC,100H,2024,1,,,14.93,s,Hurricane Collegiate Invite,2024-03-23,,,-0.8,Outdoor,https://www.tfrrs.org/results/84947/5225229/Hurricane_Collegiate_Invite_/100-Hurdles,TFRRS all_performances
"Smith, Brianna",Duke,ACC,100H,2024,4,,,14.70,s,Hurricane Collegiate Invite,2024-03-23,,,-0.1,Outdoor,https://www.tfrrs.org/results/84947/5225229/Hurricane_Collegiate_Invite_/100-Hurdles,TFRRS all_performances
"Wilson, Skyla",Duke,ACC,100H,2024,4,,,13.35,s,Hurricane Collegiate Invite,2024-03-23,,,-0.1,Outdoor,https://www.tfrrs.org/results/84947/5225229/Hurricane_Collegiate_Invite_/100-Hurdles,TFRRS all_performances
"Onuoha, Amarachi",Duke,ACC,100H,2024,3,,,14.94,s,Raleigh Relays,2024-03-28,,,0.7,Outdoor,https://www.tfrrs.org/results/85174/5146947/Raleigh_Relays/100-Hurdles,TFRRS all_performances
"Nelson, Birgen",Duke,ACC,100H,2024,3,,,13.98,s,VertKlasse Meeting,2024-04-05,,,1.8,Outdoor,https://www.tfrrs.org/results/85654/5173139/VertKlasse_Meeting/100-Hurdles,TFRRS all_performances
"Onuoha, Amarachi",Duke,ACC,100H,2024,3,,,14.91,s,VertKlasse Meeting,2024-04-05,,,2.0,Outdoor,https://www.tfrrs.org/results/85654/5173149/VertKlasse_Meeting/100-Hurdles,TFRRS all_performances
"Roberts, Jill",Duke,ACC,100H,2024,1,,,14.61,s,VertKlasse Meeting,2024-04-05,,,2.0,Outdoor,https://www.tfrrs.org/results/85654/5173149/VertKlasse_Meeting/100-Hurdles,TFRRS all_performances
"Wilson, Skyla",Duke,ACC,100H,2024,4,,,13.35,s,VertKlasse Meeting,2024-04-05,,,1.8,Outdoor,https://www.tfrrs.org/results/85654/5173139/VertKlasse_Meeting/100-Hurdles,TFRRS all_performances
"Nelson, Birgen",Duke,ACC,100H,2024,3,,,13.83,s,Duke Invitational,2024-04-11,,,0.8,Outdoor,https://www.tfrrs.org/results/81886/5192032/Duke_Invitational/100-Hurdles,TFRRS all_performances
"Onuoha, Amarachi",Duke,ACC,100H,2024,3,,,14.39,s,Duke Invitational,2024-04-11,,,1.3,Outdoor,https://www.tfrrs.org/results/81886/5192032/Duke_Invitational/100-Hurdles,TFRRS all_performances
"Roberts, Jill",Duke,ACC,100H,2024,1,,,14.40,s,Duke Invitational,2024-04-11,,,1.3,Outdoor,https://www.tfrrs.org/results/81886/5192032/Duke_Invitational/100-Hurdles,TFRRS all_performances
"Turner, Chyler",Duke,ACC,100H,2024,3,,,13.87,s,Duke Invitational,2024-04-11,,,0.3,Outdoor,https://www.tfrrs.org/results/81886/5192032/Duke_Invitational/100-Hurdles,TFRRS all_performances
"Wilson, Skyla",Duke,ACC,100H,2024,4,,,13.36,s,Duke Invitational,2024-04-11,,,0.8,Outdoor,https://www.tfrrs.org/results/81886/5192032/Duke_Invitational/100-Hurdles,TFRRS all_performances
"Dietz, Madison",Duke,ACC,100H,2024,2,,,16.45,s,Wake Forest Invitational,2024-04-19,,,0.6,Outdoor,https://www.tfrrs.org/results/86254/5223293/Wake_Forest_Invitational/100-Hurdles,TFRRS all_performances
"Nelson, Birgen",Duke,ACC,100H,2024,3,,,13.53,s,Wake Forest Invitational,2024-04-19,,,0.8,Outdoor,https://www.tfrrs.org/results/86254/5223293/Wake_Forest_Invitational/100-Hurdles,TFRRS all_performances
"Onuoha, Amarachi",Duke,ACC,100H,2024,3,,,14.64,s,Wake Forest Invitational,2024-04-19,,,0.6,Outdoor,https://www.tfrrs.org/results/86254/5223293/Wake_Forest_Invitational/100-Hurdles,TFRRS all_performances
"Roberts, Jill",Duke,ACC,100H,2024,1,,,14.56,s,Wake Forest Invitational,2024-04-19,,,0.8,Outdoor,https://www.tfrrs.org/results/86254/5223293/Wake_Forest_Invitational/100-Hurdles,TFRRS all_performances
"Turner, Chyler",Duke,ACC,100H,2024,3,,,14.29,s,Wake Forest Invitational,2024-04-19,,,0.8,Outdoor,https://www.tfrrs.org/results/86254/5223293/Wake_Forest_Invitational/100-Hurdles,TFRRS all_performances
"Wilson, Skyla",Duke,ACC,100H,2024,4,,,13.21,s,Penn Relays,2024-04-25,,,0.2,Outdoor,https://www.tfrrs.org/results/86574/5277004/Penn_Relays/100-Hurdles,TFRRS all_performances
"Wilson, Skyla",Duke,ACC,100H,2024,4,,,13.32,s,Penn Relays,2024-04-25,,,-0.3,Outdoor,https://www.tfrrs.org/results/86574/5277012/Penn_Relays/100-Hurdles,TFRRS all_performances
"Nelson, Birgen",Duke,ACC,100H,2024,3,,,13.55,s,2024 Charlotte Invitational,2024-04-26,,,0.5,Outdoor,https://www.tfrrs.org/results/85877/5240211/2024_Charlotte_Invitational/100-Hurdles,TFRRS all_performances
"Turner, Chyler",Duke,ACC,100H,2024,3,,,13.77,s,2024 Charlotte Invitational,2024-04-26,,,0.5,Outdoor,https://www.tfrrs.org/results/85877/5240211/2024_Charlotte_Invitational/100-Hurdles,TFRRS all_performances
"Smith, Brianna",Duke,ACC,100H,2024,4,,,14.07,s,NCAA Division I Outdoor Track & Field Championships,2024-05-05,,,0.4,Outdoor,https://www.tfrrs.org/results/87017/5286218/NCAA_Division_I_Outdoor_Track__Field_Championships/100-Hurdles,TFRRS all_performances
"Nelson, Birgen",Duke,ACC,100H,2024,3,,,13.66,s,ACC Outdoor Track & Field Championships,2024-05-09,,,-0.7,Outdoor,https://www.tfrrs.org/results/86920/5278893/ACC_Outdoor_Track__Field_Championships/100-Hurdles,TFRRS all_performances
"Nelson, Birgen",Duke,ACC,100H,2024,3,,,13.67,s,ACC Outdoor Track & Field Championships,2024-05-09,,,-0.7,Outdoor,https://www.tfrrs.org/results/86920/5278893/ACC_Outdoor_Track__Field_Championships/100-Hurdles,TFRRS all_performances
"Smith, Brianna",Duke,ACC,100H,2024,4,,,14.04,s,ACC Outdoor Track & Field Championships,2024-05-09,,,-0.7,Outdoor,https://www.tfrrs.org/results/86920/5278921/ACC_Outdoor_Track__Field_Championships/100-Hurdles,TFRRS all_performances
"Turner, Chyler",Duke,ACC,100H,2024,3,,,13.86,s,ACC Outdoor Track & Field Championships,2024-05-09,,,0.4,Outdoor,https://www.tfrrs.org/results/86920/5278893/ACC_Outdoor_Track__Field_Championships/100-Hurdles,TFRRS all_performances
"Wilson, Skyla",Duke,ACC,100H,2024,4,,,13.19,s,ACC Outdoor Track & Field Championships,2024-05-09,,,0.1,Outdoor,https://www.tfrrs.org/results/86920/5278893/ACC_Outdoor_Track__Field_Championships/100-Hurdles,TFRRS all_performances
"Wilson, Skyla",Duke,ACC,100H,2024,4,,,13.26,s,ACC Outdoor Track & Field Championships,2024-05-09,,,-0.7,Outdoor,https://www.tfrrs.org/results/86920/5278893/ACC_Outdoor_Track__Field_Championships/100-Hurdles,TFRRS all_performances
"Wilson, Skyla",Duke,ACC,100H,2024,4,,,13.01,s,NCAA East First Round,2024-05-22,,,0.6,Outdoor,https://www.tfrrs.org/results/86997/5284582/NCAA_East_First_Round/100-Hurdles,TFRRS all_performances
"Wilson, Skyla",Duke,ACC,100H,2024,4,,,13.09,s,NCAA East First Round,2024-05-22,,,1.1,Outdoor,https://www.tfrrs.org/results/86997/5284582/NCAA_East_First_Round/100-Hurdles,TFRRS all_performances
"Webster, Alexandra",Florida State,ACC,100H,2024,4,,,13.56,s,FSU Relays,2024-03-21,,,-0.6,Outdoor,https://www.tfrrs.org/results/84936/5126530/FSU_Relays/100-Hurdles,TFRRS all_performances
"Webster, Alexandra",Florida State,ACC,100H,2024,4,,,13.36,s,Crimson Tide Invitational,2024-04-05,,,0.3,Outdoor,https://www.tfrrs.org/results/85658/5171104/Crimson_Tide_Invitational/100-Hurdles,TFRRS all_performances
"Webster, Alexandra",Florida State,ACC,100H,2024,4,,,12.77,s,Tom Jones Memorial Invitational,2024-04-12,,,1.1,Outdoor,https://www.tfrrs.org/results/85961/5199024/Tom_Jones_Memorial_Invitational/100-Hurdles,TFRRS all_performances
"Webster, Alexandra",Florida State,ACC,100H,2024,4,,,13.04,s,ACC Outdoor Track & Field Championships,2024-05-09,,,-0.7,Outdoor,https://www.tfrrs.org/results/86920/5278893/ACC_Outdoor_Track__Field_Championships/100-Hurdles,TFRRS all_performances
"Webster, Alexandra",Florida State,ACC,100H,2024,4,,,13.16,s,ACC Outdoor Track & Field Championships,2024-05-09,,,0.4,Outdoor,https://www.tfrrs.org/results/86920/5278893/ACC_Outdoor_Track__Field_Championships/100-Hurdles,TFRRS all_performances
"Webster, Alexandra",Florida State,ACC,100H,2024,4,,,12.70,s,NCAA East First Round,2024-05-22,,,1.4,Outdoor,https://www.tfrrs.org/results/86997/5284582/NCAA_East_First_Round/100-Hurdles,TFRRS all_performances
"Webster, Alexandra",Florida State,ACC,100H,2024,4,,,12.91,s,NCAA East First Round,2024-05-22,,,0.1,Outdoor,https://www.tfrrs.org/results/86997/5284582/NCAA_East_First_Round/100-Hurdles,TFRRS all_performances
"Romain, Madison",Stanford,ACC,100H,2024,2,,,15.89,s,2024 Hornet Invite,2024-03-15,,,1.2,Outdoor,https://www.tfrrs.org/results/83555/5115042/2024_Hornet_Invite/100-Hurdles,TFRRS all_performances
"Schuller, Sky",Stanford,ACC,100H,2024,1,,,16.32,s,2024 Hornet Invite,2024-03-15,,,0.9,Outdoor,https://www.tfrrs.org/results/83555/5115042/2024_Hornet_Invite/100-Hurdles,TFRRS all_performances
"Stapleton, Tess",Stanford,ACC,100H,2024,3,,,13.59,s,2024 Hornet Invite,2024-03-15,,,-0.4,Outdoor,https://www.tfrrs.org/results/83555/5115042/2024_Hornet_Invite/100-Hurdles,TFRRS all_performances
"Schuller, Sky",Stanford,ACC,100H,2024,1,,,15.59,s,Stanford Invitational,2024-03-29,,,+0.0,Outdoor,https://www.tfrrs.org/results/83461/5148847/Stanford_Invitational/100-Hurdles,TFRRS all_performances
"Stapleton, Tess",Stanford,ACC,100H,2024,3,,,13.55,s,Stanford Invitational,2024-03-29,,,1.1,Outdoor,https://www.tfrrs.org/results/83461/5148847/Stanford_Invitational/100-Hurdles,TFRRS all_performances
"Stapleton, Tess",Stanford,ACC,100H,2024,3,,,13.97,s,Stanford Invitational,2024-03-29,,,0.4,Outdoor,https://www.tfrrs.org/results/83461/5148847/Stanford_Invitational/100-Hurdles,TFRRS all_performances
"Stapleton, Tess",Stanford,ACC,100H,2024,3,,,13.47,s,64th Annual Mt. SAC Relays,2024-04-17,,,1.6,Outdoor,https://www.tfrrs.org/results/84352/5221471/64th_Annual_Mt_SAC_Relays/100-Hurdles,TFRRS all_performances
"Romain, Madison",Stanford,ACC,100H,2024,2,,,15.38,s,Stanford vs Cal Big Meet,2024-04-30,,,0.3,Outdoor,https://www.tfrrs.org/results/86314/5253395/Stanford_vs_Cal_Big_Meet/100-Hurdles,TFRRS all_performances
"Stapleton, Tess",Stanford,ACC,100H,2024,3,,,13.71,s,PAC-12 Track and Field Championships,2024-05-10,,,-1.3,Outdoor,https://www.tfrrs.org/results/83706/5277519/PAC-12_Track_and_Field_Championships/100-Hurdles,TFRRS all_performances
"Akpan, Sophia",Virginia,ACC,100H,2024,2,,,14.56,s,Virginia Opener,2024-03-23,,,1.1,Outdoor,https://www.tfrrs.org/results/84945/5129857/Virginia_Opener/100-Hurdles,TFRRS all_performances
"Drakeford, Brooke'Lyn",Virginia,ACC,100H,2024,1,,,14.97,s,Virginia Opener,2024-03-23,,,1.1,Outdoor,https://www.tfrrs.org/results/84945/5129857/Virginia_Opener/100-Hurdles,TFRRS all_performances
"Imoh, Elizabeth",Virginia,ACC,100H,2024,1,,,14.42,s,Virginia Opener,2024-03-23,,,1.1,Outdoor,https://www.tfrrs.org/results/84945/5129857/Virginia_Opener/100-Hurdles,TFRRS all_performances
"Spoor, Elsa",Virginia,ACC,100H,2024,1,,,17.09,s,Virginia Opener,2024-03-23,,,1.7,Outdoor,https://www.tfrrs.org/results/84945/5129857/Virginia_Opener/100-Hurdles,TFRRS all_performances
"Akpan, Sophia",Virginia,ACC,100H,2024,2,,,14.62,s,Raleigh Relays,2024-03-28,,,1.4,Outdoor,https://www.tfrrs.org/results/85174/5146947/Raleigh_Relays/100-Hurdles,TFRRS all_performances
"Drakeford, Brooke'Lyn",Virginia,ACC,100H,2024,1,,,14.82,s,Raleigh Relays,2024-03-28,,,1.1,Outdoor,https://www.tfrrs.org/results/85174/5146947/Raleigh_Relays/100-Hurdles,TFRRS all_performances
"Drakeford, Brooke'Lyn",Virginia,ACC,100H,2024,1,,,14.92,s,VertKlasse Meeting,2024-04-05,,,2.0,Outdoor,https://www.tfrrs.org/results/85654/5173149/VertKlasse_Meeting/100-Hurdles,TFRRS all_performances
"Imoh, Elizabeth",Virginia,ACC,100H,2024,1,,,14.58,s,VertKlasse Meeting,2024-04-05,,,1.8,Outdoor,https://www.tfrrs.org/results/85654/5173139/VertKlasse_Meeting/100-Hurdles,TFRRS all_performances
"Drakeford, Brooke'Lyn",Virginia,ACC,100H,2024,1,,,15.23,s,Virginia Challenge,2024-04-19,,,0.1,Outdoor,https://www.tfrrs.org/results/86255/5218637/Virginia_Challenge/100-Hurdles,TFRRS all_performances
"Imoh, Elizabeth",Virginia,ACC,100H,2024,1,,,14.32,s,Virginia Challenge,2024-04-19,,,0.6,Outdoor,https://www.tfrrs.org/results/86255/5218637/Virginia_Challenge/100-Hurdles,TFRRS all_performances
"Spoor, Elsa",Virginia,ACC,100H,2024,1,,,16.55,s,Virginia Challenge,2024-04-19,,,0.1,Outdoor,https://www.tfrrs.org/results/86255/5218637/Virginia_Challenge/100-Hurdles,TFRRS all_performances
"Akpan, Sophia",Virginia,ACC,100H,2024,2,,,14.19,s,Virginia High Performance,2024-04-28,,,1.4,Outdoor,https://www.tfrrs.org/results/84590/5245430/Virginia_High_Performance/100-Hurdles,TFRRS all_performances
"Imoh, Elizabeth",Virginia,ACC,100H,2024,1,,,14.34,s,Virginia High Performance,2024-04-28,,,1.4,Outdoor,https://www.tfrrs.org/results/84590/5245430/Virginia_High_Performance/100-Hurdles,TFRRS all_performances
"Akpan, Sophia",Virginia,ACC,100H,2024,2,,,14.26,s,ACC Outdoor Track & Field Championships,2024-05-09,,,0.1,Outdoor,https://www.tfrrs.org/results/86920/5278893/ACC_Outdoor_Track__Field_Championships/100-Hurdles,TFRRS all_performances
"Spoor, Elsa",Virginia,ACC,100H,2024,1,,,16.63,s,ACC Outdoor Track & Field Championships,2024-05-09,,,0.8,Outdoor,https://www.tfrrs.org/results/86920/5278921/ACC_Outdoor_Track__Field_Championships/100-Hurdles,TFRRS all_performances
"Wise, Taylen",Arizona,Big 12,100H,2024,2,,,14.05,seconds,2024 Arizona Spring Break Fiesta,2024-03-16,,,-2.3,Outdoor,https://www.tfrrs.org/results/81574/5113940/2024_Arizona_Spring_Break_Fiesta/100-Hurdles,TFRRS all_performances
"Powers, Hollan",Arizona,Big 12,100H,2024,3,,,13.76,seconds,2024 Jim Click Shootout,2024-04-05,,,2.0,Outdoor,https://www.tfrrs.org/results/81577/5175659/_2024_Jim_Click_Shootout/100-Hurdles,TFRRS all_performances
"Woods, Cecelia",Arizona,Big 12,100H,2024,1,,,15.37,seconds,2024 Jim Click Shootout,2024-04-05,,,+0.0,Outdoor,https://www.tfrrs.org/results/81577/5171481/_2024_Jim_Click_Shootout/100-Hurdles,TFRRS all_performances
"Powers, Hollan",Arizona,Big 12,100H,2024,3,,,14.01,seconds,Desert Heat Classic 2024,2024-04-27,,,0.3,Outdoor,https://www.tfrrs.org/results/81578/5242971/_Desert_Heat_Classic_2024/100-Hurdles,TFRRS all_performances
"Powers, Hollan",Arizona,Big 12,100H,2024,3,,,13.63,seconds,PAC-12 Track and Field Championships,2024-05-10,,,2.0,Outdoor,https://www.tfrrs.org/results/83706/5277506/PAC-12_Track_and_Field_Championships/100-Hurdles,TFRRS all_performances
"Psarras, Emily",Arizona,Big 12,100H,2024,1,,,16.77,seconds,PAC-12 Track and Field Championships,2024-05-10,,,-1.5,Outdoor,https://www.tfrrs.org/results/83706/5277506/PAC-12_Track_and_Field_Championships/100-Hurdles,TFRRS all_performances
"Wise, Taylen",Arizona,Big 12,100H,2024,2,,,14.23,seconds,PAC-12 Track and Field Championships,2024-05-10,,,1.6,Outdoor,https://www.tfrrs.org/results/83706/5277519/PAC-12_Track_and_Field_Championships/100-Hurdles,TFRRS all_performances
"Bingham, Kathryn",BYU,Big 12,100H,2024,4,,,15.42,seconds,2024 Arizona Spring Break Fiesta,2024-03-16,,,-2.3,Outdoor,https://www.tfrrs.org/results/81574/5113940/2024_Arizona_Spring_Break_Fiesta/100-Hurdles,TFRRS all_performances
"Bird, Cameron",BYU,Big 12,100H,2024,2,,,15.21,seconds,2024 Arizona Spring Break Fiesta,2024-03-16,,,-1.6,Outdoor,https://www.tfrrs.org/results/81574/5113940/2024_Arizona_Spring_Break_Fiesta/100-Hurdles,TFRRS all_performances
"Bonds, Zoey",BYU,Big 12,100H,2024,2,,,14.45,seconds,2024 Arizona Spring Break Fiesta,2024-03-16,,,-1.6,Outdoor,https://www.tfrrs.org/results/81574/5113940/2024_Arizona_Spring_Break_Fiesta/100-Hurdles,TFRRS all_performances
"Eaton , Madelyn",BYU,Big 12,100H,2024,3,,,14.74,seconds,2024 Arizona Spring Break Fiesta,2024-03-16,,,-1.6,Outdoor,https://www.tfrrs.org/results/81574/5113940/2024_Arizona_Spring_Break_Fiesta/100-Hurdles,TFRRS all_performances
"Taggart, Madelynee",BYU,Big 12,100H,2024,1,,,15.37,seconds,2024 Arizona Spring Break Fiesta,2024-03-16,,,-1.0,Outdoor,https://www.tfrrs.org/results/81574/5113940/2024_Arizona_Spring_Break_Fiesta/100-Hurdles,TFRRS all_performances
"Wilde, Brinnlee",BYU,Big 12,100H,2024,1,,,15.40,seconds,2024 Arizona Spring Break Fiesta,2024-03-16,,,-1.6,Outdoor,https://www.tfrrs.org/results/81574/5113940/2024_Arizona_Spring_Break_Fiesta/100-Hurdles,TFRRS all_performances
"Bird, Cameron",BYU,Big 12,100H,2024,2,,,15.11,seconds,45th Aztec Invitational,2024-03-22,,,-0.4,Outdoor,https://www.tfrrs.org/results/83606/5227664/45th_Aztec_Invitational/100-Hurdles,TFRRS all_performances
"Bonds, Zoey",BYU,Big 12,100H,2024,2,,,14.23,seconds,45th Aztec Invitational,2024-03-22,,,1.8,Outdoor,https://www.tfrrs.org/results/83606/5129700/45th_Aztec_Invitational/100-Hurdles,TFRRS all_performances
"Bonds, Zoey",BYU,Big 12,100H,2024,2,,,14.29,seconds,45th Aztec Invitational,2024-03-22,,,-0.4,Outdoor,https://www.tfrrs.org/results/83606/5227664/45th_Aztec_Invitational/100-Hurdles,TFRRS all_performances
"Wilde, Brinnlee",BYU,Big 12,100H,2024,1,,,14.95,seconds,45th Aztec Invitational,2024-03-22,,,-0.4,Outdoor,https://www.tfrrs.org/results/83606/5227664/45th_Aztec_Invitational/100-Hurdles,TFRRS all_performances
"Taylor, Mayci",BYU,Big 12,100H,2024,3,,,14.82,seconds,2024 96th Clyde Littlefield Texas Relays,2024-03-27,,,0.4,Outdoor,https://www.tfrrs.org/results/83393/5229775/2024_96th_Clyde_Littlefield_Texas_Relays/100-Hurdles,TFRRS all_performances
"Taggart, Madelynee",BYU,Big 12,100H,2024,1,,,15.35,seconds,2024 UVU Collegiate Invitational,2024-03-29,,,-1.8,Outdoor,https://www.tfrrs.org/results/83001/5155417/2024_UVU_Collegiate_Invitational/100-Hurdles,TFRRS all_performances
"Bird, Cameron",BYU,Big 12,100H,2024,2,,,15.59,seconds,Weber State Spring Classic,2024-04-05,,,0.2,Outdoor,https://www.tfrrs.org/results/84593/5166398/Weber_State_Spring_Classic/100-Hurdles,TFRRS all_performances
"Bonds, Zoey",BYU,Big 12,100H,2024,2,,,14.47,seconds,Weber State Spring Classic,2024-04-05,,,0.2,Outdoor,https://www.tfrrs.org/results/84593/5166398/Weber_State_Spring_Classic/100-Hurdles,TFRRS all_performances
"Eaton , Madelyn",BYU,Big 12,100H,2024,3,,,15.14,seconds,Weber State Spring Classic,2024-04-05,,,0.2,Outdoor,https://www.tfrrs.org/results/84593/5166398/Weber_State_Spring_Classic/100-Hurdles,TFRRS all_performances
"Taggart, Madelynee",BYU,Big 12,100H,2024,1,,,15.84,seconds,Weber State Spring Classic,2024-04-05,,,-0.9,Outdoor,https://www.tfrrs.org/results/84593/5166398/Weber_State_Spring_Classic/100-Hurdles,TFRRS all_performances
"Wilde, Brinnlee",BYU,Big 12,100H,2024,1,,,15.26,seconds,Weber State Spring Classic,2024-04-05,,,0.2,Outdoor,https://www.tfrrs.org/results/84593/5166398/Weber_State_Spring_Classic/100-Hurdles,TFRRS all_performances
"Bird, Cameron",BYU,Big 12,100H,2024,2,,,14.97,seconds,Beach Invitational 2024,2024-04-12,,,1.4,Outdoor,https://www.tfrrs.org/results/81678/5194156/Beach_Invitational_2024/100-Hurdles,TFRRS all_performances
"Bird, Cameron",BYU,Big 12,100H,2024,2,,,14.67,seconds,2024 BYU Robison Invitational,2024-04-25,,,1.3,Outdoor,https://www.tfrrs.org/results/84592/5242847/2024_BYU_Robison_Invitational/100-Hurdles,TFRRS all_performances
"Bonds, Zoey",BYU,Big 12,100H,2024,2,,,13.85,seconds,2024 BYU Robison Invitational,2024-04-25,,,1.3,Outdoor,https://www.tfrrs.org/results/84592/5242847/2024_BYU_Robison_Invitational/100-Hurdles,TFRRS all_performances
"Eaton , Madelyn",BYU,Big 12,100H,2024,3,,,14.60,seconds,2024 BYU Robison Invitational,2024-04-25,,,1.3,Outdoor,https://www.tfrrs.org/results/84592/5242860/2024_BYU_Robison_Invitational/100-Hurdles,TFRRS all_performances
"Eaton , Madelyn",BYU,Big 12,100H,2024,3,,,14.72,seconds,2024 BYU Robison Invitational,2024-04-25,,,1.1,Outdoor,https://www.tfrrs.org/results/84592/5242860/2024_BYU_Robison_Invitational/100-Hurdles,TFRRS all_performances
"Middleton, Lindsey",BYU,Big 12,100H,2024,3,,,32.80,seconds,2024 BYU Robison Invitational,2024-04-25,,,1.3,Outdoor,https://www.tfrrs.org/results/84592/5242860/2024_BYU_Robison_Invitational/100-Hurdles,TFRRS all_performances
"Taylor, Mayci",BYU,Big 12,100H,2024,3,,,14.32,seconds,2024 BYU Robison Invitational,2024-04-25,,,1.1,Outdoor,https://www.tfrrs.org/results/84592/5242847/2024_BYU_Robison_Invitational/100-Hurdles,TFRRS all_performances
"Wilde, Brinnlee",BYU,Big 12,100H,2024,1,,,14.54,seconds,2024 BYU Robison Invitational,2024-04-25,,,1.3,Outdoor,https://www.tfrrs.org/results/84592/5242847/2024_BYU_Robison_Invitational/100-Hurdles,TFRRS all_performances
"Bonds, Zoey",BYU,Big 12,100H,2024,2,,,14.14,seconds,Big 12 Outdoor Track & Field Championship,2024-05-09,,,0.4,Outdoor,https://www.tfrrs.org/results/82314/5276144/Big_12_Outdoor_Track__Field_Championship/100-Hurdles,TFRRS all_performances
"Taylor, Mayci",BYU,Big 12,100H,2024,3,,,14.60,seconds,Big 12 Outdoor Track & Field Championship,2024-05-09,,,-2.0,Outdoor,https://www.tfrrs.org/results/82314/5276138/Big_12_Outdoor_Track__Field_Championship/100-Hurdles,TFRRS all_performances
"Fisher, Kiersten",Iowa State,Big 12,100H,2024,3,,,13.98,seconds,Hurricane Alumni Invitational,2024-04-05,,,0.3,Outdoor,https://www.tfrrs.org/results/85657/5225113/Hurricane_Alumni_Invitational/100-Hurdles,TFRRS all_performances
"Gubbels, Kailynn",Iowa State,Big 12,100H,2024,2,,,14.69,seconds,Hurricane Alumni Invitational,2024-04-05,,,1.8,Outdoor,https://www.tfrrs.org/results/85657/5225113/Hurricane_Alumni_Invitational/100-Hurdles,TFRRS all_performances
"Fisher, Kiersten",Iowa State,Big 12,100H,2024,3,,,13.91,seconds,ISU Alumni Invitational,2024-05-03,,,1.5,Outdoor,https://www.tfrrs.org/results/86824/5259963/ISU_Alumni_Invitational/100-Hurdles,TFRRS all_performances
"Gubbels, Kailynn",Iowa State,Big 12,100H,2024,2,,,14.87,seconds,ISU Alumni Invitational,2024-05-03,,,1.5,Outdoor,https://www.tfrrs.org/results/86824/5259963/ISU_Alumni_Invitational/100-Hurdles,TFRRS all_performances
"Fisher, Kiersten",Iowa State,Big 12,100H,2024,3,,,14.13,seconds,Big 12 Outdoor Track & Field Championship,2024-05-09,,,0.4,Outdoor,https://www.tfrrs.org/results/82314/5276144/Big_12_Outdoor_Track__Field_Championship/100-Hurdles,TFRRS all_performances
"Fisher, Kiersten",Iowa State,Big 12,100H,2024,3,,,14.33,seconds,Big 12 Outdoor Track & Field Championship,2024-05-09,,,-2.0,Outdoor,https://www.tfrrs.org/results/82314/5276138/Big_12_Outdoor_Track__Field_Championship/100-Hurdles,TFRRS all_performances
"Gubbels, Kailynn",Iowa State,Big 12,100H,2024,2,,,14.67,seconds,Big 12 Outdoor Track & Field Championship,2024-05-09,,,-1.3,Outdoor,https://www.tfrrs.org/results/82314/5276138/Big_12_Outdoor_Track__Field_Championship/100-Hurdles,TFRRS all_performances
"Krebs, Naomi",Texas Tech,Big 12,100H,2024,2,,,13.24,seconds,Masked Rider Open,2024-03-22,,,1.6,Outdoor,https://www.tfrrs.org/results/84946/5137049/Masked_Rider_Open/100-Hurdles,TFRRS all_performances
"Smith, Destiny",Texas Tech,Big 12,100H,2024,3,,,13.54,seconds,Masked Rider Open,2024-03-22,,,1.6,Outdoor,https://www.tfrrs.org/results/84946/5137049/Masked_Rider_Open/100-Hurdles,TFRRS all_performances
"Krebs, Naomi",Texas Tech,Big 12,100H,2024,2,,,13.40,seconds,Tom Jones Memorial Invitational,2024-04-12,,,0.9,Outdoor,https://www.tfrrs.org/results/85961/5199024/Tom_Jones_Memorial_Invitational/100-Hurdles,TFRRS all_performances
"Smith, Destiny",Texas Tech,Big 12,100H,2024,3,,,13.26,seconds,Tom Jones Memorial Invitational,2024-04-12,,,0.4,Outdoor,https://www.tfrrs.org/results/85961/5199024/Tom_Jones_Memorial_Invitational/100-Hurdles,TFRRS all_performances
"Krebs, Naomi",Texas Tech,Big 12,100H,2024,2,,,13.31,seconds,Michael Johnson Invitational,2024-04-19,,,1.5,Outdoor,https://www.tfrrs.org/results/81449/5219283/Michael_Johnson_Invitational/100-Hurdles,TFRRS all_performances
"Smith, Destiny",Texas Tech,Big 12,100H,2024,3,,,13.49,seconds,NCAA Division I Outdoor Track & Field Championships,2024-05-05,,,1.1,Outdoor,https://www.tfrrs.org/results/87017/5286191/NCAA_Division_I_Outdoor_Track__Field_Championships/100-Hurdles,TFRRS all_performances
"Krebs, Naomi",Texas Tech,Big 12,100H,2024,2,,,13.59,seconds,Big 12 Outdoor Track & Field Championship,2024-05-09,,,-0.2,Outdoor,https://www.tfrrs.org/results/82314/5276144/Big_12_Outdoor_Track__Field_Championship/100-Hurdles,TFRRS all_performances
"Smith, Destiny",Texas Tech,Big 12,100H,2024,3,,,13.61,seconds,Big 12 Outdoor Track & Field Championship,2024-05-09,,,-0.2,Outdoor,https://www.tfrrs.org/results/82314/5276144/Big_12_Outdoor_Track__Field_Championship/100-Hurdles,TFRRS all_performances
"Krebs, Naomi",Texas Tech,Big 12,100H,2024,2,,,13.21,seconds,NCAA West First Round,2024-05-22,,,1.5,Outdoor,https://www.tfrrs.org/results/86989/5284407/NCAA_West_First_Round/100-Hurdles,TFRRS all_performances
"Smith, Destiny",Texas Tech,Big 12,100H,2024,3,,,13.36,seconds,NCAA West First Round,2024-05-22,,,1.0,Outdoor,https://www.tfrrs.org/results/86989/5284407/NCAA_West_First_Round/100-Hurdles,TFRRS all_performances
"Ilves, Johanna",Nebraska,Big Ten,100H,2024,4,,,13.70,seconds,Pepsi Florida Relays,2024-03-29,,,0.8,Outdoor,https://www.tfrrs.org/results/83593/5148557/Pepsi_Florida_Relays/100-Hurdles,TFRRS all_performances
"Wanjoku, Favour",Nebraska,Big Ten,100H,2024,3,,,14.42,seconds,Pepsi Florida Relays,2024-03-29,,,1.4,Outdoor,https://www.tfrrs.org/results/83593/5148557/Pepsi_Florida_Relays/100-Hurdles,TFRRS all_performances
"Artley, Abrielle",Nebraska,Big Ten,100H,2024,1,,,14.92,seconds,2024 Jim Click Shootout,2024-04-05,,,+0.0,Outdoor,https://www.tfrrs.org/results/81577/5171481/_2024_Jim_Click_Shootout/100-Hurdles,TFRRS all_performances
"Ilves, Johanna",Nebraska,Big Ten,100H,2024,4,,,13.56,seconds,2024 Jim Click Shootout,2024-04-05,,,1.4,Outdoor,https://www.tfrrs.org/results/81577/5171481/_2024_Jim_Click_Shootout/100-Hurdles,TFRRS all_performances
"Deebom, Bariborve",Nebraska,Big Ten,100H,2024,1,,,14.25,seconds,Michael Johnson Invitational,2024-04-19,,,1.5,Outdoor,https://www.tfrrs.org/results/81449/5219283/Michael_Johnson_Invitational/100-Hurdles,TFRRS all_performances
"Wanjoku, Favour",Nebraska,Big Ten,100H,2024,3,,,14.56,seconds,Michael Johnson Invitational,2024-04-19,,,0.5,Outdoor,https://www.tfrrs.org/results/81449/5219283/Michael_Johnson_Invitational/100-Hurdles,TFRRS all_performances
"Ilves, Johanna",Nebraska,Big Ten,100H,2024,4,,,13.69,seconds,114th Drake Relays,2024-04-24,,,2.0,Outdoor,https://www.tfrrs.org/results/84215/5243223/114th_Drake_Relays/100-Hurdles,TFRRS all_performances
"Stepney, LaQwasia",Nebraska,Big Ten,100H,2024,4,,,14.64,seconds,114th Drake Relays,2024-04-24,,,1.8,Outdoor,https://www.tfrrs.org/results/84215/5243223/114th_Drake_Relays/100-Hurdles,TFRRS all_performances
"Wanjoku, Favour",Nebraska,Big Ten,100H,2024,3,,,14.41,seconds,Wichita State Shocker Open,2024-05-03,,,0.9,Outdoor,https://www.tfrrs.org/results/84237/5259782/Wichita_State_Shocker_Open/100-Hurdles,TFRRS all_performances
"Ilves, Johanna",Nebraska,Big Ten,100H,2024,4,,,13.42,seconds,Big Ten Outdoor Championships,2024-05-10,,,1.2,Outdoor,https://www.tfrrs.org/results/86945/5277370/Big_Ten_Outdoor_Championships/100-Hurdles,TFRRS all_performances
"Wanjoku, Favour",Nebraska,Big Ten,100H,2024,3,,,14.21,seconds,Big Ten Outdoor Championships,2024-05-10,,,2.0,Outdoor,https://www.tfrrs.org/results/86945/5277388/Big_Ten_Outdoor_Championships/100-Hurdles,TFRRS all_performances
"Ilves, Johanna",Nebraska,Big Ten,100H,2024,4,,,13.25,seconds,NCAA West First Round,2024-05-22,,,1.9,Outdoor,https://www.tfrrs.org/results/86989/5284407/NCAA_West_First_Round/100-Hurdles,TFRRS all_performances
"Bullock, Gianna",Oregon,Big Ten,100H,2024,3,,,14.31,seconds,Oregon Preview,2024-03-22,,,1.2,Outdoor,https://www.tfrrs.org/results/83408/5129291/Oregon_Preview/100-Hurdles,TFRRS all_performances
"Chocek, Taylor",Oregon,Big Ten,100H,2024,4,,,13.59,seconds,Oregon Preview,2024-03-22,,,1.2,Outdoor,https://www.tfrrs.org/results/83408/5129291/Oregon_Preview/100-Hurdles,TFRRS all_performances
"Uzoekwe, Colleen",Oregon,Big Ten,100H,2024,4,,,14.13,seconds,Oregon Preview,2024-03-22,,,0.5,Outdoor,https://www.tfrrs.org/results/83408/5129291/Oregon_Preview/100-Hurdles,TFRRS all_performances
"Bullock, Gianna",Oregon,Big Ten,100H,2024,3,,,14.28,seconds,Stanford Invitational,2024-03-29,,,+0.0,Outdoor,https://www.tfrrs.org/results/83461/5148847/Stanford_Invitational/100-Hurdles,TFRRS all_performances
"Chocek, Taylor",Oregon,Big Ten,100H,2024,4,,,13.87,seconds,Stanford Invitational,2024-03-29,,,+0.0,Outdoor,https://www.tfrrs.org/results/83461/5148847/Stanford_Invitational/100-Hurdles,TFRRS all_performances
"Uzoekwe, Colleen",Oregon,Big Ten,100H,2024,4,,,14.03,seconds,Stanford Invitational,2024-03-29,,,0.9,Outdoor,https://www.tfrrs.org/results/83461/5148847/Stanford_Invitational/100-Hurdles,TFRRS all_performances
"McCormick, Aaliyah",Oregon,Big Ten,100H,2024,2,,,13.11,seconds,Brutus Hamilton 2024,2024-04-06,,,1.2,Outdoor,https://www.tfrrs.org/results/81521/5172168/Brutus_Hamilton_2024/100-Hurdles,TFRRS all_performances
"Bullock, Gianna",Oregon,Big Ten,100H,2024,3,,,14.12,seconds,2024 Bryan Clay Invitational,2024-04-11,,,1.8,Outdoor,https://www.tfrrs.org/results/82236/5233073/2024_Bryan_Clay_Invitational/100-Hurdles,TFRRS all_performances
"Chocek, Taylor",Oregon,Big Ten,100H,2024,4,,,13.94,seconds,64th Annual Mt. SAC Relays,2024-04-17,,,-1.1,Outdoor,https://www.tfrrs.org/results/84352/5247041/64th_Annual_Mt_SAC_Relays/100-Hurdles,TFRRS all_performances
"McCormick, Aaliyah",Oregon,Big Ten,100H,2024,2,,,12.81,seconds,64th Annual Mt. SAC Relays,2024-04-17,,,1.8,Outdoor,https://www.tfrrs.org/results/84352/5221421/64th_Annual_Mt_SAC_Relays/100-Hurdles,TFRRS all_performances
"Bullock, Gianna",Oregon,Big Ten,100H,2024,3,,,14.05,seconds,Desert Heat Classic 2024,2024-04-27,,,0.9,Outdoor,https://www.tfrrs.org/results/81578/5242971/_Desert_Heat_Classic_2024/100-Hurdles,TFRRS all_performances
"Kannon, Madyson",Oregon,Big Ten,100H,2024,2,,,14.69,seconds,Desert Heat Classic 2024,2024-04-27,,,0.7,Outdoor,https://www.tfrrs.org/results/81578/5242971/_Desert_Heat_Classic_2024/100-Hurdles,TFRRS all_performances
"Williams, Annika",Oregon,Big Ten,100H,2024,3,,,14.82,seconds,Desert Heat Classic 2024,2024-04-27,,,0.3,Outdoor,https://www.tfrrs.org/results/81578/5242971/_Desert_Heat_Classic_2024/100-Hurdles,TFRRS all_performances
"Chocek, Taylor",Oregon,Big Ten,100H,2024,4,,,13.66,seconds,NCAA Division I Outdoor Track & Field Championships,2024-05-05,,,0.3,Outdoor,https://www.tfrrs.org/results/87017/5286218/NCAA_Division_I_Outdoor_Track__Field_Championships/100-Hurdles,TFRRS all_performances
"Williams, Annika",Oregon,Big Ten,100H,2024,3,,,13.75,seconds,NCAA Division I Outdoor Track & Field Championships,2024-05-05,,,1.9,Outdoor,https://www.tfrrs.org/results/87017/5286218/NCAA_Division_I_Outdoor_Track__Field_Championships/100-Hurdles,TFRRS all_performances
"Bullock, Gianna",Oregon,Big Ten,100H,2024,3,,,14.03,seconds,PAC-12 Track and Field Championships,2024-05-10,,,0.4,Outdoor,https://www.tfrrs.org/results/83706/5277506/PAC-12_Track_and_Field_Championships/100-Hurdles,TFRRS all_performances
"Chocek, Taylor",Oregon,Big Ten,100H,2024,4,,,13.58,seconds,PAC-12 Track and Field Championships,2024-05-10,,,2.0,Outdoor,https://www.tfrrs.org/results/83706/5277506/PAC-12_Track_and_Field_Championships/100-Hurdles,TFRRS all_performances
"Uzoekwe, Colleen",Oregon,Big Ten,100H,2024,4,,,14.06,seconds,PAC-12 Track and Field Championships,2024-05-10,,,0.4,Outdoor,https://www.tfrrs.org/results/83706/5277506/PAC-12_Track_and_Field_Championships/100-Hurdles,TFRRS all_performances
"Williams, Annika",Oregon,Big Ten,100H,2024,3,,,14.38,seconds,PAC-12 Track and Field Championships,2024-05-10,,,-1.5,Outdoor,https://www.tfrrs.org/results/83706/5277506/PAC-12_Track_and_Field_Championships/100-Hurdles,TFRRS all_performances
"Ballard, Simone",USC,Big Ten,100H,2024,2,,,13.41,seconds,Beach Opener 2024,2024-03-01,,,0.5,Outdoor,https://www.tfrrs.org/results/81676/5089218/Beach_Opener_2024/100-Hurdles,TFRRS all_performances
"Chan, Alexandra",USC,Big Ten,100H,2024,4,,,14.83,seconds,Beach Opener 2024,2024-03-01,,,1.8,Outdoor,https://www.tfrrs.org/results/81676/5089218/Beach_Opener_2024/100-Hurdles,TFRRS all_performances
"Strayhorn, Kiara",USC,Big Ten,100H,2024,2,,,14.37,seconds,Beach Opener 2024,2024-03-01,,,0.5,Outdoor,https://www.tfrrs.org/results/81676/5089218/Beach_Opener_2024/100-Hurdles,TFRRS all_performances
"Ballard, Simone",USC,Big Ten,100H,2024,2,,,13.52,seconds,Trojan Invite,2024-03-22,,,0.2,Outdoor,https://www.tfrrs.org/results/83310/5128040/Trojan_Invite/100-Hurdles,TFRRS all_performances
"Chan, Alexandra",USC,Big Ten,100H,2024,4,,,18.74,seconds,Trojan Invite,2024-03-22,,,0.2,Outdoor,https://www.tfrrs.org/results/83310/5128040/Trojan_Invite/100-Hurdles,TFRRS all_performances
"Waldron, Nonah",USC,Big Ten,100H,2024,1,,,13.30,seconds,Trojan Invite,2024-03-22,,,0.2,Outdoor,https://www.tfrrs.org/results/83310/5128040/Trojan_Invite/100-Hurdles,TFRRS all_performances
"Smith, Jalaysiya",USC,Big Ten,100H,2024,3,,,13.27,seconds,Pepsi Florida Relays,2024-03-29,,,0.3,Outdoor,https://www.tfrrs.org/results/83593/5148557/Pepsi_Florida_Relays/100-Hurdles,TFRRS all_performances
"Waldron, Nonah",USC,Big Ten,100H,2024,1,,,13.60,seconds,Pepsi Florida Relays,2024-03-29,,,0.8,Outdoor,https://www.tfrrs.org/results/83593/5148557/Pepsi_Florida_Relays/100-Hurdles,TFRRS all_performances
"Ballard, Simone",USC,Big Ten,100H,2024,2,,,13.28,seconds,64th Annual Mt. SAC Relays,2024-04-17,,,1.7,Outdoor,https://www.tfrrs.org/results/84352/5221421/64th_Annual_Mt_SAC_Relays/100-Hurdles,TFRRS all_performances
"Chan, Alexandra",USC,Big Ten,100H,2024,4,,,14.55,seconds,64th Annual Mt. SAC Relays,2024-04-17,,,0.4,Outdoor,https://www.tfrrs.org/results/84352/5221471/64th_Annual_Mt_SAC_Relays/100-Hurdles,TFRRS all_performances
"Smith, Jalaysiya",USC,Big Ten,100H,2024,3,,,13.38,seconds,64th Annual Mt. SAC Relays,2024-04-17,,,1.8,Outdoor,https://www.tfrrs.org/results/84352/5221421/64th_Annual_Mt_SAC_Relays/100-Hurdles,TFRRS all_performances
"Waldron, Nonah",USC,Big Ten,100H,2024,1,,,13.15,seconds,64th Annual Mt. SAC Relays,2024-04-17,,,1.7,Outdoor,https://www.tfrrs.org/results/84352/5221421/64th_Annual_Mt_SAC_Relays/100-Hurdles,TFRRS all_performances
"Ballard, Simone",USC,Big Ten,100H,2024,2,,,13.36,seconds,UCLA vs. USC Dual 2024,2024-04-27,,,-1.1,Outdoor,https://www.tfrrs.org/results/85649/5244810/UCLA_vs_USC_Dual_2024/100-Hurdles,TFRRS all_performances
"Chan, Alexandra",USC,Big Ten,100H,2024,4,,,14.51,seconds,UCLA vs. USC Dual 2024,2024-04-27,,,-1.1,Outdoor,https://www.tfrrs.org/results/85649/5244810/UCLA_vs_USC_Dual_2024/100-Hurdles,TFRRS all_performances
"Smith, Jalaysiya",USC,Big Ten,100H,2024,3,,,13.26,seconds,UCLA vs. USC Dual 2024,2024-04-27,,,-1.1,Outdoor,https://www.tfrrs.org/results/85649/5244810/UCLA_vs_USC_Dual_2024/100-Hurdles,TFRRS all_performances
"Waldron, Nonah",USC,Big Ten,100H,2024,1,,,13.53,seconds,UCLA vs. USC Dual 2024,2024-04-27,,,-1.1,Outdoor,https://www.tfrrs.org/results/85649/5244810/UCLA_vs_USC_Dual_2024/100-Hurdles,TFRRS all_performances
"Jones, Jasmine",USC,Big Ten,100H,2024,3,,,12.86,seconds,2024 Oxy Invitational (College/University),2024-05-04,,,-0.4,Outdoor,https://www.tfrrs.org/results/82298/5263912/2024_Oxy_Invitational_College_University/100-Hurdles,TFRRS all_performances
"Jones, Jasmine",USC,Big Ten,100H,2024,3,,,12.64,seconds,NCAA Division I Outdoor Track & Field Championships,2024-05-05,,,-0.5,Outdoor,https://www.tfrrs.org/results/87017/5286191/NCAA_Division_I_Outdoor_Track__Field_Championships/100-Hurdles,TFRRS all_performances
"Jones, Jasmine",USC,Big Ten,100H,2024,3,,,12.67,seconds,NCAA Division I Outdoor Track & Field Championships,2024-05-05,,,0.8,Outdoor,https://www.tfrrs.org/results/87017/5286191/NCAA_Division_I_Outdoor_Track__Field_Championships/100-Hurdles,TFRRS all_performances
"Smith, Jalaysiya",USC,Big Ten,100H,2024,3,,,12.77,seconds,NCAA Division I Outdoor Track & Field Championships,2024-05-05,,,0.8,Outdoor,https://www.tfrrs.org/results/87017/5286191/NCAA_Division_I_Outdoor_Track__Field_Championships/100-Hurdles,TFRRS all_performances
"Smith, Jalaysiya",USC,Big Ten,100H,2024,3,,,12.96,seconds,NCAA Division I Outdoor Track & Field Championships,2024-05-05,,,-0.5,Outdoor,https://www.tfrrs.org/results/87017/5286191/NCAA_Division_I_Outdoor_Track__Field_Championships/100-Hurdles,TFRRS all_performances
"Ballard, Simone",USC,Big Ten,100H,2024,2,,,13.23,seconds,PAC-12 Track and Field Championships,2024-05-10,,,1.6,Outdoor,https://www.tfrrs.org/results/83706/5277519/PAC-12_Track_and_Field_Championships/100-Hurdles,TFRRS all_performances
"Ballard, Simone",USC,Big Ten,100H,2024,2,,,13.52,seconds,PAC-12 Track and Field Championships,2024-05-10,,,-2.4,Outdoor,https://www.tfrrs.org/results/83706/5277519/PAC-12_Track_and_Field_Championships/100-Hurdles,TFRRS all_performances
"Jones, Jasmine",USC,Big Ten,100H,2024,3,,,12.86,seconds,PAC-12 Track and Field Championships,2024-05-10,,,-2.4,Outdoor,https://www.tfrrs.org/results/83706/5277519/PAC-12_Track_and_Field_Championships/100-Hurdles,TFRRS all_performances
"Jones, Jasmine",USC,Big Ten,100H,2024,3,,,12.94,seconds,PAC-12 Track and Field Championships,2024-05-10,,,-1.3,Outdoor,https://www.tfrrs.org/results/83706/5277519/PAC-12_Track_and_Field_Championships/100-Hurdles,TFRRS all_performances
"Smith, Jalaysiya",USC,Big Ten,100H,2024,3,,,13.22,seconds,PAC-12 Track and Field Championships,2024-05-10,,,1.6,Outdoor,https://www.tfrrs.org/results/83706/5277519/PAC-12_Track_and_Field_Championships/100-Hurdles,TFRRS all_performances
"Smith, Jalaysiya",USC,Big Ten,100H,2024,3,,,13.39,seconds,PAC-12 Track and Field Championships,2024-05-10,,,-2.4,Outdoor,https://www.tfrrs.org/results/83706/5277519/PAC-12_Track_and_Field_Championships/100-Hurdles,TFRRS all_performances
"Jones, Jasmine",USC,Big Ten,100H,2024,3,,,12.72,seconds,NCAA West First Round,2024-05-22,,,1.7,Outdoor,https://www.tfrrs.org/results/86989/5284407/NCAA_West_First_Round/100-Hurdles,TFRRS all_performances
"Smith, Jalaysiya",USC,Big Ten,100H,2024,3,,,12.94,seconds,NCAA West First Round,2024-05-22,,,1.0,Outdoor,https://www.tfrrs.org/results/86989/5284407/NCAA_West_First_Round/100-Hurdles,TFRRS all_performances
"Waldron, Nonah",USC,Big Ten,100H,2024,1,,,13.20,seconds,NCAA West First Round,2024-05-22,,,1.5,Outdoor,https://www.tfrrs.org/results/86989/5284407/NCAA_West_First_Round/100-Hurdles,TFRRS all_performances
"Coleman, Kapiolani",Washington,Big Ten,100H,2024,1,,,14.38,seconds,Stanford Invitational,2024-03-29,,,+0.0,Outdoor,https://www.tfrrs.org/results/83461/5148847/Stanford_Invitational/100-Hurdles,TFRRS all_performances
"Coleman, Kapiolani",Washington,Big Ten,100H,2024,1,,,14.22,seconds,Brutus Hamilton 2024,2024-04-06,,,1.2,Outdoor,https://www.tfrrs.org/results/81521/5172168/Brutus_Hamilton_2024/100-Hurdles,TFRRS all_performances
"Washburn, Ava",Washington,Big Ten,100H,2024,,,,15.46,seconds,Fresno State Invite,2024-04-26,,,-0.5,Outdoor,https://www.tfrrs.org/results/82828/5242957/Fresno_State_Invite/100-Hurdles,TFRRS all_performances
"Welsing, Melanie",Florida,SEC,100H,2024,4,,,14.50,seconds,FSU Relays,2024-03-21,,,-0.6,Outdoor,https://www.tfrrs.org/results/84936/5126530/FSU_Relays/100-Hurdles,TFRRS all_performances
"Hollis, Jayla",Florida,SEC,100H,2024,4,,,13.31,seconds,Pepsi Florida Relays,2024-03-29,,,1.5,Outdoor,https://www.tfrrs.org/results/83593/5148557/Pepsi_Florida_Relays/100-Hurdles,TFRRS all_performances
"Hollis, Jayla",Florida,SEC,100H,2024,4,,,13.32,seconds,Pepsi Florida Relays,2024-03-29,,,1.5,Outdoor,https://www.tfrrs.org/results/83593/5148557/Pepsi_Florida_Relays/100-Hurdles,TFRRS all_performances
"Stark, Grace",Florida,SEC,100H,2024,4,,,12.70,seconds,Pepsi Florida Relays,2024-03-29,,,1.5,Outdoor,https://www.tfrrs.org/results/83593/5148557/Pepsi_Florida_Relays/100-Hurdles,TFRRS all_performances
"Stark, Grace",Florida,SEC,100H,2024,4,,,12.78,seconds,Pepsi Florida Relays,2024-03-29,,,1.4,Outdoor,https://www.tfrrs.org/results/83593/5148557/Pepsi_Florida_Relays/100-Hurdles,TFRRS all_performances
"Welsing, Melanie",Florida,SEC,100H,2024,4,,,14.12,seconds,Pepsi Florida Relays,2024-03-29,,,0.3,Outdoor,https://www.tfrrs.org/results/83593/5148557/Pepsi_Florida_Relays/100-Hurdles,TFRRS all_performances
"Welsing, Melanie",Florida,SEC,100H,2024,4,,,14.01,seconds,Hurricane Alumni Invitational,2024-04-05,,,-0.1,Outdoor,https://www.tfrrs.org/results/85657/5225113/Hurricane_Alumni_Invitational/100-Hurdles,TFRRS all_performances
"Hollis, Jayla",Florida,SEC,100H,2024,4,,,13.37,seconds,Tom Jones Memorial Invitational,2024-04-12,,,0.4,Outdoor,https://www.tfrrs.org/results/85961/5199024/Tom_Jones_Memorial_Invitational/100-Hurdles,TFRRS all_performances
"Stark, Grace",Florida,SEC,100H,2024,4,,,12.56,seconds,Tom Jones Memorial Invitational,2024-04-12,,,1.1,Outdoor,https://www.tfrrs.org/results/85961/5199024/Tom_Jones_Memorial_Invitational/100-Hurdles,TFRRS all_performances
"Stark, Grace",Florida,SEC,100H,2024,4,,,12.71,seconds,Tom Jones Memorial Invitational,2024-04-12,,,0.9,Outdoor,https://www.tfrrs.org/results/85961/5199024/Tom_Jones_Memorial_Invitational/100-Hurdles,TFRRS all_performances
"Hollis, Jayla",Florida,SEC,100H,2024,4,,,12.97,seconds,LSU Invitational,2024-04-27,,,1.8,Outdoor,https://www.tfrrs.org/results/84133/5240890/LSU_Invitational/100-Hurdles,TFRRS all_performances
"Welsing, Melanie",Florida,SEC,100H,2024,4,,,14.12,seconds,LSU Invitational,2024-04-27,,,1.8,Outdoor,https://www.tfrrs.org/results/84133/5240890/LSU_Invitational/100-Hurdles,TFRRS all_performances
"Stark, Grace",Florida,SEC,100H,2024,4,,,12.47,seconds,NCAA Division I Outdoor Track & Field Championships,2024-05-05,,,-0.5,Outdoor,https://www.tfrrs.org/results/87017/5286191/NCAA_Division_I_Outdoor_Track__Field_Championships/100-Hurdles,TFRRS all_performances
"Stark, Grace",Florida,SEC,100H,2024,4,,,12.53,seconds,SEC Outdoor Track & Field Championships,2024-05-09,,,0.8,Outdoor,https://www.tfrrs.org/results/85812/5273720/SEC_Outdoor_Track__Field_Championships/100-Hurdles,TFRRS all_performances
"Hollis, Jayla",Florida,SEC,100H,2024,4,,,13.12,seconds,SEC Outdoor Track & Field Championships,2024-05-10,Prelim,10,4.4,Outdoor,https://www.tfrrs.org/athletes/8364542/Florida/Jayla_Hollis.html,legacy_source_needs_review
"Stark, Grace",Florida,SEC,100H,2024,4,,,12.67,seconds,SEC Outdoor Track & Field Championships,2024-05-10,Prelim,2,4.4,Outdoor,https://www.tfrrs.org/athletes/7533304/Florida/Grace_Stark.html,legacy_source_needs_review
"Hollis, Jayla",Florida,SEC,100H,2024,4,,,46.10,seconds,NCAA East First Round,2024-05-22,,,0.5,Outdoor,https://www.tfrrs.org/results/86997/5284582/NCAA_East_First_Round/100-Hurdles,TFRRS all_performances
"Stark, Grace",Florida,SEC,100H,2024,4,,,12.55,seconds,NCAA East First Round,2024-05-22,,,1.4,Outdoor,https://www.tfrrs.org/results/86997/5284582/NCAA_East_First_Round/100-Hurdles,TFRRS all_performances
"Stark, Grace",Florida,SEC,100H,2024,4,,,12.88,seconds,NCAA East First Round,2024-05-22,,,0.5,Outdoor,https://www.tfrrs.org/results/86997/5284582/NCAA_East_First_Round/100-Hurdles,TFRRS all_performances
"Stark, Grace",Florida,SEC,100H,2024,4,,,12.52,seconds,NCAA Division I Outdoor Track & Field Championships,2024-06-06,Semifinal,1,3.4,Outdoor,https://www.tfrrs.org/athletes/7533304/Florida/Grace_Stark.html,legacy_source_needs_review
"Stark, Grace",Florida,SEC,100H,2024,4,,,12.47,seconds,NCAA Division I Outdoor Track & Field Championships,2024-06-08,Final,1,-0.5,Outdoor,https://www.tfrrs.org/athletes/7533304/Florida/Grace_Stark.html,legacy_source_needs_review
"Rush, Ella",Georgia,SEC,100H,2024,2,,,15.14,seconds,Hurricane Collegiate Invite,2024-03-23,,,-0.1,Outdoor,https://www.tfrrs.org/results/84947/5225229/Hurricane_Collegiate_Invite_/100-Hurdles,TFRRS all_performances
"Rush, Ella",Georgia,SEC,100H,2024,2,,,15.02,seconds,Hurricane Alumni Invitational,2024-04-05,,,1.3,Outdoor,https://www.tfrrs.org/results/85657/5225113/Hurricane_Alumni_Invitational/100-Hurdles,TFRRS all_performances
Bella Witt,Georgia,SEC,100H,2024,3,,,13.24,seconds,Tom Jones Memorial Invitational,2024-04-12,Prelim,12,2.1,Outdoor,https://www.tfrrs.org/athletes/8996999/UCLA/Bella_Witt.html,legacy_source_needs_review
"Rush, Ella",Georgia,SEC,100H,2024,2,,,14.62,seconds,Georgia Tech Invitational,2024-04-19,,,-1.4,Outdoor,https://www.tfrrs.org/results/86277/5219588/Georgia_Tech_Invitational/100-Hurdles,TFRRS all_performances
"Rush, Ella",Georgia,SEC,100H,2024,2,,,14.16,seconds,LSU Invitational,2024-04-27,,,1.8,Outdoor,https://www.tfrrs.org/results/84133/5240890/LSU_Invitational/100-Hurdles,TFRRS all_performances
"Rush, Ella",Georgia,SEC,100H,2024,2,,,14.30,seconds,NCAA Division I Outdoor Track & Field Championships,2024-05-05,,,0.4,Outdoor,https://www.tfrrs.org/results/87017/5286218/NCAA_Division_I_Outdoor_Track__Field_Championships/100-Hurdles,TFRRS all_performances
"Rush, Ella",Georgia,SEC,100H,2024,2,,,14.18,seconds,SEC Outdoor Track & Field Championships,2024-05-09,Heptathlon,9,2.3,Outdoor,https://www.tfrrs.org/athletes/8235205/Georgia/Ella_Rush.html,legacy_source_needs_review
"Rush, Ella",Georgia,SEC,100H,2024,2,,,14.3,seconds,NCAA Division I Outdoor Track & Field Championships,2024-06-05,Heptathlon,21,0.4,Outdoor,https://www.tfrrs.org/athletes/8235205/Georgia/Ella_Rush.html,legacy_source_needs_review
"Glasco, Alexis",Kentucky,SEC,100H,2024,3,,,13.04,seconds,USF Bulls Alumni Invitational,2024-03-15,,,1.6,Outdoor,https://www.tfrrs.org/results/82252/5112620/USF_Bulls_Alumni_Invitational/100-Hurdles,TFRRS all_performances
"Hufnagel, Charity",Kentucky,SEC,100H,2024,4,,,14.37,seconds,2024 96th Clyde Littlefield Texas Relays,2024-03-27,,,-0.4,Outdoor,https://www.tfrrs.org/results/83393/5229775/2024_96th_Clyde_Littlefield_Texas_Relays/100-Hurdles,TFRRS all_performances
"Glasco, Alexis",Kentucky,SEC,100H,2024,3,,,13.26,seconds,LSU Battle on the Bayou,2024-03-29,,,0.9,Outdoor,https://www.tfrrs.org/results/84130/5145869/LSU_Battle_on_the_Bayou/100-Hurdles,TFRRS all_performances
"Pedigo, Ariel",Kentucky,SEC,100H,2024,3,,,15.78,seconds,LSU Battle on the Bayou,2024-03-29,,,1.6,Outdoor,https://www.tfrrs.org/results/84130/5145869/LSU_Battle_on_the_Bayou/100-Hurdles,TFRRS all_performances
"Glasco, Alexis",Kentucky,SEC,100H,2024,3,,,13.24,seconds,Tom Jones Memorial Invitational,2024-04-12,,,0.4,Outdoor,https://www.tfrrs.org/results/85961/5199024/Tom_Jones_Memorial_Invitational/100-Hurdles,TFRRS all_performances
"Hufnagel, Charity",Kentucky,SEC,100H,2024,4,,,14.03,seconds,Tom Jones Memorial Invitational,2024-04-12,,,2.0,Outdoor,https://www.tfrrs.org/results/85961/5199026/Tom_Jones_Memorial_Invitational/100-Hurdles,TFRRS all_performances
"Glasco, Alexis",Kentucky,SEC,100H,2024,3,,,13.04,seconds,2024 Jim Green Invitational,2024-04-19,,,1.8,Outdoor,https://www.tfrrs.org/results/81771/5219378/2024_Jim_Green_Invitational/100-Hurdles,TFRRS all_performances
"Glasco, Alexis",Kentucky,SEC,100H,2024,3,,,13.14,seconds,2024 Jim Green Invitational,2024-04-19,,,1.6,Outdoor,https://www.tfrrs.org/results/81771/5219378/2024_Jim_Green_Invitational/100-Hurdles,TFRRS all_performances
"Gunnell, Julia",Kentucky,SEC,100H,2024,1,,,15.16,seconds,2024 Jim Green Invitational,2024-04-19,,,1.9,Outdoor,https://www.tfrrs.org/results/81771/5220717/2024_Jim_Green_Invitational/100-Hurdles,TFRRS all_performances
"Hufnagel, Charity",Kentucky,SEC,100H,2024,4,,,13.87,seconds,2024 Jim Green Invitational,2024-04-19,,,1.8,Outdoor,https://www.tfrrs.org/results/81771/5219378/2024_Jim_Green_Invitational/100-Hurdles,TFRRS all_performances
"Hufnagel, Charity",Kentucky,SEC,100H,2024,4,,,14.10,seconds,2024 Jim Green Invitational,2024-04-19,,,1.6,Outdoor,https://www.tfrrs.org/results/81771/5219378/2024_Jim_Green_Invitational/100-Hurdles,TFRRS all_performances
"Pedigo, Ariel",Kentucky,SEC,100H,2024,3,,,15.33,seconds,2024 Jim Green Invitational,2024-04-19,,,1.0,Outdoor,https://www.tfrrs.org/results/81771/5220717/2024_Jim_Green_Invitational/100-Hurdles,TFRRS all_performances
"Glasco, Alexis",Kentucky,SEC,100H,2024,3,,,13.47,seconds,114th Drake Relays,2024-04-24,,,1.8,Outdoor,https://www.tfrrs.org/results/84215/5243223/114th_Drake_Relays/100-Hurdles,TFRRS all_performances
"Hufnagel, Charity",Kentucky,SEC,100H,2024,4,,,14.06,seconds,114th Drake Relays,2024-04-24,Prelim,17,2.3,Outdoor,https://www.tfrrs.org/athletes/8581453/Kentucky/Charity_Hufnagel,legacy_source_needs_review
"Glasco, Alexis",Kentucky,SEC,100H,2024,3,,,12.96,seconds,114th Drake Relays,2024-04-27,Final,2,2.1,Outdoor,https://www.tfrrs.org/athletes/8680445/Kentucky/Alexis_Glasco.html,legacy_source_needs_review
"Hufnagel, Charity",Kentucky,SEC,100H,2024,4,,,14.14,seconds,NCAA Division I Outdoor Track & Field Championships,2024-05-05,,,0.2,Outdoor,https://www.tfrrs.org/results/87017/5286218/NCAA_Division_I_Outdoor_Track__Field_Championships/100-Hurdles,TFRRS all_performances
"Glasco, Alexis",Kentucky,SEC,100H,2024,3,,,13.18,seconds,SEC Outdoor Track & Field Championships,2024-05-09,,,1.1,Outdoor,https://www.tfrrs.org/results/85812/5273720/SEC_Outdoor_Track__Field_Championships/100-Hurdles,TFRRS all_performances
"Hufnagel, Charity",Kentucky,SEC,100H,2024,4,,,13.86,seconds,SEC Outdoor Track & Field Championships,2024-05-09,Heptathlon,5,2.6,Outdoor,https://www.tfrrs.org/athletes/8581453/Kentucky/Charity_Hufnagel,legacy_source_needs_review
"Glasco, Alexis",Kentucky,SEC,100H,2024,3,,,13.00,seconds,NCAA East First Round,2024-05-22,,,1.1,Outdoor,https://www.tfrrs.org/results/86997/5284582/NCAA_East_First_Round/100-Hurdles,TFRRS all_performances
"Glasco, Alexis",Kentucky,SEC,100H,2024,3,,,13.50,seconds,NCAA East First Round,2024-05-22,,,0.5,Outdoor,https://www.tfrrs.org/results/86997/5284582/NCAA_East_First_Round/100-Hurdles,TFRRS all_performances
"Hufnagel, Charity",Kentucky,SEC,100H,2024,4,,,14.14,seconds,NCAA Division I Outdoor Track & Field Championships,2024-06-05,Heptathlon,20,0.2,Outdoor,https://www.tfrrs.org/athletes/8581453/Kentucky/Charity_Hufnagel,legacy_source_needs_review
"Fingall, Aysia",Clemson,ACC,100H,2025,2,,,14.43,s,UCF Black & Gold Challenge,2025-03-21,,,0.2,Outdoor,https://www.tfrrs.org/results/87054/5462796/UCF_Black__Gold_Challenge/100-Hurdles,TFRRS all_performances
"Fingall, Aysia",Clemson,ACC,100H,2025,2,,,14.28,s,2025 97th Clyde Littlefield Texas Relays,2025-03-26,,,2.0,Outdoor,https://www.tfrrs.org/results/89183/5483884/2025_97th_Clyde_Littlefield_Texas_Relays/100-Hurdles,TFRRS all_performances
"Fortuna, Emma",Clemson,ACC,100H,2025,2,,,16.34,s,Raleigh Relays,2025-03-27,,,-1.7,Outdoor,https://www.tfrrs.org/results/88921/5479551/Raleigh_Relays/100-Hurdles,TFRRS all_performances
"Fingall, Aysia",Clemson,ACC,100H,2025,2,,,14.65,s,Duke Invitational,2025-04-10,,,+0.0,Outdoor,https://www.tfrrs.org/results/87447/5540761/Duke_Invitational/100-Hurdles,TFRRS all_performances
"Kapoor, Isabelle",Clemson,ACC,100H,2025,3,,,14.68,s,Duke Invitational,2025-04-10,,,2.0,Outdoor,https://www.tfrrs.org/results/87447/5544713/Duke_Invitational/100-Hurdles,TFRRS all_performances
"Wilson, Oneka",Clemson,ACC,100H,2025,3,,,13.16,s,Duke Invitational,2025-04-10,,,1.0,Outdoor,https://www.tfrrs.org/results/87447/5540761/Duke_Invitational/100-Hurdles,TFRRS all_performances
"Wilson, Oneka",Clemson,ACC,100H,2025,3,,,13.41,s,Duke Invitational,2025-04-10,,,0.2,Outdoor,https://www.tfrrs.org/results/87447/5540761/Duke_Invitational/100-Hurdles,TFRRS all_performances
"Fingall, Aysia",Clemson,ACC,100H,2025,2,,,14.26,s,Tom Jones Invitational,2025-04-18,,,1.1,Outdoor,https://www.tfrrs.org/results/91823/5651918/Tom_Jones_Invitational/100-Hurdles,TFRRS all_performances
"Wilson, Oneka",Clemson,ACC,100H,2025,3,,,13.06,s,Tom Jones Invitational,2025-04-18,,,-3.1,Outdoor,https://www.tfrrs.org/results/91823/5651919/Tom_Jones_Invitational/100-Hurdles,TFRRS all_performances
"Wilson, Oneka",Clemson,ACC,100H,2025,3,,,13.07,s,Tom Jones Invitational,2025-04-18,,,-0.5,Outdoor,https://www.tfrrs.org/results/91823/5651919/Tom_Jones_Invitational/100-Hurdles,TFRRS all_performances
"Fingall, Aysia",Clemson,ACC,100H,2025,2,,,14.19,s,Penn Relays,2025-04-24,,,-1.0,Outdoor,https://www.tfrrs.org/results/92108/5610642/Penn_Relays/100-Hurdles,TFRRS all_performances
"Wilson, Oneka",Clemson,ACC,100H,2025,3,,,12.94,s,Penn Relays,2025-04-24,,,-0.1,Outdoor,https://www.tfrrs.org/results/92108/5610637/Penn_Relays/100-Hurdles,TFRRS all_performances
"Wilson, Oneka",Clemson,ACC,100H,2025,3,,,13.33,s,Penn Relays,2025-04-24,,,-1.9,Outdoor,https://www.tfrrs.org/results/92108/5610642/Penn_Relays/100-Hurdles,TFRRS all_performances
"Fingall, Aysia",Clemson,ACC,100H,2025,2,,,13.94,s,Duke Twilight,2025-05-04,,,1.9,Outdoor,https://www.tfrrs.org/results/87449/5626898/Duke_Twilight/100-Hurdles,TFRRS all_performances
"Fortuna, Emma",Clemson,ACC,100H,2025,2,,,15.20,s,Duke Twilight,2025-05-04,,,0.6,Outdoor,https://www.tfrrs.org/results/87449/5626898/Duke_Twilight/100-Hurdles,TFRRS all_performances
"Kapoor, Isabelle",Clemson,ACC,100H,2025,3,,,14.35,s,Duke Twilight,2025-05-04,,,1.9,Outdoor,https://www.tfrrs.org/results/87449/5626898/Duke_Twilight/100-Hurdles,TFRRS all_performances
"Fingall, Aysia",Clemson,ACC,100H,2025,2,,,13.88,s,ACC Outdoor Track & Field Championships,2025-05-15,,,0.5,Outdoor,https://www.tfrrs.org/results/91057/5659284/ACC_Outdoor_Track__Field_Championships/100-Hurdles,TFRRS all_performances
"Fortuna, Emma",Clemson,ACC,100H,2025,2,,,15.45,s,ACC Outdoor Track & Field Championships,2025-05-15,,,-1.2,Outdoor,https://www.tfrrs.org/results/91057/5660845/ACC_Outdoor_Track__Field_Championships/100-Hurdles,TFRRS all_performances
"Kapoor, Isabelle",Clemson,ACC,100H,2025,3,,,15.93,s,ACC Outdoor Track & Field Championships,2025-05-15,,,-2.5,Outdoor,https://www.tfrrs.org/results/91057/5660845/ACC_Outdoor_Track__Field_Championships/100-Hurdles,TFRRS all_performances
"Wilson, Oneka",Clemson,ACC,100H,2025,3,,,13.07,s,ACC Outdoor Track & Field Championships,2025-05-15,,,-0.5,Outdoor,https://www.tfrrs.org/results/91057/5659284/ACC_Outdoor_Track__Field_Championships/100-Hurdles,TFRRS all_performances
"Wilson, Oneka",Clemson,ACC,100H,2025,3,,,13.23,s,ACC Outdoor Track & Field Championships,2025-05-15,,,1.9,Outdoor,https://www.tfrrs.org/results/91057/5659284/ACC_Outdoor_Track__Field_Championships/100-Hurdles,TFRRS all_performances
"Wilson, Oneka",Clemson,ACC,100H,2025,3,,,13.04,s,NCAA Division I East First Round,2025-05-28,,,-0.2,Outdoor,https://www.tfrrs.org/results/92620/5669364/NCAA_Division_I_East_First_Round/100-Hurdles,TFRRS all_performances
"Wilson, Oneka",Clemson,ACC,100H,2025,3,,,13.05,s,NCAA Division I East First Round,2025-05-28,,,1.8,Outdoor,https://www.tfrrs.org/results/92620/5669364/NCAA_Division_I_East_First_Round/100-Hurdles,TFRRS all_performances
"Wilson, Oneka",Clemson,ACC,100H,2025,3,,,12.95,s,NCAA Division I Outdoor Track & Field Championships,2025-06-11,,,1.0,Outdoor,https://www.tfrrs.org/results/92668/5672539/NCAA_Division_I_Outdoor_Track__Field_Championships/100-Hurdles,TFRRS all_performances
"Wilson, Oneka",Clemson,ACC,100H,2025,3,,,13.02,s,NCAA Division I Outdoor Track & Field Championships,2025-06-11,,,-0.2,Outdoor,https://www.tfrrs.org/results/92668/5672539/NCAA_Division_I_Outdoor_Track__Field_Championships/100-Hurdles,TFRRS all_performances
"Heddens, Elise",Duke,ACC,100H,2025,4,,,14.49,s,Raleigh Relays,2025-03-27,,,1.5,Outdoor,https://www.tfrrs.org/results/88921/5479551/Raleigh_Relays/100-Hurdles,TFRRS all_performances
"Jirak, Valerie",Duke,ACC,100H,2025,1,,,14.48,s,Raleigh Relays,2025-03-27,,,0.2,Outdoor,https://www.tfrrs.org/results/88921/5479551/Raleigh_Relays/100-Hurdles,TFRRS all_performances
"Onuoha, Amarachi",Duke,ACC,100H,2025,4,,,14.78,s,Raleigh Relays,2025-03-27,,,0.4,Outdoor,https://www.tfrrs.org/results/88921/5479551/Raleigh_Relays/100-Hurdles,TFRRS all_performances
"Roberts, Jill",Duke,ACC,100H,2025,2,,,14.55,s,Raleigh Relays,2025-03-27,,,0.4,Outdoor,https://www.tfrrs.org/results/88921/5479551/Raleigh_Relays/100-Hurdles,TFRRS all_performances
"Jirak, Valerie",Duke,ACC,100H,2025,1,,,14.44,s,2025 Jim Click Shootout & Multis,2025-04-04,,,-0.3,Outdoor,https://www.tfrrs.org/results/89574/5511332/_2025_Jim_Click_Shootout__Multis/100-Hurdles,TFRRS all_performances
"Nelson, Birgen",Duke,ACC,100H,2025,4,,,13.56,s,2025 Jim Click Shootout & Multis,2025-04-04,,,0.3,Outdoor,https://www.tfrrs.org/results/89574/5511338/_2025_Jim_Click_Shootout__Multis/100-Hurdles,TFRRS all_performances
"Nelson, Birgen",Duke,ACC,100H,2025,4,,,13.55,s,Duke Invitational,2025-04-10,,,1.0,Outdoor,https://www.tfrrs.org/results/87447/5540761/Duke_Invitational/100-Hurdles,TFRRS all_performances
"Nelson, Birgen",Duke,ACC,100H,2025,4,,,13.83,s,Duke Invitational,2025-04-10,,,0.1,Outdoor,https://www.tfrrs.org/results/87447/5540761/Duke_Invitational/100-Hurdles,TFRRS all_performances
"Roberts, Jill",Duke,ACC,100H,2025,2,,,14.35,s,Duke Invitational,2025-04-10,,,0.3,Outdoor,https://www.tfrrs.org/results/87447/5540761/Duke_Invitational/100-Hurdles,TFRRS all_performances
"Heddens, Elise",Duke,ACC,100H,2025,4,,,14.34,s,Wake Forest Invitational 2025,2025-04-17,,,2.2,Outdoor,https://www.tfrrs.org/results/89408/5568439/Wake_Forest_Invitational_2025/100-Hurdles,TFRRS all_performances
"Jirak, Valerie",Duke,ACC,100H,2025,1,,,14.41,s,Wake Forest Invitational 2025,2025-04-17,,,4.8,Outdoor,https://www.tfrrs.org/results/89408/5568439/Wake_Forest_Invitational_2025/100-Hurdles,TFRRS all_performances
"Roberts, Jill",Duke,ACC,100H,2025,2,,,14.26,s,Wake Forest Invitational 2025,2025-04-17,,,4.8,Outdoor,https://www.tfrrs.org/results/89408/5568439/Wake_Forest_Invitational_2025/100-Hurdles,TFRRS all_performances
"Nelson, Birgen",Duke,ACC,100H,2025,4,,,13.56,s,65th Annual Mt. SAC Relays,2025-04-18,,,1.2,Outdoor,https://www.tfrrs.org/results/89926/5573866/65th_Annual_Mt_SAC_Relays/100-Hurdles,TFRRS all_performances
"Nelson, Birgen",Duke,ACC,100H,2025,4,,,13.45,s,Penn Relays,2025-04-24,,,+0.0,Outdoor,https://www.tfrrs.org/results/92108/5610642/Penn_Relays/100-Hurdles,TFRRS all_performances
"Nelson, Birgen",Duke,ACC,100H,2025,4,,,13.56,s,Penn Relays,2025-04-24,,,-0.1,Outdoor,https://www.tfrrs.org/results/92108/5610637/Penn_Relays/100-Hurdles,TFRRS all_performances
"Heddens, Elise",Duke,ACC,100H,2025,4,,,14.28,s,2025 Charlotte Invitational,2025-04-25,,,0.6,Outdoor,https://www.tfrrs.org/results/90756/5605915/2025_Charlotte_Invitational/100-Hurdles,TFRRS all_performances
"Jirak, Valerie",Duke,ACC,100H,2025,1,,,14.68,s,2025 Charlotte Invitational,2025-04-25,,,-0.8,Outdoor,https://www.tfrrs.org/results/90756/5605915/2025_Charlotte_Invitational/100-Hurdles,TFRRS all_performances
"Roberts, Jill",Duke,ACC,100H,2025,2,,,14.42,s,2025 Charlotte Invitational,2025-04-25,,,0.6,Outdoor,https://www.tfrrs.org/results/90756/5605915/2025_Charlotte_Invitational/100-Hurdles,TFRRS all_performances
"Heddens, Elise",Duke,ACC,100H,2025,4,,,14.20,s,Duke Twilight,2025-05-04,,,2.0,Outdoor,https://www.tfrrs.org/results/87449/5626898/Duke_Twilight/100-Hurdles,TFRRS all_performances
"Nelson, Birgen",Duke,ACC,100H,2025,4,,,13.15,s,Duke Twilight,2025-05-04,,,2.0,Outdoor,https://www.tfrrs.org/results/87449/5626898/Duke_Twilight/100-Hurdles,TFRRS all_performances
"Roberts, Jill",Duke,ACC,100H,2025,2,,,13.91,s,Duke Twilight,2025-05-04,,,1.9,Outdoor,https://www.tfrrs.org/results/87449/5626898/Duke_Twilight/100-Hurdles,TFRRS all_performances
"Heddens, Elise",Duke,ACC,100H,2025,4,,,13.99,s,ACC Outdoor Track & Field Championships,2025-05-15,,,-0.5,Outdoor,https://www.tfrrs.org/results/91057/5660845/ACC_Outdoor_Track__Field_Championships/100-Hurdles,TFRRS all_performances
"Jirak, Valerie",Duke,ACC,100H,2025,1,,,14.59,s,ACC Outdoor Track & Field Championships,2025-05-15,,,-2.5,Outdoor,https://www.tfrrs.org/results/91057/5660845/ACC_Outdoor_Track__Field_Championships/100-Hurdles,TFRRS all_performances
"Nelson, Birgen",Duke,ACC,100H,2025,4,,,13.40,s,ACC Outdoor Track & Field Championships,2025-05-15,,,0.5,Outdoor,https://www.tfrrs.org/results/91057/5659284/ACC_Outdoor_Track__Field_Championships/100-Hurdles,TFRRS all_performances
"Nelson, Birgen",Duke,ACC,100H,2025,4,,,13.42,s,ACC Outdoor Track & Field Championships,2025-05-15,,,-0.5,Outdoor,https://www.tfrrs.org/results/91057/5659284/ACC_Outdoor_Track__Field_Championships/100-Hurdles,TFRRS all_performances
"Roberts, Jill",Duke,ACC,100H,2025,2,,,13.83,s,ACC Outdoor Track & Field Championships,2025-05-15,,,0.4,Outdoor,https://www.tfrrs.org/results/91057/5659284/ACC_Outdoor_Track__Field_Championships/100-Hurdles,TFRRS all_performances
"Nelson, Birgen",Duke,ACC,100H,2025,4,,,13.42,s,NCAA Division I East First Round,2025-05-28,,,-1.8,Outdoor,https://www.tfrrs.org/results/92620/5669364/NCAA_Division_I_East_First_Round/100-Hurdles,TFRRS all_performances
"Nelson, Birgen",Duke,ACC,100H,2025,4,,,13.42,s,NCAA East Regional,2025-05-29,Final,,,Outdoor,https://goduke.com/sports/track-and-field/roster/birgen-nelson/20081,legacy_source_needs_review
"Rivas, Sara",Stanford,ACC,100H,2025,1,,,15.08,s,Sacramento State Hornet Invite,2025-03-21,,,1.3,Outdoor,https://www.tfrrs.org/results/89297/5465104/Sacramento_State_Hornet_Invite/100-Hurdles,TFRRS all_performances
"Rivas, Sara",Stanford,ACC,100H,2025,1,,,15.01,s,Stanford Invitational,2025-04-04,,,1.1,Outdoor,https://www.tfrrs.org/results/89628/5515884/Stanford_Invitational/100-Hurdles,TFRRS all_performances
"Rivas, Sara",Stanford,ACC,100H,2025,1,,,14.98,s,Payton Jordan Invitational,2025-04-25,,,0.9,Outdoor,https://www.tfrrs.org/results/89850/5596372/Payton_Jordan_Invitational/100-Hurdles,TFRRS all_performances
"Imoh, Elizabeth",Virginia,ACC,100H,2025,2,,,14.31,s,Virginia Opener,2025-03-22,,,1.6,Outdoor,https://www.tfrrs.org/results/89679/5463226/Virginia_Opener/100-Hurdles,TFRRS all_performances
"Rollins, Maya",Virginia,ACC,100H,2025,1,,,13.57,s,Virginia Opener,2025-03-22,,,2.9,Outdoor,https://www.tfrrs.org/results/89679/5463226/Virginia_Opener/100-Hurdles,TFRRS all_performances
"Rollins, Maya",Virginia,ACC,100H,2025,1,,,14.08,s,Raleigh Relays,2025-03-27,,,-0.5,Outdoor,https://www.tfrrs.org/results/88921/5479551/Raleigh_Relays/100-Hurdles,TFRRS all_performances
"Akpan, Sophia",Virginia,ACC,100H,2025,3,,,14.52,s,2025 Colonial Relays,2025-04-03,,,0.1,Outdoor,https://www.tfrrs.org/results/89414/5509539/2025_Colonial_Relays/100-Hurdles,TFRRS all_performances
"Imoh, Elizabeth",Virginia,ACC,100H,2025,2,,,14.69,s,2025 Colonial Relays,2025-04-03,,,0.1,Outdoor,https://www.tfrrs.org/results/89414/5509539/2025_Colonial_Relays/100-Hurdles,TFRRS all_performances
"Rollins, Maya",Virginia,ACC,100H,2025,1,,,13.73,s,2025 Colonial Relays,2025-04-03,,,0.1,Outdoor,https://www.tfrrs.org/results/89414/5509539/2025_Colonial_Relays/100-Hurdles,TFRRS all_performances
"Rollins, Maya",Virginia,ACC,100H,2025,1,,,13.45,s,Duke Invitational,2025-04-10,,,1.0,Outdoor,https://www.tfrrs.org/results/87447/5540761/Duke_Invitational/100-Hurdles,TFRRS all_performances
"Rollins, Maya",Virginia,ACC,100H,2025,1,,,13.83,s,Duke Invitational,2025-04-10,,,+0.0,Outdoor,https://www.tfrrs.org/results/87447/5540761/Duke_Invitational/100-Hurdles,TFRRS all_performances
"Akpan, Sophia",Virginia,ACC,100H,2025,3,,,13.84,s,Virginia Challenge,2025-04-18,,,4.0,Outdoor,https://www.tfrrs.org/results/89685/5571469/Virginia_Challenge/100-Hurdles,TFRRS all_performances
"Imoh, Elizabeth",Virginia,ACC,100H,2025,2,,,14.08,s,Virginia Challenge,2025-04-18,,,4.0,Outdoor,https://www.tfrrs.org/results/89685/5571469/Virginia_Challenge/100-Hurdles,TFRRS all_performances
"Rollins, Maya",Virginia,ACC,100H,2025,1,,,13.29,s,Virginia Challenge,2025-04-18,,,2.8,Outdoor,https://www.tfrrs.org/results/89685/5571469/Virginia_Challenge/100-Hurdles,TFRRS all_performances
"Rollins, Maya",Virginia,ACC,100H,2025,1,,,14.29,s,Penn Relays,2025-04-24,,,1.5,Outdoor,https://www.tfrrs.org/results/92108/5610642/Penn_Relays/100-Hurdles,TFRRS all_performances
"Akpan, Sophia",Virginia,ACC,100H,2025,3,,,13.87,s,Virginia High Performance,2025-04-27,,,0.2,Outdoor,https://www.tfrrs.org/results/89686/5602987/Virginia_High_Performance/100-Hurdles,TFRRS all_performances
"Imoh, Elizabeth",Virginia,ACC,100H,2025,2,,,14.26,s,Virginia High Performance,2025-04-27,,,0.2,Outdoor,https://www.tfrrs.org/results/89686/5602987/Virginia_High_Performance/100-Hurdles,TFRRS all_performances
"Akpan, Sophia",Virginia,ACC,100H,2025,3,,,13.66,s,ACC Outdoor Track & Field Championships,2025-05-15,,,0.4,Outdoor,https://www.tfrrs.org/results/91057/5659284/ACC_Outdoor_Track__Field_Championships/100-Hurdles,TFRRS all_performances
"Rollins, Maya",Virginia,ACC,100H,2025,1,,,13.33,s,ACC Outdoor Track & Field Championships,2025-05-15,,,0.4,Outdoor,https://www.tfrrs.org/results/91057/5659284/ACC_Outdoor_Track__Field_Championships/100-Hurdles,TFRRS all_performances
"Rollins, Maya",Virginia,ACC,100H,2025,1,,,13.42,s,ACC Outdoor Track & Field Championships,2025-05-15,,,-0.5,Outdoor,https://www.tfrrs.org/results/91057/5659284/ACC_Outdoor_Track__Field_Championships/100-Hurdles,TFRRS all_performances
"Rollins, Maya",Virginia,ACC,100H,2025,1,,,13.45,s,NCAA Division I East First Round,2025-05-28,,,1.5,Outdoor,https://www.tfrrs.org/results/92620/5669364/NCAA_Division_I_East_First_Round/100-Hurdles,TFRRS all_performances
"Wise, Taylen",Arizona,Big 12,100H,2025,3,,,13.26,seconds,2025 Willie Williams Classic,2025-03-21,,,0.2,Outdoor,https://www.tfrrs.org/results/89572/5463764/2025_Willie_Williams_Classic/100-Hurdles,TFRRS all_performances
"Wise, Taylen",Arizona,Big 12,100H,2025,3,,,13.33,seconds,2025 Jim Click Shootout & Multis,2025-04-04,,,0.3,Outdoor,https://www.tfrrs.org/results/89574/5511338/_2025_Jim_Click_Shootout__Multis/100-Hurdles,TFRRS all_performances
"Wise, Taylen",Arizona,Big 12,100H,2025,3,,,13.47,seconds,65th Annual Mt. SAC Relays,2025-04-18,,,-2.3,Outdoor,https://www.tfrrs.org/results/89926/5573866/65th_Annual_Mt_SAC_Relays/100-Hurdles,TFRRS all_performances
"Wise, Taylen",Arizona,Big 12,100H,2025,3,,,13.68,seconds,2025 Desert Heat Classic,2025-05-03,,,0.4,Outdoor,https://www.tfrrs.org/results/89575/5624820/2025_Desert_Heat_Classic_/100-Hurdles,TFRRS all_performances
"Wise, Taylen",Arizona,Big 12,100H,2025,3,,,13.22,seconds,NCAA Division I West First Round,2025-05-28,,,2.1,Outdoor,https://www.tfrrs.org/results/92621/5669919/NCAA_Division_I_West_First_Round/100-Hurdles,TFRRS all_performances
"Wise, Taylen",Arizona,Big 12,100H,2025,3,,,13.22,seconds,NCAA Division I West First Round,2025-05-28,,,0.6,Outdoor,https://www.tfrrs.org/results/92621/5669919/NCAA_Division_I_West_First_Round/100-Hurdles,TFRRS all_performances
"Alvarado, Maria",BYU,Big 12,100H,2025,1,,,15.05,seconds,2025 Willie Williams Classic,2025-03-21,,,-0.6,Outdoor,https://www.tfrrs.org/results/89572/5463764/2025_Willie_Williams_Classic/100-Hurdles,TFRRS all_performances
"Grossarth, Makayla",BYU,Big 12,100H,2025,1,,,15.43,seconds,2025 Willie Williams Classic,2025-03-21,,,-0.6,Outdoor,https://www.tfrrs.org/results/89572/5463764/2025_Willie_Williams_Classic/100-Hurdles,TFRRS all_performances
"Middleton, Lindsey",BYU,Big 12,100H,2025,4,,,14.01,seconds,2025 Willie Williams Classic,2025-03-21,,,0.2,Outdoor,https://www.tfrrs.org/results/89572/5463764/2025_Willie_Williams_Classic/100-Hurdles,TFRRS all_performances
"Nuttal, Annie",BYU,Big 12,100H,2025,1,,,15.84,seconds,2025 Willie Williams Classic,2025-03-21,,,0.6,Outdoor,https://www.tfrrs.org/results/89572/5463764/2025_Willie_Williams_Classic/100-Hurdles,TFRRS all_performances
"Romney, Remy",BYU,Big 12,100H,2025,1,,,14.92,seconds,2025 Willie Williams Classic,2025-03-21,,,0.6,Outdoor,https://www.tfrrs.org/results/89572/5463764/2025_Willie_Williams_Classic/100-Hurdles,TFRRS all_performances
"Taggart, Madelynne",BYU,Big 12,100H,2025,2,,,15.75,seconds,2025 Willie Williams Classic,2025-03-21,,,0.6,Outdoor,https://www.tfrrs.org/results/89572/5463764/2025_Willie_Williams_Classic/100-Hurdles,TFRRS all_performances
"Taylor, Violett",BYU,Big 12,100H,2025,1,,,15.18,seconds,2025 Willie Williams Classic,2025-03-21,,,-0.6,Outdoor,https://www.tfrrs.org/results/89572/5463764/2025_Willie_Williams_Classic/100-Hurdles,TFRRS all_performances
"Bird, Cameron",BYU,Big 12,100H,2025,3,,,15.40,seconds,46th Aztec Track & Field Invitational,2025-03-22,,,-2.2,Outdoor,https://www.tfrrs.org/results/89229/5464189/46th_Aztec_Track__Field_Invitational/100-Hurdles,TFRRS all_performances
"Bonds, Zoey",BYU,Big 12,100H,2025,3,,,14.19,seconds,46th Aztec Track & Field Invitational,2025-03-22,,,-2.2,Outdoor,https://www.tfrrs.org/results/89229/5464189/46th_Aztec_Track__Field_Invitational/100-Hurdles,TFRRS all_performances
"Young, Summer",BYU,Big 12,100H,2025,1,,,16.79,seconds,46th Aztec Track & Field Invitational,2025-03-22,,,-1.6,Outdoor,https://www.tfrrs.org/results/89229/5464189/46th_Aztec_Track__Field_Invitational/100-Hurdles,TFRRS all_performances
"Bird, Cameron",BYU,Big 12,100H,2025,3,,,14.71,seconds,Bobcat Invitational 2025,2025-03-27,,,2.1,Outdoor,https://www.tfrrs.org/results/87679/5640840/_Bobcat_Invitational_2025/100-Hurdles,TFRRS all_performances
"Bonds, Zoey",BYU,Big 12,100H,2025,3,,,13.60,seconds,Bobcat Invitational 2025,2025-03-27,,,2.1,Outdoor,https://www.tfrrs.org/results/87679/5640840/_Bobcat_Invitational_2025/100-Hurdles,TFRRS all_performances
"Young, Summer",BYU,Big 12,100H,2025,1,,,15.75,seconds,Bobcat Invitational 2025,2025-03-27,,,2.2,Outdoor,https://www.tfrrs.org/results/87679/5640840/_Bobcat_Invitational_2025/100-Hurdles,TFRRS all_performances
"Grossarth, Makayla",BYU,Big 12,100H,2025,1,,,15.06,seconds,2025 Utah Valley Collegiate,2025-03-28,,,0.6,Outdoor,https://www.tfrrs.org/results/90233/5484313/2025_Utah_Valley_Collegiate/100-Hurdles,TFRRS all_performances
"Nuttal, Annie",BYU,Big 12,100H,2025,1,,,15.94,seconds,2025 Utah Valley Collegiate,2025-03-28,,,0.6,Outdoor,https://www.tfrrs.org/results/90233/5484313/2025_Utah_Valley_Collegiate/100-Hurdles,TFRRS all_performances
"Romney, Remy",BYU,Big 12,100H,2025,1,,,14.60,seconds,2025 Utah Valley Collegiate,2025-03-28,,,0.8,Outdoor,https://www.tfrrs.org/results/90233/5484313/2025_Utah_Valley_Collegiate/100-Hurdles,TFRRS all_performances
"Taggart, Madelynne",BYU,Big 12,100H,2025,2,,,15.45,seconds,2025 Utah Valley Collegiate,2025-03-28,,,0.6,Outdoor,https://www.tfrrs.org/results/90233/5484313/2025_Utah_Valley_Collegiate/100-Hurdles,TFRRS all_performances
"Taylor, Violett",BYU,Big 12,100H,2025,1,,,14.98,seconds,2025 Utah Valley Collegiate,2025-03-28,,,0.6,Outdoor,https://www.tfrrs.org/results/90233/5484313/2025_Utah_Valley_Collegiate/100-Hurdles,TFRRS all_performances
"Alvarado, Maria",BYU,Big 12,100H,2025,1,,,15.13,seconds,2025 Weber State Spring Classic,2025-04-11,,,0.4,Outdoor,https://www.tfrrs.org/results/90140/5537868/2025_Weber_State_Spring_Classic/100-Hurdles,TFRRS all_performances
"Bird, Cameron",BYU,Big 12,100H,2025,3,,,14.60,seconds,2025 Weber State Spring Classic,2025-04-11,,,2.1,Outdoor,https://www.tfrrs.org/results/90140/5537868/2025_Weber_State_Spring_Classic/100-Hurdles,TFRRS all_performances
"Bonds, Zoey",BYU,Big 12,100H,2025,3,,,13.55,seconds,2025 Weber State Spring Classic,2025-04-11,,,1.7,Outdoor,https://www.tfrrs.org/results/90140/5537868/2025_Weber_State_Spring_Classic/100-Hurdles,TFRRS all_performances
"Chiara, Nadia",BYU,Big 12,100H,2025,1,,,14.85,seconds,2025 Weber State Spring Classic,2025-04-11,,,2.1,Outdoor,https://www.tfrrs.org/results/90140/5537868/2025_Weber_State_Spring_Classic/100-Hurdles,TFRRS all_performances
"Grossarth, Makayla",BYU,Big 12,100H,2025,1,,,14.99,seconds,2025 Weber State Spring Classic,2025-04-11,,,0.4,Outdoor,https://www.tfrrs.org/results/90140/5537868/2025_Weber_State_Spring_Classic/100-Hurdles,TFRRS all_performances
"Middleton, Lindsey",BYU,Big 12,100H,2025,4,,,13.90,seconds,2025 Weber State Spring Classic,2025-04-11,,,1.7,Outdoor,https://www.tfrrs.org/results/90140/5537868/2025_Weber_State_Spring_Classic/100-Hurdles,TFRRS all_performances
"Nuttal, Annie",BYU,Big 12,100H,2025,1,,,16.03,seconds,2025 Weber State Spring Classic,2025-04-11,,,0.4,Outdoor,https://www.tfrrs.org/results/90140/5537868/2025_Weber_State_Spring_Classic/100-Hurdles,TFRRS all_performances
"Romney, Remy",BYU,Big 12,100H,2025,1,,,14.69,seconds,2025 Weber State Spring Classic,2025-04-11,,,2.1,Outdoor,https://www.tfrrs.org/results/90140/5537868/2025_Weber_State_Spring_Classic/100-Hurdles,TFRRS all_performances
"Taggart, Madelynne",BYU,Big 12,100H,2025,2,,,21.67,seconds,2025 Weber State Spring Classic,2025-04-11,,,0.4,Outdoor,https://www.tfrrs.org/results/90140/5537868/2025_Weber_State_Spring_Classic/100-Hurdles,TFRRS all_performances
"Taylor, Violett",BYU,Big 12,100H,2025,1,,,14.93,seconds,2025 Weber State Spring Classic,2025-04-11,,,2.1,Outdoor,https://www.tfrrs.org/results/90140/5537868/2025_Weber_State_Spring_Classic/100-Hurdles,TFRRS all_performances
"Bird, Cameron",BYU,Big 12,100H,2025,3,,,14.39,seconds,Beach Invite,2025-04-17,,,1.7,Outdoor,https://www.tfrrs.org/results/89906/5573314/Beach_Invite/100-Hurdles,TFRRS all_performances
"Bird, Cameron",BYU,Big 12,100H,2025,3,,,14.68,seconds,Pacific Coast Intercollegiate,2025-04-17,,,1.1,Outdoor,https://www.tfrrs.org/results/89905/5564922/Pacific_Coast_Intercollegiate/100-Hurdles,TFRRS all_performances
"Bonds, Zoey",BYU,Big 12,100H,2025,3,,,13.73,seconds,Beach Invite,2025-04-17,,,2.1,Outdoor,https://www.tfrrs.org/results/89906/5573314/Beach_Invite/100-Hurdles,TFRRS all_performances
"Bonds, Zoey",BYU,Big 12,100H,2025,3,,,13.82,seconds,Pacific Coast Intercollegiate,2025-04-17,,,1.0,Outdoor,https://www.tfrrs.org/results/89905/5564922/Pacific_Coast_Intercollegiate/100-Hurdles,TFRRS all_performances
"Young, Summer",BYU,Big 12,100H,2025,1,,,15.49,seconds,Beach Invite,2025-04-17,,,2.3,Outdoor,https://www.tfrrs.org/results/89906/5573314/Beach_Invite/100-Hurdles,TFRRS all_performances
"Young, Summer",BYU,Big 12,100H,2025,1,,,15.77,seconds,Pacific Coast Intercollegiate,2025-04-17,,,1.2,Outdoor,https://www.tfrrs.org/results/89905/5564922/Pacific_Coast_Intercollegiate/100-Hurdles,TFRRS all_performances
"Middleton, Lindsey",BYU,Big 12,100H,2025,4,,,13.93,seconds,65th Annual Mt. SAC Relays,2025-04-18,,,0.5,Outdoor,https://www.tfrrs.org/results/89926/5573919/65th_Annual_Mt_SAC_Relays/100-Hurdles,TFRRS all_performances
"Alvarado, Maria",BYU,Big 12,100H,2025,1,,,14.76,seconds,Aggie Invitational,2025-04-25,,,2.0,Outdoor,https://www.tfrrs.org/results/90548/5599991/Aggie_Invitational/100-Hurdles,TFRRS all_performances
"Chiara, Nadia",BYU,Big 12,100H,2025,1,,,14.33,seconds,Aggie Invitational,2025-04-25,,,2.0,Outdoor,https://www.tfrrs.org/results/90548/5599991/Aggie_Invitational/100-Hurdles,TFRRS all_performances
"Grossarth, Makayla",BYU,Big 12,100H,2025,1,,,14.84,seconds,Aggie Invitational,2025-04-25,,,2.0,Outdoor,https://www.tfrrs.org/results/90548/5599991/Aggie_Invitational/100-Hurdles,TFRRS all_performances
"Middleton, Lindsey",BYU,Big 12,100H,2025,4,,,13.60,seconds,Aggie Invitational,2025-04-25,,,2.0,Outdoor,https://www.tfrrs.org/results/90548/5599991/Aggie_Invitational/100-Hurdles,TFRRS all_performances
"Romney, Remy",BYU,Big 12,100H,2025,1,,,14.50,seconds,Aggie Invitational,2025-04-25,,,2.0,Outdoor,https://www.tfrrs.org/results/90548/5599991/Aggie_Invitational/100-Hurdles,TFRRS all_performances
"Taylor, Violett",BYU,Big 12,100H,2025,1,,,14.83,seconds,Aggie Invitational,2025-04-25,,,2.0,Outdoor,https://www.tfrrs.org/results/90548/5599991/Aggie_Invitational/100-Hurdles,TFRRS all_performances
"Alvarado, Maria",BYU,Big 12,100H,2025,1,,,14.72,seconds,2025 BYU Robison Invitational,2025-04-30,,,0.2,Outdoor,https://www.tfrrs.org/results/89706/5649843/2025_BYU_Robison_Invitational/100-Hurdles,TFRRS all_performances
"Bird, Cameron",BYU,Big 12,100H,2025,3,,,14.59,seconds,2025 BYU Robison Invitational,2025-04-30,,,1.0,Outdoor,https://www.tfrrs.org/results/89706/5649835/2025_BYU_Robison_Invitational/100-Hurdles,TFRRS all_performances
"Bonds, Zoey",BYU,Big 12,100H,2025,3,,,13.52,seconds,2025 BYU Robison Invitational,2025-04-30,,,0.4,Outdoor,https://www.tfrrs.org/results/89706/5649843/2025_BYU_Robison_Invitational/100-Hurdles,TFRRS all_performances
"Bonds, Zoey",BYU,Big 12,100H,2025,3,,,13.56,seconds,2025 BYU Robison Invitational,2025-04-30,,,1.0,Outdoor,https://www.tfrrs.org/results/89706/5649835/2025_BYU_Robison_Invitational/100-Hurdles,TFRRS all_performances
"Bonds, Zoey",BYU,Big 12,100H,2025,3,,,13.69,seconds,2025 BYU Robison Invitational,2025-04-30,,,-1.7,Outdoor,https://www.tfrrs.org/results/89706/5649843/2025_BYU_Robison_Invitational/100-Hurdles,TFRRS all_performances
"Chiara, Nadia",BYU,Big 12,100H,2025,1,,,14.70,seconds,2025 BYU Robison Invitational,2025-04-30,,,-1.7,Outdoor,https://www.tfrrs.org/results/89706/5649843/2025_BYU_Robison_Invitational/100-Hurdles,TFRRS all_performances
"Grossarth, Makayla",BYU,Big 12,100H,2025,1,,,24.45,seconds,2025 BYU Robison Invitational,2025-04-30,,,-0.4,Outdoor,https://www.tfrrs.org/results/89706/5649843/2025_BYU_Robison_Invitational/100-Hurdles,TFRRS all_performances
"Middleton, Lindsey",BYU,Big 12,100H,2025,4,,,13.62,seconds,2025 BYU Robison Invitational,2025-04-30,,,0.4,Outdoor,https://www.tfrrs.org/results/89706/5649843/2025_BYU_Robison_Invitational/100-Hurdles,TFRRS all_performances
"Middleton, Lindsey",BYU,Big 12,100H,2025,4,,,13.74,seconds,2025 BYU Robison Invitational,2025-04-30,,,-1.7,Outdoor,https://www.tfrrs.org/results/89706/5649843/2025_BYU_Robison_Invitational/100-Hurdles,TFRRS all_performances
"Romney, Remy",BYU,Big 12,100H,2025,1,,,14.55,seconds,2025 BYU Robison Invitational,2025-04-30,,,0.4,Outdoor,https://www.tfrrs.org/results/89706/5649843/2025_BYU_Robison_Invitational/100-Hurdles,TFRRS all_performances
"Romney, Remy",BYU,Big 12,100H,2025,1,,,14.61,seconds,2025 BYU Robison Invitational,2025-04-30,,,-0.4,Outdoor,https://www.tfrrs.org/results/89706/5649843/2025_BYU_Robison_Invitational/100-Hurdles,TFRRS all_performances
"Taylor, Violett",BYU,Big 12,100H,2025,1,,,14.88,seconds,2025 BYU Robison Invitational,2025-04-30,,,-1.7,Outdoor,https://www.tfrrs.org/results/89706/5649843/2025_BYU_Robison_Invitational/100-Hurdles,TFRRS all_performances
"Young, Summer",BYU,Big 12,100H,2025,1,,,15.32,seconds,2025 BYU Robison Invitational,2025-04-30,,,1.0,Outdoor,https://www.tfrrs.org/results/89706/5649835/2025_BYU_Robison_Invitational/100-Hurdles,TFRRS all_performances
"Bird, Cameron",BYU,Big 12,100H,2025,3,,,14.50,seconds,Big 12 Outdoor Track & Field Championships,2025-05-15,,,2.5,Outdoor,https://www.tfrrs.org/results/92590/5661345/Big_12_Outdoor_Track__Field_Championships/100-Hurdles,TFRRS all_performances
"Bonds, Zoey",BYU,Big 12,100H,2025,3,,,13.69,seconds,Big 12 Outdoor Track & Field Championships,2025-05-15,,,1.1,Outdoor,https://www.tfrrs.org/results/92590/5661338/Big_12_Outdoor_Track__Field_Championships/100-Hurdles,TFRRS all_performances
"Middleton, Lindsey",BYU,Big 12,100H,2025,4,,,14.08,seconds,Big 12 Outdoor Track & Field Championships,2025-05-15,,,-1.5,Outdoor,https://www.tfrrs.org/results/92590/5661338/Big_12_Outdoor_Track__Field_Championships/100-Hurdles,TFRRS all_performances
"Braxton, Kaylah",Baylor,Big 12,100H,2025,1,,,14.00,seconds,Clyde Hart Classic,2025-03-22,,,3.1,Outdoor,https://www.tfrrs.org/results/88269/5464178/Clyde_Hart_Classic/100-Hurdles,TFRRS all_performances
"Todorovich, Logan",Baylor,Big 12,100H,2025,1,,,14.63,seconds,Clyde Hart Classic,2025-03-22,,,3.9,Outdoor,https://www.tfrrs.org/results/88269/5464178/Clyde_Hart_Classic/100-Hurdles,TFRRS all_performances
"Wesseh, Kiara",Baylor,Big 12,100H,2025,1,,,14.79,seconds,Clyde Hart Classic,2025-03-22,,,0.5,Outdoor,https://www.tfrrs.org/results/88269/5464178/Clyde_Hart_Classic/100-Hurdles,TFRRS all_performances
"Feely, Shaye",Baylor,Big 12,100H,2025,1,,,15.48,seconds,Bobcat Invitational 2025,2025-03-27,,,0.5,Outdoor,https://www.tfrrs.org/results/87679/5486164/_Bobcat_Invitational_2025/100-Hurdles,TFRRS all_performances
"Wesseh, Kiara",Baylor,Big 12,100H,2025,1,,,15.30,seconds,Bobcat Invitational 2025,2025-03-27,,,2.3,Outdoor,https://www.tfrrs.org/results/87679/5486164/_Bobcat_Invitational_2025/100-Hurdles,TFRRS all_performances
"Braxton, Kaylah",Baylor,Big 12,100H,2025,1,,,14.26,seconds,LSU Battle on the Bayou,2025-03-28,,,0.6,Outdoor,https://www.tfrrs.org/results/89962/5486949/LSU_Battle_on_the_Bayou/100-Hurdles,TFRRS all_performances
"Braxton, Kaylah",Baylor,Big 12,100H,2025,1,,,14.33,seconds,Florida Relays,2025-04-04,,,3.6,Outdoor,https://www.tfrrs.org/results/91170/5650455/Florida_Relays/100-Hurdles,TFRRS all_performances
"Feely, Shaye",Baylor,Big 12,100H,2025,1,,,14.97,seconds,2025 Texas A&M 44 Farms Team Invitational,2025-04-11,,,3.2,Outdoor,https://www.tfrrs.org/results/87412/5554295/2025_Texas_AM_44_Farms_Team_Invitational/100-Hurdles,TFRRS all_performances
"Todorovich, Logan",Baylor,Big 12,100H,2025,1,,,14.65,seconds,2025 Texas A&M 44 Farms Team Invitational,2025-04-11,,,1.0,Outdoor,https://www.tfrrs.org/results/87412/5554295/2025_Texas_AM_44_Farms_Team_Invitational/100-Hurdles,TFRRS all_performances
"Wesseh, Kiara",Baylor,Big 12,100H,2025,1,,,14.96,seconds,2025 Texas A&M 44 Farms Team Invitational,2025-04-11,,,2.3,Outdoor,https://www.tfrrs.org/results/87412/5554295/2025_Texas_AM_44_Farms_Team_Invitational/100-Hurdles,TFRRS all_performances
"Braxton, Kaylah",Baylor,Big 12,100H,2025,1,,,14.74,seconds,UCF Knights Invite,2025-04-25,,,1.5,Outdoor,https://www.tfrrs.org/results/87082/5597489/UCF_Knights_Invite/100-Hurdles,TFRRS all_performances
"Todorovich, Logan",Baylor,Big 12,100H,2025,1,,,14.66,seconds,UCF Knights Invite,2025-04-25,,,-0.3,Outdoor,https://www.tfrrs.org/results/87082/5597489/UCF_Knights_Invite/100-Hurdles,TFRRS all_performances
"Wesseh, Kiara",Baylor,Big 12,100H,2025,1,,,15.05,seconds,UCF Knights Invite,2025-04-25,,,1.5,Outdoor,https://www.tfrrs.org/results/87082/5597489/UCF_Knights_Invite/100-Hurdles,TFRRS all_performances
"Braxton, Kaylah",Baylor,Big 12,100H,2025,1,,,14.16,seconds,2025 Texas A&M Alumni Muster Invitational,2025-05-03,,,2.1,Outdoor,https://www.tfrrs.org/results/87414/5623574/2025_Texas_AM_Alumni_Muster_Invitational/100-Hurdles,TFRRS all_performances
"Todorovich, Logan",Baylor,Big 12,100H,2025,1,,,14.26,seconds,2025 Texas A&M Alumni Muster Invitational,2025-05-03,,,2.6,Outdoor,https://www.tfrrs.org/results/87414/5623574/2025_Texas_AM_Alumni_Muster_Invitational/100-Hurdles,TFRRS all_performances
"Wesseh, Kiara",Baylor,Big 12,100H,2025,1,,,15.08,seconds,2025 Texas A&M Alumni Muster Invitational,2025-05-03,,,1.4,Outdoor,https://www.tfrrs.org/results/87414/5623574/2025_Texas_AM_Alumni_Muster_Invitational/100-Hurdles,TFRRS all_performances
"Braxton, Kaylah",Baylor,Big 12,100H,2025,1,,,14.53,seconds,Big 12 Outdoor Track & Field Championships,2025-05-15,,,-1.5,Outdoor,https://www.tfrrs.org/results/92590/5661338/Big_12_Outdoor_Track__Field_Championships/100-Hurdles,TFRRS all_performances
"Todorovich, Logan",Baylor,Big 12,100H,2025,1,,,14.70,seconds,Big 12 Outdoor Track & Field Championships,2025-05-15,,,-0.8,Outdoor,https://www.tfrrs.org/results/92590/5661345/Big_12_Outdoor_Track__Field_Championships/100-Hurdles,TFRRS all_performances
"Wesseh, Kiara",Baylor,Big 12,100H,2025,1,,,14.79,seconds,Big 12 Outdoor Track & Field Championships,2025-05-15,,,3.9,Outdoor,https://www.tfrrs.org/results/92590/5661345/Big_12_Outdoor_Track__Field_Championships/100-Hurdles,TFRRS all_performances
"Burns, Riyah",Iowa State,Big 12,100H,2025,1,,,14.42,seconds,Terry Long FSU Relays,2025-03-27,,,0.3,Outdoor,https://www.tfrrs.org/results/90740/5483728/Terry_Long_FSU_Relays/100-Hurdles,TFRRS all_performances
"Fisher, Kiersten",Iowa State,Big 12,100H,2025,4,,,14.17,seconds,Terry Long FSU Relays,2025-03-27,,,0.3,Outdoor,https://www.tfrrs.org/results/90740/5483728/Terry_Long_FSU_Relays/100-Hurdles,TFRRS all_performances
"Burns, Riyah",Iowa State,Big 12,100H,2025,1,,,13.90,seconds,2025 Texas A&M 44 Farms Team Invitational,2025-04-11,,,3.5,Outdoor,https://www.tfrrs.org/results/87412/5544839/2025_Texas_AM_44_Farms_Team_Invitational/100-Hurdles,TFRRS all_performances
"Fisher, Kiersten",Iowa State,Big 12,100H,2025,4,,,13.89,seconds,2025 Texas A&M 44 Farms Team Invitational,2025-04-11,,,-0.3,Outdoor,https://www.tfrrs.org/results/87412/5554295/2025_Texas_AM_44_Farms_Team_Invitational/100-Hurdles,TFRRS all_performances
"Burns, Riyah",Iowa State,Big 12,100H,2025,1,,,14.12,seconds,Kansas Relays,2025-04-17,,,1.4,Outdoor,https://www.tfrrs.org/results/91820/5571352/Kansas_Relays/100-Hurdles,TFRRS all_performances
"Burns, Riyah",Iowa State,Big 12,100H,2025,1,,,14.19,seconds,Kansas Relays,2025-04-17,,,1.8,Outdoor,https://www.tfrrs.org/results/91820/5571352/Kansas_Relays/100-Hurdles,TFRRS all_performances
"Burns, Riyah",Iowa State,Big 12,100H,2025,1,,,13.80,seconds,Drake Relays,2025-04-23,,,2.9,Outdoor,https://www.tfrrs.org/results/92096/5650836/Drake_Relays/100-Hurdles,TFRRS all_performances
"Fisher, Kiersten",Iowa State,Big 12,100H,2025,4,,,13.98,seconds,Drake Relays,2025-04-23,,,4.9,Outdoor,https://www.tfrrs.org/results/92096/5650836/Drake_Relays/100-Hurdles,TFRRS all_performances
"Burns, Riyah",Iowa State,Big 12,100H,2025,1,,,13.98,seconds,2025 Desert Heat Classic,2025-05-03,,,2.4,Outdoor,https://www.tfrrs.org/results/89575/5624820/2025_Desert_Heat_Classic_/100-Hurdles,TFRRS all_performances
"Fisher, Kiersten",Iowa State,Big 12,100H,2025,4,,,13.91,seconds,2025 Desert Heat Classic,2025-05-03,,,1.9,Outdoor,https://www.tfrrs.org/results/89575/5624820/2025_Desert_Heat_Classic_/100-Hurdles,TFRRS all_performances
"Fisher, Kiersten",Iowa State,Big 12,100H,2025,4,,,13.86,seconds,Cyclone Twilight,2025-05-09,,,0.4,Outdoor,https://www.tfrrs.org/results/92434/5646064/Cyclone_Twilight/100-Hurdles,TFRRS all_performances
"Fisher, Kiersten",Iowa State,Big 12,100H,2025,4,,,14.01,seconds,Cyclone Twilight,2025-05-09,,,-0.4,Outdoor,https://www.tfrrs.org/results/92434/5646064/Cyclone_Twilight/100-Hurdles,TFRRS all_performances
"Burns, Riyah",Iowa State,Big 12,100H,2025,1,,,13.83,seconds,Big 12 Outdoor Track & Field Championships,2025-05-15,,,1.1,Outdoor,https://www.tfrrs.org/results/92590/5661338/Big_12_Outdoor_Track__Field_Championships/100-Hurdles,TFRRS all_performances
"Fisher, Kiersten",Iowa State,Big 12,100H,2025,4,,,14.07,seconds,Big 12 Outdoor Track & Field Championships,2025-05-15,,,1.1,Outdoor,https://www.tfrrs.org/results/92590/5661338/Big_12_Outdoor_Track__Field_Championships/100-Hurdles,TFRRS all_performances
"Fisher, Kiersten",Iowa State,Big 12,100H,2025,4,,,14.50,seconds,Big 12 Outdoor Track & Field Championships,2025-05-15,,,-2.4,Outdoor,https://www.tfrrs.org/results/92590/5661345/Big_12_Outdoor_Track__Field_Championships/100-Hurdles,TFRRS all_performances
"Forbes, Tonie-Ann",Texas Tech,Big 12,100H,2025,2,,,13.07,seconds,ACU Wes Kittley Invitational 2025,2025-03-21,,,2.8,Outdoor,https://www.tfrrs.org/results/89286/5463967/ACU_Wes_Kittley_Invitational_2025/100-Hurdles,TFRRS all_performances
"Forbes, Tonie-Ann",Texas Tech,Big 12,100H,2025,2,,,13.52,seconds,2025 97th Clyde Littlefield Texas Relays,2025-03-26,,,1.2,Outdoor,https://www.tfrrs.org/results/89183/5483904/2025_97th_Clyde_Littlefield_Texas_Relays/100-Hurdles,TFRRS all_performances
"Krebs, Naomi",Texas Tech,Big 12,100H,2025,3,,,13.00,seconds,2025 97th Clyde Littlefield Texas Relays,2025-03-26,,,2.6,Outdoor,https://www.tfrrs.org/results/89183/5483904/2025_97th_Clyde_Littlefield_Texas_Relays/100-Hurdles,TFRRS all_performances
"Krebs, Naomi",Texas Tech,Big 12,100H,2025,3,,,13.22,seconds,2025 97th Clyde Littlefield Texas Relays,2025-03-26,,,0.7,Outdoor,https://www.tfrrs.org/results/89183/5483904/2025_97th_Clyde_Littlefield_Texas_Relays/100-Hurdles,TFRRS all_performances
"Smith, Destiny",Texas Tech,Big 12,100H,2025,4,,,13.37,seconds,Texas Tech Masked Rider,2025-04-03,,,2.3,Outdoor,https://www.tfrrs.org/results/91113/5557544/Texas_Tech_Masked_Rider/100-Hurdles,TFRRS all_performances
"Forbes, Tonie-Ann",Texas Tech,Big 12,100H,2025,2,,,13.28,seconds,2025 Texas A&M 44 Farms Team Invitational,2025-04-11,,,3.3,Outdoor,https://www.tfrrs.org/results/87412/5544839/2025_Texas_AM_44_Farms_Team_Invitational/100-Hurdles,TFRRS all_performances
"Krebs, Naomi",Texas Tech,Big 12,100H,2025,3,,,12.82,seconds,2025 Texas A&M 44 Farms Team Invitational,2025-04-11,,,3.3,Outdoor,https://www.tfrrs.org/results/87412/5544839/2025_Texas_AM_44_Farms_Team_Invitational/100-Hurdles,TFRRS all_performances
"Smith, Destiny",Texas Tech,Big 12,100H,2025,4,,,13.65,seconds,2025 Texas A&M 44 Farms Team Invitational,2025-04-11,,,3.3,Outdoor,https://www.tfrrs.org/results/87412/5544839/2025_Texas_AM_44_Farms_Team_Invitational/100-Hurdles,TFRRS all_performances
"Forbes, Tonie-Ann",Texas Tech,Big 12,100H,2025,2,,,13.54,seconds,2025 Texas Invitational,2025-04-24,,,-0.5,Outdoor,https://www.tfrrs.org/results/91283/5594946/2025_Texas_Invitational/100-Hurdles,TFRRS all_performances
"Krebs, Naomi",Texas Tech,Big 12,100H,2025,3,,,13.07,seconds,2025 Texas Invitational,2025-04-24,,,-0.5,Outdoor,https://www.tfrrs.org/results/91283/5594946/2025_Texas_Invitational/100-Hurdles,TFRRS all_performances
"Smith, Destiny",Texas Tech,Big 12,100H,2025,4,,,13.47,seconds,2025 Texas Invitational,2025-04-24,,,-0.5,Outdoor,https://www.tfrrs.org/results/91283/5594946/2025_Texas_Invitational/100-Hurdles,TFRRS all_performances
"Balde, Vanessa",Texas Tech,Big 12,100H,2025,3,,,13.54,seconds,Texas Tech Corky/Crofoot Shootout,2025-05-01,,,1.3,Outdoor,https://www.tfrrs.org/results/92291/5626582/Texas_Tech_Corky_Crofoot_Shootout/100-Hurdles,TFRRS all_performances
"Forbes, Tonie-Ann",Texas Tech,Big 12,100H,2025,2,,,16.10,seconds,Texas Tech Corky/Crofoot Shootout,2025-05-01,,,1.3,Outdoor,https://www.tfrrs.org/results/92291/5626582/Texas_Tech_Corky_Crofoot_Shootout/100-Hurdles,TFRRS all_performances
"Krebs, Naomi",Texas Tech,Big 12,100H,2025,3,,,12.94,seconds,Texas Tech Corky/Crofoot Shootout,2025-05-01,,,1.3,Outdoor,https://www.tfrrs.org/results/92291/5626582/Texas_Tech_Corky_Crofoot_Shootout/100-Hurdles,TFRRS all_performances
"Smith, Destiny",Texas Tech,Big 12,100H,2025,4,,,13.24,seconds,Texas Tech Corky/Crofoot Shootout,2025-05-01,,,1.3,Outdoor,https://www.tfrrs.org/results/92291/5626582/Texas_Tech_Corky_Crofoot_Shootout/100-Hurdles,TFRRS all_performances
"Balde, Vanessa",Texas Tech,Big 12,100H,2025,3,,,13.92,seconds,Big 12 Outdoor Track & Field Championships,2025-05-15,,,-1.5,Outdoor,https://www.tfrrs.org/results/92590/5661338/Big_12_Outdoor_Track__Field_Championships/100-Hurdles,TFRRS all_performances
"Forbes, Tonie-Ann",Texas Tech,Big 12,100H,2025,2,,,13.24,seconds,Big 12 Outdoor Track & Field Championships,2025-05-15,,,1.1,Outdoor,https://www.tfrrs.org/results/92590/5661338/Big_12_Outdoor_Track__Field_Championships/100-Hurdles,TFRRS all_performances
"Forbes, Tonie-Ann",Texas Tech,Big 12,100H,2025,2,,,13.32,seconds,Big 12 Outdoor Track & Field Championships,2025-05-15,,,0.9,Outdoor,https://www.tfrrs.org/results/92590/5661338/Big_12_Outdoor_Track__Field_Championships/100-Hurdles,TFRRS all_performances
"Krebs, Naomi",Texas Tech,Big 12,100H,2025,3,,,13.30,seconds,Big 12 Outdoor Track & Field Championships,2025-05-15,,,-1.5,Outdoor,https://www.tfrrs.org/results/92590/5661338/Big_12_Outdoor_Track__Field_Championships/100-Hurdles,TFRRS all_performances
"Smith, Destiny",Texas Tech,Big 12,100H,2025,4,,,13.09,seconds,Big 12 Outdoor Track & Field Championships,2025-05-15,,,0.9,Outdoor,https://www.tfrrs.org/results/92590/5661338/Big_12_Outdoor_Track__Field_Championships/100-Hurdles,TFRRS all_performances
"Smith, Destiny",Texas Tech,Big 12,100H,2025,4,,,13.11,seconds,Big 12 Outdoor Track & Field Championships,2025-05-15,,,1.1,Outdoor,https://www.tfrrs.org/results/92590/5661338/Big_12_Outdoor_Track__Field_Championships/100-Hurdles,TFRRS all_performances
"Forbes, Tonie-Ann",Texas Tech,Big 12,100H,2025,2,,,13.11,seconds,NCAA Division I West First Round,2025-05-28,,,1.3,Outdoor,https://www.tfrrs.org/results/92621/5669919/NCAA_Division_I_West_First_Round/100-Hurdles,TFRRS all_performances
"Forbes, Tonie-Ann",Texas Tech,Big 12,100H,2025,2,,,13.19,seconds,NCAA Division I West First Round,2025-05-28,,,0.3,Outdoor,https://www.tfrrs.org/results/92621/5669919/NCAA_Division_I_West_First_Round/100-Hurdles,TFRRS all_performances
"Krebs, Naomi",Texas Tech,Big 12,100H,2025,3,,,13.69,seconds,NCAA Division I West First Round,2025-05-28,,,-0.3,Outdoor,https://www.tfrrs.org/results/92621/5669919/NCAA_Division_I_West_First_Round/100-Hurdles,TFRRS all_performances
"Smith, Destiny",Texas Tech,Big 12,100H,2025,4,,,13.01,seconds,NCAA Division I West First Round,2025-05-28,,,1.5,Outdoor,https://www.tfrrs.org/results/92621/5669919/NCAA_Division_I_West_First_Round/100-Hurdles,TFRRS all_performances
"Smith, Destiny",Texas Tech,Big 12,100H,2025,4,,,13.18,seconds,NCAA Division I West First Round,2025-05-28,,,1.2,Outdoor,https://www.tfrrs.org/results/92621/5669919/NCAA_Division_I_West_First_Round/100-Hurdles,TFRRS all_performances
"Forbes, Tonie-Ann",Texas Tech,Big 12,100H,2025,2,,,13.37,seconds,NCAA Division I Outdoor Track & Field Championships,2025-06-11,,,+0.0,Outdoor,https://www.tfrrs.org/results/92668/5672539/NCAA_Division_I_Outdoor_Track__Field_Championships/100-Hurdles,TFRRS all_performances
"Smith, Destiny",Texas Tech,Big 12,100H,2025,4,,,13.18,seconds,NCAA Division I Outdoor Track & Field Championships,2025-06-11,,,1.5,Outdoor,https://www.tfrrs.org/results/92668/5672539/NCAA_Division_I_Outdoor_Track__Field_Championships/100-Hurdles,TFRRS all_performances
"Driscoll, Llyric",Illinois,Big Ten,100H,2025,1,,,14.16,seconds,USF Alumni Invitational,2025-03-21,,,0.4,Outdoor,https://www.tfrrs.org/results/89735/5466119/USF_Alumni_Invitational/100-Hurdles,TFRRS all_performances
"Driscoll, Llyric",Illinois,Big Ten,100H,2025,1,,,14.04,seconds,Florida Relays,2025-04-04,,,2.0,Outdoor,https://www.tfrrs.org/results/91170/5650455/Florida_Relays/100-Hurdles,TFRRS all_performances
"Driscoll, Llyric",Illinois,Big Ten,100H,2025,1,,,14.00,seconds,Tom Jones Invitational,2025-04-18,,,1.1,Outdoor,https://www.tfrrs.org/results/91823/5651918/Tom_Jones_Invitational/100-Hurdles,TFRRS all_performances
"Kienast, Lucie",Illinois,Big Ten,100H,2025,1,,,14.53,seconds,Fighting Illini Twilight,2025-04-26,,,3.2,Outdoor,https://www.tfrrs.org/results/90131/5599218/Fighting_Illini_Twilight/100-Hurdles,TFRRS all_performances
"Wullschleger, Melissa",Illinois,Big Ten,100H,2025,1,,,13.63,seconds,Fighting Illini Twilight,2025-04-26,,,3.2,Outdoor,https://www.tfrrs.org/results/90131/5599218/Fighting_Illini_Twilight/100-Hurdles,TFRRS all_performances
"Driscoll, Llyric",Illinois,Big Ten,100H,2025,1,,,13.68,seconds,Gary Wieneke Memorial,2025-05-02,,,0.7,Outdoor,https://www.tfrrs.org/results/90337/5619159/Gary_Wieneke_Memorial/100-Hurdles,TFRRS all_performances
"Wullschleger, Melissa",Illinois,Big Ten,100H,2025,1,,,13.62,seconds,Gary Wieneke Memorial,2025-05-02,,,0.7,Outdoor,https://www.tfrrs.org/results/90337/5619159/Gary_Wieneke_Memorial/100-Hurdles,TFRRS all_performances
"Driscoll, Llyric",Illinois,Big Ten,100H,2025,1,,,13.75,seconds,Big Ten Outdoor Track & Field Championships,2025-05-16,,,+0.0,Outdoor,https://www.tfrrs.org/results/92594/5664499/Big_Ten_Outdoor_Track__Field_Championships/100-Hurdles,TFRRS all_performances
"Kienast, Lucie",Illinois,Big Ten,100H,2025,1,,,14.19,seconds,Big Ten Outdoor Track & Field Championships,2025-05-16,,,-0.7,Outdoor,https://www.tfrrs.org/results/92594/5664533/Big_Ten_Outdoor_Track__Field_Championships/100-Hurdles,TFRRS all_performances
"Wullschleger, Melissa",Illinois,Big Ten,100H,2025,1,,,13.49,seconds,Big Ten Outdoor Track & Field Championships,2025-05-16,,,1.1,Outdoor,https://www.tfrrs.org/results/92594/5664533/Big_Ten_Outdoor_Track__Field_Championships/100-Hurdles,TFRRS all_performances
"Wullschleger, Melissa",Illinois,Big Ten,100H,2025,1,,,13.75,seconds,NCAA Division I Outdoor Track & Field Championships,2025-06-11,,,0.6,Outdoor,https://www.tfrrs.org/results/92668/5672563/NCAA_Division_I_Outdoor_Track__Field_Championships/100-Hurdles,TFRRS all_performances
"Ilves, Johanna",Nebraska,Big Ten,100H,2025,4,,,13.88,seconds,2025 Texas A&M 44 Farms Team Invitational,2025-04-11,,,4.2,Outdoor,https://www.tfrrs.org/results/87412/5544839/2025_Texas_AM_44_Farms_Team_Invitational/100-Hurdles,TFRRS all_performances
"Parsons, Grace",Nebraska,Big Ten,100H,2025,1,,,14.80,seconds,2025 Texas A&M 44 Farms Team Invitational,2025-04-11,,,0.2,Outdoor,https://www.tfrrs.org/results/87412/5554295/2025_Texas_AM_44_Farms_Team_Invitational/100-Hurdles,TFRRS all_performances
"Wanjoku, Favour",Nebraska,Big Ten,100H,2025,4,,,14.02,seconds,2025 Texas A&M 44 Farms Team Invitational,2025-04-11,,,1.5,Outdoor,https://www.tfrrs.org/results/87412/5554295/2025_Texas_AM_44_Farms_Team_Invitational/100-Hurdles,TFRRS all_performances
"Ilves, Johanna",Nebraska,Big Ten,100H,2025,4,,,13.78,seconds,Michael Johnson Invitational,2025-04-18,,,0.3,Outdoor,https://www.tfrrs.org/results/88270/5572623/Michael_Johnson_Invitational/100-Hurdles,TFRRS all_performances
"Ilves, Johanna",Nebraska,Big Ten,100H,2025,4,,,14.06,seconds,Michael Johnson Invitational,2025-04-18,,,1.0,Outdoor,https://www.tfrrs.org/results/88270/5572623/Michael_Johnson_Invitational/100-Hurdles,TFRRS all_performances
"Ilves, Johanna",Nebraska,Big Ten,100H,2025,4,,,14.07,seconds,Drake Relays,2025-04-23,,,2.2,Outdoor,https://www.tfrrs.org/results/92096/5650836/Drake_Relays/100-Hurdles,TFRRS all_performances
"Parsons, Grace",Nebraska,Big Ten,100H,2025,1,,,14.44,seconds,2025 Prairie Wolf Outdoor Invitational,2025-04-26,,,1.0,Outdoor,https://www.tfrrs.org/results/92094/5599804/2025_Prairie_Wolf_Outdoor_Invitational/100-Hurdles,TFRRS all_performances
"Ilves, Johanna",Nebraska,Big Ten,100H,2025,4,,,13.86,seconds,2025 Desert Heat Classic,2025-05-03,,,0.4,Outdoor,https://www.tfrrs.org/results/89575/5624820/2025_Desert_Heat_Classic_/100-Hurdles,TFRRS all_performances
"Wanjoku, Favour",Nebraska,Big Ten,100H,2025,4,,,14.10,seconds,2025 Desert Heat Classic,2025-05-03,,,1.9,Outdoor,https://www.tfrrs.org/results/89575/5624820/2025_Desert_Heat_Classic_/100-Hurdles,TFRRS all_performances
"Ilves, Johanna",Nebraska,Big Ten,100H,2025,4,,,13.70,seconds,Ward Haylett Invitational,2025-05-09,,,0.9,Outdoor,https://www.tfrrs.org/results/87880/5641945/Ward_Haylett_Invitational/100-Hurdles,TFRRS all_performances
"Parsons, Grace",Nebraska,Big Ten,100H,2025,1,,,14.85,seconds,Ward Haylett Invitational,2025-05-09,,,0.9,Outdoor,https://www.tfrrs.org/results/87880/5641945/Ward_Haylett_Invitational/100-Hurdles,TFRRS all_performances
"Ilves, Johanna",Nebraska,Big Ten,100H,2025,4,,,13.84,seconds,Big Ten Outdoor Track & Field Championships,2025-05-16,,,+0.0,Outdoor,https://www.tfrrs.org/results/92594/5664499/Big_Ten_Outdoor_Track__Field_Championships/100-Hurdles,TFRRS all_performances
"Parsons, Grace",Nebraska,Big Ten,100H,2025,1,,,15.14,seconds,Big Ten Outdoor Track & Field Championships,2025-05-16,,,-0.7,Outdoor,https://www.tfrrs.org/results/92594/5664533/Big_Ten_Outdoor_Track__Field_Championships/100-Hurdles,TFRRS all_performances
"Wanjoku, Favour",Nebraska,Big Ten,100H,2025,4,,,14.10,seconds,Big Ten Outdoor Track & Field Championships,2025-05-16,,,-0.5,Outdoor,https://www.tfrrs.org/results/92594/5664533/Big_Ten_Outdoor_Track__Field_Championships/100-Hurdles,TFRRS all_performances
"Williams, Annika",Oregon,Big Ten,100H,2025,4,,,14.35,seconds,2025 Oregon Preview,2025-03-21,,,1.0,Outdoor,https://www.tfrrs.org/results/89521/5464979/2025_Oregon_Preview/100-Hurdles,TFRRS all_performances
"McCormick, Aaliyah",Oregon,Big Ten,100H,2025,3,,,13.07,seconds,Battle at the Beach,2025-04-04,,,2.3,Outdoor,https://www.tfrrs.org/results/89904/5506936/Battle_at_the_Beach/100-Hurdles,TFRRS all_performances
"Taylor, Annaleise",Oregon,Big Ten,100H,2025,1,,,13.83,seconds,Battle at the Beach,2025-04-04,,,2.3,Outdoor,https://www.tfrrs.org/results/89904/5506936/Battle_at_the_Beach/100-Hurdles,TFRRS all_performances
"Taylor, Annaleise",Oregon,Big Ten,100H,2025,1,,,13.89,seconds,2025 Oregon Team Invite,2025-04-18,,,0.7,Outdoor,https://www.tfrrs.org/results/89637/5573634/2025_Oregon_Team_Invite/100-Hurdles,TFRRS all_performances
"McCormick, Aaliyah",Oregon,Big Ten,100H,2025,3,,,13.03,seconds,2025 Desert Heat Classic,2025-05-03,,,0.4,Outdoor,https://www.tfrrs.org/results/89575/5624820/2025_Desert_Heat_Classic_/100-Hurdles,TFRRS all_performances
"Taylor, Annaleise",Oregon,Big Ten,100H,2025,1,,,13.52,seconds,2025 Desert Heat Classic,2025-05-03,,,2.4,Outdoor,https://www.tfrrs.org/results/89575/5624820/2025_Desert_Heat_Classic_/100-Hurdles,TFRRS all_performances
"McCormick, Aaliyah",Oregon,Big Ten,100H,2025,3,,,12.86,seconds,Big Ten Outdoor Track & Field Championships,2025-05-16,,,-0.1,Outdoor,https://www.tfrrs.org/results/92594/5664499/Big_Ten_Outdoor_Track__Field_Championships/100-Hurdles,TFRRS all_performances
"McCormick, Aaliyah",Oregon,Big Ten,100H,2025,3,,,12.94,seconds,Big Ten Outdoor Track & Field Championships,2025-05-16,,,+0.0,Outdoor,https://www.tfrrs.org/results/92594/5664499/Big_Ten_Outdoor_Track__Field_Championships/100-Hurdles,TFRRS all_performances
"Taylor, Annaleise",Oregon,Big Ten,100H,2025,1,,,13.96,seconds,Big Ten Outdoor Track & Field Championships,2025-05-16,,,-0.8,Outdoor,https://www.tfrrs.org/results/92594/5664499/Big_Ten_Outdoor_Track__Field_Championships/100-Hurdles,TFRRS all_performances
"Williams, Annika",Oregon,Big Ten,100H,2025,4,,,14.02,seconds,Big Ten Outdoor Track & Field Championships,2025-05-16,,,-0.7,Outdoor,https://www.tfrrs.org/results/92594/5664533/Big_Ten_Outdoor_Track__Field_Championships/100-Hurdles,TFRRS all_performances
"McCormick, Aaliyah",Oregon,Big Ten,100H,2025,3,,,12.74,seconds,NCAA Division I West First Round,2025-05-28,,,1.3,Outdoor,https://www.tfrrs.org/results/92621/5669919/NCAA_Division_I_West_First_Round/100-Hurdles,TFRRS all_performances
"McCormick, Aaliyah",Oregon,Big Ten,100H,2025,3,,,12.82,seconds,NCAA Division I West First Round,2025-05-28,,,0.2,Outdoor,https://www.tfrrs.org/results/92621/5669919/NCAA_Division_I_West_First_Round/100-Hurdles,TFRRS all_performances
"Taylor, Annaleise",Oregon,Big Ten,100H,2025,1,,,14.49,seconds,NCAA Division I West First Round,2025-05-28,,,0.7,Outdoor,https://www.tfrrs.org/results/92621/5669919/NCAA_Division_I_West_First_Round/100-Hurdles,TFRRS all_performances
"McCormick, Aaliyah",Oregon,Big Ten,100H,2025,3,,,12.76,seconds,NCAA Division I Outdoor Track & Field Championships,2025-06-11,,,1.0,Outdoor,https://www.tfrrs.org/results/92668/5672539/NCAA_Division_I_Outdoor_Track__Field_Championships/100-Hurdles,TFRRS all_performances
"McCormick, Aaliyah",Oregon,Big Ten,100H,2025,3,,,12.81,seconds,NCAA Division I Outdoor Track & Field Championships,2025-06-11,,,-0.2,Outdoor,https://www.tfrrs.org/results/92668/5672539/NCAA_Division_I_Outdoor_Track__Field_Championships/100-Hurdles,TFRRS all_performances
"Lott, Falyn",USC,Big Ten,100H,2025,1,,,14.29,seconds,Trojan Invite,2025-03-21,,,1.2,Outdoor,https://www.tfrrs.org/results/89833/5463093/Trojan_Invite/100-Hurdles,TFRRS all_performances
"Smith, Jalaysiya",USC,Big Ten,100H,2025,4,,,13.53,seconds,LSU Battle on the Bayou,2025-03-28,,,0.6,Outdoor,https://www.tfrrs.org/results/89962/5486949/LSU_Battle_on_the_Bayou/100-Hurdles,TFRRS all_performances
"Waldron, Nonah",USC,Big Ten,100H,2025,2,,,12.98,seconds,LSU Battle on the Bayou,2025-03-28,,,0.6,Outdoor,https://www.tfrrs.org/results/89962/5486949/LSU_Battle_on_the_Bayou/100-Hurdles,TFRRS all_performances
"Lott, Falyn",USC,Big Ten,100H,2025,1,,,14.10,seconds,Battle at the Beach,2025-04-04,,,1.1,Outdoor,https://www.tfrrs.org/results/89904/5506936/Battle_at_the_Beach/100-Hurdles,TFRRS all_performances
"Smith, Jalaysiya",USC,Big Ten,100H,2025,4,,,13.28,seconds,Battle at the Beach,2025-04-04,,,2.3,Outdoor,https://www.tfrrs.org/results/89904/5506936/Battle_at_the_Beach/100-Hurdles,TFRRS all_performances
"Waldron, Nonah",USC,Big Ten,100H,2025,2,,,12.89,seconds,Battle at the Beach,2025-04-04,,,2.3,Outdoor,https://www.tfrrs.org/results/89904/5506936/Battle_at_the_Beach/100-Hurdles,TFRRS all_performances
"Smith, Jalaysiya",USC,Big Ten,100H,2025,4,,,13.12,seconds,2025 Texas A&M 44 Farms Team Invitational,2025-04-11,,,3.3,Outdoor,https://www.tfrrs.org/results/87412/5544839/2025_Texas_AM_44_Farms_Team_Invitational/100-Hurdles,TFRRS all_performances
"Lott, Falyn",USC,Big Ten,100H,2025,1,,,14.20,seconds,65th Annual Mt. SAC Relays,2025-04-18,,,-1.3,Outdoor,https://www.tfrrs.org/results/89926/5656739/65th_Annual_Mt_SAC_Relays/100-Hurdles,TFRRS all_performances
"Lott, Falyn",USC,Big Ten,100H,2025,1,,,14.20,seconds,65th Annual Mt. SAC Relays,2025-04-18,,,-1.3,Outdoor,https://www.tfrrs.org/results/89926/5656722/65th_Annual_Mt_SAC_Relays/100-Hurdles,TFRRS all_performances
"Waldron, Nonah",USC,Big Ten,100H,2025,2,,,13.19,seconds,65th Annual Mt. SAC Relays,2025-04-18,,,+0.0,Outdoor,https://www.tfrrs.org/results/89926/5573866/65th_Annual_Mt_SAC_Relays/100-Hurdles,TFRRS all_performances
"Waldron, Nonah",USC,Big Ten,100H,2025,2,,,13.03,seconds,USC vs UCLA,2025-05-04,,,-0.1,Outdoor,https://www.tfrrs.org/results/89912/5626192/USC_vs_UCLA/100-Hurdles,TFRRS all_performances
"Lott, Falyn",USC,Big Ten,100H,2025,1,,,14.06,seconds,Big Ten Outdoor Track & Field Championships,2025-05-16,,,-0.5,Outdoor,https://www.tfrrs.org/results/92594/5664533/Big_Ten_Outdoor_Track__Field_Championships/100-Hurdles,TFRRS all_performances
"Smith, Jalaysiya",USC,Big Ten,100H,2025,4,,,13.81,seconds,Big Ten Outdoor Track & Field Championships,2025-05-16,,,-0.7,Outdoor,https://www.tfrrs.org/results/92594/5664499/Big_Ten_Outdoor_Track__Field_Championships/100-Hurdles,TFRRS all_performances
"Waldron, Nonah",USC,Big Ten,100H,2025,2,,,13.05,seconds,Big Ten Outdoor Track & Field Championships,2025-05-16,,,-0.1,Outdoor,https://www.tfrrs.org/results/92594/5664499/Big_Ten_Outdoor_Track__Field_Championships/100-Hurdles,TFRRS all_performances
"Waldron, Nonah",USC,Big Ten,100H,2025,2,,,13.16,seconds,Big Ten Outdoor Track & Field Championships,2025-05-16,,,-0.8,Outdoor,https://www.tfrrs.org/results/92594/5664499/Big_Ten_Outdoor_Track__Field_Championships/100-Hurdles,TFRRS all_performances
"Smith, Jalaysiya",USC,Big Ten,100H,2025,4,,,13.18,seconds,NCAA Division I West First Round,2025-05-28,,,1.5,Outdoor,https://www.tfrrs.org/results/92621/5669919/NCAA_Division_I_West_First_Round/100-Hurdles,TFRRS all_performances
"Smith, Jalaysiya",USC,Big Ten,100H,2025,4,,,13.28,seconds,NCAA Division I West First Round,2025-05-28,,,2.1,Outdoor,https://www.tfrrs.org/results/92621/5669919/NCAA_Division_I_West_First_Round/100-Hurdles,TFRRS all_performances
"Waldron, Nonah",USC,Big Ten,100H,2025,2,,,13.07,seconds,NCAA Division I West First Round,2025-05-28,,,0.7,Outdoor,https://www.tfrrs.org/results/92621/5669919/NCAA_Division_I_West_First_Round/100-Hurdles,TFRRS all_performances
"Waldron, Nonah",USC,Big Ten,100H,2025,2,,,13.16,seconds,NCAA Division I West First Round,2025-05-28,,,1.3,Outdoor,https://www.tfrrs.org/results/92621/5669919/NCAA_Division_I_West_First_Round/100-Hurdles,TFRRS all_performances
"Cosculluela, Sofia",Washington,Big Ten,100H,2025,1,,,13.58,seconds,Stanford Invitational,2025-04-04,,,+0.0,Outdoor,https://www.tfrrs.org/results/89628/5515884/Stanford_Invitational/100-Hurdles,TFRRS all_performances
"Cosculluela, Sofia",Washington,Big Ten,100H,2025,1,,,13.76,seconds,Stanford Invitational,2025-04-04,,,0.2,Outdoor,https://www.tfrrs.org/results/89628/5515884/Stanford_Invitational/100-Hurdles,TFRRS all_performances
"Washburn, Ava",Washington,Big Ten,100H,2025,2,,,15.15,seconds,Stanford Invitational,2025-04-04,,,1.1,Outdoor,https://www.tfrrs.org/results/89628/5515884/Stanford_Invitational/100-Hurdles,TFRRS all_performances
"Cosculluela, Sofia",Washington,Big Ten,100H,2025,1,,,13.50,seconds,65th Annual Mt. SAC Relays,2025-04-18,,,-0.4,Outdoor,https://www.tfrrs.org/results/89926/5656739/65th_Annual_Mt_SAC_Relays/100-Hurdles,TFRRS all_performances
"Cosculluela, Sofia",Washington,Big Ten,100H,2025,1,,,13.62,seconds,Big Ten Outdoor Track & Field Championships,2025-05-16,,,-0.1,Outdoor,https://www.tfrrs.org/results/92594/5664499/Big_Ten_Outdoor_Track__Field_Championships/100-Hurdles,TFRRS all_performances
"Cosculluela, Sofia",Washington,Big Ten,100H,2025,1,,,13.66,seconds,Big Ten Outdoor Track & Field Championships,2025-05-16,,,+0.0,Outdoor,https://www.tfrrs.org/results/92594/5664499/Big_Ten_Outdoor_Track__Field_Championships/100-Hurdles,TFRRS all_performances
"Cosculluela, Sofia",Washington,Big Ten,100H,2025,1,,,13.45,seconds,NCAA Division I West First Round,2025-05-28,,,0.7,Outdoor,https://www.tfrrs.org/results/92621/5669919/NCAA_Division_I_West_First_Round/100-Hurdles,TFRRS all_performances
"Cosculluela, Sofia",Washington,Big Ten,100H,2025,1,,,13.48,seconds,NCAA Division I Outdoor Track & Field Championships,2025-06-11,,,0.5,Outdoor,https://www.tfrrs.org/results/92668/5672563/NCAA_Division_I_Outdoor_Track__Field_Championships/100-Hurdles,TFRRS all_performances
"Adel, Katelyn",Alabama,SEC,100H,2025,1,,,14.32,seconds,2025 Bulldog Alumni Relays,2025-03-20,,,0.2,Outdoor,https://www.tfrrs.org/results/89563/5463491/2025_Bulldog_Alumni_Relays/100-Hurdles,TFRRS all_performances
"Adel, Katelyn",Alabama,SEC,100H,2025,1,,,14.18,seconds,2025 97th Clyde Littlefield Texas Relays,2025-03-26,,,1.2,Outdoor,https://www.tfrrs.org/results/89183/5640857/2025_97th_Clyde_Littlefield_Texas_Relays/100-Hurdles,TFRRS all_performances
"Adel, Katelyn",Alabama,SEC,100H,2025,1,,,DNS,seconds,Crimson Tide Invitational,2025-04-11,,,,Outdoor,https://www.tfrrs.org/athletes/9006134/Alabama/Katelyn_Adel.html,legacy_source_needs_review
"Adel, Katelyn",Alabama,SEC,100H,2025,1,,,14.35,seconds,Tom Jones Invitational,2025-04-18,,,1.1,Outdoor,https://www.tfrrs.org/results/91823/5651918/Tom_Jones_Invitational/100-Hurdles,TFRRS all_performances
"Adel, Katelyn",Alabama,SEC,100H,2025,1,,,14.36,seconds,LSU Invitational,2025-05-03,,,0.6,Outdoor,https://www.tfrrs.org/results/89969/5621968/LSU_Invitational/100-Hurdles,TFRRS all_performances
"Adel, Katelyn",Alabama,SEC,100H,2025,1,,,14.48,seconds,SEC Outdoor Track & Field Championships,2025-05-15,,,-0.4,Outdoor,https://www.tfrrs.org/results/92589/5664592/SEC_Outdoor_Track__Field_Championships/100-Hurdles,TFRRS all_performances
"Adel, Katelyn",Alabama,SEC,100H,2025,1,,,14.12,seconds,NCAA Division I Outdoor Track & Field Championships,2025-06-11,,,1.3,Outdoor,https://www.tfrrs.org/results/92668/5672563/NCAA_Division_I_Outdoor_Track__Field_Championships/100-Hurdles,TFRRS all_performances
"Harris, Habiba",Florida,SEC,100H,2025,1,,,13.05,seconds,Terry Long FSU Relays,2025-03-27,,,0.3,Outdoor,https://www.tfrrs.org/results/90740/5483728/Terry_Long_FSU_Relays/100-Hurdles,TFRRS all_performances
"Waters, Thalia",Florida,SEC,100H,2025,1,,,13.48,seconds,Terry Long FSU Relays,2025-03-27,,,0.3,Outdoor,https://www.tfrrs.org/results/90740/5483728/Terry_Long_FSU_Relays/100-Hurdles,TFRRS all_performances
"Harris, Habiba",Florida,SEC,100H,2025,1,,,12.69,seconds,Florida Relays,2025-04-04,,,2.1,Outdoor,https://www.tfrrs.org/results/91170/5650455/Florida_Relays/100-Hurdles,TFRRS all_performances
"Harris, Habiba",Florida,SEC,100H,2025,1,,,12.85,seconds,Florida Relays,2025-04-04,,,-1.0,Outdoor,https://www.tfrrs.org/results/91170/5650455/Florida_Relays/100-Hurdles,TFRRS all_performances
"Waters, Thalia",Florida,SEC,100H,2025,1,,,13.75,seconds,Florida Relays,2025-04-04,,,-1.0,Outdoor,https://www.tfrrs.org/results/91170/5650455/Florida_Relays/100-Hurdles,TFRRS all_performances
"Harris, Habiba",Florida,SEC,100H,2025,1,,,13.23,seconds,Tom Jones Invitational,2025-04-18,,,-1.2,Outdoor,https://www.tfrrs.org/results/91823/5651919/Tom_Jones_Invitational/100-Hurdles,TFRRS all_performances
"Harris, Habiba",Florida,SEC,100H,2025,1,,,13.83,seconds,Tom Jones Invitational,2025-04-18,,,-3.1,Outdoor,https://www.tfrrs.org/results/91823/5651919/Tom_Jones_Invitational/100-Hurdles,TFRRS all_performances
"Waters, Thalia",Florida,SEC,100H,2025,1,,,13.71,seconds,Tom Jones Invitational,2025-04-18,,,1.1,Outdoor,https://www.tfrrs.org/results/91823/5651919/Tom_Jones_Invitational/100-Hurdles,TFRRS all_performances
"Harris, Habiba",Florida,SEC,100H,2025,1,,,13.17,seconds,LSU Invitational,2025-05-03,,,0.8,Outdoor,https://www.tfrrs.org/results/89969/5621968/LSU_Invitational/100-Hurdles,TFRRS all_performances
"Harris, Habiba",Florida,SEC,100H,2025,1,,,12.62,seconds,SEC Outdoor Track & Field Championships,2025-05-15,,,1.6,Outdoor,https://www.tfrrs.org/results/92589/5664580/SEC_Outdoor_Track__Field_Championships/100-Hurdles,TFRRS all_performances
"Harris, Habiba",Florida,SEC,100H,2025,1,,,12.75,seconds,SEC Outdoor Track & Field Championships,2025-05-15,,,1.8,Outdoor,https://www.tfrrs.org/results/92589/5664580/SEC_Outdoor_Track__Field_Championships/100-Hurdles,TFRRS all_performances
"Harris, Habiba",Florida,SEC,100H,2025,1,,,12.80,seconds,NCAA Division I East First Round,2025-05-28,,,1.1,Outdoor,https://www.tfrrs.org/results/92620/5669364/NCAA_Division_I_East_First_Round/100-Hurdles,TFRRS all_performances
"Harris, Habiba",Florida,SEC,100H,2025,1,,,12.80,seconds,NCAA Division I East First Round,2025-05-28,,,+0.0,Outdoor,https://www.tfrrs.org/results/92620/5669364/NCAA_Division_I_East_First_Round/100-Hurdles,TFRRS all_performances
"Harris, Habiba",Florida,SEC,100H,2025,1,,,12.84,seconds,NCAA Division I Outdoor Track & Field Championships,2025-06-11,,,+0.0,Outdoor,https://www.tfrrs.org/results/92668/5672539/NCAA_Division_I_Outdoor_Track__Field_Championships/100-Hurdles,TFRRS all_performances
"Rush, Ella",Georgia,SEC,100H,2025,3,,,14.97,seconds,UCF Black & Gold Challenge,2025-03-21,,,+0.0,Outdoor,https://www.tfrrs.org/results/87054/5462796/UCF_Black__Gold_Challenge/100-Hurdles,TFRRS all_performances
"Rush, Ella",Georgia,SEC,100H,2025,3,,,14.49,seconds,2025 Texas A&M 44 Farms Team Invitational,2025-04-11,,,1.5,Outdoor,https://www.tfrrs.org/results/87412/5554295/2025_Texas_AM_44_Farms_Team_Invitational/100-Hurdles,TFRRS all_performances
"Rush, Ella",Georgia,SEC,100H,2025,3,,,14.32,seconds,2025 Tiger Track Classic,2025-04-26,,,-0.2,Outdoor,https://www.tfrrs.org/results/91230/5598530/2025_Tiger_Track_Classic/100-Hurdles,TFRRS all_performances
"Rush, Ella",Georgia,SEC,100H,2025,3,,,14.09,seconds,SEC Outdoor Track & Field Championships,2025-05-15,,,0.3,Outdoor,https://www.tfrrs.org/results/92589/5664592/SEC_Outdoor_Track__Field_Championships/100-Hurdles,TFRRS all_performances
"Anderson, Maya",Kentucky,SEC,100H,2025,2,,,14.41,seconds,Cumberlands Early Season Meet,2025-03-14,,,-0.2,Outdoor,https://www.tfrrs.org/results/89868/5446569/Cumberlands_Early_Season_Meet/100-Hurdles,TFRRS all_performances
"Bentley, Camden",Kentucky,SEC,100H,2025,2,,,13.79,seconds,UCF Black & Gold Challenge,2025-03-21,,,1.1,Outdoor,https://www.tfrrs.org/results/87054/5462796/UCF_Black__Gold_Challenge/100-Hurdles,TFRRS all_performances
"Bentley, Camden",Kentucky,SEC,100H,2025,2,,,14.10,seconds,UCF Black & Gold Challenge,2025-03-21,,,1.3,Outdoor,https://www.tfrrs.org/results/87054/5462796/UCF_Black__Gold_Challenge/100-Hurdles,TFRRS all_performances
"Gunnell, Julia",Kentucky,SEC,100H,2025,2,,,14.42,seconds,UCF Black & Gold Challenge,2025-03-21,,,0.1,Outdoor,https://www.tfrrs.org/results/87054/5462796/UCF_Black__Gold_Challenge/100-Hurdles,TFRRS all_performances
"Martin, Kori",Kentucky,SEC,100H,2025,1,,,13.53,seconds,UCF Black & Gold Challenge,2025-03-21,,,1.1,Outdoor,https://www.tfrrs.org/results/87054/5462796/UCF_Black__Gold_Challenge/100-Hurdles,TFRRS all_performances
"Martin, Kori",Kentucky,SEC,100H,2025,1,,,13.80,seconds,UCF Black & Gold Challenge,2025-03-21,,,1.3,Outdoor,https://www.tfrrs.org/results/87054/5462796/UCF_Black__Gold_Challenge/100-Hurdles,TFRRS all_performances
"Bentley, Camden",Kentucky,SEC,100H,2025,2,,,13.49,seconds,2025 97th Clyde Littlefield Texas Relays,2025-03-26,,,2.0,Outdoor,https://www.tfrrs.org/results/89183/5483884/2025_97th_Clyde_Littlefield_Texas_Relays/100-Hurdles,TFRRS all_performances
"Glasco, Alexis",Kentucky,SEC,100H,2025,4,,,13.04,seconds,2025 97th Clyde Littlefield Texas Relays,2025-03-26,,,2.6,Outdoor,https://www.tfrrs.org/results/89183/5483904/2025_97th_Clyde_Littlefield_Texas_Relays/100-Hurdles,TFRRS all_performances
"Glasco, Alexis",Kentucky,SEC,100H,2025,4,,,13.29,seconds,2025 97th Clyde Littlefield Texas Relays,2025-03-26,,,1.8,Outdoor,https://www.tfrrs.org/results/89183/5483904/2025_97th_Clyde_Littlefield_Texas_Relays/100-Hurdles,TFRRS all_performances
"Martin, Kori",Kentucky,SEC,100H,2025,1,,,13.84,seconds,2025 97th Clyde Littlefield Texas Relays,2025-03-26,,,1.2,Outdoor,https://www.tfrrs.org/results/89183/5483904/2025_97th_Clyde_Littlefield_Texas_Relays/100-Hurdles,TFRRS all_performances
"Scales, Emmi",Kentucky,SEC,100H,2025,2,,,13.23,seconds,2025 97th Clyde Littlefield Texas Relays,2025-03-26,,,1.8,Outdoor,https://www.tfrrs.org/results/89183/5483904/2025_97th_Clyde_Littlefield_Texas_Relays/100-Hurdles,TFRRS all_performances
"Scales, Emmi",Kentucky,SEC,100H,2025,2,,,13.29,seconds,2025 97th Clyde Littlefield Texas Relays,2025-03-26,,,2.6,Outdoor,https://www.tfrrs.org/results/89183/5483904/2025_97th_Clyde_Littlefield_Texas_Relays/100-Hurdles,TFRRS all_performances
"Bentley, Camden",Kentucky,SEC,100H,2025,2,,,13.37,seconds,2025 Jim Click Shootout & Multis,2025-04-04,,,0.3,Outdoor,https://www.tfrrs.org/results/89574/5511338/_2025_Jim_Click_Shootout__Multis/100-Hurdles,TFRRS all_performances
"Gunnell, Julia",Kentucky,SEC,100H,2025,2,,,14.32,seconds,2025 Jim Click Shootout & Multis,2025-04-04,,,+0.0,Outdoor,https://www.tfrrs.org/results/89574/5511332/_2025_Jim_Click_Shootout__Multis/100-Hurdles,TFRRS all_performances
"Martin, Kori",Kentucky,SEC,100H,2025,1,,,13.77,seconds,2025 Jim Click Shootout & Multis,2025-04-04,,,0.3,Outdoor,https://www.tfrrs.org/results/89574/5511338/_2025_Jim_Click_Shootout__Multis/100-Hurdles,TFRRS all_performances
"Scales, Emmi",Kentucky,SEC,100H,2025,2,,,13.06,seconds,2025 Jim Click Shootout & Multis,2025-04-04,,,0.3,Outdoor,https://www.tfrrs.org/results/89574/5511338/_2025_Jim_Click_Shootout__Multis/100-Hurdles,TFRRS all_performances
"Bentley, Camden",Kentucky,SEC,100H,2025,2,,,13.37,seconds,Tom Jones Invitational,2025-04-18,,,0.5,Outdoor,https://www.tfrrs.org/results/91823/5651919/Tom_Jones_Invitational/100-Hurdles,TFRRS all_performances
"Glasco, Alexis",Kentucky,SEC,100H,2025,4,,,13.23,seconds,Tom Jones Invitational,2025-04-18,,,-0.5,Outdoor,https://www.tfrrs.org/results/91823/5651919/Tom_Jones_Invitational/100-Hurdles,TFRRS all_performances
"Glasco, Alexis",Kentucky,SEC,100H,2025,4,,,13.55,seconds,Tom Jones Invitational,2025-04-18,,,-3.1,Outdoor,https://www.tfrrs.org/results/91823/5651919/Tom_Jones_Invitational/100-Hurdles,TFRRS all_performances
"Martin, Kori",Kentucky,SEC,100H,2025,1,,,13.69,seconds,Tom Jones Invitational,2025-04-18,,,1.1,Outdoor,https://www.tfrrs.org/results/91823/5651919/Tom_Jones_Invitational/100-Hurdles,TFRRS all_performances
"Scales, Emmi",Kentucky,SEC,100H,2025,2,,,13.49,seconds,Tom Jones Invitational,2025-04-18,,,-1.2,Outdoor,https://www.tfrrs.org/results/91823/5651919/Tom_Jones_Invitational/100-Hurdles,TFRRS all_performances
"Bentley, Camden",Kentucky,SEC,100H,2025,2,,,13.44,seconds,Drake Relays,2025-04-23,,,-0.3,Outdoor,https://www.tfrrs.org/results/92096/5650836/Drake_Relays/100-Hurdles,TFRRS all_performances
"Bentley, Camden",Kentucky,SEC,100H,2025,2,,,13.56,seconds,Drake Relays,2025-04-23,,,4.9,Outdoor,https://www.tfrrs.org/results/92096/5650836/Drake_Relays/100-Hurdles,TFRRS all_performances
"Glasco, Alexis",Kentucky,SEC,100H,2025,4,,,13.19,seconds,Drake Relays,2025-04-23,,,3.4,Outdoor,https://www.tfrrs.org/results/92096/5650836/Drake_Relays/100-Hurdles,TFRRS all_performances
"Glasco, Alexis",Kentucky,SEC,100H,2025,4,,,13.32,seconds,Drake Relays,2025-04-23,,,-0.3,Outdoor,https://www.tfrrs.org/results/92096/5650836/Drake_Relays/100-Hurdles,TFRRS all_performances
"Martin, Kori",Kentucky,SEC,100H,2025,1,,,13.47,seconds,Drake Relays,2025-04-23,,,3.4,Outdoor,https://www.tfrrs.org/results/92096/5650836/Drake_Relays/100-Hurdles,TFRRS all_performances
"Martin, Kori",Kentucky,SEC,100H,2025,1,,,13.94,seconds,Drake Relays,2025-04-23,,,-0.3,Outdoor,https://www.tfrrs.org/results/92096/5650836/Drake_Relays/100-Hurdles,TFRRS all_performances
"Scales, Emmi",Kentucky,SEC,100H,2025,2,,,13.37,seconds,Drake Relays,2025-04-23,,,-0.3,Outdoor,https://www.tfrrs.org/results/92096/5650836/Drake_Relays/100-Hurdles,TFRRS all_performances
"Scales, Emmi",Kentucky,SEC,100H,2025,2,,,13.53,seconds,Drake Relays,2025-04-23,,,2.9,Outdoor,https://www.tfrrs.org/results/92096/5650836/Drake_Relays/100-Hurdles,TFRRS all_performances
"Anderson, Maya",Kentucky,SEC,100H,2025,2,,,13.84,seconds,Jim Green Invitational,2025-05-02,,,1.5,Outdoor,https://www.tfrrs.org/results/92296/5630356/Jim_Green_Invitational/100-Hurdles,TFRRS all_performances
"Anderson, Maya",Kentucky,SEC,100H,2025,2,,,13.90,seconds,Jim Green Invitational,2025-05-02,,,1.4,Outdoor,https://www.tfrrs.org/results/92296/5630356/Jim_Green_Invitational/100-Hurdles,TFRRS all_performances
"Bentley, Camden",Kentucky,SEC,100H,2025,2,,,13.08,seconds,Jim Green Invitational,2025-05-02,,,1.4,Outdoor,https://www.tfrrs.org/results/92296/5630356/Jim_Green_Invitational/100-Hurdles,TFRRS all_performances
"Bentley, Camden",Kentucky,SEC,100H,2025,2,,,13.13,seconds,Jim Green Invitational,2025-05-02,,,1.5,Outdoor,https://www.tfrrs.org/results/92296/5630356/Jim_Green_Invitational/100-Hurdles,TFRRS all_performances
"Glasco, Alexis",Kentucky,SEC,100H,2025,4,,,13.07,seconds,Jim Green Invitational,2025-05-02,,,1.4,Outdoor,https://www.tfrrs.org/results/92296/5630356/Jim_Green_Invitational/100-Hurdles,TFRRS all_performances
"Glasco, Alexis",Kentucky,SEC,100H,2025,4,,,13.10,seconds,Jim Green Invitational,2025-05-02,,,1.5,Outdoor,https://www.tfrrs.org/results/92296/5630356/Jim_Green_Invitational/100-Hurdles,TFRRS all_performances
"Gunnell, Julia",Kentucky,SEC,100H,2025,2,,,14.22,seconds,Jim Green Invitational,2025-05-02,,,0.4,Outdoor,https://www.tfrrs.org/results/92296/5630364/Jim_Green_Invitational/100-Hurdles,TFRRS all_performances
"Martin, Kori",Kentucky,SEC,100H,2025,1,,,13.41,seconds,Jim Green Invitational,2025-05-02,,,1.5,Outdoor,https://www.tfrrs.org/results/92296/5630356/Jim_Green_Invitational/100-Hurdles,TFRRS all_performances
"Martin, Kori",Kentucky,SEC,100H,2025,1,,,13.70,seconds,Jim Green Invitational,2025-05-02,,,1.4,Outdoor,https://www.tfrrs.org/results/92296/5630356/Jim_Green_Invitational/100-Hurdles,TFRRS all_performances
"Bentley, Camden",Kentucky,SEC,100H,2025,2,,,13.26,seconds,SEC Outdoor Track & Field Championships,2025-05-15,,,1.5,Outdoor,https://www.tfrrs.org/results/92589/5664580/SEC_Outdoor_Track__Field_Championships/100-Hurdles,TFRRS all_performances
"Glasco, Alexis",Kentucky,SEC,100H,2025,4,,,13.00,seconds,SEC Outdoor Track & Field Championships,2025-05-15,,,1.8,Outdoor,https://www.tfrrs.org/results/92589/5664580/SEC_Outdoor_Track__Field_Championships/100-Hurdles,TFRRS all_performances
"Glasco, Alexis",Kentucky,SEC,100H,2025,4,,,13.00,seconds,SEC Outdoor Track & Field Championships,2025-05-15,,,1.6,Outdoor,https://www.tfrrs.org/results/92589/5664580/SEC_Outdoor_Track__Field_Championships/100-Hurdles,TFRRS all_performances
"Gunnell, Julia",Kentucky,SEC,100H,2025,2,,,14.21,seconds,SEC Outdoor Track & Field Championships,2025-05-15,,,-0.4,Outdoor,https://www.tfrrs.org/results/92589/5664592/SEC_Outdoor_Track__Field_Championships/100-Hurdles,TFRRS all_performances
"Martin, Kori",Kentucky,SEC,100H,2025,1,,,13.65,seconds,SEC Outdoor Track & Field Championships,2025-05-15,,,2.2,Outdoor,https://www.tfrrs.org/results/92589/5664580/SEC_Outdoor_Track__Field_Championships/100-Hurdles,TFRRS all_performances
"Scales, Emmi",Kentucky,SEC,100H,2025,2,,,13.00,seconds,SEC Outdoor Track & Field Championships,2025-05-15,,,1.8,Outdoor,https://www.tfrrs.org/results/92589/5664580/SEC_Outdoor_Track__Field_Championships/100-Hurdles,TFRRS all_performances
"Scales, Emmi",Kentucky,SEC,100H,2025,2,,,13.06,seconds,SEC Outdoor Track & Field Championships,2025-05-15,,,1.6,Outdoor,https://www.tfrrs.org/results/92589/5664580/SEC_Outdoor_Track__Field_Championships/100-Hurdles,TFRRS all_performances
"Bentley, Camden",Kentucky,SEC,100H,2025,2,,,13.08,seconds,NCAA Division I East First Round,2025-05-28,,,1.4,Outdoor,https://www.tfrrs.org/results/92620/5669364/NCAA_Division_I_East_First_Round/100-Hurdles,TFRRS all_performances
"Bentley, Camden",Kentucky,SEC,100H,2025,2,,,13.14,seconds,NCAA Division I East First Round,2025-05-28,,,+0.0,Outdoor,https://www.tfrrs.org/results/92620/5669364/NCAA_Division_I_East_First_Round/100-Hurdles,TFRRS all_performances
"Martin, Kori",Kentucky,SEC,100H,2025,1,,,13.82,seconds,NCAA Division I East First Round,2025-05-28,,,1.1,Outdoor,https://www.tfrrs.org/results/92620/5669364/NCAA_Division_I_East_First_Round/100-Hurdles,TFRRS all_performances
"Scales, Emmi",Kentucky,SEC,100H,2025,2,,,12.93,seconds,NCAA Division I East First Round,2025-05-28,,,+0.0,Outdoor,https://www.tfrrs.org/results/92620/5669364/NCAA_Division_I_East_First_Round/100-Hurdles,TFRRS all_performances
"Scales, Emmi",Kentucky,SEC,100H,2025,2,,,13.07,seconds,NCAA Division I East First Round,2025-05-28,,,1.5,Outdoor,https://www.tfrrs.org/results/92620/5669364/NCAA_Division_I_East_First_Round/100-Hurdles,TFRRS all_performances
"Bentley, Camden",Kentucky,SEC,100H,2025,2,,,13.32,seconds,NCAA Division I Outdoor Track & Field Championships,2025-06-11,,,+0.0,Outdoor,https://www.tfrrs.org/results/92668/5672539/NCAA_Division_I_Outdoor_Track__Field_Championships/100-Hurdles,TFRRS all_performances
"Scales, Emmi",Kentucky,SEC,100H,2025,2,,,13.01,seconds,NCAA Division I Outdoor Track & Field Championships,2025-06-11,,,1.0,Outdoor,https://www.tfrrs.org/results/92668/5672539/NCAA_Division_I_Outdoor_Track__Field_Championships/100-Hurdles,TFRRS all_performances
"Flynn, Kennedy",South Carolina,SEC,100H,2025,1,,,13.41,seconds,Weems Baskin Invitational 2025,2025-03-22,,,4.7,Outdoor,https://www.tfrrs.org/results/89580/5463394/Weems_Baskin_Invitational_2025/100-Hurdles,TFRRS all_performances
"Flynn, Kennedy",South Carolina,SEC,100H,2025,1,,,14.22,seconds,Weems Baskin Invitational 2025,2025-03-22,,,3.8,Outdoor,https://www.tfrrs.org/results/89580/5463394/Weems_Baskin_Invitational_2025/100-Hurdles,TFRRS all_performances
"Hamilton, Joslyn",South Carolina,SEC,100H,2025,1,,,13.26,seconds,Weems Baskin Invitational 2025,2025-03-22,,,4.7,Outdoor,https://www.tfrrs.org/results/89580/5463394/Weems_Baskin_Invitational_2025/100-Hurdles,TFRRS all_performances
"Hamilton, Joslyn",South Carolina,SEC,100H,2025,1,,,13.85,seconds,Weems Baskin Invitational 2025,2025-03-22,,,2.0,Outdoor,https://www.tfrrs.org/results/89580/5463394/Weems_Baskin_Invitational_2025/100-Hurdles,TFRRS all_performances
"Flynn, Kennedy",South Carolina,SEC,100H,2025,1,,,13.53,seconds,Florida Relays,2025-04-04,,,2.0,Outdoor,https://www.tfrrs.org/results/91170/5650455/Florida_Relays/100-Hurdles,TFRRS all_performances
"Hamilton, Joslyn",South Carolina,SEC,100H,2025,1,,,13.56,seconds,Florida Relays,2025-04-04,,,-1.0,Outdoor,https://www.tfrrs.org/results/91170/5650455/Florida_Relays/100-Hurdles,TFRRS all_performances
"Flynn, Kennedy",South Carolina,SEC,100H,2025,1,,,13.95,seconds,Gamecock Invite 2025,2025-04-12,,,1.1,Outdoor,https://www.tfrrs.org/results/89590/5541111/Gamecock_Invite_2025/100-Hurdles,TFRRS all_performances
"Flynn, Kennedy",South Carolina,SEC,100H,2025,1,,,13.95,seconds,Gamecock Invite 2025,2025-04-12,,,2.6,Outdoor,https://www.tfrrs.org/results/89590/5541111/Gamecock_Invite_2025/100-Hurdles,TFRRS all_performances
"Hamilton, Joslyn",South Carolina,SEC,100H,2025,1,,,13.78,seconds,Gamecock Invite 2025,2025-04-12,,,1.5,Outdoor,https://www.tfrrs.org/results/89590/5541111/Gamecock_Invite_2025/100-Hurdles,TFRRS all_performances
"Flynn, Kennedy",South Carolina,SEC,100H,2025,1,,,14.36,seconds,Michael Johnson Invitational,2025-04-18,,,1.0,Outdoor,https://www.tfrrs.org/results/88270/5572623/Michael_Johnson_Invitational/100-Hurdles,TFRRS all_performances
"Hamilton, Joslyn",South Carolina,SEC,100H,2025,1,,,13.32,seconds,Michael Johnson Invitational,2025-04-18,,,0.3,Outdoor,https://www.tfrrs.org/results/88270/5572623/Michael_Johnson_Invitational/100-Hurdles,TFRRS all_performances
"Hamilton, Joslyn",South Carolina,SEC,100H,2025,1,,,13.77,seconds,Michael Johnson Invitational,2025-04-18,,,-0.3,Outdoor,https://www.tfrrs.org/results/88270/5572623/Michael_Johnson_Invitational/100-Hurdles,TFRRS all_performances
"Flynn, Kennedy",South Carolina,SEC,100H,2025,1,,,13.49,seconds,2025 Charlotte Invitational,2025-04-25,,,1.5,Outdoor,https://www.tfrrs.org/results/90756/5605915/2025_Charlotte_Invitational/100-Hurdles,TFRRS all_performances
"Hamilton, Joslyn",South Carolina,SEC,100H,2025,1,,,13.13,seconds,2025 Charlotte Invitational,2025-04-25,,,1.5,Outdoor,https://www.tfrrs.org/results/90756/5605915/2025_Charlotte_Invitational/100-Hurdles,TFRRS all_performances
"Hamilton, Joslyn",South Carolina,SEC,100H,2025,1,,,13.48,seconds,East Coast Relays,2025-05-02,,,2.9,Outdoor,https://www.tfrrs.org/results/87164/5621814/East_Coast_Relays/100-Hurdles,TFRRS all_performances
"Hamilton, Joslyn",South Carolina,SEC,100H,2025,1,,,13.13,seconds,SEC Outdoor Track & Field Championships,2025-05-15,,,2.2,Outdoor,https://www.tfrrs.org/results/92589/5664580/SEC_Outdoor_Track__Field_Championships/100-Hurdles,TFRRS all_performances
"Hamilton, Joslyn",South Carolina,SEC,100H,2025,1,,,13.35,seconds,SEC Outdoor Track & Field Championships,2025-05-15,,,1.8,Outdoor,https://www.tfrrs.org/results/92589/5664580/SEC_Outdoor_Track__Field_Championships/100-Hurdles,TFRRS all_performances
"Hamilton, Joslyn",South Carolina,SEC,100H,2025,1,,,13.32,seconds,NCAA Division I East First Round,2025-05-28,,,1.8,Outdoor,https://www.tfrrs.org/results/92620/5669364/NCAA_Division_I_East_First_Round/100-Hurdles,TFRRS all_performances
"Fortuna, Emma",Clemson,ACC,100H,2026,3,,,15.61,s,UCF Black & Gold Challenge,2026-03-20,,,1.8,Outdoor,https://www.tfrrs.org/results/92770/5856936/UCF_Black__Gold_Challenge/100-Hurdles,TFRRS all_performances
"Fortuna, Emma",Clemson,ACC,100H,2026,3,,,15.38,s,Emory Thrills in the Hills 2026,2026-03-26,,,3.0,Outdoor,https://www.tfrrs.org/results/93861/5903361/Emory_Thrills_in_the_Hills_2026/100-Hurdles,TFRRS all_performances
"Spoor, Danya",Clemson,ACC,100H,2026,1,,,16.03,s,Emory Thrills in the Hills 2026,2026-03-26,,,-1.0,Outdoor,https://www.tfrrs.org/results/93861/5903361/Emory_Thrills_in_the_Hills_2026/100-Hurdles,TFRRS all_performances
"Campbell, Briana",Clemson,ACC,100H,2026,2,,,13.43,s,2026 98th Clyde Littlefield Texas Relays (Univ/College),2026-04-01,,,1.8,Outdoor,https://www.tfrrs.org/results/94985/5911812/2026_98th_Clyde_Littlefield_Texas_Relays_Univ_College/100-Hurdles,TFRRS all_performances
"Fortuna, Emma",Clemson,ACC,100H,2026,3,,,15.65,s,Tom Jones Memorial,2026-04-16,,,0.5,Outdoor,https://www.tfrrs.org/results/96536/5940616/Tom_Jones_Memorial/100-Hurdles,TFRRS all_performances
"Spoor, Danya",Clemson,ACC,100H,2026,1,,,16.09,s,Tom Jones Memorial,2026-04-16,,,0.5,Outdoor,https://www.tfrrs.org/results/96536/5940616/Tom_Jones_Memorial/100-Hurdles,TFRRS all_performances
"Wilson, Oneka",Clemson,ACC,100H,2026,4,,,12.98,s,Tom Jones Memorial,2026-04-16,,,1.0,Outdoor,https://www.tfrrs.org/results/96536/5940546/Tom_Jones_Memorial/100-Hurdles,TFRRS all_performances
"Wilson, Oneka",Clemson,ACC,100H,2026,4,,,13.03,s,Tom Jones Memorial,2026-04-16,,,3.0,Outdoor,https://www.tfrrs.org/results/96536/5940546/Tom_Jones_Memorial/100-Hurdles,TFRRS all_performances
"Campbell, Briana",Clemson,ACC,100H,2026,2,,,13.25,s,Penn Relays,2026-04-23,,,0.9,Outdoor,https://www.tfrrs.org/results/96652/5961334/Penn_Relays/100-Hurdles,TFRRS all_performances
"Campbell, Briana",Clemson,ACC,100H,2026,2,,,13.50,s,Penn Relays,2026-04-23,,,-0.5,Outdoor,https://www.tfrrs.org/results/96652/5961326/Penn_Relays/100-Hurdles,TFRRS all_performances
"Campbell, Briana",Clemson,ACC,100H,2026,2,,,13.19,s,Duke Twilight,2026-05-03,,,0.1,Outdoor,https://www.tfrrs.org/results/94718/5980829/Duke_Twilight/100-Hurdles,TFRRS all_performances
"Campbell, Briana",Clemson,ACC,100H,2026,2,,,13.24,s,2026 ACC Outdoor Track & Field Championships,2026-05-14,,,3.1,Outdoor,https://www.tfrrs.org/results/95975/5999308/2026_ACC_Outdoor_Track__Field_Championships/100-Hurdles,TFRRS all_performances
"Campbell, Briana",Clemson,ACC,100H,2026,2,,,13.31,s,2026 ACC Outdoor Track & Field Championships,2026-05-14,,,0.8,Outdoor,https://www.tfrrs.org/results/95975/5999308/2026_ACC_Outdoor_Track__Field_Championships/100-Hurdles,TFRRS all_performances
"Spoor, Danya",Clemson,ACC,100H,2026,1,,,15.68,s,2026 ACC Outdoor Track & Field Championships,2026-05-14,,,2.6,Outdoor,https://www.tfrrs.org/results/95975/5999331/2026_ACC_Outdoor_Track__Field_Championships/100-Hurdles,TFRRS all_performances
"Wilson, Oneka",Clemson,ACC,100H,2026,4,,,12.99,s,2026 ACC Outdoor Track & Field Championships,2026-05-14,,,3.1,Outdoor,https://www.tfrrs.org/results/95975/5999308/2026_ACC_Outdoor_Track__Field_Championships/100-Hurdles,TFRRS all_performances
"Wilson, Oneka",Clemson,ACC,100H,2026,4,,,13.07,s,2026 ACC Outdoor Track & Field Championships,2026-05-14,,,0.8,Outdoor,https://www.tfrrs.org/results/95975/5999308/2026_ACC_Outdoor_Track__Field_Championships/100-Hurdles,TFRRS all_performances
"Campbell, Briana",Clemson,ACC,100H,2026,2,,,13.10,s,NCAA Division I East First Rounds,2026-05-27,,,1.0,Outdoor,https://www.tfrrs.org/results/96716/6004561/NCAA_Division_I_East_First_Rounds/100-Hurdles,TFRRS all_performances
"Campbell, Briana",Clemson,ACC,100H,2026,2,,,13.20,s,NCAA Division I East First Rounds,2026-05-27,,,+0.0,Outdoor,https://www.tfrrs.org/results/96716/6004561/NCAA_Division_I_East_First_Rounds/100-Hurdles,TFRRS all_performances
"Wilson, Oneka",Clemson,ACC,100H,2026,4,,,12.79,s,NCAA Division I East First Rounds,2026-05-27,,,3.0,Outdoor,https://www.tfrrs.org/results/96716/6004561/NCAA_Division_I_East_First_Rounds/100-Hurdles,TFRRS all_performances
"Wilson, Oneka",Clemson,ACC,100H,2026,4,,,12.88,s,NCAA Division I East First Rounds,2026-05-27,,,0.2,Outdoor,https://www.tfrrs.org/results/96716/6004561/NCAA_Division_I_East_First_Rounds/100-Hurdles,TFRRS all_performances
"Wilson, Oneka",Clemson,ACC,100H,2026,4,,,12.93,s,NCAA Division I Outdoor Track & Field Championships,2026-06-10,,,1.0,Outdoor,https://www.tfrrs.org/results/96875/6005713/NCAA_Division_I_Outdoor_Track__Field_Championships/100-Hurdles,TFRRS all_performances
"Heddens, Elise",Duke,ACC,100H,2026,4,,,14.15,s,Bob Davidson Team Challenge presented by Norris Woody,2026-03-20,,,0.7,Outdoor,https://www.tfrrs.org/results/94247/5860359/Bob_Davidson_Team_Challenge_presented_by_Norris_Woody/100-Hurdles,TFRRS all_performances
"Hughes, Olivia",Duke,ACC,100H,2026,2,,,14.79,s,Bob Davidson Team Challenge presented by Norris Woody,2026-03-20,,,0.7,Outdoor,https://www.tfrrs.org/results/94247/5860359/Bob_Davidson_Team_Challenge_presented_by_Norris_Woody/100-Hurdles,TFRRS all_performances
"Heddens, Elise",Duke,ACC,100H,2026,4,,,14.57,s,Raleigh Relays,2026-03-26,,,-1.0,Outdoor,https://www.tfrrs.org/results/94354/5877105/Raleigh_Relays/100-Hurdles,TFRRS all_performances
"Hughes, Olivia",Duke,ACC,100H,2026,2,,,14.94,s,Raleigh Relays,2026-03-26,,,0.2,Outdoor,https://www.tfrrs.org/results/94354/5877105/Raleigh_Relays/100-Hurdles,TFRRS all_performances
"Roberts, Jill",Duke,ACC,100H,2026,3,,,14.66,s,Raleigh Relays,2026-03-26,,,-2.0,Outdoor,https://www.tfrrs.org/results/94354/5877105/Raleigh_Relays/100-Hurdles,TFRRS all_performances
"Heddens, Elise",Duke,ACC,100H,2026,4,,,14.07,s,Duke Invitational,2026-04-10,,,1.6,Outdoor,https://www.tfrrs.org/results/94715/5980724/Duke_Invitational/100-Hurdles,TFRRS all_performances
"Hughes, Olivia",Duke,ACC,100H,2026,2,,,14.68,s,Duke Invitational,2026-04-10,,,1.5,Outdoor,https://www.tfrrs.org/results/94715/5980724/Duke_Invitational/100-Hurdles,TFRRS all_performances
"Roberts, Jill",Duke,ACC,100H,2026,3,,,14.21,s,Duke Invitational,2026-04-10,,,-0.8,Outdoor,https://www.tfrrs.org/results/94715/5980696/Duke_Invitational/100-Hurdles,TFRRS all_performances
"Heddens, Elise",Duke,ACC,100H,2026,4,,,14.29,s,Wake Forest Invitational,2026-04-16,,,1.2,Outdoor,https://www.tfrrs.org/results/92801/5981011/Wake_Forest_Invitational/100-Hurdles,TFRRS all_performances
"Hughes, Olivia",Duke,ACC,100H,2026,2,,,14.82,s,Wake Forest Invitational,2026-04-16,,,1.5,Outdoor,https://www.tfrrs.org/results/92801/5981011/Wake_Forest_Invitational/100-Hurdles,TFRRS all_performances
"Roberts, Jill",Duke,ACC,100H,2026,3,,,14.38,s,Wake Forest Invitational,2026-04-16,,,1.2,Outdoor,https://www.tfrrs.org/results/92801/5981011/Wake_Forest_Invitational/100-Hurdles,TFRRS all_performances
"Heddens, Elise",Duke,ACC,100H,2026,4,,,14.15,s,Duke Twilight,2026-05-03,,,1.3,Outdoor,https://www.tfrrs.org/results/94718/5980829/Duke_Twilight/100-Hurdles,TFRRS all_performances
"Hughes, Olivia",Duke,ACC,100H,2026,2,,,14.87,s,Duke Twilight,2026-05-03,,,0.1,Outdoor,https://www.tfrrs.org/results/94718/5980829/Duke_Twilight/100-Hurdles,TFRRS all_performances
"Jirak, Valerie",Duke,ACC,100H,2026,2,,,14.36,s,Duke Twilight,2026-05-03,,,1.3,Outdoor,https://www.tfrrs.org/results/94718/5980829/Duke_Twilight/100-Hurdles,TFRRS all_performances
"Roberts, Jill",Duke,ACC,100H,2026,3,,,14.25,s,Duke Twilight,2026-05-03,,,2.5,Outdoor,https://www.tfrrs.org/results/94718/5980829/Duke_Twilight/100-Hurdles,TFRRS all_performances
"Tarpeh, Johrdyn",Duke,ACC,100H,2026,4,,,14.17,s,Duke Twilight,2026-05-03,,,0.1,Outdoor,https://www.tfrrs.org/results/94718/5980829/Duke_Twilight/100-Hurdles,TFRRS all_performances
"Heddens, Elise",Duke,ACC,100H,2026,4,,,14.00,s,2026 ACC Outdoor Track & Field Championships,2026-05-14,,,3.5,Outdoor,https://www.tfrrs.org/results/95975/5999331/2026_ACC_Outdoor_Track__Field_Championships/100-Hurdles,TFRRS all_performances
"Hughes, Olivia",Duke,ACC,100H,2026,2,,,14.63,s,2026 ACC Outdoor Track & Field Championships,2026-05-14,,,2.7,Outdoor,https://www.tfrrs.org/results/95975/5999331/2026_ACC_Outdoor_Track__Field_Championships/100-Hurdles,TFRRS all_performances
"Jirak, Valerie",Duke,ACC,100H,2026,2,,,13.97,s,2026 ACC Outdoor Track & Field Championships,2026-05-14,,,2.7,Outdoor,https://www.tfrrs.org/results/95975/5999331/2026_ACC_Outdoor_Track__Field_Championships/100-Hurdles,TFRRS all_performances
"Littlewood, Catherine",Stanford,ACC,100H,2026,2,,,14.86,s,Stanford Invitational,2026-04-03,,,1.4,Outdoor,https://www.tfrrs.org/results/95354/5900576/Stanford_Invitational/100-Hurdles,TFRRS all_performances
"Rivas, Sara",Stanford,ACC,100H,2026,2,,,15.21,s,Stanford Invitational,2026-04-03,,,0.2,Outdoor,https://www.tfrrs.org/results/95354/5900576/Stanford_Invitational/100-Hurdles,TFRRS all_performances
"Littlewood, Catherine",Stanford,ACC,100H,2026,2,,,14.92,s,The 131st Big Meet,2026-04-11,,,1.0,Outdoor,https://www.tfrrs.org/results/95706/5929126/The_131st_Big_Meet/100-Hurdles,TFRRS all_performances
"Rivas, Sara",Stanford,ACC,100H,2026,2,,,14.76,s,The 131st Big Meet,2026-04-11,,,1.0,Outdoor,https://www.tfrrs.org/results/95706/5929126/The_131st_Big_Meet/100-Hurdles,TFRRS all_performances
"Littlewood, Catherine",Stanford,ACC,100H,2026,2,,,14.99,s,66th Annual Mt. SAC Relays,2026-04-15,,,1.0,Outdoor,https://www.tfrrs.org/results/95455/5966577/66th_Annual_Mt_SAC_Relays/100-Hurdles,TFRRS all_performances
"Littlewood, Catherine",Stanford,ACC,100H,2026,2,,,15.37,s,Payton Jordan Invitational,2026-05-01,,,1.2,Outdoor,https://www.tfrrs.org/results/95567/5984687/Payton_Jordan_Invitational/100-Hurdles,TFRRS all_performances
"Littlewood, Catherine",Stanford,ACC,100H,2026,2,,,14.50,s,2026 ACC Outdoor Track & Field Championships,2026-05-14,,,3.5,Outdoor,https://www.tfrrs.org/results/95975/5999331/2026_ACC_Outdoor_Track__Field_Championships/100-Hurdles,TFRRS all_performances
"Akpan, Sophia",Virginia,ACC,100H,2026,4,,,14.23,s,Virginia Opener,2026-03-21,,,-1.1,Outdoor,https://www.tfrrs.org/results/95485/5857650/Virginia_Opener/100-Hurdles,TFRRS all_performances
"Callis, Cassie",Virginia,ACC,100H,2026,1,,,14.49,s,Virginia Opener,2026-03-21,,,-1.1,Outdoor,https://www.tfrrs.org/results/95485/5857650/Virginia_Opener/100-Hurdles,TFRRS all_performances
"Rice, Ava",Virginia,ACC,100H,2026,1,,,13.77,s,Virginia Opener,2026-03-21,,,-1.1,Outdoor,https://www.tfrrs.org/results/95485/5857650/Virginia_Opener/100-Hurdles,TFRRS all_performances
"Rollins, Maya",Virginia,ACC,100H,2026,2,,,13.61,s,Virginia Opener,2026-03-21,,,-1.1,Outdoor,https://www.tfrrs.org/results/95485/5857650/Virginia_Opener/100-Hurdles,TFRRS all_performances
"Spoor, Elsa",Virginia,ACC,100H,2026,2,,,15.30,s,Virginia Opener,2026-03-21,,,0.7,Outdoor,https://www.tfrrs.org/results/95485/5857650/Virginia_Opener/100-Hurdles,TFRRS all_performances
"Callis, Cassie",Virginia,ACC,100H,2026,1,,,14.71,s,Raleigh Relays,2026-03-26,,,-1.8,Outdoor,https://www.tfrrs.org/results/94354/5877105/Raleigh_Relays/100-Hurdles,TFRRS all_performances
"Rice, Ava",Virginia,ACC,100H,2026,1,,,13.97,s,Raleigh Relays,2026-03-26,,,-0.4,Outdoor,https://www.tfrrs.org/results/94354/5877105/Raleigh_Relays/100-Hurdles,TFRRS all_performances
"Rollins, Maya",Virginia,ACC,100H,2026,2,,,13.79,s,Raleigh Relays,2026-03-26,,,-0.4,Outdoor,https://www.tfrrs.org/results/94354/5877105/Raleigh_Relays/100-Hurdles,TFRRS all_performances
"Spoor, Elsa",Virginia,ACC,100H,2026,2,,,15.59,s,Raleigh Relays,2026-03-26,,,-1.0,Outdoor,https://www.tfrrs.org/results/94354/5877105/Raleigh_Relays/100-Hurdles,TFRRS all_performances
"Callis, Cassie",Virginia,ACC,100H,2026,1,,,16.14,s,Virginia Grand Prix,2026-04-03,,,1.2,Outdoor,https://www.tfrrs.org/results/95486/5893353/Virginia_Grand_Prix/100-Hurdles,TFRRS all_performances
"Rice, Ava",Virginia,ACC,100H,2026,1,,,13.98,s,Virginia Grand Prix,2026-04-03,,,1.2,Outdoor,https://www.tfrrs.org/results/95486/5893353/Virginia_Grand_Prix/100-Hurdles,TFRRS all_performances
"Rollins, Maya",Virginia,ACC,100H,2026,2,,,13.61,s,Virginia Grand Prix,2026-04-03,,,1.2,Outdoor,https://www.tfrrs.org/results/95486/5893353/Virginia_Grand_Prix/100-Hurdles,TFRRS all_performances
"Spoor, Elsa",Virginia,ACC,100H,2026,2,,,15.31,s,Virginia Grand Prix,2026-04-03,,,1.2,Outdoor,https://www.tfrrs.org/results/95486/5893353/Virginia_Grand_Prix/100-Hurdles,TFRRS all_performances
"Callis, Cassie",Virginia,ACC,100H,2026,1,,,14.28,s,Duke Invitational,2026-04-10,,,2.8,Outdoor,https://www.tfrrs.org/results/94715/5980724/Duke_Invitational/100-Hurdles,TFRRS all_performances
"Rice, Ava",Virginia,ACC,100H,2026,1,,,13.79,s,Duke Invitational,2026-04-10,,,-0.8,Outdoor,https://www.tfrrs.org/results/94715/5980696/Duke_Invitational/100-Hurdles,TFRRS all_performances
"Rollins, Maya",Virginia,ACC,100H,2026,2,,,13.75,s,Duke Invitational,2026-04-10,,,1.1,Outdoor,https://www.tfrrs.org/results/94715/5980696/Duke_Invitational/100-Hurdles,TFRRS all_performances
"Spoor, Elsa",Virginia,ACC,100H,2026,2,,,15.06,s,Duke Invitational,2026-04-10,,,1.7,Outdoor,https://www.tfrrs.org/results/94715/5980724/Duke_Invitational/100-Hurdles,TFRRS all_performances
"Akpan, Sophia",Virginia,ACC,100H,2026,4,,,14.12,s,Virginia Challenge,2026-04-17,,,1.0,Outdoor,https://www.tfrrs.org/results/95487/5942931/Virginia_Challenge/100-Hurdles,TFRRS all_performances
"Rice, Ava",Virginia,ACC,100H,2026,1,,,13.83,s,Virginia Challenge,2026-04-17,,,-0.4,Outdoor,https://www.tfrrs.org/results/95487/5942931/Virginia_Challenge/100-Hurdles,TFRRS all_performances
"Rollins, Maya",Virginia,ACC,100H,2026,2,,,13.47,s,Virginia Challenge,2026-04-17,,,-0.4,Outdoor,https://www.tfrrs.org/results/95487/5942931/Virginia_Challenge/100-Hurdles,TFRRS all_performances
"Rollins, Maya",Virginia,ACC,100H,2026,2,,,13.65,s,Penn Relays,2026-04-23,,,1.2,Outdoor,https://www.tfrrs.org/results/96652/5961334/Penn_Relays/100-Hurdles,TFRRS all_performances
"Rice, Ava",Virginia,ACC,100H,2026,1,,,13.99,s,The Hill City Twilight,2026-05-02,,,0.5,Outdoor,https://www.tfrrs.org/results/95971/5977863/The_Hill_City_Twilight/100-Hurdles,TFRRS all_performances
"Rollins, Maya",Virginia,ACC,100H,2026,2,,,13.32,s,The Hill City Twilight,2026-05-02,,,0.5,Outdoor,https://www.tfrrs.org/results/95971/5977863/The_Hill_City_Twilight/100-Hurdles,TFRRS all_performances
"Callis, Cassie",Virginia,ACC,100H,2026,1,,,14.30,s,2026 Liberty Twilight,2026-05-06,,,4.1,Outdoor,https://www.tfrrs.org/results/92680/5987064/2026_Liberty_Twilight/100-Hurdles,TFRRS all_performances
"Callis, Cassie",Virginia,ACC,100H,2026,1,,,14.34,s,2026 Liberty Twilight,2026-05-06,,,2.6,Outdoor,https://www.tfrrs.org/results/92680/5987064/2026_Liberty_Twilight/100-Hurdles,TFRRS all_performances
"Rice, Ava",Virginia,ACC,100H,2026,1,,,13.47,s,2026 Liberty Twilight,2026-05-06,,,4.1,Outdoor,https://www.tfrrs.org/results/92680/5987064/2026_Liberty_Twilight/100-Hurdles,TFRRS all_performances
"Rice, Ava",Virginia,ACC,100H,2026,1,,,13.56,s,2026 Liberty Twilight,2026-05-06,,,2.6,Outdoor,https://www.tfrrs.org/results/92680/5987064/2026_Liberty_Twilight/100-Hurdles,TFRRS all_performances
"Spoor, Elsa",Virginia,ACC,100H,2026,2,,,15.08,s,2026 Liberty Twilight,2026-05-06,,,3.6,Outdoor,https://www.tfrrs.org/results/92680/5987064/2026_Liberty_Twilight/100-Hurdles,TFRRS all_performances
"Callis, Cassie",Virginia,ACC,100H,2026,1,,,14.23,s,2026 ACC Outdoor Track & Field Championships,2026-05-14,,,3.5,Outdoor,https://www.tfrrs.org/results/95975/5999331/2026_ACC_Outdoor_Track__Field_Championships/100-Hurdles,TFRRS all_performances
"Rice, Ava",Virginia,ACC,100H,2026,1,,,13.53,s,2026 ACC Outdoor Track & Field Championships,2026-05-14,,,3.1,Outdoor,https://www.tfrrs.org/results/95975/5999308/2026_ACC_Outdoor_Track__Field_Championships/100-Hurdles,TFRRS all_performances
"Rollins, Maya",Virginia,ACC,100H,2026,2,,,13.24,s,2026 ACC Outdoor Track & Field Championships,2026-05-14,,,0.8,Outdoor,https://www.tfrrs.org/results/95975/5999308/2026_ACC_Outdoor_Track__Field_Championships/100-Hurdles,TFRRS all_performances
"Rollins, Maya",Virginia,ACC,100H,2026,2,,,13.46,s,2026 ACC Outdoor Track & Field Championships,2026-05-14,,,1.6,Outdoor,https://www.tfrrs.org/results/95975/5999308/2026_ACC_Outdoor_Track__Field_Championships/100-Hurdles,TFRRS all_performances
"Spoor, Elsa",Virginia,ACC,100H,2026,2,,,14.60,s,2026 ACC Outdoor Track & Field Championships,2026-05-14,,,2.6,Outdoor,https://www.tfrrs.org/results/95975/5999331/2026_ACC_Outdoor_Track__Field_Championships/100-Hurdles,TFRRS all_performances
"Rollins, Maya",Virginia,ACC,100H,2026,2,,,13.36,s,NCAA Division I East First Rounds,2026-05-27,,,3.0,Outdoor,https://www.tfrrs.org/results/96716/6004561/NCAA_Division_I_East_First_Rounds/100-Hurdles,TFRRS all_performances
"Wise, Taylen",Arizona,Big 12,100H,2026,4,,,13.33,seconds,LSU Battle on the Bayou,2026-04-03,,,3.8,Outdoor,https://www.tfrrs.org/results/93386/5904423/_LSU_Battle_on_the_Bayou/100-Hurdles,TFRRS all_performances
"Koseoglu, Charli",Arizona,Big 12,100H,2026,3,,,16.97,seconds,2026 Bryan Clay Multi Event,2026-04-09,,,+0.0,Outdoor,https://www.tfrrs.org/results/94627/5915534/2026_Bryan_Clay_Multi_Event/100-Hurdles,TFRRS all_performances
"Powers, Hollan",Arizona,Big 12,100H,2026,4,,,13.39,seconds,2026 Bryan Clay Multi Event,2026-04-09,,,1.6,Outdoor,https://www.tfrrs.org/results/94627/5915520/2026_Bryan_Clay_Multi_Event/100-Hurdles,TFRRS all_performances
"Dillon, Olivia",Arizona,Big 12,100H,2026,4,,,14.68,seconds,Dual In the Desert,2026-04-11,,,-0.2,Outdoor,https://www.tfrrs.org/results/96197/5937165/Dual_In_the_Desert/100-Hurdles,TFRRS all_performances
"Psarras, Emily",Arizona,Big 12,100H,2026,3,,,16.27,seconds,Dual In the Desert,2026-04-11,,,-0.2,Outdoor,https://www.tfrrs.org/results/96197/5937165/Dual_In_the_Desert/100-Hurdles,TFRRS all_performances
"Wise, Taylen",Arizona,Big 12,100H,2026,4,,,13.69,seconds,Dual In the Desert,2026-04-11,,,-0.2,Outdoor,https://www.tfrrs.org/results/96197/5937165/Dual_In_the_Desert/100-Hurdles,TFRRS all_performances
"Wise, Taylen",Arizona,Big 12,100H,2026,4,,,13.51,seconds,66th Annual Mt. SAC Relays,2026-04-15,,,1.6,Outdoor,https://www.tfrrs.org/results/95455/5966522/66th_Annual_Mt_SAC_Relays/100-Hurdles,TFRRS all_performances
"Koseoglu, Charli",Arizona,Big 12,100H,2026,1,,,15.30,seconds,Desert Heat Classic,2026-05-02,,,1.8,Outdoor,https://www.tfrrs.org/results/96521/5999900/Desert_Heat_Classic/100-Hurdles,TFRRS all_performances
"Powers, Hollan",Arizona,Big 12,100H,2026,4,,,13.28,seconds,Desert Heat Classic,2026-05-02,,,0.7,Outdoor,https://www.tfrrs.org/results/96521/5999900/Desert_Heat_Classic/100-Hurdles,TFRRS all_performances
"Wise, Taylen",Arizona,Big 12,100H,2026,4,,,13.40,seconds,Desert Heat Classic,2026-05-02,,,0.7,Outdoor,https://www.tfrrs.org/results/96521/5999900/Desert_Heat_Classic/100-Hurdles,TFRRS all_performances
"Koseoglu, Charli",Arizona,Big 12,100H,2026,1,,,14.64,seconds,Big 12 Outdoor Track & Field Championships,2026-05-14,,,0.7,Outdoor,https://www.tfrrs.org/results/94673/5999882/Big_12_Outdoor_Track__Field_Championships/100-Hurdles,TFRRS all_performances
"Powers, Hollan",Arizona,Big 12,100H,2026,4,,,13.10,seconds,Big 12 Outdoor Track & Field Championships,2026-05-14,,,2.6,Outdoor,https://www.tfrrs.org/results/94673/5999867/Big_12_Outdoor_Track__Field_Championships/100-Hurdles,TFRRS all_performances
"Powers, Hollan",Arizona,Big 12,100H,2026,4,,,13.35,seconds,Big 12 Outdoor Track & Field Championships,2026-05-14,,,1.0,Outdoor,https://www.tfrrs.org/results/94673/5999867/Big_12_Outdoor_Track__Field_Championships/100-Hurdles,TFRRS all_performances
"Wise, Taylen",Arizona,Big 12,100H,2026,4,,,13.09,seconds,Big 12 Outdoor Track & Field Championships,2026-05-14,,,2.6,Outdoor,https://www.tfrrs.org/results/94673/5999867/Big_12_Outdoor_Track__Field_Championships/100-Hurdles,TFRRS all_performances
"Wise, Taylen",Arizona,Big 12,100H,2026,4,,,13.30,seconds,Big 12 Outdoor Track & Field Championships,2026-05-14,,,0.7,Outdoor,https://www.tfrrs.org/results/94673/5999867/Big_12_Outdoor_Track__Field_Championships/100-Hurdles,TFRRS all_performances
"Powers, Hollan",Arizona,Big 12,100H,2026,4,,,13.38,seconds,NCAA Division I West First Rounds,2026-05-27,,,1.8,Outdoor,https://www.tfrrs.org/results/96717/6004603/NCAA_Division_I_West_First_Rounds/100-Hurdles,TFRRS all_performances
"Powers, Hollan",Arizona,Big 12,100H,2026,4,,,13.45,seconds,NCAA Division I West First Rounds,2026-05-27,,,1.2,Outdoor,https://www.tfrrs.org/results/96717/6004603/NCAA_Division_I_West_First_Rounds/100-Hurdles,TFRRS all_performances
"Wise, Taylen",Arizona,Big 12,100H,2026,4,,,12.95,seconds,NCAA Division I West First Rounds,2026-05-27,,,2.7,Outdoor,https://www.tfrrs.org/results/96717/6004603/NCAA_Division_I_West_First_Rounds/100-Hurdles,TFRRS all_performances
"Wise, Taylen",Arizona,Big 12,100H,2026,4,,,13.21,seconds,NCAA Division I West First Rounds,2026-05-27,,,0.3,Outdoor,https://www.tfrrs.org/results/96717/6004603/NCAA_Division_I_West_First_Rounds/100-Hurdles,TFRRS all_performances
"Powers, Hollan",Arizona,Big 12,100H,2026,4,,,13.23,seconds,NCAA Division I Outdoor Track & Field Championships,2026-06-10,,,0.6,Outdoor,https://www.tfrrs.org/results/96875/6005730/NCAA_Division_I_Outdoor_Track__Field_Championships/100-Hurdles,TFRRS all_performances
"Wise, Taylen",Arizona,Big 12,100H,2026,4,,,13.13,seconds,NCAA Division I Outdoor Track & Field Championships,2026-06-10,,,1.2,Outdoor,https://www.tfrrs.org/results/96875/6005713/NCAA_Division_I_Outdoor_Track__Field_Championships/100-Hurdles,TFRRS all_performances
"Ahlander, Berklie",BYU,Big 12,100H,2026,1,,,14.60,seconds,Utah Tech Invitational,2026-03-21,,,0.7,Outdoor,https://www.tfrrs.org/results/94597/5862652/Utah_Tech_Invitational/100-Hurdles,TFRRS all_performances
"Brown, Tia",BYU,Big 12,100H,2026,1,,,14.14,seconds,Utah Tech Invitational,2026-03-21,,,0.7,Outdoor,https://www.tfrrs.org/results/94597/5862652/Utah_Tech_Invitational/100-Hurdles,TFRRS all_performances
"Ahlander, Berklie",BYU,Big 12,100H,2026,1,,,14.77,seconds,Trojan Invite,2026-03-27,,,-1.1,Outdoor,https://www.tfrrs.org/results/95520/5876000/Trojan_Invite/100-Hurdles,TFRRS all_performances
"Bonds, Zoey",BYU,Big 12,100H,2026,4,,,13.46,seconds,Trojan Invite,2026-03-27,,,-0.5,Outdoor,https://www.tfrrs.org/results/95520/5876000/Trojan_Invite/100-Hurdles,TFRRS all_performances
"Brown, Tia",BYU,Big 12,100H,2026,1,,,14.06,seconds,Trojan Invite,2026-03-27,,,-0.5,Outdoor,https://www.tfrrs.org/results/95520/5876000/Trojan_Invite/100-Hurdles,TFRRS all_performances
"McEuen, Kali",BYU,Big 12,100H,2026,4,,,13.91,seconds,Trojan Invite,2026-03-27,,,-0.5,Outdoor,https://www.tfrrs.org/results/95520/5876000/Trojan_Invite/100-Hurdles,TFRRS all_performances
"McEuen, Kali",BYU,Big 12,100H,2026,4,,,13.27,seconds,2026 98th Clyde Littlefield Texas Relays (Univ/College),2026-04-01,,,3.7,Outdoor,https://www.tfrrs.org/results/94985/5911812/2026_98th_Clyde_Littlefield_Texas_Relays_Univ_College/100-Hurdles,TFRRS all_performances
"McEuen, Kali",BYU,Big 12,100H,2026,4,,,13.66,seconds,2026 98th Clyde Littlefield Texas Relays (Univ/College),2026-04-01,,,0.4,Outdoor,https://www.tfrrs.org/results/94985/5911812/2026_98th_Clyde_Littlefield_Texas_Relays_Univ_College/100-Hurdles,TFRRS all_performances
"Bonds, Zoey",BYU,Big 12,100H,2026,4,,,13.49,seconds,2026 Bryan Clay Multi Event,2026-04-09,,,1.6,Outdoor,https://www.tfrrs.org/results/94627/5915520/2026_Bryan_Clay_Multi_Event/100-Hurdles,TFRRS all_performances
"Brown, Tia",BYU,Big 12,100H,2026,1,,,13.77,seconds,2026 Bryan Clay Multi Event,2026-04-09,,,2.6,Outdoor,https://www.tfrrs.org/results/94627/5915513/2026_Bryan_Clay_Multi_Event/100-Hurdles,TFRRS all_performances
"Ahlander, Berklie",BYU,Big 12,100H,2026,1,,,14.70,seconds,2026 Weber State Spring Classic,2026-04-10,,,0.9,Outdoor,https://www.tfrrs.org/results/95920/5917922/2026_Weber_State_Spring_Classic/100-Hurdles,TFRRS all_performances
"Taggart, Madelynne",BYU,Big 12,100H,2026,3,,,14.86,seconds,2026 Weber State Spring Classic,2026-04-10,,,3.6,Outdoor,https://www.tfrrs.org/results/95920/5917922/2026_Weber_State_Spring_Classic/100-Hurdles,TFRRS all_performances
"Bonds, Zoey",BYU,Big 12,100H,2026,4,,,13.26,seconds,Pacific Coast Invitational,2026-04-16,,,1.2,Outdoor,https://www.tfrrs.org/results/95425/5958059/Pacific_Coast_Invitational_/100-Hurdles,TFRRS all_performances
"Brown, Tia",BYU,Big 12,100H,2026,1,,,14.06,seconds,Pacific Coast Invitational,2026-04-16,,,1.2,Outdoor,https://www.tfrrs.org/results/95425/5958059/Pacific_Coast_Invitational_/100-Hurdles,TFRRS all_performances
"Ahlander, Berklie",BYU,Big 12,100H,2026,1,,,14.58,seconds,Beach Invitational,2026-04-17,,,2.1,Outdoor,https://www.tfrrs.org/results/95723/5946315/Beach_Invitational_/100-Hurdles,TFRRS all_performances
"Bonds, Zoey",BYU,Big 12,100H,2026,4,,,13.38,seconds,Beach Invitational,2026-04-17,,,1.0,Outdoor,https://www.tfrrs.org/results/95723/5946315/Beach_Invitational_/100-Hurdles,TFRRS all_performances
"McEuen, Kali",BYU,Big 12,100H,2026,4,,,13.16,seconds,Beach Invitational,2026-04-17,,,1.0,Outdoor,https://www.tfrrs.org/results/95723/5946315/Beach_Invitational_/100-Hurdles,TFRRS all_performances
"Ahlander, Berklie",BYU,Big 12,100H,2026,1,,,14.83,seconds,Aggie Invitational,2026-04-24,,,+0.0,Outdoor,https://www.tfrrs.org/results/95003/5973416/Aggie_Invitational/100-Hurdles,TFRRS all_performances
"Ahlander, Berklie",BYU,Big 12,100H,2026,1,,,14.45,seconds,2026 BYU Robison Invitational,2026-04-29,,,1.1,Outdoor,https://www.tfrrs.org/results/95275/5977298/2026_BYU_Robison_Invitational/100-Hurdles,TFRRS all_performances
"Bonds, Zoey",BYU,Big 12,100H,2026,4,,,13.17,seconds,2026 BYU Robison Invitational,2026-04-29,,,1.1,Outdoor,https://www.tfrrs.org/results/95275/5977298/2026_BYU_Robison_Invitational/100-Hurdles,TFRRS all_performances
"Bonds, Zoey",BYU,Big 12,100H,2026,4,,,13.30,seconds,2026 BYU Robison Invitational,2026-04-29,,,0.1,Outdoor,https://www.tfrrs.org/results/95275/5977298/2026_BYU_Robison_Invitational/100-Hurdles,TFRRS all_performances
"Bonds, Zoey",BYU,Big 12,100H,2026,4,,,13.35,seconds,2026 BYU Robison Invitational,2026-04-29,,,-1.4,Outdoor,https://www.tfrrs.org/results/95275/5977352/2026_BYU_Robison_Invitational/100-Hurdles,TFRRS all_performances
"Brown, Tia",BYU,Big 12,100H,2026,1,,,13.78,seconds,2026 BYU Robison Invitational,2026-04-29,,,1.1,Outdoor,https://www.tfrrs.org/results/95275/5977298/2026_BYU_Robison_Invitational/100-Hurdles,TFRRS all_performances
"Brown, Tia",BYU,Big 12,100H,2026,1,,,13.86,seconds,2026 BYU Robison Invitational,2026-04-29,,,-1.4,Outdoor,https://www.tfrrs.org/results/95275/5977352/2026_BYU_Robison_Invitational/100-Hurdles,TFRRS all_performances
"Brown, Tia",BYU,Big 12,100H,2026,1,,,14.04,seconds,2026 BYU Robison Invitational,2026-04-29,,,0.1,Outdoor,https://www.tfrrs.org/results/95275/5977298/2026_BYU_Robison_Invitational/100-Hurdles,TFRRS all_performances
"Mackley, Sarena",BYU,Big 12,100H,2026,2,,,15.40,seconds,2026 BYU Robison Invitational,2026-04-29,,,0.1,Outdoor,https://www.tfrrs.org/results/95275/5977352/2026_BYU_Robison_Invitational/100-Hurdles,TFRRS all_performances
"McEuen, Kali",BYU,Big 12,100H,2026,4,,,13.17,seconds,2026 BYU Robison Invitational,2026-04-29,,,1.7,Outdoor,https://www.tfrrs.org/results/95275/5977298/2026_BYU_Robison_Invitational/100-Hurdles,TFRRS all_performances
"McEuen, Kali",BYU,Big 12,100H,2026,4,,,13.49,seconds,2026 BYU Robison Invitational,2026-04-29,,,0.1,Outdoor,https://www.tfrrs.org/results/95275/5977298/2026_BYU_Robison_Invitational/100-Hurdles,TFRRS all_performances
"Bonds, Zoey",BYU,Big 12,100H,2026,4,,,13.21,seconds,Big 12 Outdoor Track & Field Championships,2026-05-14,,,0.8,Outdoor,https://www.tfrrs.org/results/94673/5999882/Big_12_Outdoor_Track__Field_Championships/100-Hurdles,TFRRS all_performances
"Bonds, Zoey",BYU,Big 12,100H,2026,4,,,13.37,seconds,Big 12 Outdoor Track & Field Championships,2026-05-14,,,0.6,Outdoor,https://www.tfrrs.org/results/94673/5999867/Big_12_Outdoor_Track__Field_Championships/100-Hurdles,TFRRS all_performances
"Brown, Tia",BYU,Big 12,100H,2026,1,,,13.84,seconds,Big 12 Outdoor Track & Field Championships,2026-05-14,,,0.1,Outdoor,https://www.tfrrs.org/results/94673/5999882/Big_12_Outdoor_Track__Field_Championships/100-Hurdles,TFRRS all_performances
"McEuen, Kali",BYU,Big 12,100H,2026,4,,,13.17,seconds,Big 12 Outdoor Track & Field Championships,2026-05-14,,,2.6,Outdoor,https://www.tfrrs.org/results/94673/5999867/Big_12_Outdoor_Track__Field_Championships/100-Hurdles,TFRRS all_performances
"McEuen, Kali",BYU,Big 12,100H,2026,4,,,13.26,seconds,Big 12 Outdoor Track & Field Championships,2026-05-14,,,1.0,Outdoor,https://www.tfrrs.org/results/94673/5999867/Big_12_Outdoor_Track__Field_Championships/100-Hurdles,TFRRS all_performances
"Bonds, Zoey",BYU,Big 12,100H,2026,4,,,13.27,seconds,NCAA Division I West First Rounds,2026-05-27,,,2.7,Outdoor,https://www.tfrrs.org/results/96717/6004603/NCAA_Division_I_West_First_Rounds/100-Hurdles,TFRRS all_performances
"Bonds, Zoey",BYU,Big 12,100H,2026,4,,,13.30,seconds,NCAA Division I West First Rounds,2026-05-27,,,0.7,Outdoor,https://www.tfrrs.org/results/96717/6004603/NCAA_Division_I_West_First_Rounds/100-Hurdles,TFRRS all_performances
"McEuen, Kali",BYU,Big 12,100H,2026,4,,,13.07,seconds,NCAA Division I West First Rounds,2026-05-27,,,2.0,Outdoor,https://www.tfrrs.org/results/96717/6004603/NCAA_Division_I_West_First_Rounds/100-Hurdles,TFRRS all_performances
"McEuen, Kali",BYU,Big 12,100H,2026,4,,,13.18,seconds,NCAA Division I West First Rounds,2026-05-27,,,1.6,Outdoor,https://www.tfrrs.org/results/96717/6004603/NCAA_Division_I_West_First_Rounds/100-Hurdles,TFRRS all_performances
"Bonds, Zoey",BYU,Big 12,100H,2026,4,,,13.60,seconds,NCAA Division I Outdoor Track & Field Championships,2026-06-10,,,0.6,Outdoor,https://www.tfrrs.org/results/96875/6005730/NCAA_Division_I_Outdoor_Track__Field_Championships/100-Hurdles,TFRRS all_performances
"Braxton, Kaylah",Baylor,Big 12,100H,2026,2,,,13.88,seconds,TCU Alumni Invitational,2026-03-20,,,2.8,Outdoor,https://www.tfrrs.org/results/93600/5860157/TCU_Alumni_Invitational/100-Hurdles,TFRRS all_performances
"Todorovich, Logan",Baylor,Big 12,100H,2026,2,,,14.14,seconds,TCU Alumni Invitational,2026-03-20,,,1.5,Outdoor,https://www.tfrrs.org/results/93600/5860157/TCU_Alumni_Invitational/100-Hurdles,TFRRS all_performances
"Wesseh, Kiara",Baylor,Big 12,100H,2026,2,,,14.84,seconds,TCU Alumni Invitational,2026-03-20,,,2.5,Outdoor,https://www.tfrrs.org/results/93600/5860157/TCU_Alumni_Invitational/100-Hurdles,TFRRS all_performances
"Braxton, Kaylah",Baylor,Big 12,100H,2026,2,,,14.14,seconds,2026 98th Clyde Littlefield Texas Relays (Univ/College),2026-04-01,,,1.8,Outdoor,https://www.tfrrs.org/results/94985/5911812/2026_98th_Clyde_Littlefield_Texas_Relays_Univ_College/100-Hurdles,TFRRS all_performances
"Todorovich, Logan",Baylor,Big 12,100H,2026,2,,,14.06,seconds,2026 98th Clyde Littlefield Texas Relays (Univ/College),2026-04-01,,,3.0,Outdoor,https://www.tfrrs.org/results/94985/5911888/2026_98th_Clyde_Littlefield_Texas_Relays_Univ_College/100-Hurdles,TFRRS all_performances
"Todorovich, Madilyn",Baylor,Big 12,100H,2026,1,,,14.47,seconds,2026 98th Clyde Littlefield Texas Relays (Univ/College),2026-04-01,,,1.9,Outdoor,https://www.tfrrs.org/results/94985/5911888/2026_98th_Clyde_Littlefield_Texas_Relays_Univ_College/100-Hurdles,TFRRS all_performances
"Wesseh, Kiara",Baylor,Big 12,100H,2026,2,,,14.66,seconds,2026 98th Clyde Littlefield Texas Relays (Univ/College),2026-04-01,,,3.4,Outdoor,https://www.tfrrs.org/results/94985/5911888/2026_98th_Clyde_Littlefield_Texas_Relays_Univ_College/100-Hurdles,TFRRS all_performances
"Braxton, Kaylah",Baylor,Big 12,100H,2026,2,,,13.84,seconds,Baylor Invitational,2026-04-10,,,1.0,Outdoor,https://www.tfrrs.org/results/92815/5913078/Baylor_Invitational/100-Hurdles,TFRRS all_performances
"Braxton, Kaylah",Baylor,Big 12,100H,2026,2,,,14.00,seconds,Tom Jones Memorial,2026-04-16,,,0.4,Outdoor,https://www.tfrrs.org/results/96536/5940545/Tom_Jones_Memorial/100-Hurdles,TFRRS all_performances
"Todorovich, Logan",Baylor,Big 12,100H,2026,2,,,14.05,seconds,2026 Jim Freeman / Clark Wood Open,2026-04-23,,,2.0,Outdoor,https://www.tfrrs.org/results/93931/6002082/2026_Jim_Freeman___Clark_Wood_Open/100-Hurdles,TFRRS all_performances
"Todorovich, Madilyn",Baylor,Big 12,100H,2026,1,,,14.70,seconds,2026 Jim Freeman / Clark Wood Open,2026-04-23,,,1.8,Outdoor,https://www.tfrrs.org/results/93931/6002082/2026_Jim_Freeman___Clark_Wood_Open/100-Hurdles,TFRRS all_performances
"Wesseh, Kiara",Baylor,Big 12,100H,2026,2,,,14.46,seconds,2026 Jim Freeman / Clark Wood Open,2026-04-23,,,1.8,Outdoor,https://www.tfrrs.org/results/93931/6002082/2026_Jim_Freeman___Clark_Wood_Open/100-Hurdles,TFRRS all_performances
"Braxton, Kaylah",Baylor,Big 12,100H,2026,2,,,13.55,seconds,Michael Johnson Invitational,2026-04-24,,,2.4,Outdoor,https://www.tfrrs.org/results/92814/5961962/Michael_Johnson_Invitational/100-Hurdles,TFRRS all_performances
"Braxton, Kaylah",Baylor,Big 12,100H,2026,2,,,13.72,seconds,Michael Johnson Invitational,2026-04-24,,,1.0,Outdoor,https://www.tfrrs.org/results/92814/5961962/Michael_Johnson_Invitational/100-Hurdles,TFRRS all_performances
"Braxton, Kaylah",Baylor,Big 12,100H,2026,2,,,14.02,seconds,2026 Alumni Muster,2026-05-01,,,1.5,Outdoor,https://www.tfrrs.org/results/95784/5977258/2026_Alumni_Muster/100-Hurdles,TFRRS all_performances
"Braxton, Kaylah",Baylor,Big 12,100H,2026,2,,,14.05,seconds,Big 12 Outdoor Track & Field Championships,2026-05-14,,,1.0,Outdoor,https://www.tfrrs.org/results/94673/5999867/Big_12_Outdoor_Track__Field_Championships/100-Hurdles,TFRRS all_performances
"Todorovich, Logan",Baylor,Big 12,100H,2026,2,,,13.92,seconds,Big 12 Outdoor Track & Field Championships,2026-05-14,,,1.8,Outdoor,https://www.tfrrs.org/results/94673/5999882/Big_12_Outdoor_Track__Field_Championships/100-Hurdles,TFRRS all_performances
"Todorovich, Madilyn",Baylor,Big 12,100H,2026,1,,,14.17,seconds,Big 12 Outdoor Track & Field Championships,2026-05-14,,,2.2,Outdoor,https://www.tfrrs.org/results/94673/5999882/Big_12_Outdoor_Track__Field_Championships/100-Hurdles,TFRRS all_performances
"Wesseh, Kiara",Baylor,Big 12,100H,2026,2,,,14.18,seconds,Big 12 Outdoor Track & Field Championships,2026-05-14,,,2.2,Outdoor,https://www.tfrrs.org/results/94673/5999882/Big_12_Outdoor_Track__Field_Championships/100-Hurdles,TFRRS all_performances
"Todorovich, Logan",Baylor,Big 12,100H,2026,2,,,13.96,seconds,NCAA Division I Outdoor Track & Field Championships,2026-06-10,,,-0.3,Outdoor,https://www.tfrrs.org/results/96875/6005730/NCAA_Division_I_Outdoor_Track__Field_Championships/100-Hurdles,TFRRS all_performances
"N'Douma-Mona, Zola",Iowa State,Big 12,100H,2026,1,,,13.65,seconds,Clyde Hart Classic,2026-03-27,,,1.1,Outdoor,https://www.tfrrs.org/results/92784/5903926/Clyde_Hart_Classic/100-Hurdles,TFRRS all_performances
"N'Douma-Mona, Zola",Iowa State,Big 12,100H,2026,1,,,13.69,seconds,Clyde Hart Classic,2026-03-27,,,1.4,Outdoor,https://www.tfrrs.org/results/92784/5903926/Clyde_Hart_Classic/100-Hurdles,TFRRS all_performances
"Denge-Hagen, Maia",Iowa State,Big 12,100H,2026,2,,,14.65,seconds,Bobcat Invitational 2026,2026-04-02,,,0.8,Outdoor,https://www.tfrrs.org/results/93729/5895073/Bobcat_Invitational_2026/100-Hurdles,TFRRS all_performances
"N'Douma-Mona, Zola",Iowa State,Big 12,100H,2026,1,,,13.46,seconds,Bobcat Invitational 2026,2026-04-02,,,0.8,Outdoor,https://www.tfrrs.org/results/93729/5895073/Bobcat_Invitational_2026/100-Hurdles,TFRRS all_performances
"Havighurst, Emma",Iowa State,Big 12,100H,2026,1,,,14.05,seconds,Jim Duncan Invitational,2026-04-10,,,+0.0,Outdoor,https://www.tfrrs.org/results/96367/5924654/Jim_Duncan_Invitational/100-Hurdles,TFRRS all_performances
"Havighurst, Emma",Iowa State,Big 12,100H,2026,1,,,13.64,seconds,66th Annual Mt. SAC Relays,2026-04-15,,,3.6,Outdoor,https://www.tfrrs.org/results/95455/5966522/66th_Annual_Mt_SAC_Relays/100-Hurdles,TFRRS all_performances
"N'Douma-Mona, Zola",Iowa State,Big 12,100H,2026,1,,,13.47,seconds,66th Annual Mt. SAC Relays,2026-04-15,,,3.6,Outdoor,https://www.tfrrs.org/results/95455/5966522/66th_Annual_Mt_SAC_Relays/100-Hurdles,TFRRS all_performances
"Denge-Hagen, Maia",Iowa State,Big 12,100H,2026,2,,,14.14,seconds,116th Drake Relays,2026-04-22,,,2.7,Outdoor,https://www.tfrrs.org/results/95611/5987031/116th_Drake_Relays/100-Hurdles,TFRRS all_performances
"Havighurst, Emma",Iowa State,Big 12,100H,2026,1,,,13.41,seconds,116th Drake Relays,2026-04-22,,,1.2,Outdoor,https://www.tfrrs.org/results/95611/5986877/116th_Drake_Relays/100-Hurdles,TFRRS all_performances
"Havighurst, Emma",Iowa State,Big 12,100H,2026,1,,,13.61,seconds,116th Drake Relays,2026-04-22,,,3.3,Outdoor,https://www.tfrrs.org/results/95611/5986877/116th_Drake_Relays/100-Hurdles,TFRRS all_performances
"N'Douma-Mona, Zola",Iowa State,Big 12,100H,2026,1,,,13.46,seconds,116th Drake Relays,2026-04-22,,,1.2,Outdoor,https://www.tfrrs.org/results/95611/5986877/116th_Drake_Relays/100-Hurdles,TFRRS all_performances
"N'Douma-Mona, Zola",Iowa State,Big 12,100H,2026,1,,,13.57,seconds,116th Drake Relays,2026-04-22,,,3.3,Outdoor,https://www.tfrrs.org/results/95611/5986877/116th_Drake_Relays/100-Hurdles,TFRRS all_performances
"Denge-Hagen, Maia",Iowa State,Big 12,100H,2026,2,,,14.18,seconds,2026 Alumni Muster,2026-05-01,,,2.0,Outdoor,https://www.tfrrs.org/results/95784/5977258/2026_Alumni_Muster/100-Hurdles,TFRRS all_performances
"Havighurst, Emma",Iowa State,Big 12,100H,2026,1,,,13.60,seconds,2026 Alumni Muster,2026-05-01,,,1.5,Outdoor,https://www.tfrrs.org/results/95784/5977258/2026_Alumni_Muster/100-Hurdles,TFRRS all_performances
"N'Douma-Mona, Zola",Iowa State,Big 12,100H,2026,1,,,13.64,seconds,2026 Alumni Muster,2026-05-01,,,1.5,Outdoor,https://www.tfrrs.org/results/95784/5977258/2026_Alumni_Muster/100-Hurdles,TFRRS all_performances
"Havighurst, Emma",Iowa State,Big 12,100H,2026,1,,,13.41,seconds,Cyclone Twilight 2026,2026-05-08,,,2.5,Outdoor,https://www.tfrrs.org/results/96810/5992336/Cyclone_Twilight_2026/100-Hurdles,TFRRS all_performances
"Havighurst, Emma",Iowa State,Big 12,100H,2026,1,,,13.69,seconds,Cyclone Twilight 2026,2026-05-08,,,0.9,Outdoor,https://www.tfrrs.org/results/96810/5992336/Cyclone_Twilight_2026/100-Hurdles,TFRRS all_performances
"Denge-Hagen, Maia",Iowa State,Big 12,100H,2026,2,,,14.09,seconds,Big 12 Outdoor Track & Field Championships,2026-05-14,,,1.8,Outdoor,https://www.tfrrs.org/results/94673/5999882/Big_12_Outdoor_Track__Field_Championships/100-Hurdles,TFRRS all_performances
"Havighurst, Emma",Iowa State,Big 12,100H,2026,1,,,13.70,seconds,Big 12 Outdoor Track & Field Championships,2026-05-14,,,0.6,Outdoor,https://www.tfrrs.org/results/94673/5999867/Big_12_Outdoor_Track__Field_Championships/100-Hurdles,TFRRS all_performances
"N'Douma-Mona, Zola",Iowa State,Big 12,100H,2026,1,,,13.35,seconds,Big 12 Outdoor Track & Field Championships,2026-05-14,,,0.8,Outdoor,https://www.tfrrs.org/results/94673/5999882/Big_12_Outdoor_Track__Field_Championships/100-Hurdles,TFRRS all_performances
"Havighurst, Emma",Iowa State,Big 12,100H,2026,1,,,13.54,seconds,NCAA Division I West First Rounds,2026-05-27,,,0.3,Outdoor,https://www.tfrrs.org/results/96717/6004603/NCAA_Division_I_West_First_Rounds/100-Hurdles,TFRRS all_performances
"N'Douma-Mona, Zola",Iowa State,Big 12,100H,2026,1,,,13.53,seconds,NCAA Division I West First Rounds,2026-05-27,,,2.1,Outdoor,https://www.tfrrs.org/results/96717/6004603/NCAA_Division_I_West_First_Rounds/100-Hurdles,TFRRS all_performances
"Adkins, Symoria",Texas Tech,Big 12,100H,2026,3,,,12.95,seconds,Masked Rider Open,2026-03-26,,,3.6,Outdoor,https://www.tfrrs.org/results/96010/5868296/Masked_Rider_Open/100-Hurdles,TFRRS all_performances
"Bouijoux, Auceane",Texas Tech,Big 12,100H,2026,2,,,13.29,seconds,Masked Rider Open,2026-03-26,,,3.6,Outdoor,https://www.tfrrs.org/results/96010/5868296/Masked_Rider_Open/100-Hurdles,TFRRS all_performances
"Siirtola, Siiri",Texas Tech,Big 12,100H,2026,1,,,13.42,seconds,Masked Rider Open,2026-03-26,,,3.6,Outdoor,https://www.tfrrs.org/results/96010/5868296/Masked_Rider_Open/100-Hurdles,TFRRS all_performances
"Adkins, Symoria",Texas Tech,Big 12,100H,2026,3,,,12.99,seconds,2026 98th Clyde Littlefield Texas Relays (Univ/College),2026-04-01,,,3.4,Outdoor,https://www.tfrrs.org/results/94985/5911812/2026_98th_Clyde_Littlefield_Texas_Relays_Univ_College/100-Hurdles,TFRRS all_performances
"Adkins, Symoria",Texas Tech,Big 12,100H,2026,3,,,13.00,seconds,2026 98th Clyde Littlefield Texas Relays (Univ/College),2026-04-01,,,0.4,Outdoor,https://www.tfrrs.org/results/94985/5911812/2026_98th_Clyde_Littlefield_Texas_Relays_Univ_College/100-Hurdles,TFRRS all_performances
"Bouijoux, Auceane",Texas Tech,Big 12,100H,2026,2,,,13.34,seconds,2026 98th Clyde Littlefield Texas Relays (Univ/College),2026-04-01,,,3.4,Outdoor,https://www.tfrrs.org/results/94985/5911812/2026_98th_Clyde_Littlefield_Texas_Relays_Univ_College/100-Hurdles,TFRRS all_performances
"Siirtola, Siiri",Texas Tech,Big 12,100H,2026,1,,,13.69,seconds,2026 98th Clyde Littlefield Texas Relays (Univ/College),2026-04-01,,,1.3,Outdoor,https://www.tfrrs.org/results/94985/5911812/2026_98th_Clyde_Littlefield_Texas_Relays_Univ_College/100-Hurdles,TFRRS all_performances
"Adkins, Symoria",Texas Tech,Big 12,100H,2026,3,,,13.24,seconds,Tom Jones Memorial,2026-04-16,,,-1.0,Outdoor,https://www.tfrrs.org/results/96536/5940546/Tom_Jones_Memorial/100-Hurdles,TFRRS all_performances
"Bouijoux, Auceane",Texas Tech,Big 12,100H,2026,2,,,13.42,seconds,Tom Jones Memorial,2026-04-16,,,3.0,Outdoor,https://www.tfrrs.org/results/96536/5940546/Tom_Jones_Memorial/100-Hurdles,TFRRS all_performances
"Forbes, Tonie-Ann",Texas Tech,Big 12,100H,2026,3,,,13.11,seconds,Tom Jones Memorial,2026-04-16,,,-0.8,Outdoor,https://www.tfrrs.org/results/96536/5940546/Tom_Jones_Memorial/100-Hurdles,TFRRS all_performances
Siiri Sirtola,Texas Tech,Big 12,100H,2026,1,,,13.60,seconds,Tom Jones Memorial,2026-04-16,,,0.4,Outdoor,https://www.tfrrs.org/results/96536/5940545/Tom_Jones_Memorial/100-Hurdles,TFRRS all_performances
"Adkins, Symoria",Texas Tech,Big 12,100H,2026,3,,,12.99,seconds,Michael Johnson Invitational,2026-04-24,,,0.9,Outdoor,https://www.tfrrs.org/results/92814/5961962/Michael_Johnson_Invitational/100-Hurdles,TFRRS all_performances
"Forbes, Tonie-Ann",Texas Tech,Big 12,100H,2026,3,,,12.95,seconds,Michael Johnson Invitational,2026-04-24,,,2.4,Outdoor,https://www.tfrrs.org/results/92814/5961962/Michael_Johnson_Invitational/100-Hurdles,TFRRS all_performances
"Forbes, Tonie-Ann",Texas Tech,Big 12,100H,2026,3,,,13.35,seconds,Michael Johnson Invitational,2026-04-24,,,0.9,Outdoor,https://www.tfrrs.org/results/92814/5961962/Michael_Johnson_Invitational/100-Hurdles,TFRRS all_performances
"Bouijoux, Auceane",Texas Tech,Big 12,100H,2026,2,,,13.59,seconds,Corky/Crofoot Shootout,2026-04-30,,,-0.3,Outdoor,https://www.tfrrs.org/results/96729/5971259/Corky_Crofoot_Shootout/100-Hurdles,TFRRS all_performances
"Forbes, Tonie-Ann",Texas Tech,Big 12,100H,2026,3,,,13.11,seconds,Corky/Crofoot Shootout,2026-04-30,,,-0.3,Outdoor,https://www.tfrrs.org/results/96729/5971259/Corky_Crofoot_Shootout/100-Hurdles,TFRRS all_performances
"Siirtola, Siiri",Texas Tech,Big 12,100H,2026,1,,,13.58,seconds,Corky/Crofoot Shootout,2026-04-30,,,-0.3,Outdoor,https://www.tfrrs.org/results/96729/5971259/Corky_Crofoot_Shootout/100-Hurdles,TFRRS all_performances
"Adkins, Symoria",Texas Tech,Big 12,100H,2026,3,,,13.03,seconds,Big 12 Outdoor Track & Field Championships,2026-05-14,,,1.0,Outdoor,https://www.tfrrs.org/results/94673/5999867/Big_12_Outdoor_Track__Field_Championships/100-Hurdles,TFRRS all_performances
"Adkins, Symoria",Texas Tech,Big 12,100H,2026,3,,,13.03,seconds,Big 12 Outdoor Track & Field Championships,2026-05-14,,,2.6,Outdoor,https://www.tfrrs.org/results/94673/5999867/Big_12_Outdoor_Track__Field_Championships/100-Hurdles,TFRRS all_performances
"Bouijoux, Auceane",Texas Tech,Big 12,100H,2026,2,,,13.32,seconds,Big 12 Outdoor Track & Field Championships,2026-05-14,,,0.7,Outdoor,https://www.tfrrs.org/results/94673/5999867/Big_12_Outdoor_Track__Field_Championships/100-Hurdles,TFRRS all_performances
"Bouijoux, Auceane",Texas Tech,Big 12,100H,2026,2,,,13.38,seconds,Big 12 Outdoor Track & Field Championships,2026-05-14,,,2.6,Outdoor,https://www.tfrrs.org/results/94673/5999867/Big_12_Outdoor_Track__Field_Championships/100-Hurdles,TFRRS all_performances
"Forbes, Tonie-Ann",Texas Tech,Big 12,100H,2026,3,,,12.75,seconds,Big 12 Outdoor Track & Field Championships,2026-05-14,,,2.6,Outdoor,https://www.tfrrs.org/results/94673/5999867/Big_12_Outdoor_Track__Field_Championships/100-Hurdles,TFRRS all_performances
"Forbes, Tonie-Ann",Texas Tech,Big 12,100H,2026,3,,,12.97,seconds,Big 12 Outdoor Track & Field Championships,2026-05-14,,,0.6,Outdoor,https://www.tfrrs.org/results/94673/5999867/Big_12_Outdoor_Track__Field_Championships/100-Hurdles,TFRRS all_performances
"Siirtola, Siiri",Texas Tech,Big 12,100H,2026,1,,,13.52,seconds,Big 12 Outdoor Track & Field Championships,2026-05-14,,,0.7,Outdoor,https://www.tfrrs.org/results/94673/5999867/Big_12_Outdoor_Track__Field_Championships/100-Hurdles,TFRRS all_performances
"Adkins, Symoria",Texas Tech,Big 12,100H,2026,3,,,12.80,seconds,NCAA Division I West First Rounds,2026-05-27,,,1.8,Outdoor,https://www.tfrrs.org/results/96717/6004603/NCAA_Division_I_West_First_Rounds/100-Hurdles,TFRRS all_performances
"Adkins, Symoria",Texas Tech,Big 12,100H,2026,3,,,12.82,seconds,NCAA Division I West First Rounds,2026-05-27,,,2.7,Outdoor,https://www.tfrrs.org/results/96717/6004603/NCAA_Division_I_West_First_Rounds/100-Hurdles,TFRRS all_performances
"Bouijoux, Auceane",Texas Tech,Big 12,100H,2026,2,,,13.39,seconds,NCAA Division I West First Rounds,2026-05-27,,,0.7,Outdoor,https://www.tfrrs.org/results/96717/6004603/NCAA_Division_I_West_First_Rounds/100-Hurdles,TFRRS all_performances
"Bouijoux, Auceane",Texas Tech,Big 12,100H,2026,2,,,13.86,seconds,NCAA Division I West First Rounds,2026-05-27,,,1.8,Outdoor,https://www.tfrrs.org/results/96717/6004603/NCAA_Division_I_West_First_Rounds/100-Hurdles,TFRRS all_performances
"Forbes, Tonie-Ann",Texas Tech,Big 12,100H,2026,3,,,12.92,seconds,NCAA Division I West First Rounds,2026-05-27,,,1.8,Outdoor,https://www.tfrrs.org/results/96717/6004603/NCAA_Division_I_West_First_Rounds/100-Hurdles,TFRRS all_performances
"Forbes, Tonie-Ann",Texas Tech,Big 12,100H,2026,3,,,13.23,seconds,NCAA Division I West First Rounds,2026-05-27,,,1.2,Outdoor,https://www.tfrrs.org/results/96717/6004603/NCAA_Division_I_West_First_Rounds/100-Hurdles,TFRRS all_performances
"Siirtola, Siiri",Texas Tech,Big 12,100H,2026,1,,,13.47,seconds,NCAA Division I West First Rounds,2026-05-27,,,0.7,Outdoor,https://www.tfrrs.org/results/96717/6004603/NCAA_Division_I_West_First_Rounds/100-Hurdles,TFRRS all_performances
"Adkins, Symoria",Texas Tech,Big 12,100H,2026,3,,,12.82,seconds,NCAA Division I Outdoor Track & Field Championships,2026-06-10,,,1.2,Outdoor,https://www.tfrrs.org/results/96875/6005713/NCAA_Division_I_Outdoor_Track__Field_Championships/100-Hurdles,TFRRS all_performances
"Adkins, Symoria",Texas Tech,Big 12,100H,2026,3,,,12.84,seconds,NCAA Division I Outdoor Track & Field Championships,2026-06-10,,,1.5,Outdoor,https://www.tfrrs.org/results/96875/6005713/NCAA_Division_I_Outdoor_Track__Field_Championships/100-Hurdles,TFRRS all_performances
"Forbes, Tonie-Ann",Texas Tech,Big 12,100H,2026,3,,,12.80,seconds,NCAA Division I Outdoor Track & Field Championships,2026-06-10,,,1.2,Outdoor,https://www.tfrrs.org/results/96875/6005713/NCAA_Division_I_Outdoor_Track__Field_Championships/100-Hurdles,TFRRS all_performances
"Forbes, Tonie-Ann",Texas Tech,Big 12,100H,2026,3,,,12.86,seconds,NCAA Division I Outdoor Track & Field Championships,2026-06-10,,,1.2,Outdoor,https://www.tfrrs.org/results/96875/6005713/NCAA_Division_I_Outdoor_Track__Field_Championships/100-Hurdles,TFRRS all_performances
"Gero-Holt, JaiCieonna",Illinois,Big Ten,100H,2026,1,,,14.01,seconds,Tom Jones Memorial,2026-04-16,,,1.4,Outdoor,https://www.tfrrs.org/results/96536/5940616/Tom_Jones_Memorial/100-Hurdles,TFRRS all_performances
"Humphries, Meagan",Illinois,Big Ten,100H,2026,2,,,13.70,seconds,Tom Jones Memorial,2026-04-16,,,1.4,Outdoor,https://www.tfrrs.org/results/96536/5940616/Tom_Jones_Memorial/100-Hurdles,TFRRS all_performances
"Gero-Holt, JaiCieonna",Illinois,Big Ten,100H,2026,1,,,14.79,seconds,Illini Tune-Up,2026-05-08,,,-0.1,Outdoor,https://www.tfrrs.org/results/96684/5988646/Illini_Tune-Up/100-Hurdles,TFRRS all_performances
"Humphries, Meagan",Illinois,Big Ten,100H,2026,2,,,13.90,seconds,Illini Tune-Up,2026-05-08,,,-0.1,Outdoor,https://www.tfrrs.org/results/96684/5988646/Illini_Tune-Up/100-Hurdles,TFRRS all_performances
"Gero-Holt, JaiCieonna",Illinois,Big Ten,100H,2026,1,,,13.71,seconds,2026 Big Ten Outdoor Track & Field Championships,2026-05-15,,,2.4,Outdoor,https://www.tfrrs.org/results/96121/6000082/2026_Big_Ten_Outdoor_Track__Field_Championships/100-Hurdles,TFRRS all_performances
"Humphries, Meagan",Illinois,Big Ten,100H,2026,2,,,13.53,seconds,2026 Big Ten Outdoor Track & Field Championships,2026-05-15,,,1.6,Outdoor,https://www.tfrrs.org/results/96121/6000082/2026_Big_Ten_Outdoor_Track__Field_Championships/100-Hurdles,TFRRS all_performances
"Gero-Holt, JaiCieonna",Illinois,Big Ten,100H,2026,1,,,13.80,seconds,NCAA Division I Outdoor Track & Field Championships,2026-06-10,,,0.3,Outdoor,https://www.tfrrs.org/results/96875/6005730/NCAA_Division_I_Outdoor_Track__Field_Championships/100-Hurdles,TFRRS all_performances
"Humphries, Meagan",Illinois,Big Ten,100H,2026,2,,,13.74,seconds,NCAA Division I Outdoor Track & Field Championships,2026-06-10,,,-1.1,Outdoor,https://www.tfrrs.org/results/96875/6005730/NCAA_Division_I_Outdoor_Track__Field_Championships/100-Hurdles,TFRRS all_performances
"Goetz, Ava",Nebraska,Big Ten,100H,2026,2,,,14.69,seconds,Spec Towns Invitational,2026-04-09,,,2.0,Outdoor,https://www.tfrrs.org/results/96380/5924778/Spec_Towns_Invitational/100-Hurdles,TFRRS all_performances
"Parsons, Grace",Nebraska,Big Ten,100H,2026,2,,,14.48,seconds,Spec Towns Invitational,2026-04-09,,,0.5,Outdoor,https://www.tfrrs.org/results/96380/5924778/Spec_Towns_Invitational/100-Hurdles,TFRRS all_performances
"Goetz, Ava",Nebraska,Big Ten,100H,2026,2,,,14.59,seconds,Big Red Classic,2026-04-17,,,5.1,Outdoor,https://www.tfrrs.org/results/95768/5947401/Big_Red_Classic/100-Hurdles,TFRRS all_performances
"Parsons, Grace",Nebraska,Big Ten,100H,2026,2,,,13.98,seconds,Big Red Classic,2026-04-17,,,5.1,Outdoor,https://www.tfrrs.org/results/95768/5947401/Big_Red_Classic/100-Hurdles,TFRRS all_performances
"Campos, Kate",Nebraska,Big Ten,100H,2026,3,,,14.37,seconds,116th Drake Relays,2026-04-22,,,3.3,Outdoor,https://www.tfrrs.org/results/95611/5986877/116th_Drake_Relays/100-Hurdles,TFRRS all_performances
"Campos, Kate",Nebraska,Big Ten,100H,2026,3,,,13.99,seconds,Desert Heat Classic,2026-05-02,,,0.5,Outdoor,https://www.tfrrs.org/results/96521/5999900/Desert_Heat_Classic/100-Hurdles,TFRRS all_performances
"Parsons, Grace",Nebraska,Big Ten,100H,2026,2,,,14.56,seconds,Desert Heat Classic,2026-05-02,,,1.4,Outdoor,https://www.tfrrs.org/results/96521/5999900/Desert_Heat_Classic/100-Hurdles,TFRRS all_performances
"Campos, Kate",Nebraska,Big Ten,100H,2026,3,,,13.89,seconds,Nebraska Spring Tune-Up,2026-05-08,,,0.2,Outdoor,https://www.tfrrs.org/results/96807/5993429/Nebraska_Spring_Tune-Up/100-Hurdles,TFRRS all_performances
"Goetz, Ava",Nebraska,Big Ten,100H,2026,2,,,14.69,seconds,Nebraska Spring Tune-Up,2026-05-08,,,0.2,Outdoor,https://www.tfrrs.org/results/96807/5993429/Nebraska_Spring_Tune-Up/100-Hurdles,TFRRS all_performances
"Goetz, Ava",Nebraska,Big Ten,100H,2026,2,,,13.94,seconds,2026 Big Ten Outdoor Track & Field Championships,2026-05-15,,,2.8,Outdoor,https://www.tfrrs.org/results/96121/6000082/2026_Big_Ten_Outdoor_Track__Field_Championships/100-Hurdles,TFRRS all_performances
"Parsons, Grace",Nebraska,Big Ten,100H,2026,2,,,14.17,seconds,2026 Big Ten Outdoor Track & Field Championships,2026-05-15,,,1.6,Outdoor,https://www.tfrrs.org/results/96121/6000082/2026_Big_Ten_Outdoor_Track__Field_Championships/100-Hurdles,TFRRS all_performances
"Lusti, Liisa-Maria",Oregon,Big Ten,100H,2026,1,,,13.58,seconds,Bob Larson & Jim Bush Legends (Roster Only),2026-03-27,,,0.3,Outdoor,https://www.tfrrs.org/results/95813/5879158/Bob_Larson__Jim_Bush_Legends_Roster_Only/100-Hurdles,TFRRS all_performances
"McCormick, Aaliyah",Oregon,Big Ten,100H,2026,4,,,12.99,seconds,UNLV Rebel Elite (Roster Only),2026-04-03,,,1.3,Outdoor,https://www.tfrrs.org/results/95841/5901943/UNLV_Rebel_Elite_Roster_Only/100-Hurdles,TFRRS all_performances
"Taylor, Annaleise",Oregon,Big Ten,100H,2026,2,,,14.00,seconds,UNLV Rebel Elite (Roster Only),2026-04-03,,,1.3,Outdoor,https://www.tfrrs.org/results/95841/5901943/UNLV_Rebel_Elite_Roster_Only/100-Hurdles,TFRRS all_performances
"De Mello, Micaela",Oregon,Big Ten,100H,2026,4,,,13.33,seconds,66th Annual Mt. SAC Relays,2026-04-15,,,-0.9,Outdoor,https://www.tfrrs.org/results/95455/5966522/66th_Annual_Mt_SAC_Relays/100-Hurdles,TFRRS all_performances
"McCormick, Aaliyah",Oregon,Big Ten,100H,2026,4,,,12.96,seconds,66th Annual Mt. SAC Relays,2026-04-15,,,-0.9,Outdoor,https://www.tfrrs.org/results/95455/5966522/66th_Annual_Mt_SAC_Relays/100-Hurdles,TFRRS all_performances
"Taylor, Annaleise",Oregon,Big Ten,100H,2026,2,,,13.91,seconds,Oregon Team Invitational,2026-04-17,,,-0.6,Outdoor,https://www.tfrrs.org/results/96113/5993728/Oregon_Team_Invitational/100-Hurdles,TFRRS all_performances
"De Mello, Micaela",Oregon,Big Ten,100H,2026,4,,,13.09,seconds,Desert Heat Classic,2026-05-02,,,0.7,Outdoor,https://www.tfrrs.org/results/96521/5999900/Desert_Heat_Classic/100-Hurdles,TFRRS all_performances
"Taylor, Annaleise",Oregon,Big Ten,100H,2026,2,,,13.68,seconds,Desert Heat Classic,2026-05-02,,,0.7,Outdoor,https://www.tfrrs.org/results/96521/5999900/Desert_Heat_Classic/100-Hurdles,TFRRS all_performances
"De Mello, Micaela",Oregon,Big Ten,100H,2026,4,,,12.63,seconds,2026 Big Ten Outdoor Track & Field Championships,2026-05-15,,,4.9,Outdoor,https://www.tfrrs.org/results/96121/6000081/2026_Big_Ten_Outdoor_Track__Field_Championships/100-Hurdles,TFRRS all_performances
"De Mello, Micaela",Oregon,Big Ten,100H,2026,4,,,13.02,seconds,2026 Big Ten Outdoor Track & Field Championships,2026-05-15,,,-1.0,Outdoor,https://www.tfrrs.org/results/96121/6000081/2026_Big_Ten_Outdoor_Track__Field_Championships/100-Hurdles,TFRRS all_performances
"Lusti, Liisa-Maria",Oregon,Big Ten,100H,2026,1,,,13.66,seconds,2026 Big Ten Outdoor Track & Field Championships,2026-05-15,,,1.6,Outdoor,https://www.tfrrs.org/results/96121/6000082/2026_Big_Ten_Outdoor_Track__Field_Championships/100-Hurdles,TFRRS all_performances
"McCormick, Aaliyah",Oregon,Big Ten,100H,2026,4,,,12.43,seconds,2026 Big Ten Outdoor Track & Field Championships,2026-05-15,,,4.9,Outdoor,https://www.tfrrs.org/results/96121/6000081/2026_Big_Ten_Outdoor_Track__Field_Championships/100-Hurdles,TFRRS all_performances
"McCormick, Aaliyah",Oregon,Big Ten,100H,2026,4,,,12.87,seconds,2026 Big Ten Outdoor Track & Field Championships,2026-05-15,,,0.7,Outdoor,https://www.tfrrs.org/results/96121/6000081/2026_Big_Ten_Outdoor_Track__Field_Championships/100-Hurdles,TFRRS all_performances
"Taylor, Annaleise",Oregon,Big Ten,100H,2026,2,,,13.94,seconds,2026 Big Ten Outdoor Track & Field Championships,2026-05-15,,,-1.0,Outdoor,https://www.tfrrs.org/results/96121/6000081/2026_Big_Ten_Outdoor_Track__Field_Championships/100-Hurdles,TFRRS all_performances
"De Mello, Micaela",Oregon,Big Ten,100H,2026,4,,,12.75,seconds,NCAA Division I West First Rounds,2026-05-27,,,2.7,Outdoor,https://www.tfrrs.org/results/96717/6004603/NCAA_Division_I_West_First_Rounds/100-Hurdles,TFRRS all_performances
"De Mello, Micaela",Oregon,Big Ten,100H,2026,4,,,12.93,seconds,NCAA Division I West First Rounds,2026-05-27,,,1.8,Outdoor,https://www.tfrrs.org/results/96717/6004603/NCAA_Division_I_West_First_Rounds/100-Hurdles,TFRRS all_performances
"McCormick, Aaliyah",Oregon,Big Ten,100H,2026,4,,,12.44,seconds,NCAA Division I West First Rounds,2026-05-27,,,2.0,Outdoor,https://www.tfrrs.org/results/96717/6004603/NCAA_Division_I_West_First_Rounds/100-Hurdles,TFRRS all_performances
"McCormick, Aaliyah",Oregon,Big Ten,100H,2026,4,,,12.93,seconds,NCAA Division I West First Rounds,2026-05-27,,,1.6,Outdoor,https://www.tfrrs.org/results/96717/6004603/NCAA_Division_I_West_First_Rounds/100-Hurdles,TFRRS all_performances
"De Mello, Micaela",Oregon,Big Ten,100H,2026,4,,,12.93,seconds,NCAA Division I Outdoor Track & Field Championships,2026-06-10,,,1.0,Outdoor,https://www.tfrrs.org/results/96875/6005713/NCAA_Division_I_Outdoor_Track__Field_Championships/100-Hurdles,TFRRS all_performances
"McCormick, Aaliyah",Oregon,Big Ten,100H,2026,4,,,12.47,seconds,NCAA Division I Outdoor Track & Field Championships,2026-06-10,,,1.2,Outdoor,https://www.tfrrs.org/results/96875/6005713/NCAA_Division_I_Outdoor_Track__Field_Championships/100-Hurdles,TFRRS all_performances
"McCormick, Aaliyah",Oregon,Big Ten,100H,2026,4,,,12.58,seconds,NCAA Division I Outdoor Track & Field Championships,2026-06-10,,,1.2,Outdoor,https://www.tfrrs.org/results/96875/6005713/NCAA_Division_I_Outdoor_Track__Field_Championships/100-Hurdles,TFRRS all_performances
"Atkinson, Asjah",USC,Big Ten,100H,2026,4,,,13.35,seconds,Trojan Invite,2026-03-27,,,-0.5,Outdoor,https://www.tfrrs.org/results/95520/5876000/Trojan_Invite/100-Hurdles,TFRRS all_performances
"Bowen-Fontenot, Anisa",USC,Big Ten,100H,2026,1,,,13.79,seconds,Trojan Invite,2026-03-27,,,-0.5,Outdoor,https://www.tfrrs.org/results/95520/5876000/Trojan_Invite/100-Hurdles,TFRRS all_performances
"Harden, Lillian",USC,Big Ten,100H,2026,2,,,13.82,seconds,Trojan Invite,2026-03-27,,,-0.5,Outdoor,https://www.tfrrs.org/results/95520/5876000/Trojan_Invite/100-Hurdles,TFRRS all_performances
"Atkinson, Asjah",USC,Big Ten,100H,2026,4,,,13.41,seconds,LSU Battle on the Bayou,2026-04-03,,,3.8,Outdoor,https://www.tfrrs.org/results/93386/5904423/_LSU_Battle_on_the_Bayou/100-Hurdles,TFRRS all_performances
"Barnett, Makenna",USC,Big Ten,100H,2026,1,,,14.08,seconds,LSU Battle on the Bayou,2026-04-03,,,3.8,Outdoor,https://www.tfrrs.org/results/93386/5904423/_LSU_Battle_on_the_Bayou/100-Hurdles,TFRRS all_performances
"Bowen-Fontenot, Anisa",USC,Big Ten,100H,2026,1,,,13.52,seconds,LSU Battle on the Bayou,2026-04-03,,,3.8,Outdoor,https://www.tfrrs.org/results/93386/5904423/_LSU_Battle_on_the_Bayou/100-Hurdles,TFRRS all_performances
"Harden, Lillian",USC,Big Ten,100H,2026,2,,,13.47,seconds,LSU Battle on the Bayou,2026-04-03,,,3.8,Outdoor,https://www.tfrrs.org/results/93386/5904423/_LSU_Battle_on_the_Bayou/100-Hurdles,TFRRS all_performances
"Atkinson, Asjah",USC,Big Ten,100H,2026,4,,,13.42,seconds,66th Annual Mt. SAC Relays,2026-04-15,,,1.6,Outdoor,https://www.tfrrs.org/results/95455/5966522/66th_Annual_Mt_SAC_Relays/100-Hurdles,TFRRS all_performances
"Barnett, Makenna",USC,Big Ten,100H,2026,1,,,14.45,seconds,66th Annual Mt. SAC Relays,2026-04-15,,,1.0,Outdoor,https://www.tfrrs.org/results/95455/5966577/66th_Annual_Mt_SAC_Relays/100-Hurdles,TFRRS all_performances
"Bowen-Fontenot, Anisa",USC,Big Ten,100H,2026,1,,,13.53,seconds,66th Annual Mt. SAC Relays,2026-04-15,,,1.0,Outdoor,https://www.tfrrs.org/results/95455/5966577/66th_Annual_Mt_SAC_Relays/100-Hurdles,TFRRS all_performances
"Harden, Lillian",USC,Big Ten,100H,2026,2,,,13.48,seconds,66th Annual Mt. SAC Relays,2026-04-15,,,1.0,Outdoor,https://www.tfrrs.org/results/95455/5966577/66th_Annual_Mt_SAC_Relays/100-Hurdles,TFRRS all_performances
"Atkinson, Asjah",USC,Big Ten,100H,2026,4,,,13.38,seconds,USC v. UCLA Dual Meet,2026-05-02,,,1.3,Outdoor,https://www.tfrrs.org/results/96454/5980188/USC_v_UCLA_Dual_Meet/100-Hurdles,TFRRS all_performances
"Barnett, Makenna",USC,Big Ten,100H,2026,1,,,13.80,seconds,USC v. UCLA Dual Meet,2026-05-02,,,1.3,Outdoor,https://www.tfrrs.org/results/96454/5980188/USC_v_UCLA_Dual_Meet/100-Hurdles,TFRRS all_performances
"Bowen-Fontenot, Anisa",USC,Big Ten,100H,2026,1,,,13.66,seconds,USC v. UCLA Dual Meet,2026-05-02,,,1.3,Outdoor,https://www.tfrrs.org/results/96454/5980188/USC_v_UCLA_Dual_Meet/100-Hurdles,TFRRS all_performances
"Harden, Lillian",USC,Big Ten,100H,2026,2,,,13.30,seconds,USC v. UCLA Dual Meet,2026-05-02,,,1.3,Outdoor,https://www.tfrrs.org/results/96454/5980188/USC_v_UCLA_Dual_Meet/100-Hurdles,TFRRS all_performances
"Atkinson, Asjah",USC,Big Ten,100H,2026,4,,,13.48,seconds,APU Franson Last Chance,2026-05-07,,,1.5,Outdoor,https://www.tfrrs.org/results/94719/5992156/APU_Franson_Last_Chance/100-Hurdles,TFRRS all_performances
"Bowen-Fontenot, Anisa",USC,Big Ten,100H,2026,1,,,14.03,seconds,APU Franson Last Chance,2026-05-07,,,0.4,Outdoor,https://www.tfrrs.org/results/94719/5992156/APU_Franson_Last_Chance/100-Hurdles,TFRRS all_performances
"Harden, Lillian",USC,Big Ten,100H,2026,2,,,13.48,seconds,APU Franson Last Chance,2026-05-07,,,1.5,Outdoor,https://www.tfrrs.org/results/94719/5992156/APU_Franson_Last_Chance/100-Hurdles,TFRRS all_performances
"Atkinson, Asjah",USC,Big Ten,100H,2026,4,,,13.41,seconds,2026 Big Ten Outdoor Track & Field Championships,2026-05-15,,,-1.0,Outdoor,https://www.tfrrs.org/results/96121/6000081/2026_Big_Ten_Outdoor_Track__Field_Championships/100-Hurdles,TFRRS all_performances
"Bowen-Fontenot, Anisa",USC,Big Ten,100H,2026,1,,,13.75,seconds,2026 Big Ten Outdoor Track & Field Championships,2026-05-15,,,0.7,Outdoor,https://www.tfrrs.org/results/96121/6000081/2026_Big_Ten_Outdoor_Track__Field_Championships/100-Hurdles,TFRRS all_performances
"Harden, Lillian",USC,Big Ten,100H,2026,2,,,13.69,seconds,2026 Big Ten Outdoor Track & Field Championships,2026-05-15,,,0.7,Outdoor,https://www.tfrrs.org/results/96121/6000081/2026_Big_Ten_Outdoor_Track__Field_Championships/100-Hurdles,TFRRS all_performances
"Atkinson, Asjah",USC,Big Ten,100H,2026,4,,,13.05,seconds,NCAA Division I West First Rounds,2026-05-27,,,1.8,Outdoor,https://www.tfrrs.org/results/96717/6004603/NCAA_Division_I_West_First_Rounds/100-Hurdles,TFRRS all_performances
"Atkinson, Asjah",USC,Big Ten,100H,2026,4,,,13.23,seconds,NCAA Division I West First Rounds,2026-05-27,,,0.7,Outdoor,https://www.tfrrs.org/results/96717/6004603/NCAA_Division_I_West_First_Rounds/100-Hurdles,TFRRS all_performances
"Harden, Lillian",USC,Big Ten,100H,2026,2,,,13.20,seconds,NCAA Division I West First Rounds,2026-05-27,,,2.0,Outdoor,https://www.tfrrs.org/results/96717/6004603/NCAA_Division_I_West_First_Rounds/100-Hurdles,TFRRS all_performances
"Harden, Lillian",USC,Big Ten,100H,2026,2,,,13.28,seconds,NCAA Division I West First Rounds,2026-05-27,,,1.2,Outdoor,https://www.tfrrs.org/results/96717/6004603/NCAA_Division_I_West_First_Rounds/100-Hurdles,TFRRS all_performances
"Atkinson, Asjah",USC,Big Ten,100H,2026,4,,,13.19,seconds,NCAA Division I Outdoor Track & Field Championships,2026-06-10,,,1.0,Outdoor,https://www.tfrrs.org/results/96875/6005713/NCAA_Division_I_Outdoor_Track__Field_Championships/100-Hurdles,TFRRS all_performances
"Cosculluela, Sofia",Washington,Big Ten,100H,2026,2,,,13.89,seconds,2026 Peyton-Shotwell Invitational,2026-03-28,,,-0.8,Outdoor,https://www.tfrrs.org/results/95008/5880960/2026_Peyton-Shotwell_Invitational/100-Hurdles,TFRRS all_performances
"Cosculluela, Sofia",Washington,Big Ten,100H,2026,2,,,13.41,seconds,Stanford Invitational,2026-04-03,,,0.3,Outdoor,https://www.tfrrs.org/results/95354/5900576/Stanford_Invitational/100-Hurdles,TFRRS all_performances
"Cosculluela, Sofia",Washington,Big Ten,100H,2026,2,,,13.60,seconds,Stanford Invitational,2026-04-03,,,0.2,Outdoor,https://www.tfrrs.org/results/95354/5900576/Stanford_Invitational/100-Hurdles,TFRRS all_performances
"Cosculluela, Sofia",Washington,Big Ten,100H,2026,2,,,13.48,seconds,66th Annual Mt. SAC Relays,2026-04-15,,,1.4,Outdoor,https://www.tfrrs.org/results/95455/5966614/66th_Annual_Mt_SAC_Relays/100-Hurdles,TFRRS all_performances
"Cosculluela, Sofia",Washington,Big Ten,100H,2026,2,,,13.31,seconds,Desert Heat Classic,2026-05-02,,,0.7,Outdoor,https://www.tfrrs.org/results/96521/5999900/Desert_Heat_Classic/100-Hurdles,TFRRS all_performances
"Cosculluela, Sofia",Washington,Big Ten,100H,2026,2,,,13.16,seconds,2026 Big Ten Outdoor Track & Field Championships,2026-05-15,,,4.9,Outdoor,https://www.tfrrs.org/results/96121/6000081/2026_Big_Ten_Outdoor_Track__Field_Championships/100-Hurdles,TFRRS all_performances
"Cosculluela, Sofia",Washington,Big Ten,100H,2026,2,,,13.42,seconds,2026 Big Ten Outdoor Track & Field Championships,2026-05-15,,,-1.0,Outdoor,https://www.tfrrs.org/results/96121/6000081/2026_Big_Ten_Outdoor_Track__Field_Championships/100-Hurdles,TFRRS all_performances
"Cosculluela, Sofia",Washington,Big Ten,100H,2026,2,,,13.17,seconds,NCAA Division I West First Rounds,2026-05-27,,,2.7,Outdoor,https://www.tfrrs.org/results/96717/6004603/NCAA_Division_I_West_First_Rounds/100-Hurdles,TFRRS all_performances
"Cosculluela, Sofia",Washington,Big Ten,100H,2026,2,,,13.46,seconds,NCAA Division I West First Rounds,2026-05-27,,,2.1,Outdoor,https://www.tfrrs.org/results/96717/6004603/NCAA_Division_I_West_First_Rounds/100-Hurdles,TFRRS all_performances
"Cosculluela, Sofia",Washington,Big Ten,100H,2026,2,,,13.46,seconds,NCAA Division I Outdoor Track & Field Championships,2026-06-10,,,-1.1,Outdoor,https://www.tfrrs.org/results/96875/6005730/NCAA_Division_I_Outdoor_Track__Field_Championships/100-Hurdles,TFRRS all_performances
"Osamuyi, Faith",Alabama,SEC,100H,2026,1,,,14.02,seconds,LSU Battle on the Bayou,2026-04-03,,,2.3,Outdoor,https://www.tfrrs.org/results/93386/5904423/_LSU_Battle_on_the_Bayou/100-Hurdles,TFRRS all_performances
"Osamuyi, Faith",Alabama,SEC,100H,2026,1,,,13.28,seconds,Crimson Tide Invitational,2026-04-10,,,0.7,Outdoor,https://www.tfrrs.org/results/96368/5914669/Crimson_Tide_Invitational/100-Hurdles,TFRRS all_performances
"Osamuyi, Faith",Alabama,SEC,100H,2026,1,,,13.63,seconds,Tom Jones Memorial,2026-04-16,,,0.7,Outdoor,https://www.tfrrs.org/results/96536/5940546/Tom_Jones_Memorial/100-Hurdles,TFRRS all_performances
"Osamuyi, Faith",Alabama,SEC,100H,2026,1,,,13.36,seconds,2026 Tiger Track Classic,2026-04-25,,,1.1,Outdoor,https://www.tfrrs.org/results/95835/5958611/2026_Tiger_Track_Classic/100-Hurdles,TFRRS all_performances
"Osamuyi, Faith",Alabama,SEC,100H,2026,1,,,13.88,seconds,Torrin Lawrence Memorial,2026-05-01,,,0.9,Outdoor,https://www.tfrrs.org/results/96742/5983432/Torrin_Lawrence_Memorial/100-Hurdles,TFRRS all_performances
"Osamuyi, Faith",Alabama,SEC,100H,2026,1,,,13.48,seconds,SEC Outdoor T&F Championships 2026,2026-05-14,,,0.8,Outdoor,https://www.tfrrs.org/results/96148/6006018/SEC_Outdoor_TF_Championships_2026/100-Hurdles,TFRRS all_performances
"Osamuyi, Faith",Alabama,SEC,100H,2026,1,,,12.99,seconds,NCAA Division I East First Rounds,2026-05-27,,,3.0,Outdoor,https://www.tfrrs.org/results/96716/6004561/NCAA_Division_I_East_First_Rounds/100-Hurdles,TFRRS all_performances
"Osamuyi, Faith",Alabama,SEC,100H,2026,1,,,13.11,seconds,NCAA Division I East First Rounds,2026-05-27,,,0.2,Outdoor,https://www.tfrrs.org/results/96716/6004561/NCAA_Division_I_East_First_Rounds/100-Hurdles,TFRRS all_performances
"Bikembo, Pauline",Florida,SEC,100H,2026,3,,,14.17,seconds,Terry Long Florida State Relays,2026-03-26,,,0.1,Outdoor,https://www.tfrrs.org/results/96024/5869176/Terry_Long_Florida_State_Relays/100-Hurdles,TFRRS all_performances
"Elmore, Abby",Florida,SEC,100H,2026,1,,,15.46,seconds,Terry Long Florida State Relays,2026-03-26,,,0.1,Outdoor,https://www.tfrrs.org/results/96024/5869176/Terry_Long_Florida_State_Relays/100-Hurdles,TFRRS all_performances
"Samuel, Aleesa",Florida,SEC,100H,2026,1,,,14.36,seconds,Terry Long Florida State Relays,2026-03-26,,,0.8,Outdoor,https://www.tfrrs.org/results/96024/5869176/Terry_Long_Florida_State_Relays/100-Hurdles,TFRRS all_performances
"Samuel, Aleesa",Florida,SEC,100H,2026,1,,,13.90,seconds,2026 Pepsi Florida Relays,2026-04-03,,,-1.2,Outdoor,https://www.tfrrs.org/results/95329/6002532/2026_Pepsi_Florida_Relays/100-Hurdles,TFRRS all_performances
"Samuel, Aleesa",Florida,SEC,100H,2026,1,,,14.14,seconds,Tom Jones Memorial,2026-04-16,,,-0.8,Outdoor,https://www.tfrrs.org/results/96536/5940546/Tom_Jones_Memorial/100-Hurdles,TFRRS all_performances
"Bikembo, Pauline",Florida,SEC,100H,2026,3,,,14.38,seconds,2026 East Coast Relays,2026-05-01,,,-0.8,Outdoor,https://www.tfrrs.org/results/93606/5982313/2026_East_Coast_Relays/100-Hurdles,TFRRS all_performances
"Robinson, Eden",Florida,SEC,100H,2026,1,,,14.75,seconds,2026 East Coast Relays,2026-05-01,,,-0.8,Outdoor,https://www.tfrrs.org/results/93606/5982313/2026_East_Coast_Relays/100-Hurdles,TFRRS all_performances
"Samuel, Aleesa",Florida,SEC,100H,2026,1,,,13.89,seconds,2026 East Coast Relays,2026-05-01,,,0.5,Outdoor,https://www.tfrrs.org/results/93606/5982313/2026_East_Coast_Relays/100-Hurdles,TFRRS all_performances
"Bikembo, Pauline",Florida,SEC,100H,2026,3,,,13.86,seconds,SEC Outdoor T&F Championships 2026,2026-05-14,,,2.5,Outdoor,https://www.tfrrs.org/results/96148/6006049/SEC_Outdoor_TF_Championships_2026/100-Hurdles,TFRRS all_performances
"Robinson, Eden",Florida,SEC,100H,2026,1,,,14.06,seconds,SEC Outdoor T&F Championships 2026,2026-05-14,,,1.3,Outdoor,https://www.tfrrs.org/results/96148/6006049/SEC_Outdoor_TF_Championships_2026/100-Hurdles,TFRRS all_performances
"Samuel, Aleesa",Florida,SEC,100H,2026,1,,,13.74,seconds,SEC Outdoor T&F Championships 2026,2026-05-14,,,0.7,Outdoor,https://www.tfrrs.org/results/96148/6006018/SEC_Outdoor_TF_Championships_2026/100-Hurdles,TFRRS all_performances
"Bikembo, Pauline",Florida,SEC,100H,2026,3,,,13.71,seconds,NCAA Division I Outdoor Track & Field Championships,2026-06-10,,,-0.3,Outdoor,https://www.tfrrs.org/results/96875/6005730/NCAA_Division_I_Outdoor_Track__Field_Championships/100-Hurdles,TFRRS all_performances
"Rush, Ella",Georgia,SEC,100H,2026,4,,,14.60,seconds,Hurricane Collegiate Invitational,2026-03-27,,,-1.3,Outdoor,https://www.tfrrs.org/results/96094/5876055/Hurricane_Collegiate_Invitational/100-Hurdles,TFRRS all_performances
"Ziglor, Zoe",Georgia,SEC,100H,2026,1,,,13.87,seconds,Hurricane Collegiate Invitational,2026-03-27,,,0.8,Outdoor,https://www.tfrrs.org/results/96094/5876055/Hurricane_Collegiate_Invitational/100-Hurdles,TFRRS all_performances
"Cooper, Maddi",Georgia,SEC,100H,2026,1,,,13.22,seconds,LSU Battle on the Bayou,2026-04-03,,,2.3,Outdoor,https://www.tfrrs.org/results/93386/5904423/_LSU_Battle_on_the_Bayou/100-Hurdles,TFRRS all_performances
"Cox, Taylor",Georgia,SEC,100H,2026,1,,,13.37,seconds,LSU Battle on the Bayou,2026-04-03,,,2.3,Outdoor,https://www.tfrrs.org/results/93386/5904423/_LSU_Battle_on_the_Bayou/100-Hurdles,TFRRS all_performances
"Ziglor, Zoe",Georgia,SEC,100H,2026,1,,,13.58,seconds,LSU Battle on the Bayou,2026-04-03,,,2.5,Outdoor,https://www.tfrrs.org/results/93386/5904423/_LSU_Battle_on_the_Bayou/100-Hurdles,TFRRS all_performances
"Cooper, Maddi",Georgia,SEC,100H,2026,1,,,13.21,seconds,Spec Towns Invitational,2026-04-09,,,-0.2,Outdoor,https://www.tfrrs.org/results/96380/5924733/Spec_Towns_Invitational/100-Hurdles,TFRRS all_performances
"Cooper, Maddi",Georgia,SEC,100H,2026,1,,,13.43,seconds,Spec Towns Invitational,2026-04-09,,,-1.9,Outdoor,https://www.tfrrs.org/results/96380/5924733/Spec_Towns_Invitational/100-Hurdles,TFRRS all_performances
"Cox, Taylor",Georgia,SEC,100H,2026,1,,,13.23,seconds,Spec Towns Invitational,2026-04-09,,,-0.2,Outdoor,https://www.tfrrs.org/results/96380/5924733/Spec_Towns_Invitational/100-Hurdles,TFRRS all_performances
"Rush, Ella",Georgia,SEC,100H,2026,4,,,13.97,seconds,Spec Towns Invitational,2026-04-09,,,0.2,Outdoor,https://www.tfrrs.org/results/96380/5924778/Spec_Towns_Invitational/100-Hurdles,TFRRS all_performances
"Ziglor, Zoe",Georgia,SEC,100H,2026,1,,,13.52,seconds,Spec Towns Invitational,2026-04-09,,,-0.2,Outdoor,https://www.tfrrs.org/results/96380/5924733/Spec_Towns_Invitational/100-Hurdles,TFRRS all_performances
"Ziglor, Zoe",Georgia,SEC,100H,2026,1,,,13.57,seconds,Spec Towns Invitational,2026-04-09,,,-1.9,Outdoor,https://www.tfrrs.org/results/96380/5924733/Spec_Towns_Invitational/100-Hurdles,TFRRS all_performances
"Cooper, Maddi",Georgia,SEC,100H,2026,1,,,13.15,seconds,Tom Jones Memorial,2026-04-16,,,-0.8,Outdoor,https://www.tfrrs.org/results/96536/5940546/Tom_Jones_Memorial/100-Hurdles,TFRRS all_performances
"Cox, Taylor",Georgia,SEC,100H,2026,1,,,12.95,seconds,Tom Jones Memorial,2026-04-16,,,0.7,Outdoor,https://www.tfrrs.org/results/96536/5940546/Tom_Jones_Memorial/100-Hurdles,TFRRS all_performances
"Cox, Taylor",Georgia,SEC,100H,2026,1,,,13.09,seconds,Tom Jones Memorial,2026-04-16,,,1.0,Outdoor,https://www.tfrrs.org/results/96536/5940546/Tom_Jones_Memorial/100-Hurdles,TFRRS all_performances
"Ziglor, Zoe",Georgia,SEC,100H,2026,1,,,13.22,seconds,Tom Jones Memorial,2026-04-16,,,0.7,Outdoor,https://www.tfrrs.org/results/96536/5940546/Tom_Jones_Memorial/100-Hurdles,TFRRS all_performances
"Cooper, Maddi",Georgia,SEC,100H,2026,1,,,13.22,seconds,Torrin Lawrence Memorial,2026-05-01,,,0.9,Outdoor,https://www.tfrrs.org/results/96742/5983432/Torrin_Lawrence_Memorial/100-Hurdles,TFRRS all_performances
"Cox, Taylor",Georgia,SEC,100H,2026,1,,,13.15,seconds,Torrin Lawrence Memorial,2026-05-01,,,0.9,Outdoor,https://www.tfrrs.org/results/96742/5983432/Torrin_Lawrence_Memorial/100-Hurdles,TFRRS all_performances
"Hampton, Rylee",Georgia,SEC,100H,2026,1,,,13.30,seconds,Torrin Lawrence Memorial,2026-05-01,,,0.9,Outdoor,https://www.tfrrs.org/results/96742/5983432/Torrin_Lawrence_Memorial/100-Hurdles,TFRRS all_performances
"Rush, Ella",Georgia,SEC,100H,2026,4,,,14.02,seconds,Torrin Lawrence Memorial,2026-05-01,,,-0.9,Outdoor,https://www.tfrrs.org/results/96742/5983432/Torrin_Lawrence_Memorial/100-Hurdles,TFRRS all_performances
"Williams, Chelsi",Georgia,SEC,100H,2026,1,,,13.01,seconds,Torrin Lawrence Memorial,2026-05-01,,,0.9,Outdoor,https://www.tfrrs.org/results/96742/5983432/Torrin_Lawrence_Memorial/100-Hurdles,TFRRS all_performances
"Ziglor, Zoe",Georgia,SEC,100H,2026,1,,,12.95,seconds,Torrin Lawrence Memorial,2026-05-01,,,0.9,Outdoor,https://www.tfrrs.org/results/96742/5983432/Torrin_Lawrence_Memorial/100-Hurdles,TFRRS all_performances
"Cooper, Maddi",Georgia,SEC,100H,2026,1,,,13.14,seconds,SEC Outdoor T&F Championships 2026,2026-05-14,,,0.6,Outdoor,https://www.tfrrs.org/results/96148/6006018/SEC_Outdoor_TF_Championships_2026/100-Hurdles,TFRRS all_performances
"Cox, Taylor",Georgia,SEC,100H,2026,1,,,12.81,seconds,SEC Outdoor T&F Championships 2026,2026-05-14,,,0.4,Outdoor,https://www.tfrrs.org/results/96148/6006018/SEC_Outdoor_TF_Championships_2026/100-Hurdles,TFRRS all_performances
"Cox, Taylor",Georgia,SEC,100H,2026,1,,,12.98,seconds,SEC Outdoor T&F Championships 2026,2026-05-14,,,0.6,Outdoor,https://www.tfrrs.org/results/96148/6006018/SEC_Outdoor_TF_Championships_2026/100-Hurdles,TFRRS all_performances
"Hampton, Rylee",Georgia,SEC,100H,2026,1,,,12.92,seconds,SEC Outdoor T&F Championships 2026,2026-05-14,,,0.4,Outdoor,https://www.tfrrs.org/results/96148/6006018/SEC_Outdoor_TF_Championships_2026/100-Hurdles,TFRRS all_performances
"Hampton, Rylee",Georgia,SEC,100H,2026,1,,,13.05,seconds,SEC Outdoor T&F Championships 2026,2026-05-14,,,0.8,Outdoor,https://www.tfrrs.org/results/96148/6006018/SEC_Outdoor_TF_Championships_2026/100-Hurdles,TFRRS all_performances
"Rush, Ella",Georgia,SEC,100H,2026,4,,,13.77,seconds,SEC Outdoor T&F Championships 2026,2026-05-14,,,2.4,Outdoor,https://www.tfrrs.org/results/96148/6006049/SEC_Outdoor_TF_Championships_2026/100-Hurdles,TFRRS all_performances
"Williams, Chelsi",Georgia,SEC,100H,2026,1,,,12.91,seconds,SEC Outdoor T&F Championships 2026,2026-05-14,,,0.6,Outdoor,https://www.tfrrs.org/results/96148/6006018/SEC_Outdoor_TF_Championships_2026/100-Hurdles,TFRRS all_performances
"Williams, Chelsi",Georgia,SEC,100H,2026,1,,,12.99,seconds,SEC Outdoor T&F Championships 2026,2026-05-14,,,0.4,Outdoor,https://www.tfrrs.org/results/96148/6006018/SEC_Outdoor_TF_Championships_2026/100-Hurdles,TFRRS all_performances
"Ziglor, Zoe",Georgia,SEC,100H,2026,1,,,13.05,seconds,SEC Outdoor T&F Championships 2026,2026-05-14,,,0.8,Outdoor,https://www.tfrrs.org/results/96148/6006018/SEC_Outdoor_TF_Championships_2026/100-Hurdles,TFRRS all_performances
"Ziglor, Zoe",Georgia,SEC,100H,2026,1,,,13.19,seconds,SEC Outdoor T&F Championships 2026,2026-05-14,,,0.4,Outdoor,https://www.tfrrs.org/results/96148/6006018/SEC_Outdoor_TF_Championships_2026/100-Hurdles,TFRRS all_performances
"Cooper, Maddi",Georgia,SEC,100H,2026,1,,,12.97,seconds,NCAA Division I East First Rounds,2026-05-27,,,+0.0,Outdoor,https://www.tfrrs.org/results/96716/6004561/NCAA_Division_I_East_First_Rounds/100-Hurdles,TFRRS all_performances
"Cox, Taylor",Georgia,SEC,100H,2026,1,,,12.75,seconds,NCAA Division I East First Rounds,2026-05-27,,,3.0,Outdoor,https://www.tfrrs.org/results/96716/6004561/NCAA_Division_I_East_First_Rounds/100-Hurdles,TFRRS all_performances
"Cox, Taylor",Georgia,SEC,100H,2026,1,,,12.92,seconds,NCAA Division I East First Rounds,2026-05-27,,,+0.0,Outdoor,https://www.tfrrs.org/results/96716/6004561/NCAA_Division_I_East_First_Rounds/100-Hurdles,TFRRS all_performances
"Hampton, Rylee",Georgia,SEC,100H,2026,1,,,34.27,seconds,NCAA Division I East First Rounds,2026-05-27,,,1.0,Outdoor,https://www.tfrrs.org/results/96716/6004561/NCAA_Division_I_East_First_Rounds/100-Hurdles,TFRRS all_performances
"Williams, Chelsi",Georgia,SEC,100H,2026,1,,,14.18,seconds,NCAA Division I East First Rounds,2026-05-27,,,3.0,Outdoor,https://www.tfrrs.org/results/96716/6004561/NCAA_Division_I_East_First_Rounds/100-Hurdles,TFRRS all_performances
"Ziglor, Zoe",Georgia,SEC,100H,2026,1,,,13.13,seconds,NCAA Division I East First Rounds,2026-05-27,,,1.1,Outdoor,https://www.tfrrs.org/results/96716/6004561/NCAA_Division_I_East_First_Rounds/100-Hurdles,TFRRS all_performances
"Ziglor, Zoe",Georgia,SEC,100H,2026,1,,,13.26,seconds,NCAA Division I East First Rounds,2026-05-27,,,+0.0,Outdoor,https://www.tfrrs.org/results/96716/6004561/NCAA_Division_I_East_First_Rounds/100-Hurdles,TFRRS all_performances
"Cox, Taylor",Georgia,SEC,100H,2026,1,,,12.89,seconds,NCAA Division I Outdoor Track & Field Championships,2026-06-10,,,1.2,Outdoor,https://www.tfrrs.org/results/96875/6005713/NCAA_Division_I_Outdoor_Track__Field_Championships/100-Hurdles,TFRRS all_performances
"Rush, Ella",Georgia,SEC,100H,2026,4,,,14.01,seconds,NCAA Division I Outdoor Track & Field Championships,2026-06-10,,,0.3,Outdoor,https://www.tfrrs.org/results/96875/6005730/NCAA_Division_I_Outdoor_Track__Field_Championships/100-Hurdles,TFRRS all_performances
"Beasley, Dahlia",Kentucky,SEC,100H,2026,2,,,15.26,seconds,UCF Black & Gold Challenge,2026-03-20,,,0.8,Outdoor,https://www.tfrrs.org/results/92770/5856936/UCF_Black__Gold_Challenge/100-Hurdles,TFRRS all_performances
"Bentley, Camden",Kentucky,SEC,100H,2026,3,,,13.10,seconds,UCF Black & Gold Challenge,2026-03-20,,,1.8,Outdoor,https://www.tfrrs.org/results/92770/5856936/UCF_Black__Gold_Challenge/100-Hurdles,TFRRS all_performances
"Bentley, Camden",Kentucky,SEC,100H,2026,3,,,13.23,seconds,UCF Black & Gold Challenge,2026-03-20,,,1.9,Outdoor,https://www.tfrrs.org/results/92770/5856936/UCF_Black__Gold_Challenge/100-Hurdles,TFRRS all_performances
"Gunnell, Julia",Kentucky,SEC,100H,2026,3,,,14.14,seconds,UCF Black & Gold Challenge,2026-03-20,,,1.0,Outdoor,https://www.tfrrs.org/results/92770/5856936/UCF_Black__Gold_Challenge/100-Hurdles,TFRRS all_performances
"Omulisia, Rukia Nusra",Kentucky,SEC,100H,2026,2,,,13.25,seconds,UCF Black & Gold Challenge,2026-03-20,,,1.9,Outdoor,https://www.tfrrs.org/results/92770/5856936/UCF_Black__Gold_Challenge/100-Hurdles,TFRRS all_performances
"Omulisia, Rukia Nusra",Kentucky,SEC,100H,2026,2,,,13.64,seconds,UCF Black & Gold Challenge,2026-03-20,,,1.8,Outdoor,https://www.tfrrs.org/results/92770/5856936/UCF_Black__Gold_Challenge/100-Hurdles,TFRRS all_performances
"Beasley, Dahlia",Kentucky,SEC,100H,2026,2,,,14.75,seconds,2026 98th Clyde Littlefield Texas Relays (Univ/College),2026-04-01,,,2.6,Outdoor,https://www.tfrrs.org/results/94985/5911888/2026_98th_Clyde_Littlefield_Texas_Relays_Univ_College/100-Hurdles,TFRRS all_performances
"Bentley, Camden",Kentucky,SEC,100H,2026,3,,,13.12,seconds,2026 98th Clyde Littlefield Texas Relays (Univ/College),2026-04-01,,,-0.7,Outdoor,https://www.tfrrs.org/results/94985/5911812/2026_98th_Clyde_Littlefield_Texas_Relays_Univ_College/100-Hurdles,TFRRS all_performances
"Bentley, Camden",Kentucky,SEC,100H,2026,3,,,13.14,seconds,2026 98th Clyde Littlefield Texas Relays (Univ/College),2026-04-01,,,0.4,Outdoor,https://www.tfrrs.org/results/94985/5911812/2026_98th_Clyde_Littlefield_Texas_Relays_Univ_College/100-Hurdles,TFRRS all_performances
"Gunnell, Julia",Kentucky,SEC,100H,2026,3,,,13.84,seconds,2026 98th Clyde Littlefield Texas Relays (Univ/College),2026-04-01,,,3.0,Outdoor,https://www.tfrrs.org/results/94985/5911888/2026_98th_Clyde_Littlefield_Texas_Relays_Univ_College/100-Hurdles,TFRRS all_performances
"Omulisia, Rukia Nusra",Kentucky,SEC,100H,2026,2,,,13.13,seconds,2026 98th Clyde Littlefield Texas Relays (Univ/College),2026-04-01,,,0.4,Outdoor,https://www.tfrrs.org/results/94985/5911812/2026_98th_Clyde_Littlefield_Texas_Relays_Univ_College/100-Hurdles,TFRRS all_performances
"Omulisia, Rukia Nusra",Kentucky,SEC,100H,2026,2,,,13.18,seconds,2026 98th Clyde Littlefield Texas Relays (Univ/College),2026-04-01,,,1.8,Outdoor,https://www.tfrrs.org/results/94985/5911812/2026_98th_Clyde_Littlefield_Texas_Relays_Univ_College/100-Hurdles,TFRRS all_performances
"Scales, Emmi",Kentucky,SEC,100H,2026,3,,,12.75,seconds,2026 98th Clyde Littlefield Texas Relays (Univ/College),2026-04-01,,,1.3,Outdoor,https://www.tfrrs.org/results/94985/5911812/2026_98th_Clyde_Littlefield_Texas_Relays_Univ_College/100-Hurdles,TFRRS all_performances
"Scales, Emmi",Kentucky,SEC,100H,2026,3,,,12.82,seconds,2026 98th Clyde Littlefield Texas Relays (Univ/College),2026-04-01,,,0.4,Outdoor,https://www.tfrrs.org/results/94985/5911812/2026_98th_Clyde_Littlefield_Texas_Relays_Univ_College/100-Hurdles,TFRRS all_performances
"Beasley, Dahlia",Kentucky,SEC,100H,2026,2,,,14.76,seconds,Tom Jones Memorial,2026-04-16,,,1.4,Outdoor,https://www.tfrrs.org/results/96536/5940616/Tom_Jones_Memorial/100-Hurdles,TFRRS all_performances
"Bentley, Camden",Kentucky,SEC,100H,2026,3,,,13.04,seconds,Tom Jones Memorial,2026-04-16,,,0.7,Outdoor,https://www.tfrrs.org/results/96536/5940546/Tom_Jones_Memorial/100-Hurdles,TFRRS all_performances
"Bentley, Camden",Kentucky,SEC,100H,2026,3,,,13.44,seconds,Tom Jones Memorial,2026-04-16,,,1.0,Outdoor,https://www.tfrrs.org/results/96536/5940546/Tom_Jones_Memorial/100-Hurdles,TFRRS all_performances
"Gunnell, Julia",Kentucky,SEC,100H,2026,3,,,13.87,seconds,Tom Jones Memorial,2026-04-16,,,1.4,Outdoor,https://www.tfrrs.org/results/96536/5940616/Tom_Jones_Memorial/100-Hurdles,TFRRS all_performances
"Omulisia, Rukia Nusra",Kentucky,SEC,100H,2026,2,,,13.15,seconds,Tom Jones Memorial,2026-04-16,,,-1.0,Outdoor,https://www.tfrrs.org/results/96536/5940546/Tom_Jones_Memorial/100-Hurdles,TFRRS all_performances
"Scales, Emmi",Kentucky,SEC,100H,2026,3,,,12.88,seconds,Tom Jones Memorial,2026-04-16,,,1.0,Outdoor,https://www.tfrrs.org/results/96536/5940546/Tom_Jones_Memorial/100-Hurdles,TFRRS all_performances
"Scales, Emmi",Kentucky,SEC,100H,2026,3,,,12.94,seconds,Tom Jones Memorial,2026-04-16,,,-1.0,Outdoor,https://www.tfrrs.org/results/96536/5940546/Tom_Jones_Memorial/100-Hurdles,TFRRS all_performances
"Bentley, Camden",Kentucky,SEC,100H,2026,3,,,12.95,seconds,Jim Green Invitational,2026-05-01,,,0.5,Outdoor,https://www.tfrrs.org/results/96741/5975300/Jim_Green_Invitational/100-Hurdles,TFRRS all_performances
"Bentley, Camden",Kentucky,SEC,100H,2026,3,,,12.97,seconds,Jim Green Invitational,2026-05-01,,,1.8,Outdoor,https://www.tfrrs.org/results/96741/5975300/Jim_Green_Invitational/100-Hurdles,TFRRS all_performances
"Omulisia, Rukia Nusra",Kentucky,SEC,100H,2026,2,,,13.03,seconds,Jim Green Invitational,2026-05-01,,,0.5,Outdoor,https://www.tfrrs.org/results/96741/5975300/Jim_Green_Invitational/100-Hurdles,TFRRS all_performances
"Omulisia, Rukia Nusra",Kentucky,SEC,100H,2026,2,,,13.25,seconds,Jim Green Invitational,2026-05-01,,,1.2,Outdoor,https://www.tfrrs.org/results/96741/5975300/Jim_Green_Invitational/100-Hurdles,TFRRS all_performances
"Scales, Emmi",Kentucky,SEC,100H,2026,3,,,12.68,seconds,Jim Green Invitational,2026-05-01,,,0.5,Outdoor,https://www.tfrrs.org/results/96741/5975300/Jim_Green_Invitational/100-Hurdles,TFRRS all_performances
"Scales, Emmi",Kentucky,SEC,100H,2026,3,,,13.07,seconds,Jim Green Invitational,2026-05-01,,,-0.5,Outdoor,https://www.tfrrs.org/results/96741/5975300/Jim_Green_Invitational/100-Hurdles,TFRRS all_performances
"Beasley, Dahlia",Kentucky,SEC,100H,2026,2,,,14.16,seconds,SEC Outdoor T&F Championships 2026,2026-05-14,,,1.3,Outdoor,https://www.tfrrs.org/results/96148/6006049/SEC_Outdoor_TF_Championships_2026/100-Hurdles,TFRRS all_performances
"Bentley, Camden",Kentucky,SEC,100H,2026,3,,,12.97,seconds,SEC Outdoor T&F Championships 2026,2026-05-14,,,0.4,Outdoor,https://www.tfrrs.org/results/96148/6006018/SEC_Outdoor_TF_Championships_2026/100-Hurdles,TFRRS all_performances
"Bentley, Camden",Kentucky,SEC,100H,2026,3,,,13.01,seconds,SEC Outdoor T&F Championships 2026,2026-05-14,,,0.7,Outdoor,https://www.tfrrs.org/results/96148/6006018/SEC_Outdoor_TF_Championships_2026/100-Hurdles,TFRRS all_performances
"Gunnell, Julia",Kentucky,SEC,100H,2026,3,,,13.75,seconds,SEC Outdoor T&F Championships 2026,2026-05-14,,,2.7,Outdoor,https://www.tfrrs.org/results/96148/6006049/SEC_Outdoor_TF_Championships_2026/100-Hurdles,TFRRS all_performances
"Omulisia, Rukia Nusra",Kentucky,SEC,100H,2026,2,,,13.53,seconds,SEC Outdoor T&F Championships 2026,2026-05-14,,,0.8,Outdoor,https://www.tfrrs.org/results/96148/6006018/SEC_Outdoor_TF_Championships_2026/100-Hurdles,TFRRS all_performances
"Scales, Emmi",Kentucky,SEC,100H,2026,3,,,12.64,seconds,SEC Outdoor T&F Championships 2026,2026-05-14,,,0.4,Outdoor,https://www.tfrrs.org/results/96148/6006018/SEC_Outdoor_TF_Championships_2026/100-Hurdles,TFRRS all_performances
"Scales, Emmi",Kentucky,SEC,100H,2026,3,,,12.73,seconds,SEC Outdoor T&F Championships 2026,2026-05-14,,,0.8,Outdoor,https://www.tfrrs.org/results/96148/6006018/SEC_Outdoor_TF_Championships_2026/100-Hurdles,TFRRS all_performances
"Bentley, Camden",Kentucky,SEC,100H,2026,3,,,12.93,seconds,NCAA Division I East First Rounds,2026-05-27,,,1.0,Outdoor,https://www.tfrrs.org/results/96716/6004561/NCAA_Division_I_East_First_Rounds/100-Hurdles,TFRRS all_performances
"Bentley, Camden",Kentucky,SEC,100H,2026,3,,,12.93,seconds,NCAA Division I East First Rounds,2026-05-27,,,+0.0,Outdoor,https://www.tfrrs.org/results/96716/6004561/NCAA_Division_I_East_First_Rounds/100-Hurdles,TFRRS all_performances
"Omulisia, Rukia Nusra",Kentucky,SEC,100H,2026,2,,,12.88,seconds,NCAA Division I East First Rounds,2026-05-27,,,1.1,Outdoor,https://www.tfrrs.org/results/96716/6004561/NCAA_Division_I_East_First_Rounds/100-Hurdles,TFRRS all_performances
"Omulisia, Rukia Nusra",Kentucky,SEC,100H,2026,2,,,12.96,seconds,NCAA Division I East First Rounds,2026-05-27,,,0.4,Outdoor,https://www.tfrrs.org/results/96716/6004561/NCAA_Division_I_East_First_Rounds/100-Hurdles,TFRRS all_performances
"Scales, Emmi",Kentucky,SEC,100H,2026,3,,,12.69,seconds,NCAA Division I East First Rounds,2026-05-27,,,0.2,Outdoor,https://www.tfrrs.org/results/96716/6004561/NCAA_Division_I_East_First_Rounds/100-Hurdles,TFRRS all_performances
"Scales, Emmi",Kentucky,SEC,100H,2026,3,,,12.69,seconds,NCAA Division I East First Rounds,2026-05-27,,,1.0,Outdoor,https://www.tfrrs.org/results/96716/6004561/NCAA_Division_I_East_First_Rounds/100-Hurdles,TFRRS all_performances
"Bentley, Camden",Kentucky,SEC,100H,2026,3,,,13.10,seconds,NCAA Division I Outdoor Track & Field Championships,2026-06-10,,,1.2,Outdoor,https://www.tfrrs.org/results/96875/6005713/NCAA_Division_I_Outdoor_Track__Field_Championships/100-Hurdles,TFRRS all_performances
"Gunnell, Julia",Kentucky,SEC,100H,2026,3,,,13.69,seconds,NCAA Division I Outdoor Track & Field Championships,2026-06-10,,,0.3,Outdoor,https://www.tfrrs.org/results/96875/6005730/NCAA_Division_I_Outdoor_Track__Field_Championships/100-Hurdles,TFRRS all_performances
"Omulisia, Rukia Nusra",Kentucky,SEC,100H,2026,2,,,12.99,seconds,NCAA Division I Outdoor Track & Field Championships,2026-06-10,,,1.5,Outdoor,https://www.tfrrs.org/results/96875/6005713/NCAA_Division_I_Outdoor_Track__Field_Championships/100-Hurdles,TFRRS all_performances
"Scales, Emmi",Kentucky,SEC,100H,2026,3,,,12.72,seconds,NCAA Division I Outdoor Track & Field Championships,2026-06-10,,,1.5,Outdoor,https://www.tfrrs.org/results/96875/6005713/NCAA_Division_I_Outdoor_Track__Field_Championships/100-Hurdles,TFRRS all_performances
"Hamilton, Joslyn",South Carolina,SEC,100H,2026,2,,,13.88,seconds,Raleigh Relays,2026-03-26,,,-0.4,Outdoor,https://www.tfrrs.org/results/94354/5877105/Raleigh_Relays/100-Hurdles,TFRRS all_performances
"Harrington-Spain, Kyndall",South Carolina,SEC,100H,2026,1,,,13.93,seconds,Raleigh Relays,2026-03-26,,,-0.4,Outdoor,https://www.tfrrs.org/results/94354/5877105/Raleigh_Relays/100-Hurdles,TFRRS all_performances
"Garrett, Akala",South Carolina,SEC,100H,2026,3,,,13.17,seconds,2026 Pepsi Florida Relays,2026-04-03,,,-0.2,Outdoor,https://www.tfrrs.org/results/95329/6002532/2026_Pepsi_Florida_Relays/100-Hurdles,TFRRS all_performances
"Hamilton, Joslyn",South Carolina,SEC,100H,2026,2,,,13.20,seconds,2026 Pepsi Florida Relays,2026-04-03,,,0.3,Outdoor,https://www.tfrrs.org/results/95329/6002532/2026_Pepsi_Florida_Relays/100-Hurdles,TFRRS all_performances
"Hamilton, Joslyn",South Carolina,SEC,100H,2026,2,,,13.49,seconds,2026 Pepsi Florida Relays,2026-04-03,,,-1.2,Outdoor,https://www.tfrrs.org/results/95329/6002532/2026_Pepsi_Florida_Relays/100-Hurdles,TFRRS all_performances
"Harrington-Spain, Kyndall",South Carolina,SEC,100H,2026,1,,,13.48,seconds,2026 Pepsi Florida Relays,2026-04-03,,,0.3,Outdoor,https://www.tfrrs.org/results/95329/6002532/2026_Pepsi_Florida_Relays/100-Hurdles,TFRRS all_performances
"Harrington-Spain, Kyndall",South Carolina,SEC,100H,2026,1,,,13.55,seconds,2026 Pepsi Florida Relays,2026-04-03,,,-0.2,Outdoor,https://www.tfrrs.org/results/95329/6002532/2026_Pepsi_Florida_Relays/100-Hurdles,TFRRS all_performances
"Garrett, Akala",South Carolina,SEC,100H,2026,3,,,13.21,seconds,Tom Jones Memorial,2026-04-16,,,3.0,Outdoor,https://www.tfrrs.org/results/96536/5940546/Tom_Jones_Memorial/100-Hurdles,TFRRS all_performances
"Hamilton, Joslyn",South Carolina,SEC,100H,2026,2,,,12.93,seconds,Tom Jones Memorial,2026-04-16,,,1.0,Outdoor,https://www.tfrrs.org/results/96536/5940546/Tom_Jones_Memorial/100-Hurdles,TFRRS all_performances
"Hamilton, Joslyn",South Carolina,SEC,100H,2026,2,,,12.94,seconds,Tom Jones Memorial,2026-04-16,,,3.0,Outdoor,https://www.tfrrs.org/results/96536/5940546/Tom_Jones_Memorial/100-Hurdles,TFRRS all_performances
"Harrington-Spain, Kyndall",South Carolina,SEC,100H,2026,1,,,13.26,seconds,Tom Jones Memorial,2026-04-16,,,3.0,Outdoor,https://www.tfrrs.org/results/96536/5940546/Tom_Jones_Memorial/100-Hurdles,TFRRS all_performances
"Hamilton, Joslyn",South Carolina,SEC,100H,2026,2,,,13.10,seconds,2026 Tiger Track Classic,2026-04-25,,,1.1,Outdoor,https://www.tfrrs.org/results/95835/5958611/2026_Tiger_Track_Classic/100-Hurdles,TFRRS all_performances
"Harrington-Spain, Kyndall",South Carolina,SEC,100H,2026,1,,,13.34,seconds,2026 Tiger Track Classic,2026-04-25,,,1.1,Outdoor,https://www.tfrrs.org/results/95835/5958611/2026_Tiger_Track_Classic/100-Hurdles,TFRRS all_performances
"Garrett, Akala",South Carolina,SEC,100H,2026,3,,,13.06,seconds,2026 East Coast Relays,2026-05-01,,,1.4,Outdoor,https://www.tfrrs.org/results/93606/5982313/2026_East_Coast_Relays/100-Hurdles,TFRRS all_performances
"Garrett, Akala",South Carolina,SEC,100H,2026,3,,,13.17,seconds,2026 East Coast Relays,2026-05-01,,,-0.8,Outdoor,https://www.tfrrs.org/results/93606/5982313/2026_East_Coast_Relays/100-Hurdles,TFRRS all_performances
"Hamilton, Joslyn",South Carolina,SEC,100H,2026,2,,,12.91,seconds,2026 East Coast Relays,2026-05-01,,,1.4,Outdoor,https://www.tfrrs.org/results/93606/5982313/2026_East_Coast_Relays/100-Hurdles,TFRRS all_performances
"Hamilton, Joslyn",South Carolina,SEC,100H,2026,2,,,13.23,seconds,2026 East Coast Relays,2026-05-01,,,-0.8,Outdoor,https://www.tfrrs.org/results/93606/5982313/2026_East_Coast_Relays/100-Hurdles,TFRRS all_performances
"Harrington-Spain, Kyndall",South Carolina,SEC,100H,2026,1,,,13.20,seconds,2026 East Coast Relays,2026-05-01,,,1.4,Outdoor,https://www.tfrrs.org/results/93606/5982313/2026_East_Coast_Relays/100-Hurdles,TFRRS all_performances
"Harrington-Spain, Kyndall",South Carolina,SEC,100H,2026,1,,,13.37,seconds,2026 East Coast Relays,2026-05-01,,,1.1,Outdoor,https://www.tfrrs.org/results/93606/5982313/2026_East_Coast_Relays/100-Hurdles,TFRRS all_performances
"Garrett, Akala",South Carolina,SEC,100H,2026,3,,,13.06,seconds,SEC Outdoor T&F Championships 2026,2026-05-14,,,0.8,Outdoor,https://www.tfrrs.org/results/96148/6006018/SEC_Outdoor_TF_Championships_2026/100-Hurdles,TFRRS all_performances
"Hamilton, Joslyn",South Carolina,SEC,100H,2026,2,,,13.04,seconds,SEC Outdoor T&F Championships 2026,2026-05-14,,,0.6,Outdoor,https://www.tfrrs.org/results/96148/6006018/SEC_Outdoor_TF_Championships_2026/100-Hurdles,TFRRS all_performances
"Hamilton, Joslyn",South Carolina,SEC,100H,2026,2,,,13.14,seconds,SEC Outdoor T&F Championships 2026,2026-05-14,,,0.4,Outdoor,https://www.tfrrs.org/results/96148/6006018/SEC_Outdoor_TF_Championships_2026/100-Hurdles,TFRRS all_performances
"Harrington-Spain, Kyndall",South Carolina,SEC,100H,2026,1,,,13.59,seconds,SEC Outdoor T&F Championships 2026,2026-05-14,,,0.7,Outdoor,https://www.tfrrs.org/results/96148/6006018/SEC_Outdoor_TF_Championships_2026/100-Hurdles,TFRRS all_performances
"Hamilton, Joslyn",South Carolina,SEC,100H,2026,2,,,12.98,seconds,NCAA Division I East First Rounds,2026-05-27,,,1.1,Outdoor,https://www.tfrrs.org/results/96716/6004561/NCAA_Division_I_East_First_Rounds/100-Hurdles,TFRRS all_performances
"Hamilton, Joslyn",South Carolina,SEC,100H,2026,2,,,13.07,seconds,NCAA Division I East First Rounds,2026-05-27,,,0.2,Outdoor,https://www.tfrrs.org/results/96716/6004561/NCAA_Division_I_East_First_Rounds/100-Hurdles,TFRRS all_performances
"Hamilton, Joslyn",South Carolina,SEC,100H,2026,2,,,12.94,seconds,NCAA Division I Outdoor Track & Field Championships,2026-06-10,,,1.5,Outdoor,https://www.tfrrs.org/results/96875/6005713/NCAA_Division_I_Outdoor_Track__Field_Championships/100-Hurdles,TFRRS all_performances
