athlete,school,conference,event,season,class_year,birth_date,age_at_meet,performance,unit,meet,meet_date,round,place,wind,indoor_outdoor,source_url,data_status
"Robinson, Torie",Clemson,ACC,400H,2016,2,,,1:01.47,s,Alan Connie Shamrock Invitational,2016-03-17,,,,Outdoor,https://www.tfrrs.org/results/42962/2717464/Alan_Connie_Shamrock_Invitational/400-Hurdles,TFRRS all_performances
"Thomas, Markeeta",Clemson,ACC,400H,2016,1,,,59.49,s,Alan Connie Shamrock Invitational,2016-03-17,,,,Outdoor,https://www.tfrrs.org/results/42962/2717464/Alan_Connie_Shamrock_Invitational/400-Hurdles,TFRRS all_performances
"Robinson, Torie",Clemson,ACC,400H,2016,2,,,1:01.08,s,Georgia Tech Yellow Jacket Invitational,2016-03-25,,,,Outdoor,https://www.tfrrs.org/results/44155/2737352/Georgia_Tech_Yellow_Jacket_Invitational/400-Hurdles,TFRRS all_performances
"Thomas, Markeeta",Clemson,ACC,400H,2016,1,,,59.66,s,Georgia Tech Yellow Jacket Invitational,2016-03-25,,,,Outdoor,https://www.tfrrs.org/results/44155/2737352/Georgia_Tech_Yellow_Jacket_Invitational/400-Hurdles,TFRRS all_performances
"Robinson, Torie",Clemson,ACC,400H,2016,2,,,1:04.65,s,2016 Nike Clyde Littlefield Texas Relays,2016-03-30,,,,Outdoor,https://www.tfrrs.org/results/43409/2758976/2016_Nike_Clyde_Littlefield_Texas_Relays/400-Hurdles,TFRRS all_performances
"Thomas, Markeeta",Clemson,ACC,400H,2016,1,,,1:00.17,s,2016 Nike Clyde Littlefield Texas Relays,2016-03-30,,,,Outdoor,https://www.tfrrs.org/results/43409/2758976/2016_Nike_Clyde_Littlefield_Texas_Relays/400-Hurdles,TFRRS all_performances
"Robinson, Torie",Clemson,ACC,400H,2016,2,,,1:02.13,s,LSU Alumni Gold,2016-04-23,,,,Outdoor,https://www.tfrrs.org/results/41857/2824988/LSU_Alumni_Gold/400-Hurdles,TFRRS all_performances
"Thomas, Markeeta",Clemson,ACC,400H,2016,1,,,59.31,s,LSU Alumni Gold,2016-04-23,,,,Outdoor,https://www.tfrrs.org/results/41857/2824965/LSU_Alumni_Gold/400-Hurdles,TFRRS all_performances
"Robinson, Torie",Clemson,ACC,400H,2016,2,,,1:02.07,s,Penn Relays,2016-04-28,,,,Outdoor,https://www.tfrrs.org/results/46385/2848606/Penn_Relays/400-Hurdles,TFRRS all_performances
"Thomas, Markeeta",Clemson,ACC,400H,2016,1,,,1:00.68,s,Penn Relays,2016-04-28,,,,Outdoor,https://www.tfrrs.org/results/46385/2848606/Penn_Relays/400-Hurdles,TFRRS all_performances
"Robinson, Torie",Clemson,ACC,400H,2016,2,,,1:00.63,s,ACC Championships,2016-05-13,,,,Outdoor,https://www.tfrrs.org/results/46634/2876412/ACC_Championships/400-Hurdles,TFRRS all_performances
"Thomas, Markeeta",Clemson,ACC,400H,2016,1,,,1:00.07,s,ACC Championships,2016-05-13,,,,Outdoor,https://www.tfrrs.org/results/46634/2876412/ACC_Championships/400-Hurdles,TFRRS all_performances
"Thomas, Markeeta",Clemson,ACC,400H,2016,1,,,1:00.22,s,ACC Championships,2016-05-13,,,,Outdoor,https://www.tfrrs.org/results/46634/2876412/ACC_Championships/400-Hurdles,TFRRS all_performances
"Thomas, Markeeta",Clemson,ACC,400H,2016,1,,,1:00.67,s,NCAA Division I - East Preliminary Round,2016-05-26,,,,Outdoor,https://www.tfrrs.org/results/46682/2882912/NCAA_Division_I_-_East_Preliminary_Round/400-Hurdles,TFRRS all_performances
"Thomas, Markeeta",Clemson,ACC,400H,2016,1,,,58.69,s,NCAA Division I - East Preliminary Round,2016-05-26,,,,Outdoor,https://www.tfrrs.org/results/46682/2882912/NCAA_Division_I_-_East_Preliminary_Round/400-Hurdles,TFRRS all_performances
"Lowe, India",Duke,ACC,400H,2016,1,,,1:04.67,s,Raleigh Relays,2016-03-25,,,,Outdoor,https://www.tfrrs.org/results/44884/2738548/Raleigh_Relays/400-Hurdles,TFRRS all_performances
"Maslowski, Teddi",Duke,ACC,400H,2016,4,,,1:00.71,s,Raleigh Relays,2016-03-25,,,,Outdoor,https://www.tfrrs.org/results/44884/2738548/Raleigh_Relays/400-Hurdles,TFRRS all_performances
"Lowe, India",Duke,ACC,400H,2016,1,,,1:02.30,s,Battle of the Blues,2016-04-01,,,,Outdoor,https://www.tfrrs.org/results/45230/2758781/Battle_of_the_Blues/400-Hurdles,TFRRS all_performances
"Lowe, India",Duke,ACC,400H,2016,1,,,1:04.22,s,Spec Towns Invitational 2016,2016-04-08,,,,Outdoor,https://www.tfrrs.org/results/42363/2780589/Spec_Towns_Invitational_2016/400-Hurdles,TFRRS all_performances
"Maslowski, Teddi",Duke,ACC,400H,2016,4,,,1:00.62,s,Spec Towns Invitational 2016,2016-04-08,,,,Outdoor,https://www.tfrrs.org/results/42363/2780589/Spec_Towns_Invitational_2016/400-Hurdles,TFRRS all_performances
"Lowe, India",Duke,ACC,400H,2016,1,,,1:04.31,s,Duke Invitational,2016-04-22,,,,Outdoor,https://www.tfrrs.org/results/46101/2826776/Duke_Invitational/400-Hurdles,TFRRS all_performances
"Maslowski, Teddi",Duke,ACC,400H,2016,4,,,59.44,s,Duke Invitational,2016-04-22,,,,Outdoor,https://www.tfrrs.org/results/46101/2826776/Duke_Invitational/400-Hurdles,TFRRS all_performances
"Lowe, India",Duke,ACC,400H,2016,1,,,1:03.16,s,ACC Championships,2016-05-13,,,,Outdoor,https://www.tfrrs.org/results/46634/2876412/ACC_Championships/400-Hurdles,TFRRS all_performances
"Maslowski, Teddi",Duke,ACC,400H,2016,4,,,59.99,s,NCAA Division I - East Preliminary Round,2016-05-26,,,,Outdoor,https://www.tfrrs.org/results/46682/2882912/NCAA_Division_I_-_East_Preliminary_Round/400-Hurdles,TFRRS all_performances
"Labrie-Smith, Hannah",Stanford,ACC,400H,2016,1,,,1:01.43,s,Sacramento State Hornet Invitational,2016-03-18,,,,Outdoor,https://www.tfrrs.org/results/43564/2719315/Sacramento_State_Hornet_Invitational/400-Hurdles,TFRRS all_performances
"Labrie-Smith, Hannah",Stanford,ACC,400H,2016,1,,,1:00.74,s,Stanford Invitational,2016-04-01,,,,Outdoor,https://www.tfrrs.org/results/45256/2762421/Stanford_Invitational/400-Hurdles,TFRRS all_performances
"Lewis, Amber",Stanford,ACC,400H,2016,2,,,1:02.88,s,Stanford Invitational,2016-04-01,,,,Outdoor,https://www.tfrrs.org/results/45256/2762421/Stanford_Invitational/400-Hurdles,TFRRS all_performances
"Labrie-Smith, Hannah",Stanford,ACC,400H,2016,1,,,59.71,s,The Big Meet -Cal vs. Stanford,2016-04-09,,,,Outdoor,https://www.tfrrs.org/results/45589/2781810/The_Big_Meet_-Cal_vs_Stanford/400-Hurdles,TFRRS all_performances
"Lewis, Amber",Stanford,ACC,400H,2016,2,,,1:03.84,s,The Big Meet -Cal vs. Stanford,2016-04-09,,,,Outdoor,https://www.tfrrs.org/results/45589/2781810/The_Big_Meet_-Cal_vs_Stanford/400-Hurdles,TFRRS all_performances
"Labrie-Smith, Hannah",Stanford,ACC,400H,2016,1,,,59.67,s,Michael Johnson Classic,2016-04-23,,,,Outdoor,https://www.tfrrs.org/results/45651/2827016/Michael_Johnson_Classic/400-Hurdles,TFRRS all_performances
"Lewis, Amber",Stanford,ACC,400H,2016,2,,,1:02.17,s,Brutus Hamilton Challenge,2016-04-23,,,,Outdoor,https://www.tfrrs.org/results/46107/2827636/Brutus_Hamilton_Challenge/400-Hurdles,TFRRS all_performances
"Lewis, Amber",Stanford,ACC,400H,2016,2,,,1:01.47,s,Payton Jordan Invitational,2016-05-01,,,,Outdoor,https://www.tfrrs.org/results/46369/2847772/Payton_Jordan_Invitational/400-Hurdles,TFRRS all_performances
"Labrie-Smith, Hannah",Stanford,ACC,400H,2016,1,,,1:00.89,s,Pac-12 Outdoor Track & Field Championships,2016-05-14,,,,Outdoor,https://www.tfrrs.org/results/45708/2877263/Pac-12_Outdoor_Track__Field_Championships/400-Hurdles,TFRRS all_performances
"Smith, Heather",Virginia,ACC,400H,2016,3,,,59.41,s,2016 Fred Hardy Invitational,2016-03-25,,,,Outdoor,https://www.tfrrs.org/results/42673/2737932/2016_Fred_Hardy_Invitational/400-Hurdles,TFRRS all_performances
"Naibe-Wey, Aisha",Virginia,ACC,400H,2016,4,,,1:00.37,s,Florida Relays,2016-03-31,,,,Outdoor,https://www.tfrrs.org/results/43368/2772321/Florida_Relays/400-Hurdles,TFRRS all_performances
"Smith, Heather",Virginia,ACC,400H,2016,3,,,59.87,s,Florida Relays,2016-03-31,,,,Outdoor,https://www.tfrrs.org/results/43368/2772321/Florida_Relays/400-Hurdles,TFRRS all_performances
"Naibe-Wey, Aisha",Virginia,ACC,400H,2016,4,,,59.51,s,Virginia Quad Meet,2016-04-08,,,,Outdoor,https://www.tfrrs.org/results/45572/2778506/Virginia_Quad_Meet/400-Hurdles,TFRRS all_performances
"Naibe-Wey, Aisha",Virginia,ACC,400H,2016,4,,,59.45,s,Virginia Challenge,2016-04-22,,,,Outdoor,https://www.tfrrs.org/results/46108/2827856/Virginia_Challenge/400-Hurdles,TFRRS all_performances
"Smith, Heather",Virginia,ACC,400H,2016,3,,,1:01.50,s,Virginia Challenge,2016-04-22,,,,Outdoor,https://www.tfrrs.org/results/46108/2827856/Virginia_Challenge/400-Hurdles,TFRRS all_performances
"Sullivan, Holly",Virginia,ACC,400H,2016,2,,,1:02.89,s,Virginia Challenge,2016-04-22,,,,Outdoor,https://www.tfrrs.org/results/46108/2827856/Virginia_Challenge/400-Hurdles,TFRRS all_performances
"Sullivan, Holly",Virginia,ACC,400H,2016,2,,,1:02.91,s,Radford University Highlander Invitational,2016-04-29,,,,Outdoor,https://www.tfrrs.org/results/45701/2843206/Radford_University_Highlander_Invitational/400-Hurdles,TFRRS all_performances
"Naibe-Wey, Aisha",Virginia,ACC,400H,2016,4,,,57.84,s,ACC Championships,2016-05-13,,,,Outdoor,https://www.tfrrs.org/results/46634/2876412/ACC_Championships/400-Hurdles,TFRRS all_performances
"Naibe-Wey, Aisha",Virginia,ACC,400H,2016,4,,,58.87,s,ACC Championships,2016-05-13,,,,Outdoor,https://www.tfrrs.org/results/46634/2876412/ACC_Championships/400-Hurdles,TFRRS all_performances
"Smith, Heather",Virginia,ACC,400H,2016,3,,,58.17,s,ACC Championships,2016-05-13,,,,Outdoor,https://www.tfrrs.org/results/46634/2876412/ACC_Championships/400-Hurdles,TFRRS all_performances
"Smith, Heather",Virginia,ACC,400H,2016,3,,,59.18,s,ACC Championships,2016-05-13,,,,Outdoor,https://www.tfrrs.org/results/46634/2876412/ACC_Championships/400-Hurdles,TFRRS all_performances
"Sullivan, Holly",Virginia,ACC,400H,2016,2,,,1:03.17,s,ACC Championships,2016-05-13,,,,Outdoor,https://www.tfrrs.org/results/46634/2876412/ACC_Championships/400-Hurdles,TFRRS all_performances
"Naibe-Wey, Aisha",Virginia,ACC,400H,2016,4,,,1:04.69,s,NCAA Division I - East Preliminary Round,2016-05-26,,,,Outdoor,https://www.tfrrs.org/results/46682/2882912/NCAA_Division_I_-_East_Preliminary_Round/400-Hurdles,TFRRS all_performances
"Smith, Heather",Virginia,ACC,400H,2016,3,,,59.98,s,NCAA Division I - East Preliminary Round,2016-05-26,,,,Outdoor,https://www.tfrrs.org/results/46682/2882912/NCAA_Division_I_-_East_Preliminary_Round/400-Hurdles,TFRRS all_performances
"Struble, Morgan",Arizona,Big 12,400H,2016,4,,,59.95,seconds,Willie Williams Classic,2016-03-18,,,,Outdoor,https://www.tfrrs.org/results/43804/2718911/Willie_Williams_Classic/400-Hurdles,TFRRS all_performances
"Hailey, Nnenya",Arizona,Big 12,400H,2016,4,,,59.64,seconds,Jim Bush Collegiate Invitational,2016-03-22,,,,Outdoor,https://www.tfrrs.org/results/43380/2728639/Jim_Bush_Collegiate_Invitational/400-Hurdles,TFRRS all_performances
"Struble, Morgan",Arizona,Big 12,400H,2016,4,,,1:01.13,seconds,Jim Bush Collegiate Invitational,2016-03-22,,,,Outdoor,https://www.tfrrs.org/results/43380/2728639/Jim_Bush_Collegiate_Invitational/400-Hurdles,TFRRS all_performances
"Watson, Sage",Arizona,Big 12,400H,2016,3,,,58.44,seconds,Jim Bush Collegiate Invitational,2016-03-22,,,,Outdoor,https://www.tfrrs.org/results/43380/2728639/Jim_Bush_Collegiate_Invitational/400-Hurdles,TFRRS all_performances
"Hailey, Nnenya",Arizona,Big 12,400H,2016,4,,,55.97,seconds,Jim Click Shootout,2016-04-09,,,,Outdoor,https://www.tfrrs.org/results/44804/2781497/Jim_Click_Shootout/400-Hurdles,TFRRS all_performances
"Struble, Morgan",Arizona,Big 12,400H,2016,4,,,59.57,seconds,Jim Click Shootout,2016-04-09,,,,Outdoor,https://www.tfrrs.org/results/44804/2781497/Jim_Click_Shootout/400-Hurdles,TFRRS all_performances
"Watson, Sage",Arizona,Big 12,400H,2016,3,,,55.45,seconds,Jim Click Shootout,2016-04-09,,,,Outdoor,https://www.tfrrs.org/results/44804/2781497/Jim_Click_Shootout/400-Hurdles,TFRRS all_performances
"Bonds, Tiana",Arizona,Big 12,400H,2016,2,,,1:03.86,seconds,LSU Alumni Gold,2016-04-23,,,,Outdoor,https://www.tfrrs.org/results/41857/2824988/LSU_Alumni_Gold/400-Hurdles,TFRRS all_performances
"Hailey, Nnenya",Arizona,Big 12,400H,2016,4,,,54.98,seconds,LSU Alumni Gold,2016-04-23,,,,Outdoor,https://www.tfrrs.org/results/41857/2824965/LSU_Alumni_Gold/400-Hurdles,TFRRS all_performances
"Struble, Morgan",Arizona,Big 12,400H,2016,4,,,59.54,seconds,LSU Alumni Gold,2016-04-23,,,,Outdoor,https://www.tfrrs.org/results/41857/2824988/LSU_Alumni_Gold/400-Hurdles,TFRRS all_performances
"Bonds, Tiana",Arizona,Big 12,400H,2016,2,,,1:02.05,seconds,2016 Duel in the Desert,2016-04-30,,,,Outdoor,https://www.tfrrs.org/results/45969/2845935/2016_Duel_in_the_Desert/400-Hurdles,TFRRS all_performances
"Struble, Morgan",Arizona,Big 12,400H,2016,4,,,59.50,seconds,2016 Duel in the Desert,2016-04-30,,,,Outdoor,https://www.tfrrs.org/results/45969/2845935/2016_Duel_in_the_Desert/400-Hurdles,TFRRS all_performances
"Bonds, Tiana",Arizona,Big 12,400H,2016,2,,,1:03.48,seconds,Pac-12 Outdoor Track & Field Championships,2016-05-14,,,,Outdoor,https://www.tfrrs.org/results/45708/2877263/Pac-12_Outdoor_Track__Field_Championships/400-Hurdles,TFRRS all_performances
"Hailey, Nnenya",Arizona,Big 12,400H,2016,4,,,55.83,seconds,Pac-12 Outdoor Track & Field Championships,2016-05-14,,,,Outdoor,https://www.tfrrs.org/results/45708/2877263/Pac-12_Outdoor_Track__Field_Championships/400-Hurdles,TFRRS all_performances
"Hailey, Nnenya",Arizona,Big 12,400H,2016,4,,,56.35,seconds,Pac-12 Outdoor Track & Field Championships,2016-05-14,,,,Outdoor,https://www.tfrrs.org/results/45708/2877263/Pac-12_Outdoor_Track__Field_Championships/400-Hurdles,TFRRS all_performances
"Struble, Morgan",Arizona,Big 12,400H,2016,4,,,1:00.17,seconds,Pac-12 Outdoor Track & Field Championships,2016-05-14,,,,Outdoor,https://www.tfrrs.org/results/45708/2877263/Pac-12_Outdoor_Track__Field_Championships/400-Hurdles,TFRRS all_performances
"Struble, Morgan",Arizona,Big 12,400H,2016,4,,,1:00.72,seconds,Pac-12 Outdoor Track & Field Championships,2016-05-14,,,,Outdoor,https://www.tfrrs.org/results/45708/2877263/Pac-12_Outdoor_Track__Field_Championships/400-Hurdles,TFRRS all_performances
"Watson, Sage",Arizona,Big 12,400H,2016,3,,,55.53,seconds,Pac-12 Outdoor Track & Field Championships,2016-05-14,,,,Outdoor,https://www.tfrrs.org/results/45708/2877263/Pac-12_Outdoor_Track__Field_Championships/400-Hurdles,TFRRS all_performances
"Watson, Sage",Arizona,Big 12,400H,2016,3,,,57.74,seconds,Pac-12 Outdoor Track & Field Championships,2016-05-14,,,,Outdoor,https://www.tfrrs.org/results/45708/2877263/Pac-12_Outdoor_Track__Field_Championships/400-Hurdles,TFRRS all_performances
"Watson, Sage",Arizona,Big 12,400H,2016,3,,,57.08,seconds,NCAA Division I - West Preliminary Round,2016-05-26,,,,Outdoor,https://www.tfrrs.org/results/46681/2882643/NCAA_Division_I_-_West_Preliminary_Round/400-Hurdles,TFRRS all_performances
"Watson, Sage",Arizona,Big 12,400H,2016,3,,,54.85,seconds,NCAA Division I Track & Field Championships,2016-06-08,,,,Outdoor,https://www.tfrrs.org/results/46699/2884162/NCAA_Division_I_Track__Field_Championships/400-Hurdles,TFRRS all_performances
"Watson, Sage",Arizona,Big 12,400H,2016,3,,,55.80,seconds,NCAA Division I Track & Field Championships,2016-06-08,,,,Outdoor,https://www.tfrrs.org/results/46699/2884162/NCAA_Division_I_Track__Field_Championships/400-Hurdles,TFRRS all_performances
"Monteverde-Dalton, Alyssa",BYU,Big 12,400H,2016,3,,,1:02.00,seconds,2016 Nike Clyde Littlefield Texas Relays,2016-03-30,,,,Outdoor,https://www.tfrrs.org/results/43409/2758976/2016_Nike_Clyde_Littlefield_Texas_Relays/400-Hurdles,TFRRS all_performances
"Packham, Kaylee",BYU,Big 12,400H,2016,4,,,59.29,seconds,2016 Nike Clyde Littlefield Texas Relays,2016-03-30,,,,Outdoor,https://www.tfrrs.org/results/43409/2758976/2016_Nike_Clyde_Littlefield_Texas_Relays/400-Hurdles,TFRRS all_performances
"Gunnerson, Kaitlyn",BYU,Big 12,400H,2016,1,,,1:03.10,seconds,2016 UVU Collegiate Invite,2016-04-01,,,,Outdoor,https://www.tfrrs.org/results/45215/2762349/2016_UVU_Collegiate_Invite/400-Hurdles,TFRRS all_performances
"Hatfield, Sarah",BYU,Big 12,400H,2016,1,,,1:03.76,seconds,2016 UVU Collegiate Invite,2016-04-01,,,,Outdoor,https://www.tfrrs.org/results/45215/2762349/2016_UVU_Collegiate_Invite/400-Hurdles,TFRRS all_performances
"Amadu, Friddaus",BYU,Big 12,400H,2016,1,,,1:03.52,seconds,Utah Spring Classic,2016-04-08,,,,Outdoor,https://www.tfrrs.org/results/45576/2779075/Utah_Spring_Classic/400-Hurdles,TFRRS all_performances
"Gunnerson, Kaitlyn",BYU,Big 12,400H,2016,1,,,1:03.75,seconds,37th Annual Sun Angel Classic,2016-04-08,,,,Outdoor,https://www.tfrrs.org/results/45599/2783384/37th_Annual_Sun_Angel_Classic/400-Hurdles,TFRRS all_performances
"Gunnerson, Kaitlyn",BYU,Big 12,400H,2016,1,,,1:04.03,seconds,2016 Mesa Classic,2016-04-08,,,,Outdoor,https://www.tfrrs.org/results/43672/2782411/2016_Mesa_Classic/400-Hurdles,TFRRS all_performances
"Hatfield, Sarah",BYU,Big 12,400H,2016,1,,,1:05.75,seconds,Utah Spring Classic,2016-04-08,,,,Outdoor,https://www.tfrrs.org/results/45576/2779075/Utah_Spring_Classic/400-Hurdles,TFRRS all_performances
"Packham, Kaylee",BYU,Big 12,400H,2016,4,,,58.65,seconds,37th Annual Sun Angel Classic,2016-04-08,,,,Outdoor,https://www.tfrrs.org/results/45599/2783384/37th_Annual_Sun_Angel_Classic/400-Hurdles,TFRRS all_performances
"Gunnerson, Kaitlyn",BYU,Big 12,400H,2016,1,,,1:02.25,seconds,2016 BYU Robison Invitational,2016-04-21,,,,Outdoor,https://www.tfrrs.org/results/46095/2832477/2016_BYU_Robison_Invitational/400-Hurdles,TFRRS all_performances
"Hatfield, Sarah",BYU,Big 12,400H,2016,1,,,1:06.74,seconds,2016 BYU Robison Invitational,2016-04-21,,,,Outdoor,https://www.tfrrs.org/results/46095/2832477/2016_BYU_Robison_Invitational/400-Hurdles,TFRRS all_performances
"Packham, Kaylee",BYU,Big 12,400H,2016,4,,,1:01.83,seconds,2016 BYU Robison Invitational,2016-04-21,,,,Outdoor,https://www.tfrrs.org/results/46095/2832477/2016_BYU_Robison_Invitational/400-Hurdles,TFRRS all_performances
"Packham, Kaylee",BYU,Big 12,400H,2016,4,,,1:00.94,seconds,Penn Relays,2016-04-28,,,,Outdoor,https://www.tfrrs.org/results/46385/2848606/Penn_Relays/400-Hurdles,TFRRS all_performances
"Gunnerson, Kaitlyn",BYU,Big 12,400H,2016,1,,,1:02.99,seconds,Border Clash 2016,2016-04-29,,,,Outdoor,https://www.tfrrs.org/results/44123/2847305/Border_Clash_2016/400-Hurdles,TFRRS all_performances
"Gunnerson, Kaitlyn",BYU,Big 12,400H,2016,1,,,1:01.78,seconds,2016 Oxy Invitational (College/University),2016-05-07,,,,Outdoor,https://www.tfrrs.org/results/41646/2864477/2016_Oxy_Invitational_College_University/400-Hurdles,TFRRS all_performances
"Gunnerson, Kaitlyn",BYU,Big 12,400H,2016,1,,,1:02.56,seconds,2016 BYU Cougar Invitational,2016-05-12,,,,Outdoor,https://www.tfrrs.org/results/46609/2872738/2016_BYU_Cougar_Invitational/400-Hurdles,TFRRS all_performances
"Packham, Kaylee",BYU,Big 12,400H,2016,4,,,59.10,seconds,2016 BYU Cougar Invitational,2016-05-12,,,,Outdoor,https://www.tfrrs.org/results/46609/2872738/2016_BYU_Cougar_Invitational/400-Hurdles,TFRRS all_performances
"Packham, Kaylee",BYU,Big 12,400H,2016,4,,,1:01.55,seconds,NCAA Division I - West Preliminary Round,2016-05-26,,,,Outdoor,https://www.tfrrs.org/results/46681/2882643/NCAA_Division_I_-_West_Preliminary_Round/400-Hurdles,TFRRS all_performances
"Hawn, Kiana",Baylor,Big 12,400H,2016,2,,,59.32,seconds,TCU Invitational,2016-03-17,,,,Outdoor,https://www.tfrrs.org/results/43159/2715445/TCU_Invitational_/400-Hurdles,TFRRS all_performances
"Houston, Taylor",Baylor,Big 12,400H,2016,3,,,1:07.51,seconds,TCU Invitational,2016-03-17,,,,Outdoor,https://www.tfrrs.org/results/43159/2715445/TCU_Invitational_/400-Hurdles,TFRRS all_performances
"Hawn, Kiana",Baylor,Big 12,400H,2016,2,,,59.52,seconds,Ricardo Romo Invitational,2016-03-24,,,,Outdoor,https://www.tfrrs.org/results/42920/2739258/Ricardo_Romo_Invitational/400-Hurdles,TFRRS all_performances
"Hawn, Kiana",Baylor,Big 12,400H,2016,2,,,1:01.61,seconds,2016 Nike Clyde Littlefield Texas Relays,2016-03-30,,,,Outdoor,https://www.tfrrs.org/results/43409/2758976/2016_Nike_Clyde_Littlefield_Texas_Relays/400-Hurdles,TFRRS all_performances
"Hawn, Kiana",Baylor,Big 12,400H,2016,2,,,57.48,seconds,2016 Nike Clyde Littlefield Texas Relays,2016-03-30,,,,Outdoor,https://www.tfrrs.org/results/43409/2758976/2016_Nike_Clyde_Littlefield_Texas_Relays/400-Hurdles,TFRRS all_performances
"Houston, Taylor",Baylor,Big 12,400H,2016,3,,,1:03.87,seconds,2016 Baylor Invitational,2016-04-09,,,,Outdoor,https://www.tfrrs.org/results/44371/2782916/2016_Baylor_Invitational/400-Hurdles,TFRRS all_performances
"Hawn, Kiana",Baylor,Big 12,400H,2016,2,,,57.81,seconds,Michael Johnson Classic,2016-04-23,,,,Outdoor,https://www.tfrrs.org/results/45651/2827016/Michael_Johnson_Classic/400-Hurdles,TFRRS all_performances
"Houston, Taylor",Baylor,Big 12,400H,2016,3,,,1:06.00,seconds,Michael Johnson Classic,2016-04-23,,,,Outdoor,https://www.tfrrs.org/results/45651/2827016/Michael_Johnson_Classic/400-Hurdles,TFRRS all_performances
"Hawn, Kiana",Baylor,Big 12,400H,2016,2,,,1:03.28,seconds,2016 Drake Relays presented by Hy-Vee,2016-04-27,,,,Outdoor,https://www.tfrrs.org/results/46333/2844027/2016_Drake_Relays_presented_by_Hy-Vee/400-Hurdles,TFRRS all_performances
"Hawn, Kiana",Baylor,Big 12,400H,2016,2,,,1:00.21,seconds,Big 12 Outdoor Track & Field Championships,2016-05-13,,,,Outdoor,https://www.tfrrs.org/results/45751/2876726/Big_12_Outdoor_Track__Field_Championships/400-Hurdles,TFRRS all_performances
"Hawn, Kiana",Baylor,Big 12,400H,2016,2,,,59.61,seconds,Big 12 Outdoor Track & Field Championships,2016-05-13,,,,Outdoor,https://www.tfrrs.org/results/45751/2876726/Big_12_Outdoor_Track__Field_Championships/400-Hurdles,TFRRS all_performances
"Houston, Taylor",Baylor,Big 12,400H,2016,3,,,1:06.83,seconds,Big 12 Outdoor Track & Field Championships,2016-05-13,,,,Outdoor,https://www.tfrrs.org/results/45751/2876726/Big_12_Outdoor_Track__Field_Championships/400-Hurdles,TFRRS all_performances
"Hawn, Kiana",Baylor,Big 12,400H,2016,2,,,57.97,seconds,NCAA Division I - West Preliminary Round,2016-05-26,,,,Outdoor,https://www.tfrrs.org/results/46681/2882643/NCAA_Division_I_-_West_Preliminary_Round/400-Hurdles,TFRRS all_performances
"Hawn, Kiana",Baylor,Big 12,400H,2016,2,,,1:02.36,seconds,NCAA Division I Track & Field Championships,2016-06-08,,,,Outdoor,https://www.tfrrs.org/results/46699/2884162/NCAA_Division_I_Track__Field_Championships/400-Hurdles,TFRRS all_performances
"Gonzalez, Alyssa",Iowa State,Big 12,400H,2016,4,,,1:01.61,seconds,University of Tulsa Duels,2016-03-18,,,,Outdoor,https://www.tfrrs.org/results/44538/2717536/University_of_Tulsa_Duels/400-Hurdles,TFRRS all_performances
"Gonzalez, Alyssa",Iowa State,Big 12,400H,2016,4,,,1:01.05,seconds,San Francisco State Distance Carnival,2016-04-01,,,,Outdoor,https://www.tfrrs.org/results/42862/2761259/San_Francisco_State_Distance_Carnival/400-Hurdles,TFRRS all_performances
"Gonzalez, Alyssa",Iowa State,Big 12,400H,2016,4,,,1:01.85,seconds,Stanford Invitational,2016-04-01,,,,Outdoor,https://www.tfrrs.org/results/45256/2762421/Stanford_Invitational/400-Hurdles,TFRRS all_performances
"Gonzalez, Alyssa",Iowa State,Big 12,400H,2016,4,,,1:02.31,seconds,2016 Jim Duncan Invitational,2016-04-15,,,,Outdoor,https://www.tfrrs.org/results/45854/2804164/2016_Jim_Duncan_Invitational/400-Hurdles,TFRRS all_performances
"Gonzalez, Alyssa",Iowa State,Big 12,400H,2016,4,,,1:00.54,seconds,Musco Twilight,2016-04-23,,,,Outdoor,https://www.tfrrs.org/results/46100/2826724/Musco_Twilight/400-Hurdles,TFRRS all_performances
"Gonzalez, Alyssa",Iowa State,Big 12,400H,2016,4,,,1:01.47,seconds,2016 Drake Relays presented by Hy-Vee,2016-04-27,,,,Outdoor,https://www.tfrrs.org/results/46333/2844027/2016_Drake_Relays_presented_by_Hy-Vee/400-Hurdles,TFRRS all_performances
"Gonzalez, Alyssa",Iowa State,Big 12,400H,2016,4,,,1:01.36,seconds,Big 12 Outdoor Track & Field Championships,2016-05-13,,,,Outdoor,https://www.tfrrs.org/results/45751/2876726/Big_12_Outdoor_Track__Field_Championships/400-Hurdles,TFRRS all_performances
"Gonzalez, Alyssa",Iowa State,Big 12,400H,2016,4,,,1:01.82,seconds,Big 12 Outdoor Track & Field Championships,2016-05-13,,,,Outdoor,https://www.tfrrs.org/results/45751/2876726/Big_12_Outdoor_Track__Field_Championships/400-Hurdles,TFRRS all_performances
"Smith, Raygen",Texas Tech,Big 12,400H,2016,1,,,1:03.21,seconds,TCU Invitational,2016-03-17,,,,Outdoor,https://www.tfrrs.org/results/43159/2715445/TCU_Invitational_/400-Hurdles,TFRRS all_performances
"Smith, Raygen",Texas Tech,Big 12,400H,2016,1,,,1:01.44,seconds,Texas Tech Open,2016-03-24,,,,Outdoor,https://www.tfrrs.org/results/44315/2733612/Texas_Tech_Open/400-Hurdles,TFRRS all_performances
"Smith, Raygen",Texas Tech,Big 12,400H,2016,1,,,1:02.69,seconds,2016 Nike Clyde Littlefield Texas Relays,2016-03-30,,,,Outdoor,https://www.tfrrs.org/results/43409/2758976/2016_Nike_Clyde_Littlefield_Texas_Relays/400-Hurdles,TFRRS all_performances
"Smith, Raygen",Texas Tech,Big 12,400H,2016,1,,,1:04.72,seconds,Texas Tech Masked Rider Open,2016-05-06,,,,Outdoor,https://www.tfrrs.org/results/44317/2860172/Texas_Tech_Masked_Rider_Open/400-Hurdles,TFRRS all_performances
"Smith, Raygen",Texas Tech,Big 12,400H,2016,1,,,1:02.49,seconds,Big 12 Outdoor Track & Field Championships,2016-05-13,,,,Outdoor,https://www.tfrrs.org/results/45751/2876726/Big_12_Outdoor_Track__Field_Championships/400-Hurdles,TFRRS all_performances
"Berry, Jasmine",Illinois,Big Ten,400H,2016,2,,,1:02.00,seconds,Baldy Castillo Invitational,2016-03-18,,,,Outdoor,https://www.tfrrs.org/results/44544/2718685/Baldy_Castillo_Invitational/400-Hurdles,TFRRS all_performances
"Marry, Miranda",Illinois,Big Ten,400H,2016,2,,,1:03.66,seconds,Baldy Castillo Invitational,2016-03-18,,,,Outdoor,https://www.tfrrs.org/results/44544/2718685/Baldy_Castillo_Invitational/400-Hurdles,TFRRS all_performances
"Berry, Jasmine",Illinois,Big Ten,400H,2016,2,,,1:03.11,seconds,Vanderbilt Black and Gold Invitational,2016-03-25,,,,Outdoor,https://www.tfrrs.org/results/44883/2738335/Vanderbilt_Black_and_Gold_Invitational/400-Hurdles,TFRRS all_performances
"Berry, Jasmine",Illinois,Big Ten,400H,2016,2,,,1:03.16,seconds,UCF vs Illinois Dual,2016-04-09,,,,Outdoor,https://www.tfrrs.org/results/44793/2782435/UCF_vs_Illinois_Dual_/400-Hurdles,TFRRS all_performances
"Berry, Jasmine",Illinois,Big Ten,400H,2016,2,,,1:01.24,seconds,Illinois Twilight,2016-04-23,,,,Outdoor,https://www.tfrrs.org/results/42201/2827825/Illinois_Twilight/400-Hurdles,TFRRS all_performances
"Berry, Jasmine",Illinois,Big Ten,400H,2016,2,,,1:06.03,seconds,2016 Drake Relays presented by Hy-Vee,2016-04-27,,,,Outdoor,https://www.tfrrs.org/results/46333/2844027/2016_Drake_Relays_presented_by_Hy-Vee/400-Hurdles,TFRRS all_performances
"Berry, Jasmine",Illinois,Big Ten,400H,2016,2,,,1:01.26,seconds,Big Ten Conference Outdoor Track & Field Championships,2016-05-13,,,,Outdoor,https://www.tfrrs.org/results/45804/2876173/Big_Ten_Conference_Outdoor_Track__Field_Championships/400-Hurdles,TFRRS all_performances
"Barge, Jasmine",Nebraska,Big Ten,400H,2016,1,,,58.40,seconds,Pac-12 vs Big 10 Invitational,2016-03-25,,,,Outdoor,https://www.tfrrs.org/results/44896/2740081/Pac-12_vs_Big_10_Invitational/400-Hurdles,TFRRS all_performances
"Dowell, Kristen",Nebraska,Big Ten,400H,2016,2,,,1:01.12,seconds,Pac-12 vs Big 10 Invitational,2016-03-25,,,,Outdoor,https://www.tfrrs.org/results/44896/2740081/Pac-12_vs_Big_10_Invitational/400-Hurdles,TFRRS all_performances
"Dworak, Morgan",Nebraska,Big Ten,400H,2016,2,,,1:04.50,seconds,2016 Husker Spring Invitational,2016-04-09,,,,Outdoor,https://www.tfrrs.org/results/42046/2782151/2016_Husker_Spring_Invitational/400-Hurdles,TFRRS all_performances
"Pahlitzsch, Karolina",Nebraska,Big Ten,400H,2016,2,,,1:00.30,seconds,2016 Husker Spring Invitational,2016-04-09,,,,Outdoor,https://www.tfrrs.org/results/42046/2782151/2016_Husker_Spring_Invitational/400-Hurdles,TFRRS all_performances
"Barge, Jasmine",Nebraska,Big Ten,400H,2016,1,,,58.19,seconds,Texas Invitational,2016-04-16,,,,Outdoor,https://www.tfrrs.org/results/45298/2804093/Texas_Invitational/400-Hurdles,TFRRS all_performances
"Carr, Ashleigh",Nebraska,Big Ten,400H,2016,1,,,1:01.79,seconds,Texas Invitational,2016-04-16,,,,Outdoor,https://www.tfrrs.org/results/45298/2804093/Texas_Invitational/400-Hurdles,TFRRS all_performances
"Dowell, Kristen",Nebraska,Big Ten,400H,2016,2,,,1:00.41,seconds,Texas Invitational,2016-04-16,,,,Outdoor,https://www.tfrrs.org/results/45298/2804093/Texas_Invitational/400-Hurdles,TFRRS all_performances
"Pahlitzsch, Karolina",Nebraska,Big Ten,400H,2016,2,,,1:01.61,seconds,Texas Invitational,2016-04-16,,,,Outdoor,https://www.tfrrs.org/results/45298/2804093/Texas_Invitational/400-Hurdles,TFRRS all_performances
"Barge, Jasmine",Nebraska,Big Ten,400H,2016,1,,,59.19,seconds,Kansas Relays,2016-04-20,,,,Outdoor,https://www.tfrrs.org/results/46104/2827397/Kansas_Relays/400-Hurdles,TFRRS all_performances
"Carr, Ashleigh",Nebraska,Big Ten,400H,2016,1,,,1:00.52,seconds,Kansas Relays,2016-04-20,,,,Outdoor,https://www.tfrrs.org/results/46104/2827375/Kansas_Relays/400-Hurdles,TFRRS all_performances
"Carr, Ashleigh",Nebraska,Big Ten,400H,2016,1,,,1:01.28,seconds,Kansas Relays,2016-04-20,,,,Outdoor,https://www.tfrrs.org/results/46104/2827375/Kansas_Relays/400-Hurdles,TFRRS all_performances
"Dowell, Kristen",Nebraska,Big Ten,400H,2016,2,,,59.41,seconds,Kansas Relays,2016-04-20,,,,Outdoor,https://www.tfrrs.org/results/46104/2827397/Kansas_Relays/400-Hurdles,TFRRS all_performances
"Dworak, Morgan",Nebraska,Big Ten,400H,2016,2,,,1:04.71,seconds,Kansas Relays,2016-04-20,,,,Outdoor,https://www.tfrrs.org/results/46104/2827375/Kansas_Relays/400-Hurdles,TFRRS all_performances
"Barge, Jasmine",Nebraska,Big Ten,400H,2016,1,,,58.86,seconds,2016 Drake Relays presented by Hy-Vee,2016-04-27,,,,Outdoor,https://www.tfrrs.org/results/46333/2844027/2016_Drake_Relays_presented_by_Hy-Vee/400-Hurdles,TFRRS all_performances
"Pahlitzsch, Karolina",Nebraska,Big Ten,400H,2016,2,,,59.15,seconds,2016 Drake Relays presented by Hy-Vee,2016-04-27,,,,Outdoor,https://www.tfrrs.org/results/46333/2844027/2016_Drake_Relays_presented_by_Hy-Vee/400-Hurdles,TFRRS all_performances
"Carr, Ashleigh",Nebraska,Big Ten,400H,2016,1,,,1:02.38,seconds,NWU Spring Invitational,2016-04-28,,,,Outdoor,https://www.tfrrs.org/results/46308/2840966/NWU_Spring_Invitational/400-Hurdles,TFRRS all_performances
"Dworak, Morgan",Nebraska,Big Ten,400H,2016,2,,,1:05.39,seconds,NWU Spring Invitational,2016-04-28,,,,Outdoor,https://www.tfrrs.org/results/46308/2840966/NWU_Spring_Invitational/400-Hurdles,TFRRS all_performances
"Carr, Ashleigh",Nebraska,Big Ten,400H,2016,1,,,1:00.50,seconds,2016 Nebraska Invitational,2016-05-07,,,,Outdoor,https://www.tfrrs.org/results/42048/2863293/2016_Nebraska_Invitational/400-Hurdles,TFRRS all_performances
"Dworak, Morgan",Nebraska,Big Ten,400H,2016,2,,,1:03.96,seconds,2016 Nebraska Invitational,2016-05-07,,,,Outdoor,https://www.tfrrs.org/results/42048/2863293/2016_Nebraska_Invitational/400-Hurdles,TFRRS all_performances
"Pahlitzsch, Karolina",Nebraska,Big Ten,400H,2016,2,,,58.71,seconds,2016 Nebraska Invitational,2016-05-07,,,,Outdoor,https://www.tfrrs.org/results/42048/2863293/2016_Nebraska_Invitational/400-Hurdles,TFRRS all_performances
"Barge, Jasmine",Nebraska,Big Ten,400H,2016,1,,,57.94,seconds,Big Ten Conference Outdoor Track & Field Championships,2016-05-13,,,,Outdoor,https://www.tfrrs.org/results/45804/2876173/Big_Ten_Conference_Outdoor_Track__Field_Championships/400-Hurdles,TFRRS all_performances
"Barge, Jasmine",Nebraska,Big Ten,400H,2016,1,,,58.43,seconds,Big Ten Conference Outdoor Track & Field Championships,2016-05-13,,,,Outdoor,https://www.tfrrs.org/results/45804/2876173/Big_Ten_Conference_Outdoor_Track__Field_Championships/400-Hurdles,TFRRS all_performances
"Carr, Ashleigh",Nebraska,Big Ten,400H,2016,1,,,1:00.07,seconds,Big Ten Conference Outdoor Track & Field Championships,2016-05-13,,,,Outdoor,https://www.tfrrs.org/results/45804/2876173/Big_Ten_Conference_Outdoor_Track__Field_Championships/400-Hurdles,TFRRS all_performances
"Dowell, Kristen",Nebraska,Big Ten,400H,2016,2,,,1:00.88,seconds,Big Ten Conference Outdoor Track & Field Championships,2016-05-13,,,,Outdoor,https://www.tfrrs.org/results/45804/2876173/Big_Ten_Conference_Outdoor_Track__Field_Championships/400-Hurdles,TFRRS all_performances
"Pahlitzsch, Karolina",Nebraska,Big Ten,400H,2016,2,,,57.95,seconds,Big Ten Conference Outdoor Track & Field Championships,2016-05-13,,,,Outdoor,https://www.tfrrs.org/results/45804/2876173/Big_Ten_Conference_Outdoor_Track__Field_Championships/400-Hurdles,TFRRS all_performances
"Pahlitzsch, Karolina",Nebraska,Big Ten,400H,2016,2,,,58.63,seconds,Big Ten Conference Outdoor Track & Field Championships,2016-05-13,,,,Outdoor,https://www.tfrrs.org/results/45804/2876173/Big_Ten_Conference_Outdoor_Track__Field_Championships/400-Hurdles,TFRRS all_performances
"Barge, Jasmine",Nebraska,Big Ten,400H,2016,1,,,58.33,seconds,NCAA Division I - West Preliminary Round,2016-05-26,,,,Outdoor,https://www.tfrrs.org/results/46681/2882643/NCAA_Division_I_-_West_Preliminary_Round/400-Hurdles,TFRRS all_performances
"Dowell, Kristen",Nebraska,Big Ten,400H,2016,2,,,1:00.64,seconds,NCAA Division I - West Preliminary Round,2016-05-26,,,,Outdoor,https://www.tfrrs.org/results/46681/2882643/NCAA_Division_I_-_West_Preliminary_Round/400-Hurdles,TFRRS all_performances
"Pahlitzsch, Karolina",Nebraska,Big Ten,400H,2016,2,,,58.17,seconds,NCAA Division I - West Preliminary Round,2016-05-26,,,,Outdoor,https://www.tfrrs.org/results/46681/2882643/NCAA_Division_I_-_West_Preliminary_Round/400-Hurdles,TFRRS all_performances
"Pahlitzsch, Karolina",Nebraska,Big Ten,400H,2016,2,,,59.05,seconds,NCAA Division I Track & Field Championships,2016-06-08,,,,Outdoor,https://www.tfrrs.org/results/46699/2884162/NCAA_Division_I_Track__Field_Championships/400-Hurdles,TFRRS all_performances
"Jackson, Khadejah",Oregon,Big Ten,400H,2016,1,,,59.97,seconds,Pepsi Invitational,2016-04-09,,,,Outdoor,https://www.tfrrs.org/results/43371/2781354/Pepsi_Invitational/400-Hurdles,TFRRS all_performances
"Johnson, Alaysha",Oregon,Big Ten,400H,2016,1,,,59.18,seconds,Pepsi Invitational,2016-04-09,,,,Outdoor,https://www.tfrrs.org/results/43371/2781354/Pepsi_Invitational/400-Hurdles,TFRRS all_performances
"Jackson, Khadejah",Oregon,Big Ten,400H,2016,1,,,1:02.14,seconds,Oregon Relays,2016-04-15,,,,Outdoor,https://www.tfrrs.org/results/43373/2806242/Oregon_Relays/400-Hurdles,TFRRS all_performances
"Jackson, Khadejah",Oregon,Big Ten,400H,2016,1,,,1:01.05,seconds,2016 OSU High Performance Meet,2016-04-29,,,,Outdoor,https://www.tfrrs.org/results/43687/2844997/2016_OSU_High_Performance_Meet/400-Hurdles,TFRRS all_performances
"Jackson, Khadejah",Oregon,Big Ten,400H,2016,1,,,1:01.16,seconds,Pac-12 Outdoor Track & Field Championships,2016-05-14,,,,Outdoor,https://www.tfrrs.org/results/45708/2877263/Pac-12_Outdoor_Track__Field_Championships/400-Hurdles,TFRRS all_performances
"Johnson, Alaysha",Oregon,Big Ten,400H,2016,1,,,1:00.99,seconds,Pac-12 Outdoor Track & Field Championships,2016-05-14,,,,Outdoor,https://www.tfrrs.org/results/45708/2877263/Pac-12_Outdoor_Track__Field_Championships/400-Hurdles,TFRRS all_performances
"Iuel, Amalie",USC,Big Ten,400H,2016,3,,,57.33,seconds,Power Conference Cardinal & Gold,2016-03-25,,,,Outdoor,https://www.tfrrs.org/results/44866/2738936/Power_Conference_Cardinal__Gold/400-Hurdles,TFRRS all_performances
"Iuel, Amalie",USC,Big Ten,400H,2016,3,,,57.20,seconds,Pepsi Invitational,2016-04-09,,,,Outdoor,https://www.tfrrs.org/results/43371/2781354/Pepsi_Invitational/400-Hurdles,TFRRS all_performances
"Stepter, Jaide",USC,Big Ten,400H,2016,4,,,55.91,seconds,Pepsi Invitational,2016-04-09,,,,Outdoor,https://www.tfrrs.org/results/43371/2781354/Pepsi_Invitational/400-Hurdles,TFRRS all_performances
"Iuel, Amalie",USC,Big Ten,400H,2016,4,,,56.37,seconds,Mt. SAC Relays,2016-04-14,,,,Outdoor,https://www.tfrrs.org/results/45871/2806875/Mt_SAC_Relays/400-Hurdles,TFRRS all_performances
"Stepter, Jaide",USC,Big Ten,400H,2016,,,,55.90,seconds,Mt. SAC Relays,2016-04-14,,,,Outdoor,https://www.tfrrs.org/results/45871/2806875/Mt_SAC_Relays/400-Hurdles,TFRRS all_performances
"Iuel, Amalie",USC,Big Ten,400H,2016,3,,,57.31,seconds,UCLA vs. USC Dual Meet,2016-05-01,,,,Outdoor,https://www.tfrrs.org/results/43384/2847256/UCLA_vs_USC_Dual_Meet/400-Hurdles,TFRRS all_performances
"Stepter, Jaide",USC,Big Ten,400H,2016,4,,,56.47,seconds,UCLA vs. USC Dual Meet,2016-05-01,,,,Outdoor,https://www.tfrrs.org/results/43384/2847256/UCLA_vs_USC_Dual_Meet/400-Hurdles,TFRRS all_performances
"Iuel, Amalie",USC,Big Ten,400H,2016,3,,,59.04,seconds,Pac-12 Outdoor Track & Field Championships,2016-05-14,,,,Outdoor,https://www.tfrrs.org/results/45708/2877263/Pac-12_Outdoor_Track__Field_Championships/400-Hurdles,TFRRS all_performances
"Stepter, Jaide",USC,Big Ten,400H,2016,4,,,55.22,seconds,Pac-12 Outdoor Track & Field Championships,2016-05-14,,,,Outdoor,https://www.tfrrs.org/results/45708/2877263/Pac-12_Outdoor_Track__Field_Championships/400-Hurdles,TFRRS all_performances
"Stepter, Jaide",USC,Big Ten,400H,2016,4,,,55.95,seconds,Pac-12 Outdoor Track & Field Championships,2016-05-14,,,,Outdoor,https://www.tfrrs.org/results/45708/2877263/Pac-12_Outdoor_Track__Field_Championships/400-Hurdles,TFRRS all_performances
"Iuel, Amalie",USC,Big Ten,400H,2016,3,,,56.90,seconds,NCAA Division I - West Preliminary Round,2016-05-26,,,,Outdoor,https://www.tfrrs.org/results/46681/2882643/NCAA_Division_I_-_West_Preliminary_Round/400-Hurdles,TFRRS all_performances
"Stepter, Jaide",USC,Big Ten,400H,2016,4,,,56.87,seconds,NCAA Division I - West Preliminary Round,2016-05-26,,,,Outdoor,https://www.tfrrs.org/results/46681/2882643/NCAA_Division_I_-_West_Preliminary_Round/400-Hurdles,TFRRS all_performances
"Iuel, Amalie",USC,Big Ten,400H,2016,3,,,56.88,seconds,NCAA Division I Track & Field Championships,2016-06-08,,,,Outdoor,https://www.tfrrs.org/results/46699/2884162/NCAA_Division_I_Track__Field_Championships/400-Hurdles,TFRRS all_performances
"Stepter, Jaide",USC,Big Ten,400H,2016,4,,,55.30,seconds,NCAA Division I Track & Field Championships,2016-06-08,,,,Outdoor,https://www.tfrrs.org/results/46699/2884162/NCAA_Division_I_Track__Field_Championships/400-Hurdles,TFRRS all_performances
"Stepter, Jaide",USC,Big Ten,400H,2016,4,,,56.18,seconds,NCAA Division I Track & Field Championships,2016-06-08,,,,Outdoor,https://www.tfrrs.org/results/46699/2884162/NCAA_Division_I_Track__Field_Championships/400-Hurdles,TFRRS all_performances
"Hill, Morganne",Washington,Big Ten,400H,2016,1,,,1:01.21,seconds,Pac-12 vs Big 10 Invitational,2016-03-25,,,,Outdoor,https://www.tfrrs.org/results/44896/2740081/Pac-12_vs_Big_10_Invitational/400-Hurdles,TFRRS all_performances
"Lester, Carly",Washington,Big Ten,400H,2016,1,,,1:01.98,seconds,Pac-12 vs Big 10 Invitational,2016-03-25,,,,Outdoor,https://www.tfrrs.org/results/44896/2740081/Pac-12_vs_Big_10_Invitational/400-Hurdles,TFRRS all_performances
"Hill, Morganne",Washington,Big Ten,400H,2016,1,,,1:01.27,seconds,Pepsi Invitational,2016-04-09,,,,Outdoor,https://www.tfrrs.org/results/43371/2781354/Pepsi_Invitational/400-Hurdles,TFRRS all_performances
"Lester, Carly",Washington,Big Ten,400H,2016,1,,,1:03.07,seconds,Pepsi Invitational,2016-04-09,,,,Outdoor,https://www.tfrrs.org/results/43371/2781354/Pepsi_Invitational/400-Hurdles,TFRRS all_performances
"Armstead, Krista",Washington,Big Ten,400H,2016,4,,,1:02.91,seconds,Beach Invitational,2016-04-15,,,,Outdoor,https://www.tfrrs.org/results/45870/2809548/Beach_Invitational/400-Hurdles,TFRRS all_performances
"Hill, Morganne",Washington,Big Ten,400H,2016,1,,,1:00.92,seconds,Beach Invitational,2016-04-15,,,,Outdoor,https://www.tfrrs.org/results/45870/2809548/Beach_Invitational/400-Hurdles,TFRRS all_performances
"Lester, Carly",Washington,Big Ten,400H,2016,1,,,1:01.06,seconds,Beach Invitational,2016-04-15,,,,Outdoor,https://www.tfrrs.org/results/45870/2809548/Beach_Invitational/400-Hurdles,TFRRS all_performances
"Armstead, Krista",Washington,Big Ten,400H,2016,4,,,1:02.44,seconds,WSU-UW Dual Meet,2016-04-23,,,,Outdoor,https://www.tfrrs.org/results/44391/2827768/_WSU-UW_Dual_Meet/400-Hurdles,TFRRS all_performances
"Harris, Nicole",Washington,Big Ten,400H,2016,4,,,1:04.61,seconds,WSU-UW Dual Meet,2016-04-23,,,,Outdoor,https://www.tfrrs.org/results/44391/2827768/_WSU-UW_Dual_Meet/400-Hurdles,TFRRS all_performances
"Hill, Morganne",Washington,Big Ten,400H,2016,1,,,1:00.94,seconds,WSU-UW Dual Meet,2016-04-23,,,,Outdoor,https://www.tfrrs.org/results/44391/2827768/_WSU-UW_Dual_Meet/400-Hurdles,TFRRS all_performances
"Lester, Carly",Washington,Big Ten,400H,2016,1,,,1:00.87,seconds,WSU-UW Dual Meet,2016-04-23,,,,Outdoor,https://www.tfrrs.org/results/44391/2827768/_WSU-UW_Dual_Meet/400-Hurdles,TFRRS all_performances
"Armstead, Krista",Washington,Big Ten,400H,2016,4,,,1:01.98,seconds,Ken Shannon Invitational,2016-04-30,,,,Outdoor,https://www.tfrrs.org/results/44401/2844543/Ken_Shannon_Invitational/400-Hurdles,TFRRS all_performances
"Harris, Nicole",Washington,Big Ten,400H,2016,4,,,1:04.03,seconds,Ken Shannon Invitational,2016-04-30,,,,Outdoor,https://www.tfrrs.org/results/44401/2844543/Ken_Shannon_Invitational/400-Hurdles,TFRRS all_performances
"Hill, Morganne",Washington,Big Ten,400H,2016,1,,,1:01.20,seconds,Ken Shannon Invitational,2016-04-30,,,,Outdoor,https://www.tfrrs.org/results/44401/2844543/Ken_Shannon_Invitational/400-Hurdles,TFRRS all_performances
"Lester, Carly",Washington,Big Ten,400H,2016,1,,,1:01.57,seconds,Ken Shannon Invitational,2016-04-30,,,,Outdoor,https://www.tfrrs.org/results/44401/2844543/Ken_Shannon_Invitational/400-Hurdles,TFRRS all_performances
"Armstead, Krista",Washington,Big Ten,400H,2016,4,,,1:02.04,seconds,Pac-12 Outdoor Track & Field Championships,2016-05-14,,,,Outdoor,https://www.tfrrs.org/results/45708/2877263/Pac-12_Outdoor_Track__Field_Championships/400-Hurdles,TFRRS all_performances
"Hill, Morganne",Washington,Big Ten,400H,2016,1,,,1:01.88,seconds,Pac-12 Outdoor Track & Field Championships,2016-05-14,,,,Outdoor,https://www.tfrrs.org/results/45708/2877263/Pac-12_Outdoor_Track__Field_Championships/400-Hurdles,TFRRS all_performances
"Lester, Carly",Washington,Big Ten,400H,2016,1,,,1:02.11,seconds,Pac-12 Outdoor Track & Field Championships,2016-05-14,,,,Outdoor,https://www.tfrrs.org/results/45708/2877263/Pac-12_Outdoor_Track__Field_Championships/400-Hurdles,TFRRS all_performances
"Jackson, Jada",Alabama,SEC,400H,2016,1,,,1:08.24,seconds,Alabama Relays,2016-03-17,,,,Outdoor,https://www.tfrrs.org/results/44542/2717960/Alabama_Relays/400-Hurdles,TFRRS all_performances
"Walker, Kaitlin",Alabama,SEC,400H,2016,2,,,1:01.20,seconds,Alabama Relays,2016-03-17,,,,Outdoor,https://www.tfrrs.org/results/44542/2717960/Alabama_Relays/400-Hurdles,TFRRS all_performances
"Jackson, Jada",Alabama,SEC,400H,2016,1,,,1:09.20,seconds,Florida State Relays,2016-03-25,,,,Outdoor,https://www.tfrrs.org/results/44862/2735540/Florida_State_Relays/400-Hurdles,TFRRS all_performances
"Walker, Kaitlin",Alabama,SEC,400H,2016,2,,,1:01.77,seconds,Florida State Relays,2016-03-25,,,,Outdoor,https://www.tfrrs.org/results/44862/2735540/Florida_State_Relays/400-Hurdles,TFRRS all_performances
"Walker, Kaitlin",Alabama,SEC,400H,2016,2,,,1:02.48,seconds,Florida Relays,2016-03-31,,,,Outdoor,https://www.tfrrs.org/results/43368/2772321/Florida_Relays/400-Hurdles,TFRRS all_performances
"Walker, Kaitlin",Alabama,SEC,400H,2016,2,,,1:02.28,seconds,LSU Battle on the Bayou,2016-04-09,,,,Outdoor,https://www.tfrrs.org/results/41856/2780902/LSU_Battle_on_the_Bayou/400-Hurdles,TFRRS all_performances
"Barber, Mikayla",Florida,SEC,400H,2016,3,,,1:01.19,seconds,Power Conference Cardinal & Gold,2016-03-25,,,,Outdoor,https://www.tfrrs.org/results/44866/2738936/Power_Conference_Cardinal__Gold/400-Hurdles,TFRRS all_performances
"Francis, Claudia",Florida,SEC,400H,2016,4,,,57.11,seconds,Power Conference Cardinal & Gold,2016-03-25,,,,Outdoor,https://www.tfrrs.org/results/44866/2738936/Power_Conference_Cardinal__Gold/400-Hurdles,TFRRS all_performances
"Barber, Mikayla",Florida,SEC,400H,2016,3,,,1:00.49,seconds,Florida Relays,2016-03-31,,,,Outdoor,https://www.tfrrs.org/results/43368/2772296/Florida_Relays/400-Hurdles,TFRRS all_performances
"Barber, Mikayla",Florida,SEC,400H,2016,3,,,1:00.92,seconds,Florida Relays,2016-03-31,,,,Outdoor,https://www.tfrrs.org/results/43368/2772321/Florida_Relays/400-Hurdles,TFRRS all_performances
"Francis, Claudia",Florida,SEC,400H,2016,4,,,56.43,seconds,Florida Relays,2016-03-31,,,,Outdoor,https://www.tfrrs.org/results/43368/2772296/Florida_Relays/400-Hurdles,TFRRS all_performances
"Louis, Gina",Florida,SEC,400H,2016,1,,,1:02.12,seconds,Florida Relays,2016-03-31,,,,Outdoor,https://www.tfrrs.org/results/43368/2772296/Florida_Relays/400-Hurdles,TFRRS all_performances
"Louis, Gina",Florida,SEC,400H,2016,1,,,1:02.36,seconds,Florida Relays,2016-03-31,,,,Outdoor,https://www.tfrrs.org/results/43368/2772321/Florida_Relays/400-Hurdles,TFRRS all_performances
"Barber, Mikayla",Florida,SEC,400H,2016,3,,,59.50,seconds,UF Tom Jones Memorial,2016-04-22,,,,Outdoor,https://www.tfrrs.org/results/43370/2822259/UF_Tom_Jones_Memorial/400-Hurdles,TFRRS all_performances
"Francis, Claudia",Florida,SEC,400H,2016,4,,,56.13,seconds,UF Tom Jones Memorial,2016-04-22,,,,Outdoor,https://www.tfrrs.org/results/43370/2822259/UF_Tom_Jones_Memorial/400-Hurdles,TFRRS all_performances
"Louis, Gina",Florida,SEC,400H,2016,1,,,1:03.14,seconds,UF Tom Jones Memorial,2016-04-22,,,,Outdoor,https://www.tfrrs.org/results/43370/2822259/UF_Tom_Jones_Memorial/400-Hurdles,TFRRS all_performances
"Barber, Mikayla",Florida,SEC,400H,2016,3,,,1:00.86,seconds,LSU Invitational,2016-04-30,,,,Outdoor,https://www.tfrrs.org/results/41858/2844775/LSU_Invitational/400-Hurdles,TFRRS all_performances
"Barber, Mikayla",Florida,SEC,400H,2016,3,,,59.56,seconds,SEC Championships,2016-05-12,,,,Outdoor,https://www.tfrrs.org/results/46617/2873998/SEC_Championships/400-Hurdles,TFRRS all_performances
"Francis, Claudia",Florida,SEC,400H,2016,4,,,56.50,seconds,SEC Championships,2016-05-12,,,,Outdoor,https://www.tfrrs.org/results/46617/2873998/SEC_Championships/400-Hurdles,TFRRS all_performances
"Francis, Claudia",Florida,SEC,400H,2016,4,,,56.62,seconds,SEC Championships,2016-05-12,,,,Outdoor,https://www.tfrrs.org/results/46617/2873998/SEC_Championships/400-Hurdles,TFRRS all_performances
"Barber, Mikayla",Florida,SEC,400H,2016,3,,,59.70,seconds,NCAA Division I - East Preliminary Round,2016-05-26,,,,Outdoor,https://www.tfrrs.org/results/46682/2882912/NCAA_Division_I_-_East_Preliminary_Round/400-Hurdles,TFRRS all_performances
"Francis, Claudia",Florida,SEC,400H,2016,4,,,55.55,seconds,NCAA Division I - East Preliminary Round,2016-05-26,,,,Outdoor,https://www.tfrrs.org/results/46682/2882912/NCAA_Division_I_-_East_Preliminary_Round/400-Hurdles,TFRRS all_performances
"Francis, Claudia",Florida,SEC,400H,2016,4,,,57.47,seconds,NCAA Division I - East Preliminary Round,2016-05-26,,,,Outdoor,https://www.tfrrs.org/results/46682/2882912/NCAA_Division_I_-_East_Preliminary_Round/400-Hurdles,TFRRS all_performances
"Francis, Claudia",Florida,SEC,400H,2016,4,,,56.39,seconds,NCAA Division I Track & Field Championships,2016-06-08,,,,Outdoor,https://www.tfrrs.org/results/46699/2884162/NCAA_Division_I_Track__Field_Championships/400-Hurdles,TFRRS all_performances
"Francis, Claudia",Florida,SEC,400H,2016,4,,,56.79,seconds,NCAA Division I Track & Field Championships,2016-06-08,,,,Outdoor,https://www.tfrrs.org/results/46699/2884162/NCAA_Division_I_Track__Field_Championships/400-Hurdles,TFRRS all_performances
Catelyn Schmiedebusch,Georgia,SEC,400H,2016,3,,,66.86,seconds,Georgia Relays,2016-03-18,Final,5,,Outdoor,https://georgiadogs.com/sports/track-and-field/roster/catelyn-schmiedebusch/574,legacy_source_needs_review
"Schiemdebusch, Catelyn",Georgia,SEC,400H,2016,2,,,1:06.86,seconds,Georgia Relays,2016-03-18,,,,Outdoor,https://www.tfrrs.org/results/42360/2720158/Georgia_Relays/400-Hurdles,TFRRS all_performances
Catelyn Schmiedebusch,Georgia,SEC,400H,2016,3,,,66.23,seconds,Georgia Tech Yellow Jacket Invitational,2016-03-25,Final,19,,Outdoor,https://georgiadogs.com/sports/track-and-field/roster/catelyn-schmiedebusch/574,legacy_source_needs_review
"Schiemdebusch, Catelyn",Georgia,SEC,400H,2016,2,,,1:06.23,seconds,Georgia Tech Yellow Jacket Invitational,2016-03-25,,,,Outdoor,https://www.tfrrs.org/results/44155/2737352/Georgia_Tech_Yellow_Jacket_Invitational/400-Hurdles,TFRRS all_performances
Catelyn Schmiedebusch,Georgia,SEC,400H,2016,3,,,67.2,seconds,Spec Towns Invitational 2016,2016-04-08,Final,12,,Outdoor,https://georgiadogs.com/sports/track-and-field/roster/catelyn-schmiedebusch/574,legacy_source_needs_review
"Schiemdebusch, Catelyn",Georgia,SEC,400H,2016,2,,,1:07.20,seconds,Spec Towns Invitational 2016,2016-04-08,,,,Outdoor,https://www.tfrrs.org/results/42363/2780589/Spec_Towns_Invitational_2016/400-Hurdles,TFRRS all_performances
"Schiemdebusch, Catelyn",Georgia,SEC,400H,2016,2,,,1:05.38,seconds,Georgia Tech Invitational,2016-04-22,,,,Outdoor,https://www.tfrrs.org/results/45150/2828530/Georgia_Tech_Invitational/400-Hurdles,TFRRS all_performances
Catelyn Schmiedebusch,Georgia,SEC,400H,2016,3,,,64.23,seconds,Georgia Invitational,2016-04-30,Final,7,,Outdoor,https://georgiadogs.com/sports/track-and-field/roster/catelyn-schmiedebusch/574,legacy_source_needs_review
"Schiemdebusch, Catelyn",Georgia,SEC,400H,2016,2,,,1:04.23,seconds,Georgia Invitational,2016-04-30,,,,Outdoor,https://www.tfrrs.org/results/43403/2847066/Georgia_Invitational_/400-Hurdles,TFRRS all_performances
"Pugh, Daje",Kentucky,SEC,400H,2016,3,,,58.88,seconds,Baldy Castillo Invitational,2016-03-18,,,,Outdoor,https://www.tfrrs.org/results/44544/2718685/Baldy_Castillo_Invitational/400-Hurdles,TFRRS all_performances
"Howell, Jacklyn",Kentucky,SEC,400H,2016,2,,,1:01.98,seconds,Florida Relays,2016-03-31,,,,Outdoor,https://www.tfrrs.org/results/43368/2772321/Florida_Relays/400-Hurdles,TFRRS all_performances
"Pugh, Daje",Kentucky,SEC,400H,2016,3,,,1:00.91,seconds,Florida Relays,2016-03-31,,,,Outdoor,https://www.tfrrs.org/results/43368/2772321/Florida_Relays/400-Hurdles,TFRRS all_performances
"Howell, Jacklyn",Kentucky,SEC,400H,2016,2,,,1:05.73,seconds,Spec Towns Invitational 2016,2016-04-08,,,,Outdoor,https://www.tfrrs.org/results/42363/2780589/Spec_Towns_Invitational_2016/400-Hurdles,TFRRS all_performances
"Pugh, Daje",Kentucky,SEC,400H,2016,3,,,1:01.07,seconds,Spec Towns Invitational 2016,2016-04-08,,,,Outdoor,https://www.tfrrs.org/results/42363/2780589/Spec_Towns_Invitational_2016/400-Hurdles,TFRRS all_performances
"Seymour, Kiah",Kentucky,SEC,400H,2016,3,,,57.25,seconds,Spec Towns Invitational 2016,2016-04-08,,,,Outdoor,https://www.tfrrs.org/results/42363/2780589/Spec_Towns_Invitational_2016/400-Hurdles,TFRRS all_performances
"Howell, Jacklyn",Kentucky,SEC,400H,2016,2,,,1:04.32,seconds,Virginia Challenge,2016-04-22,,,,Outdoor,https://www.tfrrs.org/results/46108/2827856/Virginia_Challenge/400-Hurdles,TFRRS all_performances
"Seymour, Kiah",Kentucky,SEC,400H,2016,3,,,56.10,seconds,Virginia Challenge,2016-04-22,,,,Outdoor,https://www.tfrrs.org/results/46108/2827856/Virginia_Challenge/400-Hurdles,TFRRS all_performances
"Pugh, Daje",Kentucky,SEC,400H,2016,3,,,59.02,seconds,LSU Invitational,2016-04-30,,,,Outdoor,https://www.tfrrs.org/results/41858/2844775/LSU_Invitational/400-Hurdles,TFRRS all_performances
"Seymour, Kiah",Kentucky,SEC,400H,2016,3,,,55.20,seconds,LSU Invitational,2016-04-30,,,,Outdoor,https://www.tfrrs.org/results/41858/2844775/LSU_Invitational/400-Hurdles,TFRRS all_performances
"Pugh, Daje",Kentucky,SEC,400H,2016,3,,,57.85,seconds,SEC Championships,2016-05-12,,,,Outdoor,https://www.tfrrs.org/results/46617/2873998/SEC_Championships/400-Hurdles,TFRRS all_performances
"Seymour, Kiah",Kentucky,SEC,400H,2016,3,,,56.35,seconds,SEC Championships,2016-05-12,,,,Outdoor,https://www.tfrrs.org/results/46617/2873998/SEC_Championships/400-Hurdles,TFRRS all_performances
"Seymour, Kiah",Kentucky,SEC,400H,2016,3,,,56.61,seconds,SEC Championships,2016-05-12,,,,Outdoor,https://www.tfrrs.org/results/46617/2873998/SEC_Championships/400-Hurdles,TFRRS all_performances
"Pugh, Daje",Kentucky,SEC,400H,2016,3,,,57.68,seconds,NCAA Division I - East Preliminary Round,2016-05-26,,,,Outdoor,https://www.tfrrs.org/results/46682/2882912/NCAA_Division_I_-_East_Preliminary_Round/400-Hurdles,TFRRS all_performances
"Pugh, Daje",Kentucky,SEC,400H,2016,3,,,58.45,seconds,NCAA Division I - East Preliminary Round,2016-05-26,,,,Outdoor,https://www.tfrrs.org/results/46682/2882912/NCAA_Division_I_-_East_Preliminary_Round/400-Hurdles,TFRRS all_performances
"Seymour, Kiah",Kentucky,SEC,400H,2016,3,,,55.50,seconds,NCAA Division I - East Preliminary Round,2016-05-26,,,,Outdoor,https://www.tfrrs.org/results/46682/2882912/NCAA_Division_I_-_East_Preliminary_Round/400-Hurdles,TFRRS all_performances
"Seymour, Kiah",Kentucky,SEC,400H,2016,3,,,57.93,seconds,NCAA Division I - East Preliminary Round,2016-05-26,,,,Outdoor,https://www.tfrrs.org/results/46682/2882912/NCAA_Division_I_-_East_Preliminary_Round/400-Hurdles,TFRRS all_performances
"Seymour, Kiah",Kentucky,SEC,400H,2016,3,,,54.67,seconds,NCAA Division I Track & Field Championships,2016-06-08,,,,Outdoor,https://www.tfrrs.org/results/46699/2884162/NCAA_Division_I_Track__Field_Championships/400-Hurdles,TFRRS all_performances
"Seymour, Kiah",Kentucky,SEC,400H,2016,3,,,55.89,seconds,NCAA Division I Track & Field Championships,2016-06-08,,,,Outdoor,https://www.tfrrs.org/results/46699/2884162/NCAA_Division_I_Track__Field_Championships/400-Hurdles,TFRRS all_performances
"Brockington, Tyler",South Carolina,SEC,400H,2016,3,,,58.14,seconds,Alan Connie Shamrock Invitational,2016-03-17,,,,Outdoor,https://www.tfrrs.org/results/42962/2717464/Alan_Connie_Shamrock_Invitational/400-Hurdles,TFRRS all_performances
"Hubbard, Morgan",South Carolina,SEC,400H,2016,2,,,1:01.02,seconds,Alan Connie Shamrock Invitational,2016-03-17,,,,Outdoor,https://www.tfrrs.org/results/42962/2717464/Alan_Connie_Shamrock_Invitational/400-Hurdles,TFRRS all_performances
"Hubbard, Morgan",South Carolina,SEC,400H,2016,2,,,1:01.78,seconds,Georgia Tech Yellow Jacket Invitational,2016-03-25,,,,Outdoor,https://www.tfrrs.org/results/44155/2737352/Georgia_Tech_Yellow_Jacket_Invitational/400-Hurdles,TFRRS all_performances
"Brockington, Tyler",South Carolina,SEC,400H,2016,3,,,57.38,seconds,Florida Relays,2016-03-31,,,,Outdoor,https://www.tfrrs.org/results/43368/2772321/Florida_Relays/400-Hurdles,TFRRS all_performances
"Hubbard, Morgan",South Carolina,SEC,400H,2016,2,,,1:01.36,seconds,Florida Relays,2016-03-31,,,,Outdoor,https://www.tfrrs.org/results/43368/2772321/Florida_Relays/400-Hurdles,TFRRS all_performances
"Hubbard, Morgan",South Carolina,SEC,400H,2016,2,,,1:02.85,seconds,Seminole Invitational,2016-04-15,,,,Outdoor,https://www.tfrrs.org/results/45850/2803061/Seminole_Invitational/400-Hurdles,TFRRS all_performances
"Brockington, Tyler",South Carolina,SEC,400H,2016,3,,,56.96,seconds,SEC Championships,2016-05-12,,,,Outdoor,https://www.tfrrs.org/results/46617/2873998/SEC_Championships/400-Hurdles,TFRRS all_performances
"Brockington, Tyler",South Carolina,SEC,400H,2016,3,,,58.06,seconds,SEC Championships,2016-05-12,,,,Outdoor,https://www.tfrrs.org/results/46617/2873998/SEC_Championships/400-Hurdles,TFRRS all_performances
"Brockington, Tyler",South Carolina,SEC,400H,2016,3,,,56.45,seconds,NCAA Division I - East Preliminary Round,2016-05-26,,,,Outdoor,https://www.tfrrs.org/results/46682/2882912/NCAA_Division_I_-_East_Preliminary_Round/400-Hurdles,TFRRS all_performances
"Brockington, Tyler",South Carolina,SEC,400H,2016,3,,,57.22,seconds,NCAA Division I - East Preliminary Round,2016-05-26,,,,Outdoor,https://www.tfrrs.org/results/46682/2882912/NCAA_Division_I_-_East_Preliminary_Round/400-Hurdles,TFRRS all_performances
"Brockington, Tyler",South Carolina,SEC,400H,2016,3,,,57.98,seconds,NCAA Division I Track & Field Championships,2016-06-08,,,,Outdoor,https://www.tfrrs.org/results/46699/2884162/NCAA_Division_I_Track__Field_Championships/400-Hurdles,TFRRS all_performances
"Thomas, Markeeta",Clemson,ACC,400H,2017,2,,,59.96,s,Miami Hurricane Collegiate Invitational,2017-03-25,,,,Outdoor,https://www.tfrrs.org/results/46899/3053280/Miami_Hurricane_Collegiate_Invitational/400-Hurdles,TFRRS all_performances
"Warner, Lakeisha",Clemson,ACC,400H,2017,1,,,1:00.39,s,Miami Hurricane Collegiate Invitational,2017-03-25,,,,Outdoor,https://www.tfrrs.org/results/46899/3053280/Miami_Hurricane_Collegiate_Invitational/400-Hurdles,TFRRS all_performances
"Thomas, Markeeta",Clemson,ACC,400H,2017,2,,,1:00.61,s,2017 90th Clyde Littlefield Texas Relays,2017-03-29,,,,Outdoor,https://www.tfrrs.org/results/48669/3075236/2017_90th_Clyde_Littlefield_Texas_Relays/400-Hurdles,TFRRS all_performances
"Thomas, Markeeta",Clemson,ACC,400H,2017,2,,,60.61,s,Texas Relays,2017-03-30,Prelim,,,Outdoor,https://www.tfrrs.org/athletes/5640837/Clemson/Markeeta_Thomas,legacy_source_needs_review
"Thomas, Markeeta",Clemson,ACC,400H,2017,2,,,59.88,s,Spec Towns Invitational,2017-04-07,,,,Outdoor,https://www.tfrrs.org/results/50860/3101774/Spec_Towns_Invitational/400-Hurdles,TFRRS all_performances
"Warner, Lakeisha",Clemson,ACC,400H,2017,1,,,58.83,s,Spec Towns Invitational,2017-04-07,,,,Outdoor,https://www.tfrrs.org/results/50860/3101774/Spec_Towns_Invitational/400-Hurdles,TFRRS all_performances
"Thomas, Markeeta",Clemson,ACC,400H,2017,2,,,59.23,s,LSU Alumni Gold,2017-04-22,,,,Outdoor,https://www.tfrrs.org/results/47400/3140899/LSU_Alumni_Gold/400-Hurdles,TFRRS all_performances
"Warner, Lakeisha",Clemson,ACC,400H,2017,1,,,1:00.26,s,LSU Alumni Gold,2017-04-22,,,,Outdoor,https://www.tfrrs.org/results/47400/3140899/LSU_Alumni_Gold/400-Hurdles,TFRRS all_performances
"Thomas, Markeeta",Clemson,ACC,400H,2017,2,,,57.36,s,ACC Outdoor Track & Field Championships,2017-05-12,,,,Outdoor,https://www.tfrrs.org/results/51674/3191814/ACC_Outdoor_Track__Field_Championships/400-Hurdles,TFRRS all_performances
"Thomas, Markeeta",Clemson,ACC,400H,2017,2,,,58.15,s,ACC Outdoor Track & Field Championships,2017-05-12,,,,Outdoor,https://www.tfrrs.org/results/51674/3191814/ACC_Outdoor_Track__Field_Championships/400-Hurdles,TFRRS all_performances
"Warner, Lakeisha",Clemson,ACC,400H,2017,1,,,58.36,s,ACC Outdoor Track & Field Championships,2017-05-12,,,,Outdoor,https://www.tfrrs.org/results/51674/3191814/ACC_Outdoor_Track__Field_Championships/400-Hurdles,TFRRS all_performances
"Warner, Lakeisha",Clemson,ACC,400H,2017,1,,,59.51,s,ACC Outdoor Track & Field Championships,2017-05-12,,,,Outdoor,https://www.tfrrs.org/results/51674/3191814/ACC_Outdoor_Track__Field_Championships/400-Hurdles,TFRRS all_performances
"Thomas, Markeeta",Clemson,ACC,400H,2017,2,,,57.53,s,NCAA Division I East Preliminary Round,2017-05-25,,,,Outdoor,https://www.tfrrs.org/results/51920/3197593/NCAA_Division_I_East_Preliminary_Round/400-Hurdles,TFRRS all_performances
"Thomas, Markeeta",Clemson,ACC,400H,2017,2,,,57.99,s,NCAA Division I East Preliminary Round,2017-05-25,,,,Outdoor,https://www.tfrrs.org/results/51920/3197593/NCAA_Division_I_East_Preliminary_Round/400-Hurdles,TFRRS all_performances
"Warner, Lakeisha",Clemson,ACC,400H,2017,1,,,58.74,s,NCAA Division I East Preliminary Round,2017-05-25,,,,Outdoor,https://www.tfrrs.org/results/51920/3197593/NCAA_Division_I_East_Preliminary_Round/400-Hurdles,TFRRS all_performances
"Warner, Lakeisha",Clemson,ACC,400H,2017,1,,,59.55,s,NCAA Division I East Preliminary Round,2017-05-25,,,,Outdoor,https://www.tfrrs.org/results/51920/3197593/NCAA_Division_I_East_Preliminary_Round/400-Hurdles,TFRRS all_performances
"Thomas, Markeeta",Clemson,ACC,400H,2017,2,,,59.25,s,NCAA Division I Outdoor Track & Field Championships,2017-06-07,,,,Outdoor,https://www.tfrrs.org/results/51935/3199097/NCAA_Division_I_Outdoor_Track__Field_Championships/400-Hurdles,TFRRS all_performances
"Thomas, Markeeta",Clemson,ACC,400H,2017,2,,,58.41,s,USATF Outdoor Championships,2017-06-22,Prelim,,,Outdoor,https://www.tfrrs.org/athletes/5640837/Clemson/Markeeta_Thomas,legacy_source_needs_review
"Jander, Tracy",Duke,ACC,400H,2017,1,,,1:08.80,s,Battle of the Blues,2017-04-01,,,,Outdoor,https://www.tfrrs.org/results/50487/3075687/Battle_of_the_Blues/400-Hurdles,TFRRS all_performances
"Cunningham, Kimmie",Florida State,ACC,400H,2017,1,,,1:03.51,s,USF Bulls Invitational,2017-03-17,,,,Outdoor,https://www.tfrrs.org/results/49210/3035827/USF_Bulls_Invitational/400-Hurdles,TFRRS all_performances
"Wimberly, Shy'Keya",Florida State,ACC,400H,2017,3,,,1:06.36,s,USF Bulls Invitational,2017-03-17,,,,Outdoor,https://www.tfrrs.org/results/49210/3035827/USF_Bulls_Invitational/400-Hurdles,TFRRS all_performances
"Cunningham, Kimmie",Florida State,ACC,400H,2017,1,,,1:04.60,s,FSU Relays,2017-03-24,,,,Outdoor,https://www.tfrrs.org/results/50136/3055485/FSU_Relays/400-Hurdles,TFRRS all_performances
"Wimberly, Shy'Keya",Florida State,ACC,400H,2017,3,,,1:05.14,s,FSU Relays,2017-03-24,,,,Outdoor,https://www.tfrrs.org/results/50136/3055485/FSU_Relays/400-Hurdles,TFRRS all_performances
"Cunningham, Kimmie",Florida State,ACC,400H,2017,1,,,1:03.44,s,Florida Relays,2017-03-30,,,,Outdoor,https://www.tfrrs.org/results/48929/3076639/Florida_Relays/400-Hurdles,TFRRS all_performances
"Wimberly, Shy'Keya",Florida State,ACC,400H,2017,3,,,1:05.65,s,Florida Relays,2017-03-30,,,,Outdoor,https://www.tfrrs.org/results/48929/3076639/Florida_Relays/400-Hurdles,TFRRS all_performances
"Cunningham, Kimmie",Florida State,ACC,400H,2017,1,,,1:04.25,s,Tennessee Relays,2017-04-06,,,,Outdoor,https://www.tfrrs.org/results/49376/3096499/Tennessee_Relays/400-Hurdles,TFRRS all_performances
"Cunningham, Kimmie",Florida State,ACC,400H,2017,1,,,1:05.15,s,UF Tom Jones Memorial,2017-04-28,,,,Outdoor,https://www.tfrrs.org/results/50650/3158902/UF_Tom_Jones_Memorial/400-Hurdles,TFRRS all_performances
"Wimberly, Shy'Keya",Florida State,ACC,400H,2017,3,,,1:04.20,s,UF Tom Jones Memorial,2017-04-28,,,,Outdoor,https://www.tfrrs.org/results/50650/3158902/UF_Tom_Jones_Memorial/400-Hurdles,TFRRS all_performances
"Wimberly, Shy'Keya",Florida State,ACC,400H,2017,3,,,1:05.53,s,Seminole Twilight,2017-05-05,,,,Outdoor,https://www.tfrrs.org/results/51776/3174634/Seminole_Twilight/400-Hurdles,TFRRS all_performances
"Labrie-Smith, Hannah",Stanford,ACC,400H,2017,2,,,1:03.03,s,Stanford Invitational,2017-03-31,,,,Outdoor,https://www.tfrrs.org/results/50496/3077209/Stanford_Invitational/400-Hurdles,TFRRS all_performances
"Lewis, Amber",Stanford,ACC,400H,2017,3,,,1:03.04,s,Stanford Invitational,2017-03-31,,,,Outdoor,https://www.tfrrs.org/results/50496/3077209/Stanford_Invitational/400-Hurdles,TFRRS all_performances
"Labrie-Smith, Hannah",Stanford,ACC,400H,2017,2,,,1:01.19,s,The Big Meet,2017-04-08,,,,Outdoor,https://www.tfrrs.org/results/50537/3100511/The_Big_Meet/400-Hurdles,TFRRS all_performances
"Labrie-Smith, Hannah",Stanford,ACC,400H,2017,2,,,1:02.03,s,Longhorn Invitational,2017-04-28,,,,Outdoor,https://www.tfrrs.org/results/48676/3161472/Longhorn_Invitational/400-Hurdles,TFRRS all_performances
"Labrie-Smith, Hannah",Stanford,ACC,400H,2017,2,,,1:03.46,s,Pac-12 Championships,2017-05-13,,,,Outdoor,https://www.tfrrs.org/results/51891/3191873/Pac-12_Championships/400-Hurdles,TFRRS all_performances
"Smith, Heather",Virginia,ACC,400H,2017,4,,,1:01.53,s,Miami Hurricane Collegiate Invitational,2017-03-25,,,,Outdoor,https://www.tfrrs.org/results/46899/3053280/Miami_Hurricane_Collegiate_Invitational/400-Hurdles,TFRRS all_performances
"Sullivan, Holly",Virginia,ACC,400H,2017,3,,,1:00.51,s,Miami Hurricane Collegiate Invitational,2017-03-25,,,,Outdoor,https://www.tfrrs.org/results/46899/3053280/Miami_Hurricane_Collegiate_Invitational/400-Hurdles,TFRRS all_performances
"Jefferson, Anna",Virginia,ACC,400H,2017,1,,,1:06.37,s,Virginia Quad,2017-04-08,,,,Outdoor,https://www.tfrrs.org/results/50828/3097720/Virginia_Quad/400-Hurdles,TFRRS all_performances
"Smith, Heather",Virginia,ACC,400H,2017,4,,,1:00.71,s,Virginia Quad,2017-04-08,,,,Outdoor,https://www.tfrrs.org/results/50828/3097720/Virginia_Quad/400-Hurdles,TFRRS all_performances
"Sullivan, Holly",Virginia,ACC,400H,2017,3,,,1:01.29,s,Virginia Quad,2017-04-08,,,,Outdoor,https://www.tfrrs.org/results/50828/3097720/Virginia_Quad/400-Hurdles,TFRRS all_performances
"Smith, Heather",Virginia,ACC,400H,2017,4,,,1:00.19,s,Virginia Challenge,2017-04-21,,,,Outdoor,https://www.tfrrs.org/results/51364/3143634/Virginia_Challenge/400-Hurdles,TFRRS all_performances
"Smith, Heather",Virginia,ACC,400H,2017,4,,,59.47,s,Virginia Grand Prix,2017-04-29,,,,Outdoor,https://www.tfrrs.org/results/51624/3162886/Virginia_Grand_Prix/400-Hurdles,TFRRS all_performances
"Sullivan, Holly",Virginia,ACC,400H,2017,3,,,1:00.34,s,Virginia Grand Prix,2017-04-29,,,,Outdoor,https://www.tfrrs.org/results/51624/3162886/Virginia_Grand_Prix/400-Hurdles,TFRRS all_performances
"Smith, Heather",Virginia,ACC,400H,2017,4,,,59.21,s,ACC Outdoor Track & Field Championships,2017-05-12,,,,Outdoor,https://www.tfrrs.org/results/51674/3191814/ACC_Outdoor_Track__Field_Championships/400-Hurdles,TFRRS all_performances
"Smith, Heather",Virginia,ACC,400H,2017,4,,,59.69,s,ACC Outdoor Track & Field Championships,2017-05-12,,,,Outdoor,https://www.tfrrs.org/results/51674/3191814/ACC_Outdoor_Track__Field_Championships/400-Hurdles,TFRRS all_performances
"Smith, Heather",Virginia,ACC,400H,2017,4,,,1:01.41,s,NCAA Division I East Preliminary Round,2017-05-25,,,,Outdoor,https://www.tfrrs.org/results/51920/3197593/NCAA_Division_I_East_Preliminary_Round/400-Hurdles,TFRRS all_performances
"Watson, Sage",Arizona,Big 12,400H,2017,4,,,56.12,seconds,Jim Click Shootout,2017-04-08,,,,Outdoor,https://www.tfrrs.org/results/49902/3097849/Jim_Click_Shootout/400-Hurdles,TFRRS all_performances
"Watson, Sage",Arizona,Big 12,400H,2017,4,,,55.67,seconds,2017 Horned Frog Invitational,2017-04-15,,,,Outdoor,https://www.tfrrs.org/results/49110/3122762/2017_Horned_Frog_Invitational/400-Hurdles,TFRRS all_performances
"Bonds, Tiana",Arizona,Big 12,400H,2017,3,,,1:02.76,seconds,Duel In The Desert- ASU vs Arizona,2017-04-28,,,,Outdoor,https://www.tfrrs.org/results/51627/3163249/Duel_In_The_Desert-_ASU_vs_Arizona/400-Hurdles,TFRRS all_performances
"Sutton, April",Arizona,Big 12,400H,2017,1,,,1:02.49,seconds,Duel In The Desert- ASU vs Arizona,2017-04-28,,,,Outdoor,https://www.tfrrs.org/results/51627/3163249/Duel_In_The_Desert-_ASU_vs_Arizona/400-Hurdles,TFRRS all_performances
"Watson, Sage",Arizona,Big 12,400H,2017,4,,,55.56,seconds,Duel In The Desert- ASU vs Arizona,2017-04-28,,,,Outdoor,https://www.tfrrs.org/results/51627/3163249/Duel_In_The_Desert-_ASU_vs_Arizona/400-Hurdles,TFRRS all_performances
"Bonds, Tiana",Arizona,Big 12,400H,2017,3,,,1:03.79,seconds,Pac-12 Championships,2017-05-13,,,,Outdoor,https://www.tfrrs.org/results/51891/3191873/Pac-12_Championships/400-Hurdles,TFRRS all_performances
"Sutton, April",Arizona,Big 12,400H,2017,1,,,1:02.16,seconds,Pac-12 Championships,2017-05-13,,,,Outdoor,https://www.tfrrs.org/results/51891/3191873/Pac-12_Championships/400-Hurdles,TFRRS all_performances
"Watson, Sage",Arizona,Big 12,400H,2017,4,,,55.01,seconds,Pac-12 Championships,2017-05-13,,,,Outdoor,https://www.tfrrs.org/results/51891/3191873/Pac-12_Championships/400-Hurdles,TFRRS all_performances
"Watson, Sage",Arizona,Big 12,400H,2017,4,,,56.50,seconds,Pac-12 Championships,2017-05-13,,,,Outdoor,https://www.tfrrs.org/results/51891/3191873/Pac-12_Championships/400-Hurdles,TFRRS all_performances
"Watson, Sage",Arizona,Big 12,400H,2017,4,,,56.13,seconds,NCAA Division I West Preliminary Round,2017-05-25,,,,Outdoor,https://www.tfrrs.org/results/51921/3197633/NCAA_Division_I_West_Preliminary_Round/400-Hurdles,TFRRS all_performances
"Watson, Sage",Arizona,Big 12,400H,2017,4,,,57.35,seconds,NCAA Division I West Preliminary Round,2017-05-25,,,,Outdoor,https://www.tfrrs.org/results/51921/3197633/NCAA_Division_I_West_Preliminary_Round/400-Hurdles,TFRRS all_performances
"Watson, Sage",Arizona,Big 12,400H,2017,4,,,54.52,seconds,NCAA Division I Outdoor Track & Field Championships,2017-06-07,,,,Outdoor,https://www.tfrrs.org/results/51935/3199097/NCAA_Division_I_Outdoor_Track__Field_Championships/400-Hurdles,TFRRS all_performances
"Watson, Sage",Arizona,Big 12,400H,2017,4,,,54.88,seconds,NCAA Division I Outdoor Track & Field Championships,2017-06-07,,,,Outdoor,https://www.tfrrs.org/results/51935/3199097/NCAA_Division_I_Outdoor_Track__Field_Championships/400-Hurdles,TFRRS all_performances
"Gunnerson, Kaitlyn",BYU,Big 12,400H,2017,2,,,1:02.72,seconds,Trojan Invitational,2017-03-17,,,,Outdoor,https://www.tfrrs.org/results/48842/3036917/Trojan_Invitational/400-Hurdles,TFRRS all_performances
"Gunnerson, Kaitlyn",BYU,Big 12,400H,2017,2,,,1:01.75,seconds,2017 90th Clyde Littlefield Texas Relays,2017-03-29,,,,Outdoor,https://www.tfrrs.org/results/48669/3075236/2017_90th_Clyde_Littlefield_Texas_Relays/400-Hurdles,TFRRS all_performances
"Porter, Brenna",BYU,Big 12,400H,2017,2,,,59.20,seconds,2017 90th Clyde Littlefield Texas Relays,2017-03-29,,,,Outdoor,https://www.tfrrs.org/results/48669/3075236/2017_90th_Clyde_Littlefield_Texas_Relays/400-Hurdles,TFRRS all_performances
"Welling, Naomi",BYU,Big 12,400H,2017,1,,,1:03.35,seconds,2017 UVU Collegiate Invitational,2017-03-31,,,,Outdoor,https://www.tfrrs.org/results/50494/3076942/2017_UVU_Collegiate_Invitational/400-Hurdles,TFRRS all_performances
"Gunnerson, Kaitlyn",BYU,Big 12,400H,2017,2,,,1:02.35,seconds,38th Sun Angel Classic,2017-04-06,,,,Outdoor,https://www.tfrrs.org/results/50850/3101114/38th_Sun_Angel_Classic/400-Hurdles,TFRRS all_performances
"Porter, Brenna",BYU,Big 12,400H,2017,2,,,58.76,seconds,38th Sun Angel Classic,2017-04-06,,,,Outdoor,https://www.tfrrs.org/results/50850/3101114/38th_Sun_Angel_Classic/400-Hurdles,TFRRS all_performances
"Welling, Naomi",BYU,Big 12,400H,2017,1,,,1:03.52,seconds,Utah/Weber State Spring Classic - Day 2,2017-04-08,,,,Outdoor,https://www.tfrrs.org/results/50822/3097299/Utah_Weber_State_Spring_Classic_-_Day_2/400-Hurdles,TFRRS all_performances
"Gunnerson, Kaitlyn",BYU,Big 12,400H,2017,2,,,1:01.73,seconds,Utah State Mark Faldmo Invitational,2017-04-14,,,,Outdoor,https://www.tfrrs.org/results/50022/3121124/Utah_State_Mark_Faldmo_Invitational/400-Hurdles,TFRRS all_performances
"Porter, Brenna",BYU,Big 12,400H,2017,2,,,57.74,seconds,Utah State Mark Faldmo Invitational,2017-04-14,,,,Outdoor,https://www.tfrrs.org/results/50022/3121124/Utah_State_Mark_Faldmo_Invitational/400-Hurdles,TFRRS all_performances
"Welling, Naomi",BYU,Big 12,400H,2017,1,,,1:03.54,seconds,Utah State Mark Faldmo Invitational,2017-04-14,,,,Outdoor,https://www.tfrrs.org/results/50022/3121124/Utah_State_Mark_Faldmo_Invitational/400-Hurdles,TFRRS all_performances
"Gunnerson, Kaitlyn",BYU,Big 12,400H,2017,2,,,1:02.97,seconds,2017 BYU Robison Invitational,2017-04-27,,,,Outdoor,https://www.tfrrs.org/results/51626/3166674/2017_BYU_Robison_Invitational/400-Hurdles,TFRRS all_performances
"Porter, Brenna",BYU,Big 12,400H,2017,2,,,59.70,seconds,2017 BYU Robison Invitational,2017-04-27,,,,Outdoor,https://www.tfrrs.org/results/51626/3166674/2017_BYU_Robison_Invitational/400-Hurdles,TFRRS all_performances
"Gunnerson, Kaitlyn",BYU,Big 12,400H,2017,2,,,1:00.95,seconds,2017 Oxy Invitational,2017-05-06,,,,Outdoor,https://www.tfrrs.org/results/47548/3179116/2017_Oxy_Invitational/400-Hurdles,TFRRS all_performances
"Gunnerson, Kaitlyn",BYU,Big 12,400H,2017,2,,,1:01.67,seconds,2017 BYU Cougar Invitational,2017-05-12,,,,Outdoor,https://www.tfrrs.org/results/51875/3189809/2017_BYU_Cougar_Invitational/400-Hurdles,TFRRS all_performances
"Porter, Brenna",BYU,Big 12,400H,2017,2,,,57.65,seconds,2017 BYU Cougar Invitational,2017-05-12,,,,Outdoor,https://www.tfrrs.org/results/51875/3189809/2017_BYU_Cougar_Invitational/400-Hurdles,TFRRS all_performances
"Porter, Brenna",BYU,Big 12,400H,2017,2,,,1:08.13,seconds,NCAA Division I West Preliminary Round,2017-05-25,,,,Outdoor,https://www.tfrrs.org/results/51921/3197633/NCAA_Division_I_West_Preliminary_Round/400-Hurdles,TFRRS all_performances
"Houston, Taylor",Baylor,Big 12,400H,2017,4,,,1:03.89,seconds,2017 TCU Invitational,2017-03-17,,,,Outdoor,https://www.tfrrs.org/results/48448/3035795/2017_TCU_Invitational/400-Hurdles,TFRRS all_performances
"Hawn, Kiana",Baylor,Big 12,400H,2017,3,,,59.14,seconds,Roadrunner Invitational,2017-03-23,,,,Outdoor,https://www.tfrrs.org/results/49293/3055173/Roadrunner_Invitational/400-Hurdles,TFRRS all_performances
"Houston, Taylor",Baylor,Big 12,400H,2017,4,,,1:03.21,seconds,Roadrunner Invitational,2017-03-23,,,,Outdoor,https://www.tfrrs.org/results/49293/3055173/Roadrunner_Invitational/400-Hurdles,TFRRS all_performances
"Hawn, Kiana",Baylor,Big 12,400H,2017,3,,,57.16,seconds,2017 90th Clyde Littlefield Texas Relays,2017-03-29,,,,Outdoor,https://www.tfrrs.org/results/48669/3075236/2017_90th_Clyde_Littlefield_Texas_Relays/400-Hurdles,TFRRS all_performances
"Hawn, Kiana",Baylor,Big 12,400H,2017,3,,,57.93,seconds,2017 90th Clyde Littlefield Texas Relays,2017-03-29,,,,Outdoor,https://www.tfrrs.org/results/48669/3075236/2017_90th_Clyde_Littlefield_Texas_Relays/400-Hurdles,TFRRS all_performances
"Houston, Taylor",Baylor,Big 12,400H,2017,4,,,1:04.47,seconds,2017 90th Clyde Littlefield Texas Relays,2017-03-29,,,,Outdoor,https://www.tfrrs.org/results/48669/3075236/2017_90th_Clyde_Littlefield_Texas_Relays/400-Hurdles,TFRRS all_performances
"Hawn, Kiana",Baylor,Big 12,400H,2017,3,,,57.45,seconds,Baylor Invitational,2017-04-08,,,,Outdoor,https://www.tfrrs.org/results/48979/3099245/Baylor_Invitational/400-Hurdles,TFRRS all_performances
"Houston, Taylor",Baylor,Big 12,400H,2017,4,,,1:03.44,seconds,Baylor Invitational,2017-04-08,,,,Outdoor,https://www.tfrrs.org/results/48979/3099245/Baylor_Invitational/400-Hurdles,TFRRS all_performances
"Hawn, Kiana",Baylor,Big 12,400H,2017,3,,,58.30,seconds,Michael Johnson Invitational,2017-04-22,,,,Outdoor,https://www.tfrrs.org/results/49272/3142980/Michael_Johnson_Invitational/400-Hurdles,TFRRS all_performances
"Houston, Taylor",Baylor,Big 12,400H,2017,4,,,1:06.22,seconds,Michael Johnson Invitational,2017-04-22,,,,Outdoor,https://www.tfrrs.org/results/49272/3142980/Michael_Johnson_Invitational/400-Hurdles,TFRRS all_performances
"Hawn, Kiana",Baylor,Big 12,400H,2017,3,,,57.66,seconds,Texas Tech Red Raider Shoot-Out,2017-04-28,,,,Outdoor,https://www.tfrrs.org/results/48624/3163572/Texas_Tech_Red_Raider_Shoot-Out/400-Hurdles,TFRRS all_performances
"Houston, Taylor",Baylor,Big 12,400H,2017,4,,,1:05.67,seconds,Texas Tech Red Raider Shoot-Out,2017-04-28,,,,Outdoor,https://www.tfrrs.org/results/48624/3163572/Texas_Tech_Red_Raider_Shoot-Out/400-Hurdles,TFRRS all_performances
"Hawn, Kiana",Baylor,Big 12,400H,2017,3,,,57.75,seconds,Big 12 Outdoor Track & Field Championships,2017-05-12,,,,Outdoor,https://www.tfrrs.org/results/51401/3192059/Big_12_Outdoor_Track__Field_Championships/400-Hurdles,TFRRS all_performances
"Hawn, Kiana",Baylor,Big 12,400H,2017,3,,,58.73,seconds,Big 12 Outdoor Track & Field Championships,2017-05-12,,,,Outdoor,https://www.tfrrs.org/results/51401/3192059/Big_12_Outdoor_Track__Field_Championships/400-Hurdles,TFRRS all_performances
"Hawn, Kiana",Baylor,Big 12,400H,2017,3,,,57.12,seconds,NCAA Division I West Preliminary Round,2017-05-25,,,,Outdoor,https://www.tfrrs.org/results/51921/3197633/NCAA_Division_I_West_Preliminary_Round/400-Hurdles,TFRRS all_performances
"Hawn, Kiana",Baylor,Big 12,400H,2017,3,,,58.77,seconds,NCAA Division I West Preliminary Round,2017-05-25,,,,Outdoor,https://www.tfrrs.org/results/51921/3197633/NCAA_Division_I_West_Preliminary_Round/400-Hurdles,TFRRS all_performances
"Hawn, Kiana",Baylor,Big 12,400H,2017,3,,,1:00.80,seconds,NCAA Division I Outdoor Track & Field Championships,2017-06-07,,,,Outdoor,https://www.tfrrs.org/results/51935/3199097/NCAA_Division_I_Outdoor_Track__Field_Championships/400-Hurdles,TFRRS all_performances
"Frank, Mackenzie",Texas Tech,Big 12,400H,2017,1,,,1:00.91,seconds,UTSA Invitational,2017-03-17,,,,Outdoor,https://www.tfrrs.org/results/49273/3037367/UTSA_Invitational/400-Hurdles,TFRRS all_performances
"Johnson, Kirsten",Texas Tech,Big 12,400H,2017,3,,,1:01.90,seconds,UTSA Invitational,2017-03-17,,,,Outdoor,https://www.tfrrs.org/results/49273/3037367/UTSA_Invitational/400-Hurdles,TFRRS all_performances
"Merrick, Brooke",Texas Tech,Big 12,400H,2017,1,,,1:03.73,seconds,UTSA Invitational,2017-03-17,,,,Outdoor,https://www.tfrrs.org/results/49273/3037367/UTSA_Invitational/400-Hurdles,TFRRS all_performances
"Frank, Mackenzie",Texas Tech,Big 12,400H,2017,1,,,1:00.77,seconds,Wes Kittley Invitational,2017-03-24,,,,Outdoor,https://www.tfrrs.org/results/49664/3056892/Wes_Kittley_Invitational/400-Hurdles,TFRRS all_performances
"Johnson, Kirsten",Texas Tech,Big 12,400H,2017,3,,,1:02.38,seconds,Wes Kittley Invitational,2017-03-24,,,,Outdoor,https://www.tfrrs.org/results/49664/3056892/Wes_Kittley_Invitational/400-Hurdles,TFRRS all_performances
"Merrick, Brooke",Texas Tech,Big 12,400H,2017,1,,,1:02.07,seconds,Wes Kittley Invitational,2017-03-24,,,,Outdoor,https://www.tfrrs.org/results/49664/3056892/Wes_Kittley_Invitational/400-Hurdles,TFRRS all_performances
"Frank, Mackenzie",Texas Tech,Big 12,400H,2017,1,,,1:00.47,seconds,2017 90th Clyde Littlefield Texas Relays,2017-03-29,,,,Outdoor,https://www.tfrrs.org/results/48669/3075231/2017_90th_Clyde_Littlefield_Texas_Relays/400-Hurdles,TFRRS all_performances
"Frank, Mackenzie",Texas Tech,Big 12,400H,2017,1,,,1:00.83,seconds,2017 90th Clyde Littlefield Texas Relays,2017-03-29,,,,Outdoor,https://www.tfrrs.org/results/48669/3075236/2017_90th_Clyde_Littlefield_Texas_Relays/400-Hurdles,TFRRS all_performances
"Johnson, Kirsten",Texas Tech,Big 12,400H,2017,3,,,1:01.98,seconds,2017 90th Clyde Littlefield Texas Relays,2017-03-29,,,,Outdoor,https://www.tfrrs.org/results/48669/3075236/2017_90th_Clyde_Littlefield_Texas_Relays/400-Hurdles,TFRRS all_performances
"Frank, Mackenzie",Texas Tech,Big 12,400H,2017,1,,,59.16,seconds,38th Sun Angel Classic,2017-04-06,,,,Outdoor,https://www.tfrrs.org/results/50850/3101114/38th_Sun_Angel_Classic/400-Hurdles,TFRRS all_performances
"Johnson, Kirsten",Texas Tech,Big 12,400H,2017,3,,,1:00.81,seconds,WT Classic and Multi,2017-04-07,,,,Outdoor,https://www.tfrrs.org/results/48316/3099075/WT_Classic_and_Multi/400-Hurdles,TFRRS all_performances
"Merrick, Brooke",Texas Tech,Big 12,400H,2017,1,,,1:03.34,seconds,WT Classic and Multi,2017-04-07,,,,Outdoor,https://www.tfrrs.org/results/48316/3099075/WT_Classic_and_Multi/400-Hurdles,TFRRS all_performances
"Frank, Mackenzie",Texas Tech,Big 12,400H,2017,1,,,59.82,seconds,2017 Horned Frog Invitational,2017-04-15,,,,Outdoor,https://www.tfrrs.org/results/49110/3122762/2017_Horned_Frog_Invitational/400-Hurdles,TFRRS all_performances
"Johnson, Kirsten",Texas Tech,Big 12,400H,2017,3,,,1:02.19,seconds,2017 Horned Frog Invitational,2017-04-15,,,,Outdoor,https://www.tfrrs.org/results/49110/3122762/2017_Horned_Frog_Invitational/400-Hurdles,TFRRS all_performances
"Merrick, Brooke",Texas Tech,Big 12,400H,2017,1,,,1:01.98,seconds,2017 Horned Frog Invitational,2017-04-15,,,,Outdoor,https://www.tfrrs.org/results/49110/3122762/2017_Horned_Frog_Invitational/400-Hurdles,TFRRS all_performances
"Frank, Mackenzie",Texas Tech,Big 12,400H,2017,1,,,1:00.82,seconds,Michael Johnson Invitational,2017-04-22,,,,Outdoor,https://www.tfrrs.org/results/49272/3142980/Michael_Johnson_Invitational/400-Hurdles,TFRRS all_performances
"Johnson, Kirsten",Texas Tech,Big 12,400H,2017,3,,,1:03.10,seconds,Michael Johnson Invitational,2017-04-22,,,,Outdoor,https://www.tfrrs.org/results/49272/3142980/Michael_Johnson_Invitational/400-Hurdles,TFRRS all_performances
"Merrick, Brooke",Texas Tech,Big 12,400H,2017,1,,,1:03.47,seconds,Michael Johnson Invitational,2017-04-22,,,,Outdoor,https://www.tfrrs.org/results/49272/3142980/Michael_Johnson_Invitational/400-Hurdles,TFRRS all_performances
"Frank, Mackenzie",Texas Tech,Big 12,400H,2017,1,,,1:00.96,seconds,Texas Tech Red Raider Shoot-Out,2017-04-28,,,,Outdoor,https://www.tfrrs.org/results/48624/3163572/Texas_Tech_Red_Raider_Shoot-Out/400-Hurdles,TFRRS all_performances
"Johnson, Kirsten",Texas Tech,Big 12,400H,2017,3,,,1:01.39,seconds,Texas Tech Red Raider Shoot-Out,2017-04-28,,,,Outdoor,https://www.tfrrs.org/results/48624/3163572/Texas_Tech_Red_Raider_Shoot-Out/400-Hurdles,TFRRS all_performances
"Merrick, Brooke",Texas Tech,Big 12,400H,2017,1,,,1:01.06,seconds,Texas Tech Red Raider Shoot-Out,2017-04-28,,,,Outdoor,https://www.tfrrs.org/results/48624/3163572/Texas_Tech_Red_Raider_Shoot-Out/400-Hurdles,TFRRS all_performances
"Frank, Mackenzie",Texas Tech,Big 12,400H,2017,1,,,1:01.61,seconds,Big 12 Outdoor Track & Field Championships,2017-05-12,,,,Outdoor,https://www.tfrrs.org/results/51401/3192059/Big_12_Outdoor_Track__Field_Championships/400-Hurdles,TFRRS all_performances
"Johnson, Kirsten",Texas Tech,Big 12,400H,2017,3,,,1:01.00,seconds,Big 12 Outdoor Track & Field Championships,2017-05-12,,,,Outdoor,https://www.tfrrs.org/results/51401/3192059/Big_12_Outdoor_Track__Field_Championships/400-Hurdles,TFRRS all_performances
"Johnson, Kirsten",Texas Tech,Big 12,400H,2017,3,,,1:03.58,seconds,Big 12 Outdoor Track & Field Championships,2017-05-12,,,,Outdoor,https://www.tfrrs.org/results/51401/3192059/Big_12_Outdoor_Track__Field_Championships/400-Hurdles,TFRRS all_performances
"Merrick, Brooke",Texas Tech,Big 12,400H,2017,1,,,1:03.32,seconds,Big 12 Outdoor Track & Field Championships,2017-05-12,,,,Outdoor,https://www.tfrrs.org/results/51401/3192059/Big_12_Outdoor_Track__Field_Championships/400-Hurdles,TFRRS all_performances
"Frank, Mackenzie",Texas Tech,Big 12,400H,2017,1,,,1:01.89,seconds,NCAA Division I West Preliminary Round,2017-05-25,,,,Outdoor,https://www.tfrrs.org/results/51921/3197633/NCAA_Division_I_West_Preliminary_Round/400-Hurdles,TFRRS all_performances
"Berry, Jasmine",Illinois,Big Ten,400H,2017,3,,,1:05.30,seconds,Illinois Twilight,2017-04-22,,,,Outdoor,https://www.tfrrs.org/results/46789/3144007/Illinois_Twilight/400-Hurdles,TFRRS all_performances
"Berry, Jasmine",Illinois,Big Ten,400H,2017,3,,,1:04.92,seconds,Big Ten Outdoor Championships,2017-05-12,,,,Outdoor,https://www.tfrrs.org/results/51888/3191465/Big_Ten_Outdoor_Championships/400-Hurdles,TFRRS all_performances
"Barge, Jasmine",Nebraska,Big Ten,400H,2017,2,,,58.59,seconds,Pac-12 vs Big-10 Invitational,2017-03-24,,,,Outdoor,https://www.tfrrs.org/results/50133/3055311/Pac-12_vs_Big-10_Invitational/400-Hurdles,TFRRS all_performances
"Hill, Virginia",Nebraska,Big Ten,400H,2017,4,,,1:00.10,seconds,Pac-12 vs Big-10 Invitational,2017-03-24,,,,Outdoor,https://www.tfrrs.org/results/50133/3055311/Pac-12_vs_Big-10_Invitational/400-Hurdles,TFRRS all_performances
"Peskova, Michaela",Nebraska,Big Ten,400H,2017,1,,,59.35,seconds,Pac-12 vs Big-10 Invitational,2017-03-24,,,,Outdoor,https://www.tfrrs.org/results/50133/3055311/Pac-12_vs_Big-10_Invitational/400-Hurdles,TFRRS all_performances
"Dworak, Morgan",Nebraska,Big Ten,400H,2017,3,,,1:05.06,seconds,2017 Husker Spring Invitational,2017-04-08,,,,Outdoor,https://www.tfrrs.org/results/47644/3098270/2017_Husker_Spring_Invitational/400-Hurdles,TFRRS all_performances
"Hill, Virginia",Nebraska,Big Ten,400H,2017,4,,,1:00.31,seconds,2017 Husker Spring Invitational,2017-04-08,,,,Outdoor,https://www.tfrrs.org/results/47644/3098270/2017_Husker_Spring_Invitational/400-Hurdles,TFRRS all_performances
"Moore, Rebecca",Nebraska,Big Ten,400H,2017,1,,,1:07.66,seconds,2017 Husker Spring Invitational,2017-04-08,,,,Outdoor,https://www.tfrrs.org/results/47644/3098270/2017_Husker_Spring_Invitational/400-Hurdles,TFRRS all_performances
"Dowell, Kristen",Nebraska,Big Ten,400H,2017,3,,,1:10.02,seconds,Tom Botts Invitational,2017-04-14,,,,Outdoor,https://www.tfrrs.org/results/51117/3120350/Tom_Botts_Invitational/400-Hurdles,TFRRS all_performances
"Hill, Virginia",Nebraska,Big Ten,400H,2017,4,,,1:00.97,seconds,Tom Botts Invitational,2017-04-14,,,,Outdoor,https://www.tfrrs.org/results/51117/3120350/Tom_Botts_Invitational/400-Hurdles,TFRRS all_performances
"Barge, Jasmine",Nebraska,Big Ten,400H,2017,2,,,58.60,seconds,John Jacobs Invitational,2017-04-21,,,,Outdoor,https://www.tfrrs.org/results/51362/3143434/John_Jacobs_Invitational/400-Hurdles,TFRRS all_performances
"Hill, Virginia",Nebraska,Big Ten,400H,2017,4,,,59.76,seconds,John Jacobs Invitational,2017-04-21,,,,Outdoor,https://www.tfrrs.org/results/51362/3143434/John_Jacobs_Invitational/400-Hurdles,TFRRS all_performances
"Peskova, Michaela",Nebraska,Big Ten,400H,2017,1,,,59.53,seconds,John Jacobs Invitational,2017-04-21,,,,Outdoor,https://www.tfrrs.org/results/51362/3143434/John_Jacobs_Invitational/400-Hurdles,TFRRS all_performances
"Dworak, Morgan",Nebraska,Big Ten,400H,2017,3,,,1:04.24,seconds,2017 Prairie Wolf Invite,2017-04-27,,,,Outdoor,https://www.tfrrs.org/results/51573/3157065/2017_Prairie_Wolf_Invite/400-Hurdles,TFRRS all_performances
"Moore, Rebecca",Nebraska,Big Ten,400H,2017,1,,,1:05.94,seconds,2017 Prairie Wolf Invite,2017-04-27,,,,Outdoor,https://www.tfrrs.org/results/51573/3157065/2017_Prairie_Wolf_Invite/400-Hurdles,TFRRS all_performances
"Smith, Jessi",Nebraska,Big Ten,400H,2017,1,,,1:05.07,seconds,2017 Prairie Wolf Invite,2017-04-27,,,,Outdoor,https://www.tfrrs.org/results/51573/3157065/2017_Prairie_Wolf_Invite/400-Hurdles,TFRRS all_performances
"Barge, Jasmine",Nebraska,Big Ten,400H,2017,2,,,57.59,seconds,Texas Tech Red Raider Shoot-Out,2017-04-28,,,,Outdoor,https://www.tfrrs.org/results/48624/3163572/Texas_Tech_Red_Raider_Shoot-Out/400-Hurdles,TFRRS all_performances
"Hill, Virginia",Nebraska,Big Ten,400H,2017,4,,,1:00.09,seconds,Texas Tech Red Raider Shoot-Out,2017-04-28,,,,Outdoor,https://www.tfrrs.org/results/48624/3163572/Texas_Tech_Red_Raider_Shoot-Out/400-Hurdles,TFRRS all_performances
"Peskova, Michaela",Nebraska,Big Ten,400H,2017,1,,,58.62,seconds,Texas Tech Red Raider Shoot-Out,2017-04-28,,,,Outdoor,https://www.tfrrs.org/results/48624/3163572/Texas_Tech_Red_Raider_Shoot-Out/400-Hurdles,TFRRS all_performances
"Dworak, Morgan",Nebraska,Big Ten,400H,2017,3,,,1:05.04,seconds,2017 Nebraska Invitational,2017-05-06,,,,Outdoor,https://www.tfrrs.org/results/47645/3177996/2017_Nebraska_Invitational/400-Hurdles,TFRRS all_performances
"Hill, Virginia",Nebraska,Big Ten,400H,2017,4,,,58.96,seconds,2017 Nebraska Invitational,2017-05-06,,,,Outdoor,https://www.tfrrs.org/results/47645/3177996/2017_Nebraska_Invitational/400-Hurdles,TFRRS all_performances
"Moore, Rebecca",Nebraska,Big Ten,400H,2017,1,,,1:05.41,seconds,2017 Nebraska Invitational,2017-05-06,,,,Outdoor,https://www.tfrrs.org/results/47645/3177996/2017_Nebraska_Invitational/400-Hurdles,TFRRS all_performances
"Barge, Jasmine",Nebraska,Big Ten,400H,2017,2,,,57.68,seconds,Big Ten Outdoor Championships,2017-05-12,,,,Outdoor,https://www.tfrrs.org/results/51888/3191465/Big_Ten_Outdoor_Championships/400-Hurdles,TFRRS all_performances
"Barge, Jasmine",Nebraska,Big Ten,400H,2017,2,,,58.35,seconds,Big Ten Outdoor Championships,2017-05-12,,,,Outdoor,https://www.tfrrs.org/results/51888/3191465/Big_Ten_Outdoor_Championships/400-Hurdles,TFRRS all_performances
"Hill, Virginia",Nebraska,Big Ten,400H,2017,4,,,59.20,seconds,Big Ten Outdoor Championships,2017-05-12,,,,Outdoor,https://www.tfrrs.org/results/51888/3191465/Big_Ten_Outdoor_Championships/400-Hurdles,TFRRS all_performances
"Hill, Virginia",Nebraska,Big Ten,400H,2017,4,,,59.55,seconds,Big Ten Outdoor Championships,2017-05-12,,,,Outdoor,https://www.tfrrs.org/results/51888/3191465/Big_Ten_Outdoor_Championships/400-Hurdles,TFRRS all_performances
"Peskova, Michaela",Nebraska,Big Ten,400H,2017,1,,,59.08,seconds,Big Ten Outdoor Championships,2017-05-12,,,,Outdoor,https://www.tfrrs.org/results/51888/3191465/Big_Ten_Outdoor_Championships/400-Hurdles,TFRRS all_performances
"Peskova, Michaela",Nebraska,Big Ten,400H,2017,1,,,59.22,seconds,Big Ten Outdoor Championships,2017-05-12,,,,Outdoor,https://www.tfrrs.org/results/51888/3191465/Big_Ten_Outdoor_Championships/400-Hurdles,TFRRS all_performances
"Barge, Jasmine",Nebraska,Big Ten,400H,2017,2,,,58.52,seconds,NCAA Division I West Preliminary Round,2017-05-25,,,,Outdoor,https://www.tfrrs.org/results/51921/3197633/NCAA_Division_I_West_Preliminary_Round/400-Hurdles,TFRRS all_performances
"Hill, Virginia",Nebraska,Big Ten,400H,2017,4,,,59.78,seconds,NCAA Division I West Preliminary Round,2017-05-25,,,,Outdoor,https://www.tfrrs.org/results/51921/3197633/NCAA_Division_I_West_Preliminary_Round/400-Hurdles,TFRRS all_performances
"Hill, Virginia",Nebraska,Big Ten,400H,2017,4,,,59.90,seconds,NCAA Division I West Preliminary Round,2017-05-25,,,,Outdoor,https://www.tfrrs.org/results/51921/3197633/NCAA_Division_I_West_Preliminary_Round/400-Hurdles,TFRRS all_performances
"Peskova, Michaela",Nebraska,Big Ten,400H,2017,1,,,59.16,seconds,NCAA Division I West Preliminary Round,2017-05-25,,,,Outdoor,https://www.tfrrs.org/results/51921/3197633/NCAA_Division_I_West_Preliminary_Round/400-Hurdles,TFRRS all_performances
"Peskova, Michaela",Nebraska,Big Ten,400H,2017,1,,,59.75,seconds,NCAA Division I West Preliminary Round,2017-05-25,,,,Outdoor,https://www.tfrrs.org/results/51921/3197633/NCAA_Division_I_West_Preliminary_Round/400-Hurdles,TFRRS all_performances
"Barge, Jasmine",Nebraska,Big Ten,400H,2017,2,,,59.24,seconds,NCAA Division I Outdoor Track & Field Championships,2017-06-07,,,,Outdoor,https://www.tfrrs.org/results/51935/3199097/NCAA_Division_I_Outdoor_Track__Field_Championships/400-Hurdles,TFRRS all_performances
"Greenleaf, Madi",Oregon,Big Ten,400H,2017,3,,,1:02.84,seconds,Florida Relays,2017-03-30,,,,Outdoor,https://www.tfrrs.org/results/48929/3076614/Florida_Relays/400-Hurdles,TFRRS all_performances
"O'Connor, Kylee",Oregon,Big Ten,400H,2017,3,,,1:02.22,seconds,Florida Relays,2017-03-30,,,,Outdoor,https://www.tfrrs.org/results/48929/3076614/Florida_Relays/400-Hurdles,TFRRS all_performances
"Stephen, Keera",Oregon,Big Ten,400H,2017,2,,,1:13.08,seconds,John Knight Twilight,2017-04-07,,,,Outdoor,https://www.tfrrs.org/results/49885/3095570/John_Knight_Twilight/400-Hurdles,TFRRS all_performances
"Jackson, Khadejah",Oregon,Big Ten,400H,2017,2,,,1:01.89,seconds,Mt. SAC Relays,2017-04-13,,,,Outdoor,https://www.tfrrs.org/results/51129/3123027/Mt_SAC_Relays/400-Hurdles,TFRRS all_performances
"O'Connor, Kylee",Oregon,Big Ten,400H,2017,3,,,1:01.66,seconds,Mt. SAC Relays,2017-04-13,,,,Outdoor,https://www.tfrrs.org/results/51129/3123027/Mt_SAC_Relays/400-Hurdles,TFRRS all_performances
"Jackson, Khadejah",Oregon,Big Ten,400H,2017,2,,,1:00.03,seconds,Oregon State University High Performance,2017-04-28,,,,Outdoor,https://www.tfrrs.org/results/48540/3162700/Oregon_State_University_High_Performance/400-Hurdles,TFRRS all_performances
"O'Connor, Kylee",Oregon,Big Ten,400H,2017,3,,,1:00.89,seconds,Oregon State University High Performance,2017-04-28,,,,Outdoor,https://www.tfrrs.org/results/48540/3162700/Oregon_State_University_High_Performance/400-Hurdles,TFRRS all_performances
"Stephen, Keera",Oregon,Big Ten,400H,2017,2,,,1:06.03,seconds,Oregon Twilight,2017-05-05,,,,Outdoor,https://www.tfrrs.org/results/49983/3174897/Oregon_Twilight/400-Hurdles,TFRRS all_performances
"Jackson, Khadejah",Oregon,Big Ten,400H,2017,2,,,1:00.36,seconds,Pac-12 Championships,2017-05-13,,,,Outdoor,https://www.tfrrs.org/results/51891/3191873/Pac-12_Championships/400-Hurdles,TFRRS all_performances
"Jackson, Khadejah",Oregon,Big Ten,400H,2017,2,,,59.46,seconds,Pac-12 Championships,2017-05-13,,,,Outdoor,https://www.tfrrs.org/results/51891/3191873/Pac-12_Championships/400-Hurdles,TFRRS all_performances
"O'Connor, Kylee",Oregon,Big Ten,400H,2017,3,,,1:01.30,seconds,Pac-12 Championships,2017-05-13,,,,Outdoor,https://www.tfrrs.org/results/51891/3191873/Pac-12_Championships/400-Hurdles,TFRRS all_performances
"Jackson, Khadejah",Oregon,Big Ten,400H,2017,2,,,1:00.37,seconds,NCAA Division I West Preliminary Round,2017-05-25,,,,Outdoor,https://www.tfrrs.org/results/51921/3197633/NCAA_Division_I_West_Preliminary_Round/400-Hurdles,TFRRS all_performances
"Graham, Jasmyne",USC,Big Ten,400H,2017,2,,,1:02.38,seconds,39th Annual Aztec Invitational,2017-03-24,,,,Outdoor,https://www.tfrrs.org/results/48789/3054534/39th_Annual_Aztec_Invitational/400-Hurdles,TFRRS all_performances
"Cockrell, Anna",USC,Big Ten,400H,2017,1,,,55.51,seconds,LSU Battle on the Bayou,2017-04-08,,,,Outdoor,https://www.tfrrs.org/results/47399/3096421/LSU_Battle_on_the_Bayou/400-Hurdles,TFRRS all_performances
"Iuel, Amalie",USC,Big Ten,400H,2017,4,,,55.38,seconds,LSU Battle on the Bayou,2017-04-08,,,,Outdoor,https://www.tfrrs.org/results/47399/3096421/LSU_Battle_on_the_Bayou/400-Hurdles,TFRRS all_performances
"Cockrell, Anna",USC,Big Ten,400H,2017,1,,,56.81,seconds,Mt. SAC Relays,2017-04-13,,,,Outdoor,https://www.tfrrs.org/results/51129/3123081/Mt_SAC_Relays/400-Hurdles,TFRRS all_performances
"Iuel, Amalie",USC,Big Ten,400H,2017,4,,,56.14,seconds,Mt. SAC Relays,2017-04-13,,,,Outdoor,https://www.tfrrs.org/results/51129/3123081/Mt_SAC_Relays/400-Hurdles,TFRRS all_performances
"Cockrell, Anna",USC,Big Ten,400H,2017,1,,,55.86,seconds,USC vs. UCLA,2017-04-29,,,,Outdoor,https://www.tfrrs.org/results/51638/3164126/USC_vs_UCLA/400-Hurdles,TFRRS all_performances
"Iuel, Amalie",USC,Big Ten,400H,2017,4,,,55.62,seconds,USC vs. UCLA,2017-04-29,,,,Outdoor,https://www.tfrrs.org/results/51638/3164126/USC_vs_UCLA/400-Hurdles,TFRRS all_performances
"McGlaston, Mecca",USC,Big Ten,400H,2017,1,,,1:01.38,seconds,USC vs. UCLA,2017-04-29,,,,Outdoor,https://www.tfrrs.org/results/51638/3164126/USC_vs_UCLA/400-Hurdles,TFRRS all_performances
"Cockrell, Anna",USC,Big Ten,400H,2017,1,,,55.54,seconds,Pac-12 Championships,2017-05-13,,,,Outdoor,https://www.tfrrs.org/results/51891/3191873/Pac-12_Championships/400-Hurdles,TFRRS all_performances
"Cockrell, Anna",USC,Big Ten,400H,2017,1,,,58.97,seconds,Pac-12 Championships,2017-05-13,,,,Outdoor,https://www.tfrrs.org/results/51891/3191873/Pac-12_Championships/400-Hurdles,TFRRS all_performances
"Iuel, Amalie",USC,Big Ten,400H,2017,4,,,56.07,seconds,Pac-12 Championships,2017-05-13,,,,Outdoor,https://www.tfrrs.org/results/51891/3191873/Pac-12_Championships/400-Hurdles,TFRRS all_performances
"Iuel, Amalie",USC,Big Ten,400H,2017,4,,,58.89,seconds,Pac-12 Championships,2017-05-13,,,,Outdoor,https://www.tfrrs.org/results/51891/3191873/Pac-12_Championships/400-Hurdles,TFRRS all_performances
"McGlaston, Mecca",USC,Big Ten,400H,2017,1,,,1:01.28,seconds,Pac-12 Championships,2017-05-13,,,,Outdoor,https://www.tfrrs.org/results/51891/3191873/Pac-12_Championships/400-Hurdles,TFRRS all_performances
"McGlaston, Mecca",USC,Big Ten,400H,2017,1,,,1:02.80,seconds,Pac-12 Championships,2017-05-13,,,,Outdoor,https://www.tfrrs.org/results/51891/3191873/Pac-12_Championships/400-Hurdles,TFRRS all_performances
"Cockrell, Anna",USC,Big Ten,400H,2017,1,,,56.37,seconds,NCAA Division I West Preliminary Round,2017-05-25,,,,Outdoor,https://www.tfrrs.org/results/51921/3197633/NCAA_Division_I_West_Preliminary_Round/400-Hurdles,TFRRS all_performances
"Cockrell, Anna",USC,Big Ten,400H,2017,1,,,58.34,seconds,NCAA Division I West Preliminary Round,2017-05-25,,,,Outdoor,https://www.tfrrs.org/results/51921/3197633/NCAA_Division_I_West_Preliminary_Round/400-Hurdles,TFRRS all_performances
"Iuel, Amalie",USC,Big Ten,400H,2017,4,,,56.87,seconds,NCAA Division I West Preliminary Round,2017-05-25,,,,Outdoor,https://www.tfrrs.org/results/51921/3197633/NCAA_Division_I_West_Preliminary_Round/400-Hurdles,TFRRS all_performances
"Iuel, Amalie",USC,Big Ten,400H,2017,4,,,57.21,seconds,NCAA Division I West Preliminary Round,2017-05-25,,,,Outdoor,https://www.tfrrs.org/results/51921/3197633/NCAA_Division_I_West_Preliminary_Round/400-Hurdles,TFRRS all_performances
"Cockrell, Anna",USC,Big Ten,400H,2017,1,,,55.36,seconds,NCAA Division I Outdoor Track & Field Championships,2017-06-07,,,,Outdoor,https://www.tfrrs.org/results/51935/3199097/NCAA_Division_I_Outdoor_Track__Field_Championships/400-Hurdles,TFRRS all_performances
"Cockrell, Anna",USC,Big Ten,400H,2017,1,,,55.64,seconds,NCAA Division I Outdoor Track & Field Championships,2017-06-07,,,,Outdoor,https://www.tfrrs.org/results/51935/3199097/NCAA_Division_I_Outdoor_Track__Field_Championships/400-Hurdles,TFRRS all_performances
"Iuel, Amalie",USC,Big Ten,400H,2017,4,,,55.82,seconds,NCAA Division I Outdoor Track & Field Championships,2017-06-07,,,,Outdoor,https://www.tfrrs.org/results/51935/3199097/NCAA_Division_I_Outdoor_Track__Field_Championships/400-Hurdles,TFRRS all_performances
"Iuel, Amalie",USC,Big Ten,400H,2017,4,,,55.84,seconds,NCAA Division I Outdoor Track & Field Championships,2017-06-07,,,,Outdoor,https://www.tfrrs.org/results/51935/3199097/NCAA_Division_I_Outdoor_Track__Field_Championships/400-Hurdles,TFRRS all_performances
"Mills, Darhian",Washington,Big Ten,400H,2017,1,,,59.82,seconds,Trojan Invitational,2017-03-17,,,,Outdoor,https://www.tfrrs.org/results/48842/3036917/Trojan_Invitational/400-Hurdles,TFRRS all_performances
"Mills, Darhian",Washington,Big Ten,400H,2017,1,,,59.21,seconds,2017 90th Clyde Littlefield Texas Relays,2017-03-29,,,,Outdoor,https://www.tfrrs.org/results/48669/3075236/2017_90th_Clyde_Littlefield_Texas_Relays/400-Hurdles,TFRRS all_performances
"Lester, Carly",Washington,Big Ten,400H,2017,2,,,1:01.78,seconds,Stanford Invitational,2017-03-31,,,,Outdoor,https://www.tfrrs.org/results/50496/3077209/Stanford_Invitational/400-Hurdles,TFRRS all_performances
"Mills, Darhian",Washington,Big Ten,400H,2017,1,,,58.89,seconds,Mt. SAC Relays,2017-04-13,,,,Outdoor,https://www.tfrrs.org/results/51129/3123027/Mt_SAC_Relays/400-Hurdles,TFRRS all_performances
"Lester, Carly",Washington,Big Ten,400H,2017,2,,,1:02.76,seconds,2017 UW v. WSU Dual,2017-04-23,,,,Outdoor,https://www.tfrrs.org/results/50424/3146223/2017_UW_v_WSU_Dual_/400-Hurdles,TFRRS all_performances
"Mills, Darhian",Washington,Big Ten,400H,2017,1,,,1:00.72,seconds,2017 UW v. WSU Dual,2017-04-23,,,,Outdoor,https://www.tfrrs.org/results/50424/3146223/2017_UW_v_WSU_Dual_/400-Hurdles,TFRRS all_performances
"Lester, Carly",Washington,Big Ten,400H,2017,2,,,1:00.66,seconds,Oregon State University High Performance,2017-04-28,,,,Outdoor,https://www.tfrrs.org/results/48540/3162700/Oregon_State_University_High_Performance/400-Hurdles,TFRRS all_performances
"Mills, Darhian",Washington,Big Ten,400H,2017,1,,,58.84,seconds,Oregon State University High Performance,2017-04-28,,,,Outdoor,https://www.tfrrs.org/results/48540/3162700/Oregon_State_University_High_Performance/400-Hurdles,TFRRS all_performances
"Mills, Darhian",Washington,Big Ten,400H,2017,1,,,58.77,seconds,Pac-12 Championships,2017-05-13,,,,Outdoor,https://www.tfrrs.org/results/51891/3191873/Pac-12_Championships/400-Hurdles,TFRRS all_performances
"Mills, Darhian",Washington,Big Ten,400H,2017,1,,,59.63,seconds,Pac-12 Championships,2017-05-13,,,,Outdoor,https://www.tfrrs.org/results/51891/3191873/Pac-12_Championships/400-Hurdles,TFRRS all_performances
"Mills, Darhian",Washington,Big Ten,400H,2017,1,,,59.33,seconds,NCAA Division I West Preliminary Round,2017-05-25,,,,Outdoor,https://www.tfrrs.org/results/51921/3197633/NCAA_Division_I_West_Preliminary_Round/400-Hurdles,TFRRS all_performances
"Mills, Darhian",Washington,Big Ten,400H,2017,1,,,59.82,seconds,NCAA Division I West Preliminary Round,2017-05-25,,,,Outdoor,https://www.tfrrs.org/results/51921/3197633/NCAA_Division_I_West_Preliminary_Round/400-Hurdles,TFRRS all_performances
"Jackson, Jada",Alabama,SEC,400H,2017,2,,,1:09.06,seconds,2017 Bulldog Relays,2017-03-17,,,,Outdoor,https://www.tfrrs.org/results/49084/3039052/2017_Bulldog_Relays/400-Hurdles,TFRRS all_performances
"Jackson, Jada",Alabama,SEC,400H,2017,2,,,1:09.56,seconds,FSU Relays,2017-03-24,,,,Outdoor,https://www.tfrrs.org/results/50136/3055485/FSU_Relays/400-Hurdles,TFRRS all_performances
"Walker, Kaitlin",Alabama,SEC,400H,2017,3,,,1:02.41,seconds,FSU Relays,2017-03-24,,,,Outdoor,https://www.tfrrs.org/results/50136/3055485/FSU_Relays/400-Hurdles,TFRRS all_performances
"Walker, Kaitlin",Alabama,SEC,400H,2017,3,,,1:01.16,seconds,Florida Relays,2017-03-30,,,,Outdoor,https://www.tfrrs.org/results/48929/3076639/Florida_Relays/400-Hurdles,TFRRS all_performances
"Jackson, Jada",Alabama,SEC,400H,2017,2,,,1:08.34,seconds,Crimson Tide Invitational,2017-04-07,,,,Outdoor,https://www.tfrrs.org/results/50834/3099029/Crimson_Tide_Invitational/400-Hurdles,TFRRS all_performances
"Walker, Kaitlin",Alabama,SEC,400H,2017,3,,,1:01.88,seconds,Crimson Tide Invitational,2017-04-07,,,,Outdoor,https://www.tfrrs.org/results/50834/3099029/Crimson_Tide_Invitational/400-Hurdles,TFRRS all_performances
"Walker, Kaitlin",Alabama,SEC,400H,2017,3,,,59.26,seconds,Jim Bush Collegiate Invitational,2017-04-15,,,,Outdoor,https://www.tfrrs.org/results/49208/3122220/Jim_Bush_Collegiate_Invitational/400-Hurdles,TFRRS all_performances
"Jackson, Jada",Alabama,SEC,400H,2017,2,,,1:06.03,seconds,War Eagle Invititaional,2017-04-21,,,,Outdoor,https://www.tfrrs.org/results/46827/3142744/War_Eagle_Invititaional/400-Hurdles,TFRRS all_performances
"Walker, Kaitlin",Alabama,SEC,400H,2017,3,,,1:01.21,seconds,SEC Relays,2017-04-28,,,,Outdoor,https://www.tfrrs.org/results/47401/3160524/SEC_Relays/400-Hurdles,TFRRS all_performances
"Walker, Kaitlin",Alabama,SEC,400H,2017,3,,,1:01.61,seconds,SEC Outdoor Track & Field Championships,2017-05-11,,,,Outdoor,https://www.tfrrs.org/results/51877/3190100/SEC_Outdoor_Track__Field_Championships/400-Hurdles,TFRRS all_performances
"Walker, Kaitlin",Alabama,SEC,400H,2017,3,,,1:00.29,seconds,NCAA Division I East Preliminary Round,2017-05-25,,,,Outdoor,https://www.tfrrs.org/results/51920/3197593/NCAA_Division_I_East_Preliminary_Round/400-Hurdles,TFRRS all_performances
"Barber, Mikayla",Florida,SEC,400H,2017,4,,,1:00.26,seconds,Miami Hurricane Collegiate Invitational,2017-03-25,,,,Outdoor,https://www.tfrrs.org/results/46899/3053280/Miami_Hurricane_Collegiate_Invitational/400-Hurdles,TFRRS all_performances
"Barber, Mikayla",Florida,SEC,400H,2017,4,,,1:01.79,seconds,Florida Relays,2017-03-30,,,,Outdoor,https://www.tfrrs.org/results/48929/3076639/Florida_Relays/400-Hurdles,TFRRS all_performances
"Johnson, Brandee",Florida,SEC,400H,2017,1,,,57.21,seconds,Florida Relays,2017-03-30,,,,Outdoor,https://www.tfrrs.org/results/48929/3076639/Florida_Relays/400-Hurdles,TFRRS all_performances
"Barber, Mikayla",Florida,SEC,400H,2017,4,,,1:00.55,seconds,2017 Horned Frog Invitational,2017-04-15,,,,Outdoor,https://www.tfrrs.org/results/49110/3122762/2017_Horned_Frog_Invitational/400-Hurdles,TFRRS all_performances
"Barber, Mikayla",Florida,SEC,400H,2017,4,,,1:01.65,seconds,UF Tom Jones Memorial,2017-04-28,,,,Outdoor,https://www.tfrrs.org/results/50650/3158902/UF_Tom_Jones_Memorial/400-Hurdles,TFRRS all_performances
"Johnson, Brandee",Florida,SEC,400H,2017,1,,,57.94,seconds,UF Tom Jones Memorial,2017-04-28,,,,Outdoor,https://www.tfrrs.org/results/50650/3158902/UF_Tom_Jones_Memorial/400-Hurdles,TFRRS all_performances
"Johnson, Brandee",Florida,SEC,400H,2017,1,,,1:01.13,seconds,SEC Outdoor Track & Field Championships,2017-05-11,,,,Outdoor,https://www.tfrrs.org/results/51877/3190100/SEC_Outdoor_Track__Field_Championships/400-Hurdles,TFRRS all_performances
"Johnson, Brandee",Florida,SEC,400H,2017,1,,,58.03,seconds,SEC Outdoor Track & Field Championships,2017-05-11,,,,Outdoor,https://www.tfrrs.org/results/51877/3190100/SEC_Outdoor_Track__Field_Championships/400-Hurdles,TFRRS all_performances
"Johnson, Brandee",Florida,SEC,400H,2017,1,,,1:00.01,seconds,NCAA Division I East Preliminary Round,2017-05-25,,,,Outdoor,https://www.tfrrs.org/results/51920/3197593/NCAA_Division_I_East_Preliminary_Round/400-Hurdles,TFRRS all_performances
"Kopp, Makenzi",Georgia,SEC,400H,2017,1,,,1:05.21,seconds,Georgia Tech Yellow Jacket Invitational,2017-03-17,,,,Outdoor,https://www.tfrrs.org/results/49257/3033673/Georgia_Tech_Yellow_Jacket_Invitational/400-Hurdles,TFRRS all_performances
"Schiemdebusch, Catelyn",Georgia,SEC,400H,2017,4,,,1:07.67,seconds,Georgia Tech Yellow Jacket Invitational,2017-03-17,,,,Outdoor,https://www.tfrrs.org/results/49257/3033673/Georgia_Tech_Yellow_Jacket_Invitational/400-Hurdles,TFRRS all_performances
"Zoller, Chelsea",Georgia,SEC,400H,2017,1,,,1:02.40,seconds,Georgia Tech Yellow Jacket Invitational,2017-03-17,,,,Outdoor,https://www.tfrrs.org/results/49257/3033673/Georgia_Tech_Yellow_Jacket_Invitational/400-Hurdles,TFRRS all_performances
Catelyn Schmiedebusch,Georgia,SEC,400H,2017,4,,,1:07.67,seconds,Yellow Jacket Invitational,2017-03-18,Final,14.0,,Outdoor,https://georgiadogs.com/documents/download/2017/5/31/2017_Women_Outdoor_Results.pdf,legacy_source_needs_review
"Tanner, Amber",Georgia,SEC,400H,2017,1,,,1:02.56,seconds,2017 90th Clyde Littlefield Texas Relays,2017-03-29,,,,Outdoor,https://www.tfrrs.org/results/48669/3075236/2017_90th_Clyde_Littlefield_Texas_Relays/400-Hurdles,TFRRS all_performances
"Tanner, Amber",Georgia,SEC,400H,2017,1,,,1:02.56,seconds,Texas Relays,2017-03-30,Final,48.0,,Outdoor,https://georgiadogs.com/documents/download/2017/5/31/2017_Women_Outdoor_Results.pdf,legacy_source_needs_review
"Schiemdebusch, Catelyn",Georgia,SEC,400H,2017,4,,,1:04.26,seconds,Spec Towns Invitational,2017-04-07,,,,Outdoor,https://www.tfrrs.org/results/50860/3101774/Spec_Towns_Invitational/400-Hurdles,TFRRS all_performances
"Zoller, Chelsea",Georgia,SEC,400H,2017,1,,,1:01.64,seconds,Spec Towns Invitational,2017-04-07,,,,Outdoor,https://www.tfrrs.org/results/50860/3101774/Spec_Towns_Invitational/400-Hurdles,TFRRS all_performances
Catelyn Schmiedebusch,Georgia,SEC,400H,2017,4,,,1:04.26,seconds,Spec Towns Invitational,2017-04-08,Final,9.0,,Outdoor,https://georgiadogs.com/documents/download/2017/5/31/2017_Women_Outdoor_Results.pdf,legacy_source_needs_review
"Zoller, Chelsea",Georgia,SEC,400H,2017,1,,,1:01.66,seconds,Gamecock Invitational,2017-04-15,,,,Outdoor,https://www.tfrrs.org/results/48465/3121625/Gamecock_Invitational/400-Hurdles,TFRRS all_performances
Catelyn Schmiedebusch,Georgia,SEC,400H,2017,4,,,1:03.28,seconds,Torrin Lawrence Memorial,2017-05-06,Final,3.0,,Outdoor,https://georgiadogs.com/documents/download/2017/5/31/2017_Women_Outdoor_Results.pdf,legacy_source_needs_review
"Kopp, Makenzi",Georgia,SEC,400H,2017,1,,,1:05.83,seconds,Torrin Lawrence Memorial,2017-05-06,,,,Outdoor,https://www.tfrrs.org/results/51785/3176593/Torrin_Lawrence_Memorial/400-Hurdles,TFRRS all_performances
"Schiemdebusch, Catelyn",Georgia,SEC,400H,2017,4,,,1:03.28,seconds,Torrin Lawrence Memorial,2017-05-06,,,,Outdoor,https://www.tfrrs.org/results/51785/3176593/Torrin_Lawrence_Memorial/400-Hurdles,TFRRS all_performances
"Zoller, Chelsea",Georgia,SEC,400H,2017,1,,,1:02.13,seconds,Torrin Lawrence Memorial,2017-05-06,,,,Outdoor,https://www.tfrrs.org/results/51785/3176593/Torrin_Lawrence_Memorial/400-Hurdles,TFRRS all_performances
"Zoller, Chelsea",Georgia,SEC,400H,2017,1,,,1:01.95,seconds,SEC Outdoor Track & Field Championships,2017-05-11,,,,Outdoor,https://www.tfrrs.org/results/51877/3190100/SEC_Outdoor_Track__Field_Championships/400-Hurdles,TFRRS all_performances
"Seymour, Kiah",Kentucky,SEC,400H,2017,4,,,58.93,seconds,Florida Relays,2017-03-30,,,,Outdoor,https://www.tfrrs.org/results/48929/3076614/Florida_Relays/400-Hurdles,TFRRS all_performances
"Seymour, Kiah",Kentucky,SEC,400H,2017,4,,,56.67,seconds,Texas Invitational,2017-04-14,,,,Outdoor,https://www.tfrrs.org/results/48673/3120662/Texas_Invitational/400-Hurdles,TFRRS all_performances
"Seymour, Kiah",Kentucky,SEC,400H,2017,4,,,58.95,seconds,SEC Relays,2017-04-28,,,,Outdoor,https://www.tfrrs.org/results/47401/3160524/SEC_Relays/400-Hurdles,TFRRS all_performances
"Ross, Faith",Kentucky,SEC,400H,2017,1,,,1:01.27,seconds,SEC Outdoor Track & Field Championships,2017-05-11,,,,Outdoor,https://www.tfrrs.org/results/51877/3190100/SEC_Outdoor_Track__Field_Championships/400-Hurdles,TFRRS all_performances
"Seymour, Kiah",Kentucky,SEC,400H,2017,4,,,57.34,seconds,SEC Outdoor Track & Field Championships,2017-05-11,,,,Outdoor,https://www.tfrrs.org/results/51877/3190100/SEC_Outdoor_Track__Field_Championships/400-Hurdles,TFRRS all_performances
"Seymour, Kiah",Kentucky,SEC,400H,2017,4,,,58.06,seconds,SEC Outdoor Track & Field Championships,2017-05-11,,,,Outdoor,https://www.tfrrs.org/results/51877/3190100/SEC_Outdoor_Track__Field_Championships/400-Hurdles,TFRRS all_performances
"Lyles, Kara",South Carolina,SEC,400H,2017,1,,,1:00.36,seconds,Miami Hurricane Invitational,2017-03-17,,,,Outdoor,https://www.tfrrs.org/results/46898/3036563/Miami_Hurricane_Invitational/400-Hurdles,TFRRS all_performances
"Brockington, Tyler",South Carolina,SEC,400H,2017,3,,,56.93,seconds,Weems Baskin Invitational,2017-03-24,,,,Outdoor,https://www.tfrrs.org/results/50135/3055406/Weems_Baskin_Invitational/400-Hurdles,TFRRS all_performances
"Lyles, Kara",South Carolina,SEC,400H,2017,1,,,59.80,seconds,Weems Baskin Invitational,2017-03-24,,,,Outdoor,https://www.tfrrs.org/results/50135/3055406/Weems_Baskin_Invitational/400-Hurdles,TFRRS all_performances
"Brockington, Tyler",South Carolina,SEC,400H,2017,3,,,56.35,seconds,Florida Relays,2017-03-30,,,,Outdoor,https://www.tfrrs.org/results/48929/3076639/Florida_Relays/400-Hurdles,TFRRS all_performances
"Lyles, Kara",South Carolina,SEC,400H,2017,1,,,59.75,seconds,Florida Relays,2017-03-30,,,,Outdoor,https://www.tfrrs.org/results/48929/3076639/Florida_Relays/400-Hurdles,TFRRS all_performances
"Lyles, Kara",South Carolina,SEC,400H,2017,1,,,1:01.32,seconds,Spec Towns Invitational,2017-04-07,,,,Outdoor,https://www.tfrrs.org/results/50860/3101774/Spec_Towns_Invitational/400-Hurdles,TFRRS all_performances
"Lyles, Kara",South Carolina,SEC,400H,2017,1,,,58.90,seconds,Gamecock Invitational,2017-04-15,,,,Outdoor,https://www.tfrrs.org/results/48465/3121625/Gamecock_Invitational/400-Hurdles,TFRRS all_performances
"Lyles, Kara",South Carolina,SEC,400H,2017,1,,,59.26,seconds,USC Open,2017-04-22,,,,Outdoor,https://www.tfrrs.org/results/48464/3143111/USC_Open/400-Hurdles,TFRRS all_performances
"Brockington, Tyler",South Carolina,SEC,400H,2017,3,,,57.54,seconds,Penn Relays,2017-04-27,,,,Outdoor,https://www.tfrrs.org/results/51632/3163709/Penn_Relays/400-Hurdles,TFRRS all_performances
"Lyles, Kara",South Carolina,SEC,400H,2017,1,,,58.97,seconds,Penn Relays,2017-04-27,,,,Outdoor,https://www.tfrrs.org/results/51632/3163709/Penn_Relays/400-Hurdles,TFRRS all_performances
"Brockington, Tyler",South Carolina,SEC,400H,2017,3,,,55.97,seconds,SEC Outdoor Track & Field Championships,2017-05-11,,,,Outdoor,https://www.tfrrs.org/results/51877/3190100/SEC_Outdoor_Track__Field_Championships/400-Hurdles,TFRRS all_performances
"Brockington, Tyler",South Carolina,SEC,400H,2017,3,,,57.28,seconds,SEC Outdoor Track & Field Championships,2017-05-11,,,,Outdoor,https://www.tfrrs.org/results/51877/3190100/SEC_Outdoor_Track__Field_Championships/400-Hurdles,TFRRS all_performances
"Lyles, Kara",South Carolina,SEC,400H,2017,1,,,1:00.29,seconds,SEC Outdoor Track & Field Championships,2017-05-11,,,,Outdoor,https://www.tfrrs.org/results/51877/3190100/SEC_Outdoor_Track__Field_Championships/400-Hurdles,TFRRS all_performances
"Brockington, Tyler",South Carolina,SEC,400H,2017,3,,,1:01.90,seconds,NCAA Division I East Preliminary Round,2017-05-25,,,,Outdoor,https://www.tfrrs.org/results/51920/3197593/NCAA_Division_I_East_Preliminary_Round/400-Hurdles,TFRRS all_performances
"Brockington, Tyler",South Carolina,SEC,400H,2017,3,,,59.50,seconds,NCAA Division I East Preliminary Round,2017-05-25,,,,Outdoor,https://www.tfrrs.org/results/51920/3197593/NCAA_Division_I_East_Preliminary_Round/400-Hurdles,TFRRS all_performances
"Thomas, Markeeta",Clemson,ACC,400H,2018,3,,,1:00.01,s,49er Classic,2018-03-15,,,,Outdoor,https://www.tfrrs.org/results/54961/3348097/49er_Classic/400-Hurdles,TFRRS all_performances
"Warner, Lakeisha",Clemson,ACC,400H,2018,2,,,1:04.14,s,49er Classic,2018-03-15,,,,Outdoor,https://www.tfrrs.org/results/54961/3348097/49er_Classic/400-Hurdles,TFRRS all_performances
"Williams, Ebony",Clemson,ACC,400H,2018,2,,,1:04.75,s,49er Classic,2018-03-15,,,,Outdoor,https://www.tfrrs.org/results/54961/3348097/49er_Classic/400-Hurdles,TFRRS all_performances
"Thomas, Markeeta",Clemson,ACC,400H,2018,3,,,59.16,s,UNF Spring Break Invitational,2018-03-23,,,,Outdoor,https://www.tfrrs.org/results/51941/3362664/UNF_Spring_Break_Invitational/400-Hurdles,TFRRS all_performances
"Warner, Lakeisha",Clemson,ACC,400H,2018,2,,,1:00.27,s,UNF Spring Break Invitational,2018-03-23,,,,Outdoor,https://www.tfrrs.org/results/51941/3362664/UNF_Spring_Break_Invitational/400-Hurdles,TFRRS all_performances
"Williams, Ebony",Clemson,ACC,400H,2018,2,,,1:05.82,s,UNF Spring Break Invitational,2018-03-23,,,,Outdoor,https://www.tfrrs.org/results/51941/3362664/UNF_Spring_Break_Invitational/400-Hurdles,TFRRS all_performances
"Thomas, Markeeta",Clemson,ACC,400H,2018,3,,,58.75,s,Home Depot Clyde Littlefield Texas Relays,2018-03-28,,,,Outdoor,https://www.tfrrs.org/results/53836/3382120/Home_Depot_Clyde_Littlefield_Texas_Relays/400-Hurdles,TFRRS all_performances
"Thomas, Markeeta",Clemson,ACC,400H,2018,3,,,59.46,s,Home Depot Clyde Littlefield Texas Relays,2018-03-28,,,,Outdoor,https://www.tfrrs.org/results/53836/3382120/Home_Depot_Clyde_Littlefield_Texas_Relays/400-Hurdles,TFRRS all_performances
"Warner, Lakeisha",Clemson,ACC,400H,2018,2,,,59.25,s,Home Depot Clyde Littlefield Texas Relays,2018-03-28,,,,Outdoor,https://www.tfrrs.org/results/53836/3382120/Home_Depot_Clyde_Littlefield_Texas_Relays/400-Hurdles,TFRRS all_performances
"Williams, Ebony",Clemson,ACC,400H,2018,2,,,1:02.08,s,Crimson Tide Invitational,2018-04-06,,,,Outdoor,https://www.tfrrs.org/results/55889/3403233/Crimson_Tide_Invitational/400-Hurdles,TFRRS all_performances
"Thomas, Markeeta",Clemson,ACC,400H,2018,3,,,58.42,s,LSU Alumni Gold,2018-04-21,,,,Outdoor,https://www.tfrrs.org/results/52609/3451234/LSU_Alumni_Gold/400-Hurdles,TFRRS all_performances
"Warner, Lakeisha",Clemson,ACC,400H,2018,2,,,57.76,s,LSU Alumni Gold,2018-04-21,,,,Outdoor,https://www.tfrrs.org/results/52609/3451257/LSU_Alumni_Gold/400-Hurdles,TFRRS all_performances
"Thomas, Markeeta",Clemson,ACC,400H,2018,3,,,58.73,s,Penn Relays,2018-04-26,,,,Outdoor,https://www.tfrrs.org/results/56767/3476320/Penn_Relays/400-Hurdles,TFRRS all_performances
"Warner, Lakeisha",Clemson,ACC,400H,2018,2,,,1:00.54,s,Penn Relays,2018-04-26,,,,Outdoor,https://www.tfrrs.org/results/56767/3476320/Penn_Relays/400-Hurdles,TFRRS all_performances
"Thomas, Markeeta",Clemson,ACC,400H,2018,3,,,58.46,s,ACC Outdoor Championships,2018-05-10,,,,Outdoor,https://www.tfrrs.org/results/57034/3506441/ACC_Outdoor_Championships/400-Hurdles,TFRRS all_performances
"Thomas, Markeeta",Clemson,ACC,400H,2018,3,,,58.55,s,ACC Outdoor Championships,2018-05-10,,,,Outdoor,https://www.tfrrs.org/results/57034/3506441/ACC_Outdoor_Championships/400-Hurdles,TFRRS all_performances
"Warner, Lakeisha",Clemson,ACC,400H,2018,2,,,57.23,s,ACC Outdoor Championships,2018-05-10,,,,Outdoor,https://www.tfrrs.org/results/57034/3506441/ACC_Outdoor_Championships/400-Hurdles,TFRRS all_performances
"Warner, Lakeisha",Clemson,ACC,400H,2018,2,,,57.80,s,ACC Outdoor Championships,2018-05-10,,,,Outdoor,https://www.tfrrs.org/results/57034/3506441/ACC_Outdoor_Championships/400-Hurdles,TFRRS all_performances
"Thomas, Markeeta",Clemson,ACC,400H,2018,3,,,57.11,s,NCAA East Preliminary Round,2018-05-24,,,,Outdoor,https://www.tfrrs.org/results/57099/3515266/NCAA_East_Preliminary_Round/400-Hurdles,TFRRS all_performances
"Thomas, Markeeta",Clemson,ACC,400H,2018,3,,,57.42,s,NCAA East Preliminary Round,2018-05-24,,,,Outdoor,https://www.tfrrs.org/results/57099/3515266/NCAA_East_Preliminary_Round/400-Hurdles,TFRRS all_performances
"Warner, Lakeisha",Clemson,ACC,400H,2018,2,,,57.52,s,NCAA East Preliminary Round,2018-05-24,,,,Outdoor,https://www.tfrrs.org/results/57099/3515266/NCAA_East_Preliminary_Round/400-Hurdles,TFRRS all_performances
"Warner, Lakeisha",Clemson,ACC,400H,2018,2,,,57.94,s,NCAA East Preliminary Round,2018-05-24,,,,Outdoor,https://www.tfrrs.org/results/57099/3515266/NCAA_East_Preliminary_Round/400-Hurdles,TFRRS all_performances
"Thomas, Markeeta",Clemson,ACC,400H,2018,3,,,58.62,s,NCAA Division I Outdoor Championships,2018-06-06,,,,Outdoor,https://www.tfrrs.org/results/57114/3516374/NCAA_Division_I_Outdoor_Championships/400-Hurdles,TFRRS all_performances
"Warner, Lakeisha",Clemson,ACC,400H,2018,2,,,59.05,s,NCAA Division I Outdoor Championships,2018-06-06,,,,Outdoor,https://www.tfrrs.org/results/57114/3516374/NCAA_Division_I_Outdoor_Championships/400-Hurdles,TFRRS all_performances
"Hoffman, Lauren",Duke,ACC,400H,2018,1,,,1:00.50,s,Home Depot Clyde Littlefield Texas Relays,2018-03-28,,,,Outdoor,https://www.tfrrs.org/results/53836/3382120/Home_Depot_Clyde_Littlefield_Texas_Relays/400-Hurdles,TFRRS all_performances
"Lowe, India",Duke,ACC,400H,2018,3,,,62.21,s,Raleigh Relays,2018-03-30,Final,,,Outdoor,https://www.tfrrs.org/athletes/5626119/Duke/India_Lowe.html,legacy_source_needs_review
"Hoffman, Lauren",Duke,ACC,400H,2018,1,,,1:00.27,s,Battle of the Blues,2018-04-06,,,,Outdoor,https://www.tfrrs.org/results/55868/3401077/Battle_of_the_Blues/400-Hurdles,TFRRS all_performances
"Lowe, India",Duke,ACC,400H,2018,3,,,59.46,s,Battle of the Blues,2018-04-06,,,,Outdoor,https://www.tfrrs.org/results/55868/3401077/Battle_of_the_Blues/400-Hurdles,TFRRS all_performances
"Lowe, India",Duke,ACC,400H,2018,3,,,60.85,s,Battle of the Blues,2018-04-06,Final,,,Outdoor,https://www.tfrrs.org/athletes/5626119/Duke/India_Lowe.html,legacy_source_needs_review
"Hoffman, Lauren",Duke,ACC,400H,2018,1,,,1:02.40,s,Tennessee Relays,2018-04-12,,,,Outdoor,https://www.tfrrs.org/results/54171/3425861/Tennessee_Relays/400-Hurdles,TFRRS all_performances
"Lowe, India",Duke,ACC,400H,2018,3,,,1:01.45,s,Tennessee Relays,2018-04-12,,,,Outdoor,https://www.tfrrs.org/results/54171/3425861/Tennessee_Relays/400-Hurdles,TFRRS all_performances
"Hoffman, Lauren",Duke,ACC,400H,2018,1,,,1:01.23,s,Duke Invitational,2018-04-20,,,,Outdoor,https://www.tfrrs.org/results/56501/3453009/Duke_Invitational/400-Hurdles,TFRRS all_performances
"Lowe, India",Duke,ACC,400H,2018,3,,,58.77,s,Duke Invitational,2018-04-20,,,,Outdoor,https://www.tfrrs.org/results/56501/3453009/Duke_Invitational/400-Hurdles,TFRRS all_performances
"Lowe, India",Duke,ACC,400H,2018,3,,,60.60,s,Duke Invitational,2018-04-20,Final,,,Outdoor,https://www.tfrrs.org/athletes/5626119/Duke/India_Lowe.html,legacy_source_needs_review
"Hoffman, Lauren",Duke,ACC,400H,2018,1,,,1:00.76,s,Virginia Grand Prix,2018-04-28,,,,Outdoor,https://www.tfrrs.org/results/56771/3478447/Virginia_Grand_Prix/400-Hurdles,TFRRS all_performances
"Hoffman, Lauren",Duke,ACC,400H,2018,1,,,1:00.44,s,ACC Outdoor Championships,2018-05-10,,,,Outdoor,https://www.tfrrs.org/results/57034/3506441/ACC_Outdoor_Championships/400-Hurdles,TFRRS all_performances
"Lowe, India",Duke,ACC,400H,2018,3,,,1:00.48,s,ACC Outdoor Championships,2018-05-10,,,,Outdoor,https://www.tfrrs.org/results/57034/3506441/ACC_Outdoor_Championships/400-Hurdles,TFRRS all_performances
"Lowe, India",Duke,ACC,400H,2018,3,,,59.28,s,ACC Outdoor Championships,2018-05-10,,,,Outdoor,https://www.tfrrs.org/results/57034/3506441/ACC_Outdoor_Championships/400-Hurdles,TFRRS all_performances
"Lowe, India",Duke,ACC,400H,2018,3,,,1:01.62,s,NCAA East Preliminary Round,2018-05-24,,,,Outdoor,https://www.tfrrs.org/results/57099/3515266/NCAA_East_Preliminary_Round/400-Hurdles,TFRRS all_performances
"Wimberly, Shy'Keya",Florida State,ACC,400H,2018,4,,,1:06.48,s,UCF Black and Gold Challenge,2018-03-16,,,,Outdoor,https://www.tfrrs.org/results/52465/3347750/UCF_Black_and_Gold_Challenge/400-Hurdles,TFRRS all_performances
"Wimberly, Shy'Keya",Florida State,ACC,400H,2018,4,,,66.48,s,Bulls Invitational,2018-03-17,Final,12,,Outdoor,https://www.nolefan.org/summary/wtf2018.html,legacy_source_needs_review
"Wimberly, Shy'Keya",Florida State,ACC,400H,2018,4,,,1:05.27,s,FSU Relays,2018-03-23,,,,Outdoor,https://www.tfrrs.org/results/55228/3362597/FSU_Relays/400-Hurdles,TFRRS all_performances
"Wimberly, Shy'Keya",Florida State,ACC,400H,2018,4,,,1:06.61,s,Florida Relays,2018-03-29,,,,Outdoor,https://www.tfrrs.org/results/53568/3384056/Florida_Relays/400-Hurdles,TFRRS all_performances
"Wimberly, Shy'Keya",Florida State,ACC,400H,2018,4,,,1:05.87,s,Tiger Track Classic 2018,2018-04-13,,,,Outdoor,https://www.tfrrs.org/results/51956/3427114/Tiger_Track_Classic_2018/400-Hurdles,TFRRS all_performances
"Wimberly, Shy'Keya",Florida State,ACC,400H,2018,4,,,1:04.91,s,Seminole Twilight,2018-05-04,,,,Outdoor,https://www.tfrrs.org/results/56927/3489908/Seminole_Twilight/400-Hurdles,TFRRS all_performances
"Labrie-Smith, Hannah",Stanford,ACC,400H,2018,3,,,1:01.27,s,Sacramento State Hornet Invitational,2018-03-16,,,,Outdoor,https://www.tfrrs.org/results/54040/3349190/Sacramento_State_Hornet_Invitational/400-Hurdles,TFRRS all_performances
"Lewis, Amber",Stanford,ACC,400H,2018,4,,,1:03.78,s,Sacramento State Hornet Invitational,2018-03-16,,,,Outdoor,https://www.tfrrs.org/results/54040/3349190/Sacramento_State_Hornet_Invitational/400-Hurdles,TFRRS all_performances
"Labrie-Smith, Hannah",Stanford,ACC,400H,2018,3,,,1:02.19,s,Stanford Invitational,2018-03-30,,,,Outdoor,https://www.tfrrs.org/results/55549/3384167/Stanford_Invitational/400-Hurdles,TFRRS all_performances
"Lewis, Amber",Stanford,ACC,400H,2018,4,,,1:04.14,s,Stanford Invitational,2018-03-30,,,,Outdoor,https://www.tfrrs.org/results/55549/3384167/Stanford_Invitational/400-Hurdles,TFRRS all_performances
"Lewis, Amber",Stanford,ACC,400H,2018,4,,,1:02.66,s,2018 Big Meet,2018-04-07,,,,Outdoor,https://www.tfrrs.org/results/55524/3405178/2018_Big_Meet/400-Hurdles,TFRRS all_performances
"Lewis, Amber",Stanford,ACC,400H,2018,4,,,1:03.94,s,2018 Cardinal Classic,2018-04-20,,,,Outdoor,https://www.tfrrs.org/results/54868/3454344/2018_Cardinal_Classic/400-Hurdles,TFRRS all_performances
"Lewis, Amber",Stanford,ACC,400H,2018,4,,,1:03.77,s,2018 Brutus Hamilton Invitational,2018-04-28,,,,Outdoor,https://www.tfrrs.org/results/55968/3476116/2018_Brutus_Hamilton_Invitational/400-Hurdles,TFRRS all_performances
"Lewis, Amber",Stanford,ACC,400H,2018,4,,,1:03.84,s,Payton Jordan Invitational,2018-05-03,,,,Outdoor,https://www.tfrrs.org/results/56914/3488932/Payton_Jordan_Invitational/400-Hurdles,TFRRS all_performances
"Knight, Andrenette",Virginia,ACC,400H,2018,2,,,59.22,s,Fred Hardy Invitational,2018-03-30,,,,Outdoor,https://www.tfrrs.org/results/51896/3380968/Fred_Hardy_Invitational/400-Hurdles,TFRRS all_performances
"Sullivan, Holly",Virginia,ACC,400H,2018,4,,,1:00.99,s,Fred Hardy Invitational,2018-03-30,,,,Outdoor,https://www.tfrrs.org/results/51896/3380968/Fred_Hardy_Invitational/400-Hurdles,TFRRS all_performances
"Herran, Alana",Virginia,ACC,400H,2018,3,,,59.25,s,"Virginia v. Maryland, Bucknell, Georgetown",2018-04-06,,,,Outdoor,https://www.tfrrs.org/results/55867/3401001/Virginia_v_Maryland_Bucknell_Georgetown/400-Hurdles,TFRRS all_performances
"Herran, Alana",Virginia,ACC,400H,2018,3,,,59.40,s,Virginia Challenge,2018-04-20,,,,Outdoor,https://www.tfrrs.org/results/56506/3453866/Virginia_Challenge/400-Hurdles,TFRRS all_performances
"Sullivan, Holly",Virginia,ACC,400H,2018,4,,,1:02.02,s,Virginia Challenge,2018-04-20,,,,Outdoor,https://www.tfrrs.org/results/56506/3453866/Virginia_Challenge/400-Hurdles,TFRRS all_performances
"Knight, Andrenette",Virginia,ACC,400H,2018,2,,,58.88,s,Virginia Challenge,2018-04-21,Invitational,,,Outdoor,https://www.tfrrs.org/athletes/6413577,legacy_source_needs_review
"Herran, Alana",Virginia,ACC,400H,2018,3,,,58.03,s,Virginia Grand Prix,2018-04-28,,,,Outdoor,https://www.tfrrs.org/results/56771/3478447/Virginia_Grand_Prix/400-Hurdles,TFRRS all_performances
"Knight, Andrenette",Virginia,ACC,400H,2018,2,,,59.12,s,Virginia Grand Prix,2018-04-28,,,,Outdoor,https://www.tfrrs.org/results/56771/3478447/Virginia_Grand_Prix/400-Hurdles,TFRRS all_performances
"Herran, Alana",Virginia,ACC,400H,2018,3,,,59.44,s,ACC Outdoor Championships,2018-05-10,,,,Outdoor,https://www.tfrrs.org/results/57034/3506441/ACC_Outdoor_Championships/400-Hurdles,TFRRS all_performances
"Knight, Andrenette",Virginia,ACC,400H,2018,2,,,57.95,s,ACC Outdoor Championships,2018-05-10,,,,Outdoor,https://www.tfrrs.org/results/57034/3506441/ACC_Outdoor_Championships/400-Hurdles,TFRRS all_performances
"Knight, Andrenette",Virginia,ACC,400H,2018,2,,,58.55,s,ACC Outdoor Championships,2018-05-10,,,,Outdoor,https://www.tfrrs.org/results/57034/3506441/ACC_Outdoor_Championships/400-Hurdles,TFRRS all_performances
"Herran, Alana",Virginia,ACC,400H,2018,3,,,59.46,s,NCAA East Preliminary Round,2018-05-24,,,,Outdoor,https://www.tfrrs.org/results/57099/3515266/NCAA_East_Preliminary_Round/400-Hurdles,TFRRS all_performances
"Knight, Andrenette",Virginia,ACC,400H,2018,2,,,56.94,s,NCAA East Preliminary Round,2018-05-24,,,,Outdoor,https://www.tfrrs.org/results/57099/3515266/NCAA_East_Preliminary_Round/400-Hurdles,TFRRS all_performances
"Knight, Andrenette",Virginia,ACC,400H,2018,2,,,57.57,s,NCAA East Preliminary Round,2018-05-24,,,,Outdoor,https://www.tfrrs.org/results/57099/3515266/NCAA_East_Preliminary_Round/400-Hurdles,TFRRS all_performances
"Knight, Andrenette",Virginia,ACC,400H,2018,2,,,57.89,s,NCAA Division I Outdoor Championships,2018-06-06,,,,Outdoor,https://www.tfrrs.org/results/57114/3516374/NCAA_Division_I_Outdoor_Championships/400-Hurdles,TFRRS all_performances
"Pahlitzsch, Karolina",Arizona,Big 12,400H,2018,4,,,57.88,seconds,2018 Jim Click Shootout,2018-04-07,,,,Outdoor,https://www.tfrrs.org/results/55267/3403774/2018_Jim_Click_Shootout/400-Hurdles,TFRRS all_performances
"Sutton, April",Arizona,Big 12,400H,2018,2,,,1:03.20,seconds,2018 Jim Click Shootout,2018-04-07,,,,Outdoor,https://www.tfrrs.org/results/55267/3403774/2018_Jim_Click_Shootout/400-Hurdles,TFRRS all_performances
"Sutton, April",Arizona,Big 12,400H,2018,2,,,1:02.34,seconds,Mt. SAC Relays,2018-04-19,,,,Outdoor,https://www.tfrrs.org/results/56509/3454427/Mt_SAC_Relays/400-Hurdles,TFRRS all_performances
"Pahlitzsch, Karolina",Arizona,Big 12,400H,2018,4,,,58.55,seconds,2018 Desert Heat Classic,2018-04-28,,,,Outdoor,https://www.tfrrs.org/results/56056/3477484/2018_Desert_Heat_Classic/400-Hurdles,TFRRS all_performances
"Sutton, April",Arizona,Big 12,400H,2018,2,,,1:01.77,seconds,2018 Desert Heat Classic,2018-04-28,,,,Outdoor,https://www.tfrrs.org/results/56056/3477484/2018_Desert_Heat_Classic/400-Hurdles,TFRRS all_performances
"Pahlitzsch, Karolina",Arizona,Big 12,400H,2018,4,,,59.34,seconds,2018 Pac-12 Track & Field Championships,2018-05-12,,,,Outdoor,https://www.tfrrs.org/results/55278/3508236/2018_Pac-12_Track__Field_Championships/400-Hurdles,TFRRS all_performances
"Sutton, April",Arizona,Big 12,400H,2018,2,,,1:02.94,seconds,2018 Pac-12 Track & Field Championships,2018-05-12,,,,Outdoor,https://www.tfrrs.org/results/55278/3508236/2018_Pac-12_Track__Field_Championships/400-Hurdles,TFRRS all_performances
"Porter, Brenna",BYU,Big 12,400H,2018,3,,,57.33,seconds,Home Depot Clyde Littlefield Texas Relays,2018-03-28,,,,Outdoor,https://www.tfrrs.org/results/53836/3382120/Home_Depot_Clyde_Littlefield_Texas_Relays/400-Hurdles,TFRRS all_performances
"Porter, Brenna",BYU,Big 12,400H,2018,3,,,59.72,seconds,Home Depot Clyde Littlefield Texas Relays,2018-03-28,,,,Outdoor,https://www.tfrrs.org/results/53836/3382120/Home_Depot_Clyde_Littlefield_Texas_Relays/400-Hurdles,TFRRS all_performances
"Gunnerson, Kaitlyn",BYU,Big 12,400H,2018,3,,,1:03.32,seconds,2018 UVU Collegiate Invitational,2018-03-30,,,,Outdoor,https://www.tfrrs.org/results/55512/3379992/2018_UVU_Collegiate_Invitational/400-Hurdles,TFRRS all_performances
"Welling, Naomi",BYU,Big 12,400H,2018,2,,,1:02.30,seconds,2018 UVU Collegiate Invitational,2018-03-30,,,,Outdoor,https://www.tfrrs.org/results/55512/3379992/2018_UVU_Collegiate_Invitational/400-Hurdles,TFRRS all_performances
"Gunnerson, Kaitlyn",BYU,Big 12,400H,2018,3,,,1:03.24,seconds,Utah/Weber State Spring Classic - Day 1,2018-04-06,,,,Outdoor,https://www.tfrrs.org/results/55876/3401689/Utah_Weber_State_Spring_Classic_-_Day_1/400-Hurdles,TFRRS all_performances
"Welling, Naomi",BYU,Big 12,400H,2018,2,,,1:02.63,seconds,Utah/Weber State Spring Classic - Day 1,2018-04-06,,,,Outdoor,https://www.tfrrs.org/results/55876/3401689/Utah_Weber_State_Spring_Classic_-_Day_1/400-Hurdles,TFRRS all_performances
"Porter, Brenna",BYU,Big 12,400H,2018,3,,,58.83,seconds,Oregon Pepsi Invitational,2018-04-07,,,,Outdoor,https://www.tfrrs.org/results/54397/3404994/Oregon_Pepsi_Invitational/400-Hurdles,TFRRS all_performances
"Gunnerson, Kaitlyn",BYU,Big 12,400H,2018,3,,,1:02.72,seconds,Mark Faldmo Invitational,2018-04-13,,,,Outdoor,https://www.tfrrs.org/results/55110/3430752/Mark_Faldmo_Invitational/400-Hurdles,TFRRS all_performances
"Welling, Naomi",BYU,Big 12,400H,2018,2,,,1:01.91,seconds,Mark Faldmo Invitational,2018-04-13,,,,Outdoor,https://www.tfrrs.org/results/55110/3430752/Mark_Faldmo_Invitational/400-Hurdles,TFRRS all_performances
"Gunnerson, Kaitlyn",BYU,Big 12,400H,2018,3,,,1:03.36,seconds,2018 BYU Robison Invitational,2018-04-26,,,,Outdoor,https://www.tfrrs.org/results/56765/3476073/2018_BYU_Robison_Invitational/400-Hurdles,TFRRS all_performances
"Monteverde-Dalton, Alyssa",BYU,Big 12,400H,2018,4,,,1:00.12,seconds,2018 BYU Robison Invitational,2018-04-26,,,,Outdoor,https://www.tfrrs.org/results/56765/3476073/2018_BYU_Robison_Invitational/400-Hurdles,TFRRS all_performances
"Porter, Brenna",BYU,Big 12,400H,2018,3,,,1:01.95,seconds,2018 BYU Robison Invitational,2018-04-26,,,,Outdoor,https://www.tfrrs.org/results/56765/3476073/2018_BYU_Robison_Invitational/400-Hurdles,TFRRS all_performances
"Welling, Naomi",BYU,Big 12,400H,2018,2,,,1:01.60,seconds,2018 BYU Robison Invitational,2018-04-26,,,,Outdoor,https://www.tfrrs.org/results/56765/3476073/2018_BYU_Robison_Invitational/400-Hurdles,TFRRS all_performances
"Porter, Brenna",BYU,Big 12,400H,2018,3,,,58.20,seconds,Sacramento State Open,2018-05-05,,,,Outdoor,https://www.tfrrs.org/results/54044/3493693/Sacramento_State_Open/400-Hurdles,TFRRS all_performances
"Welling, Naomi",BYU,Big 12,400H,2018,2,,,1:02.59,seconds,Sacramento State Open,2018-05-05,,,,Outdoor,https://www.tfrrs.org/results/54044/3493693/Sacramento_State_Open/400-Hurdles,TFRRS all_performances
"Porter, Brenna",BYU,Big 12,400H,2018,3,,,58.30,seconds,2018 BYU Cougar Invitational,2018-05-11,,,,Outdoor,https://www.tfrrs.org/results/57032/3506093/2018_BYU_Cougar_Invitational/400-Hurdles,TFRRS all_performances
"Welling, Naomi",BYU,Big 12,400H,2018,2,,,1:02.54,seconds,2018 BYU Cougar Invitational,2018-05-11,,,,Outdoor,https://www.tfrrs.org/results/57032/3506093/2018_BYU_Cougar_Invitational/400-Hurdles,TFRRS all_performances
"Porter, Brenna",BYU,Big 12,400H,2018,3,,,57.18,seconds,NCAA West Preliminary Round,2018-05-24,,,,Outdoor,https://www.tfrrs.org/results/57100/3515416/NCAA_West_Preliminary_Round/400-Hurdles,TFRRS all_performances
"Porter, Brenna",BYU,Big 12,400H,2018,3,,,57.44,seconds,NCAA West Preliminary Round,2018-05-24,,,,Outdoor,https://www.tfrrs.org/results/57100/3515416/NCAA_West_Preliminary_Round/400-Hurdles,TFRRS all_performances
"Porter, Brenna",BYU,Big 12,400H,2018,3,,,58.99,seconds,NCAA Division I Outdoor Championships,2018-06-06,,,,Outdoor,https://www.tfrrs.org/results/57114/3516374/NCAA_Division_I_Outdoor_Championships/400-Hurdles,TFRRS all_performances
"Jessurun, Venae",Baylor,Big 12,400H,2018,1,,,1:04.79,seconds,2018 TCU Invitational,2018-03-16,,,,Outdoor,https://www.tfrrs.org/results/54129/3347785/2018_TCU_Invitational/400-Hurdles,TFRRS all_performances
"Yocum, Sarah",Baylor,Big 12,400H,2018,1,,,1:01.73,seconds,2018 TCU Invitational,2018-03-16,,,,Outdoor,https://www.tfrrs.org/results/54129/3347785/2018_TCU_Invitational/400-Hurdles,TFRRS all_performances
"Hawn, Kiana",Baylor,Big 12,400H,2018,4,,,1:00.79,seconds,Roadrunner Invitational,2018-03-22,,,,Outdoor,https://www.tfrrs.org/results/54583/3365761/Roadrunner_Invitational/400-Hurdles,TFRRS all_performances
"Jessurun, Venae",Baylor,Big 12,400H,2018,1,,,1:05.36,seconds,Roadrunner Invitational,2018-03-22,,,,Outdoor,https://www.tfrrs.org/results/54583/3365761/Roadrunner_Invitational/400-Hurdles,TFRRS all_performances
"Yocum, Sarah",Baylor,Big 12,400H,2018,1,,,1:00.95,seconds,Roadrunner Invitational,2018-03-22,,,,Outdoor,https://www.tfrrs.org/results/54583/3365761/Roadrunner_Invitational/400-Hurdles,TFRRS all_performances
"Hawn, Kiana",Baylor,Big 12,400H,2018,4,,,57.60,seconds,Home Depot Clyde Littlefield Texas Relays,2018-03-28,,,,Outdoor,https://www.tfrrs.org/results/53836/3382120/Home_Depot_Clyde_Littlefield_Texas_Relays/400-Hurdles,TFRRS all_performances
"Hawn, Kiana",Baylor,Big 12,400H,2018,4,,,58.38,seconds,Home Depot Clyde Littlefield Texas Relays,2018-03-28,,,,Outdoor,https://www.tfrrs.org/results/53836/3382120/Home_Depot_Clyde_Littlefield_Texas_Relays/400-Hurdles,TFRRS all_performances
"Yocum, Sarah",Baylor,Big 12,400H,2018,1,,,1:02.76,seconds,Home Depot Clyde Littlefield Texas Relays,2018-03-28,,,,Outdoor,https://www.tfrrs.org/results/53836/3382120/Home_Depot_Clyde_Littlefield_Texas_Relays/400-Hurdles,TFRRS all_performances
"Jessurun, Venae",Baylor,Big 12,400H,2018,1,,,1:04.57,seconds,Baylor Invitational,2018-04-07,,,,Outdoor,https://www.tfrrs.org/results/52734/3404751/Baylor_Invitational/400-Hurdles,TFRRS all_performances
"Yocum, Sarah",Baylor,Big 12,400H,2018,1,,,1:02.72,seconds,Baylor Invitational,2018-04-07,,,,Outdoor,https://www.tfrrs.org/results/52734/3404751/Baylor_Invitational/400-Hurdles,TFRRS all_performances
"Hawn, Kiana",Baylor,Big 12,400H,2018,4,,,1:00.99,seconds,Michael Johnson Invitational,2018-04-21,,,,Outdoor,https://www.tfrrs.org/results/52735/3453352/Michael_Johnson_Invitational/400-Hurdles,TFRRS all_performances
"Jessurun, Venae",Baylor,Big 12,400H,2018,1,,,1:03.17,seconds,Michael Johnson Invitational,2018-04-21,,,,Outdoor,https://www.tfrrs.org/results/52735/3453352/Michael_Johnson_Invitational/400-Hurdles,TFRRS all_performances
"Yocum, Sarah",Baylor,Big 12,400H,2018,1,,,1:01.17,seconds,Michael Johnson Invitational,2018-04-21,,,,Outdoor,https://www.tfrrs.org/results/52735/3453352/Michael_Johnson_Invitational/400-Hurdles,TFRRS all_performances
"Hawn, Kiana",Baylor,Big 12,400H,2018,4,,,1:01.67,seconds,National Relay Championships,2018-04-27,,,,Outdoor,https://www.tfrrs.org/results/54177/3473057/National_Relay_Championships/400-Hurdles,TFRRS all_performances
"Jessurun, Venae",Baylor,Big 12,400H,2018,1,,,1:03.43,seconds,National Relay Championships,2018-04-27,,,,Outdoor,https://www.tfrrs.org/results/54177/3473057/National_Relay_Championships/400-Hurdles,TFRRS all_performances
"Yocum, Sarah",Baylor,Big 12,400H,2018,1,,,1:00.20,seconds,National Relay Championships,2018-04-27,,,,Outdoor,https://www.tfrrs.org/results/54177/3473057/National_Relay_Championships/400-Hurdles,TFRRS all_performances
"Hawn, Kiana",Baylor,Big 12,400H,2018,4,,,1:01.15,seconds,Big 12 Conference Outdoor Track and Field Championships,2018-05-11,,,,Outdoor,https://www.tfrrs.org/results/56262/3508368/Big_12_Conference_Outdoor_Track_and_Field_Championships/400-Hurdles,TFRRS all_performances
"Jessurun, Venae",Baylor,Big 12,400H,2018,1,,,1:02.49,seconds,Big 12 Conference Outdoor Track and Field Championships,2018-05-11,,,,Outdoor,https://www.tfrrs.org/results/56262/3508368/Big_12_Conference_Outdoor_Track_and_Field_Championships/400-Hurdles,TFRRS all_performances
"Yocum, Sarah",Baylor,Big 12,400H,2018,1,,,1:00.24,seconds,Big 12 Conference Outdoor Track and Field Championships,2018-05-11,,,,Outdoor,https://www.tfrrs.org/results/56262/3508368/Big_12_Conference_Outdoor_Track_and_Field_Championships/400-Hurdles,TFRRS all_performances
"Yocum, Sarah",Baylor,Big 12,400H,2018,1,,,59.67,seconds,Big 12 Conference Outdoor Track and Field Championships,2018-05-11,,,,Outdoor,https://www.tfrrs.org/results/56262/3508368/Big_12_Conference_Outdoor_Track_and_Field_Championships/400-Hurdles,TFRRS all_performances
"Hawn, Kiana",Baylor,Big 12,400H,2018,4,,,58.32,seconds,NCAA West Preliminary Round,2018-05-24,,,,Outdoor,https://www.tfrrs.org/results/57100/3515416/NCAA_West_Preliminary_Round/400-Hurdles,TFRRS all_performances
"Hawn, Kiana",Baylor,Big 12,400H,2018,4,,,58.81,seconds,NCAA West Preliminary Round,2018-05-24,,,,Outdoor,https://www.tfrrs.org/results/57100/3515416/NCAA_West_Preliminary_Round/400-Hurdles,TFRRS all_performances
"Yocum, Sarah",Baylor,Big 12,400H,2018,1,,,1:01.29,seconds,NCAA West Preliminary Round,2018-05-24,,,,Outdoor,https://www.tfrrs.org/results/57100/3515416/NCAA_West_Preliminary_Round/400-Hurdles,TFRRS all_performances
"Hawn, Kiana",Baylor,Big 12,400H,2018,4,,,58.65,seconds,NCAA Division I Outdoor Championships,2018-06-06,,,,Outdoor,https://www.tfrrs.org/results/57114/3516374/NCAA_Division_I_Outdoor_Championships/400-Hurdles,TFRRS all_performances
"Whigham, Emma",Iowa State,Big 12,400H,2018,3,,,1:04.02,seconds,Tulsa Duels,2018-03-16,,,,Outdoor,https://www.tfrrs.org/results/54959/3347984/Tulsa_Duels/400-Hurdles,TFRRS all_performances
"Whigham, Emma",Iowa State,Big 12,400H,2018,3,,,1:01.97,seconds,Florida Relays,2018-03-29,,,,Outdoor,https://www.tfrrs.org/results/53568/3384034/Florida_Relays/400-Hurdles,TFRRS all_performances
"Whigham, Emma",Iowa State,Big 12,400H,2018,3,,,1:01.64,seconds,39th Sun Angel Classic,2018-04-05,,,,Outdoor,https://www.tfrrs.org/results/55897/3405791/39th_Sun_Angel_Classic/400-Hurdles,TFRRS all_performances
"Whigham, Emma",Iowa State,Big 12,400H,2018,3,,,1:01.50,seconds,Michael Johnson Invitational,2018-04-21,,,,Outdoor,https://www.tfrrs.org/results/52735/3453352/Michael_Johnson_Invitational/400-Hurdles,TFRRS all_performances
"Whigham, Emma",Iowa State,Big 12,400H,2018,4,,,1:02.67,seconds,2018 Drake Relays presented by Hy-Vee,2018-04-25,,,,Outdoor,https://www.tfrrs.org/results/56763/3475403/2018_Drake_Relays_presented_by_Hy-Vee/400-Hurdles,TFRRS all_performances
"Whigham, Emma",Iowa State,Big 12,400H,2018,4,,,1:02.67,seconds,2018 Drake Relays presented by Hy-Vee,2018-04-25,,,,Outdoor,https://www.tfrrs.org/results/51254/3526439/2018_Drake_Relays_presented_by_Hy-Vee/400-Hurdles,TFRRS all_performances
"Whigham, Emma",Iowa State,Big 12,400H,2018,3,,,1:02.18,seconds,2018 Nebraska Invitational,2018-05-05,,,,Outdoor,https://www.tfrrs.org/results/52825/3494196/2018_Nebraska_Invitational/400-Hurdles,TFRRS all_performances
"Whigham, Emma",Iowa State,Big 12,400H,2018,3,,,1:01.59,seconds,Big 12 Conference Outdoor Track and Field Championships,2018-05-11,,,,Outdoor,https://www.tfrrs.org/results/56262/3508368/Big_12_Conference_Outdoor_Track_and_Field_Championships/400-Hurdles,TFRRS all_performances
"Johnson, Kirsten",Texas Tech,Big 12,400H,2018,4,,,1:00.04,seconds,UTSA Invitational,2018-03-16,,,,Outdoor,https://www.tfrrs.org/results/54532/3349333/UTSA_Invitational/400-Hurdles,TFRRS all_performances
"Roberson, Faith",Texas Tech,Big 12,400H,2018,1,,,1:02.84,seconds,UTSA Invitational,2018-03-16,,,,Outdoor,https://www.tfrrs.org/results/54532/3349333/UTSA_Invitational/400-Hurdles,TFRRS all_performances
"Frank, Mackenzie",Texas Tech,Big 12,400H,2018,2,,,1:09.97,seconds,ACU Wes Kittley Invitational,2018-03-23,,,,Outdoor,https://www.tfrrs.org/results/54830/3365295/ACU_Wes_Kittley_Invitational/400-Hurdles,TFRRS all_performances
"Roberson, Faith",Texas Tech,Big 12,400H,2018,1,,,59.56,seconds,ACU Wes Kittley Invitational,2018-03-23,,,,Outdoor,https://www.tfrrs.org/results/54830/3365295/ACU_Wes_Kittley_Invitational/400-Hurdles,TFRRS all_performances
"Frank, Mackenzie",Texas Tech,Big 12,400H,2018,2,,,1:01.65,seconds,Home Depot Clyde Littlefield Texas Relays,2018-03-28,,,,Outdoor,https://www.tfrrs.org/results/53836/3382120/Home_Depot_Clyde_Littlefield_Texas_Relays/400-Hurdles,TFRRS all_performances
"Johnson, Kirsten",Texas Tech,Big 12,400H,2018,4,,,59.57,seconds,Home Depot Clyde Littlefield Texas Relays,2018-03-28,,,,Outdoor,https://www.tfrrs.org/results/53836/3382120/Home_Depot_Clyde_Littlefield_Texas_Relays/400-Hurdles,TFRRS all_performances
"Roberson, Faith",Texas Tech,Big 12,400H,2018,1,,,1:00.36,seconds,Home Depot Clyde Littlefield Texas Relays,2018-03-28,,,,Outdoor,https://www.tfrrs.org/results/53836/3382120/Home_Depot_Clyde_Littlefield_Texas_Relays/400-Hurdles,TFRRS all_performances
"Johnson, Kirsten",Texas Tech,Big 12,400H,2018,4,,,1:00.07,seconds,39th Sun Angel Classic,2018-04-05,,,,Outdoor,https://www.tfrrs.org/results/55897/3405791/39th_Sun_Angel_Classic/400-Hurdles,TFRRS all_performances
"Roberson, Faith",Texas Tech,Big 12,400H,2018,1,,,59.14,seconds,39th Sun Angel Classic,2018-04-05,,,,Outdoor,https://www.tfrrs.org/results/55897/3405791/39th_Sun_Angel_Classic/400-Hurdles,TFRRS all_performances
"Frank, Mackenzie",Texas Tech,Big 12,400H,2018,2,,,1:06.86,seconds,WT Classic & Multi,2018-04-06,,,,Outdoor,https://www.tfrrs.org/results/54768/3407163/WT_Classic__Multi/400-Hurdles,TFRRS all_performances
"Merrick, Brooke",Texas Tech,Big 12,400H,2018,2,,,1:08.58,seconds,WT Classic & Multi,2018-04-06,,,,Outdoor,https://www.tfrrs.org/results/54768/3407163/WT_Classic__Multi/400-Hurdles,TFRRS all_performances
"Merrick, Brooke",Texas Tech,Big 12,400H,2018,2,,,1:03.15,seconds,Michael Johnson Invitational,2018-04-21,,,,Outdoor,https://www.tfrrs.org/results/52735/3453352/Michael_Johnson_Invitational/400-Hurdles,TFRRS all_performances
"Roberson, Faith",Texas Tech,Big 12,400H,2018,1,,,1:00.49,seconds,Michael Johnson Invitational,2018-04-21,,,,Outdoor,https://www.tfrrs.org/results/52735/3453352/Michael_Johnson_Invitational/400-Hurdles,TFRRS all_performances
"Johnson, Kirsten",Texas Tech,Big 12,400H,2018,4,,,59.60,seconds,Texas Tech Corky/Crofoot Shootout,2018-04-27,,,,Outdoor,https://www.tfrrs.org/results/56741/3472119/Texas_Tech_Corky_Crofoot_Shootout/400-Hurdles,TFRRS all_performances
"Roberson, Faith",Texas Tech,Big 12,400H,2018,1,,,58.41,seconds,Texas Tech Corky/Crofoot Shootout,2018-04-27,,,,Outdoor,https://www.tfrrs.org/results/56741/3472119/Texas_Tech_Corky_Crofoot_Shootout/400-Hurdles,TFRRS all_performances
"Johnson, Kirsten",Texas Tech,Big 12,400H,2018,4,,,58.54,seconds,Big 12 Conference Outdoor Track and Field Championships,2018-05-11,,,,Outdoor,https://www.tfrrs.org/results/56262/3508368/Big_12_Conference_Outdoor_Track_and_Field_Championships/400-Hurdles,TFRRS all_performances
"Johnson, Kirsten",Texas Tech,Big 12,400H,2018,4,,,58.64,seconds,Big 12 Conference Outdoor Track and Field Championships,2018-05-11,,,,Outdoor,https://www.tfrrs.org/results/56262/3508368/Big_12_Conference_Outdoor_Track_and_Field_Championships/400-Hurdles,TFRRS all_performances
"Roberson, Faith",Texas Tech,Big 12,400H,2018,1,,,1:01.87,seconds,Big 12 Conference Outdoor Track and Field Championships,2018-05-11,,,,Outdoor,https://www.tfrrs.org/results/56262/3508368/Big_12_Conference_Outdoor_Track_and_Field_Championships/400-Hurdles,TFRRS all_performances
"Johnson, Kirsten",Texas Tech,Big 12,400H,2018,4,,,59.15,seconds,NCAA West Preliminary Round,2018-05-24,,,,Outdoor,https://www.tfrrs.org/results/57100/3515416/NCAA_West_Preliminary_Round/400-Hurdles,TFRRS all_performances
"Johnson, Kirsten",Texas Tech,Big 12,400H,2018,4,,,59.25,seconds,NCAA West Preliminary Round,2018-05-24,,,,Outdoor,https://www.tfrrs.org/results/57100/3515416/NCAA_West_Preliminary_Round/400-Hurdles,TFRRS all_performances
"Roberson, Faith",Texas Tech,Big 12,400H,2018,1,,,1:02.04,seconds,NCAA West Preliminary Round,2018-05-24,,,,Outdoor,https://www.tfrrs.org/results/57100/3515416/NCAA_West_Preliminary_Round/400-Hurdles,TFRRS all_performances
"Aduma, Amira",Illinois,Big Ten,400H,2018,1,,,1:03.60,seconds,SIU Bill Cornell Spring Classic,2018-03-23,,,,Outdoor,https://www.tfrrs.org/results/54701/3364936/SIU_Bill_Cornell_Spring_Classic/400-Hurdles,TFRRS all_performances
"Jones, Alexis",Illinois,Big Ten,400H,2018,1,,,1:05.58,seconds,SIU Bill Cornell Spring Classic,2018-03-23,,,,Outdoor,https://www.tfrrs.org/results/54701/3364936/SIU_Bill_Cornell_Spring_Classic/400-Hurdles,TFRRS all_performances
"Jones, Alexis",Illinois,Big Ten,400H,2018,1,,,1:04.00,seconds,Ole Miss Classic,2018-03-31,,,,Outdoor,https://www.tfrrs.org/results/54839/3381461/Ole_Miss_Classic/400-Hurdles,TFRRS all_performances
"Mayes, Jade'",Illinois,Big Ten,400H,2018,1,,,1:04.14,seconds,Ole Miss Classic,2018-03-31,,,,Outdoor,https://www.tfrrs.org/results/54839/3381461/Ole_Miss_Classic/400-Hurdles,TFRRS all_performances
"Jones, Alexis",Illinois,Big Ten,400H,2018,1,,,1:01.46,seconds,2018 Jim Click Shootout,2018-04-07,,,,Outdoor,https://www.tfrrs.org/results/55267/3403774/2018_Jim_Click_Shootout/400-Hurdles,TFRRS all_performances
"Mayes, Jade'",Illinois,Big Ten,400H,2018,1,,,1:03.62,seconds,2018 Jim Click Shootout,2018-04-07,,,,Outdoor,https://www.tfrrs.org/results/55267/3403774/2018_Jim_Click_Shootout/400-Hurdles,TFRRS all_performances
"Aduma, Amira",Illinois,Big Ten,400H,2018,1,,,1:02.55,seconds,Illinois Twilight,2018-04-14,,,,Outdoor,https://www.tfrrs.org/results/54341/3428375/Illinois_Twilight/400-Hurdles,TFRRS all_performances
"Mayes, Jade'",Illinois,Big Ten,400H,2018,1,,,1:05.20,seconds,Illinois Twilight,2018-04-14,,,,Outdoor,https://www.tfrrs.org/results/54341/3428375/Illinois_Twilight/400-Hurdles,TFRRS all_performances
"Aduma, Amira",Illinois,Big Ten,400H,2018,1,,,1:00.89,seconds,Mt. SAC Relays,2018-04-19,,,,Outdoor,https://www.tfrrs.org/results/56509/3454427/Mt_SAC_Relays/400-Hurdles,TFRRS all_performances
"Jones, Alexis",Illinois,Big Ten,400H,2018,1,,,1:02.14,seconds,Mt. SAC Relays,2018-04-19,,,,Outdoor,https://www.tfrrs.org/results/56509/3454427/Mt_SAC_Relays/400-Hurdles,TFRRS all_performances
"Jones, Alexis",Illinois,Big Ten,400H,2018,1,,,1:02.28,seconds,Beach Invitational,2018-04-20,,,,Outdoor,https://www.tfrrs.org/results/56487/3458699/Beach_Invitational/400-Hurdles,TFRRS all_performances
"Aduma, Amira",Illinois,Big Ten,400H,2018,,,,1:00.00,seconds,2018 Drake Relays presented by Hy-Vee,2018-04-25,,,,Outdoor,https://www.tfrrs.org/results/51254/3526439/2018_Drake_Relays_presented_by_Hy-Vee/400-Hurdles,TFRRS all_performances
"Aduma, Amira",Illinois,Big Ten,400H,2018,,,,1:00.00,seconds,2018 Drake Relays presented by Hy-Vee,2018-04-25,,,,Outdoor,https://www.tfrrs.org/results/56763/3475403/2018_Drake_Relays_presented_by_Hy-Vee/400-Hurdles,TFRRS all_performances
"Jones, Alexis",Illinois,Big Ten,400H,2018,,,,1:01.65,seconds,2018 Drake Relays presented by Hy-Vee,2018-04-25,,,,Outdoor,https://www.tfrrs.org/results/56763/3475403/2018_Drake_Relays_presented_by_Hy-Vee/400-Hurdles,TFRRS all_performances
"Jones, Alexis",Illinois,Big Ten,400H,2018,,,,1:01.65,seconds,2018 Drake Relays presented by Hy-Vee,2018-04-25,,,,Outdoor,https://www.tfrrs.org/results/51254/3526439/2018_Drake_Relays_presented_by_Hy-Vee/400-Hurdles,TFRRS all_performances
"Mayes, Jade'",Illinois,Big Ten,400H,2018,1,,,1:07.96,seconds,2018 Kip Janvrin Open,2018-04-26,,,,Outdoor,https://www.tfrrs.org/results/56742/3472155/2018_Kip_Janvrin_Open/400-Hurdles,TFRRS all_performances
"Aduma, Amira",Illinois,Big Ten,400H,2018,1,,,1:00.12,seconds,Big Ten Championships,2018-05-11,,,,Outdoor,https://www.tfrrs.org/results/57040/3507782/Big_Ten_Championships/400-Hurdles,TFRRS all_performances
"Jones, Alexis",Illinois,Big Ten,400H,2018,1,,,1:01.94,seconds,Big Ten Championships,2018-05-11,,,,Outdoor,https://www.tfrrs.org/results/57040/3507782/Big_Ten_Championships/400-Hurdles,TFRRS all_performances
"Mayes, Jade'",Illinois,Big Ten,400H,2018,1,,,1:04.29,seconds,Big Ten Championships,2018-05-11,,,,Outdoor,https://www.tfrrs.org/results/57040/3507782/Big_Ten_Championships/400-Hurdles,TFRRS all_performances
"Barge, Jasmine",Nebraska,Big Ten,400H,2018,3,,,58.47,seconds,Pac-12+ vs Big Ten Invitational,2018-03-23,,,,Outdoor,https://www.tfrrs.org/results/55253/3366184/Pac-12_vs_Big_Ten_Invitational/400-Hurdles,TFRRS all_performances
"Barge, Jasmine",Nebraska,Big Ten,400H,2018,3,,,58.98,seconds,John McDonnell Invitational,2018-04-13,,,,Outdoor,https://www.tfrrs.org/results/54175/3426342/John_McDonnell_Invitational/400-Hurdles,TFRRS all_performances
"Carr, Ashleigh",Nebraska,Big Ten,400H,2018,2,,,1:00.68,seconds,John McDonnell Invitational,2018-04-13,,,,Outdoor,https://www.tfrrs.org/results/54175/3426342/John_McDonnell_Invitational/400-Hurdles,TFRRS all_performances
"Peskova, Michaela",Nebraska,Big Ten,400H,2018,2,,,59.94,seconds,John McDonnell Invitational,2018-04-13,,,,Outdoor,https://www.tfrrs.org/results/54175/3426342/John_McDonnell_Invitational/400-Hurdles,TFRRS all_performances
"Peskova, Michaela",Nebraska,Big Ten,400H,2018,2,,,1:01.01,seconds,Kansas Relays,2018-04-18,,,,Outdoor,https://www.tfrrs.org/results/56497/3452060/Kansas_Relays/400-Hurdles,TFRRS all_performances
"Workentine, Rachel",Nebraska,Big Ten,400H,2018,2,,,1:07.34,seconds,Kansas Relays,2018-04-18,,,,Outdoor,https://www.tfrrs.org/results/56497/3452060/Kansas_Relays/400-Hurdles,TFRRS all_performances
"Carr, Ashleigh",Nebraska,Big Ten,400H,2018,2,,,1:00.16,seconds,Texas Tech Corky/Crofoot Shootout,2018-04-27,,,,Outdoor,https://www.tfrrs.org/results/56741/3472119/Texas_Tech_Corky_Crofoot_Shootout/400-Hurdles,TFRRS all_performances
"Peskova, Michaela",Nebraska,Big Ten,400H,2018,2,,,59.75,seconds,Texas Tech Corky/Crofoot Shootout,2018-04-27,,,,Outdoor,https://www.tfrrs.org/results/56741/3472119/Texas_Tech_Corky_Crofoot_Shootout/400-Hurdles,TFRRS all_performances
"Carr, Ashleigh",Nebraska,Big Ten,400H,2018,2,,,1:00.02,seconds,2018 Nebraska Invitational,2018-05-05,,,,Outdoor,https://www.tfrrs.org/results/52825/3494196/2018_Nebraska_Invitational/400-Hurdles,TFRRS all_performances
"Peskova, Michaela",Nebraska,Big Ten,400H,2018,2,,,1:00.73,seconds,2018 Nebraska Invitational,2018-05-05,,,,Outdoor,https://www.tfrrs.org/results/52825/3494196/2018_Nebraska_Invitational/400-Hurdles,TFRRS all_performances
"Workentine, Rachel",Nebraska,Big Ten,400H,2018,2,,,1:07.12,seconds,2018 Nebraska Invitational,2018-05-05,,,,Outdoor,https://www.tfrrs.org/results/52825/3494196/2018_Nebraska_Invitational/400-Hurdles,TFRRS all_performances
"Barge, Jasmine",Nebraska,Big Ten,400H,2018,3,,,57.95,seconds,Big Ten Championships,2018-05-11,,,,Outdoor,https://www.tfrrs.org/results/57040/3507782/Big_Ten_Championships/400-Hurdles,TFRRS all_performances
"Carr, Ashleigh",Nebraska,Big Ten,400H,2018,2,,,59.70,seconds,Big Ten Championships,2018-05-11,,,,Outdoor,https://www.tfrrs.org/results/57040/3507782/Big_Ten_Championships/400-Hurdles,TFRRS all_performances
"Peskova, Michaela",Nebraska,Big Ten,400H,2018,2,,,59.99,seconds,Big Ten Championships,2018-05-11,,,,Outdoor,https://www.tfrrs.org/results/57040/3507782/Big_Ten_Championships/400-Hurdles,TFRRS all_performances
"Barge, Jasmine",Nebraska,Big Ten,400H,2018,3,,,1:00.00,seconds,NCAA West Preliminary Round,2018-05-24,,,,Outdoor,https://www.tfrrs.org/results/57100/3515416/NCAA_West_Preliminary_Round/400-Hurdles,TFRRS all_performances
"Barge, Jasmine",Nebraska,Big Ten,400H,2018,3,,,58.80,seconds,NCAA West Preliminary Round,2018-05-24,,,,Outdoor,https://www.tfrrs.org/results/57100/3515416/NCAA_West_Preliminary_Round/400-Hurdles,TFRRS all_performances
"Greenleaf, Madi",Oregon,Big Ten,400H,2018,4,,,1:02.59,seconds,40th Annual Aztec Invitational,2018-03-24,,,,Outdoor,https://www.tfrrs.org/results/52948/3366208/40th_Annual_Aztec_Invitational/400-Hurdles,TFRRS all_performances
"Jackson, Khadejah",Oregon,Big Ten,400H,2018,3,,,1:03.96,seconds,40th Annual Aztec Invitational,2018-03-24,,,,Outdoor,https://www.tfrrs.org/results/52948/3366208/40th_Annual_Aztec_Invitational/400-Hurdles,TFRRS all_performances
"O'Connor, Kylee",Oregon,Big Ten,400H,2018,4,,,1:00.70,seconds,40th Annual Aztec Invitational,2018-03-24,,,,Outdoor,https://www.tfrrs.org/results/52948/3366208/40th_Annual_Aztec_Invitational/400-Hurdles,TFRRS all_performances
"Greenleaf, Madi",Oregon,Big Ten,400H,2018,4,,,1:04.04,seconds,Oregon Pepsi Invitational,2018-04-07,,,,Outdoor,https://www.tfrrs.org/results/54397/3404994/Oregon_Pepsi_Invitational/400-Hurdles,TFRRS all_performances
"Jackson, Khadejah",Oregon,Big Ten,400H,2018,3,,,1:05.66,seconds,Oregon Pepsi Invitational,2018-04-07,,,,Outdoor,https://www.tfrrs.org/results/54397/3404994/Oregon_Pepsi_Invitational/400-Hurdles,TFRRS all_performances
"O'Connor, Kylee",Oregon,Big Ten,400H,2018,4,,,1:02.09,seconds,Oregon Pepsi Invitational,2018-04-07,,,,Outdoor,https://www.tfrrs.org/results/54397/3404994/Oregon_Pepsi_Invitational/400-Hurdles,TFRRS all_performances
"Greenleaf, Madi",Oregon,Big Ten,400H,2018,4,,,1:01.48,seconds,OSU High Performance Meet,2018-04-27,,,,Outdoor,https://www.tfrrs.org/results/56769/3476444/OSU_High_Performance_Meet/400-Hurdles,TFRRS all_performances
"Jackson, Khadejah",Oregon,Big Ten,400H,2018,3,,,1:01.14,seconds,OSU High Performance Meet,2018-04-27,,,,Outdoor,https://www.tfrrs.org/results/56769/3476444/OSU_High_Performance_Meet/400-Hurdles,TFRRS all_performances
"O'Connor, Kylee",Oregon,Big Ten,400H,2018,4,,,1:00.38,seconds,OSU High Performance Meet,2018-04-27,,,,Outdoor,https://www.tfrrs.org/results/56769/3476444/OSU_High_Performance_Meet/400-Hurdles,TFRRS all_performances
"Stephen, Keera",Oregon,Big Ten,400H,2018,3,,,1:08.50,seconds,OSU High Performance Meet,2018-04-27,,,,Outdoor,https://www.tfrrs.org/results/56769/3476444/OSU_High_Performance_Meet/400-Hurdles,TFRRS all_performances
"Greenleaf, Madi",Oregon,Big Ten,400H,2018,4,,,1:01.09,seconds,Oregon Twilight,2018-05-04,,,,Outdoor,https://www.tfrrs.org/results/54403/3491026/Oregon_Twilight/400-Hurdles,TFRRS all_performances
"Jackson, Khadejah",Oregon,Big Ten,400H,2018,3,,,1:08.15,seconds,Oregon Twilight,2018-05-04,,,,Outdoor,https://www.tfrrs.org/results/54403/3491026/Oregon_Twilight/400-Hurdles,TFRRS all_performances
"Greenleaf, Madi",Oregon,Big Ten,400H,2018,4,,,1:00.85,seconds,2018 Pac-12 Track & Field Championships,2018-05-12,,,,Outdoor,https://www.tfrrs.org/results/55278/3508236/2018_Pac-12_Track__Field_Championships/400-Hurdles,TFRRS all_performances
"O'Connor, Kylee",Oregon,Big Ten,400H,2018,4,,,58.27,seconds,2018 Pac-12 Track & Field Championships,2018-05-12,,,,Outdoor,https://www.tfrrs.org/results/55278/3508236/2018_Pac-12_Track__Field_Championships/400-Hurdles,TFRRS all_performances
"O'Connor, Kylee",Oregon,Big Ten,400H,2018,4,,,58.37,seconds,2018 Pac-12 Track & Field Championships,2018-05-12,,,,Outdoor,https://www.tfrrs.org/results/55278/3508236/2018_Pac-12_Track__Field_Championships/400-Hurdles,TFRRS all_performances
"O'Connor, Kylee",Oregon,Big Ten,400H,2018,4,,,59.44,seconds,NCAA West Preliminary Round,2018-05-24,,,,Outdoor,https://www.tfrrs.org/results/57100/3515416/NCAA_West_Preliminary_Round/400-Hurdles,TFRRS all_performances
"Robinson, Shante",USC,Big Ten,400H,2018,1,,,1:01.71,seconds,Beach Opener,2018-03-03,,,,Outdoor,https://www.tfrrs.org/results/54529/3325456/Beach_Opener/400-Hurdles,TFRRS all_performances
"Robinson, Shante",USC,Big Ten,400H,2018,1,,,59.66,seconds,USC Trojan Invitational,2018-03-16,,,,Outdoor,https://www.tfrrs.org/results/54970/3349796/USC_Trojan_Invitational/400-Hurdles,TFRRS all_performances
"Cockrell, Anna",USC,Big Ten,400H,2018,2,,,58.30,seconds,39th Sun Angel Classic,2018-04-05,,,,Outdoor,https://www.tfrrs.org/results/55897/3405791/39th_Sun_Angel_Classic/400-Hurdles,TFRRS all_performances
"Robinson, Shante",USC,Big Ten,400H,2018,1,,,1:00.21,seconds,39th Sun Angel Classic,2018-04-05,,,,Outdoor,https://www.tfrrs.org/results/55897/3405791/39th_Sun_Angel_Classic/400-Hurdles,TFRRS all_performances
"Cockrell, Anna",USC,Big Ten,400H,2018,2,,,56.66,seconds,Mt. SAC Relays,2018-04-19,,,,Outdoor,https://www.tfrrs.org/results/56509/3454480/Mt_SAC_Relays/400-Hurdles,TFRRS all_performances
"Robinson, Shante",USC,Big Ten,400H,2018,1,,,58.61,seconds,Mt. SAC Relays,2018-04-19,,,,Outdoor,https://www.tfrrs.org/results/56509/3454480/Mt_SAC_Relays/400-Hurdles,TFRRS all_performances
"Cockrell, Anna",USC,Big Ten,400H,2018,2,,,56.24,seconds,UCLA vs. USC Dual,2018-04-29,,,,Outdoor,https://www.tfrrs.org/results/56382/3479630/UCLA_vs_USC_Dual/400-Hurdles,TFRRS all_performances
"McGlaston, Mecca",USC,Big Ten,400H,2018,2,,,1:00.95,seconds,UCLA vs. USC Dual,2018-04-29,,,,Outdoor,https://www.tfrrs.org/results/56382/3479630/UCLA_vs_USC_Dual/400-Hurdles,TFRRS all_performances
"Robinson, Shante",USC,Big Ten,400H,2018,1,,,59.31,seconds,UCLA vs. USC Dual,2018-04-29,,,,Outdoor,https://www.tfrrs.org/results/56382/3479630/UCLA_vs_USC_Dual/400-Hurdles,TFRRS all_performances
"Cockrell, Anna",USC,Big Ten,400H,2018,2,,,56.47,seconds,2018 Pac-12 Track & Field Championships,2018-05-12,,,,Outdoor,https://www.tfrrs.org/results/55278/3508236/2018_Pac-12_Track__Field_Championships/400-Hurdles,TFRRS all_performances
"Cockrell, Anna",USC,Big Ten,400H,2018,2,,,58.01,seconds,2018 Pac-12 Track & Field Championships,2018-05-12,,,,Outdoor,https://www.tfrrs.org/results/55278/3508236/2018_Pac-12_Track__Field_Championships/400-Hurdles,TFRRS all_performances
"Robinson, Shante",USC,Big Ten,400H,2018,1,,,59.34,seconds,2018 Pac-12 Track & Field Championships,2018-05-12,,,,Outdoor,https://www.tfrrs.org/results/55278/3508236/2018_Pac-12_Track__Field_Championships/400-Hurdles,TFRRS all_performances
"Robinson, Shante",USC,Big Ten,400H,2018,1,,,59.36,seconds,2018 Pac-12 Track & Field Championships,2018-05-12,,,,Outdoor,https://www.tfrrs.org/results/55278/3508236/2018_Pac-12_Track__Field_Championships/400-Hurdles,TFRRS all_performances
"Cockrell, Anna",USC,Big Ten,400H,2018,2,,,56.29,seconds,NCAA West Preliminary Round,2018-05-24,,,,Outdoor,https://www.tfrrs.org/results/57100/3515416/NCAA_West_Preliminary_Round/400-Hurdles,TFRRS all_performances
"Cockrell, Anna",USC,Big Ten,400H,2018,2,,,56.87,seconds,NCAA West Preliminary Round,2018-05-24,,,,Outdoor,https://www.tfrrs.org/results/57100/3515416/NCAA_West_Preliminary_Round/400-Hurdles,TFRRS all_performances
"Robinson, Shante",USC,Big Ten,400H,2018,1,,,58.02,seconds,NCAA West Preliminary Round,2018-05-24,,,,Outdoor,https://www.tfrrs.org/results/57100/3515416/NCAA_West_Preliminary_Round/400-Hurdles,TFRRS all_performances
"Robinson, Shante",USC,Big Ten,400H,2018,1,,,58.23,seconds,NCAA West Preliminary Round,2018-05-24,,,,Outdoor,https://www.tfrrs.org/results/57100/3515416/NCAA_West_Preliminary_Round/400-Hurdles,TFRRS all_performances
"Cockrell, Anna",USC,Big Ten,400H,2018,2,,,55.71,seconds,NCAA Division I Outdoor Championships,2018-06-06,,,,Outdoor,https://www.tfrrs.org/results/57114/3516374/NCAA_Division_I_Outdoor_Championships/400-Hurdles,TFRRS all_performances
"Cockrell, Anna",USC,Big Ten,400H,2018,2,,,56.07,seconds,NCAA Division I Outdoor Championships,2018-06-06,,,,Outdoor,https://www.tfrrs.org/results/57114/3516374/NCAA_Division_I_Outdoor_Championships/400-Hurdles,TFRRS all_performances
"Robinson, Shante",USC,Big Ten,400H,2018,1,,,58.24,seconds,NCAA Division I Outdoor Championships,2018-06-06,,,,Outdoor,https://www.tfrrs.org/results/57114/3516374/NCAA_Division_I_Outdoor_Championships/400-Hurdles,TFRRS all_performances
"Lester, Carly",Washington,Big Ten,400H,2018,3,,,59.14,seconds,USC Trojan Invitational,2018-03-16,,,,Outdoor,https://www.tfrrs.org/results/54970/3349796/USC_Trojan_Invitational/400-Hurdles,TFRRS all_performances
"Mills, Darhian",Washington,Big Ten,400H,2018,2,,,1:00.76,seconds,USC Trojan Invitational,2018-03-16,,,,Outdoor,https://www.tfrrs.org/results/54970/3349796/USC_Trojan_Invitational/400-Hurdles,TFRRS all_performances
"Tarleton, Hanna",Washington,Big Ten,400H,2018,3,,,58.85,seconds,USC Trojan Invitational,2018-03-16,,,,Outdoor,https://www.tfrrs.org/results/54970/3349796/USC_Trojan_Invitational/400-Hurdles,TFRRS all_performances
"Tarleton, Hanna",Washington,Big Ten,400H,2018,3,,,59.20,seconds,Home Depot Clyde Littlefield Texas Relays,2018-03-28,,,,Outdoor,https://www.tfrrs.org/results/53836/3382109/Home_Depot_Clyde_Littlefield_Texas_Relays/400-Hurdles,TFRRS all_performances
"Hill, Morganne",Washington,Big Ten,400H,2018,2,,,1:02.23,seconds,Stanford Invitational,2018-03-30,,,,Outdoor,https://www.tfrrs.org/results/55549/3384167/Stanford_Invitational/400-Hurdles,TFRRS all_performances
"Lester, Carly",Washington,Big Ten,400H,2018,3,,,59.58,seconds,Stanford Invitational,2018-03-30,,,,Outdoor,https://www.tfrrs.org/results/55549/3384167/Stanford_Invitational/400-Hurdles,TFRRS all_performances
"Mills, Darhian",Washington,Big Ten,400H,2018,2,,,1:00.31,seconds,Stanford Invitational,2018-03-30,,,,Outdoor,https://www.tfrrs.org/results/55549/3384167/Stanford_Invitational/400-Hurdles,TFRRS all_performances
"Hill, Morganne",Washington,Big Ten,400H,2018,2,,,1:00.95,seconds,Oregon Pepsi Invitational,2018-04-07,,,,Outdoor,https://www.tfrrs.org/results/54397/3404994/Oregon_Pepsi_Invitational/400-Hurdles,TFRRS all_performances
"Mills, Darhian",Washington,Big Ten,400H,2018,2,,,1:00.63,seconds,Oregon Pepsi Invitational,2018-04-07,,,,Outdoor,https://www.tfrrs.org/results/54397/3404994/Oregon_Pepsi_Invitational/400-Hurdles,TFRRS all_performances
"Tarleton, Hanna",Washington,Big Ten,400H,2018,3,,,59.55,seconds,Oregon Pepsi Invitational,2018-04-07,,,,Outdoor,https://www.tfrrs.org/results/54397/3404994/Oregon_Pepsi_Invitational/400-Hurdles,TFRRS all_performances
"Hill, Morganne",Washington,Big Ten,400H,2018,2,,,1:00.81,seconds,Mt. SAC Relays,2018-04-19,,,,Outdoor,https://www.tfrrs.org/results/56509/3454427/Mt_SAC_Relays/400-Hurdles,TFRRS all_performances
"Lester, Carly",Washington,Big Ten,400H,2018,3,,,59.40,seconds,Mt. SAC Relays,2018-04-19,,,,Outdoor,https://www.tfrrs.org/results/56509/3454480/Mt_SAC_Relays/400-Hurdles,TFRRS all_performances
"Mills, Darhian",Washington,Big Ten,400H,2018,2,,,1:03.10,seconds,Mt. SAC Relays,2018-04-19,,,,Outdoor,https://www.tfrrs.org/results/56509/3454480/Mt_SAC_Relays/400-Hurdles,TFRRS all_performances
"Tarleton, Hanna",Washington,Big Ten,400H,2018,3,,,58.24,seconds,Mt. SAC Relays,2018-04-19,,,,Outdoor,https://www.tfrrs.org/results/56509/3454480/Mt_SAC_Relays/400-Hurdles,TFRRS all_performances
"Hill, Morganne",Washington,Big Ten,400H,2018,2,,,59.38,seconds,WSU-UW Dual,2018-04-28,,,,Outdoor,https://www.tfrrs.org/results/56143/3476148/WSU-UW_Dual/400-Hurdles,TFRRS all_performances
"Lester, Carly",Washington,Big Ten,400H,2018,3,,,59.23,seconds,WSU-UW Dual,2018-04-28,,,,Outdoor,https://www.tfrrs.org/results/56143/3476148/WSU-UW_Dual/400-Hurdles,TFRRS all_performances
"Mills, Darhian",Washington,Big Ten,400H,2018,2,,,1:02.96,seconds,WSU-UW Dual,2018-04-28,,,,Outdoor,https://www.tfrrs.org/results/56143/3476148/WSU-UW_Dual/400-Hurdles,TFRRS all_performances
"Tarleton, Hanna",Washington,Big Ten,400H,2018,3,,,58.53,seconds,WSU-UW Dual,2018-04-28,,,,Outdoor,https://www.tfrrs.org/results/56143/3476148/WSU-UW_Dual/400-Hurdles,TFRRS all_performances
"Mills, Darhian",Washington,Big Ten,400H,2018,2,,,1:00.38,seconds,2018 Ken Shannon Invitational,2018-05-04,,,,Outdoor,https://www.tfrrs.org/results/55603/3494825/2018_Ken_Shannon_Invitational/400-Hurdles,TFRRS all_performances
"Hill, Morganne",Washington,Big Ten,400H,2018,2,,,1:00.03,seconds,2018 Pac-12 Track & Field Championships,2018-05-12,,,,Outdoor,https://www.tfrrs.org/results/55278/3508236/2018_Pac-12_Track__Field_Championships/400-Hurdles,TFRRS all_performances
"Lester, Carly",Washington,Big Ten,400H,2018,3,,,59.53,seconds,2018 Pac-12 Track & Field Championships,2018-05-12,,,,Outdoor,https://www.tfrrs.org/results/55278/3508236/2018_Pac-12_Track__Field_Championships/400-Hurdles,TFRRS all_performances
"Mills, Darhian",Washington,Big Ten,400H,2018,2,,,1:00.17,seconds,2018 Pac-12 Track & Field Championships,2018-05-12,,,,Outdoor,https://www.tfrrs.org/results/55278/3508236/2018_Pac-12_Track__Field_Championships/400-Hurdles,TFRRS all_performances
"Tarleton, Hanna",Washington,Big Ten,400H,2018,3,,,58.62,seconds,2018 Pac-12 Track & Field Championships,2018-05-12,,,,Outdoor,https://www.tfrrs.org/results/55278/3508236/2018_Pac-12_Track__Field_Championships/400-Hurdles,TFRRS all_performances
"Tarleton, Hanna",Washington,Big Ten,400H,2018,3,,,59.17,seconds,2018 Pac-12 Track & Field Championships,2018-05-12,,,,Outdoor,https://www.tfrrs.org/results/55278/3508236/2018_Pac-12_Track__Field_Championships/400-Hurdles,TFRRS all_performances
"Hill, Morganne",Washington,Big Ten,400H,2018,2,,,1:00.58,seconds,NCAA West Preliminary Round,2018-05-24,,,,Outdoor,https://www.tfrrs.org/results/57100/3515416/NCAA_West_Preliminary_Round/400-Hurdles,TFRRS all_performances
"Hill, Morganne",Washington,Big Ten,400H,2018,2,,,58.65,seconds,NCAA West Preliminary Round,2018-05-24,,,,Outdoor,https://www.tfrrs.org/results/57100/3515416/NCAA_West_Preliminary_Round/400-Hurdles,TFRRS all_performances
"Lester, Carly",Washington,Big Ten,400H,2018,3,,,59.84,seconds,NCAA West Preliminary Round,2018-05-24,,,,Outdoor,https://www.tfrrs.org/results/57100/3515416/NCAA_West_Preliminary_Round/400-Hurdles,TFRRS all_performances
"Tarleton, Hanna",Washington,Big Ten,400H,2018,3,,,58.46,seconds,NCAA West Preliminary Round,2018-05-24,,,,Outdoor,https://www.tfrrs.org/results/57100/3515416/NCAA_West_Preliminary_Round/400-Hurdles,TFRRS all_performances
"Tarleton, Hanna",Washington,Big Ten,400H,2018,3,,,58.69,seconds,NCAA West Preliminary Round,2018-05-24,,,,Outdoor,https://www.tfrrs.org/results/57100/3515416/NCAA_West_Preliminary_Round/400-Hurdles,TFRRS all_performances
"Jackson, Jada",Alabama,SEC,400H,2018,3,,,1:08.34,seconds,Samford Alabama Track Challenge 2018,2018-03-23,,,,Outdoor,https://www.tfrrs.org/results/54784/3362443/Samford_Alabama_Track_Challenge_2018/400-Hurdles,TFRRS all_performances
"Walker, Kaitlin",Alabama,SEC,400H,2018,4,,,59.09,seconds,Samford Alabama Track Challenge 2018,2018-03-23,,,,Outdoor,https://www.tfrrs.org/results/54784/3362443/Samford_Alabama_Track_Challenge_2018/400-Hurdles,TFRRS all_performances
"Jackson, Jada",Alabama,SEC,400H,2018,3,,,1:07.80,seconds,Crimson Tide Invitational,2018-04-06,,,,Outdoor,https://www.tfrrs.org/results/55889/3403233/Crimson_Tide_Invitational/400-Hurdles,TFRRS all_performances
"Walker, Kaitlin",Alabama,SEC,400H,2018,4,,,58.34,seconds,UF Tom Jones Memorial,2018-04-13,,,,Outdoor,https://www.tfrrs.org/results/53752/3428926/UF_Tom_Jones_Memorial/400-Hurdles,TFRRS all_performances
"Jackson, Jada",Alabama,SEC,400H,2018,3,,,1:08.14,seconds,War Eagle Invitational 2018,2018-04-20,,,,Outdoor,https://www.tfrrs.org/results/51957/3451951/War_Eagle_Invitational_2018/400-Hurdles,TFRRS all_performances
"Walker, Kaitlin",Alabama,SEC,400H,2018,4,,,57.72,seconds,LSU Invitational,2018-04-28,,,,Outdoor,https://www.tfrrs.org/results/52610/3474178/LSU_Invitational/400-Hurdles,TFRRS all_performances
"Walker, Kaitlin",Alabama,SEC,400H,2018,4,,,58.28,seconds,SEC Outdoor Track and Field Championships,2018-05-11,,,,Outdoor,https://www.tfrrs.org/results/56302/3508662/SEC_Outdoor_Track_and_Field_Championships/400-Hurdles,TFRRS all_performances
"Walker, Kaitlin",Alabama,SEC,400H,2018,4,,,58.54,seconds,SEC Outdoor Track and Field Championships,2018-05-11,,,,Outdoor,https://www.tfrrs.org/results/56302/3508662/SEC_Outdoor_Track_and_Field_Championships/400-Hurdles,TFRRS all_performances
"Walker, Kaitlin",Alabama,SEC,400H,2018,4,,,58.49,seconds,NCAA East Preliminary Round,2018-05-24,,,,Outdoor,https://www.tfrrs.org/results/57099/3515266/NCAA_East_Preliminary_Round/400-Hurdles,TFRRS all_performances
"Walker, Kaitlin",Alabama,SEC,400H,2018,4,,,58.95,seconds,NCAA East Preliminary Round,2018-05-24,,,,Outdoor,https://www.tfrrs.org/results/57099/3515266/NCAA_East_Preliminary_Round/400-Hurdles,TFRRS all_performances
"Ward, Destiny",Florida,SEC,400H,2018,1,,,1:01.16,seconds,FSU Relays,2018-03-23,,,,Outdoor,https://www.tfrrs.org/results/55228/3362597/FSU_Relays/400-Hurdles,TFRRS all_performances
"Johnson, Brandee",Florida,SEC,400H,2018,2,,,59.48,seconds,Florida Relays,2018-03-29,,,,Outdoor,https://www.tfrrs.org/results/53568/3384056/Florida_Relays/400-Hurdles,TFRRS all_performances
"Ward, Destiny",Florida,SEC,400H,2018,1,,,1:02.59,seconds,Florida Relays,2018-03-29,,,,Outdoor,https://www.tfrrs.org/results/53568/3384056/Florida_Relays/400-Hurdles,TFRRS all_performances
"Johnson, Brandee",Florida,SEC,400H,2018,2,,,57.94,seconds,UF Tom Jones Memorial,2018-04-13,,,,Outdoor,https://www.tfrrs.org/results/53752/3428926/UF_Tom_Jones_Memorial/400-Hurdles,TFRRS all_performances
"Mitchell, Timetria",Florida,SEC,400H,2018,1,,,1:10.95,seconds,UF Tom Jones Memorial,2018-04-13,,,,Outdoor,https://www.tfrrs.org/results/53752/3428926/UF_Tom_Jones_Memorial/400-Hurdles,TFRRS all_performances
"Stephens, Nikki",Florida,SEC,400H,2018,1,,,58.82,seconds,UF Tom Jones Memorial,2018-04-13,,,,Outdoor,https://www.tfrrs.org/results/53752/3428926/UF_Tom_Jones_Memorial/400-Hurdles,TFRRS all_performances
"Ward, Destiny",Florida,SEC,400H,2018,1,,,1:02.33,seconds,UF Tom Jones Memorial,2018-04-13,,,,Outdoor,https://www.tfrrs.org/results/53752/3428926/UF_Tom_Jones_Memorial/400-Hurdles,TFRRS all_performances
"Johnson, Brandee",Florida,SEC,400H,2018,2,,,58.73,seconds,National Relay Championships,2018-04-27,,,,Outdoor,https://www.tfrrs.org/results/54177/3473057/National_Relay_Championships/400-Hurdles,TFRRS all_performances
"Johnson, Brandee",Florida,SEC,400H,2018,2,,,57.19,seconds,SEC Outdoor Track and Field Championships,2018-05-11,,,,Outdoor,https://www.tfrrs.org/results/56302/3508662/SEC_Outdoor_Track_and_Field_Championships/400-Hurdles,TFRRS all_performances
"Johnson, Brandee",Florida,SEC,400H,2018,2,,,58.01,seconds,SEC Outdoor Track and Field Championships,2018-05-11,,,,Outdoor,https://www.tfrrs.org/results/56302/3508662/SEC_Outdoor_Track_and_Field_Championships/400-Hurdles,TFRRS all_performances
"Stephens, Nikki",Florida,SEC,400H,2018,1,,,58.28,seconds,SEC Outdoor Track and Field Championships,2018-05-11,,,,Outdoor,https://www.tfrrs.org/results/56302/3508662/SEC_Outdoor_Track_and_Field_Championships/400-Hurdles,TFRRS all_performances
"Ward, Destiny",Florida,SEC,400H,2018,1,,,1:02.48,seconds,SEC Outdoor Track and Field Championships,2018-05-11,,,,Outdoor,https://www.tfrrs.org/results/56302/3508662/SEC_Outdoor_Track_and_Field_Championships/400-Hurdles,TFRRS all_performances
"Stephens, Nikki",Florida,SEC,400H,2018,1,,,NT,seconds,SEC Outdoor Track and Field Championships,2018-05-13,Final,,,Outdoor,https://www.tfrrs.org/athletes/8011546,legacy_source_needs_review
"Johnson, Brandee",Florida,SEC,400H,2018,2,,,57.01,seconds,NCAA East Preliminary Round,2018-05-24,,,,Outdoor,https://www.tfrrs.org/results/57099/3515266/NCAA_East_Preliminary_Round/400-Hurdles,TFRRS all_performances
"Johnson, Brandee",Florida,SEC,400H,2018,2,,,57.05,seconds,NCAA East Preliminary Round,2018-05-24,,,,Outdoor,https://www.tfrrs.org/results/57099/3515266/NCAA_East_Preliminary_Round/400-Hurdles,TFRRS all_performances
"Stephens, Nikki",Florida,SEC,400H,2018,1,,,57.21,seconds,NCAA East Preliminary Round,2018-05-24,,,,Outdoor,https://www.tfrrs.org/results/57099/3515266/NCAA_East_Preliminary_Round/400-Hurdles,TFRRS all_performances
"Stephens, Nikki",Florida,SEC,400H,2018,1,,,58.56,seconds,NCAA East Preliminary Round,2018-05-24,,,,Outdoor,https://www.tfrrs.org/results/57099/3515266/NCAA_East_Preliminary_Round/400-Hurdles,TFRRS all_performances
"Johnson, Brandee",Florida,SEC,400H,2018,2,,,57.65,seconds,NCAA Division I Outdoor Championships,2018-06-06,,,,Outdoor,https://www.tfrrs.org/results/57114/3516374/NCAA_Division_I_Outdoor_Championships/400-Hurdles,TFRRS all_performances
"Stephens, Nikki",Florida,SEC,400H,2018,1,,,57.77,seconds,NCAA Division I Outdoor Championships,2018-06-06,,,,Outdoor,https://www.tfrrs.org/results/57114/3516374/NCAA_Division_I_Outdoor_Championships/400-Hurdles,TFRRS all_performances
"Stephens, Nikki",Florida,SEC,400H,2018,1,,,57.80,seconds,NCAA Division I Outdoor Championships,2018-06-06,,,,Outdoor,https://www.tfrrs.org/results/57114/3516374/NCAA_Division_I_Outdoor_Championships/400-Hurdles,TFRRS all_performances
"Kopp, Makenzi",Georgia,SEC,400H,2018,1,,,1:04.20,seconds,Yellow Jacket Invitational,2018-03-16,,,,Outdoor,https://www.tfrrs.org/results/54027/3347945/Yellow_Jacket_Invitational/400-Hurdles,TFRRS all_performances
"Kopp, Makenzi",Georgia,SEC,400H,2018,1,,,1:05.36,seconds,Spec Towns Invitational,2018-04-06,,,,Outdoor,https://www.tfrrs.org/results/55891/3403414/Spec_Towns_Invitational/400-Hurdles,TFRRS all_performances
"Ross, Faith",Kentucky,SEC,400H,2018,2,,,58.86,seconds,Florida Relays,2018-03-29,,,,Outdoor,https://www.tfrrs.org/results/53568/3384034/Florida_Relays/400-Hurdles,TFRRS all_performances
"Ross, Faith",Kentucky,SEC,400H,2018,2,,,58.37,seconds,Tennessee Relays,2018-04-12,,,,Outdoor,https://www.tfrrs.org/results/54171/3425861/Tennessee_Relays/400-Hurdles,TFRRS all_performances
"McLaughlin, Sydney",Kentucky,SEC,400H,2018,1,,,53.60,seconds,National Relay Championships,2018-04-27,,,,Outdoor,https://www.tfrrs.org/results/54177/3473057/National_Relay_Championships/400-Hurdles,TFRRS all_performances
"Ross, Faith",Kentucky,SEC,400H,2018,2,,,58.28,seconds,National Relay Championships,2018-04-27,,,,Outdoor,https://www.tfrrs.org/results/54177/3473057/National_Relay_Championships/400-Hurdles,TFRRS all_performances
"McLaughlin, Sydney",Kentucky,SEC,400H,2018,1,,,52.75,seconds,SEC Outdoor Track and Field Championships,2018-05-11,,,,Outdoor,https://www.tfrrs.org/results/56302/3508662/SEC_Outdoor_Track_and_Field_Championships/400-Hurdles,TFRRS all_performances
"McLaughlin, Sydney",Kentucky,SEC,400H,2018,1,,,54.85,seconds,SEC Outdoor Track and Field Championships,2018-05-11,,,,Outdoor,https://www.tfrrs.org/results/56302/3508662/SEC_Outdoor_Track_and_Field_Championships/400-Hurdles,TFRRS all_performances
"Ross, Faith",Kentucky,SEC,400H,2018,2,,,FS,seconds,SEC Outdoor Track and Field Championships,2018-05-11,Prelim,,,Outdoor,https://www.tfrrs.org/athletes/6083682/Kentucky/Ross_Faith,legacy_source_needs_review
"McLaughlin, Sydney",Kentucky,SEC,400H,2018,1,,,54.78,seconds,NCAA East Preliminary Round,2018-05-24,,,,Outdoor,https://www.tfrrs.org/results/57099/3515266/NCAA_East_Preliminary_Round/400-Hurdles,TFRRS all_performances
"McLaughlin, Sydney",Kentucky,SEC,400H,2018,1,,,55.50,seconds,NCAA East Preliminary Round,2018-05-24,,,,Outdoor,https://www.tfrrs.org/results/57099/3515266/NCAA_East_Preliminary_Round/400-Hurdles,TFRRS all_performances
"Ross, Faith",Kentucky,SEC,400H,2018,2,,,57.36,seconds,NCAA East Preliminary Round,2018-05-24,,,,Outdoor,https://www.tfrrs.org/results/57099/3515266/NCAA_East_Preliminary_Round/400-Hurdles,TFRRS all_performances
"Ross, Faith",Kentucky,SEC,400H,2018,2,,,58.11,seconds,NCAA East Preliminary Round,2018-05-24,,,,Outdoor,https://www.tfrrs.org/results/57099/3515266/NCAA_East_Preliminary_Round/400-Hurdles,TFRRS all_performances
"McLaughlin, Sydney",Kentucky,SEC,400H,2018,1,,,53.96,seconds,NCAA Division I Outdoor Championships,2018-06-06,,,,Outdoor,https://www.tfrrs.org/results/57114/3516374/NCAA_Division_I_Outdoor_Championships/400-Hurdles,TFRRS all_performances
"McLaughlin, Sydney",Kentucky,SEC,400H,2018,1,,,54.15,seconds,NCAA Division I Outdoor Championships,2018-06-06,,,,Outdoor,https://www.tfrrs.org/results/57114/3516374/NCAA_Division_I_Outdoor_Championships/400-Hurdles,TFRRS all_performances
"Hubbard, Morgan",South Carolina,SEC,400H,2018,3,,,1:11.26,seconds,UCF Black and Gold Challenge,2018-03-16,,,,Outdoor,https://www.tfrrs.org/results/52465/3347750/UCF_Black_and_Gold_Challenge/400-Hurdles,TFRRS all_performances
"Hubbard, Morgan",South Carolina,SEC,400H,2018,3,,,1:05.80,seconds,Weems Baskin Relays,2018-03-23,,,,Outdoor,https://www.tfrrs.org/results/53411/3366104/Weems_Baskin_Relays/400-Hurdles,TFRRS all_performances
"Hubbard, Morgan",South Carolina,SEC,400H,2018,3,,,1:05.41,seconds,Florida Relays,2018-03-29,,,,Outdoor,https://www.tfrrs.org/results/53568/3384056/Florida_Relays/400-Hurdles,TFRRS all_performances
"Hubbard, Morgan",South Carolina,SEC,400H,2018,3,,,1:03.48,seconds,USC Open,2018-04-21,,,,Outdoor,https://www.tfrrs.org/results/53412/3451823/USC_Open/400-Hurdles,TFRRS all_performances
"Brewer, Anna",Clemson,ACC,400H,2019,1,,,1:06.09,s,Yellow Jacket Invitational,2019-03-15,,,,Outdoor,https://www.tfrrs.org/results/59266/3679658/Yellow_Jacket_Invitational/400-Hurdles,TFRRS all_performances
"Cooney, Olivia",Clemson,ACC,400H,2019,1,,,1:08.94,s,Yellow Jacket Invitational,2019-03-15,,,,Outdoor,https://www.tfrrs.org/results/59266/3679658/Yellow_Jacket_Invitational/400-Hurdles,TFRRS all_performances
"Felton, Courtashia",Clemson,ACC,400H,2019,1,,,1:03.46,s,Yellow Jacket Invitational,2019-03-15,,,,Outdoor,https://www.tfrrs.org/results/59266/3679658/Yellow_Jacket_Invitational/400-Hurdles,TFRRS all_performances
"Thomas, Markeeta",Clemson,ACC,400H,2019,4,,,1:01.34,s,Yellow Jacket Invitational,2019-03-15,,,,Outdoor,https://www.tfrrs.org/results/59266/3679658/Yellow_Jacket_Invitational/400-Hurdles,TFRRS all_performances
"Warner, Lakeisha",Clemson,ACC,400H,2019,3,,,1:01.99,s,Yellow Jacket Invitational,2019-03-15,,,,Outdoor,https://www.tfrrs.org/results/59266/3679658/Yellow_Jacket_Invitational/400-Hurdles,TFRRS all_performances
"Brewer, Anna",Clemson,ACC,400H,2019,1,,,1:05.55,s,North Florida Spring Break Invitational,2019-03-21,,,,Outdoor,https://www.tfrrs.org/results/59177/3697963/North_Florida_Spring_Break_Invitational/400-Hurdles,TFRRS all_performances
"Cooney, Olivia",Clemson,ACC,400H,2019,1,,,1:05.27,s,North Florida Spring Break Invitational,2019-03-21,,,,Outdoor,https://www.tfrrs.org/results/59177/3697963/North_Florida_Spring_Break_Invitational/400-Hurdles,TFRRS all_performances
"Felton, Courtashia",Clemson,ACC,400H,2019,1,,,1:02.98,s,North Florida Spring Break Invitational,2019-03-21,,,,Outdoor,https://www.tfrrs.org/results/59177/3697963/North_Florida_Spring_Break_Invitational/400-Hurdles,TFRRS all_performances
"Thomas, Markeeta",Clemson,ACC,400H,2019,4,,,1:05.28,s,North Florida Spring Break Invitational,2019-03-21,,,,Outdoor,https://www.tfrrs.org/results/59177/3697963/North_Florida_Spring_Break_Invitational/400-Hurdles,TFRRS all_performances
"Warner, Lakeisha",Clemson,ACC,400H,2019,3,,,1:00.37,s,North Florida Spring Break Invitational,2019-03-21,,,,Outdoor,https://www.tfrrs.org/results/59177/3697963/North_Florida_Spring_Break_Invitational/400-Hurdles,TFRRS all_performances
"Felton, Courtashia",Clemson,ACC,400H,2019,1,,,1:01.42,s,Florida Relays,2019-03-28,,,,Outdoor,https://www.tfrrs.org/results/59113/3716328/Florida_Relays/400-Hurdles,TFRRS all_performances
"Thomas, Markeeta",Clemson,ACC,400H,2019,4,,,1:00.48,s,Florida Relays,2019-03-28,,,,Outdoor,https://www.tfrrs.org/results/59113/3716328/Florida_Relays/400-Hurdles,TFRRS all_performances
"Warner, Lakeisha",Clemson,ACC,400H,2019,3,,,57.86,s,Florida Relays,2019-03-28,,,,Outdoor,https://www.tfrrs.org/results/59113/3716328/Florida_Relays/400-Hurdles,TFRRS all_performances
"Brewer, Anna",Clemson,ACC,400H,2019,1,,,1:06.02,s,Gamecock Invitational Outdoor,2019-04-13,,,,Outdoor,https://www.tfrrs.org/results/57927/3768789/Gamecock_Invitational_Outdoor_/400-Hurdles,TFRRS all_performances
"Cooney, Olivia",Clemson,ACC,400H,2019,1,,,1:05.81,s,Gamecock Invitational Outdoor,2019-04-13,,,,Outdoor,https://www.tfrrs.org/results/57927/3768789/Gamecock_Invitational_Outdoor_/400-Hurdles,TFRRS all_performances
"Felton, Courtashia",Clemson,ACC,400H,2019,1,,,1:02.66,s,Gamecock Invitational Outdoor,2019-04-13,,,,Outdoor,https://www.tfrrs.org/results/57927/3768789/Gamecock_Invitational_Outdoor_/400-Hurdles,TFRRS all_performances
"Warner, Lakeisha",Clemson,ACC,400H,2019,3,,,58.59,s,Gamecock Invitational Outdoor,2019-04-13,,,,Outdoor,https://www.tfrrs.org/results/57927/3768789/Gamecock_Invitational_Outdoor_/400-Hurdles,TFRRS all_performances
"Brewer, Anna",Clemson,ACC,400H,2019,1,,,1:05.49,s,LSU Alumni Gold,2019-04-20,,,,Outdoor,https://www.tfrrs.org/results/57942/3790524/LSU_Alumni_Gold/400-Hurdles,TFRRS all_performances
"Cooney, Olivia",Clemson,ACC,400H,2019,1,,,1:04.63,s,LSU Alumni Gold,2019-04-20,,,,Outdoor,https://www.tfrrs.org/results/57942/3790524/LSU_Alumni_Gold/400-Hurdles,TFRRS all_performances
"Felton, Courtashia",Clemson,ACC,400H,2019,1,,,1:01.88,s,LSU Alumni Gold,2019-04-20,,,,Outdoor,https://www.tfrrs.org/results/57942/3790524/LSU_Alumni_Gold/400-Hurdles,TFRRS all_performances
"Thomas, Markeeta",Clemson,ACC,400H,2019,4,,,59.99,s,LSU Alumni Gold,2019-04-20,,,,Outdoor,https://www.tfrrs.org/results/57942/3790501/LSU_Alumni_Gold/400-Hurdles,TFRRS all_performances
"Brewer, Anna",Clemson,ACC,400H,2019,1,,,1:05.20,s,125th Penn Relays,2019-04-25,,,,Outdoor,https://www.tfrrs.org/results/62328/3833379/125th_Penn_Relays/400-Hurdles,TFRRS all_performances
"Cooney, Olivia",Clemson,ACC,400H,2019,1,,,1:08.41,s,125th Penn Relays,2019-04-25,,,,Outdoor,https://www.tfrrs.org/results/62328/3833379/125th_Penn_Relays/400-Hurdles,TFRRS all_performances
"Felton, Courtashia",Clemson,ACC,400H,2019,1,,,1:01.90,s,125th Penn Relays,2019-04-25,,,,Outdoor,https://www.tfrrs.org/results/62328/3833379/125th_Penn_Relays/400-Hurdles,TFRRS all_performances
"Thomas, Markeeta",Clemson,ACC,400H,2019,4,,,1:02.55,s,125th Penn Relays,2019-04-25,,,,Outdoor,https://www.tfrrs.org/results/62328/3833379/125th_Penn_Relays/400-Hurdles,TFRRS all_performances
"Cooney, Olivia",Clemson,ACC,400H,2019,1,,,1:05.22,s,ACC Championships,2019-05-09,,,,Outdoor,https://www.tfrrs.org/results/62590/3838885/ACC_Championships/400-Hurdles,TFRRS all_performances
"Felton, Courtashia",Clemson,ACC,400H,2019,1,,,1:02.09,s,ACC Championships,2019-05-09,,,,Outdoor,https://www.tfrrs.org/results/62590/3838885/ACC_Championships/400-Hurdles,TFRRS all_performances
"Thomas, Markeeta",Clemson,ACC,400H,2019,4,,,1:00.68,s,ACC Championships,2019-05-09,,,,Outdoor,https://www.tfrrs.org/results/62590/3838885/ACC_Championships/400-Hurdles,TFRRS all_performances
"Warner, Lakeisha",Clemson,ACC,400H,2019,3,,,1:00.19,s,ACC Championships,2019-05-09,,,,Outdoor,https://www.tfrrs.org/results/62590/3838885/ACC_Championships/400-Hurdles,TFRRS all_performances
"Warner, Lakeisha",Clemson,ACC,400H,2019,3,,,59.31,s,ACC Championships,2019-05-09,,,,Outdoor,https://www.tfrrs.org/results/62590/3838885/ACC_Championships/400-Hurdles,TFRRS all_performances
"Warner, Lakeisha",Clemson,ACC,400H,2019,3,,,57.21,s,NCAA Division I East Region Preliminary Rounds,2019-05-23,,,,Outdoor,https://www.tfrrs.org/results/62650/3849018/NCAA_Division_I_East_Region_Preliminary_Rounds/400-Hurdles,TFRRS all_performances
"Warner, Lakeisha",Clemson,ACC,400H,2019,3,,,59.15,s,NCAA Division I East Region Preliminary Rounds,2019-05-23,,,,Outdoor,https://www.tfrrs.org/results/62650/3849018/NCAA_Division_I_East_Region_Preliminary_Rounds/400-Hurdles,TFRRS all_performances
"Warner, Lakeisha",Clemson,ACC,400H,2019,3,,,1:02.29,s,NCAA Division I Outdoor Track & Field Championships,2019-06-05,,,,Outdoor,https://www.tfrrs.org/results/62668/3850641/NCAA_Division_I_Outdoor_Track__Field_Championships/400-Hurdles,TFRRS all_performances
"Hoffman, Lauren",Duke,ACC,400H,2019,2,,,58.94,s,HPU VertKlasse Meeting,2019-03-21,,,,Outdoor,https://www.tfrrs.org/results/60864/3700268/HPU_VertKlasse_Meeting/400-Hurdles,TFRRS all_performances
"Lowe, India",Duke,ACC,400H,2019,4,,,58.60,s,HPU VertKlasse Meeting,2019-03-21,,,,Outdoor,https://www.tfrrs.org/results/60864/3700268/HPU_VertKlasse_Meeting/400-Hurdles,TFRRS all_performances
"Hoffman, Lauren",Duke,ACC,400H,2019,2,,,1:01.20,s,2019 92nd Clyde Littlefield Texas Relays,2019-03-27,,,,Outdoor,https://www.tfrrs.org/results/59286/3721712/2019_92nd_Clyde_Littlefield_Texas_Relays/400-Hurdles,TFRRS all_performances
"Lowe, India",Duke,ACC,400H,2019,4,,,1:00.04,s,2019 92nd Clyde Littlefield Texas Relays,2019-03-27,,,,Outdoor,https://www.tfrrs.org/results/59286/3721712/2019_92nd_Clyde_Littlefield_Texas_Relays/400-Hurdles,TFRRS all_performances
"Lowe, India",Duke,ACC,400H,2019,4,,,59.05,s,2019 92nd Clyde Littlefield Texas Relays,2019-03-27,,,,Outdoor,https://www.tfrrs.org/results/59286/3721712/2019_92nd_Clyde_Littlefield_Texas_Relays/400-Hurdles,TFRRS all_performances
"Hoffman, Lauren",Duke,ACC,400H,2019,2,,,61.20,s,Texas Relays,2019-03-30,Prelim,19,,Outdoor,https://static.goduke.com/custompages/web-docs/track/2018-19/2019trackresults.pdf,legacy_source_needs_review
"Lowe, India",Duke,ACC,400H,2019,4,,,59.05,s,Texas Relays,2019-03-30,Prelim,5,,Outdoor,https://static.goduke.com/custompages/web-docs/track/2018-19/2019trackresults.pdf,legacy_source_needs_review
"Lowe, India",Duke,ACC,400H,2019,4,,,60.04,s,Texas Relays,2019-03-30,Final,7,,Outdoor,https://static.goduke.com/custompages/web-docs/track/2018-19/2019trackresults.pdf,legacy_source_needs_review
"Hoffman, Lauren",Duke,ACC,400H,2019,2,,,58.65,s,Battle of the Blues,2019-04-06,,,,Outdoor,https://www.tfrrs.org/results/61484/3743603/Battle_of_the_Blues/400-Hurdles,TFRRS all_performances
"Lowe, India",Duke,ACC,400H,2019,4,,,57.58,s,Battle of the Blues,2019-04-06,,,,Outdoor,https://www.tfrrs.org/results/61484/3743603/Battle_of_the_Blues/400-Hurdles,TFRRS all_performances
"Hoffman, Lauren",Duke,ACC,400H,2019,2,,,58.99,s,Tennessee Relays,2019-04-11,,,,Outdoor,https://www.tfrrs.org/results/60654/3767491/Tennessee_Relays/400-Hurdles,TFRRS all_performances
"Lowe, India",Duke,ACC,400H,2019,4,,,1:00.34,s,Tennessee Relays,2019-04-11,,,,Outdoor,https://www.tfrrs.org/results/60654/3767491/Tennessee_Relays/400-Hurdles,TFRRS all_performances
"Hoffman, Lauren",Duke,ACC,400H,2019,2,,,58.51,s,Duke Invitational,2019-04-19,,,,Outdoor,https://www.tfrrs.org/results/62068/3791494/Duke_Invitational/400-Hurdles,TFRRS all_performances
"Hoffman, Lauren",Duke,ACC,400H,2019,2,,,58.33,s,ACC Championships,2019-05-09,,,,Outdoor,https://www.tfrrs.org/results/62590/3838885/ACC_Championships/400-Hurdles,TFRRS all_performances
"Hoffman, Lauren",Duke,ACC,400H,2019,2,,,58.50,s,ACC Championships,2019-05-09,,,,Outdoor,https://www.tfrrs.org/results/62590/3838885/ACC_Championships/400-Hurdles,TFRRS all_performances
"Hoffman, Lauren",Duke,ACC,400H,2019,2,,,57.92,s,NCAA Division I East Region Preliminary Rounds,2019-05-23,,,,Outdoor,https://www.tfrrs.org/results/62650/3849018/NCAA_Division_I_East_Region_Preliminary_Rounds/400-Hurdles,TFRRS all_performances
"Hoffman, Lauren",Duke,ACC,400H,2019,2,,,58.39,s,NCAA Division I East Region Preliminary Rounds,2019-05-23,,,,Outdoor,https://www.tfrrs.org/results/62650/3849018/NCAA_Division_I_East_Region_Preliminary_Rounds/400-Hurdles,TFRRS all_performances
"Lowe, India",Duke,ACC,400H,2019,4,,,1:02.91,s,NCAA Division I East Region Preliminary Rounds,2019-05-23,,,,Outdoor,https://www.tfrrs.org/results/62650/3849018/NCAA_Division_I_East_Region_Preliminary_Rounds/400-Hurdles,TFRRS all_performances
"Lowe, India",Duke,ACC,400H,2019,4,,,58.96,s,NCAA Division I East Region Preliminary Rounds,2019-05-23,,,,Outdoor,https://www.tfrrs.org/results/62650/3849018/NCAA_Division_I_East_Region_Preliminary_Rounds/400-Hurdles,TFRRS all_performances
"Hoffman, Lauren",Duke,ACC,400H,2019,2,,,58.79,s,NCAA Division I Outdoor Track & Field Championships,2019-06-05,,,,Outdoor,https://www.tfrrs.org/results/62668/3850641/NCAA_Division_I_Outdoor_Track__Field_Championships/400-Hurdles,TFRRS all_performances
"Hoffman, Lauren",Duke,ACC,400H,2019,2,,,58.79,s,NCAA Championships,2019-06-08,Semifinal,19,,Outdoor,https://static.goduke.com/custompages/web-docs/track/2018-19/2019trackresults.pdf,legacy_source_needs_review
"McMillon, Asia",Florida State,ACC,400H,2019,1,,,1:05.01,s,FSU Relays (College),2019-03-22,,,,Outdoor,https://www.tfrrs.org/results/60843/3696041/FSU_Relays_College/400-Hurdles,TFRRS all_performances
"Cunningham, Kimmie",Florida State,ACC,400H,2019,3,,,1:04.31,s,Florida Relays,2019-03-28,,,,Outdoor,https://www.tfrrs.org/results/59113/3716328/Florida_Relays/400-Hurdles,TFRRS all_performances
"McMillon, Asia",Florida State,ACC,400H,2019,1,,,1:05.15,s,Florida Relays,2019-03-28,,,,Outdoor,https://www.tfrrs.org/results/59113/3716328/Florida_Relays/400-Hurdles,TFRRS all_performances
"Cunningham, Kimmie",Florida State,ACC,400H,2019,3,,,1:03.57,s,Crimson Tide Invitational,2019-04-11,,,,Outdoor,https://www.tfrrs.org/results/61791/3763763/Crimson_Tide_Invitational/400-Hurdles,TFRRS all_performances
"McMillon, Asia",Florida State,ACC,400H,2019,1,,,1:13.95,s,Crimson Tide Invitational,2019-04-11,,,,Outdoor,https://www.tfrrs.org/results/61791/3763763/Crimson_Tide_Invitational/400-Hurdles,TFRRS all_performances
"Cunningham, Kimmie",Florida State,ACC,400H,2019,3,,,1:04.52,s,UF Tom Jones Memorial,2019-04-26,,,,Outdoor,https://www.tfrrs.org/results/57289/3810311/UF_Tom_Jones_Memorial/400-Hurdles,TFRRS all_performances
"Cunningham, Kimmie",Florida State,ACC,400H,2019,3,,,64.52,s,ACC Championships,2019-05-10,Prelim,16,,Outdoor,https://www.nolefan.org/summary/wtf2019.html,legacy_source_needs_review
"Labrie-Smith, Hannah",Stanford,ACC,400H,2019,4,,,1:03.14,s,Stanford Invitational,2019-03-29,,,,Outdoor,https://www.tfrrs.org/results/61171/3721507/Stanford_Invitational/400-Hurdles,TFRRS all_performances
"Labrie-Smith, Hannah",Stanford,ACC,400H,2019,4,,,1:03.14,s,Big Meet,2019-04-06,,,,Outdoor,https://www.tfrrs.org/results/60840/3746388/Big_Meet/400-Hurdles,TFRRS all_performances
"Labrie-Smith, Hannah",Stanford,ACC,400H,2019,4,,,1:01.76,s,Cardinal Classic,2019-04-19,,,,Outdoor,https://www.tfrrs.org/results/60838/3789570/Cardinal_Classic/400-Hurdles,TFRRS all_performances
"Labrie-Smith, Hannah",Stanford,ACC,400H,2019,4,,,1:02.19,s,National Relay Championships,2019-04-26,,,,Outdoor,https://www.tfrrs.org/results/59967/3809626/National_Relay_Championships/400-Hurdles,TFRRS all_performances
"Labrie-Smith, Hannah",Stanford,ACC,400H,2019,4,,,1:00.44,s,2019 Pac-12 Track & Field Championships,2019-05-04,,,,Outdoor,https://www.tfrrs.org/results/61226/3842491/2019_Pac-12_Track__Field_Championships/400-Hurdles,TFRRS all_performances
"Labrie-Smith, Hannah",Stanford,ACC,400H,2019,4,,,60.44,s,Pac-12 Championships,2019-05-12,Final,13,,Outdoor,https://sidearm.nextgen.sites.s3.us-east-2.amazonaws.com/gostanford.com/documents/2019/6/18/2019_results.pdf,legacy_source_needs_review
"Woodley, Alexis",Virginia,ACC,400H,2019,3,,,1:16.23,s,William & Mary Triangular,2019-03-16,,,,Outdoor,https://www.tfrrs.org/results/57295/3679160/William__Mary_Triangular/400-Hurdles,TFRRS all_performances
"Knight, Andrenette",Virginia,ACC,400H,2019,3,,,58.72,s,"Virginia v. Maryland, Pitt, West Virginia",2019-04-06,,,,Outdoor,https://www.tfrrs.org/results/61474/3742040/Virginia_v_Maryland_Pitt_West_Virginia/400-Hurdles,TFRRS all_performances
"Knight, Andrenette",Virginia,ACC,400H,2019,3,,,59.29,s,Virginia Challenge,2019-04-19,,,,Outdoor,https://www.tfrrs.org/results/62071/3792016/Virginia_Challenge/400-Hurdles,TFRRS all_performances
"Herran, Alana",Virginia,ACC,400H,2019,4,,,1:00.77,s,Virginia Grand Prix,2019-04-26,,,,Outdoor,https://www.tfrrs.org/results/62320/3812587/Virginia_Grand_Prix/400-Hurdles,TFRRS all_performances
"Knight, Andrenette",Virginia,ACC,400H,2019,3,,,58.99,s,Virginia Grand Prix,2019-04-26,,,,Outdoor,https://www.tfrrs.org/results/62320/3812587/Virginia_Grand_Prix/400-Hurdles,TFRRS all_performances
"Herran, Alana",Virginia,ACC,400H,2019,4,,,1:00.83,s,ACC Championships,2019-05-09,,,,Outdoor,https://www.tfrrs.org/results/62590/3838885/ACC_Championships/400-Hurdles,TFRRS all_performances
"Knight, Andrenette",Virginia,ACC,400H,2019,3,,,57.71,s,ACC Championships,2019-05-09,,,,Outdoor,https://www.tfrrs.org/results/62590/3838885/ACC_Championships/400-Hurdles,TFRRS all_performances
"Knight, Andrenette",Virginia,ACC,400H,2019,3,,,58.16,s,ACC Championships,2019-05-09,,,,Outdoor,https://www.tfrrs.org/results/62590/3838885/ACC_Championships/400-Hurdles,TFRRS all_performances
"Knight, Andrenette",Virginia,ACC,400H,2019,3,,,57.05,s,NCAA Division I East Region Preliminary Rounds,2019-05-23,,,,Outdoor,https://www.tfrrs.org/results/62650/3849018/NCAA_Division_I_East_Region_Preliminary_Rounds/400-Hurdles,TFRRS all_performances
"Knight, Andrenette",Virginia,ACC,400H,2019,3,,,57.99,s,NCAA Division I East Region Preliminary Rounds,2019-05-23,,,,Outdoor,https://www.tfrrs.org/results/62650/3849018/NCAA_Division_I_East_Region_Preliminary_Rounds/400-Hurdles,TFRRS all_performances
"Knight, Andrenette",Virginia,ACC,400H,2019,3,,,57.66,s,NCAA Division I Outdoor Track & Field Championships,2019-06-05,,,,Outdoor,https://www.tfrrs.org/results/62668/3850641/NCAA_Division_I_Outdoor_Track__Field_Championships/400-Hurdles,TFRRS all_performances
"Meisberger, Shannon",Arizona,Big 12,400H,2019,2,,,58.80,seconds,Jim Click Shootout,2019-04-06,,,,Outdoor,https://www.tfrrs.org/results/59968/3745273/Jim_Click_Shootout/400-Hurdles,TFRRS all_performances
"Pahlitzsch, Karolina",Arizona,Big 12,400H,2019,4,,,58.60,seconds,Jim Click Shootout,2019-04-06,,,,Outdoor,https://www.tfrrs.org/results/59968/3745273/Jim_Click_Shootout/400-Hurdles,TFRRS all_performances
"Sutton, April",Arizona,Big 12,400H,2019,3,,,59.41,seconds,Jim Click Shootout,2019-04-06,,,,Outdoor,https://www.tfrrs.org/results/59968/3745273/Jim_Click_Shootout/400-Hurdles,TFRRS all_performances
"Meisberger, Shannon",Arizona,Big 12,400H,2019,2,,,59.61,seconds,Mt. SAC Relays,2019-04-18,,,,Outdoor,https://www.tfrrs.org/results/62078/3792766/Mt_SAC_Relays/400-Hurdles,TFRRS all_performances
"Pahlitzsch, Karolina",Arizona,Big 12,400H,2019,4,,,1:00.65,seconds,Mt. SAC Relays,2019-04-18,,,,Outdoor,https://www.tfrrs.org/results/62078/3792766/Mt_SAC_Relays/400-Hurdles,TFRRS all_performances
"Sutton, April",Arizona,Big 12,400H,2019,3,,,59.65,seconds,Mt. SAC Relays,2019-04-18,,,,Outdoor,https://www.tfrrs.org/results/62078/3792796/Mt_SAC_Relays/400-Hurdles,TFRRS all_performances
"Meisberger, Shannon",Arizona,Big 12,400H,2019,2,,,58.24,seconds,2019 Desert Heat Classic,2019-04-27,,,,Outdoor,https://www.tfrrs.org/results/61602/3813591/2019_Desert_Heat_Classic/400-Hurdles,TFRRS all_performances
"Pahlitzsch, Karolina",Arizona,Big 12,400H,2019,4,,,57.43,seconds,2019 Desert Heat Classic,2019-04-27,,,,Outdoor,https://www.tfrrs.org/results/61602/3813591/2019_Desert_Heat_Classic/400-Hurdles,TFRRS all_performances
"Sutton, April",Arizona,Big 12,400H,2019,3,,,58.49,seconds,2019 Desert Heat Classic,2019-04-27,,,,Outdoor,https://www.tfrrs.org/results/61602/3813591/2019_Desert_Heat_Classic/400-Hurdles,TFRRS all_performances
"Meisberger, Shannon",Arizona,Big 12,400H,2019,2,,,57.95,seconds,2019 Pac-12 Track & Field Championships,2019-05-04,,,,Outdoor,https://www.tfrrs.org/results/61226/3842491/2019_Pac-12_Track__Field_Championships/400-Hurdles,TFRRS all_performances
"Pahlitzsch, Karolina",Arizona,Big 12,400H,2019,4,,,57.10,seconds,2019 Pac-12 Track & Field Championships,2019-05-04,,,,Outdoor,https://www.tfrrs.org/results/61226/3842491/2019_Pac-12_Track__Field_Championships/400-Hurdles,TFRRS all_performances
"Sutton, April",Arizona,Big 12,400H,2019,3,,,1:00.80,seconds,2019 Pac-12 Track & Field Championships,2019-05-04,,,,Outdoor,https://www.tfrrs.org/results/61226/3842491/2019_Pac-12_Track__Field_Championships/400-Hurdles,TFRRS all_performances
"Meisberger, Shannon",Arizona,Big 12,400H,2019,2,,,57.14,seconds,NCAA Division I West Region Preliminary Rounds,2019-05-23,,,,Outdoor,https://www.tfrrs.org/results/62651/3849058/NCAA_Division_I_West_Region_Preliminary_Rounds/400-Hurdles,TFRRS all_performances
"Meisberger, Shannon",Arizona,Big 12,400H,2019,2,,,58.66,seconds,NCAA Division I West Region Preliminary Rounds,2019-05-23,,,,Outdoor,https://www.tfrrs.org/results/62651/3849058/NCAA_Division_I_West_Region_Preliminary_Rounds/400-Hurdles,TFRRS all_performances
"Pahlitzsch, Karolina",Arizona,Big 12,400H,2019,4,,,57.23,seconds,NCAA Division I West Region Preliminary Rounds,2019-05-23,,,,Outdoor,https://www.tfrrs.org/results/62651/3849058/NCAA_Division_I_West_Region_Preliminary_Rounds/400-Hurdles,TFRRS all_performances
"Pahlitzsch, Karolina",Arizona,Big 12,400H,2019,4,,,58.31,seconds,NCAA Division I West Region Preliminary Rounds,2019-05-23,,,,Outdoor,https://www.tfrrs.org/results/62651/3849058/NCAA_Division_I_West_Region_Preliminary_Rounds/400-Hurdles,TFRRS all_performances
"Sutton, April",Arizona,Big 12,400H,2019,3,,,1:22.52,seconds,NCAA Division I West Region Preliminary Rounds,2019-05-23,,,,Outdoor,https://www.tfrrs.org/results/62651/3849058/NCAA_Division_I_West_Region_Preliminary_Rounds/400-Hurdles,TFRRS all_performances
"Meisberger, Shannon",Arizona,Big 12,400H,2019,2,,,58.75,seconds,NCAA Division I Outdoor Track & Field Championships,2019-06-05,,,,Outdoor,https://www.tfrrs.org/results/62668/3850641/NCAA_Division_I_Outdoor_Track__Field_Championships/400-Hurdles,TFRRS all_performances
"Pahlitzsch, Karolina",Arizona,Big 12,400H,2019,4,,,57.28,seconds,NCAA Division I Outdoor Track & Field Championships,2019-06-05,,,,Outdoor,https://www.tfrrs.org/results/62668/3850641/NCAA_Division_I_Outdoor_Track__Field_Championships/400-Hurdles,TFRRS all_performances
"Burrup, Kaitlyn",BYU,Big 12,400H,2019,3,,,1:00.26,seconds,2019 Willie Williams Classic College,2019-03-15,,,,Outdoor,https://www.tfrrs.org/results/59265/3679495/2019_Willie_Williams_Classic_College/400-Hurdles,TFRRS all_performances
"Burrup, Kaitlyn",BYU,Big 12,400H,2019,3,,,1:00.26,seconds,2019 92nd Clyde Littlefield Texas Relays,2019-03-27,,,,Outdoor,https://www.tfrrs.org/results/59286/3721712/2019_92nd_Clyde_Littlefield_Texas_Relays/400-Hurdles,TFRRS all_performances
"Porter, Brenna",BYU,Big 12,400H,2019,4,,,58.65,seconds,2019 92nd Clyde Littlefield Texas Relays,2019-03-27,,,,Outdoor,https://www.tfrrs.org/results/59286/3721712/2019_92nd_Clyde_Littlefield_Texas_Relays/400-Hurdles,TFRRS all_performances
"Porter, Brenna",BYU,Big 12,400H,2019,4,,,58.77,seconds,2019 92nd Clyde Littlefield Texas Relays,2019-03-27,,,,Outdoor,https://www.tfrrs.org/results/59286/3721712/2019_92nd_Clyde_Littlefield_Texas_Relays/400-Hurdles,TFRRS all_performances
"Burrup, Kaitlyn",BYU,Big 12,400H,2019,3,,,1:00.03,seconds,40th Sun Angel Track Classic,2019-04-05,,,,Outdoor,https://www.tfrrs.org/results/58689/3746698/40th_Sun_Angel_Track_Classic/400-Hurdles,TFRRS all_performances
"Porter, Brenna",BYU,Big 12,400H,2019,4,,,59.05,seconds,40th Sun Angel Track Classic,2019-04-05,,,,Outdoor,https://www.tfrrs.org/results/58689/3746698/40th_Sun_Angel_Track_Classic/400-Hurdles,TFRRS all_performances
"Burrup, Kaitlyn",BYU,Big 12,400H,2019,3,,,1:00.24,seconds,Mt. SAC Relays,2019-04-18,,,,Outdoor,https://www.tfrrs.org/results/62078/3792796/Mt_SAC_Relays/400-Hurdles,TFRRS all_performances
"Porter, Brenna",BYU,Big 12,400H,2019,4,,,57.97,seconds,Mt. SAC Relays,2019-04-18,,,,Outdoor,https://www.tfrrs.org/results/62078/3792766/Mt_SAC_Relays/400-Hurdles,TFRRS all_performances
"Burrup, Kaitlyn",BYU,Big 12,400H,2019,3,,,59.97,seconds,2019 BYU Robison Invitational,2019-04-25,,,,Outdoor,https://www.tfrrs.org/results/62323/3812831/2019_BYU_Robison_Invitational/400-Hurdles,TFRRS all_performances
"Porter, Brenna",BYU,Big 12,400H,2019,4,,,57.51,seconds,2019 BYU Robison Invitational,2019-04-25,,,,Outdoor,https://www.tfrrs.org/results/62323/3812831/2019_BYU_Robison_Invitational/400-Hurdles,TFRRS all_performances
"Burrup, Kaitlyn",BYU,Big 12,400H,2019,3,,,59.84,seconds,2019 BYU Cougar Invitational,2019-05-09,,,,Outdoor,https://www.tfrrs.org/results/62585/3837202/2019_BYU_Cougar_Invitational/400-Hurdles,TFRRS all_performances
"Porter, Brenna",BYU,Big 12,400H,2019,4,,,56.89,seconds,2019 BYU Cougar Invitational,2019-05-09,,,,Outdoor,https://www.tfrrs.org/results/62585/3837202/2019_BYU_Cougar_Invitational/400-Hurdles,TFRRS all_performances
"Burrup, Kaitlyn",BYU,Big 12,400H,2019,3,,,1:00.05,seconds,2019 Oxy Invitational,2019-05-11,,,,Outdoor,https://www.tfrrs.org/results/58052/3841396/2019_Oxy_Invitational/400-Hurdles,TFRRS all_performances
"Burrup, Kaitlyn",BYU,Big 12,400H,2019,3,,,59.71,seconds,NCAA Division I West Region Preliminary Rounds,2019-05-23,,,,Outdoor,https://www.tfrrs.org/results/62651/3849058/NCAA_Division_I_West_Region_Preliminary_Rounds/400-Hurdles,TFRRS all_performances
"Porter, Brenna",BYU,Big 12,400H,2019,4,,,56.98,seconds,NCAA Division I West Region Preliminary Rounds,2019-05-23,,,,Outdoor,https://www.tfrrs.org/results/62651/3849058/NCAA_Division_I_West_Region_Preliminary_Rounds/400-Hurdles,TFRRS all_performances
"Porter, Brenna",BYU,Big 12,400H,2019,4,,,57.99,seconds,NCAA Division I West Region Preliminary Rounds,2019-05-23,,,,Outdoor,https://www.tfrrs.org/results/62651/3849058/NCAA_Division_I_West_Region_Preliminary_Rounds/400-Hurdles,TFRRS all_performances
"Porter, Brenna",BYU,Big 12,400H,2019,4,,,57.03,seconds,NCAA Division I Outdoor Track & Field Championships,2019-06-05,,,,Outdoor,https://www.tfrrs.org/results/62668/3850641/NCAA_Division_I_Outdoor_Track__Field_Championships/400-Hurdles,TFRRS all_performances
"Porter, Brenna",BYU,Big 12,400H,2019,4,,,57.26,seconds,NCAA Division I Outdoor Track & Field Championships,2019-06-05,,,,Outdoor,https://www.tfrrs.org/results/62668/3850641/NCAA_Division_I_Outdoor_Track__Field_Championships/400-Hurdles,TFRRS all_performances
"Garcia, Briana",Baylor,Big 12,400H,2019,1,,,1:05.56,seconds,USC Trojan Invite,2019-03-15,,,,Outdoor,https://www.tfrrs.org/results/60530/3679825/USC_Trojan_Invite/400-Hurdles,TFRRS all_performances
"Yocum, Sarah",Baylor,Big 12,400H,2019,2,,,1:00.29,seconds,USC Trojan Invite,2019-03-15,,,,Outdoor,https://www.tfrrs.org/results/60530/3679825/USC_Trojan_Invite/400-Hurdles,TFRRS all_performances
"Aurignac, Julia",Baylor,Big 12,400H,2019,1,,,1:08.61,seconds,Baylor Invitational,2019-03-23,,,,Outdoor,https://www.tfrrs.org/results/59494/3698434/Baylor_Invitational/400-Hurdles,TFRRS all_performances
"Jessurun, Venae",Baylor,Big 12,400H,2019,2,,,1:04.13,seconds,Baylor Invitational,2019-03-23,,,,Outdoor,https://www.tfrrs.org/results/59494/3698434/Baylor_Invitational/400-Hurdles,TFRRS all_performances
"Yocum, Sarah",Baylor,Big 12,400H,2019,2,,,1:00.52,seconds,Baylor Invitational,2019-03-23,,,,Outdoor,https://www.tfrrs.org/results/59494/3698434/Baylor_Invitational/400-Hurdles,TFRRS all_performances
"Garcia, Briana",Baylor,Big 12,400H,2019,1,,,1:10.24,seconds,2019 92nd Clyde Littlefield Texas Relays,2019-03-27,,,,Outdoor,https://www.tfrrs.org/results/59286/3721712/2019_92nd_Clyde_Littlefield_Texas_Relays/400-Hurdles,TFRRS all_performances
"Jessurun, Venae",Baylor,Big 12,400H,2019,2,,,1:06.05,seconds,2019 92nd Clyde Littlefield Texas Relays,2019-03-27,,,,Outdoor,https://www.tfrrs.org/results/59286/3721712/2019_92nd_Clyde_Littlefield_Texas_Relays/400-Hurdles,TFRRS all_performances
"Yocum, Sarah",Baylor,Big 12,400H,2019,2,,,1:01.07,seconds,2019 92nd Clyde Littlefield Texas Relays,2019-03-27,,,,Outdoor,https://www.tfrrs.org/results/59286/3721712/2019_92nd_Clyde_Littlefield_Texas_Relays/400-Hurdles,TFRRS all_performances
"Garcia, Briana",Baylor,Big 12,400H,2019,1,,,1:05.96,seconds,The Reveille Meet,2019-04-06,,,,Outdoor,https://www.tfrrs.org/results/61495/3745160/The_Reveille_Meet/400-Hurdles,TFRRS all_performances
"Yocum, Sarah",Baylor,Big 12,400H,2019,2,,,1:00.53,seconds,The Reveille Meet,2019-04-06,,,,Outdoor,https://www.tfrrs.org/results/61495/3745160/The_Reveille_Meet/400-Hurdles,TFRRS all_performances
"Aurignac, Julia",Baylor,Big 12,400H,2019,1,,,1:10.94,seconds,Michael Johnson Invitational,2019-04-19,,,,Outdoor,https://www.tfrrs.org/results/59993/3791627/Michael_Johnson_Invitational/400-Hurdles,TFRRS all_performances
"Garcia, Briana",Baylor,Big 12,400H,2019,1,,,1:03.48,seconds,Michael Johnson Invitational,2019-04-19,,,,Outdoor,https://www.tfrrs.org/results/59993/3791627/Michael_Johnson_Invitational/400-Hurdles,TFRRS all_performances
"Jessurun, Venae",Baylor,Big 12,400H,2019,2,,,1:04.71,seconds,Michael Johnson Invitational,2019-04-19,,,,Outdoor,https://www.tfrrs.org/results/59993/3791627/Michael_Johnson_Invitational/400-Hurdles,TFRRS all_performances
"Yocum, Sarah",Baylor,Big 12,400H,2019,2,,,59.40,seconds,Michael Johnson Invitational,2019-04-19,,,,Outdoor,https://www.tfrrs.org/results/59993/3791627/Michael_Johnson_Invitational/400-Hurdles,TFRRS all_performances
"Garcia, Briana",Baylor,Big 12,400H,2019,1,,,1:03.78,seconds,National Relay Championships,2019-04-26,,,,Outdoor,https://www.tfrrs.org/results/59967/3809626/National_Relay_Championships/400-Hurdles,TFRRS all_performances
"Yocum, Sarah",Baylor,Big 12,400H,2019,2,,,1:00.42,seconds,National Relay Championships,2019-04-26,,,,Outdoor,https://www.tfrrs.org/results/59967/3809626/National_Relay_Championships/400-Hurdles,TFRRS all_performances
"Garcia, Briana",Baylor,Big 12,400H,2019,1,,,1:04.47,seconds,Big 12 Outdoor Track and Field Championships,2019-05-10,,,,Outdoor,https://www.tfrrs.org/results/62013/3842323/Big_12_Outdoor_Track_and_Field_Championships/400-Hurdles,TFRRS all_performances
"Yocum, Sarah",Baylor,Big 12,400H,2019,2,,,59.82,seconds,Big 12 Outdoor Track and Field Championships,2019-05-10,,,,Outdoor,https://www.tfrrs.org/results/62013/3842323/Big_12_Outdoor_Track_and_Field_Championships/400-Hurdles,TFRRS all_performances
"Yocum, Sarah",Baylor,Big 12,400H,2019,2,,,59.83,seconds,Big 12 Outdoor Track and Field Championships,2019-05-10,,,,Outdoor,https://www.tfrrs.org/results/62013/3842323/Big_12_Outdoor_Track_and_Field_Championships/400-Hurdles,TFRRS all_performances
"Yocum, Sarah",Baylor,Big 12,400H,2019,2,,,1:01.00,seconds,NCAA Division I West Region Preliminary Rounds,2019-05-23,,,,Outdoor,https://www.tfrrs.org/results/62651/3849058/NCAA_Division_I_West_Region_Preliminary_Rounds/400-Hurdles,TFRRS all_performances
"Hall, Kaylyn",Iowa State,Big 12,400H,2019,1,,,1:02.79,seconds,40th Sun Angel Track Classic,2019-04-05,,,,Outdoor,https://www.tfrrs.org/results/58689/3746698/40th_Sun_Angel_Track_Classic/400-Hurdles,TFRRS all_performances
"Whigham, Emma",Iowa State,Big 12,400H,2019,4,,,1:02.57,seconds,40th Sun Angel Track Classic,2019-04-05,,,,Outdoor,https://www.tfrrs.org/results/58689/3746698/40th_Sun_Angel_Track_Classic/400-Hurdles,TFRRS all_performances
"Hall, Kaylyn",Iowa State,Big 12,400H,2019,1,,,1:01.92,seconds,War Eagle Invitational 2019,2019-04-19,,,,Outdoor,https://www.tfrrs.org/results/57198/3790563/War_Eagle_Invitational_2019/400-Hurdles,TFRRS all_performances
"Whigham, Emma",Iowa State,Big 12,400H,2019,4,,,1:02.05,seconds,War Eagle Invitational 2019,2019-04-19,,,,Outdoor,https://www.tfrrs.org/results/57198/3790563/War_Eagle_Invitational_2019/400-Hurdles,TFRRS all_performances
"Whigham, Emma",Iowa State,Big 12,400H,2019,4,,,1:00.89,seconds,Drake Relays presented by Hy-Vee,2019-04-24,,,,Outdoor,https://www.tfrrs.org/results/56830/3810914/Drake_Relays_presented_by_Hy-Vee/400-Hurdles,TFRRS all_performances
"Hall, Kaylyn",Iowa State,Big 12,400H,2019,1,,,1:02.67,seconds,Big 12 Outdoor Track and Field Championships,2019-05-10,,,,Outdoor,https://www.tfrrs.org/results/62013/3842323/Big_12_Outdoor_Track_and_Field_Championships/400-Hurdles,TFRRS all_performances
"Whigham, Emma",Iowa State,Big 12,400H,2019,4,,,1:00.51,seconds,Big 12 Outdoor Track and Field Championships,2019-05-10,,,,Outdoor,https://www.tfrrs.org/results/62013/3842323/Big_12_Outdoor_Track_and_Field_Championships/400-Hurdles,TFRRS all_performances
"Whigham, Emma",Iowa State,Big 12,400H,2019,4,,,1:01.43,seconds,Big 12 Outdoor Track and Field Championships,2019-05-10,,,,Outdoor,https://www.tfrrs.org/results/62013/3842323/Big_12_Outdoor_Track_and_Field_Championships/400-Hurdles,TFRRS all_performances
"Price, Lexye",Texas Tech,Big 12,400H,2019,1,,,1:01.85,seconds,ACU Wes Kittley Invitational & Multi 2019,2019-03-14,,,,Outdoor,https://www.tfrrs.org/results/60064/3679953/ACU_Wes_Kittley_Invitational__Multi_2019/400-Hurdles,TFRRS all_performances
"Birch, Damajahnee",Texas Tech,Big 12,400H,2019,3,,,59.97,seconds,Fearless Champion Open,2019-03-22,,,,Outdoor,https://www.tfrrs.org/results/60862/3699894/Fearless_Champion_Open/400-Hurdles,TFRRS all_performances
"Johnson, Alaysha",Texas Tech,Big 12,400H,2019,4,,,1:00.20,seconds,Fearless Champion Open,2019-03-22,,,,Outdoor,https://www.tfrrs.org/results/60862/3699894/Fearless_Champion_Open/400-Hurdles,TFRRS all_performances
"Price, Lexye",Texas Tech,Big 12,400H,2019,1,,,1:01.91,seconds,Fearless Champion Open,2019-03-22,,,,Outdoor,https://www.tfrrs.org/results/60862/3699894/Fearless_Champion_Open/400-Hurdles,TFRRS all_performances
"Birch, Damajahnee",Texas Tech,Big 12,400H,2019,3,,,58.95,seconds,2019 92nd Clyde Littlefield Texas Relays,2019-03-27,,,,Outdoor,https://www.tfrrs.org/results/59286/3721712/2019_92nd_Clyde_Littlefield_Texas_Relays/400-Hurdles,TFRRS all_performances
"Price, Lexye",Texas Tech,Big 12,400H,2019,1,,,1:01.02,seconds,2019 92nd Clyde Littlefield Texas Relays,2019-03-27,,,,Outdoor,https://www.tfrrs.org/results/59286/3721712/2019_92nd_Clyde_Littlefield_Texas_Relays/400-Hurdles,TFRRS all_performances
"Birch, Damajahnee",Texas Tech,Big 12,400H,2019,3,,,58.67,seconds,The Reveille Meet,2019-04-06,,,,Outdoor,https://www.tfrrs.org/results/61495/3745160/The_Reveille_Meet/400-Hurdles,TFRRS all_performances
"Birch, Damajahnee",Texas Tech,Big 12,400H,2019,3,,,59.06,seconds,Michael Johnson Invitational,2019-04-19,,,,Outdoor,https://www.tfrrs.org/results/59993/3791627/Michael_Johnson_Invitational/400-Hurdles,TFRRS all_performances
"Johnson, Alaysha",Texas Tech,Big 12,400H,2019,4,,,1:00.82,seconds,Michael Johnson Invitational,2019-04-19,,,,Outdoor,https://www.tfrrs.org/results/59993/3791627/Michael_Johnson_Invitational/400-Hurdles,TFRRS all_performances
"Price, Lexye",Texas Tech,Big 12,400H,2019,1,,,1:01.41,seconds,Michael Johnson Invitational,2019-04-19,,,,Outdoor,https://www.tfrrs.org/results/59993/3791627/Michael_Johnson_Invitational/400-Hurdles,TFRRS all_performances
"Birch, Damajahnee",Texas Tech,Big 12,400H,2019,3,,,57.90,seconds,Corky/Crofoot Shootout,2019-04-26,,,,Outdoor,https://www.tfrrs.org/results/62306/3809133/Corky_Crofoot_Shootout/400-Hurdles,TFRRS all_performances
"Johnson, Alaysha",Texas Tech,Big 12,400H,2019,4,,,57.81,seconds,Corky/Crofoot Shootout,2019-04-26,,,,Outdoor,https://www.tfrrs.org/results/62306/3809133/Corky_Crofoot_Shootout/400-Hurdles,TFRRS all_performances
"Price, Lexye",Texas Tech,Big 12,400H,2019,1,,,1:01.67,seconds,Corky/Crofoot Shootout,2019-04-26,,,,Outdoor,https://www.tfrrs.org/results/62306/3809133/Corky_Crofoot_Shootout/400-Hurdles,TFRRS all_performances
"Birch, Damajahnee",Texas Tech,Big 12,400H,2019,3,,,58.97,seconds,Big 12 Outdoor Track and Field Championships,2019-05-10,,,,Outdoor,https://www.tfrrs.org/results/62013/3842323/Big_12_Outdoor_Track_and_Field_Championships/400-Hurdles,TFRRS all_performances
"Birch, Damajahnee",Texas Tech,Big 12,400H,2019,3,,,59.59,seconds,Big 12 Outdoor Track and Field Championships,2019-05-10,,,,Outdoor,https://www.tfrrs.org/results/62013/3842323/Big_12_Outdoor_Track_and_Field_Championships/400-Hurdles,TFRRS all_performances
"Price, Lexye",Texas Tech,Big 12,400H,2019,1,,,1:02.23,seconds,Big 12 Outdoor Track and Field Championships,2019-05-10,,,,Outdoor,https://www.tfrrs.org/results/62013/3842323/Big_12_Outdoor_Track_and_Field_Championships/400-Hurdles,TFRRS all_performances
"Johnson, Alaysha",Texas Tech,Big 12,400H,2019,4,,,57.30,seconds,NCAA Division I West Region Preliminary Rounds,2019-05-23,,,,Outdoor,https://www.tfrrs.org/results/62651/3849058/NCAA_Division_I_West_Region_Preliminary_Rounds/400-Hurdles,TFRRS all_performances
"Johnson, Alaysha",Texas Tech,Big 12,400H,2019,4,,,58.59,seconds,NCAA Division I West Region Preliminary Rounds,2019-05-23,,,,Outdoor,https://www.tfrrs.org/results/62651/3849058/NCAA_Division_I_West_Region_Preliminary_Rounds/400-Hurdles,TFRRS all_performances
"Johnson, Alaysha",Texas Tech,Big 12,400H,2019,4,,,1:00.40,seconds,NCAA Division I Outdoor Track & Field Championships,2019-06-05,,,,Outdoor,https://www.tfrrs.org/results/62668/3850641/NCAA_Division_I_Outdoor_Track__Field_Championships/400-Hurdles,TFRRS all_performances
"Aduma, Amira",Illinois,Big Ten,400H,2019,2,,,1:02.41,seconds,SIU Bill Cornell Spring Classic,2019-03-22,,,,Outdoor,https://www.tfrrs.org/results/60263/3698810/SIU_Bill_Cornell_Spring_Classic/400-Hurdles,TFRRS all_performances
"Jones, Alexis",Illinois,Big Ten,400H,2019,2,,,1:06.64,seconds,SIU Bill Cornell Spring Classic,2019-03-22,,,,Outdoor,https://www.tfrrs.org/results/60263/3698810/SIU_Bill_Cornell_Spring_Classic/400-Hurdles,TFRRS all_performances
"Mayes, Jade'",Illinois,Big Ten,400H,2019,2,,,1:05.29,seconds,SIU Bill Cornell Spring Classic,2019-03-22,,,,Outdoor,https://www.tfrrs.org/results/60263/3698810/SIU_Bill_Cornell_Spring_Classic/400-Hurdles,TFRRS all_performances
"Weaver, Kionna",Illinois,Big Ten,400H,2019,1,,,1:05.11,seconds,SIU Bill Cornell Spring Classic,2019-03-22,,,,Outdoor,https://www.tfrrs.org/results/60263/3698810/SIU_Bill_Cornell_Spring_Classic/400-Hurdles,TFRRS all_performances
"Aduma, Amira",Illinois,Big Ten,400H,2019,2,,,1:01.71,seconds,Ole Miss Classic,2019-03-30,,,,Outdoor,https://www.tfrrs.org/results/60311/3718704/Ole_Miss_Classic/400-Hurdles,TFRRS all_performances
"Jones, Alexis",Illinois,Big Ten,400H,2019,2,,,1:04.68,seconds,Ole Miss Classic,2019-03-30,,,,Outdoor,https://www.tfrrs.org/results/60311/3718704/Ole_Miss_Classic/400-Hurdles,TFRRS all_performances
"Mayes, Jade'",Illinois,Big Ten,400H,2019,2,,,1:08.09,seconds,Ole Miss Classic,2019-03-30,,,,Outdoor,https://www.tfrrs.org/results/60311/3718704/Ole_Miss_Classic/400-Hurdles,TFRRS all_performances
"Weaver, Kionna",Illinois,Big Ten,400H,2019,1,,,1:06.40,seconds,Ole Miss Classic,2019-03-30,,,,Outdoor,https://www.tfrrs.org/results/60311/3718704/Ole_Miss_Classic/400-Hurdles,TFRRS all_performances
"Aduma, Amira",Illinois,Big Ten,400H,2019,2,,,1:03.93,seconds,The Reveille Meet,2019-04-06,,,,Outdoor,https://www.tfrrs.org/results/61495/3745160/The_Reveille_Meet/400-Hurdles,TFRRS all_performances
"Weaver, Kionna",Illinois,Big Ten,400H,2019,1,,,1:05.95,seconds,The Reveille Meet,2019-04-06,,,,Outdoor,https://www.tfrrs.org/results/61495/3745160/The_Reveille_Meet/400-Hurdles,TFRRS all_performances
"Aduma, Amira",Illinois,Big Ten,400H,2019,2,,,1:01.72,seconds,Illinois Twilight,2019-04-13,,,,Outdoor,https://www.tfrrs.org/results/61249/3770543/Illinois_Twilight/400-Hurdles,TFRRS all_performances
"Jones, Alexis",Illinois,Big Ten,400H,2019,2,,,1:06.57,seconds,Illinois Twilight,2019-04-13,,,,Outdoor,https://www.tfrrs.org/results/61249/3770543/Illinois_Twilight/400-Hurdles,TFRRS all_performances
"Mayes, Jade'",Illinois,Big Ten,400H,2019,2,,,1:04.35,seconds,Illinois Twilight,2019-04-13,,,,Outdoor,https://www.tfrrs.org/results/61249/3770543/Illinois_Twilight/400-Hurdles,TFRRS all_performances
"Weaver, Kionna",Illinois,Big Ten,400H,2019,1,,,1:06.03,seconds,Illinois Twilight,2019-04-13,,,,Outdoor,https://www.tfrrs.org/results/61249/3770543/Illinois_Twilight/400-Hurdles,TFRRS all_performances
"Aduma, Amira",Illinois,Big Ten,400H,2019,2,,,1:00.94,seconds,War Eagle Invitational 2019,2019-04-19,,,,Outdoor,https://www.tfrrs.org/results/57198/3790563/War_Eagle_Invitational_2019/400-Hurdles,TFRRS all_performances
"Aduma, Amira",Illinois,Big Ten,400H,2019,2,,,1:00.59,seconds,Drake Relays presented by Hy-Vee,2019-04-24,,,,Outdoor,https://www.tfrrs.org/results/56830/3810914/Drake_Relays_presented_by_Hy-Vee/400-Hurdles,TFRRS all_performances
"Jones, Alexis",Illinois,Big Ten,400H,2019,2,,,1:04.49,seconds,Drake Relays presented by Hy-Vee,2019-04-24,,,,Outdoor,https://www.tfrrs.org/results/56830/3810914/Drake_Relays_presented_by_Hy-Vee/400-Hurdles,TFRRS all_performances
"Weaver, Kionna",Illinois,Big Ten,400H,2019,1,,,1:03.91,seconds,2019 Kip Janvrin Open,2019-04-25,,,,Outdoor,https://www.tfrrs.org/results/62304/3808779/2019_Kip_Janvrin_Open/400-Hurdles,TFRRS all_performances
"Aduma, Amira",Illinois,Big Ten,400H,2019,2,,,1:01.93,seconds,Big Ten Championships,2019-05-10,,,,Outdoor,https://www.tfrrs.org/results/62601/3841949/Big_Ten_Championships/400-Hurdles,TFRRS all_performances
"Barge, Jasmine",Nebraska,Big Ten,400H,2019,4,,,57.82,seconds,Florida Relays,2019-03-28,,,,Outdoor,https://www.tfrrs.org/results/59113/3716328/Florida_Relays/400-Hurdles,TFRRS all_performances
"Peskova, Michaela",Nebraska,Big Ten,400H,2019,3,,,1:00.26,seconds,Florida Relays,2019-03-28,,,,Outdoor,https://www.tfrrs.org/results/59113/3716328/Florida_Relays/400-Hurdles,TFRRS all_performances
"Peskova, Michaela",Nebraska,Big Ten,400H,2019,3,,,1:00.21,seconds,2019 Husker Spring Invitational,2019-04-05,,,,Outdoor,https://www.tfrrs.org/results/58201/3742885/2019_Husker_Spring_Invitational/400-Hurdles,TFRRS all_performances
"Barge, Jasmine",Nebraska,Big Ten,400H,2019,4,,,58.38,seconds,Crimson Tide Invitational,2019-04-11,,,,Outdoor,https://www.tfrrs.org/results/61791/3763763/Crimson_Tide_Invitational/400-Hurdles,TFRRS all_performances
"Peskova, Michaela",Nebraska,Big Ten,400H,2019,3,,,59.22,seconds,Crimson Tide Invitational,2019-04-11,,,,Outdoor,https://www.tfrrs.org/results/61791/3763763/Crimson_Tide_Invitational/400-Hurdles,TFRRS all_performances
"Barge, Jasmine",Nebraska,Big Ten,400H,2019,4,,,58.53,seconds,Corky/Crofoot Shootout,2019-04-26,,,,Outdoor,https://www.tfrrs.org/results/62306/3809133/Corky_Crofoot_Shootout/400-Hurdles,TFRRS all_performances
"Peskova, Michaela",Nebraska,Big Ten,400H,2019,3,,,59.89,seconds,Corky/Crofoot Shootout,2019-04-26,,,,Outdoor,https://www.tfrrs.org/results/62306/3809133/Corky_Crofoot_Shootout/400-Hurdles,TFRRS all_performances
"Barge, Jasmine",Nebraska,Big Ten,400H,2019,4,,,57.80,seconds,Big Ten Championships,2019-05-10,,,,Outdoor,https://www.tfrrs.org/results/62601/3841949/Big_Ten_Championships/400-Hurdles,TFRRS all_performances
"Barge, Jasmine",Nebraska,Big Ten,400H,2019,4,,,58.34,seconds,Big Ten Championships,2019-05-10,,,,Outdoor,https://www.tfrrs.org/results/62601/3841949/Big_Ten_Championships/400-Hurdles,TFRRS all_performances
"Peskova, Michaela",Nebraska,Big Ten,400H,2019,3,,,58.18,seconds,Big Ten Championships,2019-05-10,,,,Outdoor,https://www.tfrrs.org/results/62601/3841949/Big_Ten_Championships/400-Hurdles,TFRRS all_performances
"Peskova, Michaela",Nebraska,Big Ten,400H,2019,3,,,58.67,seconds,Big Ten Championships,2019-05-10,,,,Outdoor,https://www.tfrrs.org/results/62601/3841949/Big_Ten_Championships/400-Hurdles,TFRRS all_performances
"Barge, Jasmine",Nebraska,Big Ten,400H,2019,4,,,57.38,seconds,NCAA Division I West Region Preliminary Rounds,2019-05-23,,,,Outdoor,https://www.tfrrs.org/results/62651/3849058/NCAA_Division_I_West_Region_Preliminary_Rounds/400-Hurdles,TFRRS all_performances
"Barge, Jasmine",Nebraska,Big Ten,400H,2019,4,,,57.68,seconds,NCAA Division I West Region Preliminary Rounds,2019-05-23,,,,Outdoor,https://www.tfrrs.org/results/62651/3849058/NCAA_Division_I_West_Region_Preliminary_Rounds/400-Hurdles,TFRRS all_performances
"Peskova, Michaela",Nebraska,Big Ten,400H,2019,3,,,57.46,seconds,NCAA Division I West Region Preliminary Rounds,2019-05-23,,,,Outdoor,https://www.tfrrs.org/results/62651/3849058/NCAA_Division_I_West_Region_Preliminary_Rounds/400-Hurdles,TFRRS all_performances
"Peskova, Michaela",Nebraska,Big Ten,400H,2019,3,,,58.79,seconds,NCAA Division I West Region Preliminary Rounds,2019-05-23,,,,Outdoor,https://www.tfrrs.org/results/62651/3849058/NCAA_Division_I_West_Region_Preliminary_Rounds/400-Hurdles,TFRRS all_performances
"Barge, Jasmine",Nebraska,Big Ten,400H,2019,4,,,58.64,seconds,NCAA Division I Outdoor Track & Field Championships,2019-06-05,,,,Outdoor,https://www.tfrrs.org/results/62668/3850641/NCAA_Division_I_Outdoor_Track__Field_Championships/400-Hurdles,TFRRS all_performances
"Peskova, Michaela",Nebraska,Big Ten,400H,2019,3,,,57.99,seconds,NCAA Division I Outdoor Track & Field Championships,2019-06-05,,,,Outdoor,https://www.tfrrs.org/results/62668/3850641/NCAA_Division_I_Outdoor_Track__Field_Championships/400-Hurdles,TFRRS all_performances
"Jackson, Khadejah",Oregon,Big Ten,400H,2019,4,,,1:01.10,seconds,41st Annual Aztec Invitational,2019-03-22,,,,Outdoor,https://www.tfrrs.org/results/58498/3701058/41st_Annual_Aztec_Invitational/400-Hurdles,TFRRS all_performances
"Jackson, Khadejah",Oregon,Big Ten,400H,2019,4,,,1:00.75,seconds,40th Sun Angel Track Classic,2019-04-05,,,,Outdoor,https://www.tfrrs.org/results/58689/3746698/40th_Sun_Angel_Track_Classic/400-Hurdles,TFRRS all_performances
"Sloan, Emily",Oregon,Big Ten,400H,2019,1,,,1:02.25,seconds,40th Sun Angel Track Classic,2019-04-05,,,,Outdoor,https://www.tfrrs.org/results/58689/3746698/40th_Sun_Angel_Track_Classic/400-Hurdles,TFRRS all_performances
"Jackson, Khadejah",Oregon,Big Ten,400H,2019,4,,,1:03.12,seconds,Mt. SAC Relays,2019-04-18,,,,Outdoor,https://www.tfrrs.org/results/62078/3792796/Mt_SAC_Relays/400-Hurdles,TFRRS all_performances
"Jackson, Khadejah",Oregon,Big Ten,400H,2019,4,,,59.48,seconds,Oregon State High Performance Meet,2019-04-26,,,,Outdoor,https://www.tfrrs.org/results/59198/3812473/Oregon_State_High_Performance_Meet/400-Hurdles,TFRRS all_performances
"Jackson, Khadejah",Oregon,Big Ten,400H,2019,4,,,59.40,seconds,2019 Pac-12 Track & Field Championships,2019-05-04,,,,Outdoor,https://www.tfrrs.org/results/61226/3842491/2019_Pac-12_Track__Field_Championships/400-Hurdles,TFRRS all_performances
"Bernard-Joseph, Breanna",USC,Big Ten,400H,2019,1,,,1:01.21,seconds,Jim Click Shootout,2019-04-06,,,,Outdoor,https://www.tfrrs.org/results/59968/3745273/Jim_Click_Shootout/400-Hurdles,TFRRS all_performances
"Bernard-Joseph, Breanna",USC,Big Ten,400H,2019,1,,,59.79,seconds,Mt. SAC Relays,2019-04-18,,,,Outdoor,https://www.tfrrs.org/results/62078/3792796/Mt_SAC_Relays/400-Hurdles,TFRRS all_performances
"Bernard-Joseph, Breanna",USC,Big Ten,400H,2019,1,,,1:01.12,seconds,USC vs UCLA,2019-04-27,,,,Outdoor,https://www.tfrrs.org/results/62337/3815353/USC_vs_UCLA/400-Hurdles,TFRRS all_performances
"Cockrell, Anna",USC,Big Ten,400H,2019,3,,,56.44,seconds,USC vs UCLA,2019-04-27,,,,Outdoor,https://www.tfrrs.org/results/62337/3815353/USC_vs_UCLA/400-Hurdles,TFRRS all_performances
"Bernard-Joseph, Breanna",USC,Big Ten,400H,2019,1,,,1:00.56,seconds,2019 Pac-12 Track & Field Championships,2019-05-04,,,,Outdoor,https://www.tfrrs.org/results/61226/3842491/2019_Pac-12_Track__Field_Championships/400-Hurdles,TFRRS all_performances
"Cockrell, Anna",USC,Big Ten,400H,2019,3,,,56.46,seconds,2019 Pac-12 Track & Field Championships,2019-05-04,,,,Outdoor,https://www.tfrrs.org/results/61226/3842491/2019_Pac-12_Track__Field_Championships/400-Hurdles,TFRRS all_performances
"Cockrell, Anna",USC,Big Ten,400H,2019,3,,,56.83,seconds,NCAA Division I West Region Preliminary Rounds,2019-05-23,,,,Outdoor,https://www.tfrrs.org/results/62651/3849058/NCAA_Division_I_West_Region_Preliminary_Rounds/400-Hurdles,TFRRS all_performances
"Cockrell, Anna",USC,Big Ten,400H,2019,3,,,57.47,seconds,NCAA Division I West Region Preliminary Rounds,2019-05-23,,,,Outdoor,https://www.tfrrs.org/results/62651/3849058/NCAA_Division_I_West_Region_Preliminary_Rounds/400-Hurdles,TFRRS all_performances
"Cockrell, Anna",USC,Big Ten,400H,2019,3,,,55.23,seconds,NCAA Division I Outdoor Track & Field Championships,2019-06-05,,,,Outdoor,https://www.tfrrs.org/results/62668/3850641/NCAA_Division_I_Outdoor_Track__Field_Championships/400-Hurdles,TFRRS all_performances
"Cockrell, Anna",USC,Big Ten,400H,2019,3,,,56.05,seconds,NCAA Division I Outdoor Track & Field Championships,2019-06-05,,,,Outdoor,https://www.tfrrs.org/results/62668/3850641/NCAA_Division_I_Outdoor_Track__Field_Championships/400-Hurdles,TFRRS all_performances
"Hill, Morganne",Washington,Big Ten,400H,2019,4,,,1:00.98,seconds,4th Annual Doris Heritage Track Festival,2019-03-16,,,,Outdoor,https://www.tfrrs.org/results/59760/3681352/4th_Annual_Doris_Heritage_Track_Festival/400-Hurdles,TFRRS all_performances
"Lester, Carly",Washington,Big Ten,400H,2019,4,,,59.96,seconds,4th Annual Doris Heritage Track Festival,2019-03-16,,,,Outdoor,https://www.tfrrs.org/results/59760/3681352/4th_Annual_Doris_Heritage_Track_Festival/400-Hurdles,TFRRS all_performances
"Mills, Darhian",Washington,Big Ten,400H,2019,3,,,59.46,seconds,4th Annual Doris Heritage Track Festival,2019-03-16,,,,Outdoor,https://www.tfrrs.org/results/59760/3681352/4th_Annual_Doris_Heritage_Track_Festival/400-Hurdles,TFRRS all_performances
"Stueckle, Karlee",Washington,Big Ten,400H,2019,1,,,1:00.88,seconds,4th Annual Doris Heritage Track Festival,2019-03-16,,,,Outdoor,https://www.tfrrs.org/results/59760/3681352/4th_Annual_Doris_Heritage_Track_Festival/400-Hurdles,TFRRS all_performances
"Hill, Morganne",Washington,Big Ten,400H,2019,4,,,1:01.15,seconds,Stanford Invitational,2019-03-29,,,,Outdoor,https://www.tfrrs.org/results/61171/3721507/Stanford_Invitational/400-Hurdles,TFRRS all_performances
"Lester, Carly",Washington,Big Ten,400H,2019,4,,,59.77,seconds,Stanford Invitational,2019-03-29,,,,Outdoor,https://www.tfrrs.org/results/61171/3721507/Stanford_Invitational/400-Hurdles,TFRRS all_performances
"Mills, Darhian",Washington,Big Ten,400H,2019,3,,,1:00.14,seconds,Stanford Invitational,2019-03-29,,,,Outdoor,https://www.tfrrs.org/results/61171/3721507/Stanford_Invitational/400-Hurdles,TFRRS all_performances
"Stueckle, Karlee",Washington,Big Ten,400H,2019,1,,,1:01.68,seconds,Stanford Invitational,2019-03-29,,,,Outdoor,https://www.tfrrs.org/results/61171/3721507/Stanford_Invitational/400-Hurdles,TFRRS all_performances
"Hill, Morganne",Washington,Big Ten,400H,2019,4,,,59.13,seconds,UW vs WSU Dual,2019-04-06,,,,Outdoor,https://www.tfrrs.org/results/61138/3747444/UW_vs_WSU_Dual/400-Hurdles,TFRRS all_performances
"Lester, Carly",Washington,Big Ten,400H,2019,4,,,59.45,seconds,UW vs WSU Dual,2019-04-06,,,,Outdoor,https://www.tfrrs.org/results/61138/3747444/UW_vs_WSU_Dual/400-Hurdles,TFRRS all_performances
"Mills, Darhian",Washington,Big Ten,400H,2019,3,,,59.06,seconds,UW vs WSU Dual,2019-04-06,,,,Outdoor,https://www.tfrrs.org/results/61138/3747444/UW_vs_WSU_Dual/400-Hurdles,TFRRS all_performances
"Stueckle, Karlee",Washington,Big Ten,400H,2019,1,,,1:01.08,seconds,UW vs WSU Dual,2019-04-06,,,,Outdoor,https://www.tfrrs.org/results/61138/3747444/UW_vs_WSU_Dual/400-Hurdles,TFRRS all_performances
"Hill, Morganne",Washington,Big Ten,400H,2019,4,,,1:00.27,seconds,Beach Invitational,2019-04-19,,,,Outdoor,https://www.tfrrs.org/results/62051/3791701/Beach_Invitational/400-Hurdles,TFRRS all_performances
"Lester, Carly",Washington,Big Ten,400H,2019,4,,,59.26,seconds,Beach Invitational,2019-04-19,,,,Outdoor,https://www.tfrrs.org/results/62051/3791701/Beach_Invitational/400-Hurdles,TFRRS all_performances
"Mills, Darhian",Washington,Big Ten,400H,2019,3,,,58.35,seconds,Beach Invitational,2019-04-19,,,,Outdoor,https://www.tfrrs.org/results/62051/3791701/Beach_Invitational/400-Hurdles,TFRRS all_performances
"Stueckle, Karlee",Washington,Big Ten,400H,2019,1,,,1:01.19,seconds,Beach Invitational,2019-04-19,,,,Outdoor,https://www.tfrrs.org/results/62051/3791701/Beach_Invitational/400-Hurdles,TFRRS all_performances
"Hill, Morganne",Washington,Big Ten,400H,2019,4,,,59.43,seconds,National Relay Championships,2019-04-26,,,,Outdoor,https://www.tfrrs.org/results/59967/3809626/National_Relay_Championships/400-Hurdles,TFRRS all_performances
"Lester, Carly",Washington,Big Ten,400H,2019,4,,,58.84,seconds,National Relay Championships,2019-04-26,,,,Outdoor,https://www.tfrrs.org/results/59967/3809626/National_Relay_Championships/400-Hurdles,TFRRS all_performances
"Mills, Darhian",Washington,Big Ten,400H,2019,3,,,58.33,seconds,National Relay Championships,2019-04-26,,,,Outdoor,https://www.tfrrs.org/results/59967/3809626/National_Relay_Championships/400-Hurdles,TFRRS all_performances
"Hill, Morganne",Washington,Big Ten,400H,2019,4,,,1:00.12,seconds,2019 Pac-12 Track & Field Championships,2019-05-04,,,,Outdoor,https://www.tfrrs.org/results/61226/3842491/2019_Pac-12_Track__Field_Championships/400-Hurdles,TFRRS all_performances
"Lester, Carly",Washington,Big Ten,400H,2019,4,,,59.48,seconds,2019 Pac-12 Track & Field Championships,2019-05-04,,,,Outdoor,https://www.tfrrs.org/results/61226/3842491/2019_Pac-12_Track__Field_Championships/400-Hurdles,TFRRS all_performances
"Mills, Darhian",Washington,Big Ten,400H,2019,3,,,57.69,seconds,2019 Pac-12 Track & Field Championships,2019-05-04,,,,Outdoor,https://www.tfrrs.org/results/61226/3842491/2019_Pac-12_Track__Field_Championships/400-Hurdles,TFRRS all_performances
"Stueckle, Karlee",Washington,Big Ten,400H,2019,1,,,1:03.11,seconds,2019 Ken Shannon Invitational,2019-05-04,,,,Outdoor,https://www.tfrrs.org/results/61696/3828948/2019_Ken_Shannon_Invitational/400-Hurdles,TFRRS all_performances
"Hill, Morganne",Washington,Big Ten,400H,2019,4,,,58.14,seconds,NCAA Division I West Region Preliminary Rounds,2019-05-23,,,,Outdoor,https://www.tfrrs.org/results/62651/3849058/NCAA_Division_I_West_Region_Preliminary_Rounds/400-Hurdles,TFRRS all_performances
"Hill, Morganne",Washington,Big Ten,400H,2019,4,,,58.60,seconds,NCAA Division I West Region Preliminary Rounds,2019-05-23,,,,Outdoor,https://www.tfrrs.org/results/62651/3849058/NCAA_Division_I_West_Region_Preliminary_Rounds/400-Hurdles,TFRRS all_performances
"Lester, Carly",Washington,Big Ten,400H,2019,4,,,58.29,seconds,NCAA Division I West Region Preliminary Rounds,2019-05-23,,,,Outdoor,https://www.tfrrs.org/results/62651/3849058/NCAA_Division_I_West_Region_Preliminary_Rounds/400-Hurdles,TFRRS all_performances
"Lester, Carly",Washington,Big Ten,400H,2019,4,,,58.47,seconds,NCAA Division I West Region Preliminary Rounds,2019-05-23,,,,Outdoor,https://www.tfrrs.org/results/62651/3849058/NCAA_Division_I_West_Region_Preliminary_Rounds/400-Hurdles,TFRRS all_performances
"Mills, Darhian",Washington,Big Ten,400H,2019,3,,,57.02,seconds,NCAA Division I West Region Preliminary Rounds,2019-05-23,,,,Outdoor,https://www.tfrrs.org/results/62651/3849058/NCAA_Division_I_West_Region_Preliminary_Rounds/400-Hurdles,TFRRS all_performances
"Mills, Darhian",Washington,Big Ten,400H,2019,3,,,58.25,seconds,NCAA Division I West Region Preliminary Rounds,2019-05-23,,,,Outdoor,https://www.tfrrs.org/results/62651/3849058/NCAA_Division_I_West_Region_Preliminary_Rounds/400-Hurdles,TFRRS all_performances
"Mills, Darhian",Washington,Big Ten,400H,2019,3,,,57.43,seconds,NCAA Division I Outdoor Track & Field Championships,2019-06-05,,,,Outdoor,https://www.tfrrs.org/results/62668/3850641/NCAA_Division_I_Outdoor_Track__Field_Championships/400-Hurdles,TFRRS all_performances
"Mills, Darhian",Washington,Big Ten,400H,2019,3,,,57.76,seconds,NCAA Division I Outdoor Track & Field Championships,2019-06-05,,,,Outdoor,https://www.tfrrs.org/results/62668/3850641/NCAA_Division_I_Outdoor_Track__Field_Championships/400-Hurdles,TFRRS all_performances
"Stephens, Nikki",Florida,SEC,400H,2019,2,,,58.86,seconds,FSU Relays (College),2019-03-22,,,,Outdoor,https://www.tfrrs.org/results/60843/3696041/FSU_Relays_College/400-Hurdles,TFRRS all_performances
"Stephens, Nikki",Florida,SEC,400H,2019,2,,,58.91,seconds,Florida Relays,2019-03-28,,,,Outdoor,https://www.tfrrs.org/results/59113/3716328/Florida_Relays/400-Hurdles,TFRRS all_performances
"Stephens, Nikki",Florida,SEC,400H,2019,2,,,58.93,seconds,LSU Alumni Gold,2019-04-20,,,,Outdoor,https://www.tfrrs.org/results/57942/3790501/LSU_Alumni_Gold/400-Hurdles,TFRRS all_performances
"Stephens, Nikki",Florida,SEC,400H,2019,2,,,59.07,seconds,UF Tom Jones Memorial,2019-04-26,,,,Outdoor,https://www.tfrrs.org/results/57289/3810311/UF_Tom_Jones_Memorial/400-Hurdles,TFRRS all_performances
"Johnson, Brandee",Florida,SEC,400H,2019,3,,,1:00.48,seconds,SEC Outdoor Track & Field Championships,2019-05-09,,,,Outdoor,https://www.tfrrs.org/results/61797/3840877/SEC_Outdoor_Track__Field_Championships/400-Hurdles,TFRRS all_performances
"Johnson, Brandee",Florida,SEC,400H,2019,3,,,1:00.66,seconds,SEC Outdoor Track & Field Championships,2019-05-09,,,,Outdoor,https://www.tfrrs.org/results/61797/3840877/SEC_Outdoor_Track__Field_Championships/400-Hurdles,TFRRS all_performances
"Stephens, Nikki",Florida,SEC,400H,2019,2,,,1:01.92,seconds,SEC Outdoor Track & Field Championships,2019-05-09,,,,Outdoor,https://www.tfrrs.org/results/61797/3840877/SEC_Outdoor_Track__Field_Championships/400-Hurdles,TFRRS all_performances
"Stephens, Nikki",Florida,SEC,400H,2019,2,,,58.68,seconds,NCAA Division I East Region Preliminary Rounds,2019-05-23,,,,Outdoor,https://www.tfrrs.org/results/62650/3849018/NCAA_Division_I_East_Region_Preliminary_Rounds/400-Hurdles,TFRRS all_performances
"Stephens, Nikki",Florida,SEC,400H,2019,2,,,59.52,seconds,NCAA Division I East Region Preliminary Rounds,2019-05-23,,,,Outdoor,https://www.tfrrs.org/results/62650/3849018/NCAA_Division_I_East_Region_Preliminary_Rounds/400-Hurdles,TFRRS all_performances
"Kopp, Makenzi",Georgia,SEC,400H,2019,3,,,1:03.91,seconds,Yellow Jacket Invitational,2019-03-15,,,,Outdoor,https://www.tfrrs.org/results/59266/3679658/Yellow_Jacket_Invitational/400-Hurdles,TFRRS all_performances
"Zoller, Chelsea",Georgia,SEC,400H,2019,2,,,1:03.57,seconds,Yellow Jacket Invitational,2019-03-15,,,,Outdoor,https://www.tfrrs.org/results/59266/3679658/Yellow_Jacket_Invitational/400-Hurdles,TFRRS all_performances
"Kopp, Makenzi",Georgia,SEC,400H,2019,3,,,1:04.09,seconds,Florida Relays,2019-03-28,,,,Outdoor,https://www.tfrrs.org/results/59113/3716328/Florida_Relays/400-Hurdles,TFRRS all_performances
"Zoller, Chelsea",Georgia,SEC,400H,2019,2,,,1:02.17,seconds,Florida Relays,2019-03-28,,,,Outdoor,https://www.tfrrs.org/results/59113/3716328/Florida_Relays/400-Hurdles,TFRRS all_performances
"Kopp, Makenzi",Georgia,SEC,400H,2019,3,,,1:03.06,seconds,Spec Towns Invitational,2019-04-05,,,,Outdoor,https://www.tfrrs.org/results/61468/3741076/Spec_Towns_Invitational/400-Hurdles,TFRRS all_performances
"Zoller, Chelsea",Georgia,SEC,400H,2019,2,,,1:02.22,seconds,Spec Towns Invitational,2019-04-05,,,,Outdoor,https://www.tfrrs.org/results/61468/3741076/Spec_Towns_Invitational/400-Hurdles,TFRRS all_performances
"Kopp, Makenzi",Georgia,SEC,400H,2019,3,,,1:02.80,seconds,Mt. SAC Relays,2019-04-18,,,,Outdoor,https://www.tfrrs.org/results/62078/3792796/Mt_SAC_Relays/400-Hurdles,TFRRS all_performances
"Zoller, Chelsea",Georgia,SEC,400H,2019,2,,,1:01.58,seconds,Mt. SAC Relays,2019-04-18,,,,Outdoor,https://www.tfrrs.org/results/62078/3792796/Mt_SAC_Relays/400-Hurdles,TFRRS all_performances
"Kopp, Makenzi",Georgia,SEC,400H,2019,3,,,1:03.43,seconds,Torrin Lawrence Memorial,2019-04-26,,,,Outdoor,https://www.tfrrs.org/results/62312/3809702/Torrin_Lawrence_Memorial/400-Hurdles,TFRRS all_performances
"Zoller, Chelsea",Georgia,SEC,400H,2019,2,,,1:01.68,seconds,Torrin Lawrence Memorial,2019-04-26,,,,Outdoor,https://www.tfrrs.org/results/62312/3809702/Torrin_Lawrence_Memorial/400-Hurdles,TFRRS all_performances
"Zoller, Chelsea",Georgia,SEC,400H,2019,2,,,1:01.90,seconds,SEC Outdoor Track & Field Championships,2019-05-09,,,,Outdoor,https://www.tfrrs.org/results/61797/3840877/SEC_Outdoor_Track__Field_Championships/400-Hurdles,TFRRS all_performances
"Ross, Faith",Kentucky,SEC,400H,2019,3,,,59.32,seconds,UTSA Invitational,2019-03-15,,,,Outdoor,https://www.tfrrs.org/results/59826/3681976/UTSA_Invitational/400-Hurdles,TFRRS all_performances
"Russell, Masai",Kentucky,SEC,400H,2019,1,,,58.10,seconds,UTSA Invitational,2019-03-15,,,,Outdoor,https://www.tfrrs.org/results/59826/3681976/UTSA_Invitational/400-Hurdles,TFRRS all_performances
"Ross, Faith",Kentucky,SEC,400H,2019,3,,,57.38,seconds,Vanderbilt Black & Gold Invitational,2019-03-22,,,,Outdoor,https://www.tfrrs.org/results/60867/3700631/Vanderbilt_Black__Gold_Invitational/400-Hurdles,TFRRS all_performances
"Russell, Masai",Kentucky,SEC,400H,2019,1,,,58.57,seconds,Vanderbilt Black & Gold Invitational,2019-03-22,,,,Outdoor,https://www.tfrrs.org/results/60867/3700631/Vanderbilt_Black__Gold_Invitational/400-Hurdles,TFRRS all_performances
"Ross, Faith",Kentucky,SEC,400H,2019,3,,,57.94,seconds,Florida Relays,2019-03-28,,,,Outdoor,https://www.tfrrs.org/results/59113/3716328/Florida_Relays/400-Hurdles,TFRRS all_performances
"Russell, Masai",Kentucky,SEC,400H,2019,1,,,57.57,seconds,Florida Relays,2019-03-28,,,,Outdoor,https://www.tfrrs.org/results/59113/3716328/Florida_Relays/400-Hurdles,TFRRS all_performances
"Ross, Faith",Kentucky,SEC,400H,2019,3,,,1:02.23,seconds,Tennessee Relays,2019-04-11,,,,Outdoor,https://www.tfrrs.org/results/60654/3767491/Tennessee_Relays/400-Hurdles,TFRRS all_performances
"Russell, Masai",Kentucky,SEC,400H,2019,1,,,57.95,seconds,Tennessee Relays,2019-04-11,,,,Outdoor,https://www.tfrrs.org/results/60654/3767491/Tennessee_Relays/400-Hurdles,TFRRS all_performances
"Ross, Faith",Kentucky,SEC,400H,2019,3,,,1:01.09,seconds,Kentucky Track & Field Invitational,2019-04-20,,,,Outdoor,https://www.tfrrs.org/results/57306/3790798/Kentucky_Track__Field_Invitational/400-Hurdles,TFRRS all_performances
"Russell, Masai",Kentucky,SEC,400H,2019,1,,,1:01.08,seconds,Kentucky Track & Field Invitational,2019-04-20,,,,Outdoor,https://www.tfrrs.org/results/57306/3790798/Kentucky_Track__Field_Invitational/400-Hurdles,TFRRS all_performances
"Ross, Faith",Kentucky,SEC,400H,2019,3,,,58.21,seconds,Drake Relays presented by Hy-Vee,2019-04-24,,,,Outdoor,https://www.tfrrs.org/results/56830/3810914/Drake_Relays_presented_by_Hy-Vee/400-Hurdles,TFRRS all_performances
"Russell, Masai",Kentucky,SEC,400H,2019,1,,,59.42,seconds,Drake Relays presented by Hy-Vee,2019-04-24,,,,Outdoor,https://www.tfrrs.org/results/56830/3810914/Drake_Relays_presented_by_Hy-Vee/400-Hurdles,TFRRS all_performances
"Ross, Faith",Kentucky,SEC,400H,2019,3,,,58.03,seconds,SEC Outdoor Track & Field Championships,2019-05-09,,,,Outdoor,https://www.tfrrs.org/results/61797/3840877/SEC_Outdoor_Track__Field_Championships/400-Hurdles,TFRRS all_performances
"Ross, Faith",Kentucky,SEC,400H,2019,3,,,58.23,seconds,SEC Outdoor Track & Field Championships,2019-05-09,,,,Outdoor,https://www.tfrrs.org/results/61797/3840877/SEC_Outdoor_Track__Field_Championships/400-Hurdles,TFRRS all_performances
"Russell, Masai",Kentucky,SEC,400H,2019,1,,,57.83,seconds,SEC Outdoor Track & Field Championships,2019-05-09,,,,Outdoor,https://www.tfrrs.org/results/61797/3840877/SEC_Outdoor_Track__Field_Championships/400-Hurdles,TFRRS all_performances
"Russell, Masai",Kentucky,SEC,400H,2019,1,,,59.13,seconds,SEC Outdoor Track & Field Championships,2019-05-09,,,,Outdoor,https://www.tfrrs.org/results/61797/3840877/SEC_Outdoor_Track__Field_Championships/400-Hurdles,TFRRS all_performances
"Ross, Faith",Kentucky,SEC,400H,2019,3,,,56.71,seconds,NCAA Division I East Region Preliminary Rounds,2019-05-23,,,,Outdoor,https://www.tfrrs.org/results/62650/3849018/NCAA_Division_I_East_Region_Preliminary_Rounds/400-Hurdles,TFRRS all_performances
"Ross, Faith",Kentucky,SEC,400H,2019,3,,,57.77,seconds,NCAA Division I East Region Preliminary Rounds,2019-05-23,,,,Outdoor,https://www.tfrrs.org/results/62650/3849018/NCAA_Division_I_East_Region_Preliminary_Rounds/400-Hurdles,TFRRS all_performances
"Russell, Masai",Kentucky,SEC,400H,2019,1,,,57.34,seconds,NCAA Division I East Region Preliminary Rounds,2019-05-23,,,,Outdoor,https://www.tfrrs.org/results/62650/3849018/NCAA_Division_I_East_Region_Preliminary_Rounds/400-Hurdles,TFRRS all_performances
"Russell, Masai",Kentucky,SEC,400H,2019,1,,,58.38,seconds,NCAA Division I East Region Preliminary Rounds,2019-05-23,,,,Outdoor,https://www.tfrrs.org/results/62650/3849018/NCAA_Division_I_East_Region_Preliminary_Rounds/400-Hurdles,TFRRS all_performances
"Ross, Faith",Kentucky,SEC,400H,2019,3,,,57.46,seconds,NCAA Division I Outdoor Track & Field Championships,2019-06-05,,,,Outdoor,https://www.tfrrs.org/results/62668/3850641/NCAA_Division_I_Outdoor_Track__Field_Championships/400-Hurdles,TFRRS all_performances
"Russell, Masai",Kentucky,SEC,400H,2019,1,,,57.76,seconds,NCAA Division I Outdoor Track & Field Championships,2019-06-05,,,,Outdoor,https://www.tfrrs.org/results/62668/3850641/NCAA_Division_I_Outdoor_Track__Field_Championships/400-Hurdles,TFRRS all_performances
Simone Wark,South Carolina,SEC,400H,2019,3,,,1:04.84,seconds,Black and Gold Challenge,2019-03-15,Final,9.0,,Outdoor,https://gamecocksonline.com/news/2019/04/13/track-and-field-gamecocks-make-global-splash-at-historic-gamecock-invitational/,legacy_source_needs_review
"Wark , Simome",South Carolina,SEC,400H,2019,3,,,1:04.84,seconds,Black and Gold Challange,2019-03-15,,,,Outdoor,https://www.tfrrs.org/results/59243/3679273/Black_and_Gold_Challange/400-Hurdles,TFRRS all_performances
"Coquillaud-Salomon, Mathilde",South Carolina,SEC,400H,2019,1,,,1:03.54,seconds,Buccaneer Invitational,2019-03-23,,,,Outdoor,https://www.tfrrs.org/results/58507/3701193/Buccaneer_Invitational/400-Hurdles,TFRRS all_performances
Simone Wark,South Carolina,SEC,400H,2019,3,,,1:04.44,seconds,Buccaneer Invitational,2019-03-23,Final,4.0,,Outdoor,https://gamecocksonline.com/news/2019/04/13/track-and-field-gamecocks-make-global-splash-at-historic-gamecock-invitational/,legacy_source_needs_review
"Wark , Simome",South Carolina,SEC,400H,2019,3,,,1:04.44,seconds,Buccaneer Invitational,2019-03-23,,,,Outdoor,https://www.tfrrs.org/results/58507/3701193/Buccaneer_Invitational/400-Hurdles,TFRRS all_performances
"Coquillaud-Salomon, Mathilde",South Carolina,SEC,400H,2019,1,,,1:01.98,seconds,Florida Relays,2019-03-28,,,,Outdoor,https://www.tfrrs.org/results/59113/3716328/Florida_Relays/400-Hurdles,TFRRS all_performances
"Coquillaud-Salomon, Mathilde",South Carolina,SEC,400H,2019,1,,,1:01.27,seconds,Spec Towns Invitational,2019-04-05,,,,Outdoor,https://www.tfrrs.org/results/61468/3741076/Spec_Towns_Invitational/400-Hurdles,TFRRS all_performances
Simone Wark,South Carolina,SEC,400H,2019,3,,,1:02.87,seconds,Gamecock Invitational Outdoor,2019-04-13,Final,5.0,,Outdoor,https://gamecocksonline.com/news/2019/04/13/track-and-field-gamecocks-make-global-splash-at-historic-gamecock-invitational/,legacy_source_needs_review
"Wark , Simome",South Carolina,SEC,400H,2019,3,,,1:02.87,seconds,Gamecock Invitational Outdoor,2019-04-13,,,,Outdoor,https://www.tfrrs.org/results/57927/3768789/Gamecock_Invitational_Outdoor_/400-Hurdles,TFRRS all_performances
"Coquillaud-Salomon, Mathilde",South Carolina,SEC,400H,2019,1,,,1:01.49,seconds,USC Open Outdoor,2019-04-20,,,,Outdoor,https://www.tfrrs.org/results/57928/3790273/USC_Open_Outdoor_/400-Hurdles,TFRRS all_performances
Simone Wark,South Carolina,SEC,400H,2019,3,,,1:02.22,seconds,USC Open Outdoor,2019-04-20,Final,7.0,,Outdoor,https://gamecocksonline.com/news/2019/04/13/track-and-field-gamecocks-make-global-splash-at-historic-gamecock-invitational/,legacy_source_needs_review
"Wark , Simome",South Carolina,SEC,400H,2019,3,,,1:02.22,seconds,USC Open Outdoor,2019-04-20,,,,Outdoor,https://www.tfrrs.org/results/57928/3790273/USC_Open_Outdoor_/400-Hurdles,TFRRS all_performances
"Coquillaud-Salomon, Mathilde",South Carolina,SEC,400H,2019,1,,,1:00.92,seconds,125th Penn Relays,2019-04-25,,,,Outdoor,https://www.tfrrs.org/results/62328/3833379/125th_Penn_Relays/400-Hurdles,TFRRS all_performances
"Carter, Kori",Clemson,ACC,400H,2021,1,,,1:00.37,s,Auburn Tiger Track Classic 2021,2021-03-19,,,,Outdoor,https://www.tfrrs.org/results/66282/4129146/Auburn_Tiger_Track_Classic_2021/400-Hurdles,TFRRS all_performances
"Cooney, Olivia",Clemson,ACC,400H,2021,2,,,1:04.86,s,Auburn Tiger Track Classic 2021,2021-03-19,,,,Outdoor,https://www.tfrrs.org/results/66282/4129146/Auburn_Tiger_Track_Classic_2021/400-Hurdles,TFRRS all_performances
"Foster, Nicolee",Clemson,ACC,400H,2021,3,,,59.00,s,Auburn Tiger Track Classic 2021,2021-03-19,,,,Outdoor,https://www.tfrrs.org/results/66282/4129146/Auburn_Tiger_Track_Classic_2021/400-Hurdles,TFRRS all_performances
"Warner, Lakeisha",Clemson,ACC,400H,2021,4,,,59.87,s,Auburn Tiger Track Classic 2021,2021-03-19,,,,Outdoor,https://www.tfrrs.org/results/66282/4129146/Auburn_Tiger_Track_Classic_2021/400-Hurdles,TFRRS all_performances
"Carter, Kori",Clemson,ACC,400H,2021,1,,,1:00.62,s,FSU Relays,2021-03-25,,,,Outdoor,https://www.tfrrs.org/results/68747/4145911/FSU_Relays/400-Hurdles,TFRRS all_performances
"Cooney, Olivia",Clemson,ACC,400H,2021,2,,,1:03.57,s,FSU Relays,2021-03-25,,,,Outdoor,https://www.tfrrs.org/results/68747/4145911/FSU_Relays/400-Hurdles,TFRRS all_performances
"Foster, Nicolee",Clemson,ACC,400H,2021,3,,,59.93,s,FSU Relays,2021-03-25,,,,Outdoor,https://www.tfrrs.org/results/68747/4145911/FSU_Relays/400-Hurdles,TFRRS all_performances
"Warner, Lakeisha",Clemson,ACC,400H,2021,4,,,1:02.82,s,FSU Relays,2021-03-25,,,,Outdoor,https://www.tfrrs.org/results/68747/4145911/FSU_Relays/400-Hurdles,TFRRS all_performances
"Carter, Kori",Clemson,ACC,400H,2021,1,,,1:00.68,s,Pepsi Florida Relays,2021-04-02,,,,Outdoor,https://www.tfrrs.org/results/68395/4166907/Pepsi_Florida_Relays/400-Hurdles,TFRRS all_performances
"Cooney, Olivia",Clemson,ACC,400H,2021,2,,,1:02.99,s,Pepsi Florida Relays,2021-04-02,,,,Outdoor,https://www.tfrrs.org/results/68395/4166907/Pepsi_Florida_Relays/400-Hurdles,TFRRS all_performances
"Foster, Nicolee",Clemson,ACC,400H,2021,3,,,57.73,s,Pepsi Florida Relays,2021-04-02,,,,Outdoor,https://www.tfrrs.org/results/68395/4166907/Pepsi_Florida_Relays/400-Hurdles,TFRRS all_performances
"Warner, Lakeisha",Clemson,ACC,400H,2021,4,,,1:01.25,s,Pepsi Florida Relays,2021-04-02,,,,Outdoor,https://www.tfrrs.org/results/68395/4166907/Pepsi_Florida_Relays/400-Hurdles,TFRRS all_performances
"Carter, Kori",Clemson,ACC,400H,2021,1,,,1:00.78,s,USC Open,2021-04-17,,,,Outdoor,https://www.tfrrs.org/results/67499/4207827/USC_Open/400-Hurdles,TFRRS all_performances
"Cooney, Olivia",Clemson,ACC,400H,2021,2,,,1:02.67,s,USC Open,2021-04-17,,,,Outdoor,https://www.tfrrs.org/results/67499/4207827/USC_Open/400-Hurdles,TFRRS all_performances
"Carter, Kori",Clemson,ACC,400H,2021,1,,,1:02.05,s,Knights Invite,2021-04-24,,,,Outdoor,https://www.tfrrs.org/results/67407/4223794/Knights_Invite/400-Hurdles,TFRRS all_performances
"Cooney, Olivia",Clemson,ACC,400H,2021,2,,,1:02.90,s,Knights Invite,2021-04-24,,,,Outdoor,https://www.tfrrs.org/results/67407/4223794/Knights_Invite/400-Hurdles,TFRRS all_performances
"Foster, Nicolee",Clemson,ACC,400H,2021,3,,,57.76,s,Knights Invite,2021-04-24,,,,Outdoor,https://www.tfrrs.org/results/67407/4223794/Knights_Invite/400-Hurdles,TFRRS all_performances
"Warner, Lakeisha",Clemson,ACC,400H,2021,4,,,58.44,s,Knights Invite,2021-04-24,,,,Outdoor,https://www.tfrrs.org/results/67407/4223794/Knights_Invite/400-Hurdles,TFRRS all_performances
"Carter, Kori",Clemson,ACC,400H,2021,1,,,59.97,s,Torrin Lawrence Memorial,2021-04-30,,,,Outdoor,https://www.tfrrs.org/results/70029/4240873/Torrin_Lawrence_Memorial/400-Hurdles,TFRRS all_performances
"Cooney, Olivia",Clemson,ACC,400H,2021,2,,,1:02.70,s,Torrin Lawrence Memorial,2021-04-30,,,,Outdoor,https://www.tfrrs.org/results/70029/4240873/Torrin_Lawrence_Memorial/400-Hurdles,TFRRS all_performances
"Carter, Kori",Clemson,ACC,400H,2021,1,,,1:00.09,s,ACC Outdoor Track & Field Championships,2021-05-13,,,,Outdoor,https://www.tfrrs.org/results/69885/4265109/ACC_Outdoor_Track__Field_Championships/400-Hurdles,TFRRS all_performances
"Carter, Kori",Clemson,ACC,400H,2021,1,,,59.92,s,ACC Outdoor Track & Field Championships,2021-05-13,,,,Outdoor,https://www.tfrrs.org/results/69885/4265109/ACC_Outdoor_Track__Field_Championships/400-Hurdles,TFRRS all_performances
"Cooney, Olivia",Clemson,ACC,400H,2021,2,,,1:02.62,s,ACC Outdoor Track & Field Championships,2021-05-13,,,,Outdoor,https://www.tfrrs.org/results/69885/4265109/ACC_Outdoor_Track__Field_Championships/400-Hurdles,TFRRS all_performances
"Foster, Nicolee",Clemson,ACC,400H,2021,3,,,57.55,s,ACC Outdoor Track & Field Championships,2021-05-13,,,,Outdoor,https://www.tfrrs.org/results/69885/4265109/ACC_Outdoor_Track__Field_Championships/400-Hurdles,TFRRS all_performances
"Foster, Nicolee",Clemson,ACC,400H,2021,3,,,59.07,s,ACC Outdoor Track & Field Championships,2021-05-13,,,,Outdoor,https://www.tfrrs.org/results/69885/4265109/ACC_Outdoor_Track__Field_Championships/400-Hurdles,TFRRS all_performances
"Warner, Lakeisha",Clemson,ACC,400H,2021,4,,,57.89,s,ACC Outdoor Track & Field Championships,2021-05-13,,,,Outdoor,https://www.tfrrs.org/results/69885/4265109/ACC_Outdoor_Track__Field_Championships/400-Hurdles,TFRRS all_performances
"Warner, Lakeisha",Clemson,ACC,400H,2021,4,,,58.55,s,ACC Outdoor Track & Field Championships,2021-05-13,,,,Outdoor,https://www.tfrrs.org/results/69885/4265109/ACC_Outdoor_Track__Field_Championships/400-Hurdles,TFRRS all_performances
"Carter, Kori",Clemson,ACC,400H,2021,1,,,59.10,s,NCAA Division I East Preliminary Round,2021-05-26,,,,Outdoor,https://www.tfrrs.org/results/70390/4273617/NCAA_Division_I_East_Preliminary_Round/400-Hurdles,TFRRS all_performances
"Foster, Nicolee",Clemson,ACC,400H,2021,3,,,58.42,s,NCAA Division I East Preliminary Round,2021-05-26,,,,Outdoor,https://www.tfrrs.org/results/70390/4273617/NCAA_Division_I_East_Preliminary_Round/400-Hurdles,TFRRS all_performances
"Foster, Nicolee",Clemson,ACC,400H,2021,3,,,58.79,s,NCAA Division I East Preliminary Round,2021-05-26,,,,Outdoor,https://www.tfrrs.org/results/70390/4273617/NCAA_Division_I_East_Preliminary_Round/400-Hurdles,TFRRS all_performances
"Warner, Lakeisha",Clemson,ACC,400H,2021,4,,,57.34,s,NCAA Division I East Preliminary Round,2021-05-26,,,,Outdoor,https://www.tfrrs.org/results/70390/4273617/NCAA_Division_I_East_Preliminary_Round/400-Hurdles,TFRRS all_performances
"Warner, Lakeisha",Clemson,ACC,400H,2021,4,,,58.68,s,NCAA Division I East Preliminary Round,2021-05-26,,,,Outdoor,https://www.tfrrs.org/results/70390/4273617/NCAA_Division_I_East_Preliminary_Round/400-Hurdles,TFRRS all_performances
"Warner, Lakeisha",Clemson,ACC,400H,2021,4,,,59.54,s,NCAA Division I Track & Field Championships,2021-06-09,,,,Outdoor,https://www.tfrrs.org/results/70445/4276111/NCAA_Division_I_Track__Field_Championships/400-Hurdles,TFRRS all_performances
"Hoffman, Lauren",Duke,ACC,400H,2021,3,,,58.72,s,Raleigh Relays,2021-03-25,,,,Outdoor,https://www.tfrrs.org/results/67406/4148331/Raleigh_Relays/400-Hurdles,TFRRS all_performances
"Merritt, Nikki",Duke,ACC,400H,2021,2,,,1:01.73,s,Raleigh Relays,2021-03-25,,,,Outdoor,https://www.tfrrs.org/results/67406/4148331/Raleigh_Relays/400-Hurdles,TFRRS all_performances
"Okonta, Danielle",Duke,ACC,400H,2021,4,,,1:05.11,s,Raleigh Relays,2021-03-25,,,,Outdoor,https://www.tfrrs.org/results/67406/4148331/Raleigh_Relays/400-Hurdles,TFRRS all_performances
"Hoffman, Lauren",Duke,ACC,400H,2021,3,,,58.54,s,Virginia Invitational,2021-04-02,,,,Outdoor,https://www.tfrrs.org/results/69037/4167626/Virginia_Invitational/400-Hurdles,TFRRS all_performances
"Merritt, Nikki",Duke,ACC,400H,2021,2,,,1:01.66,s,Virginia Invitational,2021-04-02,,,,Outdoor,https://www.tfrrs.org/results/69037/4167626/Virginia_Invitational/400-Hurdles,TFRRS all_performances
"Hoffman, Lauren",Duke,ACC,400H,2021,3,,,58.17,s,Tobacco Road Challenge,2021-04-09,,,,Outdoor,https://www.tfrrs.org/results/69291/4184845/Tobacco_Road_Challenge/400-Hurdles,TFRRS all_performances
"Merritt, Nikki",Duke,ACC,400H,2021,2,,,1:01.29,s,Tobacco Road Challenge,2021-04-09,,,,Outdoor,https://www.tfrrs.org/results/69291/4184845/Tobacco_Road_Challenge/400-Hurdles,TFRRS all_performances
"Okonta, Danielle",Duke,ACC,400H,2021,4,,,1:01.93,s,Tobacco Road Challenge,2021-04-09,,,,Outdoor,https://www.tfrrs.org/results/69291/4184845/Tobacco_Road_Challenge/400-Hurdles,TFRRS all_performances
"Hoffman, Lauren",Duke,ACC,400H,2021,3,,,57.54,s,Virginia Challenge,2021-04-16,,,,Outdoor,https://www.tfrrs.org/results/69581/4206718/Virginia_Challenge/400-Hurdles,TFRRS all_performances
"Okonta, Danielle",Duke,ACC,400H,2021,4,,,1:03.82,s,Charlotte Invitational,2021-04-23,,,,Outdoor,https://www.tfrrs.org/results/69817/4224072/Charlotte_Invitational/400-Hurdles,TFRRS all_performances
"Hoffman, Lauren",Duke,ACC,400H,2021,3,,,58.59,s,Duke Twilight,2021-05-03,,,,Outdoor,https://www.tfrrs.org/results/70116/4248647/Duke_Twilight/400-Hurdles,TFRRS all_performances
"Okonta, Danielle",Duke,ACC,400H,2021,4,,,1:02.89,s,Duke Twilight,2021-05-03,,,,Outdoor,https://www.tfrrs.org/results/70116/4248647/Duke_Twilight/400-Hurdles,TFRRS all_performances
"Hoffman, Lauren",Duke,ACC,400H,2021,3,,,56.98,s,ACC Outdoor Track & Field Championships,2021-05-13,,,,Outdoor,https://www.tfrrs.org/results/69885/4265109/ACC_Outdoor_Track__Field_Championships/400-Hurdles,TFRRS all_performances
"Hoffman, Lauren",Duke,ACC,400H,2021,3,,,58.70,s,ACC Outdoor Track & Field Championships,2021-05-13,,,,Outdoor,https://www.tfrrs.org/results/69885/4265109/ACC_Outdoor_Track__Field_Championships/400-Hurdles,TFRRS all_performances
"Merritt, Nikki",Duke,ACC,400H,2021,2,,,1:02.28,s,ACC Outdoor Track & Field Championships,2021-05-13,,,,Outdoor,https://www.tfrrs.org/results/69885/4265109/ACC_Outdoor_Track__Field_Championships/400-Hurdles,TFRRS all_performances
"Okonta, Danielle",Duke,ACC,400H,2021,4,,,1:16.98,s,ACC Outdoor Track & Field Championships,2021-05-13,,,,Outdoor,https://www.tfrrs.org/results/69885/4265109/ACC_Outdoor_Track__Field_Championships/400-Hurdles,TFRRS all_performances
"Hoffman, Lauren",Duke,ACC,400H,2021,3,,,57.58,s,NCAA Division I East Preliminary Round,2021-05-26,,,,Outdoor,https://www.tfrrs.org/results/70390/4273617/NCAA_Division_I_East_Preliminary_Round/400-Hurdles,TFRRS all_performances
"Hoffman, Lauren",Duke,ACC,400H,2021,3,,,57.60,s,NCAA Division I East Preliminary Round,2021-05-26,,,,Outdoor,https://www.tfrrs.org/results/70390/4273617/NCAA_Division_I_East_Preliminary_Round/400-Hurdles,TFRRS all_performances
"Hoffman, Lauren",Duke,ACC,400H,2021,3,,,57.58,s,NCAA East Regional,2021-05-29,,,,Outdoor,https://s3.us-east-2.amazonaws.com/sidearm.nextgen.sites/goduke.com/documents/2022/1/27/2021_22TFXCMediaGuide.pdf,legacy_source_needs_review
"Hoffman, Lauren",Duke,ACC,400H,2021,3,,,57.91,s,NCAA Division I Track & Field Championships,2021-06-09,,,,Outdoor,https://www.tfrrs.org/results/70445/4276111/NCAA_Division_I_Track__Field_Championships/400-Hurdles,TFRRS all_performances
"Klein, Ava",Florida State,ACC,400H,2021,1,,,1:03.48,s,FSU Relays,2021-03-25,,,,Outdoor,https://www.tfrrs.org/results/68747/4145911/FSU_Relays/400-Hurdles,TFRRS all_performances
"Klein, Ava",Florida State,ACC,400H,2021,1,,,1:03.77,s,UF Tom Jones Invitational,2021-04-16,,,,Outdoor,https://www.tfrrs.org/results/68975/4206589/UF_Tom_Jones_Invitational/400-Hurdles,TFRRS all_performances
"Klein, Ava",Florida State,ACC,400H,2021,1,,,1:01.62,s,North Florida Invite,2021-04-29,,,,Outdoor,https://www.tfrrs.org/results/66066/4238761/North_Florida_Invite/400-Hurdles,TFRRS all_performances
"Klein, Ava",Florida State,ACC,400H,2021,1,,,1:01.89,s,ACC Outdoor Track & Field Championships,2021-05-13,,,,Outdoor,https://www.tfrrs.org/results/69885/4265109/ACC_Outdoor_Track__Field_Championships/400-Hurdles,TFRRS all_performances
"Thomas, Samantha",Stanford,ACC,400H,2021,1,,,1:02.17,s,Hornet Invite 2021,2021-03-20,,,,Outdoor,https://www.tfrrs.org/results/67473/4130021/Hornet_Invite_2021/400-Hurdles,TFRRS all_performances
"Thomas, Samantha",Stanford,ACC,400H,2021,1,,,1:01.85,s,Stanford Invitational,2021-04-02,,,,Outdoor,https://www.tfrrs.org/results/68221/4169796/Stanford_Invitational/400-Hurdles,TFRRS all_performances
"Thomas, Samantha",Stanford,ACC,400H,2021,1,,,1:01.91,s,2021 West Coast Classic- Arizona,2021-04-17,,,,Outdoor,https://www.tfrrs.org/results/68926/4209672/2021_West_Coast_Classic-_Arizona/400-Hurdles,TFRRS all_performances
"Thomas, Samantha",Stanford,ACC,400H,2021,1,,,1:02.13,s,Oregon Relays,2021-04-23,,,,Outdoor,https://www.tfrrs.org/results/69801/4223046/Oregon_Relays/400-Hurdles,TFRRS all_performances
"Thomas, Samantha",Stanford,ACC,400H,2021,1,,,1:01.20,s,Cal vs. Stanford Big Meet,2021-05-01,,,,Outdoor,https://www.tfrrs.org/results/70038/4242379/Cal_vs_Stanford_Big_Meet/400-Hurdles,TFRRS all_performances
"Thomas, Samantha",Stanford,ACC,400H,2021,1,,,1:01.30,s,Pac-12 Track & Field Championships,2021-05-14,,,,Outdoor,https://www.tfrrs.org/results/69474/4267110/Pac-12_Track__Field_Championships/400-Hurdles,TFRRS all_performances
"Knight, Andrenette",Virginia,ACC,400H,2021,4,,,58.02,s,Raleigh Relays,2021-03-25,,,,Outdoor,https://www.tfrrs.org/results/67406/4148331/Raleigh_Relays/400-Hurdles,TFRRS all_performances
"Knight, Andrenette",Virginia,ACC,400H,2021,4,,,56.54,s,Virginia Challenge,2021-04-16,,,,Outdoor,https://www.tfrrs.org/results/69581/4206718/Virginia_Challenge/400-Hurdles,TFRRS all_performances
"Knight, Andrenette",Virginia,ACC,400H,2021,4,,,55.75,s,ACC Outdoor Track & Field Championships,2021-05-13,,,,Outdoor,https://www.tfrrs.org/results/69885/4265109/ACC_Outdoor_Track__Field_Championships/400-Hurdles,TFRRS all_performances
"Knight, Andrenette",Virginia,ACC,400H,2021,4,,,58.29,s,ACC Outdoor Track & Field Championships,2021-05-13,,,,Outdoor,https://www.tfrrs.org/results/69885/4265109/ACC_Outdoor_Track__Field_Championships/400-Hurdles,TFRRS all_performances
"Knight, Andrenette",Virginia,ACC,400H,2021,4,,,55.90,s,NCAA Division I East Preliminary Round,2021-05-26,,,,Outdoor,https://www.tfrrs.org/results/70390/4273617/NCAA_Division_I_East_Preliminary_Round/400-Hurdles,TFRRS all_performances
"Knight, Andrenette",Virginia,ACC,400H,2021,4,,,56.07,s,NCAA Division I East Preliminary Round,2021-05-26,,,,Outdoor,https://www.tfrrs.org/results/70390/4273617/NCAA_Division_I_East_Preliminary_Round/400-Hurdles,TFRRS all_performances
"Knight, Andrenette",Virginia,ACC,400H,2021,4,,,55.81,s,NCAA Division I Track & Field Championships,2021-06-09,,,,Outdoor,https://www.tfrrs.org/results/70445/4276111/NCAA_Division_I_Track__Field_Championships/400-Hurdles,TFRRS all_performances
"Knight, Andrenette",Virginia,ACC,400H,2021,4,,,56.88,s,NCAA Division I Track & Field Championships,2021-06-09,,,,Outdoor,https://www.tfrrs.org/results/70445/4276111/NCAA_Division_I_Track__Field_Championships/400-Hurdles,TFRRS all_performances
"Meisberger, Shannon",Arizona,Big 12,400H,2021,3,,,56.61,seconds,2021 Jim Click Shootout,2021-04-10,,,,Outdoor,https://www.tfrrs.org/results/68576/4188094/2021_Jim_Click_Shootout/400-Hurdles,TFRRS all_performances
"Montgomery, Athena",Arizona,Big 12,400H,2021,1,,,1:01.42,seconds,2021 Jim Click Shootout,2021-04-10,,,,Outdoor,https://www.tfrrs.org/results/68576/4188094/2021_Jim_Click_Shootout/400-Hurdles,TFRRS all_performances
"Meisberger, Shannon",Arizona,Big 12,400H,2021,3,,,57.35,seconds,2021 West Coast Classic- Arizona,2021-04-17,,,,Outdoor,https://www.tfrrs.org/results/68926/4209672/2021_West_Coast_Classic-_Arizona/400-Hurdles,TFRRS all_performances
"Montgomery, Athena",Arizona,Big 12,400H,2021,1,,,1:01.55,seconds,2021 West Coast Classic- Arizona,2021-04-17,,,,Outdoor,https://www.tfrrs.org/results/68926/4209672/2021_West_Coast_Classic-_Arizona/400-Hurdles,TFRRS all_performances
"Meisberger, Shannon",Arizona,Big 12,400H,2021,3,,,56.65,seconds,2021 Desert Heat Classic,2021-05-01,,,,Outdoor,https://www.tfrrs.org/results/69643/4244652/2021_Desert_Heat_Classic/400-Hurdles,TFRRS all_performances
"Montgomery, Athena",Arizona,Big 12,400H,2021,1,,,1:00.86,seconds,2021 Desert Heat Classic,2021-05-01,,,,Outdoor,https://www.tfrrs.org/results/69643/4244652/2021_Desert_Heat_Classic/400-Hurdles,TFRRS all_performances
"Meisberger, Shannon",Arizona,Big 12,400H,2021,3,,,57.00,seconds,Pac-12 Track & Field Championships,2021-05-14,,,,Outdoor,https://www.tfrrs.org/results/69474/4267110/Pac-12_Track__Field_Championships/400-Hurdles,TFRRS all_performances
"Meisberger, Shannon",Arizona,Big 12,400H,2021,3,,,57.77,seconds,Pac-12 Track & Field Championships,2021-05-14,,,,Outdoor,https://www.tfrrs.org/results/69474/4267110/Pac-12_Track__Field_Championships/400-Hurdles,TFRRS all_performances
"Montgomery, Athena",Arizona,Big 12,400H,2021,1,,,1:01.21,seconds,Pac-12 Track & Field Championships,2021-05-14,,,,Outdoor,https://www.tfrrs.org/results/69474/4267110/Pac-12_Track__Field_Championships/400-Hurdles,TFRRS all_performances
"Meisberger, Shannon",Arizona,Big 12,400H,2021,3,,,56.65,seconds,NCAA Division I West Preliminary Round,2021-05-26,,,,Outdoor,https://www.tfrrs.org/results/70371/4272769/NCAA_Division_I_West_Preliminary_Round/400-Hurdles,TFRRS all_performances
"Meisberger, Shannon",Arizona,Big 12,400H,2021,3,,,56.88,seconds,NCAA Division I West Preliminary Round,2021-05-26,,,,Outdoor,https://www.tfrrs.org/results/70371/4272769/NCAA_Division_I_West_Preliminary_Round/400-Hurdles,TFRRS all_performances
"Meisberger, Shannon",Arizona,Big 12,400H,2021,3,,,55.70,seconds,NCAA Division I Track & Field Championships,2021-06-09,,,,Outdoor,https://www.tfrrs.org/results/70445/4276111/NCAA_Division_I_Track__Field_Championships/400-Hurdles,TFRRS all_performances
"Meisberger, Shannon",Arizona,Big 12,400H,2021,3,,,56.63,seconds,NCAA Division I Track & Field Championships,2021-06-09,,,,Outdoor,https://www.tfrrs.org/results/70445/4276111/NCAA_Division_I_Track__Field_Championships/400-Hurdles,TFRRS all_performances
"Bingham, Kathryn",BYU,Big 12,400H,2021,1,,,1:03.03,seconds,UNLV Spring Invitational & Sheila Tarr-Smith Multis,2021-03-18,,,,Outdoor,https://www.tfrrs.org/results/68058/4130941/UNLV_Spring_Invitational__Sheila_Tarr-Smith_Multis/400-Hurdles,TFRRS all_performances
"Moon, Mylee",BYU,Big 12,400H,2021,1,,,1:06.44,seconds,UNLV Spring Invitational & Sheila Tarr-Smith Multis,2021-03-18,,,,Outdoor,https://www.tfrrs.org/results/68058/4130941/UNLV_Spring_Invitational__Sheila_Tarr-Smith_Multis/400-Hurdles,TFRRS all_performances
"Perry, Kayla",BYU,Big 12,400H,2021,2,,,1:02.34,seconds,UNLV Spring Invitational & Sheila Tarr-Smith Multis,2021-03-18,,,,Outdoor,https://www.tfrrs.org/results/68058/4130941/UNLV_Spring_Invitational__Sheila_Tarr-Smith_Multis/400-Hurdles,TFRRS all_performances
"Thomas, Kate",BYU,Big 12,400H,2021,1,,,1:03.42,seconds,UNLV Spring Invitational & Sheila Tarr-Smith Multis,2021-03-18,,,,Outdoor,https://www.tfrrs.org/results/68058/4130941/UNLV_Spring_Invitational__Sheila_Tarr-Smith_Multis/400-Hurdles,TFRRS all_performances
"Bingham, Kathryn",BYU,Big 12,400H,2021,1,,,1:00.75,seconds,2021 UVU Collegiate,2021-04-02,,,,Outdoor,https://www.tfrrs.org/results/69083/4171615/2021_UVU_Collegiate/400-Hurdles,TFRRS all_performances
"Moon, Mylee",BYU,Big 12,400H,2021,1,,,1:03.88,seconds,2021 UVU Collegiate,2021-04-02,,,,Outdoor,https://www.tfrrs.org/results/69083/4171615/2021_UVU_Collegiate/400-Hurdles,TFRRS all_performances
"Perry, Kayla",BYU,Big 12,400H,2021,2,,,1:00.38,seconds,2021 UVU Collegiate,2021-04-02,,,,Outdoor,https://www.tfrrs.org/results/69083/4171615/2021_UVU_Collegiate/400-Hurdles,TFRRS all_performances
"Thomas, Kate",BYU,Big 12,400H,2021,1,,,1:02.44,seconds,2021 UVU Collegiate,2021-04-02,,,,Outdoor,https://www.tfrrs.org/results/69083/4171615/2021_UVU_Collegiate/400-Hurdles,TFRRS all_performances
"Moon, Mylee",BYU,Big 12,400H,2021,1,,,1:03.95,seconds,2021 Aggie Invitational,2021-04-09,,,,Outdoor,https://www.tfrrs.org/results/67857/4185188/2021_Aggie_Invitational/400-Hurdles,TFRRS all_performances
"Bingham, Kathryn",BYU,Big 12,400H,2021,1,,,1:00.88,seconds,2021 Jim Click Shootout,2021-04-10,,,,Outdoor,https://www.tfrrs.org/results/68576/4188094/2021_Jim_Click_Shootout/400-Hurdles,TFRRS all_performances
"Perry, Kayla",BYU,Big 12,400H,2021,2,,,1:00.05,seconds,2021 Jim Click Shootout,2021-04-10,,,,Outdoor,https://www.tfrrs.org/results/68576/4188094/2021_Jim_Click_Shootout/400-Hurdles,TFRRS all_performances
"Thomas, Kate",BYU,Big 12,400H,2021,1,,,1:02.72,seconds,2021 Jim Click Shootout,2021-04-10,,,,Outdoor,https://www.tfrrs.org/results/68576/4188094/2021_Jim_Click_Shootout/400-Hurdles,TFRRS all_performances
"Moon, Mylee",BYU,Big 12,400H,2021,1,,,1:05.00,seconds,2021 ISU Bengal Invitational,2021-04-16,,,,Outdoor,https://www.tfrrs.org/results/68301/4207675/2021_ISU_Bengal_Invitational/400-Hurdles,TFRRS all_performances
"Thomas, Kate",BYU,Big 12,400H,2021,1,,,1:02.51,seconds,2021 ISU Bengal Invitational,2021-04-16,,,,Outdoor,https://www.tfrrs.org/results/68301/4207675/2021_ISU_Bengal_Invitational/400-Hurdles,TFRRS all_performances
"Thomas, Kate",BYU,Big 12,400H,2021,1,,,1:03.63,seconds,2021 ISU Bengal Invitational,2021-04-16,,,,Outdoor,https://www.tfrrs.org/results/68301/4207675/2021_ISU_Bengal_Invitational/400-Hurdles,TFRRS all_performances
"Bingham, Kathryn",BYU,Big 12,400H,2021,1,,,1:04.11,seconds,2021 BYU Robison Invitational,2021-04-21,,,,Outdoor,https://www.tfrrs.org/results/69827/4228604/2021_BYU_Robison_Invitational/400-Hurdles,TFRRS all_performances
"Moon, Mylee",BYU,Big 12,400H,2021,1,,,1:02.88,seconds,2021 BYU Robison Invitational,2021-04-21,,,,Outdoor,https://www.tfrrs.org/results/69827/4228604/2021_BYU_Robison_Invitational/400-Hurdles,TFRRS all_performances
"Perry, Kayla",BYU,Big 12,400H,2021,2,,,1:00.18,seconds,2021 BYU Robison Invitational,2021-04-21,,,,Outdoor,https://www.tfrrs.org/results/69827/4228604/2021_BYU_Robison_Invitational/400-Hurdles,TFRRS all_performances
"Thomas, Kate",BYU,Big 12,400H,2021,1,,,1:01.99,seconds,2021 BYU Robison Invitational,2021-04-21,,,,Outdoor,https://www.tfrrs.org/results/69827/4228604/2021_BYU_Robison_Invitational/400-Hurdles,TFRRS all_performances
"Folsom, Halley",BYU,Big 12,400H,2021,3,,,58.96,seconds,Weber State Twilight Invitational,2021-05-03,,,,Outdoor,https://www.tfrrs.org/results/69188/4249501/Weber_State_Twilight_Invitational/400-Hurdles,TFRRS all_performances
"Bingham, Kathryn",BYU,Big 12,400H,2021,1,,,1:00.68,seconds,KSU Ward Haylett,2021-05-07,,,,Outdoor,https://www.tfrrs.org/results/69667/4255509/KSU_Ward_Haylett/400-Hurdles,TFRRS all_performances
"Folsom, Halley",BYU,Big 12,400H,2021,3,,,59.78,seconds,KSU Ward Haylett,2021-05-07,,,,Outdoor,https://www.tfrrs.org/results/69667/4255509/KSU_Ward_Haylett/400-Hurdles,TFRRS all_performances
"Perry, Kayla",BYU,Big 12,400H,2021,2,,,1:00.22,seconds,KSU Ward Haylett,2021-05-07,,,,Outdoor,https://www.tfrrs.org/results/69667/4255509/KSU_Ward_Haylett/400-Hurdles,TFRRS all_performances
"Thomas, Kate",BYU,Big 12,400H,2021,1,,,1:01.35,seconds,KSU Ward Haylett,2021-05-07,,,,Outdoor,https://www.tfrrs.org/results/69667/4255509/KSU_Ward_Haylett/400-Hurdles,TFRRS all_performances
"Bingham, Kathryn",BYU,Big 12,400H,2021,1,,,1:00.30,seconds,2021 BYU Cougar Invitational,2021-05-14,,,,Outdoor,https://www.tfrrs.org/results/70274/4264530/2021_BYU_Cougar_Invitational/400-Hurdles,TFRRS all_performances
"Folsom, Halley",BYU,Big 12,400H,2021,3,,,58.38,seconds,2021 BYU Cougar Invitational,2021-05-14,,,,Outdoor,https://www.tfrrs.org/results/70274/4264530/2021_BYU_Cougar_Invitational/400-Hurdles,TFRRS all_performances
"Perry, Kayla",BYU,Big 12,400H,2021,2,,,59.85,seconds,2021 BYU Cougar Invitational,2021-05-14,,,,Outdoor,https://www.tfrrs.org/results/70274/4264530/2021_BYU_Cougar_Invitational/400-Hurdles,TFRRS all_performances
"Thomas, Kate",BYU,Big 12,400H,2021,1,,,1:01.72,seconds,2021 BYU Cougar Invitational,2021-05-14,,,,Outdoor,https://www.tfrrs.org/results/70274/4264530/2021_BYU_Cougar_Invitational/400-Hurdles,TFRRS all_performances
"Folsom, Halley",BYU,Big 12,400H,2021,3,,,1:00.01,seconds,NCAA Division I West Preliminary Round,2021-05-26,,,,Outdoor,https://www.tfrrs.org/results/70371/4272769/NCAA_Division_I_West_Preliminary_Round/400-Hurdles,TFRRS all_performances
"Perry, Kayla",BYU,Big 12,400H,2021,2,,,1:00.36,seconds,NCAA Division I West Preliminary Round,2021-05-26,,,,Outdoor,https://www.tfrrs.org/results/70371/4272769/NCAA_Division_I_West_Preliminary_Round/400-Hurdles,TFRRS all_performances
"Garcia, Briana",Baylor,Big 12,400H,2021,2,,,1:02.19,seconds,UTSA Invitational,2021-03-18,,,,Outdoor,https://www.tfrrs.org/results/67927/4130707/UTSA_Invitational/400-Hurdles,TFRRS all_performances
"Garcia, Briana",Baylor,Big 12,400H,2021,2,,,1:03.32,seconds,Big 12 Championships,2021-05-14,,,,Outdoor,https://www.tfrrs.org/results/70288/4266335/Big_12_Championships/400-Hurdles,TFRRS all_performances
"Barnes, Bria",Iowa State,Big 12,400H,2021,1,,,1:05.83,seconds,Pepsi Florida Relays,2021-04-02,,,,Outdoor,https://www.tfrrs.org/results/68395/4166907/Pepsi_Florida_Relays/400-Hurdles,TFRRS all_performances
"Hall, Kaylyn",Iowa State,Big 12,400H,2021,3,,,1:03.02,seconds,Pepsi Florida Relays,2021-04-02,,,,Outdoor,https://www.tfrrs.org/results/68395/4166907/Pepsi_Florida_Relays/400-Hurdles,TFRRS all_performances
"Barnes, Bria",Iowa State,Big 12,400H,2021,1,,,1:03.97,seconds,Michael Johnson Invitational,2021-04-16,,,,Outdoor,https://www.tfrrs.org/results/68122/4209479/Michael_Johnson_Invitational/400-Hurdles,TFRRS all_performances
"Hall, Kaylyn",Iowa State,Big 12,400H,2021,3,,,1:03.67,seconds,Michael Johnson Invitational,2021-04-16,,,,Outdoor,https://www.tfrrs.org/results/68122/4209479/Michael_Johnson_Invitational/400-Hurdles,TFRRS all_performances
"Barnes, Bria",Iowa State,Big 12,400H,2021,1,,,1:01.08,seconds,Rock Chalk Classic,2021-04-30,,,,Outdoor,https://www.tfrrs.org/results/70035/4241824/Rock_Chalk_Classic/400-Hurdles,TFRRS all_performances
"Hall, Kaylyn",Iowa State,Big 12,400H,2021,3,,,1:05.35,seconds,Rock Chalk Classic,2021-04-30,,,,Outdoor,https://www.tfrrs.org/results/70035/4241824/Rock_Chalk_Classic/400-Hurdles,TFRRS all_performances
"Barnes, Bria",Iowa State,Big 12,400H,2021,1,,,1:04.54,seconds,Big 12 Championships,2021-05-14,,,,Outdoor,https://www.tfrrs.org/results/70288/4266335/Big_12_Championships/400-Hurdles,TFRRS all_performances
"Hall, Kaylyn",Iowa State,Big 12,400H,2021,3,,,1:13.58,seconds,Big 12 Championships,2021-05-14,,,,Outdoor,https://www.tfrrs.org/results/70288/4266335/Big_12_Championships/400-Hurdles,TFRRS all_performances
"Price, Lexye",Texas Tech,Big 12,400H,2021,2,,,59.98,seconds,Wes Kittley Invitational & Multi,2021-03-18,,,,Outdoor,https://www.tfrrs.org/results/66563/4130150/Wes_Kittley_Invitational__Multi/400-Hurdles,TFRRS all_performances
"Price, Lexye",Texas Tech,Big 12,400H,2021,2,,,58.05,seconds,93rd Clyde Littlefield Texas Relays,2021-03-25,,,,Outdoor,https://www.tfrrs.org/results/67755/4149947/93rd_Clyde_Littlefield_Texas_Relays/400-Hurdles,TFRRS all_performances
"Price, Lexye",Texas Tech,Big 12,400H,2021,2,,,58.58,seconds,93rd Clyde Littlefield Texas Relays,2021-03-25,,,,Outdoor,https://www.tfrrs.org/results/67755/4149947/93rd_Clyde_Littlefield_Texas_Relays/400-Hurdles,TFRRS all_performances
"Price, Lexye",Texas Tech,Big 12,400H,2021,2,,,58.74,seconds,Masked Rider Open,2021-04-09,,,,Outdoor,https://www.tfrrs.org/results/69306/4187171/Masked_Rider_Open/400-Hurdles,TFRRS all_performances
"Schulz, Sylvia",Texas Tech,Big 12,400H,2021,1,,,59.26,seconds,Masked Rider Open,2021-04-09,,,,Outdoor,https://www.tfrrs.org/results/69306/4187171/Masked_Rider_Open/400-Hurdles,TFRRS all_performances
"Price, Lexye",Texas Tech,Big 12,400H,2021,2,,,1:00.24,seconds,Michael Johnson Invitational,2021-04-16,,,,Outdoor,https://www.tfrrs.org/results/68122/4209479/Michael_Johnson_Invitational/400-Hurdles,TFRRS all_performances
"Schulz, Sylvia",Texas Tech,Big 12,400H,2021,1,,,59.60,seconds,Michael Johnson Invitational,2021-04-16,,,,Outdoor,https://www.tfrrs.org/results/68122/4209479/Michael_Johnson_Invitational/400-Hurdles,TFRRS all_performances
"Price, Lexye",Texas Tech,Big 12,400H,2021,2,,,57.41,seconds,Corky/Crofoot Shootout,2021-04-30,,,,Outdoor,https://www.tfrrs.org/results/70044/4244093/Corky_Crofoot_Shootout/400-Hurdles,TFRRS all_performances
"Schulz, Sylvia",Texas Tech,Big 12,400H,2021,1,,,58.98,seconds,Corky/Crofoot Shootout,2021-04-30,,,,Outdoor,https://www.tfrrs.org/results/70044/4244093/Corky_Crofoot_Shootout/400-Hurdles,TFRRS all_performances
"Watkins, Simone",Texas Tech,Big 12,400H,2021,1,,,1:04.10,seconds,Corky/Crofoot Shootout,2021-04-30,,,,Outdoor,https://www.tfrrs.org/results/70044/4244093/Corky_Crofoot_Shootout/400-Hurdles,TFRRS all_performances
"Price, Lexye",Texas Tech,Big 12,400H,2021,2,,,58.92,seconds,Big 12 Championships,2021-05-14,,,,Outdoor,https://www.tfrrs.org/results/70288/4266335/Big_12_Championships/400-Hurdles,TFRRS all_performances
"Price, Lexye",Texas Tech,Big 12,400H,2021,2,,,59.09,seconds,Big 12 Championships,2021-05-14,,,,Outdoor,https://www.tfrrs.org/results/70288/4266335/Big_12_Championships/400-Hurdles,TFRRS all_performances
"Schulz, Sylvia",Texas Tech,Big 12,400H,2021,1,,,1:00.06,seconds,Big 12 Championships,2021-05-14,,,,Outdoor,https://www.tfrrs.org/results/70288/4266335/Big_12_Championships/400-Hurdles,TFRRS all_performances
"Schulz, Sylvia",Texas Tech,Big 12,400H,2021,1,,,59.53,seconds,Big 12 Championships,2021-05-14,,,,Outdoor,https://www.tfrrs.org/results/70288/4266335/Big_12_Championships/400-Hurdles,TFRRS all_performances
"Watkins, Simone",Texas Tech,Big 12,400H,2021,1,,,1:01.87,seconds,Big 12 Championships,2021-05-14,,,,Outdoor,https://www.tfrrs.org/results/70288/4266335/Big_12_Championships/400-Hurdles,TFRRS all_performances
"Watkins, Simone",Texas Tech,Big 12,400H,2021,1,,,59.65,seconds,Big 12 Championships,2021-05-14,,,,Outdoor,https://www.tfrrs.org/results/70288/4266335/Big_12_Championships/400-Hurdles,TFRRS all_performances
"Price, Lexye",Texas Tech,Big 12,400H,2021,2,,,58.37,seconds,NCAA Division I West Preliminary Round,2021-05-26,,,,Outdoor,https://www.tfrrs.org/results/70371/4272769/NCAA_Division_I_West_Preliminary_Round/400-Hurdles,TFRRS all_performances
"Price, Lexye",Texas Tech,Big 12,400H,2021,2,,,58.80,seconds,NCAA Division I West Preliminary Round,2021-05-26,,,,Outdoor,https://www.tfrrs.org/results/70371/4272769/NCAA_Division_I_West_Preliminary_Round/400-Hurdles,TFRRS all_performances
"Watkins, Simone",Texas Tech,Big 12,400H,2021,1,,,1:01.08,seconds,NCAA Division I West Preliminary Round,2021-05-26,,,,Outdoor,https://www.tfrrs.org/results/70371/4272769/NCAA_Division_I_West_Preliminary_Round/400-Hurdles,TFRRS all_performances
"Aduma, Amira",Illinois,Big Ten,400H,2021,3,,,1:13.13,seconds,Big Ten Invite #1,2021-03-26,,,,Outdoor,https://www.tfrrs.org/results/67820/4148913/Big_Ten_Invite_1/400-Hurdles,TFRRS all_performances
"Aduma, Amira",Illinois,Big Ten,400H,2021,3,,,1:00.27,seconds,Big Ten Invite #2,2021-04-09,,,,Outdoor,https://www.tfrrs.org/results/67821/4183510/Big_Ten_Invite_2/400-Hurdles,TFRRS all_performances
"Franklin, Jessica",Illinois,Big Ten,400H,2021,1,,,59.35,seconds,Big Ten Invite #2,2021-04-09,,,,Outdoor,https://www.tfrrs.org/results/67821/4183510/Big_Ten_Invite_2/400-Hurdles,TFRRS all_performances
"Aduma, Amira",Illinois,Big Ten,400H,2021,3,,,1:02.17,seconds,Husker Big 10 Invite,2021-04-16,,,,Outdoor,https://www.tfrrs.org/results/68125/4208825/Husker_Big_10_Invite/400-Hurdles,TFRRS all_performances
"Franklin, Jessica",Illinois,Big Ten,400H,2021,1,,,1:00.38,seconds,Husker Big 10 Invite,2021-04-16,,,,Outdoor,https://www.tfrrs.org/results/68125/4208825/Husker_Big_10_Invite/400-Hurdles,TFRRS all_performances
"Franklin, Jessica",Illinois,Big Ten,400H,2021,1,,,58.99,seconds,Fighting Illini Big Ten Relays,2021-04-23,,,,Outdoor,https://www.tfrrs.org/results/69823/4225369/Fighting_Illini_Big_Ten_Relays/400-Hurdles,TFRRS all_performances
"Franklin, Jessica",Illinois,Big Ten,400H,2021,1,,,1:00.00,seconds,Big Ten Outdoor Track & Field Championships,2021-05-14,,,,Outdoor,https://www.tfrrs.org/results/70289/4266580/Big_Ten_Outdoor_Track__Field_Championships/400-Hurdles,TFRRS all_performances
"Franklin, Jessica",Illinois,Big Ten,400H,2021,1,,,1:00.75,seconds,Big Ten Outdoor Track & Field Championships,2021-05-14,,,,Outdoor,https://www.tfrrs.org/results/70289/4266580/Big_Ten_Outdoor_Track__Field_Championships/400-Hurdles,TFRRS all_performances
"Franklin, Jessica",Illinois,Big Ten,400H,2021,1,,,1:03.06,seconds,NCAA Division I West Preliminary Round,2021-05-26,,,,Outdoor,https://www.tfrrs.org/results/70371/4272769/NCAA_Division_I_West_Preliminary_Round/400-Hurdles,TFRRS all_performances
"Moore, Karlie",Nebraska,Big Ten,400H,2021,2,,,1:06.31,seconds,2021 B1G North Florida Invitational,2021-04-02,,,,Outdoor,https://www.tfrrs.org/results/68310/4169321/2021_B1G_North_Florida_Invitational_/400-Hurdles,TFRRS all_performances
"Webster, Alexa",Oregon,Big Ten,400H,2021,1,,,1:02.65,seconds,42nd Aztec Invitational,2021-03-25,,,,Outdoor,https://www.tfrrs.org/results/67907/4150121/42nd_Aztec_Invitational/400-Hurdles,TFRRS all_performances
"Webster, Alexa",Oregon,Big Ten,400H,2021,1,,,1:00.79,seconds,Pac-12 Track & Field Championships,2021-05-14,,,,Outdoor,https://www.tfrrs.org/results/69474/4267110/Pac-12_Track__Field_Championships/400-Hurdles,TFRRS all_performances
"Webster, Alexa",Oregon,Big Ten,400H,2021,1,,,59.57,seconds,Pac-12 Track & Field Championships,2021-05-14,,,,Outdoor,https://www.tfrrs.org/results/69474/4267110/Pac-12_Track__Field_Championships/400-Hurdles,TFRRS all_performances
"Webster, Alexa",Oregon,Big Ten,400H,2021,1,,,59.39,seconds,NCAA Division I West Preliminary Round,2021-05-26,,,,Outdoor,https://www.tfrrs.org/results/70371/4272769/NCAA_Division_I_West_Preliminary_Round/400-Hurdles,TFRRS all_performances
"Webster, Alexa",Oregon,Big Ten,400H,2021,1,,,59.57,seconds,NCAA Division I West Preliminary Round,2021-05-26,,,,Outdoor,https://www.tfrrs.org/results/70371/4272769/NCAA_Division_I_West_Preliminary_Round/400-Hurdles,TFRRS all_performances
"Bernard-Joseph, Breanna",USC,Big Ten,400H,2021,3,,,59.49,seconds,USC Trojan Invitational,2021-03-19,,,,Outdoor,https://www.tfrrs.org/results/68443/4129411/USC_Trojan_Invitational/400-Hurdles,TFRRS all_performances
"Bernard-Joseph, Breanna",USC,Big Ten,400H,2021,3,,,1:01.09,seconds,42nd Aztec Invitational,2021-03-25,,,,Outdoor,https://www.tfrrs.org/results/67907/4150121/42nd_Aztec_Invitational/400-Hurdles,TFRRS all_performances
"Bernard-Joseph, Breanna",USC,Big Ten,400H,2021,3,,,1:00.03,seconds,Pepsi Florida Relays,2021-04-02,,,,Outdoor,https://www.tfrrs.org/results/68395/4166907/Pepsi_Florida_Relays/400-Hurdles,TFRRS all_performances
"Cockrell, Anna",USC,Big Ten,400H,2021,4,,,55.65,seconds,Pepsi Florida Relays,2021-04-02,,,,Outdoor,https://www.tfrrs.org/results/68395/4166907/Pepsi_Florida_Relays/400-Hurdles,TFRRS all_performances
"Bernard-Joseph, Breanna",USC,Big Ten,400H,2021,3,,,59.49,seconds,CAL vs USC Dual,2021-04-10,,,,Outdoor,https://www.tfrrs.org/results/67470/4187036/CAL_vs_USC_Dual_/400-Hurdles,TFRRS all_performances
"Bernard-Joseph, Breanna",USC,Big Ten,400H,2021,3,,,57.93,seconds,UCLA v. USC Dual Meet,2021-05-02,,,,Outdoor,https://www.tfrrs.org/results/68254/4245989/UCLA_v_USC_Dual_Meet/400-Hurdles,TFRRS all_performances
"Cockrell, Anna",USC,Big Ten,400H,2021,4,,,55.59,seconds,UCLA v. USC Dual Meet,2021-05-02,,,,Outdoor,https://www.tfrrs.org/results/68254/4245989/UCLA_v_USC_Dual_Meet/400-Hurdles,TFRRS all_performances
"Bernard-Joseph, Breanna",USC,Big Ten,400H,2021,3,,,58.29,seconds,Pac-12 Track & Field Championships,2021-05-14,,,,Outdoor,https://www.tfrrs.org/results/69474/4267110/Pac-12_Track__Field_Championships/400-Hurdles,TFRRS all_performances
"Bernard-Joseph, Breanna",USC,Big Ten,400H,2021,3,,,58.80,seconds,Pac-12 Track & Field Championships,2021-05-14,,,,Outdoor,https://www.tfrrs.org/results/69474/4267110/Pac-12_Track__Field_Championships/400-Hurdles,TFRRS all_performances
"Cockrell, Anna",USC,Big Ten,400H,2021,4,,,54.77,seconds,Pac-12 Track & Field Championships,2021-05-14,,,,Outdoor,https://www.tfrrs.org/results/69474/4267110/Pac-12_Track__Field_Championships/400-Hurdles,TFRRS all_performances
"Cockrell, Anna",USC,Big Ten,400H,2021,4,,,56.87,seconds,Pac-12 Track & Field Championships,2021-05-14,,,,Outdoor,https://www.tfrrs.org/results/69474/4267110/Pac-12_Track__Field_Championships/400-Hurdles,TFRRS all_performances
"Bernard-Joseph, Breanna",USC,Big Ten,400H,2021,3,,,57.44,seconds,NCAA Division I West Preliminary Round,2021-05-26,,,,Outdoor,https://www.tfrrs.org/results/70371/4272769/NCAA_Division_I_West_Preliminary_Round/400-Hurdles,TFRRS all_performances
"Bernard-Joseph, Breanna",USC,Big Ten,400H,2021,3,,,59.38,seconds,NCAA Division I West Preliminary Round,2021-05-26,,,,Outdoor,https://www.tfrrs.org/results/70371/4272769/NCAA_Division_I_West_Preliminary_Round/400-Hurdles,TFRRS all_performances
"Cockrell, Anna",USC,Big Ten,400H,2021,4,,,56.47,seconds,NCAA Division I West Preliminary Round,2021-05-26,,,,Outdoor,https://www.tfrrs.org/results/70371/4272769/NCAA_Division_I_West_Preliminary_Round/400-Hurdles,TFRRS all_performances
"Cockrell, Anna",USC,Big Ten,400H,2021,4,,,58.05,seconds,NCAA Division I West Preliminary Round,2021-05-26,,,,Outdoor,https://www.tfrrs.org/results/70371/4272769/NCAA_Division_I_West_Preliminary_Round/400-Hurdles,TFRRS all_performances
"Bernard-Joseph, Breanna",USC,Big Ten,400H,2021,3,,,1:00.27,seconds,NCAA Division I Track & Field Championships,2021-06-09,,,,Outdoor,https://www.tfrrs.org/results/70445/4276111/NCAA_Division_I_Track__Field_Championships/400-Hurdles,TFRRS all_performances
"Cockrell, Anna",USC,Big Ten,400H,2021,4,,,54.68,seconds,NCAA Division I Track & Field Championships,2021-06-09,,,,Outdoor,https://www.tfrrs.org/results/70445/4276111/NCAA_Division_I_Track__Field_Championships/400-Hurdles,TFRRS all_performances
"Cockrell, Anna",USC,Big Ten,400H,2021,4,,,56.12,seconds,NCAA Division I Track & Field Championships,2021-06-09,,,,Outdoor,https://www.tfrrs.org/results/70445/4276111/NCAA_Division_I_Track__Field_Championships/400-Hurdles,TFRRS all_performances
"Mills, Darhian",Washington,Big Ten,400H,2021,4,,,1:00.60,seconds,5th Annual Doris Heritage Track Festival,2021-03-20,,,,Outdoor,https://www.tfrrs.org/results/67538/4130827/5th_Annual_Doris_Heritage_Track_Festival/400-Hurdles,TFRRS all_performances
"Mills, Darhian",Washington,Big Ten,400H,2021,4,,,1:07.41,seconds,Stanford Invitational,2021-04-02,,,,Outdoor,https://www.tfrrs.org/results/68221/4169796/Stanford_Invitational/400-Hurdles,TFRRS all_performances
"Mills, Darhian",Washington,Big Ten,400H,2021,4,,,58.65,seconds,2021 Jim Click Shootout,2021-04-10,,,,Outdoor,https://www.tfrrs.org/results/68576/4188094/2021_Jim_Click_Shootout/400-Hurdles,TFRRS all_performances
"Mills, Darhian",Washington,Big Ten,400H,2021,4,,,59.01,seconds,UW v. WSU Dual,2021-04-21,,,,Outdoor,https://www.tfrrs.org/results/69230/4217549/UW_v_WSU_Dual_/400-Hurdles,TFRRS all_performances
"Mills, Darhian",Washington,Big Ten,400H,2021,4,,,58.82,seconds,West Coast Relays,2021-04-30,,,,Outdoor,https://www.tfrrs.org/results/68481/4247358/West_Coast_Relays/400-Hurdles,TFRRS all_performances
"Mills, Darhian",Washington,Big Ten,400H,2021,4,,,58.82,seconds,Fresno St. West Coast Relays,2021-04-30,,,,Outdoor,https://www.tfrrs.org/results/70021/4240349/Fresno_St_West_Coast_Relays/400-Hurdles,TFRRS all_performances
"Mills, Darhian",Washington,Big Ten,400H,2021,4,,,1:00.91,seconds,Pac-12 Track & Field Championships,2021-05-14,,,,Outdoor,https://www.tfrrs.org/results/69474/4267110/Pac-12_Track__Field_Championships/400-Hurdles,TFRRS all_performances
"Mills, Darhian",Washington,Big Ten,400H,2021,4,,,58.20,seconds,NCAA Division I West Preliminary Round,2021-05-26,,,,Outdoor,https://www.tfrrs.org/results/70371/4272769/NCAA_Division_I_West_Preliminary_Round/400-Hurdles,TFRRS all_performances
"Mills, Darhian",Washington,Big Ten,400H,2021,4,,,59.29,seconds,NCAA Division I West Preliminary Round,2021-05-26,,,,Outdoor,https://www.tfrrs.org/results/70371/4272769/NCAA_Division_I_West_Preliminary_Round/400-Hurdles,TFRRS all_performances
"Mills, Darhian",Washington,Big Ten,400H,2021,4,,,1:02.30,seconds,NCAA Division I Track & Field Championships,2021-06-09,,,,Outdoor,https://www.tfrrs.org/results/70445/4276111/NCAA_Division_I_Track__Field_Championships/400-Hurdles,TFRRS all_performances
"Duben, Lea",Alabama,SEC,400H,2021,1,,,1:03.73,seconds,Auburn Tiger Track Classic 2021,2021-03-19,,,,Outdoor,https://www.tfrrs.org/results/66282/4129146/Auburn_Tiger_Track_Classic_2021/400-Hurdles,TFRRS all_performances
"Milani, Sydney",Alabama,SEC,400H,2021,2,,,1:00.70,seconds,Auburn Tiger Track Classic 2021,2021-03-19,,,,Outdoor,https://www.tfrrs.org/results/66282/4129146/Auburn_Tiger_Track_Classic_2021/400-Hurdles,TFRRS all_performances
"Milani, Sydney",Alabama,SEC,400H,2021,2,,,1:00.94,seconds,2021 Al Schmidt Bulldog Relays,2021-03-26,,,,Outdoor,https://www.tfrrs.org/results/67504/4151476/2021_Al_Schmidt_Bulldog_Relays/400-Hurdles,TFRRS all_performances
"Duben, Lea",Alabama,SEC,400H,2021,1,,,1:04.15,seconds,Pepsi Florida Relays,2021-04-02,,,,Outdoor,https://www.tfrrs.org/results/68395/4166907/Pepsi_Florida_Relays/400-Hurdles,TFRRS all_performances
"Milani, Sydney",Alabama,SEC,400H,2021,2,,,1:03.02,seconds,Pepsi Florida Relays,2021-04-02,,,,Outdoor,https://www.tfrrs.org/results/68395/4166907/Pepsi_Florida_Relays/400-Hurdles,TFRRS all_performances
"Duben, Lea",Alabama,SEC,400H,2021,1,,,1:03.18,seconds,Crimson Tide Invitational,2021-04-08,,,,Outdoor,https://www.tfrrs.org/results/69271/4187912/Crimson_Tide_Invitational/400-Hurdles,TFRRS all_performances
"Milani, Sydney",Alabama,SEC,400H,2021,2,,,1:00.96,seconds,Crimson Tide Invitational,2021-04-08,,,,Outdoor,https://www.tfrrs.org/results/69271/4187912/Crimson_Tide_Invitational/400-Hurdles,TFRRS all_performances
"Milani, Sydney",Alabama,SEC,400H,2021,2,,,1:00.37,seconds,LSU Alumni Gold,2021-04-23,,,,Outdoor,https://www.tfrrs.org/results/69204/4225228/LSU_Alumni_Gold/400-Hurdles,TFRRS all_performances
"Milani, Sydney",Alabama,SEC,400H,2021,2,,,1:00.05,seconds,LSU Invitational,2021-05-01,,,,Outdoor,https://www.tfrrs.org/results/68974/4241560/LSU_Invitational/400-Hurdles,TFRRS all_performances
"Milani, Sydney",Alabama,SEC,400H,2021,2,,,1:00.70,seconds,SEC Outdoor Track & Field Championships,2021-05-13,,,,Outdoor,https://www.tfrrs.org/results/70259/4262315/SEC_Outdoor_Track__Field_Championships/400-Hurdles,TFRRS all_performances
"Milani, Sydney",Alabama,SEC,400H,2021,2,,,1:00.61,seconds,NCAA Division I East Preliminary Round,2021-05-26,,,,Outdoor,https://www.tfrrs.org/results/70390/4273617/NCAA_Division_I_East_Preliminary_Round/400-Hurdles,TFRRS all_performances
"Zoller, Chelsea",Georgia,SEC,400H,2021,3,,,1:00.05,seconds,FSU Relays,2021-03-25,,,,Outdoor,https://www.tfrrs.org/results/68747/4145911/FSU_Relays/400-Hurdles,TFRRS all_performances
"Zoller, Chelsea",Georgia,SEC,400H,2021,3,,,1:08.06,seconds,Spec Towns Invitational,2021-04-09,,,,Outdoor,https://www.tfrrs.org/results/69294/4185829/Spec_Towns_Invitational/400-Hurdles,TFRRS all_performances
"Zoller, Chelsea",Georgia,SEC,400H,2021,3,,,1:02.11,seconds,UF Tom Jones Invitational,2021-04-16,,,,Outdoor,https://www.tfrrs.org/results/68975/4206589/UF_Tom_Jones_Invitational/400-Hurdles,TFRRS all_performances
"Zoller, Chelsea",Georgia,SEC,400H,2021,3,,,58.89,seconds,Torrin Lawrence Memorial,2021-04-30,,,,Outdoor,https://www.tfrrs.org/results/70029/4240873/Torrin_Lawrence_Memorial/400-Hurdles,TFRRS all_performances
"Zoller, Chelsea",Georgia,SEC,400H,2021,3,,,1:00.02,seconds,SEC Outdoor Track & Field Championships,2021-05-13,,,,Outdoor,https://www.tfrrs.org/results/70259/4262315/SEC_Outdoor_Track__Field_Championships/400-Hurdles,TFRRS all_performances
"Zoller, Chelsea",Georgia,SEC,400H,2021,3,,,59.29,seconds,NCAA Division I East Preliminary Round,2021-05-26,,,,Outdoor,https://www.tfrrs.org/results/70390/4273617/NCAA_Division_I_East_Preliminary_Round/400-Hurdles,TFRRS all_performances
"Ross, Faith",Kentucky,SEC,400H,2021,4,,,59.66,seconds,Weems Baskin Relays,2021-03-26,,,,Outdoor,https://www.tfrrs.org/results/67496/4148960/Weems_Baskin_Relays/400-Hurdles,TFRRS all_performances
"Russell, Masai",Kentucky,SEC,400H,2021,2,,,59.84,seconds,Weems Baskin Relays,2021-03-26,,,,Outdoor,https://www.tfrrs.org/results/67496/4148960/Weems_Baskin_Relays/400-Hurdles,TFRRS all_performances
"Ross, Faith",Kentucky,SEC,400H,2021,4,,,57.80,seconds,Pepsi Florida Relays,2021-04-02,,,,Outdoor,https://www.tfrrs.org/results/68395/4166907/Pepsi_Florida_Relays/400-Hurdles,TFRRS all_performances
"Russell, Masai",Kentucky,SEC,400H,2021,2,,,57.55,seconds,Pepsi Florida Relays,2021-04-02,,,,Outdoor,https://www.tfrrs.org/results/68395/4166907/Pepsi_Florida_Relays/400-Hurdles,TFRRS all_performances
"Ross, Faith",Kentucky,SEC,400H,2021,4,,,59.14,seconds,UF Tom Jones Invitational,2021-04-16,,,,Outdoor,https://www.tfrrs.org/results/68975/4206589/UF_Tom_Jones_Invitational/400-Hurdles,TFRRS all_performances
"Russell, Masai",Kentucky,SEC,400H,2021,2,,,58.73,seconds,UF Tom Jones Invitational,2021-04-16,,,,Outdoor,https://www.tfrrs.org/results/68975/4206589/UF_Tom_Jones_Invitational/400-Hurdles,TFRRS all_performances
"Ross, Faith",Kentucky,SEC,400H,2021,4,,,57.55,seconds,2021 Kentucky Invtational,2021-04-30,,,,Outdoor,https://www.tfrrs.org/results/66857/4241520/2021_Kentucky_Invtational/400-Hurdles,TFRRS all_performances
"Russell, Masai",Kentucky,SEC,400H,2021,2,,,57.46,seconds,2021 Kentucky Invtational,2021-04-30,,,,Outdoor,https://www.tfrrs.org/results/66857/4241520/2021_Kentucky_Invtational/400-Hurdles,TFRRS all_performances
"Ross, Faith",Kentucky,SEC,400H,2021,4,,,57.49,seconds,SEC Outdoor Track & Field Championships,2021-05-13,,,,Outdoor,https://www.tfrrs.org/results/70259/4262315/SEC_Outdoor_Track__Field_Championships/400-Hurdles,TFRRS all_performances
"Ross, Faith",Kentucky,SEC,400H,2021,4,,,58.22,seconds,SEC Outdoor Track & Field Championships,2021-05-13,,,,Outdoor,https://www.tfrrs.org/results/70259/4262315/SEC_Outdoor_Track__Field_Championships/400-Hurdles,TFRRS all_performances
"Russell, Masai",Kentucky,SEC,400H,2021,2,,,56.75,seconds,SEC Outdoor Track & Field Championships,2021-05-13,,,,Outdoor,https://www.tfrrs.org/results/70259/4262315/SEC_Outdoor_Track__Field_Championships/400-Hurdles,TFRRS all_performances
"Russell, Masai",Kentucky,SEC,400H,2021,2,,,57.42,seconds,SEC Outdoor Track & Field Championships,2021-05-13,,,,Outdoor,https://www.tfrrs.org/results/70259/4262315/SEC_Outdoor_Track__Field_Championships/400-Hurdles,TFRRS all_performances
"Ross, Faith",Kentucky,SEC,400H,2021,4,,,57.52,seconds,NCAA Division I East Preliminary Round,2021-05-26,,,,Outdoor,https://www.tfrrs.org/results/70390/4273617/NCAA_Division_I_East_Preliminary_Round/400-Hurdles,TFRRS all_performances
"Ross, Faith",Kentucky,SEC,400H,2021,4,,,58.43,seconds,NCAA Division I East Preliminary Round,2021-05-26,,,,Outdoor,https://www.tfrrs.org/results/70390/4273617/NCAA_Division_I_East_Preliminary_Round/400-Hurdles,TFRRS all_performances
"Russell, Masai",Kentucky,SEC,400H,2021,2,,,57.25,seconds,NCAA Division I East Preliminary Round,2021-05-26,,,,Outdoor,https://www.tfrrs.org/results/70390/4273617/NCAA_Division_I_East_Preliminary_Round/400-Hurdles,TFRRS all_performances
"Russell, Masai",Kentucky,SEC,400H,2021,2,,,58.55,seconds,NCAA Division I East Preliminary Round,2021-05-26,,,,Outdoor,https://www.tfrrs.org/results/70390/4273617/NCAA_Division_I_East_Preliminary_Round/400-Hurdles,TFRRS all_performances
"Ross, Faith",Kentucky,SEC,400H,2021,4,,,56.49,seconds,NCAA Division I Track & Field Championships,2021-06-09,,,,Outdoor,https://www.tfrrs.org/results/70445/4276111/NCAA_Division_I_Track__Field_Championships/400-Hurdles,TFRRS all_performances
"Ross, Faith",Kentucky,SEC,400H,2021,4,,,56.68,seconds,NCAA Division I Track & Field Championships,2021-06-09,,,,Outdoor,https://www.tfrrs.org/results/70445/4276111/NCAA_Division_I_Track__Field_Championships/400-Hurdles,TFRRS all_performances
"Russell, Masai",Kentucky,SEC,400H,2021,2,,,56.18,seconds,NCAA Division I Track & Field Championships,2021-06-09,,,,Outdoor,https://www.tfrrs.org/results/70445/4276111/NCAA_Division_I_Track__Field_Championships/400-Hurdles,TFRRS all_performances
"Russell, Masai",Kentucky,SEC,400H,2021,2,,,57.06,seconds,NCAA Division I Track & Field Championships,2021-06-09,,,,Outdoor,https://www.tfrrs.org/results/70445/4276111/NCAA_Division_I_Track__Field_Championships/400-Hurdles,TFRRS all_performances
"Young, De'Andreah",South Carolina,SEC,400H,2021,3,,,1:00.04,seconds,Auburn Tiger Track Classic 2021,2021-03-19,,,,Outdoor,https://www.tfrrs.org/results/66282/4129146/Auburn_Tiger_Track_Classic_2021/400-Hurdles,TFRRS all_performances
"Glenn, Rachel",South Carolina,SEC,400H,2021,1,,,58.61,seconds,Weems Baskin Relays,2021-03-26,,,,Outdoor,https://www.tfrrs.org/results/67496/4148960/Weems_Baskin_Relays/400-Hurdles,TFRRS all_performances
"Lindley, Ashton",South Carolina,SEC,400H,2021,1,,,57.42,seconds,Weems Baskin Relays,2021-03-26,,,,Outdoor,https://www.tfrrs.org/results/67496/4148960/Weems_Baskin_Relays/400-Hurdles,TFRRS all_performances
"Young, De'Andreah",South Carolina,SEC,400H,2021,3,,,59.26,seconds,Weems Baskin Relays,2021-03-26,,,,Outdoor,https://www.tfrrs.org/results/67496/4148960/Weems_Baskin_Relays/400-Hurdles,TFRRS all_performances
"Glenn, Rachel",South Carolina,SEC,400H,2021,1,,,58.30,seconds,Pepsi Florida Relays,2021-04-02,,,,Outdoor,https://www.tfrrs.org/results/68395/4166907/Pepsi_Florida_Relays/400-Hurdles,TFRRS all_performances
"Lindley, Ashton",South Carolina,SEC,400H,2021,1,,,57.68,seconds,Pepsi Florida Relays,2021-04-02,,,,Outdoor,https://www.tfrrs.org/results/68395/4166907/Pepsi_Florida_Relays/400-Hurdles,TFRRS all_performances
"Young, De'Andreah",South Carolina,SEC,400H,2021,3,,,1:00.14,seconds,Pepsi Florida Relays,2021-04-02,,,,Outdoor,https://www.tfrrs.org/results/68395/4166907/Pepsi_Florida_Relays/400-Hurdles,TFRRS all_performances
"Glenn, Rachel",South Carolina,SEC,400H,2021,1,,,58.53,seconds,Gamecock Invitational,2021-04-10,,,,Outdoor,https://www.tfrrs.org/results/67497/4185599/Gamecock_Invitational_/400-Hurdles,TFRRS all_performances
"Lindley, Ashton",South Carolina,SEC,400H,2021,1,,,57.53,seconds,Gamecock Invitational,2021-04-10,,,,Outdoor,https://www.tfrrs.org/results/67497/4185599/Gamecock_Invitational_/400-Hurdles,TFRRS all_performances
"Young, De'Andreah",South Carolina,SEC,400H,2021,3,,,59.16,seconds,Gamecock Invitational,2021-04-10,,,,Outdoor,https://www.tfrrs.org/results/67497/4185599/Gamecock_Invitational_/400-Hurdles,TFRRS all_performances
"Lindley, Ashton",South Carolina,SEC,400H,2021,1,,,57.35,seconds,USC Open,2021-04-17,,,,Outdoor,https://www.tfrrs.org/results/67499/4207827/USC_Open/400-Hurdles,TFRRS all_performances
"Young, De'Andreah",South Carolina,SEC,400H,2021,3,,,58.21,seconds,USC Open,2021-04-17,,,,Outdoor,https://www.tfrrs.org/results/67499/4207827/USC_Open/400-Hurdles,TFRRS all_performances
"Glenn, Rachel",South Carolina,SEC,400H,2021,1,,,59.10,seconds,North Florida Invite,2021-04-29,,,,Outdoor,https://www.tfrrs.org/results/66066/4238761/North_Florida_Invite/400-Hurdles,TFRRS all_performances
"Lindley, Ashton",South Carolina,SEC,400H,2021,1,,,58.45,seconds,North Florida Invite,2021-04-29,,,,Outdoor,https://www.tfrrs.org/results/66066/4238761/North_Florida_Invite/400-Hurdles,TFRRS all_performances
"Young, De'Andreah",South Carolina,SEC,400H,2021,3,,,58.82,seconds,North Florida Invite,2021-04-29,,,,Outdoor,https://www.tfrrs.org/results/66066/4238761/North_Florida_Invite/400-Hurdles,TFRRS all_performances
"Lindley, Ashton",South Carolina,SEC,400H,2021,1,,,57.76,seconds,SEC Outdoor Track & Field Championships,2021-05-13,,,,Outdoor,https://www.tfrrs.org/results/70259/4262315/SEC_Outdoor_Track__Field_Championships/400-Hurdles,TFRRS all_performances
"Lindley, Ashton",South Carolina,SEC,400H,2021,1,,,58.23,seconds,SEC Outdoor Track & Field Championships,2021-05-13,,,,Outdoor,https://www.tfrrs.org/results/70259/4262315/SEC_Outdoor_Track__Field_Championships/400-Hurdles,TFRRS all_performances
"Young, De'Andreah",South Carolina,SEC,400H,2021,3,,,59.50,seconds,SEC Outdoor Track & Field Championships,2021-05-13,,,,Outdoor,https://www.tfrrs.org/results/70259/4262315/SEC_Outdoor_Track__Field_Championships/400-Hurdles,TFRRS all_performances
"Lindley, Ashton",South Carolina,SEC,400H,2021,1,,,57.52,seconds,NCAA Division I East Preliminary Round,2021-05-26,,,,Outdoor,https://www.tfrrs.org/results/70390/4273617/NCAA_Division_I_East_Preliminary_Round/400-Hurdles,TFRRS all_performances
"Lindley, Ashton",South Carolina,SEC,400H,2021,1,,,58.25,seconds,NCAA Division I East Preliminary Round,2021-05-26,,,,Outdoor,https://www.tfrrs.org/results/70390/4273617/NCAA_Division_I_East_Preliminary_Round/400-Hurdles,TFRRS all_performances
"Young, De'Andreah",South Carolina,SEC,400H,2021,3,,,57.45,seconds,NCAA Division I East Preliminary Round,2021-05-26,,,,Outdoor,https://www.tfrrs.org/results/70390/4273617/NCAA_Division_I_East_Preliminary_Round/400-Hurdles,TFRRS all_performances
"Young, De'Andreah",South Carolina,SEC,400H,2021,3,,,57.49,seconds,NCAA Division I East Preliminary Round,2021-05-26,,,,Outdoor,https://www.tfrrs.org/results/70390/4273617/NCAA_Division_I_East_Preliminary_Round/400-Hurdles,TFRRS all_performances
"Lindley, Ashton",South Carolina,SEC,400H,2021,1,,,56.74,seconds,NCAA Division I Track & Field Championships,2021-06-09,,,,Outdoor,https://www.tfrrs.org/results/70445/4276111/NCAA_Division_I_Track__Field_Championships/400-Hurdles,TFRRS all_performances
"Lindley, Ashton",South Carolina,SEC,400H,2021,1,,,57.39,seconds,NCAA Division I Track & Field Championships,2021-06-09,,,,Outdoor,https://www.tfrrs.org/results/70445/4276111/NCAA_Division_I_Track__Field_Championships/400-Hurdles,TFRRS all_performances
"Young, De'Andreah",South Carolina,SEC,400H,2021,3,,,57.96,seconds,NCAA Division I Track & Field Championships,2021-06-09,,,,Outdoor,https://www.tfrrs.org/results/70445/4276111/NCAA_Division_I_Track__Field_Championships/400-Hurdles,TFRRS all_performances
"Carter, Kori",Clemson,ACC,400H,2022,3,,,1:01.18,s,Georgia Tech Yellow Jacket Invitational,2022-03-18,,,,Outdoor,https://www.tfrrs.org/results/73542/4425675/Georgia_Tech_Yellow_Jacket_Invitational/400-Hurdles,TFRRS all_performances
"Cooney, Olivia",Clemson,ACC,400H,2022,3,,,1:02.07,s,Georgia Tech Yellow Jacket Invitational,2022-03-18,,,,Outdoor,https://www.tfrrs.org/results/73542/4425675/Georgia_Tech_Yellow_Jacket_Invitational/400-Hurdles,TFRRS all_performances
"Osher, Mackenzie",Clemson,ACC,400H,2022,1,,,1:04.65,s,Georgia Tech Yellow Jacket Invitational,2022-03-18,,,,Outdoor,https://www.tfrrs.org/results/73542/4425675/Georgia_Tech_Yellow_Jacket_Invitational/400-Hurdles,TFRRS all_performances
"Osher, Mackenzie",Clemson,ACC,400H,2022,1,,,1:03.22,s,2022 94th Clyde Littlefield Texas Relays,2022-03-23,,,,Outdoor,https://www.tfrrs.org/results/72503/4440620/2022_94th_Clyde_Littlefield_Texas_Relays/400-Hurdles,TFRRS all_performances
"Carter, Kori",Clemson,ACC,400H,2022,3,,,1:02.84,s,Florida Relays,2022-03-31,,,,Outdoor,https://www.tfrrs.org/results/72948/4463928/Florida_Relays/400-Hurdles,TFRRS all_performances
"Cooney, Olivia",Clemson,ACC,400H,2022,3,,,1:02.40,s,Florida Relays,2022-03-31,,,,Outdoor,https://www.tfrrs.org/results/72948/4463928/Florida_Relays/400-Hurdles,TFRRS all_performances
"Foster, Nicolee",Clemson,ACC,400H,2022,4,,,1:01.26,s,Florida Relays,2022-03-31,,,,Outdoor,https://www.tfrrs.org/results/72948/4463928/Florida_Relays/400-Hurdles,TFRRS all_performances
"Osher, Mackenzie",Clemson,ACC,400H,2022,1,,,1:02.76,s,Florida Relays,2022-03-31,,,,Outdoor,https://www.tfrrs.org/results/72948/4463928/Florida_Relays/400-Hurdles,TFRRS all_performances
"Carter, Kori",Clemson,ACC,400H,2022,3,,,1:06.96,s,Tennessee Relays,2022-04-07,,,,Outdoor,https://www.tfrrs.org/results/73591/4482040/Tennessee_Relays/400-Hurdles,TFRRS all_performances
"Cooney, Olivia",Clemson,ACC,400H,2022,3,,,1:05.56,s,Tennessee Relays,2022-04-07,,,,Outdoor,https://www.tfrrs.org/results/73591/4482113/Tennessee_Relays/400-Hurdles,TFRRS all_performances
"Foster, Nicolee",Clemson,ACC,400H,2022,4,,,1:06.21,s,Tennessee Relays,2022-04-07,,,,Outdoor,https://www.tfrrs.org/results/73591/4482040/Tennessee_Relays/400-Hurdles,TFRRS all_performances
"Osher, Mackenzie",Clemson,ACC,400H,2022,1,,,1:05.08,s,Tennessee Relays,2022-04-07,,,,Outdoor,https://www.tfrrs.org/results/73591/4482113/Tennessee_Relays/400-Hurdles,TFRRS all_performances
"Carter, Kori",Clemson,ACC,400H,2022,3,,,1:01.44,s,UF Tom Jones Memorial,2022-04-15,,,,Outdoor,https://www.tfrrs.org/results/73497/4502555/UF_Tom_Jones_Memorial/400-Hurdles,TFRRS all_performances
"Cooney, Olivia",Clemson,ACC,400H,2022,3,,,1:02.80,s,UF Tom Jones Memorial,2022-04-15,,,,Outdoor,https://www.tfrrs.org/results/73497/4502555/UF_Tom_Jones_Memorial/400-Hurdles,TFRRS all_performances
"Foster, Nicolee",Clemson,ACC,400H,2022,4,,,1:00.35,s,UF Tom Jones Memorial,2022-04-15,,,,Outdoor,https://www.tfrrs.org/results/73497/4502555/UF_Tom_Jones_Memorial/400-Hurdles,TFRRS all_performances
"Osher, Mackenzie",Clemson,ACC,400H,2022,1,,,1:02.01,s,UF Tom Jones Memorial,2022-04-15,,,,Outdoor,https://www.tfrrs.org/results/73497/4502555/UF_Tom_Jones_Memorial/400-Hurdles,TFRRS all_performances
"Carter, Kori",Clemson,ACC,400H,2022,3,,,1:02.12,s,UofSC Open,2022-04-23,,,,Outdoor,https://www.tfrrs.org/results/73095/4518992/UofSC_Open/400-Hurdles,TFRRS all_performances
"Cooney, Olivia",Clemson,ACC,400H,2022,3,,,1:02.59,s,UofSC Open,2022-04-23,,,,Outdoor,https://www.tfrrs.org/results/73095/4518992/UofSC_Open/400-Hurdles,TFRRS all_performances
"Osher, Mackenzie",Clemson,ACC,400H,2022,1,,,1:02.92,s,UofSC Open,2022-04-23,,,,Outdoor,https://www.tfrrs.org/results/73095/4518992/UofSC_Open/400-Hurdles,TFRRS all_performances
"Carter, Kori",Clemson,ACC,400H,2022,3,,,1:02.18,s,Penn Relays,2022-04-28,,,,Outdoor,https://www.tfrrs.org/results/74986/4539225/Penn_Relays/400-Hurdles,TFRRS all_performances
"Cooney, Olivia",Clemson,ACC,400H,2022,3,,,1:07.14,s,Penn Relays,2022-04-28,,,,Outdoor,https://www.tfrrs.org/results/74986/4539225/Penn_Relays/400-Hurdles,TFRRS all_performances
"Foster, Nicolee",Clemson,ACC,400H,2022,4,,,1:01.94,s,Penn Relays,2022-04-28,,,,Outdoor,https://www.tfrrs.org/results/74986/4539225/Penn_Relays/400-Hurdles,TFRRS all_performances
"Osher, Mackenzie",Clemson,ACC,400H,2022,1,,,1:01.40,s,Penn Relays,2022-04-28,,,,Outdoor,https://www.tfrrs.org/results/74986/4539225/Penn_Relays/400-Hurdles,TFRRS all_performances
"Carter, Kori",Clemson,ACC,400H,2022,3,,,DQ,s,ACC Outdoor Track & Field Championships,2022-05-12,Prelim,,,Outdoor,https://tf.tfrrs.org/athletes/7490020/Clemson/Kori_Carter,legacy_source_needs_review
"Cooney, Olivia",Clemson,ACC,400H,2022,3,,,1:03.33,s,ACC Outdoor Track & Field Championships,2022-05-12,,,,Outdoor,https://www.tfrrs.org/results/75142/4556126/ACC_Outdoor_Track__Field_Championships/400-Hurdles,TFRRS all_performances
"Foster, Nicolee",Clemson,ACC,400H,2022,4,,,1:00.58,s,ACC Outdoor Track & Field Championships,2022-05-12,,,,Outdoor,https://www.tfrrs.org/results/75142/4556126/ACC_Outdoor_Track__Field_Championships/400-Hurdles,TFRRS all_performances
"Foster, Nicolee",Clemson,ACC,400H,2022,4,,,1:01.01,s,ACC Outdoor Track & Field Championships,2022-05-12,,,,Outdoor,https://www.tfrrs.org/results/75142/4556126/ACC_Outdoor_Track__Field_Championships/400-Hurdles,TFRRS all_performances
"Osher, Mackenzie",Clemson,ACC,400H,2022,1,,,1:02.74,s,ACC Outdoor Track & Field Championships,2022-05-12,,,,Outdoor,https://www.tfrrs.org/results/75142/4556126/ACC_Outdoor_Track__Field_Championships/400-Hurdles,TFRRS all_performances
"Hoffman, Lauren",Duke,ACC,400H,2022,4,,,56.53,s,High Point - Bob Davidson Memorial,2022-03-18,,,,Outdoor,https://www.tfrrs.org/results/73522/4425643/High_Point_-_Bob_Davidson_Memorial/400-Hurdles,TFRRS all_performances
"Hoffman, Lauren",Duke,ACC,400H,2022,4,,,55.98,s,2022 94th Clyde Littlefield Texas Relays,2022-03-23,,,,Outdoor,https://www.tfrrs.org/results/72503/4440620/2022_94th_Clyde_Littlefield_Texas_Relays/400-Hurdles,TFRRS all_performances
"Hoffman, Lauren",Duke,ACC,400H,2022,4,,,56.55,s,2022 94th Clyde Littlefield Texas Relays,2022-03-23,,,,Outdoor,https://www.tfrrs.org/results/72503/4440620/2022_94th_Clyde_Littlefield_Texas_Relays/400-Hurdles,TFRRS all_performances
"Hoffman, Lauren",Duke,ACC,400H,2022,4,,,56.52,s,Duke Invitational,2022-04-07,Final,1.0,,Outdoor,https://goduke.com/sports/track-and-field/roster/lauren-hoffman/17738,legacy_source_needs_review
"Hoffman, Lauren",Duke,ACC,400H,2022,4,,,57.24,s,Duke Invitational,2022-04-07,,,,Outdoor,https://www.tfrrs.org/results/74378/4483018/Duke_Invitational/400-Hurdles,TFRRS all_performances
"Merritt, Nikki",Duke,ACC,400H,2022,3,,,1:02.26,s,Duke Invitational,2022-04-07,,,,Outdoor,https://www.tfrrs.org/results/74378/4483018/Duke_Invitational/400-Hurdles,TFRRS all_performances
"Sims, Meredith",Duke,ACC,400H,2022,1,,,1:05.13,s,Duke Invitational,2022-04-07,,,,Outdoor,https://www.tfrrs.org/results/74378/4483018/Duke_Invitational/400-Hurdles,TFRRS all_performances
"Turner, Chyler",Duke,ACC,400H,2022,1,,,1:03.12,s,Duke Invitational,2022-04-07,,,,Outdoor,https://www.tfrrs.org/results/74378/4483018/Duke_Invitational/400-Hurdles,TFRRS all_performances
"Hoffman, Lauren",Duke,ACC,400H,2022,4,,,56.12,s,High Point - Meet of Champions,2022-04-15,,,,Outdoor,https://www.tfrrs.org/results/74603/4503116/High_Point_-_Meet_of_Champions/400-Hurdles,TFRRS all_performances
"Merritt, Nikki",Duke,ACC,400H,2022,3,,,1:01.22,s,High Point - Meet of Champions,2022-04-15,,,,Outdoor,https://www.tfrrs.org/results/74603/4503116/High_Point_-_Meet_of_Champions/400-Hurdles,TFRRS all_performances
"Sims, Meredith",Duke,ACC,400H,2022,1,,,1:04.14,s,High Point - Meet of Champions,2022-04-15,,,,Outdoor,https://www.tfrrs.org/results/74603/4503116/High_Point_-_Meet_of_Champions/400-Hurdles,TFRRS all_performances
"Turner, Chyler",Duke,ACC,400H,2022,1,,,1:06.03,s,High Point - Meet of Champions,2022-04-15,,,,Outdoor,https://www.tfrrs.org/results/74603/4503116/High_Point_-_Meet_of_Champions/400-Hurdles,TFRRS all_performances
"Wakefield, Isabel",Duke,ACC,400H,2022,3,,,DNF,s,High Point - Meet of Champions,2022-04-15,Final,,,Outdoor,https://indiana.tfrrs.org/athletes/7020659/Duke/Isabel_Wakefield,legacy_source_needs_review
"Marsh, Erin",Duke,ACC,400H,2022,4,,,58.45,s,Virginia Challenge,2022-04-22,,,,Outdoor,https://www.tfrrs.org/results/74753/4516543/Virginia_Challenge/400-Hurdles,TFRRS all_performances
"Merritt, Nikki",Duke,ACC,400H,2022,3,,,59.99,s,Virginia Challenge,2022-04-22,,,,Outdoor,https://www.tfrrs.org/results/74753/4516543/Virginia_Challenge/400-Hurdles,TFRRS all_performances
"Turner, Chyler",Duke,ACC,400H,2022,1,,,DNF,s,Virginia Challenge,2022-04-22,Final,,,Outdoor,https://indiana.tfrrs.org/athletes/7975662/Duke/Chyler_Turner,legacy_source_needs_review
"Turner, Chyler",Duke,ACC,400H,2022,1,,,DNF,s,Virginia Grand Prix,2022-05-01,Final,,,Outdoor,https://indiana.tfrrs.org/athletes/7975662/Duke/Chyler_Turner,legacy_source_needs_review
"Hoffman, Lauren",Duke,ACC,400H,2022,4,,,56.00,s,ACC Outdoor Track & Field Championships,2022-05-12,,,,Outdoor,https://www.tfrrs.org/results/75142/4556126/ACC_Outdoor_Track__Field_Championships/400-Hurdles,TFRRS all_performances
"Hoffman, Lauren",Duke,ACC,400H,2022,4,,,56.93,s,ACC Outdoor Track & Field Championships,2022-05-12,,,,Outdoor,https://www.tfrrs.org/results/75142/4556126/ACC_Outdoor_Track__Field_Championships/400-Hurdles,TFRRS all_performances
"Merritt, Nikki",Duke,ACC,400H,2022,3,,,1:00.63,s,ACC Outdoor Track & Field Championships,2022-05-12,,,,Outdoor,https://www.tfrrs.org/results/75142/4556126/ACC_Outdoor_Track__Field_Championships/400-Hurdles,TFRRS all_performances
"Merritt, Nikki",Duke,ACC,400H,2022,3,,,1:00.80,s,ACC Outdoor Track & Field Championships,2022-05-12,,,,Outdoor,https://www.tfrrs.org/results/75142/4556126/ACC_Outdoor_Track__Field_Championships/400-Hurdles,TFRRS all_performances
"Hoffman, Lauren",Duke,ACC,400H,2022,4,,,55.91,s,NCAA East Preliminary Round,2022-05-25,,,,Outdoor,https://www.tfrrs.org/results/75213/4566131/NCAA_East_Preliminary_Round/400-Hurdles,TFRRS all_performances
"Hoffman, Lauren",Duke,ACC,400H,2022,4,,,56.48,s,NCAA East Preliminary Round,2022-05-25,,,,Outdoor,https://www.tfrrs.org/results/75213/4566131/NCAA_East_Preliminary_Round/400-Hurdles,TFRRS all_performances
"Hoffman, Lauren",Duke,ACC,400H,2022,4,,,55.47,s,NCAA Division I Outdoor Track & Field Championships,2022-06-08,,,,Outdoor,https://www.tfrrs.org/results/75224/4567498/NCAA_Division_I_Outdoor_Track__Field_Championships/400-Hurdles,TFRRS all_performances
"Hoffman, Lauren",Duke,ACC,400H,2022,4,,,55.58,s,NCAA Division I Outdoor Track & Field Championships,2022-06-08,,,,Outdoor,https://www.tfrrs.org/results/75224/4567498/NCAA_Division_I_Outdoor_Track__Field_Championships/400-Hurdles,TFRRS all_performances
"Klein, Ava",Florida State,ACC,400H,2022,2,,,59.77,s,Florida State Relays,2022-03-24,,,,Outdoor,https://www.tfrrs.org/results/73791/4439078/Florida_State_Relays/400-Hurdles,TFRRS all_performances
"Klein, Ava",Florida State,ACC,400H,2022,2,,,1:00.17,s,Florida Relays,2022-03-31,,,,Outdoor,https://www.tfrrs.org/results/72948/4463928/Florida_Relays/400-Hurdles,TFRRS all_performances
"Klein, Ava",Florida State,ACC,400H,2022,2,,,1:00.52,s,UF Tom Jones Memorial,2022-04-15,,,,Outdoor,https://www.tfrrs.org/results/73497/4502555/UF_Tom_Jones_Memorial/400-Hurdles,TFRRS all_performances
"Klein, Ava",Florida State,ACC,400H,2022,2,,,1:00.41,s,North Florida Collegiate Invitational,2022-04-29,,,,Outdoor,https://www.tfrrs.org/results/74586/4536301/North_Florida_Collegiate_Invitational_/400-Hurdles,TFRRS all_performances
"Klein, Ava",Florida State,ACC,400H,2022,2,,,1:00.87,s,ACC Outdoor Track & Field Championships,2022-05-12,,,,Outdoor,https://www.tfrrs.org/results/75142/4556126/ACC_Outdoor_Track__Field_Championships/400-Hurdles,TFRRS all_performances
"Klein, Ava",Florida State,ACC,400H,2022,2,,,59.49,s,ACC Outdoor Track & Field Championships,2022-05-12,,,,Outdoor,https://www.tfrrs.org/results/75142/4556126/ACC_Outdoor_Track__Field_Championships/400-Hurdles,TFRRS all_performances
"Klein, Ava",Florida State,ACC,400H,2022,2,,,1:01.21,s,NCAA East Preliminary Round,2022-05-25,,,,Outdoor,https://www.tfrrs.org/results/75213/4566131/NCAA_East_Preliminary_Round/400-Hurdles,TFRRS all_performances
"Thomas, Samantha",Stanford,ACC,400H,2022,2,,,1:03.85,s,Cardinal Classic,2022-03-19,,,,Outdoor,https://www.tfrrs.org/results/71947/4428316/Cardinal_Classic/400-Hurdles,TFRRS all_performances
"Thomas, Samantha",Stanford,ACC,400H,2022,2,,,1:01.66,s,Stanford Invitational,2022-04-01,,,,Outdoor,https://www.tfrrs.org/results/71984/4464223/Stanford_Invitational/400-Hurdles,TFRRS all_performances
"Thomas, Samantha",Stanford,ACC,400H,2022,2,,,1:01.00,s,62nd Annual Mt. SAC Relays (Collegiate),2022-04-13,,,,Outdoor,https://www.tfrrs.org/results/72999/4504256/62nd_Annual_Mt_SAC_Relays_Collegiate/400-Hurdles,TFRRS all_performances
"Thomas, Samantha",Stanford,ACC,400H,2022,2,,,1:01.64,s,Beach Invitational 2022,2022-04-15,,,,Outdoor,https://www.tfrrs.org/results/71032/4506726/Beach_Invitational_2022/400-Hurdles,TFRRS all_performances
"Thomas, Samantha",Stanford,ACC,400H,2022,2,,,1:01.21,s,Stanford vs. Cal Big Meet,2022-04-30,,,,Outdoor,https://www.tfrrs.org/results/72461/4538303/Stanford_vs_Cal_Big_Meet/400-Hurdles,TFRRS all_performances
"Thomas, Samantha",Stanford,ACC,400H,2022,2,,,1:00.28,s,Pac-12 Track & Field Championships,2022-05-13,,,,Outdoor,https://www.tfrrs.org/results/74310/4560202/Pac-12_Track__Field_Championships/400-Hurdles,TFRRS all_performances
"Thomas, Samantha",Stanford,ACC,400H,2022,2,,,1:01.21,s,Pac-12 Track & Field Championships,2022-05-13,,,,Outdoor,https://www.tfrrs.org/results/74310/4560202/Pac-12_Track__Field_Championships/400-Hurdles,TFRRS all_performances
"Alexandru, Emily",Virginia,ACC,400H,2022,1,,,1:01.99,s,Virginia Open,2022-03-19,,,,Outdoor,https://www.tfrrs.org/results/73547/4427659/Virginia_Open/400-Hurdles,TFRRS all_performances
"Parenchuk, Anzhelika",Virginia,ACC,400H,2022,1,,,1:03.76,s,Virginia Open,2022-03-19,,,,Outdoor,https://www.tfrrs.org/results/73547/4427659/Virginia_Open/400-Hurdles,TFRRS all_performances
"Alexandru, Emily",Virginia,ACC,400H,2022,1,,,1:02.47,s,Raleigh Relays,2022-03-24,,,,Outdoor,https://www.tfrrs.org/results/73808/4440997/Raleigh_Relays/400-Hurdles,TFRRS all_performances
"Parenchuk, Anzhelika",Virginia,ACC,400H,2022,1,,,1:03.65,s,Raleigh Relays,2022-03-24,,,,Outdoor,https://www.tfrrs.org/results/73808/4440997/Raleigh_Relays/400-Hurdles,TFRRS all_performances
"Alexandru, Emily",Virginia,ACC,400H,2022,1,,,1:05.07,s,Duke Invitational,2022-04-07,,,,Outdoor,https://www.tfrrs.org/results/74378/4483018/Duke_Invitational/400-Hurdles,TFRRS all_performances
"Parenchuk, Anzhelika",Virginia,ACC,400H,2022,1,,,1:01.56,s,Duke Invitational,2022-04-07,,,,Outdoor,https://www.tfrrs.org/results/74378/4483018/Duke_Invitational/400-Hurdles,TFRRS all_performances
"Alexandru, Emily",Virginia,ACC,400H,2022,1,,,1:01.77,s,Virginia Challenge,2022-04-22,,,,Outdoor,https://www.tfrrs.org/results/74753/4516543/Virginia_Challenge/400-Hurdles,TFRRS all_performances
"Parenchuk, Anzhelika",Virginia,ACC,400H,2022,1,,,1:02.68,s,Virginia Challenge,2022-04-22,,,,Outdoor,https://www.tfrrs.org/results/74753/4516543/Virginia_Challenge/400-Hurdles,TFRRS all_performances
"Alexandru, Emily",Virginia,ACC,400H,2022,1,,,1:02.13,s,Virginia Grand Prix,2022-05-01,,,,Outdoor,https://www.tfrrs.org/results/74992/4540029/Virginia_Grand_Prix/400-Hurdles,TFRRS all_performances
"Alexandru, Emily",Virginia,ACC,400H,2022,1,,,1:01.01,s,Virginia High Performance,2022-05-04,,,,Outdoor,https://www.tfrrs.org/results/75048/4543860/Virginia_High_Performance/400-Hurdles,TFRRS all_performances
"Alexandru, Emily",Virginia,ACC,400H,2022,1,,,1:02.07,s,ACC Outdoor Track & Field Championships,2022-05-12,,,,Outdoor,https://www.tfrrs.org/results/75142/4556126/ACC_Outdoor_Track__Field_Championships/400-Hurdles,TFRRS all_performances
"Parenchuk, Anzhelika",Virginia,ACC,400H,2022,1,,,1:02.30,s,ACC Outdoor Track & Field Championships,2022-05-12,,,,Outdoor,https://www.tfrrs.org/results/75142/4556126/ACC_Outdoor_Track__Field_Championships/400-Hurdles,TFRRS all_performances
"Montgomery, Athena",Arizona,Big 12,400H,2022,2,,,1:06.66,seconds,2022 Willie Williams Classic/Dave Murray Distance Classic,2022-03-18,,,,Outdoor,https://www.tfrrs.org/results/71096/4425796/2022_Willie_Williams_Classic_Dave_Murray_Distance_Classic/400-Hurdles,TFRRS all_performances
"Meisberger, Shannon",Arizona,Big 12,400H,2022,4,,,56.51,seconds,2022 ASU Invitational,2022-03-25,,,,Outdoor,https://www.tfrrs.org/results/72833/4442871/2022_ASU_Invitational/400-Hurdles,TFRRS all_performances
"Montgomery, Athena",Arizona,Big 12,400H,2022,2,,,1:03.31,seconds,2022 ASU Invitational,2022-03-25,,,,Outdoor,https://www.tfrrs.org/results/72833/4442871/2022_ASU_Invitational/400-Hurdles,TFRRS all_performances
"Meisberger, Shannon",Arizona,Big 12,400H,2022,4,,,56.69,seconds,2022 Jim Click Shootout,2022-04-08,,,,Outdoor,https://www.tfrrs.org/results/70958/4485729/2022_Jim_Click_Shootout/400-Hurdles,TFRRS all_performances
"Montgomery, Athena",Arizona,Big 12,400H,2022,2,,,1:02.71,seconds,2022 Jim Click Shootout,2022-04-08,,,,Outdoor,https://www.tfrrs.org/results/70958/4485729/2022_Jim_Click_Shootout/400-Hurdles,TFRRS all_performances
"Meisberger, Shannon",Arizona,Big 12,400H,2022,4,,,56.45,seconds,62nd Annual Mt. SAC Relays (Elite),2022-04-13,,,,Outdoor,https://www.tfrrs.org/results/72997/4504264/62nd_Annual_Mt_SAC_Relays_Elite/400-Hurdles,TFRRS all_performances
"Montgomery, Athena",Arizona,Big 12,400H,2022,2,,,1:04.25,seconds,62nd Annual Mt. SAC Relays (Collegiate),2022-04-13,,,,Outdoor,https://www.tfrrs.org/results/72999/4504256/62nd_Annual_Mt_SAC_Relays_Collegiate/400-Hurdles,TFRRS all_performances
"Meisberger, Shannon",Arizona,Big 12,400H,2022,4,,,57.15,seconds,Desert Heat Classic 2022,2022-04-30,,,,Outdoor,https://www.tfrrs.org/results/71098/4538654/Desert_Heat_Classic_2022/400-Hurdles,TFRRS all_performances
"Montgomery, Athena",Arizona,Big 12,400H,2022,2,,,1:03.15,seconds,Desert Heat Classic 2022,2022-04-30,,,,Outdoor,https://www.tfrrs.org/results/71098/4538654/Desert_Heat_Classic_2022/400-Hurdles,TFRRS all_performances
"Meisberger, Shannon",Arizona,Big 12,400H,2022,4,,,56.43,seconds,Pac-12 Track & Field Championships,2022-05-13,,,,Outdoor,https://www.tfrrs.org/results/74310/4560202/Pac-12_Track__Field_Championships/400-Hurdles,TFRRS all_performances
"Meisberger, Shannon",Arizona,Big 12,400H,2022,4,,,58.77,seconds,Pac-12 Track & Field Championships,2022-05-13,,,,Outdoor,https://www.tfrrs.org/results/74310/4560202/Pac-12_Track__Field_Championships/400-Hurdles,TFRRS all_performances
"Montgomery, Athena",Arizona,Big 12,400H,2022,2,,,1:05.23,seconds,Pac-12 Track & Field Championships,2022-05-13,,,,Outdoor,https://www.tfrrs.org/results/74310/4560202/Pac-12_Track__Field_Championships/400-Hurdles,TFRRS all_performances
"Meisberger, Shannon",Arizona,Big 12,400H,2022,4,,,56.12,seconds,NCAA West Preliminary Round,2022-05-25,,,,Outdoor,https://www.tfrrs.org/results/75211/4565966/NCAA_West_Preliminary_Round/400-Hurdles,TFRRS all_performances
"Meisberger, Shannon",Arizona,Big 12,400H,2022,4,,,56.39,seconds,NCAA West Preliminary Round,2022-05-25,,,,Outdoor,https://www.tfrrs.org/results/75211/4565966/NCAA_West_Preliminary_Round/400-Hurdles,TFRRS all_performances
"Meisberger, Shannon",Arizona,Big 12,400H,2022,4,,,55.79,seconds,NCAA Division I Outdoor Track & Field Championships,2022-06-08,,,,Outdoor,https://www.tfrrs.org/results/75224/4567498/NCAA_Division_I_Outdoor_Track__Field_Championships/400-Hurdles,TFRRS all_performances
"Meisberger, Shannon",Arizona,Big 12,400H,2022,4,,,56.83,seconds,NCAA Division I Outdoor Track & Field Championships,2022-06-08,,,,Outdoor,https://www.tfrrs.org/results/75224/4567498/NCAA_Division_I_Outdoor_Track__Field_Championships/400-Hurdles,TFRRS all_performances
"Perry, Kayla",BYU,Big 12,400H,2022,3,,,1:00.96,seconds,Trojan Invite,2022-03-18,,,,Outdoor,https://www.tfrrs.org/results/72420/4425973/Trojan_Invite/400-Hurdles,TFRRS all_performances
"Taylor, Chloe",BYU,Big 12,400H,2022,1,,,1:04.90,seconds,Trojan Invite,2022-03-18,,,,Outdoor,https://www.tfrrs.org/results/72420/4425973/Trojan_Invite/400-Hurdles,TFRRS all_performances
"Thomas, Kate",BYU,Big 12,400H,2022,2,,,1:00.85,seconds,Trojan Invite,2022-03-18,,,,Outdoor,https://www.tfrrs.org/results/72420/4425973/Trojan_Invite/400-Hurdles,TFRRS all_performances
"Bingham, Kathryn",BYU,Big 12,400H,2022,2,,,1:03.19,seconds,Texas State Bobcat Invitational,2022-03-24,,,,Outdoor,https://www.tfrrs.org/results/72944/4442523/Texas_State_Bobcat_Invitational/400-Hurdles,TFRRS all_performances
"Taylor, Chloe",BYU,Big 12,400H,2022,1,,,1:04.29,seconds,Texas State Bobcat Invitational,2022-03-24,,,,Outdoor,https://www.tfrrs.org/results/72944/4442523/Texas_State_Bobcat_Invitational/400-Hurdles,TFRRS all_performances
"Thomas, Kate",BYU,Big 12,400H,2022,2,,,1:01.02,seconds,Texas State Bobcat Invitational,2022-03-24,,,,Outdoor,https://www.tfrrs.org/results/72944/4442523/Texas_State_Bobcat_Invitational/400-Hurdles,TFRRS all_performances
"Perry, Kayla",BYU,Big 12,400H,2022,3,,,1:01.87,seconds,John McDonnell Invitational,2022-04-07,,,,Outdoor,https://www.tfrrs.org/results/73448/4480919/John_McDonnell_Invitational/400-Hurdles,TFRRS all_performances
"Folsom, Halley",BYU,Big 12,400H,2022,4,,,58.19,seconds,2022 BYU Robison Invitational,2022-04-20,,,,Outdoor,https://www.tfrrs.org/results/74719/4542238/2022_BYU_Robison_Invitational/400-Hurdles,TFRRS all_performances
"Perry, Kayla",BYU,Big 12,400H,2022,3,,,1:01.36,seconds,2022 BYU Robison Invitational,2022-04-20,,,,Outdoor,https://www.tfrrs.org/results/74719/4542238/2022_BYU_Robison_Invitational/400-Hurdles,TFRRS all_performances
"Thomas, Kate",BYU,Big 12,400H,2022,2,,,1:02.23,seconds,2022 BYU Robison Invitational,2022-04-20,,,,Outdoor,https://www.tfrrs.org/results/74719/4542238/2022_BYU_Robison_Invitational/400-Hurdles,TFRRS all_performances
"Perry, Kayla",BYU,Big 12,400H,2022,3,,,1:00.11,seconds,Desert Heat Classic 2022,2022-04-30,,,,Outdoor,https://www.tfrrs.org/results/71098/4538654/Desert_Heat_Classic_2022/400-Hurdles,TFRRS all_performances
"Thomas, Kate",BYU,Big 12,400H,2022,2,,,1:00.59,seconds,Desert Heat Classic 2022,2022-04-30,,,,Outdoor,https://www.tfrrs.org/results/71098/4538654/Desert_Heat_Classic_2022/400-Hurdles,TFRRS all_performances
"Folsom, Halley",BYU,Big 12,400H,2022,4,,,58.08,seconds,2022 BYU Cougar Invitational,2022-05-06,,,,Outdoor,https://www.tfrrs.org/results/75150/4558083/2022_BYU_Cougar_Invitational/400-Hurdles,TFRRS all_performances
"Folsom, Halley",BYU,Big 12,400H,2022,4,,,59.11,seconds,Oregon Twilight,2022-05-06,,,,Outdoor,https://www.tfrrs.org/results/73108/4547269/Oregon_Twilight/400-Hurdles,TFRRS all_performances
"Perry, Kayla",BYU,Big 12,400H,2022,3,,,1:00.11,seconds,2022 BYU Cougar Invitational,2022-05-06,,,,Outdoor,https://www.tfrrs.org/results/75150/4558083/2022_BYU_Cougar_Invitational/400-Hurdles,TFRRS all_performances
"Perry, Kayla",BYU,Big 12,400H,2022,3,,,1:01.09,seconds,2022 BYU Cougar Invitational,2022-05-06,,,,Outdoor,https://www.tfrrs.org/results/75150/4558083/2022_BYU_Cougar_Invitational/400-Hurdles,TFRRS all_performances
"Thomas, Kate",BYU,Big 12,400H,2022,2,,,1:00.64,seconds,2022 BYU Cougar Invitational,2022-05-06,,,,Outdoor,https://www.tfrrs.org/results/75150/4558083/2022_BYU_Cougar_Invitational/400-Hurdles,TFRRS all_performances
"Thomas, Kate",BYU,Big 12,400H,2022,2,,,1:00.93,seconds,2022 BYU Cougar Invitational,2022-05-06,,,,Outdoor,https://www.tfrrs.org/results/75150/4558083/2022_BYU_Cougar_Invitational/400-Hurdles,TFRRS all_performances
"Folsom, Halley",BYU,Big 12,400H,2022,4,,,57.67,seconds,NCAA West Preliminary Round,2022-05-25,,,,Outdoor,https://www.tfrrs.org/results/75211/4565966/NCAA_West_Preliminary_Round/400-Hurdles,TFRRS all_performances
"Folsom, Halley",BYU,Big 12,400H,2022,4,,,57.85,seconds,NCAA West Preliminary Round,2022-05-25,,,,Outdoor,https://www.tfrrs.org/results/75211/4565966/NCAA_West_Preliminary_Round/400-Hurdles,TFRRS all_performances
"Perry, Kayla",BYU,Big 12,400H,2022,3,,,1:01.55,seconds,NCAA West Preliminary Round,2022-05-25,,,,Outdoor,https://www.tfrrs.org/results/75211/4565966/NCAA_West_Preliminary_Round/400-Hurdles,TFRRS all_performances
"Williamson, Audrey",Baylor,Big 12,400H,2022,1,,,1:07.56,seconds,Longhorn Invitational,2022-03-05,,,,Outdoor,https://www.tfrrs.org/results/72652/4405069/Longhorn_Invitational/400-Hurdles,TFRRS all_performances
"Garcia, Briana",Baylor,Big 12,400H,2022,3,,,1:01.80,seconds,TCU Invitational,2022-03-18,,,,Outdoor,https://www.tfrrs.org/results/71303/4426273/TCU_Invitational/400-Hurdles,TFRRS all_performances
"Gryne, Jasmine",Baylor,Big 12,400H,2022,1,,,58.59,seconds,TCU Invitational,2022-03-18,,,,Outdoor,https://www.tfrrs.org/results/71303/4426273/TCU_Invitational/400-Hurdles,TFRRS all_performances
"Williamson, Audrey",Baylor,Big 12,400H,2022,1,,,1:06.36,seconds,TCU Invitational,2022-03-18,,,,Outdoor,https://www.tfrrs.org/results/71303/4426273/TCU_Invitational/400-Hurdles,TFRRS all_performances
"Garcia, Briana",Baylor,Big 12,400H,2022,3,,,1:02.12,seconds,2022 94th Clyde Littlefield Texas Relays,2022-03-23,,,,Outdoor,https://www.tfrrs.org/results/72503/4440736/2022_94th_Clyde_Littlefield_Texas_Relays/400-Hurdles,TFRRS all_performances
"Gryne, Jasmine",Baylor,Big 12,400H,2022,1,,,59.28,seconds,2022 94th Clyde Littlefield Texas Relays,2022-03-23,,,,Outdoor,https://www.tfrrs.org/results/72503/4440620/2022_94th_Clyde_Littlefield_Texas_Relays/400-Hurdles,TFRRS all_performances
"Morake, Gontse",Baylor,Big 12,400H,2022,2,,,58.53,seconds,2022 94th Clyde Littlefield Texas Relays,2022-03-23,,,,Outdoor,https://www.tfrrs.org/results/72503/4440620/2022_94th_Clyde_Littlefield_Texas_Relays/400-Hurdles,TFRRS all_performances
"Morake, Gontse",Baylor,Big 12,400H,2022,2,,,58.80,seconds,2022 94th Clyde Littlefield Texas Relays,2022-03-23,,,,Outdoor,https://www.tfrrs.org/results/72503/4440620/2022_94th_Clyde_Littlefield_Texas_Relays/400-Hurdles,TFRRS all_performances
"Garcia, Briana",Baylor,Big 12,400H,2022,3,,,1:02.31,seconds,Baylor Invitational,2022-04-02,,,,Outdoor,https://www.tfrrs.org/results/71445/4461507/Baylor_Invitational/400-Hurdles,TFRRS all_performances
"Gryne, Jasmine",Baylor,Big 12,400H,2022,1,,,59.36,seconds,Baylor Invitational,2022-04-02,,,,Outdoor,https://www.tfrrs.org/results/71445/4461507/Baylor_Invitational/400-Hurdles,TFRRS all_performances
"Williamson, Audrey",Baylor,Big 12,400H,2022,1,,,1:05.46,seconds,Baylor Invitational,2022-04-02,,,,Outdoor,https://www.tfrrs.org/results/71445/4461507/Baylor_Invitational/400-Hurdles,TFRRS all_performances
"Garcia, Briana",Baylor,Big 12,400H,2022,3,,,1:01.27,seconds,44 Farms Team Invitational,2022-04-08,,,,Outdoor,https://www.tfrrs.org/results/74390/4485812/44_Farms_Team_Invitational/400-Hurdles,TFRRS all_performances
"Morake, Gontse",Baylor,Big 12,400H,2022,2,,,59.06,seconds,44 Farms Team Invitational,2022-04-08,,,,Outdoor,https://www.tfrrs.org/results/74390/4485812/44_Farms_Team_Invitational/400-Hurdles,TFRRS all_performances
"Williamson, Audrey",Baylor,Big 12,400H,2022,1,,,1:05.31,seconds,44 Farms Team Invitational,2022-04-08,,,,Outdoor,https://www.tfrrs.org/results/74390/4485812/44_Farms_Team_Invitational/400-Hurdles,TFRRS all_performances
"Carter, Demitra",Baylor,Big 12,400H,2022,4,,,1:02.15,seconds,Michael Johnson Invitational,2022-04-22,,,,Outdoor,https://www.tfrrs.org/results/71446/4517833/Michael_Johnson_Invitational/400-Hurdles,TFRRS all_performances
"Garcia, Briana",Baylor,Big 12,400H,2022,3,,,1:00.62,seconds,Michael Johnson Invitational,2022-04-22,,,,Outdoor,https://www.tfrrs.org/results/71446/4517833/Michael_Johnson_Invitational/400-Hurdles,TFRRS all_performances
"Gryne, Jasmine",Baylor,Big 12,400H,2022,1,,,59.30,seconds,Michael Johnson Invitational,2022-04-22,,,,Outdoor,https://www.tfrrs.org/results/71446/4517833/Michael_Johnson_Invitational/400-Hurdles,TFRRS all_performances
"Morake, Gontse",Baylor,Big 12,400H,2022,2,,,57.80,seconds,Michael Johnson Invitational,2022-04-22,,,,Outdoor,https://www.tfrrs.org/results/71446/4517833/Michael_Johnson_Invitational/400-Hurdles,TFRRS all_performances
"Williamson, Audrey",Baylor,Big 12,400H,2022,1,,,1:05.45,seconds,Michael Johnson Invitational,2022-04-22,,,,Outdoor,https://www.tfrrs.org/results/71446/4517833/Michael_Johnson_Invitational/400-Hurdles,TFRRS all_performances
"Carter, Demitra",Baylor,Big 12,400H,2022,4,,,1:04.21,seconds,LSU Invitational,2022-04-30,,,,Outdoor,https://www.tfrrs.org/results/74135/4536434/LSU_Invitational/400-Hurdles,TFRRS all_performances
"Garcia, Briana",Baylor,Big 12,400H,2022,3,,,1:00.62,seconds,LSU Invitational,2022-04-30,,,,Outdoor,https://www.tfrrs.org/results/74135/4536434/LSU_Invitational/400-Hurdles,TFRRS all_performances
"Carter, Demitra",Baylor,Big 12,400H,2022,4,,,1:03.97,seconds,Big 12 Championships,2022-05-13,,,,Outdoor,https://www.tfrrs.org/results/75162/4560519/Big_12_Championships/400-Hurdles,TFRRS all_performances
"Garcia, Briana",Baylor,Big 12,400H,2022,3,,,1:00.33,seconds,Big 12 Championships,2022-05-13,,,,Outdoor,https://www.tfrrs.org/results/75162/4560519/Big_12_Championships/400-Hurdles,TFRRS all_performances
"Gryne, Jasmine",Baylor,Big 12,400H,2022,1,,,1:03.48,seconds,Big 12 Championships,2022-05-13,,,,Outdoor,https://www.tfrrs.org/results/75162/4560519/Big_12_Championships/400-Hurdles,TFRRS all_performances
"Gryne, Jasmine",Baylor,Big 12,400H,2022,1,,,58.42,seconds,Big 12 Championships,2022-05-13,,,,Outdoor,https://www.tfrrs.org/results/75162/4560519/Big_12_Championships/400-Hurdles,TFRRS all_performances
"Morake, Gontse",Baylor,Big 12,400H,2022,2,,,56.19,seconds,Big 12 Championships,2022-05-13,,,,Outdoor,https://www.tfrrs.org/results/75162/4560519/Big_12_Championships/400-Hurdles,TFRRS all_performances
"Morake, Gontse",Baylor,Big 12,400H,2022,2,,,56.95,seconds,Big 12 Championships,2022-05-13,,,,Outdoor,https://www.tfrrs.org/results/75162/4560519/Big_12_Championships/400-Hurdles,TFRRS all_performances
"Morake, Gontse",Baylor,Big 12,400H,2022,2,,,57.60,seconds,NCAA West Preliminary Round,2022-05-25,,,,Outdoor,https://www.tfrrs.org/results/75211/4565966/NCAA_West_Preliminary_Round/400-Hurdles,TFRRS all_performances
"Morake, Gontse",Baylor,Big 12,400H,2022,2,,,57.83,seconds,NCAA West Preliminary Round,2022-05-25,,,,Outdoor,https://www.tfrrs.org/results/75211/4565966/NCAA_West_Preliminary_Round/400-Hurdles,TFRRS all_performances
"Morake, Gontse",Baylor,Big 12,400H,2022,2,,,57.17,seconds,NCAA Division I Outdoor Track & Field Championships,2022-06-08,,,,Outdoor,https://www.tfrrs.org/results/75224/4567498/NCAA_Division_I_Outdoor_Track__Field_Championships/400-Hurdles,TFRRS all_performances
"Hall, Kaylyn",Iowa State,Big 12,400H,2022,3,,,59.32,seconds,Texas State Bobcat Invitational,2022-03-24,,,,Outdoor,https://www.tfrrs.org/results/72944/4442523/Texas_State_Bobcat_Invitational/400-Hurdles,TFRRS all_performances
"Hall, Kaylyn",Iowa State,Big 12,400H,2022,3,,,1:00.24,seconds,2022 SUN ANGEL CLASSIC INVITATIONAL,2022-04-07,,,,Outdoor,https://www.tfrrs.org/results/73083/4485700/2022_SUN_ANGEL_CLASSIC_INVITATIONAL/400-Hurdles,TFRRS all_performances
"Hall, Kaylyn",Iowa State,Big 12,400H,2022,3,,,1:00.29,seconds,Bryan Clay Invitational,2022-04-13,,,,Outdoor,https://www.tfrrs.org/results/70993/4501800/Bryan_Clay_Invitational/400-Hurdles,TFRRS all_performances
"Hall, Kaylyn",Iowa State,Big 12,400H,2022,3,,,59.52,seconds,Drake Relays,2022-04-27,,,,Outdoor,https://www.tfrrs.org/results/74970/4536759/Drake_Relays/400-Hurdles,TFRRS all_performances
"Hall, Kaylyn",Iowa State,Big 12,400H,2022,3,,,1:02.34,seconds,Big 12 Championships,2022-05-13,,,,Outdoor,https://www.tfrrs.org/results/75162/4560519/Big_12_Championships/400-Hurdles,TFRRS all_performances
"Hall, Kaylyn",Iowa State,Big 12,400H,2022,3,,,1:01.63,seconds,NCAA West Preliminary Round,2022-05-25,,,,Outdoor,https://www.tfrrs.org/results/75211/4565966/NCAA_West_Preliminary_Round/400-Hurdles,TFRRS all_performances
"Price, Lexye",Texas Tech,Big 12,400H,2022,3,,,1:00.02,seconds,Wes Kittley Invitational & Multi,2022-03-17,,,,Outdoor,https://www.tfrrs.org/results/70532/4427296/Wes_Kittley_Invitational__Multi/400-Hurdles,TFRRS all_performances
"Schulz, Sylvia",Texas Tech,Big 12,400H,2022,2,,,58.56,seconds,Wes Kittley Invitational & Multi,2022-03-17,,,,Outdoor,https://www.tfrrs.org/results/70532/4427296/Wes_Kittley_Invitational__Multi/400-Hurdles,TFRRS all_performances
"Sharer, Allison",Texas Tech,Big 12,400H,2022,1,,,1:07.10,seconds,Wes Kittley Invitational & Multi,2022-03-17,,,,Outdoor,https://www.tfrrs.org/results/70532/4427296/Wes_Kittley_Invitational__Multi/400-Hurdles,TFRRS all_performances
"Watkins, Simone",Texas Tech,Big 12,400H,2022,2,,,1:01.12,seconds,Wes Kittley Invitational & Multi,2022-03-17,,,,Outdoor,https://www.tfrrs.org/results/70532/4427296/Wes_Kittley_Invitational__Multi/400-Hurdles,TFRRS all_performances
"Price, Lexye",Texas Tech,Big 12,400H,2022,3,,,1:01.32,seconds,2022 94th Clyde Littlefield Texas Relays,2022-03-23,,,,Outdoor,https://www.tfrrs.org/results/72503/4440620/2022_94th_Clyde_Littlefield_Texas_Relays/400-Hurdles,TFRRS all_performances
"Schulz, Sylvia",Texas Tech,Big 12,400H,2022,2,,,57.90,seconds,2022 94th Clyde Littlefield Texas Relays,2022-03-23,,,,Outdoor,https://www.tfrrs.org/results/72503/4440620/2022_94th_Clyde_Littlefield_Texas_Relays/400-Hurdles,TFRRS all_performances
"Schulz, Sylvia",Texas Tech,Big 12,400H,2022,2,,,57.94,seconds,2022 94th Clyde Littlefield Texas Relays,2022-03-23,,,,Outdoor,https://www.tfrrs.org/results/72503/4440620/2022_94th_Clyde_Littlefield_Texas_Relays/400-Hurdles,TFRRS all_performances
"Watkins, Simone",Texas Tech,Big 12,400H,2022,2,,,1:01.47,seconds,2022 94th Clyde Littlefield Texas Relays,2022-03-23,,,,Outdoor,https://www.tfrrs.org/results/72503/4440620/2022_94th_Clyde_Littlefield_Texas_Relays/400-Hurdles,TFRRS all_performances
"Schulz, Sylvia",Texas Tech,Big 12,400H,2022,2,,,57.82,seconds,TTU Masked Rider Open,2022-04-01,,,,Outdoor,https://www.tfrrs.org/results/74109/4462892/TTU_Masked_Rider_Open/400-Hurdles,TFRRS all_performances
"Sharer, Allison",Texas Tech,Big 12,400H,2022,1,,,1:07.87,seconds,TTU Masked Rider Open,2022-04-01,,,,Outdoor,https://www.tfrrs.org/results/74109/4462892/TTU_Masked_Rider_Open/400-Hurdles,TFRRS all_performances
"Watkins, Simone",Texas Tech,Big 12,400H,2022,2,,,1:03.22,seconds,TTU Masked Rider Open,2022-04-01,,,,Outdoor,https://www.tfrrs.org/results/74109/4462892/TTU_Masked_Rider_Open/400-Hurdles,TFRRS all_performances
"Price, Lexye",Texas Tech,Big 12,400H,2022,3,,,58.80,seconds,UF Tom Jones Memorial,2022-04-15,,,,Outdoor,https://www.tfrrs.org/results/73497/4502555/UF_Tom_Jones_Memorial/400-Hurdles,TFRRS all_performances
"Schulz, Sylvia",Texas Tech,Big 12,400H,2022,2,,,58.49,seconds,UF Tom Jones Memorial,2022-04-15,,,,Outdoor,https://www.tfrrs.org/results/73497/4502555/UF_Tom_Jones_Memorial/400-Hurdles,TFRRS all_performances
"Watkins, Simone",Texas Tech,Big 12,400H,2022,2,,,1:02.39,seconds,UF Tom Jones Memorial,2022-04-15,,,,Outdoor,https://www.tfrrs.org/results/73497/4502555/UF_Tom_Jones_Memorial/400-Hurdles,TFRRS all_performances
"Price, Lexye",Texas Tech,Big 12,400H,2022,3,,,59.37,seconds,Michael Johnson Invitational,2022-04-22,,,,Outdoor,https://www.tfrrs.org/results/71446/4517833/Michael_Johnson_Invitational/400-Hurdles,TFRRS all_performances
"Sharer, Allison",Texas Tech,Big 12,400H,2022,1,,,1:07.45,seconds,Michael Johnson Invitational,2022-04-22,,,,Outdoor,https://www.tfrrs.org/results/71446/4517833/Michael_Johnson_Invitational/400-Hurdles,TFRRS all_performances
"Schulz, Sylvia",Texas Tech,Big 12,400H,2022,2,,,57.51,seconds,TTU Corky Classic,2022-04-29,,,,Outdoor,https://www.tfrrs.org/results/74975/4538263/TTU_Corky_Classic/400-Hurdles,TFRRS all_performances
"Sharer, Allison",Texas Tech,Big 12,400H,2022,1,,,1:07.73,seconds,TTU Corky Classic,2022-04-29,,,,Outdoor,https://www.tfrrs.org/results/74975/4538263/TTU_Corky_Classic/400-Hurdles,TFRRS all_performances
"Price, Lexye",Texas Tech,Big 12,400H,2022,3,,,59.82,seconds,Big 12 Championships,2022-05-13,,,,Outdoor,https://www.tfrrs.org/results/75162/4560519/Big_12_Championships/400-Hurdles,TFRRS all_performances
"Schulz, Sylvia",Texas Tech,Big 12,400H,2022,2,,,57.77,seconds,Big 12 Championships,2022-05-13,,,,Outdoor,https://www.tfrrs.org/results/75162/4560519/Big_12_Championships/400-Hurdles,TFRRS all_performances
"Schulz, Sylvia",Texas Tech,Big 12,400H,2022,2,,,58.10,seconds,Big 12 Championships,2022-05-13,,,,Outdoor,https://www.tfrrs.org/results/75162/4560519/Big_12_Championships/400-Hurdles,TFRRS all_performances
"Price, Lexye",Texas Tech,Big 12,400H,2022,3,,,59.54,seconds,NCAA West Preliminary Round,2022-05-25,,,,Outdoor,https://www.tfrrs.org/results/75211/4565966/NCAA_West_Preliminary_Round/400-Hurdles,TFRRS all_performances
"Schulz, Sylvia",Texas Tech,Big 12,400H,2022,2,,,58.50,seconds,NCAA West Preliminary Round,2022-05-25,,,,Outdoor,https://www.tfrrs.org/results/75211/4565966/NCAA_West_Preliminary_Round/400-Hurdles,TFRRS all_performances
"Schulz, Sylvia",Texas Tech,Big 12,400H,2022,2,,,59.55,seconds,NCAA West Preliminary Round,2022-05-25,,,,Outdoor,https://www.tfrrs.org/results/75211/4565966/NCAA_West_Preliminary_Round/400-Hurdles,TFRRS all_performances
"Neely, Logan",Illinois,Big Ten,400H,2022,1,,,1:02.24,seconds,Ole Miss Classic,2022-03-25,,,,Outdoor,https://www.tfrrs.org/results/71559/4443827/Ole_Miss_Classic/400-Hurdles,TFRRS all_performances
"Weaver, Kionna",Illinois,Big Ten,400H,2022,2,,,1:03.34,seconds,Ole Miss Classic,2022-03-25,,,,Outdoor,https://www.tfrrs.org/results/71559/4443827/Ole_Miss_Classic/400-Hurdles,TFRRS all_performances
"Weaver, Kionna",Illinois,Big Ten,400H,2022,2,,,1:05.36,seconds,Redbird Invite,2022-04-01,,,,Outdoor,https://www.tfrrs.org/results/73300/4461388/Redbird_Invite/400-Hurdles,TFRRS all_performances
"Neely, Logan",Illinois,Big Ten,400H,2022,1,,,1:01.69,seconds,Illini Classic,2022-04-09,,,,Outdoor,https://www.tfrrs.org/results/73327/4485772/Illini_Classic/400-Hurdles,TFRRS all_performances
"Weaver, Kionna",Illinois,Big Ten,400H,2022,2,,,1:04.04,seconds,Illini Classic,2022-04-09,,,,Outdoor,https://www.tfrrs.org/results/73327/4485772/Illini_Classic/400-Hurdles,TFRRS all_performances
"Neely, Logan",Illinois,Big Ten,400H,2022,1,,,1:01.67,seconds,62nd Annual Mt. SAC Relays (Collegiate),2022-04-13,,,,Outdoor,https://www.tfrrs.org/results/72999/4504256/62nd_Annual_Mt_SAC_Relays_Collegiate/400-Hurdles,TFRRS all_performances
"Neely, Logan",Illinois,Big Ten,400H,2022,1,,,1:00.24,seconds,Illini Invitational,2022-04-22,,,,Outdoor,https://www.tfrrs.org/results/74190/4520739/Illini_Invitational/400-Hurdles,TFRRS all_performances
"Nettles, Kenli",Illinois,Big Ten,400H,2022,1,,,1:02.09,seconds,Illini Invitational,2022-04-22,,,,Outdoor,https://www.tfrrs.org/results/74190/4520739/Illini_Invitational/400-Hurdles,TFRRS all_performances
"Weaver, Kionna",Illinois,Big Ten,400H,2022,2,,,1:03.56,seconds,Illini Invitational,2022-04-22,,,,Outdoor,https://www.tfrrs.org/results/74190/4520739/Illini_Invitational/400-Hurdles,TFRRS all_performances
"Moore, Karlie",Nebraska,Big Ten,400H,2022,2,,,1:02.01,seconds,Florida Relays,2022-03-31,,,,Outdoor,https://www.tfrrs.org/results/72948/4463928/Florida_Relays/400-Hurdles,TFRRS all_performances
"Moore, Karlie",Nebraska,Big Ten,400H,2022,2,,,1:02.49,seconds,John McDonnell Invitational,2022-04-07,,,,Outdoor,https://www.tfrrs.org/results/73448/4480919/John_McDonnell_Invitational/400-Hurdles,TFRRS all_performances
"Harris, Winsome",Nebraska,Big Ten,400H,2022,2,,,1:04.34,seconds,Sooner Invitational,2022-04-15,,,,Outdoor,https://www.tfrrs.org/results/71701/4503388/Sooner_Invitational/400-Hurdles,TFRRS all_performances
"Moore, Karlie",Nebraska,Big Ten,400H,2022,2,,,1:02.87,seconds,Sooner Invitational,2022-04-15,,,,Outdoor,https://www.tfrrs.org/results/71701/4503388/Sooner_Invitational/400-Hurdles,TFRRS all_performances
"Moore, Karlie",Nebraska,Big Ten,400H,2022,2,,,1:02.60,seconds,Michael Johnson Invitational,2022-04-22,,,,Outdoor,https://www.tfrrs.org/results/71446/4517833/Michael_Johnson_Invitational/400-Hurdles,TFRRS all_performances
"Moore, Karlie",Nebraska,Big Ten,400H,2022,2,,,1:03.18,seconds,2022 Prairie Wolf Invite,2022-04-28,,,,Outdoor,https://www.tfrrs.org/results/74931/4532921/2022_Prairie_Wolf_Invite/400-Hurdles,TFRRS all_performances
"Moore, Karlie",Nebraska,Big Ten,400H,2022,2,,,1:01.60,seconds,Big Ten Outdoor Track & Field Championships,2022-05-13,,,,Outdoor,https://www.tfrrs.org/results/75158/4559865/Big_Ten_Outdoor_Track__Field_Championships/400-Hurdles,TFRRS all_performances
"Grebo, Shana",Oregon,Big Ten,400H,2022,1,,,56.28,seconds,43rd Aztec Invitational,2022-03-24,,,,Outdoor,https://www.tfrrs.org/results/72993/4442371/43rd_Aztec_Invitational/400-Hurdles,TFRRS all_performances
"Webster, Alexandra",Oregon,Big Ten,400H,2022,2,,,58.04,seconds,43rd Aztec Invitational,2022-03-24,,,,Outdoor,https://www.tfrrs.org/results/72993/4442371/43rd_Aztec_Invitational/400-Hurdles,TFRRS all_performances
"Grebo, Shana",Oregon,Big Ten,400H,2022,1,,,56.43,seconds,62nd Annual Mt. SAC Relays (Collegiate),2022-04-13,,,,Outdoor,https://www.tfrrs.org/results/72999/4504256/62nd_Annual_Mt_SAC_Relays_Collegiate/400-Hurdles,TFRRS all_performances
"Grebo, Shana",Oregon,Big Ten,400H,2022,1,,,57.20,seconds,Desert Heat Classic 2022,2022-04-30,,,,Outdoor,https://www.tfrrs.org/results/71098/4538654/Desert_Heat_Classic_2022/400-Hurdles,TFRRS all_performances
"Webster, Alexandra",Oregon,Big Ten,400H,2022,2,,,1:01.28,seconds,Desert Heat Classic 2022,2022-04-30,,,,Outdoor,https://www.tfrrs.org/results/71098/4538654/Desert_Heat_Classic_2022/400-Hurdles,TFRRS all_performances
"Webster, Alexandra",Oregon,Big Ten,400H,2022,2,,,56.47,seconds,Pac-12 Track & Field Championships,2022-05-13,,,,Outdoor,https://www.tfrrs.org/results/74310/4560202/Pac-12_Track__Field_Championships/400-Hurdles,TFRRS all_performances
"Webster, Alexandra",Oregon,Big Ten,400H,2022,2,,,58.89,seconds,Pac-12 Track & Field Championships,2022-05-13,,,,Outdoor,https://www.tfrrs.org/results/74310/4560202/Pac-12_Track__Field_Championships/400-Hurdles,TFRRS all_performances
"Webster, Alexandra",Oregon,Big Ten,400H,2022,2,,,57.41,seconds,NCAA West Preliminary Round,2022-05-25,,,,Outdoor,https://www.tfrrs.org/results/75211/4565966/NCAA_West_Preliminary_Round/400-Hurdles,TFRRS all_performances
"Webster, Alexandra",Oregon,Big Ten,400H,2022,2,,,58.02,seconds,NCAA West Preliminary Round,2022-05-25,,,,Outdoor,https://www.tfrrs.org/results/75211/4565966/NCAA_West_Preliminary_Round/400-Hurdles,TFRRS all_performances
"Webster, Alexandra",Oregon,Big Ten,400H,2022,2,,,57.25,seconds,NCAA Division I Outdoor Track & Field Championships,2022-06-08,,,,Outdoor,https://www.tfrrs.org/results/75224/4567498/NCAA_Division_I_Outdoor_Track__Field_Championships/400-Hurdles,TFRRS all_performances
"Bernard-Joseph, Breanna",USC,Big Ten,400H,2022,4,,,1:00.65,seconds,Beach Opener 2022,2022-03-04,,,,Outdoor,https://www.tfrrs.org/results/71028/4405908/Beach_Opener_2022/400-Hurdles,TFRRS all_performances
"Simmons, Maci",USC,Big Ten,400H,2022,1,,,1:00.89,seconds,Beach Opener 2022,2022-03-04,,,,Outdoor,https://www.tfrrs.org/results/71028/4405908/Beach_Opener_2022/400-Hurdles,TFRRS all_performances
"Bernard-Joseph, Breanna",USC,Big Ten,400H,2022,4,,,1:00.11,seconds,Trojan Invite,2022-03-18,,,,Outdoor,https://www.tfrrs.org/results/72420/4425973/Trojan_Invite/400-Hurdles,TFRRS all_performances
"Simmons, Maci",USC,Big Ten,400H,2022,1,,,1:00.48,seconds,Trojan Invite,2022-03-18,,,,Outdoor,https://www.tfrrs.org/results/72420/4425973/Trojan_Invite/400-Hurdles,TFRRS all_performances
"Simmons, Maci",USC,Big Ten,400H,2022,1,,,1:00.23,seconds,2022 94th Clyde Littlefield Texas Relays,2022-03-23,,,,Outdoor,https://www.tfrrs.org/results/72503/4440736/2022_94th_Clyde_Littlefield_Texas_Relays/400-Hurdles,TFRRS all_performances
"Bernard-Joseph, Breanna",USC,Big Ten,400H,2022,4,,,58.53,seconds,62nd Annual Mt. SAC Relays (Collegiate),2022-04-13,,,,Outdoor,https://www.tfrrs.org/results/72999/4504256/62nd_Annual_Mt_SAC_Relays_Collegiate/400-Hurdles,TFRRS all_performances
"Simmons, Maci",USC,Big Ten,400H,2022,1,,,59.67,seconds,62nd Annual Mt. SAC Relays (Collegiate),2022-04-13,,,,Outdoor,https://www.tfrrs.org/results/72999/4504256/62nd_Annual_Mt_SAC_Relays_Collegiate/400-Hurdles,TFRRS all_performances
"Bernard-Joseph, Breanna",USC,Big Ten,400H,2022,4,,,59.68,seconds,USC vs. UCLA,2022-04-30,,,,Outdoor,https://www.tfrrs.org/results/73574/4539736/USC_vs_UCLA_/400-Hurdles,TFRRS all_performances
"Simmons, Maci",USC,Big Ten,400H,2022,1,,,1:01.31,seconds,USC vs. UCLA,2022-04-30,,,,Outdoor,https://www.tfrrs.org/results/73574/4539736/USC_vs_UCLA_/400-Hurdles,TFRRS all_performances
"Bernard-Joseph, Breanna",USC,Big Ten,400H,2022,4,,,1:00.05,seconds,Pac-12 Track & Field Championships,2022-05-13,,,,Outdoor,https://www.tfrrs.org/results/74310/4560202/Pac-12_Track__Field_Championships/400-Hurdles,TFRRS all_performances
"Bernard-Joseph, Breanna",USC,Big Ten,400H,2022,4,,,1:01.03,seconds,Pac-12 Track & Field Championships,2022-05-13,,,,Outdoor,https://www.tfrrs.org/results/74310/4560202/Pac-12_Track__Field_Championships/400-Hurdles,TFRRS all_performances
"Simmons, Maci",USC,Big Ten,400H,2022,1,,,1:00.14,seconds,Pac-12 Track & Field Championships,2022-05-13,,,,Outdoor,https://www.tfrrs.org/results/74310/4560202/Pac-12_Track__Field_Championships/400-Hurdles,TFRRS all_performances
"Simmons, Maci",USC,Big Ten,400H,2022,1,,,1:01.02,seconds,Pac-12 Track & Field Championships,2022-05-13,,,,Outdoor,https://www.tfrrs.org/results/74310/4560202/Pac-12_Track__Field_Championships/400-Hurdles,TFRRS all_performances
"Bernard-Joseph, Breanna",USC,Big Ten,400H,2022,4,,,59.99,seconds,NCAA West Preliminary Round,2022-05-25,,,,Outdoor,https://www.tfrrs.org/results/75211/4565966/NCAA_West_Preliminary_Round/400-Hurdles,TFRRS all_performances
"Simmons, Maci",USC,Big Ten,400H,2022,1,,,1:00.47,seconds,NCAA West Preliminary Round,2022-05-25,,,,Outdoor,https://www.tfrrs.org/results/75211/4565966/NCAA_West_Preliminary_Round/400-Hurdles,TFRRS all_performances
"Duben, Lea",Alabama,SEC,400H,2022,2,,,1:03.56,seconds,Florida Relays,2022-03-31,,,,Outdoor,https://www.tfrrs.org/results/72948/4463928/Florida_Relays/400-Hurdles,TFRRS all_performances
"Milani, Sydney",Alabama,SEC,400H,2022,3,,,1:00.08,seconds,Florida Relays,2022-03-31,,,,Outdoor,https://www.tfrrs.org/results/72948/4463928/Florida_Relays/400-Hurdles,TFRRS all_performances
"Duben, Lea",Alabama,SEC,400H,2022,2,,,1:03.77,seconds,LSU Joe May Invitational,2022-04-09,,,,Outdoor,https://www.tfrrs.org/results/74133/4482458/LSU_Joe_May_Invitational/400-Hurdles,TFRRS all_performances
"Milani, Sydney",Alabama,SEC,400H,2022,3,,,1:00.04,seconds,LSU Joe May Invitational,2022-04-09,,,,Outdoor,https://www.tfrrs.org/results/74133/4482458/LSU_Joe_May_Invitational/400-Hurdles,TFRRS all_performances
"Milani, Sydney",Alabama,SEC,400H,2022,3,,,1:00.15,seconds,UF Tom Jones Memorial,2022-04-15,,,,Outdoor,https://www.tfrrs.org/results/73497/4502555/UF_Tom_Jones_Memorial/400-Hurdles,TFRRS all_performances
"Milani, Sydney",Alabama,SEC,400H,2022,3,,,59.26,seconds,Crimson Tide Invitational,2022-04-22,,,,Outdoor,https://www.tfrrs.org/results/74765/4519333/Crimson_Tide_Invitational/400-Hurdles,TFRRS all_performances
"Milani, Sydney",Alabama,SEC,400H,2022,3,,,1:00.22,seconds,LSU Invitational,2022-04-30,,,,Outdoor,https://www.tfrrs.org/results/74135/4536434/LSU_Invitational/400-Hurdles,TFRRS all_performances
"Milani, Sydney",Alabama,SEC,400H,2022,3,,,59.48,seconds,SEC Outdoor Track & Field Championships,2022-05-12,,,,Outdoor,https://www.tfrrs.org/results/74844/4555617/SEC_Outdoor_Track__Field_Championships/400-Hurdles,TFRRS all_performances
"Milani, Sydney",Alabama,SEC,400H,2022,3,,,59.43,seconds,NCAA East Preliminary Round,2022-05-25,,,,Outdoor,https://www.tfrrs.org/results/75213/4566131/NCAA_East_Preliminary_Round/400-Hurdles,TFRRS all_performances
"Watson, Vanessa",Florida,SEC,400H,2022,2,,,57.38,seconds,2022 94th Clyde Littlefield Texas Relays,2022-03-23,,,,Outdoor,https://www.tfrrs.org/results/72503/4440620/2022_94th_Clyde_Littlefield_Texas_Relays/400-Hurdles,TFRRS all_performances
"Watson, Vanessa",Florida,SEC,400H,2022,2,,,57.80,seconds,2022 94th Clyde Littlefield Texas Relays,2022-03-23,,,,Outdoor,https://www.tfrrs.org/results/72503/4440620/2022_94th_Clyde_Littlefield_Texas_Relays/400-Hurdles,TFRRS all_performances
"Hall, Anna",Florida,SEC,400H,2022,2,,,55.35,seconds,Florida Relays,2022-03-31,,,,Outdoor,https://www.tfrrs.org/results/72948/4463928/Florida_Relays/400-Hurdles,TFRRS all_performances
"Watson, Vanessa",Florida,SEC,400H,2022,2,,,56.25,seconds,Florida Relays,2022-03-31,,,,Outdoor,https://www.tfrrs.org/results/72948/4463928/Florida_Relays/400-Hurdles,TFRRS all_performances
"Watson, Vanessa",Florida,SEC,400H,2022,2,,,57.86,seconds,UF Tom Jones Memorial,2022-04-15,,,,Outdoor,https://www.tfrrs.org/results/73497/4502555/UF_Tom_Jones_Memorial/400-Hurdles,TFRRS all_performances
"Hall, Anna",Florida,SEC,400H,2022,2,,,54.91,seconds,SEC Outdoor Track & Field Championships,2022-05-12,,,,Outdoor,https://www.tfrrs.org/results/74844/4555617/SEC_Outdoor_Track__Field_Championships/400-Hurdles,TFRRS all_performances
"Hall, Anna",Florida,SEC,400H,2022,2,,,55.36,seconds,SEC Outdoor Track & Field Championships,2022-05-12,,,,Outdoor,https://www.tfrrs.org/results/74844/4555617/SEC_Outdoor_Track__Field_Championships/400-Hurdles,TFRRS all_performances
"Watson, Vanessa",Florida,SEC,400H,2022,2,,,56.84,seconds,SEC Outdoor Track & Field Championships,2022-05-12,,,,Outdoor,https://www.tfrrs.org/results/74844/4555617/SEC_Outdoor_Track__Field_Championships/400-Hurdles,TFRRS all_performances
"Watson, Vanessa",Florida,SEC,400H,2022,2,,,57.31,seconds,SEC Outdoor Track & Field Championships,2022-05-12,,,,Outdoor,https://www.tfrrs.org/results/74844/4555617/SEC_Outdoor_Track__Field_Championships/400-Hurdles,TFRRS all_performances
"Hall, Anna",Florida,SEC,400H,2022,2,,,55.25,seconds,NCAA East Preliminary Round,2022-05-25,,,,Outdoor,https://www.tfrrs.org/results/75213/4566131/NCAA_East_Preliminary_Round/400-Hurdles,TFRRS all_performances
"Hall, Anna",Florida,SEC,400H,2022,2,,,56.25,seconds,NCAA East Preliminary Round,2022-05-25,,,,Outdoor,https://www.tfrrs.org/results/75213/4566131/NCAA_East_Preliminary_Round/400-Hurdles,TFRRS all_performances
"Watson, Vanessa",Florida,SEC,400H,2022,2,,,57.65,seconds,NCAA East Preliminary Round,2022-05-25,,,,Outdoor,https://www.tfrrs.org/results/75213/4566131/NCAA_East_Preliminary_Round/400-Hurdles,TFRRS all_performances
"Watson, Vanessa",Florida,SEC,400H,2022,2,,,57.79,seconds,NCAA East Preliminary Round,2022-05-25,,,,Outdoor,https://www.tfrrs.org/results/75213/4566131/NCAA_East_Preliminary_Round/400-Hurdles,TFRRS all_performances
"Hall, Anna",Florida,SEC,400H,2022,2,,,54.48,seconds,NCAA Division I Outdoor Track & Field Championships,2022-06-08,,,,Outdoor,https://www.tfrrs.org/results/75224/4567498/NCAA_Division_I_Outdoor_Track__Field_Championships/400-Hurdles,TFRRS all_performances
"Hall, Anna",Florida,SEC,400H,2022,2,,,54.76,seconds,NCAA Division I Outdoor Track & Field Championships,2022-06-08,,,,Outdoor,https://www.tfrrs.org/results/75224/4567498/NCAA_Division_I_Outdoor_Track__Field_Championships/400-Hurdles,TFRRS all_performances
"Watson, Vanessa",Florida,SEC,400H,2022,2,,,56.75,seconds,NCAA Division I Outdoor Track & Field Championships,2022-06-08,,,,Outdoor,https://www.tfrrs.org/results/75224/4567498/NCAA_Division_I_Outdoor_Track__Field_Championships/400-Hurdles,TFRRS all_performances
"Watson, Vanessa",Florida,SEC,400H,2022,2,,,56.83,seconds,NCAA Division I Outdoor Track & Field Championships,2022-06-08,,,,Outdoor,https://www.tfrrs.org/results/75224/4567498/NCAA_Division_I_Outdoor_Track__Field_Championships/400-Hurdles,TFRRS all_performances
"Khan, Darci",Kentucky,SEC,400H,2022,2,,,1:15.43,seconds,Black and Gold Invite,2022-03-18,,,,Outdoor,https://www.tfrrs.org/results/72780/4425360/Black_and_Gold_Invite/400-Hurdles,TFRRS all_performances
"Russell, Masai",Kentucky,SEC,400H,2022,3,,,56.52,seconds,Black and Gold Invite,2022-03-18,,,,Outdoor,https://www.tfrrs.org/results/72780/4425360/Black_and_Gold_Invite/400-Hurdles,TFRRS all_performances
"Khan, Darci",Kentucky,SEC,400H,2022,2,,,1:04.83,seconds,Florida Relays,2022-03-31,,,,Outdoor,https://www.tfrrs.org/results/72948/4463928/Florida_Relays/400-Hurdles,TFRRS all_performances
"Russell, Masai",Kentucky,SEC,400H,2022,3,,,55.41,seconds,Florida Relays,2022-03-31,,,,Outdoor,https://www.tfrrs.org/results/72948/4463928/Florida_Relays/400-Hurdles,TFRRS all_performances
"Khan, Darci",Kentucky,SEC,400H,2022,2,,,1:03.14,seconds,LSU Joe May Invitational,2022-04-09,,,,Outdoor,https://www.tfrrs.org/results/74133/4482458/LSU_Joe_May_Invitational/400-Hurdles,TFRRS all_performances
"Khan, Darci",Kentucky,SEC,400H,2022,2,,,1:02.17,seconds,2022 Kentucky Track & Field Invitational,2022-04-22,,,,Outdoor,https://www.tfrrs.org/results/70609/4514292/2022_Kentucky_Track__Field_Invitational/400-Hurdles,TFRRS all_performances
"Russell, Masai",Kentucky,SEC,400H,2022,3,,,56.46,seconds,2022 Kentucky Track & Field Invitational,2022-04-22,,,,Outdoor,https://www.tfrrs.org/results/70609/4514292/2022_Kentucky_Track__Field_Invitational/400-Hurdles,TFRRS all_performances
"Russell, Masai",Kentucky,SEC,400H,2022,3,,,56.27,seconds,Drake Relays,2022-04-27,,,,Outdoor,https://www.tfrrs.org/results/74970/4536759/Drake_Relays/400-Hurdles,TFRRS all_performances
"Russell, Masai",Kentucky,SEC,400H,2022,3,,,55.44,seconds,SEC Outdoor Track & Field Championships,2022-05-12,,,,Outdoor,https://www.tfrrs.org/results/74844/4555617/SEC_Outdoor_Track__Field_Championships/400-Hurdles,TFRRS all_performances
"Russell, Masai",Kentucky,SEC,400H,2022,3,,,56.32,seconds,SEC Outdoor Track & Field Championships,2022-05-12,,,,Outdoor,https://www.tfrrs.org/results/74844/4555617/SEC_Outdoor_Track__Field_Championships/400-Hurdles,TFRRS all_performances
"Russell, Masai",Kentucky,SEC,400H,2022,3,,,55.36,seconds,NCAA East Preliminary Round,2022-05-25,,,,Outdoor,https://www.tfrrs.org/results/75213/4566131/NCAA_East_Preliminary_Round/400-Hurdles,TFRRS all_performances
"Russell, Masai",Kentucky,SEC,400H,2022,3,,,57.98,seconds,NCAA East Preliminary Round,2022-05-25,,,,Outdoor,https://www.tfrrs.org/results/75213/4566131/NCAA_East_Preliminary_Round/400-Hurdles,TFRRS all_performances
"Russell, Masai",Kentucky,SEC,400H,2022,3,,,55.83,seconds,NCAA Division I Outdoor Track & Field Championships,2022-06-08,,,,Outdoor,https://www.tfrrs.org/results/75224/4567498/NCAA_Division_I_Outdoor_Track__Field_Championships/400-Hurdles,TFRRS all_performances
"Russell, Masai",Kentucky,SEC,400H,2022,3,,,56.15,seconds,NCAA Division I Outdoor Track & Field Championships,2022-06-08,,,,Outdoor,https://www.tfrrs.org/results/75224/4567498/NCAA_Division_I_Outdoor_Track__Field_Championships/400-Hurdles,TFRRS all_performances
"Glenn, Rachel",South Carolina,SEC,400H,2022,2,,,56.43,seconds,Florida Relays,2022-03-31,,,,Outdoor,https://www.tfrrs.org/results/72948/4463928/Florida_Relays/400-Hurdles,TFRRS all_performances
"Glenn, Rachel",South Carolina,SEC,400H,2022,2,,,57.60,seconds,UofSC Open,2022-04-23,,,,Outdoor,https://www.tfrrs.org/results/73095/4518992/UofSC_Open/400-Hurdles,TFRRS all_performances
"Glenn, Rachel",South Carolina,SEC,400H,2022,2,,,57.52,seconds,Penn Relays,2022-04-28,,,,Outdoor,https://www.tfrrs.org/results/74986/4539225/Penn_Relays/400-Hurdles,TFRRS all_performances
"Glenn, Rachel",South Carolina,SEC,400H,2022,2,,,56.78,seconds,SEC Outdoor Track & Field Championships,2022-05-12,,,,Outdoor,https://www.tfrrs.org/results/74844/4555617/SEC_Outdoor_Track__Field_Championships/400-Hurdles,TFRRS all_performances
"Glenn, Rachel",South Carolina,SEC,400H,2022,2,,,57.09,seconds,SEC Outdoor Track & Field Championships,2022-05-12,,,,Outdoor,https://www.tfrrs.org/results/74844/4555617/SEC_Outdoor_Track__Field_Championships/400-Hurdles,TFRRS all_performances
"Carter, Kori",Clemson,ACC,400H,2023,4,,,1:03.59,s,Yellow Jacket Invitational,2023-03-17,,,,Outdoor,https://www.tfrrs.org/results/78633/4769223/Yellow_Jacket_Invitational/400-Hurdles,TFRRS all_performances
"Gadson, Ken'naria",Clemson,ACC,400H,2023,3,,,1:00.73,s,Yellow Jacket Invitational,2023-03-17,,,,Outdoor,https://www.tfrrs.org/results/78633/4769223/Yellow_Jacket_Invitational/400-Hurdles,TFRRS all_performances
"Graham, Lashanna",Clemson,ACC,400H,2023,3,,,58.00,s,Yellow Jacket Invitational,2023-03-17,,,,Outdoor,https://www.tfrrs.org/results/78633/4769223/Yellow_Jacket_Invitational/400-Hurdles,TFRRS all_performances
"Osher, Mackenzie",Clemson,ACC,400H,2023,2,,,1:08.64,s,Yellow Jacket Invitational,2023-03-17,,,,Outdoor,https://www.tfrrs.org/results/78633/4769223/Yellow_Jacket_Invitational/400-Hurdles,TFRRS all_performances
"Carter, Kori",Clemson,ACC,400H,2023,4,,,1:05.04,s,Knights Invite,2023-03-24,,,,Outdoor,https://www.tfrrs.org/results/77633/4746314/Knights_Invite/400-Hurdles,TFRRS all_performances
"Gadson, Ken'naria",Clemson,ACC,400H,2023,3,,,57.77,s,Knights Invite,2023-03-24,,,,Outdoor,https://www.tfrrs.org/results/77633/4746314/Knights_Invite/400-Hurdles,TFRRS all_performances
"Graham, Lashanna",Clemson,ACC,400H,2023,3,,,57.70,s,Knights Invite,2023-03-24,,,,Outdoor,https://www.tfrrs.org/results/77633/4746314/Knights_Invite/400-Hurdles,TFRRS all_performances
"Osher, Mackenzie",Clemson,ACC,400H,2023,2,,,1:04.17,s,Knights Invite,2023-03-24,,,,Outdoor,https://www.tfrrs.org/results/77633/4746314/Knights_Invite/400-Hurdles,TFRRS all_performances
"Gadson, Ken'naria",Clemson,ACC,400H,2023,3,,,59.03,s,2023 95th Clyde Littlefield Texas Relays,2023-03-29,,,,Outdoor,https://www.tfrrs.org/results/77369/4767401/2023_95th_Clyde_Littlefield_Texas_Relays/400-Hurdles,TFRRS all_performances
"Graham, Lashanna",Clemson,ACC,400H,2023,3,,,57.17,s,2023 95th Clyde Littlefield Texas Relays,2023-03-29,,,,Outdoor,https://www.tfrrs.org/results/77369/4767284/2023_95th_Clyde_Littlefield_Texas_Relays/400-Hurdles,TFRRS all_performances
"Graham, Lashanna",Clemson,ACC,400H,2023,3,,,57.33,s,2023 95th Clyde Littlefield Texas Relays,2023-03-29,,,,Outdoor,https://www.tfrrs.org/results/77369/4767284/2023_95th_Clyde_Littlefield_Texas_Relays/400-Hurdles,TFRRS all_performances
"Osher, Mackenzie",Clemson,ACC,400H,2023,2,,,1:04.09,s,2023 95th Clyde Littlefield Texas Relays,2023-03-29,,,,Outdoor,https://www.tfrrs.org/results/77369/4767401/2023_95th_Clyde_Littlefield_Texas_Relays/400-Hurdles,TFRRS all_performances
"Gadson, Ken'naria",Clemson,ACC,400H,2023,3,,,57.36,s,UF Tom Jones Memorial,2023-04-14,,,,Outdoor,https://www.tfrrs.org/results/78102/4824387/UF_Tom_Jones_Memorial/400-Hurdles,TFRRS all_performances
"Graham, Lashanna",Clemson,ACC,400H,2023,3,,,56.54,s,UF Tom Jones Memorial,2023-04-14,,,,Outdoor,https://www.tfrrs.org/results/78102/4824387/UF_Tom_Jones_Memorial/400-Hurdles,TFRRS all_performances
"Osher, Mackenzie",Clemson,ACC,400H,2023,2,,,1:04.08,s,UF Tom Jones Memorial,2023-04-14,,,,Outdoor,https://www.tfrrs.org/results/78102/4824387/UF_Tom_Jones_Memorial/400-Hurdles,TFRRS all_performances
"Osher, Mackenzie",Clemson,ACC,400H,2023,2,,,1:04.40,s,USC Open Outdoor 2023,2023-04-22,,,,Outdoor,https://www.tfrrs.org/results/76412/4855761/USC_Open_Outdoor_2023/400-Hurdles,TFRRS all_performances
"Gadson, Ken'naria",Clemson,ACC,400H,2023,3,,,NT,s,Penn Relays,2023-04-27,Final,,,Outdoor,https://mobile.tfrrs.org/athletes/7726989/Clemson/Ken%27naria_Gadson,legacy_source_needs_review
"Graham, Lashanna",Clemson,ACC,400H,2023,3,,,56.62,s,Penn Relays,2023-04-27,,,,Outdoor,https://www.tfrrs.org/results/80814/4891277/Penn_Relays/400-Hurdles,TFRRS all_performances
"Gadson, Ken'naria",Clemson,ACC,400H,2023,3,,,57.17,s,ACC Outdoor Track & Field Championships,2023-05-11,,,,Outdoor,https://www.tfrrs.org/results/81191/4928816/ACC_Outdoor_Track__Field_Championships/400-Hurdles,TFRRS all_performances
"Gadson, Ken'naria",Clemson,ACC,400H,2023,3,,,57.99,s,ACC Outdoor Track & Field Championships,2023-05-11,,,,Outdoor,https://www.tfrrs.org/results/81191/4928816/ACC_Outdoor_Track__Field_Championships/400-Hurdles,TFRRS all_performances
"Graham, Lashanna",Clemson,ACC,400H,2023,3,,,56.89,s,ACC Outdoor Track & Field Championships,2023-05-11,,,,Outdoor,https://www.tfrrs.org/results/81191/4928816/ACC_Outdoor_Track__Field_Championships/400-Hurdles,TFRRS all_performances
"Osher, Mackenzie",Clemson,ACC,400H,2023,2,,,1:01.83,s,ACC Outdoor Track & Field Championships,2023-05-11,,,,Outdoor,https://www.tfrrs.org/results/81191/4928816/ACC_Outdoor_Track__Field_Championships/400-Hurdles,TFRRS all_performances
"Graham, Lashanna",Clemson,ACC,400H,2023,3,,,DQ,s,ACC Outdoor Track & Field Championships,2023-05-13,Final,,,Outdoor,https://www.tfrrs.org/athletes/8316107/Clemson/Lashanna_Graham,legacy_source_needs_review
"Gadson, Ken'naria",Clemson,ACC,400H,2023,3,,,58.72,s,NCAA East Preliminary Round,2023-05-25,,,,Outdoor,https://www.tfrrs.org/results/81274/4936800/NCAA_East_Preliminary_Round/400-Hurdles,TFRRS all_performances
"Graham, Lashanna",Clemson,ACC,400H,2023,3,,,57.55,s,NCAA East Preliminary Round,2023-05-25,,,,Outdoor,https://www.tfrrs.org/results/81274/4936800/NCAA_East_Preliminary_Round/400-Hurdles,TFRRS all_performances
"Graham, Lashanna",Clemson,ACC,400H,2023,3,,,57.70,s,NCAA East Preliminary Round,2023-05-25,,,,Outdoor,https://www.tfrrs.org/results/81274/4936800/NCAA_East_Preliminary_Round/400-Hurdles,TFRRS all_performances
"Graham, Lashanna",Clemson,ACC,400H,2023,3,,,55.59,s,NCAA Division I Outdoor Track & Field Championships,2023-06-07,,,,Outdoor,https://www.tfrrs.org/results/81300/4938124/NCAA_Division_I_Outdoor_Track__Field_Championships/400-Hurdles,TFRRS all_performances
"Graham, Lashanna",Clemson,ACC,400H,2023,3,,,56.02,s,NCAA Division I Outdoor Track & Field Championships,2023-06-07,,,,Outdoor,https://www.tfrrs.org/results/81300/4938124/NCAA_Division_I_Outdoor_Track__Field_Championships/400-Hurdles,TFRRS all_performances
"Gragg, Arianna",Duke,ACC,400H,2023,4,,,1:00.41,s,Alan Connie Shamrock Invitational,2023-03-16,,,,Outdoor,https://www.tfrrs.org/results/75548/4733597/Alan_Connie_Shamrock_Invitational/400-Hurdles,TFRRS all_performances
"Rizek, Haley",Duke,ACC,400H,2023,4,,,1:01.04,s,Alan Connie Shamrock Invitational,2023-03-16,,,,Outdoor,https://www.tfrrs.org/results/75548/4733597/Alan_Connie_Shamrock_Invitational/400-Hurdles,TFRRS all_performances
"Sims, Meredith",Duke,ACC,400H,2023,2,,,1:04.45,s,Alan Connie Shamrock Invitational,2023-03-16,,,,Outdoor,https://www.tfrrs.org/results/75548/4733597/Alan_Connie_Shamrock_Invitational/400-Hurdles,TFRRS all_performances
"Tarpeh, Jorhdyn",Duke,ACC,400H,2023,1,,,1:06.60,s,Alan Connie Shamrock Invitational,2023-03-16,,,,Outdoor,https://www.tfrrs.org/results/75548/4733597/Alan_Connie_Shamrock_Invitational/400-Hurdles,TFRRS all_performances
"Geiser, Abby",Duke,ACC,400H,2023,2,,,1:00.27,s,Raleigh Relays,2023-03-23,,,,Outdoor,https://www.tfrrs.org/results/78810/4756270/Raleigh_Relays/400-Hurdles,TFRRS all_performances
"Gragg, Arianna",Duke,ACC,400H,2023,4,,,59.60,s,Raleigh Relays,2023-03-23,,,,Outdoor,https://www.tfrrs.org/results/78810/4756270/Raleigh_Relays/400-Hurdles,TFRRS all_performances
"Onuoha, Amarachi",Duke,ACC,400H,2023,2,,,1:05.30,s,Raleigh Relays,2023-03-23,,,,Outdoor,https://www.tfrrs.org/results/78810/4756270/Raleigh_Relays/400-Hurdles,TFRRS all_performances
"Rizek, Haley",Duke,ACC,400H,2023,4,,,1:00.17,s,Raleigh Relays,2023-03-23,,,,Outdoor,https://www.tfrrs.org/results/78810/4756270/Raleigh_Relays/400-Hurdles,TFRRS all_performances
"Sims, Meredith",Duke,ACC,400H,2023,2,,,1:02.20,s,Raleigh Relays,2023-03-23,,,,Outdoor,https://www.tfrrs.org/results/78810/4756270/Raleigh_Relays/400-Hurdles,TFRRS all_performances
"Tarpeh, Jorhdyn",Duke,ACC,400H,2023,1,,,1:05.40,s,Raleigh Relays,2023-03-23,,,,Outdoor,https://www.tfrrs.org/results/78810/4756270/Raleigh_Relays/400-Hurdles,TFRRS all_performances
"Dietz, Madison",Duke,ACC,400H,2023,1,,,1:05.48,s,Vertklasse,2023-03-31,,,,Outdoor,https://www.tfrrs.org/results/77636/4765532/Vertklasse/400-Hurdles,TFRRS all_performances
"Gragg, Arianna",Duke,ACC,400H,2023,4,,,1:00.29,s,Vertklasse,2023-03-31,,,,Outdoor,https://www.tfrrs.org/results/77636/4765532/Vertklasse/400-Hurdles,TFRRS all_performances
"Onuoha, Amarachi",Duke,ACC,400H,2023,2,,,1:04.97,s,Vertklasse,2023-03-31,,,,Outdoor,https://www.tfrrs.org/results/77636/4765532/Vertklasse/400-Hurdles,TFRRS all_performances
"Sims, Meredith",Duke,ACC,400H,2023,2,,,1:03.47,s,Vertklasse,2023-03-31,,,,Outdoor,https://www.tfrrs.org/results/77636/4765532/Vertklasse/400-Hurdles,TFRRS all_performances
"Gragg, Arianna",Duke,ACC,400H,2023,4,,,1:01.07,s,Duke Invitational,2023-04-06,,,,Outdoor,https://www.tfrrs.org/results/79646/4805396/Duke_Invitational/400-Hurdles,TFRRS all_performances
"Sims, Meredith",Duke,ACC,400H,2023,2,,,1:01.81,s,Duke Invitational,2023-04-06,,,,Outdoor,https://www.tfrrs.org/results/79646/4805396/Duke_Invitational/400-Hurdles,TFRRS all_performances
"Tarpeh, Jorhdyn",Duke,ACC,400H,2023,1,,,1:04.32,s,Duke Invitational,2023-04-06,,,,Outdoor,https://www.tfrrs.org/results/79646/4805396/Duke_Invitational/400-Hurdles,TFRRS all_performances
"Geiser, Abby",Duke,ACC,400H,2023,2,,,1:00.71,s,63rd Annual Mt. SAC Relays,2023-04-12,,,,Outdoor,https://www.tfrrs.org/results/77931/4826975/63rd_Annual_Mt_SAC_Relays/400-Hurdles,TFRRS all_performances
"Gragg, Arianna",Duke,ACC,400H,2023,4,,,1:01.58,s,63rd Annual Mt. SAC Relays,2023-04-12,,,,Outdoor,https://www.tfrrs.org/results/77931/4826975/63rd_Annual_Mt_SAC_Relays/400-Hurdles,TFRRS all_performances
"Sims, Meredith",Duke,ACC,400H,2023,2,,,1:00.44,s,Wake Forest Invitational,2023-04-21,,,,Outdoor,https://www.tfrrs.org/results/80368/4901716/Wake_Forest_Invitational/400-Hurdles,TFRRS all_performances
"Tarpeh, Jorhdyn",Duke,ACC,400H,2023,1,,,1:02.84,s,Wake Forest Invitational,2023-04-21,,,,Outdoor,https://www.tfrrs.org/results/80368/4901716/Wake_Forest_Invitational/400-Hurdles,TFRRS all_performances
"Geiser, Abby",Duke,ACC,400H,2023,2,,,1:01.33,s,Penn Relays,2023-04-27,,,,Outdoor,https://www.tfrrs.org/results/80814/4891277/Penn_Relays/400-Hurdles,TFRRS all_performances
"Gragg, Arianna",Duke,ACC,400H,2023,4,,,58.96,s,Penn Relays,2023-04-27,,,,Outdoor,https://www.tfrrs.org/results/80814/4891277/Penn_Relays/400-Hurdles,TFRRS all_performances
"Rizek, Haley",Duke,ACC,400H,2023,4,,,1:01.02,s,Penn Relays,2023-04-27,,,,Outdoor,https://www.tfrrs.org/results/80814/4891277/Penn_Relays/400-Hurdles,TFRRS all_performances
"Gragg, Arianna",Duke,ACC,400H,2023,4,,,57.87,s,ACC Outdoor Track & Field Championships,2023-05-11,,,,Outdoor,https://www.tfrrs.org/results/81191/4928816/ACC_Outdoor_Track__Field_Championships/400-Hurdles,TFRRS all_performances
"Gragg, Arianna",Duke,ACC,400H,2023,4,,,58.95,s,ACC Outdoor Track & Field Championships,2023-05-11,,,,Outdoor,https://www.tfrrs.org/results/81191/4928816/ACC_Outdoor_Track__Field_Championships/400-Hurdles,TFRRS all_performances
"Gragg, Arianna",Duke,ACC,400H,2023,4,,,59.12,s,NCAA East Preliminary Round,2023-05-25,,,,Outdoor,https://www.tfrrs.org/results/81274/4936800/NCAA_East_Preliminary_Round/400-Hurdles,TFRRS all_performances
"Klein, Ava",Florida State,ACC,400H,2023,3,,,58.61,s,FSU Relays (College),2023-03-23,,,,Outdoor,https://www.tfrrs.org/results/78847/4769187/FSU_Relays_College/400-Hurdles,TFRRS all_performances
"Spencer, Makiya",Florida State,ACC,400H,2023,4,,,1:02.06,s,FSU Relays (College),2023-03-23,,,,Outdoor,https://www.tfrrs.org/results/78847/4769187/FSU_Relays_College/400-Hurdles,TFRRS all_performances
"Webster, Alexandra",Florida State,ACC,400H,2023,3,,,56.96,s,FSU Relays (College),2023-03-23,,,,Outdoor,https://www.tfrrs.org/results/78847/4769187/FSU_Relays_College/400-Hurdles,TFRRS all_performances
"Wilson, Tyra",Florida State,ACC,400H,2023,2,,,57.91,s,FSU Relays (College),2023-03-23,,,,Outdoor,https://www.tfrrs.org/results/78847/4769187/FSU_Relays_College/400-Hurdles,TFRRS all_performances
"Klein, Ava",Florida State,ACC,400H,2023,3,,,59.16,s,Pepsi Florida Relays,2023-03-31,,,,Outdoor,https://www.tfrrs.org/results/77662/4765444/Pepsi_Florida_Relays/400-Hurdles,TFRRS all_performances
"Spencer, Makiya",Florida State,ACC,400H,2023,4,,,1:02.60,s,Pepsi Florida Relays,2023-03-31,,,,Outdoor,https://www.tfrrs.org/results/77662/4765444/Pepsi_Florida_Relays/400-Hurdles,TFRRS all_performances
"Wilson, Tyra",Florida State,ACC,400H,2023,2,,,57.47,s,Pepsi Florida Relays,2023-03-31,,,,Outdoor,https://www.tfrrs.org/results/77662/4765444/Pepsi_Florida_Relays/400-Hurdles,TFRRS all_performances
"Klein, Ava",Florida State,ACC,400H,2023,3,,,59.85,s,UF Tom Jones Memorial,2023-04-14,,,,Outdoor,https://www.tfrrs.org/results/78102/4824387/UF_Tom_Jones_Memorial/400-Hurdles,TFRRS all_performances
"Klein, Ava",Florida State,ACC,400H,2023,3,,,59.89,s,LSU Alumni Gold,2023-04-22,,,,Outdoor,https://www.tfrrs.org/results/78405/4853733/LSU_Alumni_Gold/400-Hurdles,TFRRS all_performances
"Spencer, Makiya",Florida State,ACC,400H,2023,4,,,1:02.61,s,LSU Alumni Gold,2023-04-22,,,,Outdoor,https://www.tfrrs.org/results/78405/4853733/LSU_Alumni_Gold/400-Hurdles,TFRRS all_performances
"Spencer, Makiya",Florida State,ACC,400H,2023,4,,,1:02.94,s,UNF East Coast Relays,2023-04-28,,,,Outdoor,https://www.tfrrs.org/results/75449/4878639/UNF_East_Coast_Relays/400-Hurdles,TFRRS all_performances
"Webster, Alexandra",Florida State,ACC,400H,2023,3,,,1:00.34,s,UNF East Coast Relays,2023-04-28,,,,Outdoor,https://www.tfrrs.org/results/75449/4878639/UNF_East_Coast_Relays/400-Hurdles,TFRRS all_performances
"Klein, Ava",Florida State,ACC,400H,2023,3,,,59.71,s,ACC Outdoor Track & Field Championships,2023-05-11,,,,Outdoor,https://www.tfrrs.org/results/81191/4928816/ACC_Outdoor_Track__Field_Championships/400-Hurdles,TFRRS all_performances
"Spencer, Makiya",Florida State,ACC,400H,2023,4,,,1:01.34,s,ACC Outdoor Track & Field Championships,2023-05-11,,,,Outdoor,https://www.tfrrs.org/results/81191/4928816/ACC_Outdoor_Track__Field_Championships/400-Hurdles,TFRRS all_performances
"Wilson, Tyra",Florida State,ACC,400H,2023,2,,,59.51,s,ACC Outdoor Track & Field Championships,2023-05-11,,,,Outdoor,https://www.tfrrs.org/results/81191/4928816/ACC_Outdoor_Track__Field_Championships/400-Hurdles,TFRRS all_performances
"Klein, Ava",Florida State,ACC,400H,2023,3,,,1:00.11,s,NCAA East Preliminary Round,2023-05-25,,,,Outdoor,https://www.tfrrs.org/results/81274/4936800/NCAA_East_Preliminary_Round/400-Hurdles,TFRRS all_performances
"Webster, Alexandra",Florida State,ACC,400H,2023,3,,,1:01.19,s,NCAA East Preliminary Round,2023-05-25,,,,Outdoor,https://www.tfrrs.org/results/81274/4936800/NCAA_East_Preliminary_Round/400-Hurdles,TFRRS all_performances
"Webster, Alexandra",Florida State,ACC,400H,2023,3,,,58.32,s,NCAA East Preliminary Round,2023-05-25,,,,Outdoor,https://www.tfrrs.org/results/81274/4936800/NCAA_East_Preliminary_Round/400-Hurdles,TFRRS all_performances
"Romain, Madison",Stanford,ACC,400H,2023,1,,,1:07.68,s,Cardinal Classic,2023-03-18,,,,Outdoor,https://www.tfrrs.org/results/77088/4735142/Cardinal_Classic/400-Hurdles,TFRRS all_performances
"Thomas, Samantha",Stanford,ACC,400H,2023,3,,,1:00.22,s,Cardinal Classic,2023-03-18,,,,Outdoor,https://www.tfrrs.org/results/77088/4735142/Cardinal_Classic/400-Hurdles,TFRRS all_performances
"Thomas, Samantha",Stanford,ACC,400H,2023,3,,,1:01.67,s,Stanford Invitational,2023-03-31,,,,Outdoor,https://www.tfrrs.org/results/77089/4767520/Stanford_Invitational/400-Hurdles,TFRRS all_performances
"Romain, Madison",Stanford,ACC,400H,2023,1,,,1:04.88,s,2023 Brutus Hamilton,2023-04-08,,,,Outdoor,https://www.tfrrs.org/results/77969/4799083/2023_Brutus_Hamilton/400-Hurdles,TFRRS all_performances
"Thomas, Samantha",Stanford,ACC,400H,2023,3,,,59.92,s,2023 Brutus Hamilton,2023-04-08,,,,Outdoor,https://www.tfrrs.org/results/77969/4799083/2023_Brutus_Hamilton/400-Hurdles,TFRRS all_performances
"Romain, Madison",Stanford,ACC,400H,2023,1,,,1:06.20,s,63rd Annual Mt. SAC Relays,2023-04-12,,,,Outdoor,https://www.tfrrs.org/results/77931/4826975/63rd_Annual_Mt_SAC_Relays/400-Hurdles,TFRRS all_performances
"Thomas, Samantha",Stanford,ACC,400H,2023,3,,,1:00.08,s,63rd Annual Mt. SAC Relays,2023-04-12,,,,Outdoor,https://www.tfrrs.org/results/77931/4826975/63rd_Annual_Mt_SAC_Relays/400-Hurdles,TFRRS all_performances
"Romain, Madison",Stanford,ACC,400H,2023,1,,,1:05.57,s,Payton Jordan Invitational,2023-04-21,,,,Outdoor,https://www.tfrrs.org/results/77607/4850062/Payton_Jordan_Invitational/400-Hurdles,TFRRS all_performances
"Thomas, Samantha",Stanford,ACC,400H,2023,3,,,58.82,s,Payton Jordan Invitational,2023-04-21,,,,Outdoor,https://www.tfrrs.org/results/77607/4850062/Payton_Jordan_Invitational/400-Hurdles,TFRRS all_performances
"Romain, Madison",Stanford,ACC,400H,2023,1,,,1:18.98,s,The 128th Big Meet,2023-04-29,,,,Outdoor,https://www.tfrrs.org/results/77976/4880237/The_128th_Big_Meet/400-Hurdles,TFRRS all_performances
"Thomas, Samantha",Stanford,ACC,400H,2023,3,,,59.45,s,The 128th Big Meet,2023-04-29,,,,Outdoor,https://www.tfrrs.org/results/77976/4880237/The_128th_Big_Meet/400-Hurdles,TFRRS all_performances
"Thomas, Samantha",Stanford,ACC,400H,2023,3,,,58.22,s,Pac-12 Track & Field Championships,2023-05-12,,,,Outdoor,https://www.tfrrs.org/results/79702/4929160/Pac-12_Track__Field_Championships/400-Hurdles,TFRRS all_performances
"Thomas, Samantha",Stanford,ACC,400H,2023,3,,,59.26,s,Pac-12 Track & Field Championships,2023-05-12,,,,Outdoor,https://www.tfrrs.org/results/79702/4929160/Pac-12_Track__Field_Championships/400-Hurdles,TFRRS all_performances
"Thomas, Samantha",Stanford,ACC,400H,2023,3,,,58.98,s,NCAA West Preliminary Round,2023-05-24,,,,Outdoor,https://www.tfrrs.org/results/81275/4936760/NCAA_West_Preliminary_Round/400-Hurdles,TFRRS all_performances
"Thomas, Samantha",Stanford,ACC,400H,2023,3,,,59.31,s,NCAA West Preliminary Round,2023-05-24,,,,Outdoor,https://www.tfrrs.org/results/81275/4936760/NCAA_West_Preliminary_Round/400-Hurdles,TFRRS all_performances
"Akpan, Sophia",Virginia,ACC,400H,2023,1,,,1:03.43,s,Raleigh Relays,2023-03-23,,,,Outdoor,https://www.tfrrs.org/results/78810/4756270/Raleigh_Relays/400-Hurdles,TFRRS all_performances
"Alexandru, Emily",Virginia,ACC,400H,2023,2,,,58.91,s,Raleigh Relays,2023-03-23,,,,Outdoor,https://www.tfrrs.org/results/78810/4756270/Raleigh_Relays/400-Hurdles,TFRRS all_performances
"Akpan, Sophia",Virginia,ACC,400H,2023,1,,,1:06.36,s,Virginia Quadrangular,2023-04-01,,,,Outdoor,https://www.tfrrs.org/results/79185/4766994/Virginia_Quadrangular/400-Hurdles,TFRRS all_performances
"Alexandru, Emily",Virginia,ACC,400H,2023,2,,,59.96,s,Virginia Quadrangular,2023-04-01,,,,Outdoor,https://www.tfrrs.org/results/79185/4766994/Virginia_Quadrangular/400-Hurdles,TFRRS all_performances
"Alexandru, Emily",Virginia,ACC,400H,2023,2,,,58.60,s,Spec Towns - Torrin Lawrence Invitational,2023-04-06,,,,Outdoor,https://www.tfrrs.org/results/79636/4805227/Spec_Towns_-_Torrin_Lawrence_Invitational/400-Hurdles,TFRRS all_performances
"Akpan, Sophia",Virginia,ACC,400H,2023,1,,,1:02.37,s,Virginia Grand Prix,2023-04-15,,,,Outdoor,https://www.tfrrs.org/results/80039/4825743/Virginia_Grand_Prix/400-Hurdles,TFRRS all_performances
"Alexandru, Emily",Virginia,ACC,400H,2023,2,,,58.70,s,Virginia Grand Prix,2023-04-15,,,,Outdoor,https://www.tfrrs.org/results/80039/4825743/Virginia_Grand_Prix/400-Hurdles,TFRRS all_performances
"Akpan, Sophia",Virginia,ACC,400H,2023,1,,,1:03.35,s,Virginia Challenge,2023-04-20,,,,Outdoor,https://www.tfrrs.org/results/80367/4855102/Virginia_Challenge/400-Hurdles,TFRRS all_performances
"Alexandru, Emily",Virginia,ACC,400H,2023,2,,,57.79,s,Virginia Challenge,2023-04-20,Final,1.0,,Outdoor,https://tfrrs.org/results/80367/4855102/Virginia_Challenge/Womens-400-Hurdles,legacy_source_needs_review
"Alexandru, Emily",Virginia,ACC,400H,2023,2,,,58.37,s,Virginia Challenge,2023-04-20,,,,Outdoor,https://www.tfrrs.org/results/80367/4855102/Virginia_Challenge/400-Hurdles,TFRRS all_performances
"Alexandru, Emily",Virginia,ACC,400H,2023,2,,,59.45,s,Penn Relays,2023-04-27,,,,Outdoor,https://www.tfrrs.org/results/80814/4891277/Penn_Relays/400-Hurdles,TFRRS all_performances
"Akpan, Sophia",Virginia,ACC,400H,2023,1,,,1:02.53,s,Virginia High Performance,2023-04-30,,,,Outdoor,https://www.tfrrs.org/results/80832/4889500/Virginia_High_Performance/400-Hurdles,TFRRS all_performances
"Akpan, Sophia",Virginia,ACC,400H,2023,1,,,1:02.70,s,ACC Outdoor Track & Field Championships,2023-05-11,,,,Outdoor,https://www.tfrrs.org/results/81191/4928816/ACC_Outdoor_Track__Field_Championships/400-Hurdles,TFRRS all_performances
"Alexandru, Emily",Virginia,ACC,400H,2023,2,,,58.89,s,ACC Outdoor Track & Field Championships,2023-05-11,,,,Outdoor,https://www.tfrrs.org/results/81191/4928816/ACC_Outdoor_Track__Field_Championships/400-Hurdles,TFRRS all_performances
"Alexandru, Emily",Virginia,ACC,400H,2023,2,,,58.92,s,ACC Outdoor Track & Field Championships,2023-05-11,,,,Outdoor,https://www.tfrrs.org/results/81191/4928816/ACC_Outdoor_Track__Field_Championships/400-Hurdles,TFRRS all_performances
"Alexandru, Emily",Virginia,ACC,400H,2023,2,,,59.30,s,NCAA East Preliminary Round,2023-05-25,,,,Outdoor,https://www.tfrrs.org/results/81274/4936800/NCAA_East_Preliminary_Round/400-Hurdles,TFRRS all_performances
"Montgomery, Athena",Arizona,Big 12,400H,2023,4,,,1:03.36,seconds,Jim Click Shootout 2023 Multi,2023-04-06,,,,Outdoor,https://www.tfrrs.org/results/76356/4799493/_Jim_Click_Shootout_2023_Multi/400-Hurdles,TFRRS all_performances
"Sanchez Nunez, Antonia",Arizona,Big 12,400H,2023,1,,,59.80,seconds,Jim Click Shootout 2023 Multi,2023-04-06,,,,Outdoor,https://www.tfrrs.org/results/76356/4799493/_Jim_Click_Shootout_2023_Multi/400-Hurdles,TFRRS all_performances
"Montgomery, Athena",Arizona,Big 12,400H,2023,,,,1:02.83,seconds,63rd Annual Mt. SAC Relays,2023-04-12,,,,Outdoor,https://www.tfrrs.org/results/77931/4826975/63rd_Annual_Mt_SAC_Relays/400-Hurdles,TFRRS all_performances
"Sanchez Nunez, Antonia",Arizona,Big 12,400H,2023,,,,59.84,seconds,63rd Annual Mt. SAC Relays,2023-04-12,,,,Outdoor,https://www.tfrrs.org/results/77931/4826975/63rd_Annual_Mt_SAC_Relays/400-Hurdles,TFRRS all_performances
"Santiago, Xahria",Arizona,Big 12,400H,2023,,,,1:01.24,seconds,63rd Annual Mt. SAC Relays,2023-04-12,,,,Outdoor,https://www.tfrrs.org/results/77931/4827047/63rd_Annual_Mt_SAC_Relays/400-Hurdles,TFRRS all_performances
"Sanchez N, Antonia",Arizona,Big 12,400H,2023,1,,,1:00.28,seconds,Encuentro Selectivo FMAA,2023-04-28,,,,Outdoor,https://www.tfrrs.org/results/81028/4903677/Encuentro_Selectivo_FMAA/400-Hurdles,TFRRS all_performances
"Sanchez N, Antonia",Arizona,Big 12,400H,2023,1,,,58.43,seconds,Encuentro Selectivo FMAA,2023-04-28,,,,Outdoor,https://www.tfrrs.org/results/81028/4903677/Encuentro_Selectivo_FMAA/400-Hurdles,TFRRS all_performances
"Montgomery, Athena",Arizona,Big 12,400H,2023,4,,,1:00.95,seconds,Desert Heat Classic 2023,2023-04-29,,,,Outdoor,https://www.tfrrs.org/results/76358/4881910/_Desert_Heat_Classic_2023/400-Hurdles,TFRRS all_performances
"Santiago, Xahria",Arizona,Big 12,400H,2023,4,,,58.41,seconds,Desert Heat Classic 2023,2023-04-29,,,,Outdoor,https://www.tfrrs.org/results/76358/4881910/_Desert_Heat_Classic_2023/400-Hurdles,TFRRS all_performances
"Montgomery, Athena",Arizona,Big 12,400H,2023,4,,,1:01.84,seconds,Pac-12 Track & Field Championships,2023-05-12,,,,Outdoor,https://www.tfrrs.org/results/79702/4929160/Pac-12_Track__Field_Championships/400-Hurdles,TFRRS all_performances
"Sanchez Nunez, Antonia",Arizona,Big 12,400H,2023,1,,,59.92,seconds,Pac-12 Track & Field Championships,2023-05-12,,,,Outdoor,https://www.tfrrs.org/results/79702/4929160/Pac-12_Track__Field_Championships/400-Hurdles,TFRRS all_performances
"Santiago, Xahria",Arizona,Big 12,400H,2023,4,,,59.92,seconds,Pac-12 Track & Field Championships,2023-05-12,,,,Outdoor,https://www.tfrrs.org/results/79702/4929160/Pac-12_Track__Field_Championships/400-Hurdles,TFRRS all_performances
"Sanchez Nunez, Antonia",Arizona,Big 12,400H,2023,1,,,59.61,seconds,NCAA West Preliminary Round,2023-05-24,,,,Outdoor,https://www.tfrrs.org/results/81275/4936760/NCAA_West_Preliminary_Round/400-Hurdles,TFRRS all_performances
"Bingham, Kathryn",BYU,Big 12,400H,2023,3,,,1:03.80,seconds,Cardinal Classic,2023-03-18,,,,Outdoor,https://www.tfrrs.org/results/77088/4735142/Cardinal_Classic/400-Hurdles,TFRRS all_performances
"Eaton , Madelyn",BYU,Big 12,400H,2023,3,,,1:04.73,seconds,44th Aztec Invitational,2023-03-23,,,,Outdoor,https://www.tfrrs.org/results/77705/4749153/44th_Aztec_Invitational/400-Hurdles,TFRRS all_performances
"Bingham, Kathryn",BYU,Big 12,400H,2023,3,,,1:04.02,seconds,2023 95th Clyde Littlefield Texas Relays,2023-03-29,,,,Outdoor,https://www.tfrrs.org/results/77369/4767401/2023_95th_Clyde_Littlefield_Texas_Relays/400-Hurdles,TFRRS all_performances
"Bingham, Kathryn",BYU,Big 12,400H,2023,3,,,1:04.68,seconds,2023 Utah-WSU Spring Classic,2023-04-07,,,,Outdoor,https://www.tfrrs.org/results/78325/4800318/2023_Utah-WSU_Spring_Classic/400-Hurdles,TFRRS all_performances
"Boggess, Meredith",BYU,Big 12,400H,2023,1,,,1:03.72,seconds,2023 Utah-WSU Spring Classic,2023-04-07,,,,Outdoor,https://www.tfrrs.org/results/78325/4800318/2023_Utah-WSU_Spring_Classic/400-Hurdles,TFRRS all_performances
"Eaton , Madelyn",BYU,Big 12,400H,2023,3,,,1:03.38,seconds,2023 Utah-WSU Spring Classic,2023-04-07,,,,Outdoor,https://www.tfrrs.org/results/78325/4800318/2023_Utah-WSU_Spring_Classic/400-Hurdles,TFRRS all_performances
"Boggess, Meredith",BYU,Big 12,400H,2023,1,,,1:04.17,seconds,Pacific Coast Invitational (Open/Unattached),2023-04-13,,,,Outdoor,https://www.tfrrs.org/results/77074/4937771/Pacific_Coast_Invitational_Open_Unattached/400-Hurdles,TFRRS all_performances
"Boggess, Meredith",BYU,Big 12,400H,2023,1,,,1:04.17,seconds,Pacific Coast Invitational 2023,2023-04-13,,,,Outdoor,https://www.tfrrs.org/results/77075/4818030/Pacific_Coast_Invitational_2023/400-Hurdles,TFRRS all_performances
"Eaton , Madelyn",BYU,Big 12,400H,2023,3,,,1:04.21,seconds,Pacific Coast Invitational (Open/Unattached),2023-04-13,,,,Outdoor,https://www.tfrrs.org/results/77074/4937771/Pacific_Coast_Invitational_Open_Unattached/400-Hurdles,TFRRS all_performances
"Eaton , Madelyn",BYU,Big 12,400H,2023,3,,,1:04.21,seconds,Pacific Coast Invitational 2023,2023-04-13,,,,Outdoor,https://www.tfrrs.org/results/77075/4818030/Pacific_Coast_Invitational_2023/400-Hurdles,TFRRS all_performances
"Boggess, Meredith",BYU,Big 12,400H,2023,1,,,1:05.71,seconds,Beach Invitational 2023,2023-04-14,,,,Outdoor,https://www.tfrrs.org/results/77073/4826851/Beach_Invitational_2023/400-Hurdles,TFRRS all_performances
"Eaton , Madelyn",BYU,Big 12,400H,2023,3,,,1:02.79,seconds,Beach Invitational 2023,2023-04-14,,,,Outdoor,https://www.tfrrs.org/results/77073/4826851/Beach_Invitational_2023/400-Hurdles,TFRRS all_performances
"Bingham, Kathryn",BYU,Big 12,400H,2023,3,,,1:02.05,seconds,2023 BYU Robison Invitational,2023-04-19,,,,Outdoor,https://www.tfrrs.org/results/80716/4897826/2023_BYU_Robison_Invitational/400-Hurdles,TFRRS all_performances
"Boggess, Meredith",BYU,Big 12,400H,2023,1,,,1:03.50,seconds,2023 BYU Robison Invitational,2023-04-19,,,,Outdoor,https://www.tfrrs.org/results/80716/4897826/2023_BYU_Robison_Invitational/400-Hurdles,TFRRS all_performances
"Eaton, Madelyn",BYU,Big 12,400H,2023,3,,,1:03.73,seconds,2023 BYU Robison Invitational,2023-04-19,,,,Outdoor,https://www.tfrrs.org/results/80716/4897826/2023_BYU_Robison_Invitational/400-Hurdles,TFRRS all_performances
"Bingham, Kathryn",BYU,Big 12,400H,2023,3,,,1:02.33,seconds,Desert Heat Classic 2023,2023-04-29,,,,Outdoor,https://www.tfrrs.org/results/76358/4881910/_Desert_Heat_Classic_2023/400-Hurdles,TFRRS all_performances
"Boggess, Meredith",BYU,Big 12,400H,2023,1,,,1:03.78,seconds,Desert Heat Classic 2023,2023-04-29,,,,Outdoor,https://www.tfrrs.org/results/76358/4881910/_Desert_Heat_Classic_2023/400-Hurdles,TFRRS all_performances
"Eaton , Madelyn",BYU,Big 12,400H,2023,3,,,1:03.27,seconds,Desert Heat Classic 2023,2023-04-29,,,,Outdoor,https://www.tfrrs.org/results/76358/4881910/_Desert_Heat_Classic_2023/400-Hurdles,TFRRS all_performances
"Middleton, Lindsey",BYU,Big 12,400H,2023,2,,,1:02.63,seconds,Desert Heat Classic 2023,2023-04-29,,,,Outdoor,https://www.tfrrs.org/results/76358/4881910/_Desert_Heat_Classic_2023/400-Hurdles,TFRRS all_performances
"Bingham, Kathryn",BYU,Big 12,400H,2023,3,,,1:01.06,seconds,2023 BYU Westminster Dual,2023-05-03,,,,Outdoor,https://www.tfrrs.org/results/81019/4914390/2023_BYU_Westminster_Dual/400-Hurdles,TFRRS all_performances
"Boggess, Meredith",BYU,Big 12,400H,2023,1,,,1:02.33,seconds,2023 BYU Westminster Dual,2023-05-03,,,,Outdoor,https://www.tfrrs.org/results/81019/4914390/2023_BYU_Westminster_Dual/400-Hurdles,TFRRS all_performances
"Eaton, Madelyn",BYU,Big 12,400H,2023,3,,,1:02.78,seconds,2023 BYU Westminster Dual,2023-05-03,,,,Outdoor,https://www.tfrrs.org/results/81019/4914390/2023_BYU_Westminster_Dual/400-Hurdles,TFRRS all_performances
"Bingham, Kathryn",BYU,Big 12,400H,2023,3,,,1:01.13,seconds,BYU Cougar Invitational,2023-05-12,,,,Outdoor,https://www.tfrrs.org/results/81215/4928530/BYU_Cougar_Invitational/400-Hurdles,TFRRS all_performances
"Boggess, Meredith",BYU,Big 12,400H,2023,1,,,1:01.76,seconds,BYU Cougar Invitational,2023-05-12,,,,Outdoor,https://www.tfrrs.org/results/81215/4928530/BYU_Cougar_Invitational/400-Hurdles,TFRRS all_performances
"Boggess, Meredith",BYU,Big 12,400H,2023,1,,,1:02.43,seconds,BYU Cougar Invitational,2023-05-12,,,,Outdoor,https://www.tfrrs.org/results/81215/4928530/BYU_Cougar_Invitational/400-Hurdles,TFRRS all_performances
"Eaton, Madelyn",BYU,Big 12,400H,2023,3,,,1:02.14,seconds,BYU Cougar Invitational,2023-05-12,,,,Outdoor,https://www.tfrrs.org/results/81215/4928530/BYU_Cougar_Invitational/400-Hurdles,TFRRS all_performances
"Eaton, Madelyn",BYU,Big 12,400H,2023,3,,,1:03.96,seconds,BYU Cougar Invitational,2023-05-12,,,,Outdoor,https://www.tfrrs.org/results/81215/4928530/BYU_Cougar_Invitational/400-Hurdles,TFRRS all_performances
"Middleton, Lindsey",BYU,Big 12,400H,2023,2,,,1:01.27,seconds,BYU Cougar Invitational,2023-05-12,,,,Outdoor,https://www.tfrrs.org/results/81215/4928530/BYU_Cougar_Invitational/400-Hurdles,TFRRS all_performances
"Scott, Alexandra",Baylor,Big 12,400H,2023,1,,,1:02.11,seconds,Clyde Hart Classic,2023-03-24,,,,Outdoor,https://www.tfrrs.org/results/75340/4747625/Clyde_Hart_Classic/400-Hurdles,TFRRS all_performances
"Williamson, Audrey",Baylor,Big 12,400H,2023,2,,,1:05.66,seconds,Clyde Hart Classic,2023-03-24,,,,Outdoor,https://www.tfrrs.org/results/75340/4747625/Clyde_Hart_Classic/400-Hurdles,TFRRS all_performances
"Gryne, Jasmine",Baylor,Big 12,400H,2023,2,,,59.15,seconds,2023 95th Clyde Littlefield Texas Relays,2023-03-29,,,,Outdoor,https://www.tfrrs.org/results/77369/4767284/2023_95th_Clyde_Littlefield_Texas_Relays/400-Hurdles,TFRRS all_performances
"Morake, Gontse",Baylor,Big 12,400H,2023,3,,,1:00.14,seconds,2023 95th Clyde Littlefield Texas Relays,2023-03-29,,,,Outdoor,https://www.tfrrs.org/results/77369/4767284/2023_95th_Clyde_Littlefield_Texas_Relays/400-Hurdles,TFRRS all_performances
"Scott, Alexandra",Baylor,Big 12,400H,2023,1,,,1:02.18,seconds,2023 95th Clyde Littlefield Texas Relays,2023-03-29,,,,Outdoor,https://www.tfrrs.org/results/77369/4767401/2023_95th_Clyde_Littlefield_Texas_Relays/400-Hurdles,TFRRS all_performances
"Williamson, Audrey",Baylor,Big 12,400H,2023,2,,,1:04.96,seconds,2023 95th Clyde Littlefield Texas Relays,2023-03-29,,,,Outdoor,https://www.tfrrs.org/results/77369/4767401/2023_95th_Clyde_Littlefield_Texas_Relays/400-Hurdles,TFRRS all_performances
"Williamson, Audrey",Baylor,Big 12,400H,2023,2,,,1:04.46,seconds,2023 North Texas Classic,2023-04-08,,,,Outdoor,https://www.tfrrs.org/results/78270/4798758/2023_North_Texas_Classic/400-Hurdles,TFRRS all_performances
"Gryne, Jasmine",Baylor,Big 12,400H,2023,2,,,1:09.85,seconds,UF Tom Jones Memorial,2023-04-14,,,,Outdoor,https://www.tfrrs.org/results/78102/4824387/UF_Tom_Jones_Memorial/400-Hurdles,TFRRS all_performances
"Morake, Gontse",Baylor,Big 12,400H,2023,3,,,57.46,seconds,UF Tom Jones Memorial,2023-04-14,,,,Outdoor,https://www.tfrrs.org/results/78102/4824387/UF_Tom_Jones_Memorial/400-Hurdles,TFRRS all_performances
"Gryne, Jasmine",Baylor,Big 12,400H,2023,2,,,1:00.40,seconds,Michael Johnson Invitational,2023-04-21,,,,Outdoor,https://www.tfrrs.org/results/75342/4853626/Michael_Johnson_Invitational/400-Hurdles,TFRRS all_performances
"Scott, Alexandra",Baylor,Big 12,400H,2023,1,,,1:00.95,seconds,Michael Johnson Invitational,2023-04-21,,,,Outdoor,https://www.tfrrs.org/results/75342/4853626/Michael_Johnson_Invitational/400-Hurdles,TFRRS all_performances
"Williamson, Audrey",Baylor,Big 12,400H,2023,2,,,1:04.60,seconds,Michael Johnson Invitational,2023-04-21,,,,Outdoor,https://www.tfrrs.org/results/75342/4853626/Michael_Johnson_Invitational/400-Hurdles,TFRRS all_performances
"Gryne, Jasmine",Baylor,Big 12,400H,2023,2,,,59.54,seconds,LSU Invitational,2023-04-29,,,,Outdoor,https://www.tfrrs.org/results/78407/4880391/LSU_Invitational/400-Hurdles,TFRRS all_performances
"Morake, Gontse",Baylor,Big 12,400H,2023,3,,,58.04,seconds,LSU Invitational,2023-04-29,,,,Outdoor,https://www.tfrrs.org/results/78407/4880391/LSU_Invitational/400-Hurdles,TFRRS all_performances
"Scott, Alexandra",Baylor,Big 12,400H,2023,1,,,1:01.17,seconds,LSU Invitational,2023-04-29,,,,Outdoor,https://www.tfrrs.org/results/78407/4880391/LSU_Invitational/400-Hurdles,TFRRS all_performances
"Morake, Gontse",Baylor,Big 12,400H,2023,3,,,57.02,seconds,Big 12 Outdoor Track & Field Championships,2023-05-12,,,,Outdoor,https://www.tfrrs.org/results/79703/4926667/Big_12_Outdoor_Track__Field_Championships/400-Hurdles,TFRRS all_performances
"Morake, Gontse",Baylor,Big 12,400H,2023,3,,,57.43,seconds,Big 12 Outdoor Track & Field Championships,2023-05-12,,,,Outdoor,https://www.tfrrs.org/results/79703/4926667/Big_12_Outdoor_Track__Field_Championships/400-Hurdles,TFRRS all_performances
"Scott, Alexandra",Baylor,Big 12,400H,2023,1,,,1:03.23,seconds,Big 12 Outdoor Track & Field Championships,2023-05-12,,,,Outdoor,https://www.tfrrs.org/results/79703/4926667/Big_12_Outdoor_Track__Field_Championships/400-Hurdles,TFRRS all_performances
"Gryne, Jasmine",Baylor,Big 12,400H,2023,2,,,58.83,seconds,NCAA West Preliminary Round,2023-05-24,,,,Outdoor,https://www.tfrrs.org/results/81275/4936760/NCAA_West_Preliminary_Round/400-Hurdles,TFRRS all_performances
"Gryne, Jasmine",Baylor,Big 12,400H,2023,2,,,59.44,seconds,NCAA West Preliminary Round,2023-05-24,,,,Outdoor,https://www.tfrrs.org/results/81275/4936760/NCAA_West_Preliminary_Round/400-Hurdles,TFRRS all_performances
"Morake, Gontse",Baylor,Big 12,400H,2023,3,,,56.33,seconds,NCAA West Preliminary Round,2023-05-24,,,,Outdoor,https://www.tfrrs.org/results/81275/4936760/NCAA_West_Preliminary_Round/400-Hurdles,TFRRS all_performances
"Morake, Gontse",Baylor,Big 12,400H,2023,3,,,56.64,seconds,NCAA West Preliminary Round,2023-05-24,,,,Outdoor,https://www.tfrrs.org/results/81275/4936760/NCAA_West_Preliminary_Round/400-Hurdles,TFRRS all_performances
"Morake, Gontse",Baylor,Big 12,400H,2023,3,,,56.43,seconds,NCAA Division I Outdoor Track & Field Championships,2023-06-07,,,,Outdoor,https://www.tfrrs.org/results/81300/4938124/NCAA_Division_I_Outdoor_Track__Field_Championships/400-Hurdles,TFRRS all_performances
"Morake, Gontse",Baylor,Big 12,400H,2023,3,,,57.34,seconds,Trackwired Arkansas Grand Prix,2023-06-23,,,,Outdoor,https://www.tfrrs.org/results/81278/4938725/Trackwired_Arkansas_Grand_Prix/400-Hurdles,TFRRS all_performances
"Barnes, Bria",Iowa State,Big 12,400H,2023,3,,,1:01.95,seconds,UCF Black and Gold Invite,2023-03-17,,,,Outdoor,https://www.tfrrs.org/results/77632/4732599/UCF_Black_and_Gold_Invite/400-Hurdles,TFRRS all_performances
"Carney, Mackenzie",Iowa State,Big 12,400H,2023,1,,,1:05.41,seconds,UCF Black and Gold Invite,2023-03-17,,,,Outdoor,https://www.tfrrs.org/results/77632/4732599/UCF_Black_and_Gold_Invite/400-Hurdles,TFRRS all_performances
"Cinnamo, Ava",Iowa State,Big 12,400H,2023,1,,,1:03.60,seconds,UCF Black and Gold Invite,2023-03-17,,,,Outdoor,https://www.tfrrs.org/results/77632/4732599/UCF_Black_and_Gold_Invite/400-Hurdles,TFRRS all_performances
"Hall, Kaylyn",Iowa State,Big 12,400H,2023,4,,,1:00.30,seconds,UCF Black and Gold Invite,2023-03-17,,,,Outdoor,https://www.tfrrs.org/results/77632/4732599/UCF_Black_and_Gold_Invite/400-Hurdles,TFRRS all_performances
"Amos, Zakiyah",Iowa State,Big 12,400H,2023,4,,,1:00.56,seconds,2023 95th Clyde Littlefield Texas Relays,2023-03-29,,,,Outdoor,https://www.tfrrs.org/results/77369/4767401/2023_95th_Clyde_Littlefield_Texas_Relays/400-Hurdles,TFRRS all_performances
"Carney, Mackenzie",Iowa State,Big 12,400H,2023,1,,,1:06.61,seconds,2023 95th Clyde Littlefield Texas Relays,2023-03-29,,,,Outdoor,https://www.tfrrs.org/results/77369/4767401/2023_95th_Clyde_Littlefield_Texas_Relays/400-Hurdles,TFRRS all_performances
"Carney, Mackenzie",Iowa State,Big 12,400H,2023,1,,,1:04.42,seconds,Dutch Invitational 2023,2023-04-07,,,,Outdoor,https://www.tfrrs.org/results/78498/4794604/Dutch_Invitational_2023/400-Hurdles,TFRRS all_performances
"Ruffener, Katie",Iowa State,Big 12,400H,2023,1,,,1:09.07,seconds,Dutch Invitational 2023,2023-04-07,,,,Outdoor,https://www.tfrrs.org/results/78498/4794604/Dutch_Invitational_2023/400-Hurdles,TFRRS all_performances
"Amos, Zakiyah",Iowa State,Big 12,400H,2023,4,,,1:00.39,seconds,Beach Invitational 2023,2023-04-14,,,,Outdoor,https://www.tfrrs.org/results/77073/4826851/Beach_Invitational_2023/400-Hurdles,TFRRS all_performances
"Barnes, Bria",Iowa State,Big 12,400H,2023,3,,,1:02.51,seconds,Beach Invitational 2023,2023-04-14,,,,Outdoor,https://www.tfrrs.org/results/77073/4826851/Beach_Invitational_2023/400-Hurdles,TFRRS all_performances
"Hall, Kaylyn",Iowa State,Big 12,400H,2023,4,,,1:01.71,seconds,Beach Invitational 2023,2023-04-14,,,,Outdoor,https://www.tfrrs.org/results/77073/4826851/Beach_Invitational_2023/400-Hurdles,TFRRS all_performances
"Carney, Mackenzie",Iowa State,Big 12,400H,2023,1,,,1:03.57,seconds,Drake Relays,2023-04-26,,,,Outdoor,https://www.tfrrs.org/results/80800/4890161/Drake_Relays/400-Hurdles,TFRRS all_performances
"Amos, Zakiyah",Iowa State,Big 12,400H,2023,4,,,59.93,seconds,Iowa State Alumni Meet,2023-05-06,,,,Outdoor,https://www.tfrrs.org/results/81059/4909031/Iowa_State_Alumni_Meet/400-Hurdles,TFRRS all_performances
"Carney, Mackenzie",Iowa State,Big 12,400H,2023,1,,,1:04.00,seconds,Iowa State Alumni Meet,2023-05-06,,,,Outdoor,https://www.tfrrs.org/results/81059/4909031/Iowa_State_Alumni_Meet/400-Hurdles,TFRRS all_performances
"Amos, Zakiyah",Iowa State,Big 12,400H,2023,4,,,57.99,seconds,Big 12 Outdoor Track & Field Championships,2023-05-12,,,,Outdoor,https://www.tfrrs.org/results/79703/4926667/Big_12_Outdoor_Track__Field_Championships/400-Hurdles,TFRRS all_performances
"Amos, Zakiyah",Iowa State,Big 12,400H,2023,4,,,58.91,seconds,Big 12 Outdoor Track & Field Championships,2023-05-12,,,,Outdoor,https://www.tfrrs.org/results/79703/4926667/Big_12_Outdoor_Track__Field_Championships/400-Hurdles,TFRRS all_performances
"Carney, Mackenzie",Iowa State,Big 12,400H,2023,1,,,1:03.99,seconds,Big 12 Outdoor Track & Field Championships,2023-05-12,,,,Outdoor,https://www.tfrrs.org/results/79703/4926667/Big_12_Outdoor_Track__Field_Championships/400-Hurdles,TFRRS all_performances
"Amos, Zakiyah",Iowa State,Big 12,400H,2023,4,,,57.50,seconds,NCAA West Preliminary Round,2023-05-24,,,,Outdoor,https://www.tfrrs.org/results/81275/4936760/NCAA_West_Preliminary_Round/400-Hurdles,TFRRS all_performances
"Amos, Zakiyah",Iowa State,Big 12,400H,2023,4,,,59.07,seconds,NCAA West Preliminary Round,2023-05-24,,,,Outdoor,https://www.tfrrs.org/results/81275/4936760/NCAA_West_Preliminary_Round/400-Hurdles,TFRRS all_performances
"Harris, Magi",Texas Tech,Big 12,400H,2023,1,,,1:02.31,seconds,Wes Kittley Invitational,2023-03-17,,,,Outdoor,https://www.tfrrs.org/results/77411/4734093/Wes_Kittley_Invitational/400-Hurdles,TFRRS all_performances
"Harris, Magi",Texas Tech,Big 12,400H,2023,1,,,1:01.39,seconds,TTU Masked Rider,2023-03-24,,,,Outdoor,https://www.tfrrs.org/results/78880/4748720/TTU_Masked_Rider/400-Hurdles,TFRRS all_performances
"Schulz, Sylvia",Texas Tech,Big 12,400H,2023,3,,,57.22,seconds,TTU Masked Rider,2023-03-24,,,,Outdoor,https://www.tfrrs.org/results/78880/4748720/TTU_Masked_Rider/400-Hurdles,TFRRS all_performances
"Watkins, Simone",Texas Tech,Big 12,400H,2023,3,,,1:02.63,seconds,TTU Masked Rider,2023-03-24,,,,Outdoor,https://www.tfrrs.org/results/78880/4748720/TTU_Masked_Rider/400-Hurdles,TFRRS all_performances
"Price, Lexye",Texas Tech,Big 12,400H,2023,4,,,1:00.33,seconds,2023 95th Clyde Littlefield Texas Relays,2023-03-29,,,,Outdoor,https://www.tfrrs.org/results/77369/4767284/2023_95th_Clyde_Littlefield_Texas_Relays/400-Hurdles,TFRRS all_performances
"Watkins, Simone",Texas Tech,Big 12,400H,2023,3,,,1:01.49,seconds,2023 95th Clyde Littlefield Texas Relays,2023-03-29,,,,Outdoor,https://www.tfrrs.org/results/77369/4767284/2023_95th_Clyde_Littlefield_Texas_Relays/400-Hurdles,TFRRS all_performances
"Harris, Magi",Texas Tech,Big 12,400H,2023,1,,,1:03.32,seconds,Jim Click Shootout 2023 Multi,2023-04-06,,,,Outdoor,https://www.tfrrs.org/results/76356/4799493/_Jim_Click_Shootout_2023_Multi/400-Hurdles,TFRRS all_performances
"Price, Lexye",Texas Tech,Big 12,400H,2023,4,,,59.87,seconds,Jim Click Shootout 2023 Multi,2023-04-06,,,,Outdoor,https://www.tfrrs.org/results/76356/4799493/_Jim_Click_Shootout_2023_Multi/400-Hurdles,TFRRS all_performances
"Harris, Magi",Texas Tech,Big 12,400H,2023,1,,,1:01.58,seconds,UF Tom Jones Memorial,2023-04-14,,,,Outdoor,https://www.tfrrs.org/results/78102/4824387/UF_Tom_Jones_Memorial/400-Hurdles,TFRRS all_performances
"Price, Lexye",Texas Tech,Big 12,400H,2023,4,,,58.67,seconds,UF Tom Jones Memorial,2023-04-14,,,,Outdoor,https://www.tfrrs.org/results/78102/4824387/UF_Tom_Jones_Memorial/400-Hurdles,TFRRS all_performances
"Schulz, Sylvia",Texas Tech,Big 12,400H,2023,3,,,57.04,seconds,UF Tom Jones Memorial,2023-04-14,,,,Outdoor,https://www.tfrrs.org/results/78102/4824387/UF_Tom_Jones_Memorial/400-Hurdles,TFRRS all_performances
"Tyler, Torrye",Texas Tech,Big 12,400H,2023,2,,,1:07.59,seconds,Michael Johnson Invitational,2023-04-21,,,,Outdoor,https://www.tfrrs.org/results/75342/4853626/Michael_Johnson_Invitational/400-Hurdles,TFRRS all_performances
"Watkins, Simone",Texas Tech,Big 12,400H,2023,3,,,59.54,seconds,Michael Johnson Invitational,2023-04-21,,,,Outdoor,https://www.tfrrs.org/results/75342/4853626/Michael_Johnson_Invitational/400-Hurdles,TFRRS all_performances
"Harris, Magi",Texas Tech,Big 12,400H,2023,1,,,1:04.09,seconds,Corky/Crofoot Shootout,2023-04-28,,,,Outdoor,https://www.tfrrs.org/results/80804/4888713/Corky_Crofoot_Shootout/400-Hurdles,TFRRS all_performances
"Schulz, Sylvia",Texas Tech,Big 12,400H,2023,3,,,57.08,seconds,Corky/Crofoot Shootout,2023-04-28,,,,Outdoor,https://www.tfrrs.org/results/80804/4888713/Corky_Crofoot_Shootout/400-Hurdles,TFRRS all_performances
"Tyler, Torrye",Texas Tech,Big 12,400H,2023,2,,,1:05.53,seconds,Corky/Crofoot Shootout,2023-04-28,,,,Outdoor,https://www.tfrrs.org/results/80804/4888713/Corky_Crofoot_Shootout/400-Hurdles,TFRRS all_performances
"Harris, Magi",Texas Tech,Big 12,400H,2023,1,,,1:02.56,seconds,Big 12 Outdoor Track & Field Championships,2023-05-12,,,,Outdoor,https://www.tfrrs.org/results/79703/4926667/Big_12_Outdoor_Track__Field_Championships/400-Hurdles,TFRRS all_performances
"Harris, Magi",Texas Tech,Big 12,400H,2023,1,,,58.99,seconds,Big 12 Outdoor Track & Field Championships,2023-05-12,,,,Outdoor,https://www.tfrrs.org/results/79703/4926667/Big_12_Outdoor_Track__Field_Championships/400-Hurdles,TFRRS all_performances
"Price, Lexye",Texas Tech,Big 12,400H,2023,4,,,58.73,seconds,Big 12 Outdoor Track & Field Championships,2023-05-12,,,,Outdoor,https://www.tfrrs.org/results/79703/4926667/Big_12_Outdoor_Track__Field_Championships/400-Hurdles,TFRRS all_performances
"Price, Lexye",Texas Tech,Big 12,400H,2023,4,,,58.87,seconds,Big 12 Outdoor Track & Field Championships,2023-05-12,,,,Outdoor,https://www.tfrrs.org/results/79703/4926667/Big_12_Outdoor_Track__Field_Championships/400-Hurdles,TFRRS all_performances
"Schulz, Sylvia",Texas Tech,Big 12,400H,2023,3,,,56.32,seconds,Big 12 Outdoor Track & Field Championships,2023-05-12,,,,Outdoor,https://www.tfrrs.org/results/79703/4926667/Big_12_Outdoor_Track__Field_Championships/400-Hurdles,TFRRS all_performances
"Schulz, Sylvia",Texas Tech,Big 12,400H,2023,3,,,57.52,seconds,Big 12 Outdoor Track & Field Championships,2023-05-12,,,,Outdoor,https://www.tfrrs.org/results/79703/4926667/Big_12_Outdoor_Track__Field_Championships/400-Hurdles,TFRRS all_performances
"Watkins, Simone",Texas Tech,Big 12,400H,2023,3,,,59.97,seconds,Big 12 Outdoor Track & Field Championships,2023-05-12,,,,Outdoor,https://www.tfrrs.org/results/79703/4926667/Big_12_Outdoor_Track__Field_Championships/400-Hurdles,TFRRS all_performances
"Harris, Magi",Texas Tech,Big 12,400H,2023,1,,,1:03.06,seconds,NCAA West Preliminary Round,2023-05-24,,,,Outdoor,https://www.tfrrs.org/results/81275/4936760/NCAA_West_Preliminary_Round/400-Hurdles,TFRRS all_performances
"Price, Lexye",Texas Tech,Big 12,400H,2023,4,,,1:00.89,seconds,NCAA West Preliminary Round,2023-05-24,,,,Outdoor,https://www.tfrrs.org/results/81275/4936760/NCAA_West_Preliminary_Round/400-Hurdles,TFRRS all_performances
"Schulz, Sylvia",Texas Tech,Big 12,400H,2023,3,,,57.15,seconds,NCAA West Preliminary Round,2023-05-24,,,,Outdoor,https://www.tfrrs.org/results/81275/4936760/NCAA_West_Preliminary_Round/400-Hurdles,TFRRS all_performances
"Schulz, Sylvia",Texas Tech,Big 12,400H,2023,3,,,57.95,seconds,NCAA West Preliminary Round,2023-05-24,,,,Outdoor,https://www.tfrrs.org/results/81275/4936760/NCAA_West_Preliminary_Round/400-Hurdles,TFRRS all_performances
"Watkins, Simone",Texas Tech,Big 12,400H,2023,3,,,59.91,seconds,NCAA West Preliminary Round,2023-05-24,,,,Outdoor,https://www.tfrrs.org/results/81275/4936760/NCAA_West_Preliminary_Round/400-Hurdles,TFRRS all_performances
"Weaver, Kionnah",Illinois,Big Ten,400H,2023,4,,,1:00.30,seconds,RaferJohnson/Jackie Joyner-Kersee Collegiate,2023-03-25,,,,Outdoor,https://www.tfrrs.org/results/78348/4749333/RaferJohnson_Jackie_Joyner-Kersee_Collegiate/400-Hurdles,TFRRS all_performances
"Stoughton, Danni",Illinois,Big Ten,400H,2023,3,,,1:01.01,seconds,Fighting Illini Challenge,2023-04-08,,,,Outdoor,https://www.tfrrs.org/results/77863/4798913/Fighting_Illini_Challenge/400-Hurdles,TFRRS all_performances
"Weaver, Kionnah",Illinois,Big Ten,400H,2023,4,,,1:03.85,seconds,Fighting Illini Challenge,2023-04-08,,,,Outdoor,https://www.tfrrs.org/results/77863/4798913/Fighting_Illini_Challenge/400-Hurdles,TFRRS all_performances
"Stoughton, Danni",Illinois,Big Ten,400H,2023,3,,,1:01.26,seconds,Gary Wieneke Memorial,2023-04-21,,,,Outdoor,https://www.tfrrs.org/results/78093/4849041/Gary_Wieneke_Memorial/400-Hurdles,TFRRS all_performances
"Weaver, Kionnah",Illinois,Big Ten,400H,2023,4,,,1:03.02,seconds,Gary Wieneke Memorial,2023-04-21,,,,Outdoor,https://www.tfrrs.org/results/78093/4849041/Gary_Wieneke_Memorial/400-Hurdles,TFRRS all_performances
"Stoughton, Danni",Illinois,Big Ten,400H,2023,3,,,1:01.68,seconds,UNF East Coast Relays,2023-04-28,,,,Outdoor,https://www.tfrrs.org/results/75449/4878639/UNF_East_Coast_Relays/400-Hurdles,TFRRS all_performances
"Weaver, Kionnah",Illinois,Big Ten,400H,2023,4,,,1:02.08,seconds,UNF East Coast Relays,2023-04-28,,,,Outdoor,https://www.tfrrs.org/results/75449/4878639/UNF_East_Coast_Relays/400-Hurdles,TFRRS all_performances
"Moore, Karlie",Nebraska,Big Ten,400H,2023,3,,,1:02.61,seconds,2023 95th Clyde Littlefield Texas Relays,2023-03-29,,,,Outdoor,https://www.tfrrs.org/results/77369/4767401/2023_95th_Clyde_Littlefield_Texas_Relays/400-Hurdles,TFRRS all_performances
"Moore, Karlie",Nebraska,Big Ten,400H,2023,3,,,1:02.33,seconds,Bobcat Invitational 2023,2023-03-30,,,,Outdoor,https://www.tfrrs.org/results/75304/4766847/Bobcat_Invitational_2023/400-Hurdles,TFRRS all_performances
"Moore, Karlie",Nebraska,Big Ten,400H,2023,3,,,1:01.51,seconds,Jim Click Shootout 2023 Multi,2023-04-06,,,,Outdoor,https://www.tfrrs.org/results/76356/4799493/_Jim_Click_Shootout_2023_Multi/400-Hurdles,TFRRS all_performances
"Dutton, Emma",Nebraska,Big Ten,400H,2023,1,,,1:08.11,seconds,Michael Johnson Invitational,2023-04-21,,,,Outdoor,https://www.tfrrs.org/results/75342/4853626/Michael_Johnson_Invitational/400-Hurdles,TFRRS all_performances
"Moore, Karlie",Nebraska,Big Ten,400H,2023,3,,,1:01.19,seconds,Michael Johnson Invitational,2023-04-21,,,,Outdoor,https://www.tfrrs.org/results/75342/4853626/Michael_Johnson_Invitational/400-Hurdles,TFRRS all_performances
"Moore, Karlie",Nebraska,Big Ten,400H,2023,3,,,1:00.34,seconds,Drake Relays,2023-04-26,,,,Outdoor,https://www.tfrrs.org/results/80800/4890161/Drake_Relays/400-Hurdles,TFRRS all_performances
"Dutton, Emma",Nebraska,Big Ten,400H,2023,1,,,1:07.12,seconds,2023 Prairie Wolf Invite,2023-04-28,,,,Outdoor,https://www.tfrrs.org/results/80799/4897528/2023_Prairie_Wolf_Invite/400-Hurdles,TFRRS all_performances
"Moore, Karlie",Nebraska,Big Ten,400H,2023,3,,,1:00.59,seconds,KSU Ward Haylett,2023-05-06,,,,Outdoor,https://www.tfrrs.org/results/80148/4907682/KSU_Ward_Haylett/400-Hurdles,TFRRS all_performances
"Moore, Karlie",Nebraska,Big Ten,400H,2023,3,,,1:00.17,seconds,Big Ten Outdoor Championships,2023-05-12,,,,Outdoor,https://www.tfrrs.org/results/81218/4928792/Big_Ten_Outdoor_Championships/400-Hurdles,TFRRS all_performances
"Moore, Karlie",Nebraska,Big Ten,400H,2023,3,,,1:01.53,seconds,Big Ten Outdoor Championships,2023-05-12,,,,Outdoor,https://www.tfrrs.org/results/81218/4928792/Big_Ten_Outdoor_Championships/400-Hurdles,TFRRS all_performances
"Kannon, Madyson",Oregon,Big Ten,400H,2023,1,,,1:04.29,seconds,44th Aztec Invitational,2023-03-23,,,,Outdoor,https://www.tfrrs.org/results/77705/4749153/44th_Aztec_Invitational/400-Hurdles,TFRRS all_performances
"Kannon, Madyson",Oregon,Big Ten,400H,2023,1,,,1:03.20,seconds,Oregon State High Performance,2023-04-28,,,,Outdoor,https://www.tfrrs.org/results/76127/4880923/Oregon_State_High_Performance/400-Hurdles,TFRRS all_performances
"Kannon, Madyson",Oregon,Big Ten,400H,2023,1,,,1:02.73,seconds,Oregon Twilight,2023-05-05,,,,Outdoor,https://www.tfrrs.org/results/78671/4906639/Oregon_Twilight/400-Hurdles,TFRRS all_performances
"Grebo, Shana",Oregon,Big Ten,400H,2023,2,,,56.41,seconds,Pac-12 Track & Field Championships,2023-05-12,,,,Outdoor,https://www.tfrrs.org/results/79702/4929160/Pac-12_Track__Field_Championships/400-Hurdles,TFRRS all_performances
"Grebo, Shana",Oregon,Big Ten,400H,2023,2,,,58.38,seconds,Pac-12 Track & Field Championships,2023-05-12,,,,Outdoor,https://www.tfrrs.org/results/79702/4929160/Pac-12_Track__Field_Championships/400-Hurdles,TFRRS all_performances
"Grebo, Shana",Oregon,Big Ten,400H,2023,2,,,56.42,seconds,NCAA West Preliminary Round,2023-05-24,,,,Outdoor,https://www.tfrrs.org/results/81275/4936760/NCAA_West_Preliminary_Round/400-Hurdles,TFRRS all_performances
"Grebo, Shana",Oregon,Big Ten,400H,2023,2,,,57.24,seconds,NCAA West Preliminary Round,2023-05-24,,,,Outdoor,https://www.tfrrs.org/results/81275/4936760/NCAA_West_Preliminary_Round/400-Hurdles,TFRRS all_performances
"Grebo, Shana",Oregon,Big Ten,400H,2023,2,,,58.18,seconds,NCAA Division I Outdoor Track & Field Championships,2023-06-07,,,,Outdoor,https://www.tfrrs.org/results/81300/4938124/NCAA_Division_I_Outdoor_Track__Field_Championships/400-Hurdles,TFRRS all_performances
"Bernard-Joseph, Breanna",USC,Big Ten,400H,2023,4,,,1:03.04,seconds,44th Aztec Invitational,2023-03-23,,,,Outdoor,https://www.tfrrs.org/results/77705/4749153/44th_Aztec_Invitational/400-Hurdles,TFRRS all_performances
"Jones, Jasmine",USC,Big Ten,400H,2023,3,,,56.53,seconds,44th Aztec Invitational,2023-03-23,,,,Outdoor,https://www.tfrrs.org/results/77705/4749153/44th_Aztec_Invitational/400-Hurdles,TFRRS all_performances
"Simmons, Maci",USC,Big Ten,400H,2023,2,,,59.48,seconds,44th Aztec Invitational,2023-03-23,,,,Outdoor,https://www.tfrrs.org/results/77705/4749153/44th_Aztec_Invitational/400-Hurdles,TFRRS all_performances
"Jones, Jasmine",USC,Big Ten,400H,2023,3,,,56.17,seconds,Pepsi Florida Relays,2023-03-31,,,,Outdoor,https://www.tfrrs.org/results/77662/4765444/Pepsi_Florida_Relays/400-Hurdles,TFRRS all_performances
"Bernard-Joseph, Breanna",USC,Big Ten,400H,2023,4,,,1:02.60,seconds,Trojan Invite,2023-04-07,,,,Outdoor,https://www.tfrrs.org/results/76990/4797052/Trojan_Invite/400-Hurdles,TFRRS all_performances
"Jones, Jasmine",USC,Big Ten,400H,2023,3,,,56.73,seconds,Trojan Invite,2023-04-07,,,,Outdoor,https://www.tfrrs.org/results/76990/4797052/Trojan_Invite/400-Hurdles,TFRRS all_performances
"Bernard-Joseph, Breanna",USC,Big Ten,400H,2023,4,,,1:00.08,seconds,63rd Annual Mt. SAC Relays,2023-04-12,,,,Outdoor,https://www.tfrrs.org/results/77931/4826975/63rd_Annual_Mt_SAC_Relays/400-Hurdles,TFRRS all_performances
"Simmons, Maci",USC,Big Ten,400H,2023,,,,59.89,seconds,63rd Annual Mt. SAC Relays,2023-04-12,,,,Outdoor,https://www.tfrrs.org/results/77931/4826975/63rd_Annual_Mt_SAC_Relays/400-Hurdles,TFRRS all_performances
"Bernard-Joseph, Breanna",USC,Big Ten,400H,2023,4,,,1:01.12,seconds,UCLA v USC Dual Meet,2023-04-30,,,,Outdoor,https://www.tfrrs.org/results/78670/4889477/UCLA_v_USC_Dual_Meet/400-Hurdles,TFRRS all_performances
"Simmons, Maci",USC,Big Ten,400H,2023,2,,,58.21,seconds,UCLA v USC Dual Meet,2023-04-30,,,,Outdoor,https://www.tfrrs.org/results/78670/4889477/UCLA_v_USC_Dual_Meet/400-Hurdles,TFRRS all_performances
"Smith, Jalaysiya",USC,Big Ten,400H,2023,2,,,1:00.36,seconds,UCLA v USC Dual Meet,2023-04-30,,,,Outdoor,https://www.tfrrs.org/results/78670/4889477/UCLA_v_USC_Dual_Meet/400-Hurdles,TFRRS all_performances
"Bernard-Joseph, Breanna",USC,Big Ten,400H,2023,4,,,1:01.79,seconds,Pac-12 Track & Field Championships,2023-05-12,,,,Outdoor,https://www.tfrrs.org/results/79702/4929160/Pac-12_Track__Field_Championships/400-Hurdles,TFRRS all_performances
"Simmons, Maci",USC,Big Ten,400H,2023,2,,,1:00.00,seconds,Pac-12 Track & Field Championships,2023-05-12,,,,Outdoor,https://www.tfrrs.org/results/79702/4929160/Pac-12_Track__Field_Championships/400-Hurdles,TFRRS all_performances
"Simmons, Maci",USC,Big Ten,400H,2023,2,,,59.91,seconds,Pac-12 Track & Field Championships,2023-05-12,,,,Outdoor,https://www.tfrrs.org/results/79702/4929160/Pac-12_Track__Field_Championships/400-Hurdles,TFRRS all_performances
"Smith, Jalaysiya",USC,Big Ten,400H,2023,2,,,1:04.03,seconds,Pac-12 Track & Field Championships,2023-05-12,,,,Outdoor,https://www.tfrrs.org/results/79702/4929160/Pac-12_Track__Field_Championships/400-Hurdles,TFRRS all_performances
"Simmons, Maci",USC,Big Ten,400H,2023,2,,,1:00.30,seconds,NCAA West Preliminary Round,2023-05-24,,,,Outdoor,https://www.tfrrs.org/results/81275/4936760/NCAA_West_Preliminary_Round/400-Hurdles,TFRRS all_performances
"Watson, Vanessa",Florida,SEC,400H,2023,3,,,57.51,seconds,Pepsi Florida Relays,2023-03-31,,,,Outdoor,https://www.tfrrs.org/results/77662/4765444/Pepsi_Florida_Relays/400-Hurdles,TFRRS all_performances
"Watson, Vanessa",Florida,SEC,400H,2023,3,,,56.33,seconds,UF Tom Jones Memorial,2023-04-14,,,,Outdoor,https://www.tfrrs.org/results/78102/4824387/UF_Tom_Jones_Memorial/400-Hurdles,TFRRS all_performances
"Watson, Vanessa",Florida,SEC,400H,2023,3,,,55.59,seconds,SEC Outdoor Track & Field Championships,2023-05-11,,,,Outdoor,https://www.tfrrs.org/results/80833/4922034/SEC_Outdoor_Track__Field_Championships/400-Hurdles,TFRRS all_performances
"Watson, Vanessa",Florida,SEC,400H,2023,3,,,55.64,seconds,SEC Outdoor Track & Field Championships,2023-05-11,,,,Outdoor,https://www.tfrrs.org/results/80833/4922034/SEC_Outdoor_Track__Field_Championships/400-Hurdles,TFRRS all_performances
"Watson, Vanessa",Florida,SEC,400H,2023,3,,,56.68,seconds,NCAA East Preliminary Round,2023-05-25,,,,Outdoor,https://www.tfrrs.org/results/81274/4936800/NCAA_East_Preliminary_Round/400-Hurdles,TFRRS all_performances
"Watson, Vanessa",Florida,SEC,400H,2023,3,,,57.14,seconds,NCAA East Preliminary Round,2023-05-25,,,,Outdoor,https://www.tfrrs.org/results/81274/4936800/NCAA_East_Preliminary_Round/400-Hurdles,TFRRS all_performances
"Watson, Vanessa",Florida,SEC,400H,2023,3,2001-10-28,21,DQ,seconds,NCAA Outdoor Championships,2023-06-08,Semifinal,,,Outdoor,https://flashresults.ncaa.com/Outdoor/2023/030-1_compiled.htm,legacy_source_needs_review
"Mustin, Dominique",Georgia,SEC,400H,2023,3,,,57.39,seconds,Yellow Jacket Invitational,2023-03-17,,,,Outdoor,https://www.tfrrs.org/results/78633/4769223/Yellow_Jacket_Invitational/400-Hurdles,TFRRS all_performances
"Pollock, Zoe",Georgia,SEC,400H,2023,3,,,57.38,seconds,Yellow Jacket Invitational,2023-03-17,,,,Outdoor,https://www.tfrrs.org/results/78633/4769223/Yellow_Jacket_Invitational/400-Hurdles,TFRRS all_performances
"Mustin, Dominique",Georgia,SEC,400H,2023,3,,,57.39,seconds,Yellow Jacket Invitational,2023-03-17/2023-03-18,,2nd,,Outdoor,https://georgiadogs.com/documents/download/2023/3/28/2023_Women_Outdoor_Results.pdf,legacy_source_needs_review
"Pollock, Zoe",Georgia,SEC,400H,2023,3,,,57.38,seconds,Yellow Jacket Invitational,2023-03-17/2023-03-18,,1st,,Outdoor,https://georgiadogs.com/documents/download/2023/3/28/2023_Women_Outdoor_Results.pdf,legacy_source_needs_review
"Mustin, Dominique",Georgia,SEC,400H,2023,3,,,57.73,seconds,Spec Towns - Torrin Lawrence Invitational,2023-04-06,,,,Outdoor,https://www.tfrrs.org/results/79636/4805227/Spec_Towns_-_Torrin_Lawrence_Invitational/400-Hurdles,TFRRS all_performances
"Pollock, Zoe",Georgia,SEC,400H,2023,3,,,58.47,seconds,Spec Towns - Torrin Lawrence Invitational,2023-04-06,,,,Outdoor,https://www.tfrrs.org/results/79636/4805227/Spec_Towns_-_Torrin_Lawrence_Invitational/400-Hurdles,TFRRS all_performances
"Mustin, Dominique",Georgia,SEC,400H,2023,3,,,57.73,seconds,Spec/Torrin Inv.,2023-04-06/2023-04-07,,1st,,Outdoor,https://georgiadogs.com/documents/download/2023/3/28/2023_Women_Outdoor_Results.pdf,legacy_source_needs_review
"Pollock, Zoe",Georgia,SEC,400H,2023,3,,,58.47,seconds,Spec/Torrin Inv.,2023-04-06/2023-04-07,,2nd,,Outdoor,https://georgiadogs.com/documents/download/2023/3/28/2023_Women_Outdoor_Results.pdf,legacy_source_needs_review
"Mustin, Dominique",Georgia,SEC,400H,2023,4,,,57.34,seconds,63rd Annual Mt. SAC Relays,2023-04-12,,,,Outdoor,https://www.tfrrs.org/results/77931/4827047/63rd_Annual_Mt_SAC_Relays/400-Hurdles,TFRRS all_performances
"Pollock, Zoe",Georgia,SEC,400H,2023,4,,,59.71,seconds,63rd Annual Mt. SAC Relays,2023-04-12,,,,Outdoor,https://www.tfrrs.org/results/77931/4827047/63rd_Annual_Mt_SAC_Relays/400-Hurdles,TFRRS all_performances
"Mustin, Dominique",Georgia,SEC,400H,2023,3,,,57.34,seconds,Mt. SAC Relays,2023-04-13/2023-04-15,,5th,,Outdoor,https://georgiadogs.com/documents/download/2023/3/28/2023_Women_Outdoor_Results.pdf,legacy_source_needs_review
"Pollock, Zoe",Georgia,SEC,400H,2023,3,,,59.71,seconds,Mt. SAC Relays,2023-04-13/2023-04-15,,15th,,Outdoor,https://georgiadogs.com/documents/download/2023/3/28/2023_Women_Outdoor_Results.pdf,legacy_source_needs_review
"Mustin, Dominique",Georgia,SEC,400H,2023,3,,,58.49,seconds,Georgia Tech Invitational,2023-04-21,,,,Outdoor,https://www.tfrrs.org/results/80375/4852092/Georgia_Tech_Invitational/400-Hurdles,TFRRS all_performances
"Mustin, Dominique",Georgia,SEC,400H,2023,3,,,58.49,seconds,GT Invite,2023-04-21/2023-04-22,,2nd,,Outdoor,https://georgiadogs.com/documents/download/2023/3/28/2023_Women_Outdoor_Results.pdf,legacy_source_needs_review
"Mustin, Dominique",Georgia,SEC,400H,2023,3,,,57.53,seconds,LSU Invitational,2023-04-29,,,,Outdoor,https://www.tfrrs.org/results/78407/4880391/LSU_Invitational/400-Hurdles,TFRRS all_performances
"Mustin, Dominique",Georgia,SEC,400H,2023,3,,,57.09,seconds,SEC Outdoor Track & Field Championships,2023-05-11,,,,Outdoor,https://www.tfrrs.org/results/80833/4922034/SEC_Outdoor_Track__Field_Championships/400-Hurdles,TFRRS all_performances
"Mustin, Dominique",Georgia,SEC,400H,2023,3,,,57.09,seconds,SEC Champs.,2023-05-11/2023-05-13,P,11th,,Outdoor,https://georgiadogs.com/documents/download/2023/3/28/2023_Women_Outdoor_Results.pdf,legacy_source_needs_review
"Mustin, Dominique",Georgia,SEC,400H,2023,3,,,57.35,seconds,NCAA East Prelims,2023-05-24/2023-05-27,FR,6th,,Outdoor,https://georgiadogs.com/documents/download/2023/3/28/2023_Women_Outdoor_Results.pdf,legacy_source_needs_review
"Mustin, Dominique",Georgia,SEC,400H,2023,3,,,57.56,seconds,NCAA East Prelims,2023-05-24/2023-05-27,Q,10th,,Outdoor,https://georgiadogs.com/documents/download/2023/3/28/2023_Women_Outdoor_Results.pdf,legacy_source_needs_review
"Mustin, Dominique",Georgia,SEC,400H,2023,3,,,57.35,seconds,NCAA East Preliminary Round,2023-05-25,,,,Outdoor,https://www.tfrrs.org/results/81274/4936800/NCAA_East_Preliminary_Round/400-Hurdles,TFRRS all_performances
"Mustin, Dominique",Georgia,SEC,400H,2023,3,,,57.56,seconds,NCAA East Preliminary Round,2023-05-25,,,,Outdoor,https://www.tfrrs.org/results/81274/4936800/NCAA_East_Preliminary_Round/400-Hurdles,TFRRS all_performances
"Mustin, Dominique",Georgia,SEC,400H,2023,3,,,56.68,seconds,NCAA Division I Outdoor Track & Field Championships,2023-06-07,,,,Outdoor,https://www.tfrrs.org/results/81300/4938124/NCAA_Division_I_Outdoor_Track__Field_Championships/400-Hurdles,TFRRS all_performances
"Mustin, Dominique",Georgia,SEC,400H,2023,3,,,56.68,seconds,NCAA Champs.,2023-06-07/2023-06-10,P,12th,,Outdoor,https://georgiadogs.com/documents/download/2023/3/28/2023_Women_Outdoor_Results.pdf,legacy_source_needs_review
"Brooks, Yasmin",Kentucky,SEC,400H,2023,4,,,1:02.12,seconds,UCF Black and Gold Invite,2023-03-17,,,,Outdoor,https://www.tfrrs.org/results/77632/4732599/UCF_Black_and_Gold_Invite/400-Hurdles,TFRRS all_performances
"Russell, Masai",Kentucky,SEC,400H,2023,4,,,56.66,seconds,UCF Black and Gold Invite,2023-03-17,,,,Outdoor,https://www.tfrrs.org/results/77632/4732599/UCF_Black_and_Gold_Invite/400-Hurdles,TFRRS all_performances
"Brooks, Yasmin",Kentucky,SEC,400H,2023,4,,,59.26,seconds,2023 95th Clyde Littlefield Texas Relays,2023-03-29,,,,Outdoor,https://www.tfrrs.org/results/77369/4767284/2023_95th_Clyde_Littlefield_Texas_Relays/400-Hurdles,TFRRS all_performances
"Brooks, Yasmin",Kentucky,SEC,400H,2023,4,,,1:00.09,seconds,UF Tom Jones Memorial,2023-04-14,,,,Outdoor,https://www.tfrrs.org/results/78102/4824387/UF_Tom_Jones_Memorial/400-Hurdles,TFRRS all_performances
"Russell, Masai",Kentucky,SEC,400H,2023,4,,,55.39,seconds,UF Tom Jones Memorial,2023-04-14,,,,Outdoor,https://www.tfrrs.org/results/78102/4824387/UF_Tom_Jones_Memorial/400-Hurdles,TFRRS all_performances
"Russell, Masai",Kentucky,SEC,400H,2023,4,,,55.21,seconds,SEC Outdoor Track & Field Championships,2023-05-11,,,,Outdoor,https://www.tfrrs.org/results/80833/4922034/SEC_Outdoor_Track__Field_Championships/400-Hurdles,TFRRS all_performances
"Russell, Masai",Kentucky,SEC,400H,2023,4,,,56.32,seconds,SEC Outdoor Track & Field Championships,2023-05-11,,,,Outdoor,https://www.tfrrs.org/results/80833/4922034/SEC_Outdoor_Track__Field_Championships/400-Hurdles,TFRRS all_performances
"Russell, Masai",Kentucky,SEC,400H,2023,4,,,56.30,seconds,NCAA East Preliminary Round,2023-05-25,,,,Outdoor,https://www.tfrrs.org/results/81274/4936800/NCAA_East_Preliminary_Round/400-Hurdles,TFRRS all_performances
"Russell, Masai",Kentucky,SEC,400H,2023,4,,,57.57,seconds,NCAA East Preliminary Round,2023-05-25,,,,Outdoor,https://www.tfrrs.org/results/81274/4936800/NCAA_East_Preliminary_Round/400-Hurdles,TFRRS all_performances
"Russell, Masai",Kentucky,SEC,400H,2023,4,,,54.66,seconds,NCAA Division I Outdoor Track & Field Championships,2023-06-07,,,,Outdoor,https://www.tfrrs.org/results/81300/4938124/NCAA_Division_I_Outdoor_Track__Field_Championships/400-Hurdles,TFRRS all_performances
"Russell, Masai",Kentucky,SEC,400H,2023,4,,,55.74,seconds,NCAA Division I Outdoor Track & Field Championships,2023-06-07,,,,Outdoor,https://www.tfrrs.org/results/81300/4938124/NCAA_Division_I_Outdoor_Track__Field_Championships/400-Hurdles,TFRRS all_performances
"Kelety , Elena",South Carolina,SEC,400H,2023,1,,,58.19,seconds,Island Relays Bahamas,2023-03-17,,,,Outdoor,https://www.tfrrs.org/results/78004/4735451/Island_Relays_Bahamas/400-Hurdles,TFRRS all_performances
"Kelety , Elena",South Carolina,SEC,400H,2023,1,,,58.71,seconds,Weems Baskin Relays 2023,2023-03-24,,,,Outdoor,https://www.tfrrs.org/results/76410/4746830/Weems_Baskin_Relays_2023/400-Hurdles,TFRRS all_performances
"Kelety , Elena",South Carolina,SEC,400H,2023,1,,,59.12,seconds,UF Tom Jones Memorial,2023-04-14,,,,Outdoor,https://www.tfrrs.org/results/78102/4824387/UF_Tom_Jones_Memorial/400-Hurdles,TFRRS all_performances
"Kelety , Elena",South Carolina,SEC,400H,2023,1,,,58.28,seconds,USC Open Outdoor 2023,2023-04-22,,,,Outdoor,https://www.tfrrs.org/results/76412/4855761/USC_Open_Outdoor_2023/400-Hurdles,TFRRS all_performances
"Kelety, Elena",South Carolina,SEC,400H,2023,1,,,58.92,seconds,Penn Relays,2023-04-27,,,,Outdoor,https://www.tfrrs.org/results/80814/4891277/Penn_Relays/400-Hurdles,TFRRS all_performances
"Kelety , Elena",South Carolina,SEC,400H,2023,1,,,58.19,seconds,SEC Outdoor Track & Field Championships,2023-05-11,,,,Outdoor,https://www.tfrrs.org/results/80833/4922034/SEC_Outdoor_Track__Field_Championships/400-Hurdles,TFRRS all_performances
"Kelety, Elena",South Carolina,SEC,400H,2023,1,,,58.59,seconds,NCAA East Preliminary Round,2023-05-25,,,,Outdoor,https://www.tfrrs.org/results/81274/4936800/NCAA_East_Preliminary_Round/400-Hurdles,TFRRS all_performances
"Kelety, Elena",South Carolina,SEC,400H,2023,1,,,58.98,seconds,NCAA East Preliminary Round,2023-05-25,,,,Outdoor,https://www.tfrrs.org/results/81274/4936800/NCAA_East_Preliminary_Round/400-Hurdles,TFRRS all_performances
"Fingall, Aysia",Clemson,ACC,400H,2024,1,,,1:02.99,s,UCF Black & Gold Invite,2024-03-15,,,,Outdoor,https://www.tfrrs.org/results/81397/5112723/UCF_Black__Gold_Invite/400-Hurdles,TFRRS all_performances
"Nebel, Isabelle",Clemson,ACC,400H,2024,1,,,1:15.38,s,UCF Black & Gold Invite,2024-03-15,,,,Outdoor,https://www.tfrrs.org/results/81397/5112723/UCF_Black__Gold_Invite/400-Hurdles,TFRRS all_performances
"Fingall, Aysia",Clemson,ACC,400H,2024,1,,,1:03.21,s,UCF Knights Invite,2024-03-22,,,,Outdoor,https://www.tfrrs.org/results/81665/5127779/UCF_Knights_Invite/400-Hurdles,TFRRS all_performances
"Fingall, Aysia",Clemson,ACC,400H,2024,1,,,1:03.34,s,2024 96th Clyde Littlefield Texas Relays,2024-03-27,,,,Outdoor,https://www.tfrrs.org/results/83393/5147098/2024_96th_Clyde_Littlefield_Texas_Relays/400-Hurdles,TFRRS all_performances
"Dixon, Jodi Ann",Clemson,ACC,400H,2024,3,,,1:00.73,s,Tom Jones Memorial Invitational,2024-04-12,,,,Outdoor,https://www.tfrrs.org/results/85961/5199031/Tom_Jones_Memorial_Invitational/400-Hurdles,TFRRS all_performances
"Fingall, Aysia",Clemson,ACC,400H,2024,1,,,1:01.93,s,Tom Jones Memorial Invitational,2024-04-12,,,,Outdoor,https://www.tfrrs.org/results/85961/5199031/Tom_Jones_Memorial_Invitational/400-Hurdles,TFRRS all_performances
"Gadson, Ken'naria",Clemson,ACC,400H,2024,4,,,56.68,s,Tom Jones Memorial Invitational,2024-04-12,,,,Outdoor,https://www.tfrrs.org/results/85961/5199023/Tom_Jones_Memorial_Invitational/400-Hurdles,TFRRS all_performances
"Dixon, Jodi Ann",Clemson,ACC,400H,2024,3,,,1:00.32,s,USC Outdoor Open,2024-04-20,,,,Outdoor,https://www.tfrrs.org/results/85539/5220053/USC_Outdoor_Open/400-Hurdles,TFRRS all_performances
"Gadson, Ken'naria",Clemson,ACC,400H,2024,4,,,57.22,s,USC Outdoor Open,2024-04-20,,,,Outdoor,https://www.tfrrs.org/results/85539/5220053/USC_Outdoor_Open/400-Hurdles,TFRRS all_performances
"Dixon, Jodi Ann",Clemson,ACC,400H,2024,3,,,59.37,s,Penn Relays,2024-04-25,,,,Outdoor,https://www.tfrrs.org/results/86574/5277006/Penn_Relays/400-Hurdles,TFRRS all_performances
"Fingall, Aysia",Clemson,ACC,400H,2024,1,,,1:03.20,s,Penn Relays,2024-04-25,,,,Outdoor,https://www.tfrrs.org/results/86574/5277006/Penn_Relays/400-Hurdles,TFRRS all_performances
"Gadson, Ken'naria",Clemson,ACC,400H,2024,4,,,56.82,s,Penn Relays,2024-04-25,,,,Outdoor,https://www.tfrrs.org/results/86574/5277006/Penn_Relays/400-Hurdles,TFRRS all_performances
"Gadson, Ken'naria",Clemson,ACC,400H,2024,4,,,57.32,s,NCAA Division I Outdoor Track & Field Championships,2024-05-05,,,,Outdoor,https://www.tfrrs.org/results/87017/5286186/NCAA_Division_I_Outdoor_Track__Field_Championships/400-Hurdles,TFRRS all_performances
"Dixon, Jodi Ann",Clemson,ACC,400H,2024,3,,,58.77,s,ACC Outdoor Track & Field Championships,2024-05-09,,,,Outdoor,https://www.tfrrs.org/results/86920/5278883/ACC_Outdoor_Track__Field_Championships/400-Hurdles,TFRRS all_performances
"Dixon, Jodi Ann",Clemson,ACC,400H,2024,3,,,59.00,s,ACC Outdoor Track & Field Championships,2024-05-09,,,,Outdoor,https://www.tfrrs.org/results/86920/5278883/ACC_Outdoor_Track__Field_Championships/400-Hurdles,TFRRS all_performances
"Fingall, Aysia",Clemson,ACC,400H,2024,1,,,1:01.54,s,ACC Outdoor Track & Field Championships,2024-05-09,,,,Outdoor,https://www.tfrrs.org/results/86920/5278883/ACC_Outdoor_Track__Field_Championships/400-Hurdles,TFRRS all_performances
"Gadson, Ken'naria",Clemson,ACC,400H,2024,4,,,57.37,s,ACC Outdoor Track & Field Championships,2024-05-09,,,,Outdoor,https://www.tfrrs.org/results/86920/5278883/ACC_Outdoor_Track__Field_Championships/400-Hurdles,TFRRS all_performances
"Gadson, Ken'naria",Clemson,ACC,400H,2024,4,,,57.56,s,ACC Outdoor Track & Field Championships,2024-05-09,,,,Outdoor,https://www.tfrrs.org/results/86920/5278883/ACC_Outdoor_Track__Field_Championships/400-Hurdles,TFRRS all_performances
"Dixon, Jodi Ann",Clemson,ACC,400H,2024,3,,,57.66,s,NCAA East First Round,2024-05-22,,,,Outdoor,https://www.tfrrs.org/results/86997/5284588/NCAA_East_First_Round/400-Hurdles,TFRRS all_performances
"Dixon, Jodi Ann",Clemson,ACC,400H,2024,3,,,58.06,s,NCAA East First Round,2024-05-22,,,,Outdoor,https://www.tfrrs.org/results/86997/5284588/NCAA_East_First_Round/400-Hurdles,TFRRS all_performances
"Gadson, Ken'naria",Clemson,ACC,400H,2024,4,,,56.53,s,NCAA East First Round,2024-05-22,,,,Outdoor,https://www.tfrrs.org/results/86997/5284588/NCAA_East_First_Round/400-Hurdles,TFRRS all_performances
"Gadson, Ken'naria",Clemson,ACC,400H,2024,4,,,56.88,s,NCAA East First Round,2024-05-22,,,,Outdoor,https://www.tfrrs.org/results/86997/5284588/NCAA_East_First_Round/400-Hurdles,TFRRS all_performances
"Sims, Meredith",Duke,ACC,400H,2024,3,,,1:01.54,s,Hurricane Collegiate Invite,2024-03-23,,,,Outdoor,https://www.tfrrs.org/results/84947/5225226/Hurricane_Collegiate_Invite_/400-Hurdles,TFRRS all_performances
"Wilson, Skyla",Duke,ACC,400H,2024,4,,,1:02.40,s,Hurricane Collegiate Invite,2024-03-23,,,,Outdoor,https://www.tfrrs.org/results/84947/5225226/Hurricane_Collegiate_Invite_/400-Hurdles,TFRRS all_performances
"Dietz, Madison",Duke,ACC,400H,2024,2,,,1:05.70,s,Raleigh Relays,2024-03-28,,,,Outdoor,https://www.tfrrs.org/results/85174/5146948/Raleigh_Relays/400-Hurdles,TFRRS all_performances
"Nelson, Birgen",Duke,ACC,400H,2024,3,,,1:03.75,s,Raleigh Relays,2024-03-28,,,,Outdoor,https://www.tfrrs.org/results/85174/5146948/Raleigh_Relays/400-Hurdles,TFRRS all_performances
"Onuoha, Amarachi",Duke,ACC,400H,2024,3,,,1:05.96,s,Raleigh Relays,2024-03-28,,,,Outdoor,https://www.tfrrs.org/results/85174/5146948/Raleigh_Relays/400-Hurdles,TFRRS all_performances
"Sims, Meredith",Duke,ACC,400H,2024,3,,,1:01.21,s,Raleigh Relays,2024-03-28,,,,Outdoor,https://www.tfrrs.org/results/85174/5146948/Raleigh_Relays/400-Hurdles,TFRRS all_performances
"Tarpeh, Jorhdyn",Duke,ACC,400H,2024,2,,,1:02.15,s,Raleigh Relays,2024-03-28,,,,Outdoor,https://www.tfrrs.org/results/85174/5146948/Raleigh_Relays/400-Hurdles,TFRRS all_performances
"Wilson, Skyla",Duke,ACC,400H,2024,4,,,57.98,s,Raleigh Relays,2024-03-28,,,,Outdoor,https://www.tfrrs.org/results/85174/5146948/Raleigh_Relays/400-Hurdles,TFRRS all_performances
"Dietz, Madison",Duke,ACC,400H,2024,2,,,1:06.15,s,VertKlasse Meeting,2024-04-05,,,,Outdoor,https://www.tfrrs.org/results/85654/5173140/VertKlasse_Meeting/400-Hurdles,TFRRS all_performances
"Onuoha, Amarachi",Duke,ACC,400H,2024,3,,,1:06.16,s,VertKlasse Meeting,2024-04-05,,,,Outdoor,https://www.tfrrs.org/results/85654/5173140/VertKlasse_Meeting/400-Hurdles,TFRRS all_performances
"Sims, Meredith",Duke,ACC,400H,2024,3,,,1:02.02,s,VertKlasse Meeting,2024-04-05,,,,Outdoor,https://www.tfrrs.org/results/85654/5173140/VertKlasse_Meeting/400-Hurdles,TFRRS all_performances
"Tarpeh, Jorhdyn",Duke,ACC,400H,2024,2,,,1:02.97,s,VertKlasse Meeting,2024-04-05,,,,Outdoor,https://www.tfrrs.org/results/85654/5173140/VertKlasse_Meeting/400-Hurdles,TFRRS all_performances
"Dietz, Madison",Duke,ACC,400H,2024,2,,,1:05.16,s,Duke Invitational,2024-04-11,,,,Outdoor,https://www.tfrrs.org/results/81886/5192004/Duke_Invitational/400-Hurdles,TFRRS all_performances
"Nelson, Birgen",Duke,ACC,400H,2024,3,,,1:01.93,s,Duke Invitational,2024-04-11,,,,Outdoor,https://www.tfrrs.org/results/81886/5192004/Duke_Invitational/400-Hurdles,TFRRS all_performances
"Onuoha, Amarachi",Duke,ACC,400H,2024,3,,,1:05.27,s,Duke Invitational,2024-04-11,,,,Outdoor,https://www.tfrrs.org/results/81886/5192004/Duke_Invitational/400-Hurdles,TFRRS all_performances
"Sims, Meredith",Duke,ACC,400H,2024,3,,,59.73,s,Duke Invitational,2024-04-11,,,,Outdoor,https://www.tfrrs.org/results/81886/5192004/Duke_Invitational/400-Hurdles,TFRRS all_performances
"Tarpeh, Jorhdyn",Duke,ACC,400H,2024,2,,,1:01.80,s,Duke Invitational,2024-04-11,,,,Outdoor,https://www.tfrrs.org/results/81886/5192004/Duke_Invitational/400-Hurdles,TFRRS all_performances
"Wilson, Skyla",Duke,ACC,400H,2024,4,,,59.52,s,Duke Invitational,2024-04-11,,,,Outdoor,https://www.tfrrs.org/results/81886/5192004/Duke_Invitational/400-Hurdles,TFRRS all_performances
"Dietz, Madison",Duke,ACC,400H,2024,2,,,1:04.53,s,Wake Forest Invitational,2024-04-19,,,,Outdoor,https://www.tfrrs.org/results/86254/5223294/Wake_Forest_Invitational/400-Hurdles,TFRRS all_performances
"Nelson, Birgen",Duke,ACC,400H,2024,3,,,1:01.78,s,Wake Forest Invitational,2024-04-19,,,,Outdoor,https://www.tfrrs.org/results/86254/5223294/Wake_Forest_Invitational/400-Hurdles,TFRRS all_performances
"Sims, Meredith",Duke,ACC,400H,2024,3,,,59.27,s,Wake Forest Invitational,2024-04-19,,,,Outdoor,https://www.tfrrs.org/results/86254/5223294/Wake_Forest_Invitational/400-Hurdles,TFRRS all_performances
"Tarpeh, Jorhdyn",Duke,ACC,400H,2024,2,,,1:01.86,s,Wake Forest Invitational,2024-04-19,,,,Outdoor,https://www.tfrrs.org/results/86254/5223294/Wake_Forest_Invitational/400-Hurdles,TFRRS all_performances
"Nelson, Birgen",Duke,ACC,400H,2024,3,,,1:00.50,s,2024 Charlotte Invitational,2024-04-26,,,,Outdoor,https://www.tfrrs.org/results/85877/5240205/2024_Charlotte_Invitational/400-Hurdles,TFRRS all_performances
"Tarpeh, Jorhdyn",Duke,ACC,400H,2024,2,,,1:03.91,s,2024 Charlotte Invitational,2024-04-26,,,,Outdoor,https://www.tfrrs.org/results/85877/5240205/2024_Charlotte_Invitational/400-Hurdles,TFRRS all_performances
"Nelson, Birgen",Duke,ACC,400H,2024,3,,,1:01.07,s,ACC Outdoor Track & Field Championships,2024-05-09,,,,Outdoor,https://www.tfrrs.org/results/86920/5278883/ACC_Outdoor_Track__Field_Championships/400-Hurdles,TFRRS all_performances
"Sims, Meredith",Duke,ACC,400H,2024,3,,,58.84,s,ACC Outdoor Track & Field Championships,2024-05-09,,,,Outdoor,https://www.tfrrs.org/results/86920/5278883/ACC_Outdoor_Track__Field_Championships/400-Hurdles,TFRRS all_performances
"Sims, Meredith",Duke,ACC,400H,2024,3,,,59.41,s,ACC Outdoor Track & Field Championships,2024-05-09,,,,Outdoor,https://www.tfrrs.org/results/86920/5278883/ACC_Outdoor_Track__Field_Championships/400-Hurdles,TFRRS all_performances
"Wilson, Skyla",Duke,ACC,400H,2024,4,,,56.05,s,ACC Outdoor Track & Field Championships,2024-05-09,,,,Outdoor,https://www.tfrrs.org/results/86920/5278883/ACC_Outdoor_Track__Field_Championships/400-Hurdles,TFRRS all_performances
"Wilson, Skyla",Duke,ACC,400H,2024,4,,,57.70,s,ACC Outdoor Track & Field Championships,2024-05-09,,,,Outdoor,https://www.tfrrs.org/results/86920/5278883/ACC_Outdoor_Track__Field_Championships/400-Hurdles,TFRRS all_performances
"Sims, Meredith",Duke,ACC,400H,2024,3,,,58.61,s,NCAA East First Round,2024-05-22,,,,Outdoor,https://www.tfrrs.org/results/86997/5284588/NCAA_East_First_Round/400-Hurdles,TFRRS all_performances
"Wilson, Skyla",Duke,ACC,400H,2024,4,,,57.33,s,NCAA East First Round,2024-05-22,,,,Outdoor,https://www.tfrrs.org/results/86997/5284588/NCAA_East_First_Round/400-Hurdles,TFRRS all_performances
"Wilson, Skyla",Duke,ACC,400H,2024,4,,,57.68,s,NCAA East First Round,2024-05-22,,,,Outdoor,https://www.tfrrs.org/results/86997/5284588/NCAA_East_First_Round/400-Hurdles,TFRRS all_performances
"Klein, Ava",Florida State,ACC,400H,2024,4,,,59.16,s,FSU Relays,2024-03-21,,,,Outdoor,https://www.tfrrs.org/results/84936/5126526/FSU_Relays/400-Hurdles,TFRRS all_performances
"Wilson, Tyra",Florida State,ACC,400H,2024,3,,,57.53,s,FSU Relays,2024-03-21,,,,Outdoor,https://www.tfrrs.org/results/84936/5126526/FSU_Relays/400-Hurdles,TFRRS all_performances
"Klein, Ava",Florida State,ACC,400H,2024,4,,,59.98,s,Crimson Tide Invitational,2024-04-05,,,,Outdoor,https://www.tfrrs.org/results/85658/5171105/Crimson_Tide_Invitational/400-Hurdles,TFRRS all_performances
"Wilson, Tyra",Florida State,ACC,400H,2024,3,,,57.03,s,Crimson Tide Invitational,2024-04-05,,,,Outdoor,https://www.tfrrs.org/results/85658/5171105/Crimson_Tide_Invitational/400-Hurdles,TFRRS all_performances
"Klein, Ava",Florida State,ACC,400H,2024,4,,,59.47,s,Tom Jones Memorial Invitational,2024-04-12,,,,Outdoor,https://www.tfrrs.org/results/85961/5199023/Tom_Jones_Memorial_Invitational/400-Hurdles,TFRRS all_performances
"Wilson, Tyra",Florida State,ACC,400H,2024,3,,,56.74,s,Tom Jones Memorial Invitational,2024-04-12,,,,Outdoor,https://www.tfrrs.org/results/85961/5199023/Tom_Jones_Memorial_Invitational/400-Hurdles,TFRRS all_performances
"Klein, Ava",Florida State,ACC,400H,2024,4,,,59.47,s,LSU Invitational,2024-04-27,,,,Outdoor,https://www.tfrrs.org/results/84133/5240918/LSU_Invitational/400-Hurdles,TFRRS all_performances
"Wilson, Tyra",Florida State,ACC,400H,2024,3,,,57.57,s,NCAA Division I Outdoor Track & Field Championships,2024-05-05,,,,Outdoor,https://www.tfrrs.org/results/87017/5286186/NCAA_Division_I_Outdoor_Track__Field_Championships/400-Hurdles,TFRRS all_performances
"Klein, Ava",Florida State,ACC,400H,2024,4,,,58.93,s,ACC Outdoor Track & Field Championships,2024-05-09,,,,Outdoor,https://www.tfrrs.org/results/86920/5278883/ACC_Outdoor_Track__Field_Championships/400-Hurdles,TFRRS all_performances
"Wilson, Tyra",Florida State,ACC,400H,2024,3,,,56.30,s,ACC Outdoor Track & Field Championships,2024-05-09,,,,Outdoor,https://www.tfrrs.org/results/86920/5278883/ACC_Outdoor_Track__Field_Championships/400-Hurdles,TFRRS all_performances
"Wilson, Tyra",Florida State,ACC,400H,2024,3,,,58.04,s,ACC Outdoor Track & Field Championships,2024-05-09,,,,Outdoor,https://www.tfrrs.org/results/86920/5278883/ACC_Outdoor_Track__Field_Championships/400-Hurdles,TFRRS all_performances
"Klein, Ava",Florida State,ACC,400H,2024,4,,,59.30,s,NCAA East First Round,2024-05-22,,,,Outdoor,https://www.tfrrs.org/results/86997/5284588/NCAA_East_First_Round/400-Hurdles,TFRRS all_performances
"Wilson, Tyra",Florida State,ACC,400H,2024,3,,,55.68,s,NCAA East First Round,2024-05-22,,,,Outdoor,https://www.tfrrs.org/results/86997/5284588/NCAA_East_First_Round/400-Hurdles,TFRRS all_performances
"Wilson, Tyra",Florida State,ACC,400H,2024,3,,,56.45,s,NCAA East First Round,2024-05-22,,,,Outdoor,https://www.tfrrs.org/results/86997/5284588/NCAA_East_First_Round/400-Hurdles,TFRRS all_performances
"Thomas, Samantha",Stanford,ACC,400H,2024,4,,,1:00.41,s,2024 Hornet Invite,2024-03-15,,,,Outdoor,https://www.tfrrs.org/results/83555/5115038/2024_Hornet_Invite/400-Hurdles,TFRRS all_performances
"Romain, Madison",Stanford,ACC,400H,2024,2,,,1:07.92,s,Stanford Invitational,2024-03-29,,,,Outdoor,https://www.tfrrs.org/results/83461/5148829/Stanford_Invitational/400-Hurdles,TFRRS all_performances
"Thomas, Samantha",Stanford,ACC,400H,2024,4,,,58.91,s,Stanford Invitational,2024-03-29,,,,Outdoor,https://www.tfrrs.org/results/83461/5148829/Stanford_Invitational/400-Hurdles,TFRRS all_performances
"Romain, Madison",Stanford,ACC,400H,2024,2,,,1:04.80,s,Brutus Hamilton 2024,2024-04-06,,,,Outdoor,https://www.tfrrs.org/results/81521/5172153/Brutus_Hamilton_2024/400-Hurdles,TFRRS all_performances
"Thomas, Samantha",Stanford,ACC,400H,2024,4,,,58.61,s,Brutus Hamilton 2024,2024-04-06,,,,Outdoor,https://www.tfrrs.org/results/81521/5172153/Brutus_Hamilton_2024/400-Hurdles,TFRRS all_performances
"Romain, Madison",Stanford,ACC,400H,2024,2,,,1:07.72,s,Payton Jordan Invitational,2024-04-26,,,,Outdoor,https://www.tfrrs.org/results/83818/5238632/Payton_Jordan_Invitational/400-Hurdles,TFRRS all_performances
"Romain, Madison",Stanford,ACC,400H,2024,2,,,1:08.80,s,Stanford vs Cal Big Meet,2024-04-30,,,,Outdoor,https://www.tfrrs.org/results/86314/5253390/Stanford_vs_Cal_Big_Meet/400-Hurdles,TFRRS all_performances
"Thomas, Samantha",Stanford,ACC,400H,2024,4,,,59.09,s,Stanford vs Cal Big Meet,2024-04-30,,,,Outdoor,https://www.tfrrs.org/results/86314/5253390/Stanford_vs_Cal_Big_Meet/400-Hurdles,TFRRS all_performances
"Thomas, Samantha",Stanford,ACC,400H,2024,4,,,59.37,s,PAC-12 Track and Field Championships,2024-05-10,,,,Outdoor,https://www.tfrrs.org/results/83706/5277496/PAC-12_Track_and_Field_Championships/400-Hurdles,TFRRS all_performances
"Thomas, Samantha",Stanford,ACC,400H,2024,4,,,57.40,s,NCAA West First Round,2024-05-22,,,,Outdoor,https://www.tfrrs.org/results/86989/5284399/NCAA_West_First_Round/400-Hurdles,TFRRS all_performances
"Thomas, Samantha",Stanford,ACC,400H,2024,4,,,57.81,s,NCAA West First Round,2024-05-22,,,,Outdoor,https://www.tfrrs.org/results/86989/5284399/NCAA_West_First_Round/400-Hurdles,TFRRS all_performances
"Akpan, Sophia",Virginia,ACC,400H,2024,2,,,1:01.90,s,Virginia Opener,2024-03-23,,,,Outdoor,https://www.tfrrs.org/results/84945/5129881/Virginia_Opener/400-Hurdles,TFRRS all_performances
"Alexandru, Emily",Virginia,ACC,400H,2024,3,,,1:01.22,s,Virginia Opener,2024-03-23,,,,Outdoor,https://www.tfrrs.org/results/84945/5129881/Virginia_Opener/400-Hurdles,TFRRS all_performances
"Drakeford, Brooke'Lyn",Virginia,ACC,400H,2024,1,,,1:02.69,s,Virginia Opener,2024-03-23,,,,Outdoor,https://www.tfrrs.org/results/84945/5129881/Virginia_Opener/400-Hurdles,TFRRS all_performances
"Imoh, Elizabeth",Virginia,ACC,400H,2024,1,,,1:05.16,s,Virginia Opener,2024-03-23,,,,Outdoor,https://www.tfrrs.org/results/84945/5129881/Virginia_Opener/400-Hurdles,TFRRS all_performances
"Parenchuk, Anzhelika",Virginia,ACC,400H,2024,4,,,1:04.39,s,Virginia Opener,2024-03-23,,,,Outdoor,https://www.tfrrs.org/results/84945/5129881/Virginia_Opener/400-Hurdles,TFRRS all_performances
"Akpan, Sophia",Virginia,ACC,400H,2024,2,,,1:01.93,s,Raleigh Relays,2024-03-28,,,,Outdoor,https://www.tfrrs.org/results/85174/5146948/Raleigh_Relays/400-Hurdles,TFRRS all_performances
"Alexandru, Emily",Virginia,ACC,400H,2024,3,,,1:01.47,s,Raleigh Relays,2024-03-28,,,,Outdoor,https://www.tfrrs.org/results/85174/5146948/Raleigh_Relays/400-Hurdles,TFRRS all_performances
"Drakeford, Brooke'Lyn",Virginia,ACC,400H,2024,1,,,1:03.39,s,Raleigh Relays,2024-03-28,,,,Outdoor,https://www.tfrrs.org/results/85174/5146948/Raleigh_Relays/400-Hurdles,TFRRS all_performances
"Akpan, Sophia",Virginia,ACC,400H,2024,2,,,1:03.46,s,VertKlasse Meeting,2024-04-05,,,,Outdoor,https://www.tfrrs.org/results/85654/5173140/VertKlasse_Meeting/400-Hurdles,TFRRS all_performances
"Alexandru, Emily",Virginia,ACC,400H,2024,3,,,1:00.09,s,VertKlasse Meeting,2024-04-05,,,,Outdoor,https://www.tfrrs.org/results/85654/5173140/VertKlasse_Meeting/400-Hurdles,TFRRS all_performances
"Drakeford, Brooke'Lyn",Virginia,ACC,400H,2024,1,,,1:03.41,s,VertKlasse Meeting,2024-04-05,,,,Outdoor,https://www.tfrrs.org/results/85654/5173140/VertKlasse_Meeting/400-Hurdles,TFRRS all_performances
"Imoh, Elizabeth",Virginia,ACC,400H,2024,1,,,1:04.71,s,VertKlasse Meeting,2024-04-05,,,,Outdoor,https://www.tfrrs.org/results/85654/5173140/VertKlasse_Meeting/400-Hurdles,TFRRS all_performances
"Akpan, Sophia",Virginia,ACC,400H,2024,2,,,1:05.14,s,Virginia Grand Prix,2024-04-12,,,,Outdoor,https://www.tfrrs.org/results/85958/5192102/Virginia_Grand_Prix/400-Hurdles,TFRRS all_performances
"Alexandru, Emily",Virginia,ACC,400H,2024,3,,,59.71,s,Virginia Grand Prix,2024-04-12,,,,Outdoor,https://www.tfrrs.org/results/85958/5192102/Virginia_Grand_Prix/400-Hurdles,TFRRS all_performances
"Drakeford, Brooke'Lyn",Virginia,ACC,400H,2024,1,,,1:02.13,s,Virginia Grand Prix,2024-04-12,,,,Outdoor,https://www.tfrrs.org/results/85958/5192102/Virginia_Grand_Prix/400-Hurdles,TFRRS all_performances
"Imoh, Elizabeth",Virginia,ACC,400H,2024,1,,,1:03.70,s,Virginia Grand Prix,2024-04-12,,,,Outdoor,https://www.tfrrs.org/results/85958/5192102/Virginia_Grand_Prix/400-Hurdles,TFRRS all_performances
"Akpan, Sophia",Virginia,ACC,400H,2024,2,,,1:04.23,s,Virginia Challenge,2024-04-19,,,,Outdoor,https://www.tfrrs.org/results/86255/5218678/Virginia_Challenge/400-Hurdles,TFRRS all_performances
"Alexandru, Emily",Virginia,ACC,400H,2024,3,,,59.31,s,Virginia Challenge,2024-04-19,,,,Outdoor,https://www.tfrrs.org/results/86255/5218678/Virginia_Challenge/400-Hurdles,TFRRS all_performances
"Drakeford, Brooke'Lyn",Virginia,ACC,400H,2024,1,,,1:01.68,s,Virginia Challenge,2024-04-19,,,,Outdoor,https://www.tfrrs.org/results/86255/5218678/Virginia_Challenge/400-Hurdles,TFRRS all_performances
"Imoh, Elizabeth",Virginia,ACC,400H,2024,1,,,1:02.89,s,Virginia Challenge,2024-04-19,,,,Outdoor,https://www.tfrrs.org/results/86255/5218678/Virginia_Challenge/400-Hurdles,TFRRS all_performances
"Akpan, Sophia",Virginia,ACC,400H,2024,2,,,1:02.06,s,Virginia High Performance,2024-04-28,,,,Outdoor,https://www.tfrrs.org/results/84590/5245419/Virginia_High_Performance/400-Hurdles,TFRRS all_performances
"Alexandru, Emily",Virginia,ACC,400H,2024,3,,,59.23,s,Virginia High Performance,2024-04-28,,,,Outdoor,https://www.tfrrs.org/results/84590/5245419/Virginia_High_Performance/400-Hurdles,TFRRS all_performances
"Drakeford, Brooke'Lyn",Virginia,ACC,400H,2024,1,,,1:01.97,s,Virginia High Performance,2024-04-28,,,,Outdoor,https://www.tfrrs.org/results/84590/5245419/Virginia_High_Performance/400-Hurdles,TFRRS all_performances
"Imoh, Elizabeth",Virginia,ACC,400H,2024,1,,,1:04.01,s,Virginia High Performance,2024-04-28,,,,Outdoor,https://www.tfrrs.org/results/84590/5245419/Virginia_High_Performance/400-Hurdles,TFRRS all_performances
"Akpan, Sophia",Virginia,ACC,400H,2024,2,,,1:02.98,s,ACC Outdoor Track & Field Championships,2024-05-09,,,,Outdoor,https://www.tfrrs.org/results/86920/5278883/ACC_Outdoor_Track__Field_Championships/400-Hurdles,TFRRS all_performances
"Alexandru, Emily",Virginia,ACC,400H,2024,3,,,58.90,s,ACC Outdoor Track & Field Championships,2024-05-09,,,,Outdoor,https://www.tfrrs.org/results/86920/5278883/ACC_Outdoor_Track__Field_Championships/400-Hurdles,TFRRS all_performances
"Alexandru, Emily",Virginia,ACC,400H,2024,3,,,59.95,s,ACC Outdoor Track & Field Championships,2024-05-09,,,,Outdoor,https://www.tfrrs.org/results/86920/5278883/ACC_Outdoor_Track__Field_Championships/400-Hurdles,TFRRS all_performances
"Drakeford, Brooke'Lyn",Virginia,ACC,400H,2024,1,,,1:01.57,s,ACC Outdoor Track & Field Championships,2024-05-09,,,,Outdoor,https://www.tfrrs.org/results/86920/5278883/ACC_Outdoor_Track__Field_Championships/400-Hurdles,TFRRS all_performances
"Alexandru, Emily",Virginia,ACC,400H,2024,3,,,59.70,s,NCAA East First Round,2024-05-22,,,,Outdoor,https://www.tfrrs.org/results/86997/5284588/NCAA_East_First_Round/400-Hurdles,TFRRS all_performances
"Hall, Keilee",Arizona,Big 12,400H,2024,1,,,1:00.72,seconds,2024 Arizona Spring Break Fiesta,2024-03-16,,,,Outdoor,https://www.tfrrs.org/results/81574/5113945/2024_Arizona_Spring_Break_Fiesta/400-Hurdles,TFRRS all_performances
"Montgomery, Athena",Arizona,Big 12,400H,2024,4,,,1:03.77,seconds,2024 Arizona Spring Break Fiesta,2024-03-16,,,,Outdoor,https://www.tfrrs.org/results/81574/5113945/2024_Arizona_Spring_Break_Fiesta/400-Hurdles,TFRRS all_performances
"Sanchez Nunez, Antonia",Arizona,Big 12,400H,2024,2,,,58.51,seconds,2024 Arizona Spring Break Fiesta,2024-03-16,,,,Outdoor,https://www.tfrrs.org/results/81574/5113945/2024_Arizona_Spring_Break_Fiesta/400-Hurdles,TFRRS all_performances
"Hall, Keilee",Arizona,Big 12,400H,2024,1,,,59.13,seconds,2024 Willie Williams Classic,2024-03-22,,,,Outdoor,https://www.tfrrs.org/results/81575/5128206/_2024_Willie_Williams_Classic/400-Hurdles,TFRRS all_performances
"Montgomery, Athena",Arizona,Big 12,400H,2024,4,,,1:02.93,seconds,2024 Willie Williams Classic,2024-03-22,,,,Outdoor,https://www.tfrrs.org/results/81575/5128206/_2024_Willie_Williams_Classic/400-Hurdles,TFRRS all_performances
"Sanchez Nunez, Antonia",Arizona,Big 12,400H,2024,2,,,57.75,seconds,2024 Willie Williams Classic,2024-03-22,,,,Outdoor,https://www.tfrrs.org/results/81575/5128206/_2024_Willie_Williams_Classic/400-Hurdles,TFRRS all_performances
"Woods, Cecelia",Arizona,Big 12,400H,2024,1,,,1:04.34,seconds,2024 Willie Williams Classic,2024-03-22,,,,Outdoor,https://www.tfrrs.org/results/81575/5128206/_2024_Willie_Williams_Classic/400-Hurdles,TFRRS all_performances
"Hall, Keilee",Arizona,Big 12,400H,2024,1,,,58.70,seconds,2024 Jim Click Shootout,2024-04-05,,,,Outdoor,https://www.tfrrs.org/results/81577/5171491/_2024_Jim_Click_Shootout/400-Hurdles,TFRRS all_performances
"Montgomery, Athena",Arizona,Big 12,400H,2024,4,,,1:01.64,seconds,2024 Jim Click Shootout,2024-04-05,,,,Outdoor,https://www.tfrrs.org/results/81577/5171491/_2024_Jim_Click_Shootout/400-Hurdles,TFRRS all_performances
"Sanchez Nunez, Antonia",Arizona,Big 12,400H,2024,2,,,57.73,seconds,2024 Jim Click Shootout,2024-04-05,,,,Outdoor,https://www.tfrrs.org/results/81577/5171491/_2024_Jim_Click_Shootout/400-Hurdles,TFRRS all_performances
"Woods, Cecelia",Arizona,Big 12,400H,2024,1,,,1:03.09,seconds,2024 Jim Click Shootout,2024-04-05,,,,Outdoor,https://www.tfrrs.org/results/81577/5171491/_2024_Jim_Click_Shootout/400-Hurdles,TFRRS all_performances
"Hall, Keilee",Arizona,Big 12,400H,2024,1,,,59.23,seconds,64th Annual Mt. SAC Relays,2024-04-17,,,,Outdoor,https://www.tfrrs.org/results/84352/5221433/64th_Annual_Mt_SAC_Relays/400-Hurdles,TFRRS all_performances
"Montgomery, Athena",Arizona,Big 12,400H,2024,4,,,1:02.59,seconds,64th Annual Mt. SAC Relays,2024-04-17,,,,Outdoor,https://www.tfrrs.org/results/84352/5221433/64th_Annual_Mt_SAC_Relays/400-Hurdles,TFRRS all_performances
"Sanchez Nunez, Antonia",Arizona,Big 12,400H,2024,2,,,57.14,seconds,64th Annual Mt. SAC Relays,2024-04-17,,,,Outdoor,https://www.tfrrs.org/results/84352/5221400/64th_Annual_Mt_SAC_Relays/400-Hurdles,TFRRS all_performances
"Santiago, Xahria",Arizona,Big 12,400H,2024,4,,,1:02.44,seconds,64th Annual Mt. SAC Relays,2024-04-17,,,,Outdoor,https://www.tfrrs.org/results/84352/5221433/64th_Annual_Mt_SAC_Relays/400-Hurdles,TFRRS all_performances
"Woods, Cecelia",Arizona,Big 12,400H,2024,1,,,1:01.10,seconds,64th Annual Mt. SAC Relays,2024-04-17,,,,Outdoor,https://www.tfrrs.org/results/84352/5221433/64th_Annual_Mt_SAC_Relays/400-Hurdles,TFRRS all_performances
"Hall, Keilee",Arizona,Big 12,400H,2024,1,,,58.27,seconds,Desert Heat Classic 2024,2024-04-27,,,,Outdoor,https://www.tfrrs.org/results/81578/5242974/_Desert_Heat_Classic_2024/400-Hurdles,TFRRS all_performances
"Montgomery, Athena",Arizona,Big 12,400H,2024,4,,,1:01.80,seconds,Desert Heat Classic 2024,2024-04-27,,,,Outdoor,https://www.tfrrs.org/results/81578/5242974/_Desert_Heat_Classic_2024/400-Hurdles,TFRRS all_performances
"Sanchez Nunez, Antonia",Arizona,Big 12,400H,2024,2,,,57.55,seconds,Desert Heat Classic 2024,2024-04-27,,,,Outdoor,https://www.tfrrs.org/results/81578/5242974/_Desert_Heat_Classic_2024/400-Hurdles,TFRRS all_performances
"Santiago, Xahria",Arizona,Big 12,400H,2024,4,,,1:02.79,seconds,Desert Heat Classic 2024,2024-04-27,,,,Outdoor,https://www.tfrrs.org/results/81578/5242974/_Desert_Heat_Classic_2024/400-Hurdles,TFRRS all_performances
"Woods, Cecelia",Arizona,Big 12,400H,2024,1,,,1:01.39,seconds,Desert Heat Classic 2024,2024-04-27,,,,Outdoor,https://www.tfrrs.org/results/81578/5242974/_Desert_Heat_Classic_2024/400-Hurdles,TFRRS all_performances
"Hall, Keilee",Arizona,Big 12,400H,2024,1,,,58.40,seconds,PAC-12 Track and Field Championships,2024-05-10,,,,Outdoor,https://www.tfrrs.org/results/83706/5277496/PAC-12_Track_and_Field_Championships/400-Hurdles,TFRRS all_performances
"Hall, Keilee",Arizona,Big 12,400H,2024,1,,,58.51,seconds,PAC-12 Track and Field Championships,2024-05-10,,,,Outdoor,https://www.tfrrs.org/results/83706/5277496/PAC-12_Track_and_Field_Championships/400-Hurdles,TFRRS all_performances
"Montgomery, Athena",Arizona,Big 12,400H,2024,4,,,1:02.35,seconds,PAC-12 Track and Field Championships,2024-05-10,,,,Outdoor,https://www.tfrrs.org/results/83706/5277496/PAC-12_Track_and_Field_Championships/400-Hurdles,TFRRS all_performances
"Sanchez Nunez, Antonia",Arizona,Big 12,400H,2024,2,,,56.50,seconds,PAC-12 Track and Field Championships,2024-05-10,,,,Outdoor,https://www.tfrrs.org/results/83706/5277496/PAC-12_Track_and_Field_Championships/400-Hurdles,TFRRS all_performances
"Sanchez Nunez, Antonia",Arizona,Big 12,400H,2024,2,,,57.62,seconds,PAC-12 Track and Field Championships,2024-05-10,,,,Outdoor,https://www.tfrrs.org/results/83706/5277496/PAC-12_Track_and_Field_Championships/400-Hurdles,TFRRS all_performances
"Santiago, Xahria",Arizona,Big 12,400H,2024,4,,,1:01.53,seconds,PAC-12 Track and Field Championships,2024-05-10,,,,Outdoor,https://www.tfrrs.org/results/83706/5277496/PAC-12_Track_and_Field_Championships/400-Hurdles,TFRRS all_performances
"Woods, Cecelia",Arizona,Big 12,400H,2024,1,,,1:01.22,seconds,PAC-12 Track and Field Championships,2024-05-10,,,,Outdoor,https://www.tfrrs.org/results/83706/5277496/PAC-12_Track_and_Field_Championships/400-Hurdles,TFRRS all_performances
"Hall, Keilee",Arizona,Big 12,400H,2024,1,,,59.08,seconds,NCAA West First Round,2024-05-22,,,,Outdoor,https://www.tfrrs.org/results/86989/5284399/NCAA_West_First_Round/400-Hurdles,TFRRS all_performances
"Sanchez Nunez, Antonia",Arizona,Big 12,400H,2024,2,,,57.48,seconds,NCAA West First Round,2024-05-22,,,,Outdoor,https://www.tfrrs.org/results/86989/5284399/NCAA_West_First_Round/400-Hurdles,TFRRS all_performances
"Sanchez Nunez, Antonia",Arizona,Big 12,400H,2024,2,,,57.99,seconds,NCAA West First Round,2024-05-22,,,,Outdoor,https://www.tfrrs.org/results/86989/5284399/NCAA_West_First_Round/400-Hurdles,TFRRS all_performances
"Bingham, Kathryn",BYU,Big 12,400H,2024,4,,,1:03.08,seconds,2024 Arizona Spring Break Fiesta,2024-03-16,,,,Outdoor,https://www.tfrrs.org/results/81574/5113945/2024_Arizona_Spring_Break_Fiesta/400-Hurdles,TFRRS all_performances
"Broin, Erica",BYU,Big 12,400H,2024,2,,,1:06.99,seconds,2024 Arizona Spring Break Fiesta,2024-03-16,,,,Outdoor,https://www.tfrrs.org/results/81574/5113945/2024_Arizona_Spring_Break_Fiesta/400-Hurdles,TFRRS all_performances
"Eaton , Madelyn",BYU,Big 12,400H,2024,3,,,1:02.43,seconds,2024 Arizona Spring Break Fiesta,2024-03-16,,,,Outdoor,https://www.tfrrs.org/results/81574/5113945/2024_Arizona_Spring_Break_Fiesta/400-Hurdles,TFRRS all_performances
"Hart, Annalise",BYU,Big 12,400H,2024,3,,,58.87,seconds,2024 Arizona Spring Break Fiesta,2024-03-16,,,,Outdoor,https://www.tfrrs.org/results/81574/5113945/2024_Arizona_Spring_Break_Fiesta/400-Hurdles,TFRRS all_performances
"Taggart, Madelynee",BYU,Big 12,400H,2024,1,,,1:06.03,seconds,2024 Arizona Spring Break Fiesta,2024-03-16,,,,Outdoor,https://www.tfrrs.org/results/81574/5113945/2024_Arizona_Spring_Break_Fiesta/400-Hurdles,TFRRS all_performances
"Eaton , Madelyn",BYU,Big 12,400H,2024,3,,,1:03.87,seconds,45th Aztec Invitational,2024-03-22,,,,Outdoor,https://www.tfrrs.org/results/83606/5129737/45th_Aztec_Invitational/400-Hurdles,TFRRS all_performances
"Bingham, Kathryn",BYU,Big 12,400H,2024,4,,,1:02.25,seconds,2024 96th Clyde Littlefield Texas Relays,2024-03-27,,,,Outdoor,https://www.tfrrs.org/results/83393/5147098/2024_96th_Clyde_Littlefield_Texas_Relays/400-Hurdles,TFRRS all_performances
"Hart, Annalise",BYU,Big 12,400H,2024,3,,,1:00.82,seconds,2024 96th Clyde Littlefield Texas Relays,2024-03-27,,,,Outdoor,https://www.tfrrs.org/results/83393/5146980/2024_96th_Clyde_Littlefield_Texas_Relays/400-Hurdles,TFRRS all_performances
"Hart, Annalise",BYU,Big 12,400H,2024,3,,,58.24,seconds,2024 96th Clyde Littlefield Texas Relays,2024-03-27,,,,Outdoor,https://www.tfrrs.org/results/83393/5146980/2024_96th_Clyde_Littlefield_Texas_Relays/400-Hurdles,TFRRS all_performances
"Taggart, Madelynee",BYU,Big 12,400H,2024,1,,,1:05.59,seconds,2024 UVU Collegiate Invitational,2024-03-29,,,,Outdoor,https://www.tfrrs.org/results/83001/5155404/2024_UVU_Collegiate_Invitational/400-Hurdles,TFRRS all_performances
"Eaton , Madelyn",BYU,Big 12,400H,2024,3,,,1:02.33,seconds,Pacific Coast Invitational 2024,2024-04-11,,,,Outdoor,https://www.tfrrs.org/results/81677/5186413/Pacific_Coast_Invitational_2024/400-Hurdles,TFRRS all_performances
"Eaton , Madelyn",BYU,Big 12,400H,2024,3,,,1:01.81,seconds,Beach Invitational 2024,2024-04-12,,,,Outdoor,https://www.tfrrs.org/results/81678/5194175/Beach_Invitational_2024/400-Hurdles,TFRRS all_performances
"Bingham, Kathryn",BYU,Big 12,400H,2024,4,,,1:01.61,seconds,64th Annual Mt. SAC Relays,2024-04-17,,,,Outdoor,https://www.tfrrs.org/results/84352/5221433/64th_Annual_Mt_SAC_Relays/400-Hurdles,TFRRS all_performances
"Hart, Annalise",BYU,Big 12,400H,2024,3,,,57.11,seconds,64th Annual Mt. SAC Relays,2024-04-17,,,,Outdoor,https://www.tfrrs.org/results/84352/5221400/64th_Annual_Mt_SAC_Relays/400-Hurdles,TFRRS all_performances
"Bingham, Kathryn",BYU,Big 12,400H,2024,4,,,1:02.27,seconds,2024 BYU Robison Invitational,2024-04-25,,,,Outdoor,https://www.tfrrs.org/results/84592/5242842/2024_BYU_Robison_Invitational/400-Hurdles,TFRRS all_performances
"Broin, Erica",BYU,Big 12,400H,2024,2,,,1:05.93,seconds,2024 BYU Robison Invitational,2024-04-25,,,,Outdoor,https://www.tfrrs.org/results/84592/5242842/2024_BYU_Robison_Invitational/400-Hurdles,TFRRS all_performances
"Eaton , Madelyn",BYU,Big 12,400H,2024,3,,,1:03.34,seconds,2024 BYU Robison Invitational,2024-04-25,,,,Outdoor,https://www.tfrrs.org/results/84592/5242842/2024_BYU_Robison_Invitational/400-Hurdles,TFRRS all_performances
"Hart, Annalise",BYU,Big 12,400H,2024,3,,,59.02,seconds,2024 BYU Robison Invitational,2024-04-25,,,,Outdoor,https://www.tfrrs.org/results/84592/5242842/2024_BYU_Robison_Invitational/400-Hurdles,TFRRS all_performances
"Hart, Annalise",BYU,Big 12,400H,2024,3,,,57.07,seconds,Big 12 Outdoor Track & Field Championship,2024-05-09,,,,Outdoor,https://www.tfrrs.org/results/82314/5272399/Big_12_Outdoor_Track__Field_Championship/400-Hurdles,TFRRS all_performances
"Hart, Annalise",BYU,Big 12,400H,2024,3,,,58.33,seconds,Big 12 Outdoor Track & Field Championship,2024-05-09,,,,Outdoor,https://www.tfrrs.org/results/82314/5272399/Big_12_Outdoor_Track__Field_Championship/400-Hurdles,TFRRS all_performances
"Hart, Annalise",BYU,Big 12,400H,2024,3,,,57.59,seconds,NCAA West First Round,2024-05-22,,,,Outdoor,https://www.tfrrs.org/results/86989/5284399/NCAA_West_First_Round/400-Hurdles,TFRRS all_performances
"Hart, Annalise",BYU,Big 12,400H,2024,3,,,58.40,seconds,NCAA West First Round,2024-05-22,,,,Outdoor,https://www.tfrrs.org/results/86989/5284399/NCAA_West_First_Round/400-Hurdles,TFRRS all_performances
"Gryne, Jasmine",Baylor,Big 12,400H,2024,3,,,1:00.23,seconds,Clyde Hart Classic,2024-03-22,,,,Outdoor,https://www.tfrrs.org/results/81450/5128972/Clyde_Hart_Classic/400-Hurdles,TFRRS all_performances
"Lucero, Serafima",Baylor,Big 12,400H,2024,1,,,1:06.15,seconds,Clyde Hart Classic,2024-03-22,,,,Outdoor,https://www.tfrrs.org/results/81450/5128972/Clyde_Hart_Classic/400-Hurdles,TFRRS all_performances
"Scott, Alexandra",Baylor,Big 12,400H,2024,3,,,1:05.42,seconds,Clyde Hart Classic,2024-03-22,,,,Outdoor,https://www.tfrrs.org/results/81450/5128972/Clyde_Hart_Classic/400-Hurdles,TFRRS all_performances
"Williamson, Audrey",Baylor,Big 12,400H,2024,3,,,1:06.82,seconds,Clyde Hart Classic,2024-03-22,,,,Outdoor,https://www.tfrrs.org/results/81450/5128972/Clyde_Hart_Classic/400-Hurdles,TFRRS all_performances
"Gryne, Jasmine",Baylor,Big 12,400H,2024,3,,,58.81,seconds,LSU Battle on the Bayou,2024-03-29,,,,Outdoor,https://www.tfrrs.org/results/84130/5145897/LSU_Battle_on_the_Bayou/400-Hurdles,TFRRS all_performances
"Lucero, Serafima",Baylor,Big 12,400H,2024,1,,,1:02.24,seconds,LSU Battle on the Bayou,2024-03-29,,,,Outdoor,https://www.tfrrs.org/results/84130/5145897/LSU_Battle_on_the_Bayou/400-Hurdles,TFRRS all_performances
"Williamson, Audrey",Baylor,Big 12,400H,2024,3,,,1:05.30,seconds,LSU Battle on the Bayou,2024-03-29,,,,Outdoor,https://www.tfrrs.org/results/84130/5145897/LSU_Battle_on_the_Bayou/400-Hurdles,TFRRS all_performances
"Gryne, Jasmine",Baylor,Big 12,400H,2024,3,,,58.07,seconds,Tom Jones Memorial Invitational,2024-04-12,,,,Outdoor,https://www.tfrrs.org/results/85961/5199023/Tom_Jones_Memorial_Invitational/400-Hurdles,TFRRS all_performances
"Lucero, Serafima",Baylor,Big 12,400H,2024,1,,,1:01.92,seconds,Tom Jones Memorial Invitational,2024-04-12,,,,Outdoor,https://www.tfrrs.org/results/85961/5199031/Tom_Jones_Memorial_Invitational/400-Hurdles,TFRRS all_performances
"Gryne, Jasmine",Baylor,Big 12,400H,2024,3,,,59.12,seconds,Michael Johnson Invitational,2024-04-19,,,,Outdoor,https://www.tfrrs.org/results/81449/5219291/Michael_Johnson_Invitational/400-Hurdles,TFRRS all_performances
"Lucero, Serafima",Baylor,Big 12,400H,2024,1,,,1:01.40,seconds,Michael Johnson Invitational,2024-04-19,,,,Outdoor,https://www.tfrrs.org/results/81449/5219291/Michael_Johnson_Invitational/400-Hurdles,TFRRS all_performances
"Williamson, Audrey",Baylor,Big 12,400H,2024,3,,,1:05.43,seconds,Michael Johnson Invitational,2024-04-19,,,,Outdoor,https://www.tfrrs.org/results/81449/5219291/Michael_Johnson_Invitational/400-Hurdles,TFRRS all_performances
"Gryne, Jasmine",Baylor,Big 12,400H,2024,3,,,1:03.51,seconds,Desert Heat Classic 2024,2024-04-27,,,,Outdoor,https://www.tfrrs.org/results/81578/5242974/_Desert_Heat_Classic_2024/400-Hurdles,TFRRS all_performances
"Lucero, Serafima",Baylor,Big 12,400H,2024,1,,,1:00.15,seconds,Desert Heat Classic 2024,2024-04-27,,,,Outdoor,https://www.tfrrs.org/results/81578/5242974/_Desert_Heat_Classic_2024/400-Hurdles,TFRRS all_performances
"Gryne, Jasmine",Baylor,Big 12,400H,2024,3,,,58.00,seconds,Big 12 Outdoor Track & Field Championship,2024-05-09,,,,Outdoor,https://www.tfrrs.org/results/82314/5272399/Big_12_Outdoor_Track__Field_Championship/400-Hurdles,TFRRS all_performances
"Gryne, Jasmine",Baylor,Big 12,400H,2024,3,,,59.12,seconds,Big 12 Outdoor Track & Field Championship,2024-05-09,,,,Outdoor,https://www.tfrrs.org/results/82314/5272399/Big_12_Outdoor_Track__Field_Championship/400-Hurdles,TFRRS all_performances
"Lucero, Serafima",Baylor,Big 12,400H,2024,1,,,1:01.29,seconds,Big 12 Outdoor Track & Field Championship,2024-05-09,,,,Outdoor,https://www.tfrrs.org/results/82314/5272399/Big_12_Outdoor_Track__Field_Championship/400-Hurdles,TFRRS all_performances
"Gryne, Jasmine",Baylor,Big 12,400H,2024,3,,,1:06.41,seconds,NCAA West First Round,2024-05-22,,,,Outdoor,https://www.tfrrs.org/results/86989/5284399/NCAA_West_First_Round/400-Hurdles,TFRRS all_performances
"Gryne, Jasmine",Baylor,Big 12,400H,2024,3,,,57.90,seconds,NCAA West First Round,2024-05-22,,,,Outdoor,https://www.tfrrs.org/results/86989/5284399/NCAA_West_First_Round/400-Hurdles,TFRRS all_performances
"Harris, Magi",Texas Tech,Big 12,400H,2024,2,,,59.76,seconds,Masked Rider Open,2024-03-22,,,,Outdoor,https://www.tfrrs.org/results/84946/5137077/Masked_Rider_Open/400-Hurdles,TFRRS all_performances
"Tyler, Torrye",Texas Tech,Big 12,400H,2024,3,,,1:04.03,seconds,Masked Rider Open,2024-03-22,,,,Outdoor,https://www.tfrrs.org/results/84946/5137077/Masked_Rider_Open/400-Hurdles,TFRRS all_performances
"Harris, Magi",Texas Tech,Big 12,400H,2024,2,,,1:03.07,seconds,2024 96th Clyde Littlefield Texas Relays,2024-03-27,,,,Outdoor,https://www.tfrrs.org/results/83393/5146980/2024_96th_Clyde_Littlefield_Texas_Relays/400-Hurdles,TFRRS all_performances
"Harris, Magi",Texas Tech,Big 12,400H,2024,2,,,57.94,seconds,Tom Jones Memorial Invitational,2024-04-12,,,,Outdoor,https://www.tfrrs.org/results/85961/5199031/Tom_Jones_Memorial_Invitational/400-Hurdles,TFRRS all_performances
"Harris, Magi",Texas Tech,Big 12,400H,2024,2,,,1:01.57,seconds,Big 12 Outdoor Track & Field Championship,2024-05-09,,,,Outdoor,https://www.tfrrs.org/results/82314/5272399/Big_12_Outdoor_Track__Field_Championship/400-Hurdles,TFRRS all_performances
"Harris, Magi",Texas Tech,Big 12,400H,2024,2,,,1:01.01,seconds,NCAA West First Round,2024-05-22,,,,Outdoor,https://www.tfrrs.org/results/86989/5284399/NCAA_West_First_Round/400-Hurdles,TFRRS all_performances
"Artley, Abrielle",Nebraska,Big Ten,400H,2024,1,,,1:01.99,seconds,Pepsi Florida Relays,2024-03-29,,,,Outdoor,https://www.tfrrs.org/results/83593/5148573/Pepsi_Florida_Relays/400-Hurdles,TFRRS all_performances
"Moore, Karlie",Nebraska,Big Ten,400H,2024,4,,,1:02.17,seconds,Pepsi Florida Relays,2024-03-29,,,,Outdoor,https://www.tfrrs.org/results/83593/5148573/Pepsi_Florida_Relays/400-Hurdles,TFRRS all_performances
"Artley, Abrielle",Nebraska,Big Ten,400H,2024,1,,,1:03.18,seconds,2024 Jim Click Shootout,2024-04-05,,,,Outdoor,https://www.tfrrs.org/results/81577/5171491/_2024_Jim_Click_Shootout/400-Hurdles,TFRRS all_performances
"Hubert, Quincy",Nebraska,Big Ten,400H,2024,1,,,1:05.58,seconds,2024 Jim Click Shootout,2024-04-05,,,,Outdoor,https://www.tfrrs.org/results/81577/5171491/_2024_Jim_Click_Shootout/400-Hurdles,TFRRS all_performances
"Moore, Karlie",Nebraska,Big Ten,400H,2024,4,,,1:01.87,seconds,2024 Jim Click Shootout,2024-04-05,,,,Outdoor,https://www.tfrrs.org/results/81577/5171491/_2024_Jim_Click_Shootout/400-Hurdles,TFRRS all_performances
"Artley, Abrielle",Nebraska,Big Ten,400H,2024,1,,,1:01.75,seconds,Michael Johnson Invitational,2024-04-19,,,,Outdoor,https://www.tfrrs.org/results/81449/5219291/Michael_Johnson_Invitational/400-Hurdles,TFRRS all_performances
"Moore, Karlie",Nebraska,Big Ten,400H,2024,4,,,1:01.65,seconds,Michael Johnson Invitational,2024-04-19,,,,Outdoor,https://www.tfrrs.org/results/81449/5219291/Michael_Johnson_Invitational/400-Hurdles,TFRRS all_performances
"Artley, Abrielle",Nebraska,Big Ten,400H,2024,1,,,1:00.02,seconds,114th Drake Relays,2024-04-24,,,,Outdoor,https://www.tfrrs.org/results/84215/5243153/114th_Drake_Relays/400-Hurdles,TFRRS all_performances
"Artley, Abrielle",Nebraska,Big Ten,400H,2024,1,,,58.47,seconds,Wichita State Shocker Open,2024-05-03,,,,Outdoor,https://www.tfrrs.org/results/84237/5259769/Wichita_State_Shocker_Open/400-Hurdles,TFRRS all_performances
"Hubert, Quincy",Nebraska,Big Ten,400H,2024,1,,,1:03.00,seconds,Wichita State Shocker Open,2024-05-03,,,,Outdoor,https://www.tfrrs.org/results/84237/5259769/Wichita_State_Shocker_Open/400-Hurdles,TFRRS all_performances
"Moore, Karlie",Nebraska,Big Ten,400H,2024,4,,,59.93,seconds,Wichita State Shocker Open,2024-05-03,,,,Outdoor,https://www.tfrrs.org/results/84237/5259769/Wichita_State_Shocker_Open/400-Hurdles,TFRRS all_performances
"Artley, Abrielle",Nebraska,Big Ten,400H,2024,1,,,58.14,seconds,Big Ten Outdoor Championships,2024-05-10,,,,Outdoor,https://www.tfrrs.org/results/86945/5277372/Big_Ten_Outdoor_Championships/400-Hurdles,TFRRS all_performances
"Artley, Abrielle",Nebraska,Big Ten,400H,2024,1,,,59.35,seconds,Big Ten Outdoor Championships,2024-05-10,,,,Outdoor,https://www.tfrrs.org/results/86945/5277372/Big_Ten_Outdoor_Championships/400-Hurdles,TFRRS all_performances
"Moore, Karlie",Nebraska,Big Ten,400H,2024,4,,,1:00.93,seconds,Big Ten Outdoor Championships,2024-05-10,,,,Outdoor,https://www.tfrrs.org/results/86945/5277372/Big_Ten_Outdoor_Championships/400-Hurdles,TFRRS all_performances
"Artley, Abrielle",Nebraska,Big Ten,400H,2024,1,,,59.16,seconds,NCAA West First Round,2024-05-22,,,,Outdoor,https://www.tfrrs.org/results/86989/5284399/NCAA_West_First_Round/400-Hurdles,TFRRS all_performances
"Kannon, Madyson",Oregon,Big Ten,400H,2024,2,,,1:02.66,seconds,Lane Invite,2024-04-13,,,,Outdoor,https://www.tfrrs.org/results/81822/5200735/Lane_Invite/400-Hurdles,TFRRS all_performances
"Grebo, Shana",Oregon,Big Ten,400H,2024,3,,,56.71,seconds,64th Annual Mt. SAC Relays,2024-04-17,,,,Outdoor,https://www.tfrrs.org/results/84352/5221400/64th_Annual_Mt_SAC_Relays/400-Hurdles,TFRRS all_performances
"Kannon, Madyson",Oregon,Big Ten,400H,2024,2,,,1:02.04,seconds,64th Annual Mt. SAC Relays,2024-04-17,,,,Outdoor,https://www.tfrrs.org/results/84352/5221433/64th_Annual_Mt_SAC_Relays/400-Hurdles,TFRRS all_performances
"Grebo, Shana",Oregon,Big Ten,400H,2024,3,,,56.33,seconds,Desert Heat Classic 2024,2024-04-27,,,,Outdoor,https://www.tfrrs.org/results/81578/5242974/_Desert_Heat_Classic_2024/400-Hurdles,TFRRS all_performances
"Kannon, Madyson",Oregon,Big Ten,400H,2024,2,,,1:02.26,seconds,Desert Heat Classic 2024,2024-04-27,,,,Outdoor,https://www.tfrrs.org/results/81578/5242974/_Desert_Heat_Classic_2024/400-Hurdles,TFRRS all_performances
"Grebo, Shana",Oregon,Big Ten,400H,2024,3,,,55.30,seconds,NCAA Division I Outdoor Track & Field Championships,2024-05-05,,,,Outdoor,https://www.tfrrs.org/results/87017/5286186/NCAA_Division_I_Outdoor_Track__Field_Championships/400-Hurdles,TFRRS all_performances
"Grebo, Shana",Oregon,Big Ten,400H,2024,3,,,55.94,seconds,NCAA Division I Outdoor Track & Field Championships,2024-05-05,,,,Outdoor,https://www.tfrrs.org/results/87017/5286186/NCAA_Division_I_Outdoor_Track__Field_Championships/400-Hurdles,TFRRS all_performances
"Grebo, Shana",Oregon,Big Ten,400H,2024,3,,,57.11,seconds,PAC-12 Track and Field Championships,2024-05-10,,,,Outdoor,https://www.tfrrs.org/results/83706/5277496/PAC-12_Track_and_Field_Championships/400-Hurdles,TFRRS all_performances
"Grebo, Shana",Oregon,Big Ten,400H,2024,3,,,57.78,seconds,PAC-12 Track and Field Championships,2024-05-10,,,,Outdoor,https://www.tfrrs.org/results/83706/5277496/PAC-12_Track_and_Field_Championships/400-Hurdles,TFRRS all_performances
"Grebo, Shana",Oregon,Big Ten,400H,2024,3,,,56.24,seconds,NCAA West First Round,2024-05-22,,,,Outdoor,https://www.tfrrs.org/results/86989/5284399/NCAA_West_First_Round/400-Hurdles,TFRRS all_performances
"Grebo, Shana",Oregon,Big Ten,400H,2024,3,,,56.74,seconds,NCAA West First Round,2024-05-22,,,,Outdoor,https://www.tfrrs.org/results/86989/5284399/NCAA_West_First_Round/400-Hurdles,TFRRS all_performances
"Ballard, Simone",USC,Big Ten,400H,2024,2,,,1:02.54,seconds,Trojan Invite,2024-03-22,,,,Outdoor,https://www.tfrrs.org/results/83310/5128016/Trojan_Invite/400-Hurdles,TFRRS all_performances
"Serville, Rae-Anne",USC,Big Ten,400H,2024,4,,,58.98,seconds,Trojan Invite,2024-03-22,,,,Outdoor,https://www.tfrrs.org/results/83310/5128016/Trojan_Invite/400-Hurdles,TFRRS all_performances
"Waldron, Nonah",USC,Big Ten,400H,2024,1,,,1:00.68,seconds,Trojan Invite,2024-03-22,,,,Outdoor,https://www.tfrrs.org/results/83310/5128016/Trojan_Invite/400-Hurdles,TFRRS all_performances
"Ballard, Simone",USC,Big Ten,400H,2024,2,,,1:00.34,seconds,Pepsi Florida Relays,2024-03-29,,,,Outdoor,https://www.tfrrs.org/results/83593/5148573/Pepsi_Florida_Relays/400-Hurdles,TFRRS all_performances
"Serville, Rae-Anne",USC,Big Ten,400H,2024,4,,,58.04,seconds,Pepsi Florida Relays,2024-03-29,,,,Outdoor,https://www.tfrrs.org/results/83593/5148573/Pepsi_Florida_Relays/400-Hurdles,TFRRS all_performances
"Waldron, Nonah",USC,Big Ten,400H,2024,1,,,59.86,seconds,Pepsi Florida Relays,2024-03-29,,,,Outdoor,https://www.tfrrs.org/results/83593/5148573/Pepsi_Florida_Relays/400-Hurdles,TFRRS all_performances
"Ballard, Simone",USC,Big Ten,400H,2024,2,,,1:00.83,seconds,44 Farms Team Invitational,2024-04-05,,,,Outdoor,https://www.tfrrs.org/results/85635/5177682/44_Farms_Team_Invitational/400-Hurdles,TFRRS all_performances
"Serville, Rae-Anne",USC,Big Ten,400H,2024,4,,,59.02,seconds,44 Farms Team Invitational,2024-04-05,,,,Outdoor,https://www.tfrrs.org/results/85635/5177682/44_Farms_Team_Invitational/400-Hurdles,TFRRS all_performances
"Waldron, Nonah",USC,Big Ten,400H,2024,1,,,59.90,seconds,44 Farms Team Invitational,2024-04-05,,,,Outdoor,https://www.tfrrs.org/results/85635/5177682/44_Farms_Team_Invitational/400-Hurdles,TFRRS all_performances
"Serville, Rae-Anne",USC,Big Ten,400H,2024,4,,,57.41,seconds,64th Annual Mt. SAC Relays,2024-04-17,,,,Outdoor,https://www.tfrrs.org/results/84352/5221400/64th_Annual_Mt_SAC_Relays/400-Hurdles,TFRRS all_performances
"Ballard, Simone",USC,Big Ten,400H,2024,2,,,59.97,seconds,UCLA vs. USC Dual 2024,2024-04-27,,,,Outdoor,https://www.tfrrs.org/results/85649/5244837/UCLA_vs_USC_Dual_2024/400-Hurdles,TFRRS all_performances
"Chan, Alexandra",USC,Big Ten,400H,2024,4,,,1:07.05,seconds,UCLA vs. USC Dual 2024,2024-04-27,,,,Outdoor,https://www.tfrrs.org/results/85649/5244837/UCLA_vs_USC_Dual_2024/400-Hurdles,TFRRS all_performances
"Jones, Jasmine",USC,Big Ten,400H,2024,3,,,56.24,seconds,UCLA vs. USC Dual 2024,2024-04-27,,,,Outdoor,https://www.tfrrs.org/results/85649/5244837/UCLA_vs_USC_Dual_2024/400-Hurdles,TFRRS all_performances
"Serville, Rae-Anne",USC,Big Ten,400H,2024,4,,,57.53,seconds,UCLA vs. USC Dual 2024,2024-04-27,,,,Outdoor,https://www.tfrrs.org/results/85649/5244837/UCLA_vs_USC_Dual_2024/400-Hurdles,TFRRS all_performances
"Waldron, Nonah",USC,Big Ten,400H,2024,1,,,59.49,seconds,UCLA vs. USC Dual 2024,2024-04-27,,,,Outdoor,https://www.tfrrs.org/results/85649/5244837/UCLA_vs_USC_Dual_2024/400-Hurdles,TFRRS all_performances
"Jones, Jasmine",USC,Big Ten,400H,2024,3,,,56.38,seconds,2024 Oxy Invitational (College/University),2024-05-04,,,,Outdoor,https://www.tfrrs.org/results/82298/5263925/2024_Oxy_Invitational_College_University/400-Hurdles,TFRRS all_performances
"Jones, Jasmine",USC,Big Ten,400H,2024,3,,,53.15,seconds,NCAA Division I Outdoor Track & Field Championships,2024-05-05,,,,Outdoor,https://www.tfrrs.org/results/87017/5286186/NCAA_Division_I_Outdoor_Track__Field_Championships/400-Hurdles,TFRRS all_performances
"Jones, Jasmine",USC,Big Ten,400H,2024,3,,,54.20,seconds,NCAA Division I Outdoor Track & Field Championships,2024-05-05,,,,Outdoor,https://www.tfrrs.org/results/87017/5286186/NCAA_Division_I_Outdoor_Track__Field_Championships/400-Hurdles,TFRRS all_performances
"Serville, Rae-Anne",USC,Big Ten,400H,2024,4,,,57.13,seconds,NCAA Division I Outdoor Track & Field Championships,2024-05-05,,,,Outdoor,https://www.tfrrs.org/results/87017/5286186/NCAA_Division_I_Outdoor_Track__Field_Championships/400-Hurdles,TFRRS all_performances
"Jones, Jasmine",USC,Big Ten,400H,2024,3,,,53.87,seconds,PAC-12 Track and Field Championships,2024-05-10,,,,Outdoor,https://www.tfrrs.org/results/83706/5277496/PAC-12_Track_and_Field_Championships/400-Hurdles,TFRRS all_performances
"Jones, Jasmine",USC,Big Ten,400H,2024,3,,,56.47,seconds,PAC-12 Track and Field Championships,2024-05-10,,,,Outdoor,https://www.tfrrs.org/results/83706/5277496/PAC-12_Track_and_Field_Championships/400-Hurdles,TFRRS all_performances
"Serville, Rae-Anne",USC,Big Ten,400H,2024,4,,,57.11,seconds,PAC-12 Track and Field Championships,2024-05-10,,,,Outdoor,https://www.tfrrs.org/results/83706/5277496/PAC-12_Track_and_Field_Championships/400-Hurdles,TFRRS all_performances
"Serville, Rae-Anne",USC,Big Ten,400H,2024,4,,,57.75,seconds,PAC-12 Track and Field Championships,2024-05-10,,,,Outdoor,https://www.tfrrs.org/results/83706/5277496/PAC-12_Track_and_Field_Championships/400-Hurdles,TFRRS all_performances
"Jones, Jasmine",USC,Big Ten,400H,2024,3,,,55.45,seconds,NCAA West First Round,2024-05-22,,,,Outdoor,https://www.tfrrs.org/results/86989/5284399/NCAA_West_First_Round/400-Hurdles,TFRRS all_performances
"Jones, Jasmine",USC,Big Ten,400H,2024,3,,,56.58,seconds,NCAA West First Round,2024-05-22,,,,Outdoor,https://www.tfrrs.org/results/86989/5284399/NCAA_West_First_Round/400-Hurdles,TFRRS all_performances
"Serville, Rae-Anne",USC,Big Ten,400H,2024,4,,,56.88,seconds,NCAA West First Round,2024-05-22,,,,Outdoor,https://www.tfrrs.org/results/86989/5284399/NCAA_West_First_Round/400-Hurdles,TFRRS all_performances
"Serville, Rae-Anne",USC,Big Ten,400H,2024,4,,,57.12,seconds,NCAA West First Round,2024-05-22,,,,Outdoor,https://www.tfrrs.org/results/86989/5284399/NCAA_West_First_Round/400-Hurdles,TFRRS all_performances
"Coleman, Kapiolani",Washington,Big Ten,400H,2024,1,,,1:01.72,seconds,Stanford Invitational,2024-03-29,,,,Outdoor,https://www.tfrrs.org/results/83461/5148829/Stanford_Invitational/400-Hurdles,TFRRS all_performances
"Terrell, Anna",Washington,Big Ten,400H,2024,2,,,1:01.01,seconds,Stanford Invitational,2024-03-29,,,,Outdoor,https://www.tfrrs.org/results/83461/5148829/Stanford_Invitational/400-Hurdles,TFRRS all_performances
"Coleman, Kapiolani",Washington,Big Ten,400H,2024,1,,,1:01.47,seconds,Brutus Hamilton 2024,2024-04-06,,,,Outdoor,https://www.tfrrs.org/results/81521/5172153/Brutus_Hamilton_2024/400-Hurdles,TFRRS all_performances
"Terrell, Anna",Washington,Big Ten,400H,2024,2,,,59.40,seconds,Brutus Hamilton 2024,2024-04-06,,,,Outdoor,https://www.tfrrs.org/results/81521/5172153/Brutus_Hamilton_2024/400-Hurdles,TFRRS all_performances
"Coleman, Kapiolani",Washington,Big Ten,400H,2024,1,,,59.43,seconds,64th Annual Mt. SAC Relays,2024-04-17,,,,Outdoor,https://www.tfrrs.org/results/84352/5221433/64th_Annual_Mt_SAC_Relays/400-Hurdles,TFRRS all_performances
"Terrell, Anna",Washington,Big Ten,400H,2024,2,,,1:01.60,seconds,64th Annual Mt. SAC Relays,2024-04-17,,,,Outdoor,https://www.tfrrs.org/results/84352/5221433/64th_Annual_Mt_SAC_Relays/400-Hurdles,TFRRS all_performances
"Terrell, Anna",Washington,Big Ten,400H,2024,2,,,1:00.90,seconds,Penn Relays,2024-04-25,,,,Outdoor,https://www.tfrrs.org/results/86574/5277006/Penn_Relays/400-Hurdles,TFRRS all_performances
"Coleman, Kapiolani",Washington,Big Ten,400H,2024,,,,59.88,seconds,Fresno State Invite,2024-04-26,,,,Outdoor,https://www.tfrrs.org/results/82828/5242930/Fresno_State_Invite/400-Hurdles,TFRRS all_performances
"Coleman, Kapiolani",Washington,Big Ten,400H,2024,1,,,58.42,seconds,PAC-12 Track and Field Championships,2024-05-10,,,,Outdoor,https://www.tfrrs.org/results/83706/5277496/PAC-12_Track_and_Field_Championships/400-Hurdles,TFRRS all_performances
"Terrell, Anna",Washington,Big Ten,400H,2024,2,,,1:00.84,seconds,PAC-12 Track and Field Championships,2024-05-10,,,,Outdoor,https://www.tfrrs.org/results/83706/5277496/PAC-12_Track_and_Field_Championships/400-Hurdles,TFRRS all_performances
"Coleman, Kapiolani",Washington,Big Ten,400H,2024,1,,,1:00.12,seconds,NCAA West First Round,2024-05-22,,,,Outdoor,https://www.tfrrs.org/results/86989/5284399/NCAA_West_First_Round/400-Hurdles,TFRRS all_performances
"Watson, Vanessa",Florida,SEC,400H,2024,4,,,1:00.27,seconds,SEC Outdoor Track & Field Championships,2024-05-09,,,,Outdoor,https://www.tfrrs.org/results/85812/5272054/SEC_Outdoor_Track__Field_Championships/400-Hurdles,TFRRS all_performances
"Mustin, Dominique",Georgia,SEC,400H,2024,4,,,57.02,seconds,Hurricane Collegiate Invite,2024-03-23,,,,Outdoor,https://www.tfrrs.org/results/84947/5225226/Hurricane_Collegiate_Invite_/400-Hurdles,TFRRS all_performances
"Pollock, Zoe",Georgia,SEC,400H,2024,4,,,57.54,seconds,Hurricane Collegiate Invite,2024-03-23,,,,Outdoor,https://www.tfrrs.org/results/84947/5225226/Hurricane_Collegiate_Invite_/400-Hurdles,TFRRS all_performances
"Mustin, Dominique",Georgia,SEC,400H,2024,4,,,57.09,seconds,LSU Battle on the Bayou,2024-03-29,,,,Outdoor,https://www.tfrrs.org/results/84130/5145897/LSU_Battle_on_the_Bayou/400-Hurdles,TFRRS all_performances
"Pollock, Zoe",Georgia,SEC,400H,2024,4,,,58.70,seconds,LSU Battle on the Bayou,2024-03-29,,,,Outdoor,https://www.tfrrs.org/results/84130/5145897/LSU_Battle_on_the_Bayou/400-Hurdles,TFRRS all_performances
"Mustin, Dominique",Georgia,SEC,400H,2024,4,,,57.13,seconds,Tom Jones Memorial Invitational,2024-04-12,,,,Outdoor,https://www.tfrrs.org/results/85961/5199023/Tom_Jones_Memorial_Invitational/400-Hurdles,TFRRS all_performances
"Pollock, Zoe",Georgia,SEC,400H,2024,4,,,58.24,seconds,Tom Jones Memorial Invitational,2024-04-12,,,,Outdoor,https://www.tfrrs.org/results/85961/5199023/Tom_Jones_Memorial_Invitational/400-Hurdles,TFRRS all_performances
"Mustin, Dominique",Georgia,SEC,400H,2024,4,,,56.99,seconds,Georgia Tech Invitational,2024-04-19,,,,Outdoor,https://www.tfrrs.org/results/86277/5219589/Georgia_Tech_Invitational/400-Hurdles,TFRRS all_performances
"Mustin, Dominique",Georgia,SEC,400H,2024,4,,,56.52,seconds,LSU Invitational,2024-04-27,,,,Outdoor,https://www.tfrrs.org/results/84133/5240918/LSU_Invitational/400-Hurdles,TFRRS all_performances
"Pollock, Zoe",Georgia,SEC,400H,2024,4,,,58.71,seconds,LSU Invitational,2024-04-27,,,,Outdoor,https://www.tfrrs.org/results/84133/5240918/LSU_Invitational/400-Hurdles,TFRRS all_performances
"Mustin, Dominique",Georgia,SEC,400H,2024,4,,,58.83,seconds,NCAA Division I Outdoor Track & Field Championships,2024-05-05,,,,Outdoor,https://www.tfrrs.org/results/87017/5286186/NCAA_Division_I_Outdoor_Track__Field_Championships/400-Hurdles,TFRRS all_performances
"Pollock, Zoe",Georgia,SEC,400H,2024,4,,,57.44,seconds,NCAA Division I Outdoor Track & Field Championships,2024-05-05,,,,Outdoor,https://www.tfrrs.org/results/87017/5286186/NCAA_Division_I_Outdoor_Track__Field_Championships/400-Hurdles,TFRRS all_performances
"Mustin, Dominique",Georgia,SEC,400H,2024,4,,,55.60,seconds,SEC Outdoor Track & Field Championships,2024-05-09,,,,Outdoor,https://www.tfrrs.org/results/85812/5272054/SEC_Outdoor_Track__Field_Championships/400-Hurdles,TFRRS all_performances
"Mustin, Dominique",Georgia,SEC,400H,2024,4,,,56.22,seconds,SEC Outdoor Track & Field Championships,2024-05-09,,,,Outdoor,https://www.tfrrs.org/results/85812/5272054/SEC_Outdoor_Track__Field_Championships/400-Hurdles,TFRRS all_performances
"Pollock, Zoe",Georgia,SEC,400H,2024,4,,,57.71,seconds,SEC Outdoor Track & Field Championships,2024-05-09,,,,Outdoor,https://www.tfrrs.org/results/85812/5272054/SEC_Outdoor_Track__Field_Championships/400-Hurdles,TFRRS all_performances
"Mustin, Dominique",Georgia,SEC,400H,2024,4,,,56.44,seconds,NCAA East First Round,2024-05-22,,,,Outdoor,https://www.tfrrs.org/results/86997/5284588/NCAA_East_First_Round/400-Hurdles,TFRRS all_performances
"Mustin, Dominique",Georgia,SEC,400H,2024,4,,,56.81,seconds,NCAA East First Round,2024-05-22,,,,Outdoor,https://www.tfrrs.org/results/86997/5284588/NCAA_East_First_Round/400-Hurdles,TFRRS all_performances
"Pollock, Zoe",Georgia,SEC,400H,2024,4,,,56.39,seconds,NCAA East First Round,2024-05-22,,,,Outdoor,https://www.tfrrs.org/results/86997/5284588/NCAA_East_First_Round/400-Hurdles,TFRRS all_performances
"Pollock, Zoe",Georgia,SEC,400H,2024,4,,,56.78,seconds,NCAA East First Round,2024-05-22,,,,Outdoor,https://www.tfrrs.org/results/86997/5284588/NCAA_East_First_Round/400-Hurdles,TFRRS all_performances
"Mustin, Dominique",Georgia,SEC,400H,2024,4,,,58.83,seconds,NCAA Division I Outdoor Track & Field Championships,2024-06-05,Semifinal,22,,Outdoor,https://www.tfrrs.org/athletes/8235204/Georgia/Dominique_Mustin.html,legacy_source_needs_review
"Pollock, Zoe",Georgia,SEC,400H,2024,4,,,57.44,seconds,NCAA Division I Outdoor Track & Field Championships,2024-06-05,Semifinal,15,,Outdoor,https://www.tfrrs.org/athletes/8235209/Georgia/Zoe_Pollock.html,legacy_source_needs_review
"Alexander, Ava",Kentucky,SEC,400H,2024,1,,,1:00.52,seconds,USF Bulls Alumni Invitational,2024-03-15,,,,Outdoor,https://www.tfrrs.org/results/82252/5112608/USF_Bulls_Alumni_Invitational/400-Hurdles,TFRRS all_performances
"Glasco, Alexis",Kentucky,SEC,400H,2024,3,,,1:01.47,seconds,USF Bulls Alumni Invitational,2024-03-15,,,,Outdoor,https://www.tfrrs.org/results/82252/5112608/USF_Bulls_Alumni_Invitational/400-Hurdles,TFRRS all_performances
"McAnnuff, Oneika",Kentucky,SEC,400H,2024,1,,,1:00.45,seconds,USF Bulls Alumni Invitational,2024-03-15,Final,5,,Outdoor,https://www.tfrrs.org/athletes/8680451/Kentucky/Oneika_McAnnuff.html,legacy_source_needs_review
"McAnnuff, Onieka",Kentucky,SEC,400H,2024,1,,,1:00.45,seconds,USF Bulls Alumni Invitational,2024-03-15,,,,Outdoor,https://www.tfrrs.org/results/82252/5112608/USF_Bulls_Alumni_Invitational/400-Hurdles,TFRRS all_performances
"Alexander, Ava",Kentucky,SEC,400H,2024,1,,,1:00.13,seconds,EKU spring invitational,2024-03-22,,,,Outdoor,https://www.tfrrs.org/results/84100/5130362/EKU_spring_invitational/400-Hurdles,TFRRS all_performances
"Allen, Aliyah",Kentucky,SEC,400H,2024,1,,,1:04.40,seconds,EKU spring invitational,2024-03-22,,,,Outdoor,https://www.tfrrs.org/results/84100/5130362/EKU_spring_invitational/400-Hurdles,TFRRS all_performances
"Scales, Emmi",Kentucky,SEC,400H,2024,1,,,1:01.12,seconds,EKU spring invitational,2024-03-22,,,,Outdoor,https://www.tfrrs.org/results/84100/5130362/EKU_spring_invitational/400-Hurdles,TFRRS all_performances
"Alexander, Ava",Kentucky,SEC,400H,2024,1,,,1:02.19,seconds,LSU Battle on the Bayou,2024-03-29,,,,Outdoor,https://www.tfrrs.org/results/84130/5145897/LSU_Battle_on_the_Bayou/400-Hurdles,TFRRS all_performances
"McAnnuff, Oneika",Kentucky,SEC,400H,2024,1,,,59.97,seconds,LSU Battle on the Bayou,2024-03-29,Final,12,,Outdoor,https://www.tfrrs.org/athletes/8680451/Kentucky/Oneika_McAnnuff.html,legacy_source_needs_review
"McAnnuff, Onieka",Kentucky,SEC,400H,2024,1,,,59.97,seconds,LSU Battle on the Bayou,2024-03-29,,,,Outdoor,https://www.tfrrs.org/results/84130/5145897/LSU_Battle_on_the_Bayou/400-Hurdles,TFRRS all_performances
"Allen, Aliyah",Kentucky,SEC,400H,2024,1,,,1:05.21,seconds,2024 Jim Green Invitational,2024-04-19,,,,Outdoor,https://www.tfrrs.org/results/81771/5219379/2024_Jim_Green_Invitational/400-Hurdles,TFRRS all_performances
"Dixon, JodyAnn",Clemson,ACC,400H,2025,4,,,59.25,s,UCF Black & Gold Challenge,2025-03-21,,,,Outdoor,https://www.tfrrs.org/results/87054/5462783/UCF_Black__Gold_Challenge/400-Hurdles,TFRRS all_performances
"Fingall, Aysia",Clemson,ACC,400H,2025,2,,,1:00.66,s,UCF Black & Gold Challenge,2025-03-21,,,,Outdoor,https://www.tfrrs.org/results/87054/5462783/UCF_Black__Gold_Challenge/400-Hurdles,TFRRS all_performances
"Nebel, Isabelle",Clemson,ACC,400H,2025,2,,,59.78,s,UCF Black & Gold Challenge,2025-03-21,,,,Outdoor,https://www.tfrrs.org/results/87054/5462783/UCF_Black__Gold_Challenge/400-Hurdles,TFRRS all_performances
"Dixon, JodyAnn",Clemson,ACC,400H,2025,4,,,58.66,s,2025 97th Clyde Littlefield Texas Relays,2025-03-26,,,,Outdoor,https://www.tfrrs.org/results/89183/5483888/2025_97th_Clyde_Littlefield_Texas_Relays/400-Hurdles,TFRRS all_performances
"Fingall, Aysia",Clemson,ACC,400H,2025,2,,,1:02.09,s,2025 97th Clyde Littlefield Texas Relays,2025-03-26,,,,Outdoor,https://www.tfrrs.org/results/89183/5483888/2025_97th_Clyde_Littlefield_Texas_Relays/400-Hurdles,TFRRS all_performances
"Nebel, Isabelle",Clemson,ACC,400H,2025,2,,,1:01.66,s,2025 97th Clyde Littlefield Texas Relays,2025-03-26,,,,Outdoor,https://www.tfrrs.org/results/89183/5483888/2025_97th_Clyde_Littlefield_Texas_Relays/400-Hurdles,TFRRS all_performances
"Buller, Sophia",Clemson,ACC,400H,2025,2,,,1:06.21,s,Duke Invitational,2025-04-10,,,,Outdoor,https://www.tfrrs.org/results/87447/5540723/Duke_Invitational/400-Hurdles,TFRRS all_performances
"Dixon, JodyAnn",Clemson,ACC,400H,2025,4,,,57.48,s,Duke Invitational,2025-04-10,,,,Outdoor,https://www.tfrrs.org/results/87447/5540723/Duke_Invitational/400-Hurdles,TFRRS all_performances
"Fingall, Aysia",Clemson,ACC,400H,2025,2,,,1:00.82,s,Duke Invitational,2025-04-10,,,,Outdoor,https://www.tfrrs.org/results/87447/5540723/Duke_Invitational/400-Hurdles,TFRRS all_performances
"Nebel, Isabelle",Clemson,ACC,400H,2025,2,,,1:01.11,s,Duke Invitational,2025-04-10,,,,Outdoor,https://www.tfrrs.org/results/87447/5540723/Duke_Invitational/400-Hurdles,TFRRS all_performances
"Dixon, JodyAnn",Clemson,ACC,400H,2025,4,,,56.36,s,Tom Jones Invitational,2025-04-18,,,,Outdoor,https://www.tfrrs.org/results/91823/5651941/Tom_Jones_Invitational/400-Hurdles,TFRRS all_performances
"Fingall, Aysia",Clemson,ACC,400H,2025,2,,,1:01.36,s,Tom Jones Invitational,2025-04-18,,,,Outdoor,https://www.tfrrs.org/results/91823/5651940/Tom_Jones_Invitational/400-Hurdles,TFRRS all_performances
"Nebel, Isabelle",Clemson,ACC,400H,2025,2,,,1:00.70,s,Tom Jones Invitational,2025-04-18,,,,Outdoor,https://www.tfrrs.org/results/91823/5651940/Tom_Jones_Invitational/400-Hurdles,TFRRS all_performances
"Dixon, JodyAnn",Clemson,ACC,400H,2025,4,,,56.86,s,Penn Relays,2025-04-24,,,,Outdoor,https://www.tfrrs.org/results/92108/5610628/Penn_Relays/400-Hurdles,TFRRS all_performances
"Fingall, Aysia",Clemson,ACC,400H,2025,2,,,1:00.96,s,Penn Relays,2025-04-24,,,,Outdoor,https://www.tfrrs.org/results/92108/5610628/Penn_Relays/400-Hurdles,TFRRS all_performances
"Nebel, Isabelle",Clemson,ACC,400H,2025,2,,,1:00.50,s,Penn Relays,2025-04-24,,,,Outdoor,https://www.tfrrs.org/results/92108/5610628/Penn_Relays/400-Hurdles,TFRRS all_performances
"Fingall, Aysia",Clemson,ACC,400H,2025,2,,,1:02.11,s,Duke Twilight,2025-05-04,,,,Outdoor,https://www.tfrrs.org/results/87449/5626890/Duke_Twilight/400-Hurdles,TFRRS all_performances
"Nebel, Isabelle",Clemson,ACC,400H,2025,2,,,1:00.44,s,Duke Twilight,2025-05-04,,,,Outdoor,https://www.tfrrs.org/results/87449/5626890/Duke_Twilight/400-Hurdles,TFRRS all_performances
"Dixon, JodyAnn",Clemson,ACC,400H,2025,4,,,1:02.58,s,ACC Outdoor Track & Field Championships,2025-05-15,,,,Outdoor,https://www.tfrrs.org/results/91057/5657842/ACC_Outdoor_Track__Field_Championships/400-Hurdles,TFRRS all_performances
"Dixon, JodyAnn",Clemson,ACC,400H,2025,4,,,57.78,s,ACC Outdoor Track & Field Championships,2025-05-15,,,,Outdoor,https://www.tfrrs.org/results/91057/5657842/ACC_Outdoor_Track__Field_Championships/400-Hurdles,TFRRS all_performances
"Fingall, Aysia",Clemson,ACC,400H,2025,2,,,1:02.01,s,ACC Outdoor Track & Field Championships,2025-05-15,,,,Outdoor,https://www.tfrrs.org/results/91057/5657842/ACC_Outdoor_Track__Field_Championships/400-Hurdles,TFRRS all_performances
"Nebel, Isabelle",Clemson,ACC,400H,2025,2,,,59.25,s,ACC Outdoor Track & Field Championships,2025-05-15,,,,Outdoor,https://www.tfrrs.org/results/91057/5657842/ACC_Outdoor_Track__Field_Championships/400-Hurdles,TFRRS all_performances
"Baker, Braelyn",Duke,ACC,400H,2025,1,,,58.37,s,Raleigh Relays,2025-03-27,,,,Outdoor,https://www.tfrrs.org/results/88921/5481371/Raleigh_Relays/400-Hurdles,TFRRS all_performances
"Dietz, Madison",Duke,ACC,400H,2025,4,,,1:05.37,s,Raleigh Relays,2025-03-27,,,,Outdoor,https://www.tfrrs.org/results/88921/5481371/Raleigh_Relays/400-Hurdles,TFRRS all_performances
"Garozzo, Aliya",Duke,ACC,400H,2025,4,,,57.16,s,Raleigh Relays,2025-03-27,,,,Outdoor,https://www.tfrrs.org/results/88921/5481371/Raleigh_Relays/400-Hurdles,TFRRS all_performances
"Gomm, Ally",Duke,ACC,400H,2025,4,,,57.12,s,Raleigh Relays,2025-03-27,,,,Outdoor,https://www.tfrrs.org/results/88921/5481371/Raleigh_Relays/400-Hurdles,TFRRS all_performances
"Sims, Meredith",Duke,ACC,400H,2025,4,,,1:00.09,s,Raleigh Relays,2025-03-27,,,,Outdoor,https://www.tfrrs.org/results/88921/5481371/Raleigh_Relays/400-Hurdles,TFRRS all_performances
"Tarpeh, Jorhdyn",Duke,ACC,400H,2025,3,,,1:01.01,s,Raleigh Relays,2025-03-27,,,,Outdoor,https://www.tfrrs.org/results/88921/5481371/Raleigh_Relays/400-Hurdles,TFRRS all_performances
"Baker, Braelyn",Duke,ACC,400H,2025,1,,,57.25,s,2025 Jim Click Shootout & Multis,2025-04-04,,,,Outdoor,https://www.tfrrs.org/results/89574/5511341/_2025_Jim_Click_Shootout__Multis/400-Hurdles,TFRRS all_performances
"Garozzo, Aliya",Duke,ACC,400H,2025,4,,,56.54,s,2025 Jim Click Shootout & Multis,2025-04-04,,,,Outdoor,https://www.tfrrs.org/results/89574/5511341/_2025_Jim_Click_Shootout__Multis/400-Hurdles,TFRRS all_performances
"Gomm, Ally",Duke,ACC,400H,2025,4,,,58.09,s,2025 Jim Click Shootout & Multis,2025-04-04,,,,Outdoor,https://www.tfrrs.org/results/89574/5511341/_2025_Jim_Click_Shootout__Multis/400-Hurdles,TFRRS all_performances
"Krawczyk, Kyla",Duke,ACC,400H,2025,4,,,1:03.19,s,2025 Jim Click Shootout & Multis,2025-04-04,,,,Outdoor,https://www.tfrrs.org/results/89574/5511341/_2025_Jim_Click_Shootout__Multis/400-Hurdles,TFRRS all_performances
"Sims, Meredith",Duke,ACC,400H,2025,4,,,59.56,s,2025 Jim Click Shootout & Multis,2025-04-04,,,,Outdoor,https://www.tfrrs.org/results/89574/5511341/_2025_Jim_Click_Shootout__Multis/400-Hurdles,TFRRS all_performances
"Dietz, Madison",Duke,ACC,400H,2025,4,,,1:05.60,s,Duke Invitational,2025-04-10,,,,Outdoor,https://www.tfrrs.org/results/87447/5540723/Duke_Invitational/400-Hurdles,TFRRS all_performances
"Garozzo, Aliya",Duke,ACC,400H,2025,4,,,55.77,s,Duke Invitational,2025-04-10,,,,Outdoor,https://www.tfrrs.org/results/87447/5540723/Duke_Invitational/400-Hurdles,TFRRS all_performances
"Gomm, Ally",Duke,ACC,400H,2025,4,,,57.74,s,Duke Invitational,2025-04-10,,,,Outdoor,https://www.tfrrs.org/results/87447/5540723/Duke_Invitational/400-Hurdles,TFRRS all_performances
"Krawczyk, Kyla",Duke,ACC,400H,2025,4,,,1:01.37,s,Duke Invitational,2025-04-10,,,,Outdoor,https://www.tfrrs.org/results/87447/5540723/Duke_Invitational/400-Hurdles,TFRRS all_performances
"Sims, Meredith",Duke,ACC,400H,2025,4,,,59.22,s,Duke Invitational,2025-04-10,,,,Outdoor,https://www.tfrrs.org/results/87447/5540723/Duke_Invitational/400-Hurdles,TFRRS all_performances
"Dietz, Madison",Duke,ACC,400H,2025,4,,,1:04.46,s,Wake Forest Invitational 2025,2025-04-17,,,,Outdoor,https://www.tfrrs.org/results/89408/5568406/Wake_Forest_Invitational_2025/400-Hurdles,TFRRS all_performances
"Krawczyk, Kyla",Duke,ACC,400H,2025,4,,,1:01.65,s,Wake Forest Invitational 2025,2025-04-17,,,,Outdoor,https://www.tfrrs.org/results/89408/5568406/Wake_Forest_Invitational_2025/400-Hurdles,TFRRS all_performances
"Tarpeh, Johrdyn",Duke,ACC,400H,2025,3,,,1:01.33,s,Wake Forest Invitational 2025,2025-04-17,,,,Outdoor,https://www.tfrrs.org/results/89408/5568406/Wake_Forest_Invitational_2025/400-Hurdles,TFRRS all_performances
"Baker, Braelyn",Duke,ACC,400H,2025,1,,,57.85,s,65th Annual Mt. SAC Relays,2025-04-18,,,,Outdoor,https://www.tfrrs.org/results/89926/5573847/65th_Annual_Mt_SAC_Relays/400-Hurdles,TFRRS all_performances
"Garozzo, Aliya",Duke,ACC,400H,2025,4,,,57.61,s,65th Annual Mt. SAC Relays,2025-04-18,,,,Outdoor,https://www.tfrrs.org/results/89926/5573847/65th_Annual_Mt_SAC_Relays/400-Hurdles,TFRRS all_performances
"Sims, Meredith",Duke,ACC,400H,2025,4,,,59.46,s,65th Annual Mt. SAC Relays,2025-04-18,,,,Outdoor,https://www.tfrrs.org/results/89926/5573883/65th_Annual_Mt_SAC_Relays/400-Hurdles,TFRRS all_performances
"Garozzo, Aliya",Duke,ACC,400H,2025,4,,,57.01,s,Penn Relays,2025-04-24,,,,Outdoor,https://www.tfrrs.org/results/92108/5610628/Penn_Relays/400-Hurdles,TFRRS all_performances
"Dietz, Madison",Duke,ACC,400H,2025,4,,,1:03.97,s,2025 Charlotte Invitational,2025-04-25,,,,Outdoor,https://www.tfrrs.org/results/90756/5605924/2025_Charlotte_Invitational/400-Hurdles,TFRRS all_performances
"Krawczyk, Kyla",Duke,ACC,400H,2025,4,,,1:01.02,s,2025 Charlotte Invitational,2025-04-25,,,,Outdoor,https://www.tfrrs.org/results/90756/5605924/2025_Charlotte_Invitational/400-Hurdles,TFRRS all_performances
"Tarpeh, Johrdyn",Duke,ACC,400H,2025,3,,,1:00.84,s,2025 Charlotte Invitational,2025-04-25,,,,Outdoor,https://www.tfrrs.org/results/90756/5605924/2025_Charlotte_Invitational/400-Hurdles,TFRRS all_performances
"Garozzo, Aliya",Duke,ACC,400H,2025,4,,,56.98,s,Duke Twilight,2025-05-04,,,,Outdoor,https://www.tfrrs.org/results/87449/5626890/Duke_Twilight/400-Hurdles,TFRRS all_performances
"Krawczyk, Kyla",Duke,ACC,400H,2025,4,,,1:00.15,s,Duke Twilight,2025-05-04,,,,Outdoor,https://www.tfrrs.org/results/87449/5626890/Duke_Twilight/400-Hurdles,TFRRS all_performances
"Sims, Meredith",Duke,ACC,400H,2025,4,,,59.30,s,Duke Twilight,2025-05-04,,,,Outdoor,https://www.tfrrs.org/results/87449/5626890/Duke_Twilight/400-Hurdles,TFRRS all_performances
"Tarpeh, Johrdyn",Duke,ACC,400H,2025,3,,,1:00.96,s,Duke Twilight,2025-05-04,,,,Outdoor,https://www.tfrrs.org/results/87449/5626890/Duke_Twilight/400-Hurdles,TFRRS all_performances
"Garozzo, Aliya",Duke,ACC,400H,2025,4,,,56.60,s,ACC Outdoor Track & Field Championships,2025-05-15,,,,Outdoor,https://www.tfrrs.org/results/91057/5657842/ACC_Outdoor_Track__Field_Championships/400-Hurdles,TFRRS all_performances
"Garozzo, Aliya",Duke,ACC,400H,2025,4,,,57.94,s,ACC Outdoor Track & Field Championships,2025-05-15,,,,Outdoor,https://www.tfrrs.org/results/91057/5657842/ACC_Outdoor_Track__Field_Championships/400-Hurdles,TFRRS all_performances
"Gomm, Ally",Duke,ACC,400H,2025,4,,,59.65,s,ACC Outdoor Track & Field Championships,2025-05-15,,,,Outdoor,https://www.tfrrs.org/results/91057/5657842/ACC_Outdoor_Track__Field_Championships/400-Hurdles,TFRRS all_performances
"Krawczyk, Kyla",Duke,ACC,400H,2025,4,,,59.21,s,ACC Outdoor Track & Field Championships,2025-05-15,,,,Outdoor,https://www.tfrrs.org/results/91057/5657842/ACC_Outdoor_Track__Field_Championships/400-Hurdles,TFRRS all_performances
"Sims, Meredith",Duke,ACC,400H,2025,4,,,58.88,s,ACC Outdoor Track & Field Championships,2025-05-15,,,,Outdoor,https://www.tfrrs.org/results/91057/5657842/ACC_Outdoor_Track__Field_Championships/400-Hurdles,TFRRS all_performances
"Baker, Braelyn",Duke,ACC,400H,2025,1,,,56.48,s,NCAA Division I East First Round,2025-05-28,,,,Outdoor,https://www.tfrrs.org/results/92620/5669389/NCAA_Division_I_East_First_Round/400-Hurdles,TFRRS all_performances
"Baker, Braelyn",Duke,ACC,400H,2025,1,,,57.34,s,NCAA Division I East First Round,2025-05-28,,,,Outdoor,https://www.tfrrs.org/results/92620/5669389/NCAA_Division_I_East_First_Round/400-Hurdles,TFRRS all_performances
"Garozzo, Aliya",Duke,ACC,400H,2025,4,,,56.16,s,NCAA Division I East First Round,2025-05-28,,,,Outdoor,https://www.tfrrs.org/results/92620/5669389/NCAA_Division_I_East_First_Round/400-Hurdles,TFRRS all_performances
"Garozzo, Aliya",Duke,ACC,400H,2025,4,,,56.46,s,NCAA Division I East First Round,2025-05-28,,,,Outdoor,https://www.tfrrs.org/results/92620/5669389/NCAA_Division_I_East_First_Round/400-Hurdles,TFRRS all_performances
"Gomm, Ally",Duke,ACC,400H,2025,4,,,58.77,s,NCAA Division I East First Round,2025-05-28,,,,Outdoor,https://www.tfrrs.org/results/92620/5669389/NCAA_Division_I_East_First_Round/400-Hurdles,TFRRS all_performances
"Sims, Meredith",Duke,ACC,400H,2025,4,,,59.47,s,NCAA Division I East First Round,2025-05-28,,,,Outdoor,https://www.tfrrs.org/results/92620/5669389/NCAA_Division_I_East_First_Round/400-Hurdles,TFRRS all_performances
"Baker, Braelyn",Duke,ACC,400H,2025,1,,,56.35,s,NCAA Division I Outdoor Track & Field Championships,2025-06-11,,,,Outdoor,https://www.tfrrs.org/results/92668/5672548/NCAA_Division_I_Outdoor_Track__Field_Championships/400-Hurdles,TFRRS all_performances
"Baker, Braelyn",Duke,ACC,400H,2025,1,,,56.54,s,NCAA Division I Outdoor Track & Field Championships,2025-06-11,,,,Outdoor,https://www.tfrrs.org/results/92668/5672548/NCAA_Division_I_Outdoor_Track__Field_Championships/400-Hurdles,TFRRS all_performances
"Garozzo, Aliya",Duke,ACC,400H,2025,4,,,57.37,s,NCAA Division I Outdoor Track & Field Championships,2025-06-11,,,,Outdoor,https://www.tfrrs.org/results/92668/5672548/NCAA_Division_I_Outdoor_Track__Field_Championships/400-Hurdles,TFRRS all_performances
"Ferguson, Takiyah",Florida State,ACC,400H,2025,1,,,1:00.99,s,Terry Long FSU Relays,2025-03-27,,,,Outdoor,https://www.tfrrs.org/results/90740/5483736/Terry_Long_FSU_Relays/400-Hurdles,TFRRS all_performances
"Ferguson, Takiyah",Florida State,ACC,400H,2025,1,,,1:01.34,s,Florida Relays,2025-04-04,,,,Outdoor,https://www.tfrrs.org/results/91170/5650470/Florida_Relays/400-Hurdles,TFRRS all_performances
"Wilson, Tyra",Florida State,ACC,400H,2025,4,,,56.01,s,Florida Relays,2025-04-04,,,,Outdoor,https://www.tfrrs.org/results/91170/5650470/Florida_Relays/400-Hurdles,TFRRS all_performances
"Wilson, Tyra",Florida State,ACC,400H,2025,4,,,55.39,s,LSU Alumni Gold,2025-04-26,,,,Outdoor,https://www.tfrrs.org/results/89964/5598079/LSU_Alumni_Gold/400-Hurdles,TFRRS all_performances
"Ferguson, Takiyah",Florida State,ACC,400H,2025,1,,,1:03.50,s,East Coast Relays,2025-05-02,,,,Outdoor,https://www.tfrrs.org/results/87164/5621807/East_Coast_Relays/400-Hurdles,TFRRS all_performances
"Wilson, Tyra",Florida State,ACC,400H,2025,4,,,55.45,s,ACC Outdoor Track & Field Championships,2025-05-15,,,,Outdoor,https://www.tfrrs.org/results/91057/5657842/ACC_Outdoor_Track__Field_Championships/400-Hurdles,TFRRS all_performances
"Wilson, Tyra",Florida State,ACC,400H,2025,4,,,55.73,s,ACC Outdoor Track & Field Championships,2025-05-15,,,,Outdoor,https://www.tfrrs.org/results/91057/5657842/ACC_Outdoor_Track__Field_Championships/400-Hurdles,TFRRS all_performances
"Wilson, Tyra",Florida State,ACC,400H,2025,4,,,55.63,s,NCAA Division I East First Round,2025-05-28,,,,Outdoor,https://www.tfrrs.org/results/92620/5669389/NCAA_Division_I_East_First_Round/400-Hurdles,TFRRS all_performances
"Wilson, Tyra",Florida State,ACC,400H,2025,4,,,56.32,s,NCAA Division I East First Round,2025-05-28,,,,Outdoor,https://www.tfrrs.org/results/92620/5669389/NCAA_Division_I_East_First_Round/400-Hurdles,TFRRS all_performances
"Wilson, Tyra",Florida State,ACC,400H,2025,4,,,55.57,s,NCAA Division I Outdoor Track & Field Championships,2025-06-11,,,,Outdoor,https://www.tfrrs.org/results/92668/5672548/NCAA_Division_I_Outdoor_Track__Field_Championships/400-Hurdles,TFRRS all_performances
"Wilson, Tyra",Florida State,ACC,400H,2025,4,,,56.39,s,NCAA Division I Outdoor Track & Field Championships,2025-06-11,,,,Outdoor,https://www.tfrrs.org/results/92668/5672548/NCAA_Division_I_Outdoor_Track__Field_Championships/400-Hurdles,TFRRS all_performances
"Duran, Sevilla",Stanford,ACC,400H,2025,4,,,1:01.49,s,Sacramento State Hornet Invite,2025-03-21,,,,Outdoor,https://www.tfrrs.org/results/89297/5465099/Sacramento_State_Hornet_Invite/400-Hurdles,TFRRS all_performances
"Rivas, Sara",Stanford,ACC,400H,2025,1,,,1:05.00,s,Sacramento State Hornet Invite,2025-03-21,,,,Outdoor,https://www.tfrrs.org/results/89297/5465099/Sacramento_State_Hornet_Invite/400-Hurdles,TFRRS all_performances
"Romain, Madison",Stanford,ACC,400H,2025,3,,,1:02.86,s,Sacramento State Hornet Invite,2025-03-21,,,,Outdoor,https://www.tfrrs.org/results/89297/5465099/Sacramento_State_Hornet_Invite/400-Hurdles,TFRRS all_performances
"Duran, Sevilla",Stanford,ACC,400H,2025,4,,,1:01.03,s,Stanford Invitational,2025-04-04,,,,Outdoor,https://www.tfrrs.org/results/89628/5515885/Stanford_Invitational/400-Hurdles,TFRRS all_performances
"Rivas, Sara",Stanford,ACC,400H,2025,1,,,1:04.85,s,Stanford Invitational,2025-04-04,,,,Outdoor,https://www.tfrrs.org/results/89628/5515885/Stanford_Invitational/400-Hurdles,TFRRS all_performances
"Romain, Madison",Stanford,ACC,400H,2025,3,,,1:04.00,s,Stanford Invitational,2025-04-04,,,,Outdoor,https://www.tfrrs.org/results/89628/5515885/Stanford_Invitational/400-Hurdles,TFRRS all_performances
"Duran, Sevilla",Stanford,ACC,400H,2025,4,,,1:00.16,s,65th Annual Mt. SAC Relays,2025-04-18,,,,Outdoor,https://www.tfrrs.org/results/89926/5573883/65th_Annual_Mt_SAC_Relays/400-Hurdles,TFRRS all_performances
"Romain, Madison",Stanford,ACC,400H,2025,3,,,1:05.36,s,65th Annual Mt. SAC Relays,2025-04-18,,,,Outdoor,https://www.tfrrs.org/results/89926/5573883/65th_Annual_Mt_SAC_Relays/400-Hurdles,TFRRS all_performances
"Duran, Sevilla",Stanford,ACC,400H,2025,4,,,1:00.81,s,Payton Jordan Invitational,2025-04-25,,,,Outdoor,https://www.tfrrs.org/results/89850/5596382/Payton_Jordan_Invitational/400-Hurdles,TFRRS all_performances
"Romain, Madison",Stanford,ACC,400H,2025,3,,,1:05.66,s,Payton Jordan Invitational,2025-04-25,,,,Outdoor,https://www.tfrrs.org/results/89850/5596382/Payton_Jordan_Invitational/400-Hurdles,TFRRS all_performances
"Duran, Sevilla",Stanford,ACC,400H,2025,4,,,1:00.34,s,The 130th Big Meet,2025-05-03,,,,Outdoor,https://www.tfrrs.org/results/87405/5623382/The_130th_Big_Meet/400-Hurdles,TFRRS all_performances
"Rivas, Sara",Stanford,ACC,400H,2025,1,,,1:05.26,s,The 130th Big Meet,2025-05-03,,,,Outdoor,https://www.tfrrs.org/results/87405/5623382/The_130th_Big_Meet/400-Hurdles,TFRRS all_performances
"Romain, Madison",Stanford,ACC,400H,2025,3,,,1:03.32,s,The 130th Big Meet,2025-05-03,,,,Outdoor,https://www.tfrrs.org/results/87405/5623382/The_130th_Big_Meet/400-Hurdles,TFRRS all_performances
"Duran, Sevilla",Stanford,ACC,400H,2025,4,,,59.60,s,ACC Outdoor Track & Field Championships,2025-05-15,,,,Outdoor,https://www.tfrrs.org/results/91057/5657842/ACC_Outdoor_Track__Field_Championships/400-Hurdles,TFRRS all_performances
"Alexandru, Emily",Virginia,ACC,400H,2025,4,,,1:00.27,s,Virginia Opener,2025-03-22,,,,Outdoor,https://www.tfrrs.org/results/89679/5463215/Virginia_Opener/400-Hurdles,TFRRS all_performances
"Drakeford, Brooke'Lyn",Virginia,ACC,400H,2025,2,,,1:01.33,s,Virginia Opener,2025-03-22,,,,Outdoor,https://www.tfrrs.org/results/89679/5463215/Virginia_Opener/400-Hurdles,TFRRS all_performances
"Imoh, Elizabeth",Virginia,ACC,400H,2025,2,,,1:02.88,s,Virginia Opener,2025-03-22,,,,Outdoor,https://www.tfrrs.org/results/89679/5463215/Virginia_Opener/400-Hurdles,TFRRS all_performances
"Drakeford, Brooke'Lyn",Virginia,ACC,400H,2025,2,,,1:03.66,s,Raleigh Relays,2025-03-27,,,,Outdoor,https://www.tfrrs.org/results/88921/5481371/Raleigh_Relays/400-Hurdles,TFRRS all_performances
"Akpan, Sophia",Virginia,ACC,400H,2025,3,,,1:06.78,s,2025 Colonial Relays,2025-04-03,,,,Outdoor,https://www.tfrrs.org/results/89414/5509538/2025_Colonial_Relays/400-Hurdles,TFRRS all_performances
"Drakeford, Brooke'Lyn",Virginia,ACC,400H,2025,2,,,1:02.65,s,Duke Invitational,2025-04-10,,,,Outdoor,https://www.tfrrs.org/results/87447/5540723/Duke_Invitational/400-Hurdles,TFRRS all_performances
"Alexandru, Emily",Virginia,ACC,400H,2025,4,,,1:00.10,s,Virginia Challenge,2025-04-18,,,,Outdoor,https://www.tfrrs.org/results/89685/5568953/Virginia_Challenge/400-Hurdles,TFRRS all_performances
"Drakeford, Brooke'Lyn",Virginia,ACC,400H,2025,2,,,1:02.82,s,Virginia Challenge,2025-04-18,,,,Outdoor,https://www.tfrrs.org/results/89685/5568958/Virginia_Challenge/400-Hurdles,TFRRS all_performances
"Imoh, Elizabeth",Virginia,ACC,400H,2025,2,,,1:01.35,s,Virginia Challenge,2025-04-18,,,,Outdoor,https://www.tfrrs.org/results/89685/5568958/Virginia_Challenge/400-Hurdles,TFRRS all_performances
"Alexandru, Emily",Virginia,ACC,400H,2025,4,,,58.36,s,Penn Relays,2025-04-24,,,,Outdoor,https://www.tfrrs.org/results/92108/5610628/Penn_Relays/400-Hurdles,TFRRS all_performances
"Alexandru, Emily",Virginia,ACC,400H,2025,4,,,58.93,s,Virginia High Performance,2025-04-27,,,,Outdoor,https://www.tfrrs.org/results/89686/5602975/Virginia_High_Performance/400-Hurdles,TFRRS all_performances
"Drakeford, Brooke'Lyn",Virginia,ACC,400H,2025,2,,,1:01.88,s,Virginia High Performance,2025-04-27,,,,Outdoor,https://www.tfrrs.org/results/89686/5602975/Virginia_High_Performance/400-Hurdles,TFRRS all_performances
"Imoh, Elizabeth",Virginia,ACC,400H,2025,2,,,1:00.48,s,Virginia High Performance,2025-04-27,,,,Outdoor,https://www.tfrrs.org/results/89686/5602975/Virginia_High_Performance/400-Hurdles,TFRRS all_performances
"Alexandru, Emily",Virginia,ACC,400H,2025,4,,,58.13,s,ACC Outdoor Track & Field Championships,2025-05-15,,,,Outdoor,https://www.tfrrs.org/results/91057/5657842/ACC_Outdoor_Track__Field_Championships/400-Hurdles,TFRRS all_performances
"Alexandru, Emily",Virginia,ACC,400H,2025,4,,,58.36,s,ACC Outdoor Track & Field Championships,2025-05-15,,,,Outdoor,https://www.tfrrs.org/results/91057/5657842/ACC_Outdoor_Track__Field_Championships/400-Hurdles,TFRRS all_performances
"Drakeford, Brooke'Lyn",Virginia,ACC,400H,2025,2,,,1:00.63,s,ACC Outdoor Track & Field Championships,2025-05-15,,,,Outdoor,https://www.tfrrs.org/results/91057/5657842/ACC_Outdoor_Track__Field_Championships/400-Hurdles,TFRRS all_performances
"Imoh, Elizabeth",Virginia,ACC,400H,2025,2,,,1:00.54,s,ACC Outdoor Track & Field Championships,2025-05-15,,,,Outdoor,https://www.tfrrs.org/results/91057/5657842/ACC_Outdoor_Track__Field_Championships/400-Hurdles,TFRRS all_performances
"Alexandru, Emily",Virginia,ACC,400H,2025,4,,,58.55,s,NCAA Division I East First Round,2025-05-28,,,,Outdoor,https://www.tfrrs.org/results/92620/5669389/NCAA_Division_I_East_First_Round/400-Hurdles,TFRRS all_performances
"Hall, Keilee",Arizona,Big 12,400H,2025,2,,,59.75,seconds,2025 Willie Williams Classic,2025-03-21,,,,Outdoor,https://www.tfrrs.org/results/89572/5463813/2025_Willie_Williams_Classic/400-Hurdles,TFRRS all_performances
"Nordman, Brooke",Arizona,Big 12,400H,2025,2,,,1:00.16,seconds,2025 Willie Williams Classic,2025-03-21,,,,Outdoor,https://www.tfrrs.org/results/89572/5463813/2025_Willie_Williams_Classic/400-Hurdles,TFRRS all_performances
"Sanchez Nunez, Antonia",Arizona,Big 12,400H,2025,3,,,57.54,seconds,2025 Willie Williams Classic,2025-03-21,,,,Outdoor,https://www.tfrrs.org/results/89572/5463813/2025_Willie_Williams_Classic/400-Hurdles,TFRRS all_performances
"Woods, Cecelia",Arizona,Big 12,400H,2025,2,,,1:00.60,seconds,2025 Willie Williams Classic,2025-03-21,,,,Outdoor,https://www.tfrrs.org/results/89572/5463813/2025_Willie_Williams_Classic/400-Hurdles,TFRRS all_performances
"Hall, Keilee",Arizona,Big 12,400H,2025,2,,,59.38,seconds,2025 Jim Click Shootout & Multis,2025-04-04,,,,Outdoor,https://www.tfrrs.org/results/89574/5511341/_2025_Jim_Click_Shootout__Multis/400-Hurdles,TFRRS all_performances
"Nordman, Brooke",Arizona,Big 12,400H,2025,2,,,59.26,seconds,2025 Jim Click Shootout & Multis,2025-04-04,,,,Outdoor,https://www.tfrrs.org/results/89574/5511341/_2025_Jim_Click_Shootout__Multis/400-Hurdles,TFRRS all_performances
"Sanchez Nunez, Antonia",Arizona,Big 12,400H,2025,3,,,56.18,seconds,2025 Jim Click Shootout & Multis,2025-04-04,,,,Outdoor,https://www.tfrrs.org/results/89574/5511341/_2025_Jim_Click_Shootout__Multis/400-Hurdles,TFRRS all_performances
"Woods, Cecelia",Arizona,Big 12,400H,2025,2,,,59.86,seconds,2025 Jim Click Shootout & Multis,2025-04-04,,,,Outdoor,https://www.tfrrs.org/results/89574/5511341/_2025_Jim_Click_Shootout__Multis/400-Hurdles,TFRRS all_performances
"Hall, Keilee",Arizona,Big 12,400H,2025,2,,,59.42,seconds,65th Annual Mt. SAC Relays,2025-04-18,,,,Outdoor,https://www.tfrrs.org/results/89926/5573847/65th_Annual_Mt_SAC_Relays/400-Hurdles,TFRRS all_performances
"Nordman, Brooke",Arizona,Big 12,400H,2025,2,,,59.70,seconds,65th Annual Mt. SAC Relays,2025-04-18,,,,Outdoor,https://www.tfrrs.org/results/89926/5573883/65th_Annual_Mt_SAC_Relays/400-Hurdles,TFRRS all_performances
"Sanchez Nunez, Antonia",Arizona,Big 12,400H,2025,3,,,56.81,seconds,65th Annual Mt. SAC Relays,2025-04-18,,,,Outdoor,https://www.tfrrs.org/results/89926/5573847/65th_Annual_Mt_SAC_Relays/400-Hurdles,TFRRS all_performances
"Woods, Cecelia",Arizona,Big 12,400H,2025,2,,,1:01.52,seconds,65th Annual Mt. SAC Relays,2025-04-18,,,,Outdoor,https://www.tfrrs.org/results/89926/5573883/65th_Annual_Mt_SAC_Relays/400-Hurdles,TFRRS all_performances
"Hall, Keilee",Arizona,Big 12,400H,2025,2,,,57.93,seconds,2025 Desert Heat Classic,2025-05-03,,,,Outdoor,https://www.tfrrs.org/results/89575/5624822/2025_Desert_Heat_Classic_/400-Hurdles,TFRRS all_performances
"Nordman, Brooke",Arizona,Big 12,400H,2025,2,,,58.66,seconds,2025 Desert Heat Classic,2025-05-03,,,,Outdoor,https://www.tfrrs.org/results/89575/5624822/2025_Desert_Heat_Classic_/400-Hurdles,TFRRS all_performances
"Sanchez Nunez, Antonia",Arizona,Big 12,400H,2025,3,,,56.72,seconds,2025 Desert Heat Classic,2025-05-03,,,,Outdoor,https://www.tfrrs.org/results/89575/5624822/2025_Desert_Heat_Classic_/400-Hurdles,TFRRS all_performances
"Woods, Cecelia",Arizona,Big 12,400H,2025,2,,,1:00.33,seconds,2025 Desert Heat Classic,2025-05-03,,,,Outdoor,https://www.tfrrs.org/results/89575/5624822/2025_Desert_Heat_Classic_/400-Hurdles,TFRRS all_performances
"Hall, Keilee",Arizona,Big 12,400H,2025,2,,,59.79,seconds,Big 12 Outdoor Track & Field Championships,2025-05-15,,,,Outdoor,https://www.tfrrs.org/results/92590/5661314/Big_12_Outdoor_Track__Field_Championships/400-Hurdles,TFRRS all_performances
"Nordman, Brooke",Arizona,Big 12,400H,2025,2,,,1:01.80,seconds,Big 12 Outdoor Track & Field Championships,2025-05-15,,,,Outdoor,https://www.tfrrs.org/results/92590/5661314/Big_12_Outdoor_Track__Field_Championships/400-Hurdles,TFRRS all_performances
"Sanchez Nunez, Antonia",Arizona,Big 12,400H,2025,3,,,56.23,seconds,Big 12 Outdoor Track & Field Championships,2025-05-15,,,,Outdoor,https://www.tfrrs.org/results/92590/5661314/Big_12_Outdoor_Track__Field_Championships/400-Hurdles,TFRRS all_performances
"Sanchez Nunez, Antonia",Arizona,Big 12,400H,2025,3,,,56.53,seconds,Big 12 Outdoor Track & Field Championships,2025-05-15,,,,Outdoor,https://www.tfrrs.org/results/92590/5661314/Big_12_Outdoor_Track__Field_Championships/400-Hurdles,TFRRS all_performances
"Woods, Cecelia",Arizona,Big 12,400H,2025,2,,,1:00.12,seconds,Big 12 Outdoor Track & Field Championships,2025-05-15,,,,Outdoor,https://www.tfrrs.org/results/92590/5661314/Big_12_Outdoor_Track__Field_Championships/400-Hurdles,TFRRS all_performances
"Hall, Keilee",Arizona,Big 12,400H,2025,2,,,58.95,seconds,NCAA Division I West First Round,2025-05-28,,,,Outdoor,https://www.tfrrs.org/results/92621/5669911/NCAA_Division_I_West_First_Round/400-Hurdles,TFRRS all_performances
"Nordman, Brooke",Arizona,Big 12,400H,2025,2,,,1:00.65,seconds,NCAA Division I West First Round,2025-05-28,,,,Outdoor,https://www.tfrrs.org/results/92621/5669911/NCAA_Division_I_West_First_Round/400-Hurdles,TFRRS all_performances
"Sanchez Nunez, Antonia",Arizona,Big 12,400H,2025,3,,,57.41,seconds,NCAA Division I West First Round,2025-05-28,,,,Outdoor,https://www.tfrrs.org/results/92621/5669911/NCAA_Division_I_West_First_Round/400-Hurdles,TFRRS all_performances
"Sanchez Nunez, Antonia",Arizona,Big 12,400H,2025,3,,,58.10,seconds,NCAA Division I West First Round,2025-05-28,,,,Outdoor,https://www.tfrrs.org/results/92621/5669911/NCAA_Division_I_West_First_Round/400-Hurdles,TFRRS all_performances
"Alvarado, Maria",BYU,Big 12,400H,2025,1,,,1:04.23,seconds,2025 Willie Williams Classic,2025-03-21,,,,Outdoor,https://www.tfrrs.org/results/89572/5463813/2025_Willie_Williams_Classic/400-Hurdles,TFRRS all_performances
"Grossarth, Makayla",BYU,Big 12,400H,2025,1,,,1:06.65,seconds,2025 Willie Williams Classic,2025-03-21,,,,Outdoor,https://www.tfrrs.org/results/89572/5463813/2025_Willie_Williams_Classic/400-Hurdles,TFRRS all_performances
"Middleton, Lindsey",BYU,Big 12,400H,2025,4,,,1:02.44,seconds,2025 Willie Williams Classic,2025-03-21,,,,Outdoor,https://www.tfrrs.org/results/89572/5463813/2025_Willie_Williams_Classic/400-Hurdles,TFRRS all_performances
"Nuttal, Annie",BYU,Big 12,400H,2025,1,,,1:02.48,seconds,2025 Willie Williams Classic,2025-03-21,,,,Outdoor,https://www.tfrrs.org/results/89572/5463813/2025_Willie_Williams_Classic/400-Hurdles,TFRRS all_performances
"Romney, Remy",BYU,Big 12,400H,2025,1,,,1:10.25,seconds,2025 Willie Williams Classic,2025-03-21,,,,Outdoor,https://www.tfrrs.org/results/89572/5463813/2025_Willie_Williams_Classic/400-Hurdles,TFRRS all_performances
"Taggart, Madelynne",BYU,Big 12,400H,2025,2,,,1:05.15,seconds,2025 Willie Williams Classic,2025-03-21,,,,Outdoor,https://www.tfrrs.org/results/89572/5463813/2025_Willie_Williams_Classic/400-Hurdles,TFRRS all_performances
"Taylor, Violett",BYU,Big 12,400H,2025,1,,,1:05.66,seconds,2025 Willie Williams Classic,2025-03-21,,,,Outdoor,https://www.tfrrs.org/results/89572/5463813/2025_Willie_Williams_Classic/400-Hurdles,TFRRS all_performances
"Grossarth, Makayla",BYU,Big 12,400H,2025,1,,,1:09.12,seconds,2025 Utah Valley Collegiate,2025-03-28,,,,Outdoor,https://www.tfrrs.org/results/90233/5484300/2025_Utah_Valley_Collegiate/400-Hurdles,TFRRS all_performances
"Nuttal, Annie",BYU,Big 12,400H,2025,1,,,1:03.16,seconds,2025 Utah Valley Collegiate,2025-03-28,,,,Outdoor,https://www.tfrrs.org/results/90233/5484300/2025_Utah_Valley_Collegiate/400-Hurdles,TFRRS all_performances
"Romney, Remy",BYU,Big 12,400H,2025,1,,,1:10.15,seconds,2025 Utah Valley Collegiate,2025-03-28,,,,Outdoor,https://www.tfrrs.org/results/90233/5484300/2025_Utah_Valley_Collegiate/400-Hurdles,TFRRS all_performances
"Taggart, Madelynne",BYU,Big 12,400H,2025,2,,,1:03.77,seconds,2025 Utah Valley Collegiate,2025-03-28,,,,Outdoor,https://www.tfrrs.org/results/90233/5484300/2025_Utah_Valley_Collegiate/400-Hurdles,TFRRS all_performances
"Taylor, Violett",BYU,Big 12,400H,2025,1,,,1:05.86,seconds,2025 Utah Valley Collegiate,2025-03-28,,,,Outdoor,https://www.tfrrs.org/results/90233/5484300/2025_Utah_Valley_Collegiate/400-Hurdles,TFRRS all_performances
"Alvarado, Maria",BYU,Big 12,400H,2025,1,,,1:08.56,seconds,2025 Utah Spring Classic,2025-04-12,,,,Outdoor,https://www.tfrrs.org/results/89254/5542433/2025_Utah_Spring_Classic/400-Hurdles,TFRRS all_performances
"Chiara, Nadia",BYU,Big 12,400H,2025,1,,,1:05.81,seconds,2025 Utah Spring Classic,2025-04-12,,,,Outdoor,https://www.tfrrs.org/results/89254/5542433/2025_Utah_Spring_Classic/400-Hurdles,TFRRS all_performances
"Grossarth, Makayla",BYU,Big 12,400H,2025,1,,,1:05.77,seconds,2025 Utah Spring Classic,2025-04-12,,,,Outdoor,https://www.tfrrs.org/results/89254/5542433/2025_Utah_Spring_Classic/400-Hurdles,TFRRS all_performances
"Middleton, Lindsey",BYU,Big 12,400H,2025,4,,,1:01.82,seconds,2025 Utah Spring Classic,2025-04-12,,,,Outdoor,https://www.tfrrs.org/results/89254/5542433/2025_Utah_Spring_Classic/400-Hurdles,TFRRS all_performances
"Nuttal, Annie",BYU,Big 12,400H,2025,1,,,1:01.98,seconds,2025 Utah Spring Classic,2025-04-12,,,,Outdoor,https://www.tfrrs.org/results/89254/5542433/2025_Utah_Spring_Classic/400-Hurdles,TFRRS all_performances
"Romney, Remy",BYU,Big 12,400H,2025,1,,,1:11.28,seconds,2025 Utah Spring Classic,2025-04-12,,,,Outdoor,https://www.tfrrs.org/results/89254/5542433/2025_Utah_Spring_Classic/400-Hurdles,TFRRS all_performances
"Taggart, Madelynne",BYU,Big 12,400H,2025,2,,,1:03.39,seconds,2025 Utah Spring Classic,2025-04-12,,,,Outdoor,https://www.tfrrs.org/results/89254/5542433/2025_Utah_Spring_Classic/400-Hurdles,TFRRS all_performances
"Taylor, Violett",BYU,Big 12,400H,2025,1,,,1:03.95,seconds,2025 Utah Spring Classic,2025-04-12,,,,Outdoor,https://www.tfrrs.org/results/89254/5542433/2025_Utah_Spring_Classic/400-Hurdles,TFRRS all_performances
"Alvarado, Maria",BYU,Big 12,400H,2025,1,,,1:05.36,seconds,65th Annual Mt. SAC Relays,2025-04-18,,,,Outdoor,https://www.tfrrs.org/results/89926/5573883/65th_Annual_Mt_SAC_Relays/400-Hurdles,TFRRS all_performances
"Middleton, Lindsey",BYU,Big 12,400H,2025,4,,,1:01.45,seconds,65th Annual Mt. SAC Relays,2025-04-18,,,,Outdoor,https://www.tfrrs.org/results/89926/5573883/65th_Annual_Mt_SAC_Relays/400-Hurdles,TFRRS all_performances
"Nuttal, Annie",BYU,Big 12,400H,2025,1,,,1:01.73,seconds,65th Annual Mt. SAC Relays,2025-04-18,,,,Outdoor,https://www.tfrrs.org/results/89926/5573883/65th_Annual_Mt_SAC_Relays/400-Hurdles,TFRRS all_performances
"Taggart, Madelynne",BYU,Big 12,400H,2025,2,,,1:02.25,seconds,65th Annual Mt. SAC Relays,2025-04-18,,,,Outdoor,https://www.tfrrs.org/results/89926/5573883/65th_Annual_Mt_SAC_Relays/400-Hurdles,TFRRS all_performances
"Alvarado, Maria",BYU,Big 12,400H,2025,1,,,1:04.34,seconds,Aggie Invitational,2025-04-25,,,,Outdoor,https://www.tfrrs.org/results/90548/5599980/Aggie_Invitational/400-Hurdles,TFRRS all_performances
"Chiara, Nadia",BYU,Big 12,400H,2025,1,,,1:03.42,seconds,Aggie Invitational,2025-04-25,,,,Outdoor,https://www.tfrrs.org/results/90548/5599980/Aggie_Invitational/400-Hurdles,TFRRS all_performances
"Grossarth, Makayla",BYU,Big 12,400H,2025,1,,,1:06.24,seconds,Aggie Invitational,2025-04-25,,,,Outdoor,https://www.tfrrs.org/results/90548/5599980/Aggie_Invitational/400-Hurdles,TFRRS all_performances
"Middleton, Lindsey",BYU,Big 12,400H,2025,4,,,1:01.15,seconds,Aggie Invitational,2025-04-25,,,,Outdoor,https://www.tfrrs.org/results/90548/5599980/Aggie_Invitational/400-Hurdles,TFRRS all_performances
"Nuttal, Annie",BYU,Big 12,400H,2025,1,,,1:00.72,seconds,Aggie Invitational,2025-04-25,,,,Outdoor,https://www.tfrrs.org/results/90548/5599980/Aggie_Invitational/400-Hurdles,TFRRS all_performances
"Taggart, Madelynne",BYU,Big 12,400H,2025,2,,,1:02.53,seconds,Aggie Invitational,2025-04-25,,,,Outdoor,https://www.tfrrs.org/results/90548/5599980/Aggie_Invitational/400-Hurdles,TFRRS all_performances
"Taylor, Violett",BYU,Big 12,400H,2025,1,,,1:02.61,seconds,Aggie Invitational,2025-04-25,,,,Outdoor,https://www.tfrrs.org/results/90548/5599980/Aggie_Invitational/400-Hurdles,TFRRS all_performances
"Alvarado, Maria",BYU,Big 12,400H,2025,1,,,1:04.06,seconds,2025 BYU Robison Invitational,2025-04-30,,,,Outdoor,https://www.tfrrs.org/results/89706/5649818/2025_BYU_Robison_Invitational/400-Hurdles,TFRRS all_performances
"Chiara, Nadia",BYU,Big 12,400H,2025,1,,,1:07.07,seconds,2025 BYU Robison Invitational,2025-04-30,,,,Outdoor,https://www.tfrrs.org/results/89706/5649818/2025_BYU_Robison_Invitational/400-Hurdles,TFRRS all_performances
"Grossarth, Makayla",BYU,Big 12,400H,2025,1,,,1:07.22,seconds,2025 BYU Robison Invitational,2025-04-30,,,,Outdoor,https://www.tfrrs.org/results/89706/5649818/2025_BYU_Robison_Invitational/400-Hurdles,TFRRS all_performances
"Middleton, Lindsey",BYU,Big 12,400H,2025,4,,,1:01.63,seconds,2025 BYU Robison Invitational,2025-04-30,,,,Outdoor,https://www.tfrrs.org/results/89706/5649818/2025_BYU_Robison_Invitational/400-Hurdles,TFRRS all_performances
"Nuttal, Annie",BYU,Big 12,400H,2025,1,,,1:00.56,seconds,2025 BYU Robison Invitational,2025-04-30,,,,Outdoor,https://www.tfrrs.org/results/89706/5649818/2025_BYU_Robison_Invitational/400-Hurdles,TFRRS all_performances
"Taggart, Madelynne",BYU,Big 12,400H,2025,2,,,1:01.55,seconds,2025 BYU Robison Invitational,2025-04-30,,,,Outdoor,https://www.tfrrs.org/results/89706/5649818/2025_BYU_Robison_Invitational/400-Hurdles,TFRRS all_performances
"Taylor, Violett",BYU,Big 12,400H,2025,1,,,1:03.44,seconds,2025 BYU Robison Invitational,2025-04-30,,,,Outdoor,https://www.tfrrs.org/results/89706/5649818/2025_BYU_Robison_Invitational/400-Hurdles,TFRRS all_performances
"Middleton, Lindsey",BYU,Big 12,400H,2025,4,,,1:01.16,seconds,Big 12 Outdoor Track & Field Championships,2025-05-15,,,,Outdoor,https://www.tfrrs.org/results/92590/5661314/Big_12_Outdoor_Track__Field_Championships/400-Hurdles,TFRRS all_performances
"Scott, Allie",Baylor,Big 12,400H,2025,3,,,1:03.92,seconds,Clyde Hart Classic,2025-03-22,,,,Outdoor,https://www.tfrrs.org/results/88269/5464155/Clyde_Hart_Classic/400-Hurdles,TFRRS all_performances
"Williamson, Audrey",Baylor,Big 12,400H,2025,4,,,1:05.69,seconds,Clyde Hart Classic,2025-03-22,,,,Outdoor,https://www.tfrrs.org/results/88269/5464155/Clyde_Hart_Classic/400-Hurdles,TFRRS all_performances
"Gryne, Jasmine",Baylor,Big 12,400H,2025,4,,,58.39,seconds,LSU Battle on the Bayou,2025-03-28,,,,Outdoor,https://www.tfrrs.org/results/89962/5486977/LSU_Battle_on_the_Bayou/400-Hurdles,TFRRS all_performances
"Lucero, Serafima",Baylor,Big 12,400H,2025,2,,,58.13,seconds,LSU Battle on the Bayou,2025-03-28,,,,Outdoor,https://www.tfrrs.org/results/89962/5486977/LSU_Battle_on_the_Bayou/400-Hurdles,TFRRS all_performances
"Gryne, Jasmine",Baylor,Big 12,400H,2025,4,,,59.21,seconds,Florida Relays,2025-04-04,,,,Outdoor,https://www.tfrrs.org/results/91170/5650470/Florida_Relays/400-Hurdles,TFRRS all_performances
"Lucero, Serafima",Baylor,Big 12,400H,2025,2,,,57.67,seconds,Florida Relays,2025-04-04,,,,Outdoor,https://www.tfrrs.org/results/91170/5650470/Florida_Relays/400-Hurdles,TFRRS all_performances
"Scott, Allie",Baylor,Big 12,400H,2025,3,,,1:04.41,seconds,2025 Texas A&M 44 Farms Team Invitational,2025-04-11,,,,Outdoor,https://www.tfrrs.org/results/87412/5537759/2025_Texas_AM_44_Farms_Team_Invitational/400-Hurdles,TFRRS all_performances
"Williamson, Audrey",Baylor,Big 12,400H,2025,4,,,1:05.11,seconds,2025 Texas A&M 44 Farms Team Invitational,2025-04-11,,,,Outdoor,https://www.tfrrs.org/results/87412/5537759/2025_Texas_AM_44_Farms_Team_Invitational/400-Hurdles,TFRRS all_performances
"Gryne, Jasmine",Baylor,Big 12,400H,2025,4,,,57.24,seconds,Michael Johnson Invitational,2025-04-18,,,,Outdoor,https://www.tfrrs.org/results/88270/5572631/Michael_Johnson_Invitational/400-Hurdles,TFRRS all_performances
"Scott, Allie",Baylor,Big 12,400H,2025,3,,,1:03.68,seconds,Michael Johnson Invitational,2025-04-18,,,,Outdoor,https://www.tfrrs.org/results/88270/5572631/Michael_Johnson_Invitational/400-Hurdles,TFRRS all_performances
"Taylor, Calisha",Baylor,Big 12,400H,2025,4,,,56.44,seconds,Michael Johnson Invitational,2025-04-18,,,,Outdoor,https://www.tfrrs.org/results/88270/5572631/Michael_Johnson_Invitational/400-Hurdles,TFRRS all_performances
"Williamson, Audrey",Baylor,Big 12,400H,2025,4,,,1:05.78,seconds,Michael Johnson Invitational,2025-04-18,,,,Outdoor,https://www.tfrrs.org/results/88270/5572631/Michael_Johnson_Invitational/400-Hurdles,TFRRS all_performances
"Gryne, Jasmine",Baylor,Big 12,400H,2025,4,,,57.56,seconds,UCF Knights Invite,2025-04-25,,,,Outdoor,https://www.tfrrs.org/results/87082/5597475/UCF_Knights_Invite/400-Hurdles,TFRRS all_performances
"Gryne, Jasmine",Baylor,Big 12,400H,2025,4,,,58.73,seconds,Big 12 Outdoor Track & Field Championships,2025-05-15,,,,Outdoor,https://www.tfrrs.org/results/92590/5661314/Big_12_Outdoor_Track__Field_Championships/400-Hurdles,TFRRS all_performances
"Taylor, Calisha",Baylor,Big 12,400H,2025,4,,,56.10,seconds,Big 12 Outdoor Track & Field Championships,2025-05-15,,,,Outdoor,https://www.tfrrs.org/results/92590/5661314/Big_12_Outdoor_Track__Field_Championships/400-Hurdles,TFRRS all_performances
"Taylor, Calisha",Baylor,Big 12,400H,2025,4,,,57.77,seconds,Big 12 Outdoor Track & Field Championships,2025-05-15,,,,Outdoor,https://www.tfrrs.org/results/92590/5661314/Big_12_Outdoor_Track__Field_Championships/400-Hurdles,TFRRS all_performances
"Gryne, Jasmine",Baylor,Big 12,400H,2025,4,,,59.91,seconds,NCAA Division I West First Round,2025-05-28,,,,Outdoor,https://www.tfrrs.org/results/92621/5669911/NCAA_Division_I_West_First_Round/400-Hurdles,TFRRS all_performances
"Taylor, Calisha",Baylor,Big 12,400H,2025,4,,,55.94,seconds,NCAA Division I West First Round,2025-05-28,,,,Outdoor,https://www.tfrrs.org/results/92621/5669911/NCAA_Division_I_West_First_Round/400-Hurdles,TFRRS all_performances
"Taylor, Calisha",Baylor,Big 12,400H,2025,4,,,57.26,seconds,NCAA Division I West First Round,2025-05-28,,,,Outdoor,https://www.tfrrs.org/results/92621/5669911/NCAA_Division_I_West_First_Round/400-Hurdles,TFRRS all_performances
"Taylor, Calisha",Baylor,Big 12,400H,2025,4,,,59.70,seconds,NCAA Division I Outdoor Track & Field Championships,2025-06-11,,,,Outdoor,https://www.tfrrs.org/results/92668/5672548/NCAA_Division_I_Outdoor_Track__Field_Championships/400-Hurdles,TFRRS all_performances
"Cinnamo, Ava",Iowa State,Big 12,400H,2025,3,,,1:04.13,seconds,Terry Long FSU Relays,2025-03-27,,,,Outdoor,https://www.tfrrs.org/results/90740/5483736/Terry_Long_FSU_Relays/400-Hurdles,TFRRS all_performances
"Cinnamo, Ava",Iowa State,Big 12,400H,2025,3,,,1:02.89,seconds,2025 Texas A&M 44 Farms Team Invitational,2025-04-11,,,,Outdoor,https://www.tfrrs.org/results/87412/5537759/2025_Texas_AM_44_Farms_Team_Invitational/400-Hurdles,TFRRS all_performances
"Cinnamo, Ava",Iowa State,Big 12,400H,2025,3,,,1:03.22,seconds,Drake Relays,2025-04-23,,,,Outdoor,https://www.tfrrs.org/results/92096/5650862/Drake_Relays/400-Hurdles,TFRRS all_performances
"Camacho, Savanna",Texas Tech,Big 12,400H,2025,1,,,1:06.61,seconds,ACU Wes Kittley Invitational 2025,2025-03-21,,,,Outdoor,https://www.tfrrs.org/results/89286/5463958/ACU_Wes_Kittley_Invitational_2025/400-Hurdles,TFRRS all_performances
"McNab, Nakacee",Texas Tech,Big 12,400H,2025,4,,,1:08.04,seconds,ACU Wes Kittley Invitational 2025,2025-03-21,,,,Outdoor,https://www.tfrrs.org/results/89286/5463958/ACU_Wes_Kittley_Invitational_2025/400-Hurdles,TFRRS all_performances
"Harris, Magi",Texas Tech,Big 12,400H,2025,3,,,59.80,seconds,2025 97th Clyde Littlefield Texas Relays,2025-03-26,,,,Outdoor,https://www.tfrrs.org/results/89183/5483888/2025_97th_Clyde_Littlefield_Texas_Relays/400-Hurdles,TFRRS all_performances
"Camacho, Savanna",Texas Tech,Big 12,400H,2025,1,,,1:06.55,seconds,Texas Tech Masked Rider,2025-04-03,,,,Outdoor,https://www.tfrrs.org/results/91113/5557553/Texas_Tech_Masked_Rider/400-Hurdles,TFRRS all_performances
"Balde, Vanessa",Texas Tech,Big 12,400H,2025,3,,,58.38,seconds,2025 Texas A&M 44 Farms Team Invitational,2025-04-11,,,,Outdoor,https://www.tfrrs.org/results/87412/5537759/2025_Texas_AM_44_Farms_Team_Invitational/400-Hurdles,TFRRS all_performances
"Harris, Magi",Texas Tech,Big 12,400H,2025,3,,,1:00.33,seconds,2025 Texas A&M 44 Farms Team Invitational,2025-04-11,,,,Outdoor,https://www.tfrrs.org/results/87412/5537759/2025_Texas_AM_44_Farms_Team_Invitational/400-Hurdles,TFRRS all_performances
"McNab, Nakacee",Texas Tech,Big 12,400H,2025,4,,,1:06.86,seconds,2025 Texas A&M 44 Farms Team Invitational,2025-04-11,,,,Outdoor,https://www.tfrrs.org/results/87412/5537759/2025_Texas_AM_44_Farms_Team_Invitational/400-Hurdles,TFRRS all_performances
"Balde, Vanessa",Texas Tech,Big 12,400H,2025,3,,,1:04.12,seconds,2025 Texas Invitational,2025-04-24,,,,Outdoor,https://www.tfrrs.org/results/91283/5593305/2025_Texas_Invitational/400-Hurdles,TFRRS all_performances
"Camacho, Savanna",Texas Tech,Big 12,400H,2025,1,,,1:04.84,seconds,2025 Texas Invitational,2025-04-24,,,,Outdoor,https://www.tfrrs.org/results/91283/5593305/2025_Texas_Invitational/400-Hurdles,TFRRS all_performances
"Harris, Magi",Texas Tech,Big 12,400H,2025,3,,,59.52,seconds,2025 Texas Invitational,2025-04-24,,,,Outdoor,https://www.tfrrs.org/results/91283/5593305/2025_Texas_Invitational/400-Hurdles,TFRRS all_performances
"McNab, Nakacee",Texas Tech,Big 12,400H,2025,4,,,1:05.26,seconds,2025 Texas Invitational,2025-04-24,,,,Outdoor,https://www.tfrrs.org/results/91283/5593305/2025_Texas_Invitational/400-Hurdles,TFRRS all_performances
"Balde, Vanessa",Texas Tech,Big 12,400H,2025,3,,,57.87,seconds,Texas Tech Corky/Crofoot Shootout,2025-05-01,,,,Outdoor,https://www.tfrrs.org/results/92291/5626592/Texas_Tech_Corky_Crofoot_Shootout/400-Hurdles,TFRRS all_performances
"Camacho, Savanna",Texas Tech,Big 12,400H,2025,1,,,1:05.45,seconds,Texas Tech Corky/Crofoot Shootout,2025-05-01,,,,Outdoor,https://www.tfrrs.org/results/92291/5626592/Texas_Tech_Corky_Crofoot_Shootout/400-Hurdles,TFRRS all_performances
"Harris, Magi",Texas Tech,Big 12,400H,2025,3,,,59.66,seconds,Texas Tech Corky/Crofoot Shootout,2025-05-01,,,,Outdoor,https://www.tfrrs.org/results/92291/5626592/Texas_Tech_Corky_Crofoot_Shootout/400-Hurdles,TFRRS all_performances
"McNab, Nakacee",Texas Tech,Big 12,400H,2025,4,,,1:06.31,seconds,Texas Tech Corky/Crofoot Shootout,2025-05-01,,,,Outdoor,https://www.tfrrs.org/results/92291/5626592/Texas_Tech_Corky_Crofoot_Shootout/400-Hurdles,TFRRS all_performances
"Balde, Vanessa",Texas Tech,Big 12,400H,2025,3,,,57.31,seconds,Big 12 Outdoor Track & Field Championships,2025-05-15,,,,Outdoor,https://www.tfrrs.org/results/92590/5661314/Big_12_Outdoor_Track__Field_Championships/400-Hurdles,TFRRS all_performances
"Balde, Vanessa",Texas Tech,Big 12,400H,2025,3,,,57.61,seconds,Big 12 Outdoor Track & Field Championships,2025-05-15,,,,Outdoor,https://www.tfrrs.org/results/92590/5661314/Big_12_Outdoor_Track__Field_Championships/400-Hurdles,TFRRS all_performances
"Harris, Magi",Texas Tech,Big 12,400H,2025,3,,,1:00.09,seconds,Big 12 Outdoor Track & Field Championships,2025-05-15,,,,Outdoor,https://www.tfrrs.org/results/92590/5661314/Big_12_Outdoor_Track__Field_Championships/400-Hurdles,TFRRS all_performances
"Balde, Vanessa",Texas Tech,Big 12,400H,2025,3,,,1:00.83,seconds,NCAA Division I West First Round,2025-05-28,,,,Outdoor,https://www.tfrrs.org/results/92621/5669911/NCAA_Division_I_West_First_Round/400-Hurdles,TFRRS all_performances
"Barker, Kyla",Illinois,Big Ten,400H,2025,1,,,1:08.62,seconds,Fighting Illini Twilight,2025-04-26,,,,Outdoor,https://www.tfrrs.org/results/90131/5599221/Fighting_Illini_Twilight/400-Hurdles,TFRRS all_performances
"Oliver, Ashley",Illinois,Big Ten,400H,2025,3,,,1:02.95,seconds,Fighting Illini Twilight,2025-04-26,,,,Outdoor,https://www.tfrrs.org/results/90131/5599221/Fighting_Illini_Twilight/400-Hurdles,TFRRS all_performances
"Oliver, Ashley",Illinois,Big Ten,400H,2025,3,,,1:01.82,seconds,Gary Wieneke Memorial,2025-05-02,,,,Outdoor,https://www.tfrrs.org/results/90337/5619177/Gary_Wieneke_Memorial/400-Hurdles,TFRRS all_performances
"Oliver, Ashley",Illinois,Big Ten,400H,2025,3,,,1:01.92,seconds,Big Ten Outdoor Track & Field Championships,2025-05-16,,,,Outdoor,https://www.tfrrs.org/results/92594/5664514/Big_Ten_Outdoor_Track__Field_Championships/400-Hurdles,TFRRS all_performances
"Artley, Abrielle",Nebraska,Big Ten,400H,2025,3,,,1:02.15,seconds,Florida Relays,2025-04-04,,,,Outdoor,https://www.tfrrs.org/results/91170/5650470/Florida_Relays/400-Hurdles,TFRRS all_performances
"Artley, Abrielle",Nebraska,Big Ten,400H,2025,3,,,1:02.08,seconds,Drake Relays,2025-04-23,,,,Outdoor,https://www.tfrrs.org/results/92096/5650862/Drake_Relays/400-Hurdles,TFRRS all_performances
"Artley, Abrielle",Nebraska,Big Ten,400H,2025,3,,,1:00.67,seconds,2025 Desert Heat Classic,2025-05-03,,,,Outdoor,https://www.tfrrs.org/results/89575/5624822/2025_Desert_Heat_Classic_/400-Hurdles,TFRRS all_performances
"Artley, Abrielle",Nebraska,Big Ten,400H,2025,3,,,59.40,seconds,Ward Haylett Invitational,2025-05-09,,,,Outdoor,https://www.tfrrs.org/results/87880/5641932/Ward_Haylett_Invitational/400-Hurdles,TFRRS all_performances
"Artley, Abrielle",Nebraska,Big Ten,400H,2025,3,,,58.94,seconds,Big Ten Outdoor Track & Field Championships,2025-05-16,,,,Outdoor,https://www.tfrrs.org/results/92594/5664514/Big_Ten_Outdoor_Track__Field_Championships/400-Hurdles,TFRRS all_performances
"Artley, Abrielle",Nebraska,Big Ten,400H,2025,3,,,59.17,seconds,Big Ten Outdoor Track & Field Championships,2025-05-16,,,,Outdoor,https://www.tfrrs.org/results/92594/5664514/Big_Ten_Outdoor_Track__Field_Championships/400-Hurdles,TFRRS all_performances
"Taylor, Annaleise",Oregon,Big Ten,400H,2025,1,,,59.38,seconds,Battle at the Beach,2025-04-04,,,,Outdoor,https://www.tfrrs.org/results/89904/5506915/Battle_at_the_Beach/400-Hurdles,TFRRS all_performances
"Kannon, Madyson",Oregon,Big Ten,400H,2025,2,,,1:07.11,seconds,2025 Oregon Open,2025-04-18,,,,Outdoor,https://www.tfrrs.org/results/89548/5573602/2025_Oregon_Open/400-Hurdles,TFRRS all_performances
"Taylor, Annaleise",Oregon,Big Ten,400H,2025,1,,,59.93,seconds,2025 Oregon Open,2025-04-18,,,,Outdoor,https://www.tfrrs.org/results/89548/5573602/2025_Oregon_Open/400-Hurdles,TFRRS all_performances
"Taylor, Annaleise",Oregon,Big Ten,400H,2025,1,,,58.50,seconds,2025 Desert Heat Classic,2025-05-03,,,,Outdoor,https://www.tfrrs.org/results/89575/5624822/2025_Desert_Heat_Classic_/400-Hurdles,TFRRS all_performances
"Taylor, Annaleise",Oregon,Big Ten,400H,2025,1,,,1:00.11,seconds,Big Ten Outdoor Track & Field Championships,2025-05-16,,,,Outdoor,https://www.tfrrs.org/results/92594/5664514/Big_Ten_Outdoor_Track__Field_Championships/400-Hurdles,TFRRS all_performances
"Taylor, Annaleise",Oregon,Big Ten,400H,2025,1,,,59.59,seconds,Big Ten Outdoor Track & Field Championships,2025-05-16,,,,Outdoor,https://www.tfrrs.org/results/92594/5664514/Big_Ten_Outdoor_Track__Field_Championships/400-Hurdles,TFRRS all_performances
"Lott, Falyn",USC,Big Ten,400H,2025,1,,,1:00.56,seconds,LSU Battle on the Bayou,2025-03-28,,,,Outdoor,https://www.tfrrs.org/results/89962/5486977/LSU_Battle_on_the_Bayou/400-Hurdles,TFRRS all_performances
"Lott, Falyn",USC,Big Ten,400H,2025,1,,,59.86,seconds,2025 Texas A&M 44 Farms Team Invitational,2025-04-11,,,,Outdoor,https://www.tfrrs.org/results/87412/5537759/2025_Texas_AM_44_Farms_Team_Invitational/400-Hurdles,TFRRS all_performances
"Lott, Falyn",USC,Big Ten,400H,2025,1,,,58.81,seconds,USC vs UCLA,2025-05-04,,,,Outdoor,https://www.tfrrs.org/results/89912/5626170/USC_vs_UCLA/400-Hurdles,TFRRS all_performances
"Waldron, Nonah",USC,Big Ten,400H,2025,2,,,58.20,seconds,USC vs UCLA,2025-05-04,,,,Outdoor,https://www.tfrrs.org/results/89912/5626170/USC_vs_UCLA/400-Hurdles,TFRRS all_performances
"Waldron, Nonah",USC,Big Ten,400H,2025,2,,,1:00.72,seconds,Big Ten Outdoor Track & Field Championships,2025-05-16,,,,Outdoor,https://www.tfrrs.org/results/92594/5664514/Big_Ten_Outdoor_Track__Field_Championships/400-Hurdles,TFRRS all_performances
"Waldron, Nonah",USC,Big Ten,400H,2025,2,,,59.16,seconds,Big Ten Outdoor Track & Field Championships,2025-05-16,,,,Outdoor,https://www.tfrrs.org/results/92594/5664514/Big_Ten_Outdoor_Track__Field_Championships/400-Hurdles,TFRRS all_performances
"Lott, Falyn",USC,Big Ten,400H,2025,1,,,1:00.31,seconds,NCAA Division I West First Round,2025-05-28,,,,Outdoor,https://www.tfrrs.org/results/92621/5669911/NCAA_Division_I_West_First_Round/400-Hurdles,TFRRS all_performances
"Terrell, Anna",Washington,Big Ten,400H,2025,3,,,58.94,seconds,2025 97th Clyde Littlefield Texas Relays,2025-03-26,,,,Outdoor,https://www.tfrrs.org/results/89183/5483888/2025_97th_Clyde_Littlefield_Texas_Relays/400-Hurdles,TFRRS all_performances
"Terrell, Anna",Washington,Big Ten,400H,2025,3,,,58.63,seconds,Bobcat Invitational 2025,2025-03-27,,,,Outdoor,https://www.tfrrs.org/results/87679/5486210/_Bobcat_Invitational_2025/400-Hurdles,TFRRS all_performances
"Gardley, Mikayla",Washington,Big Ten,400H,2025,1,,,1:02.69,seconds,Stanford Invitational,2025-04-04,,,,Outdoor,https://www.tfrrs.org/results/89628/5515885/Stanford_Invitational/400-Hurdles,TFRRS all_performances
"Gardley, Mikayla",Washington,Big Ten,400H,2025,1,,,1:01.33,seconds,65th Annual Mt. SAC Relays,2025-04-18,,,,Outdoor,https://www.tfrrs.org/results/89926/5573883/65th_Annual_Mt_SAC_Relays/400-Hurdles,TFRRS all_performances
"Gardley, Mikayla",Washington,Big Ten,400H,2025,1,,,1:03.42,seconds,2025 Desert Heat Classic,2025-05-03,,,,Outdoor,https://www.tfrrs.org/results/89575/5624822/2025_Desert_Heat_Classic_/400-Hurdles,TFRRS all_performances
"Tresvant, Shakynah",Florida,SEC,400H,2025,1,,,1:00.70,seconds,Tom Jones Invitational,2025-04-18,,,,Outdoor,https://www.tfrrs.org/results/91823/5651941/Tom_Jones_Invitational/400-Hurdles,TFRRS all_performances
"Smith, Michelle",Georgia,SEC,400H,2025,1,,,55.98,seconds,UCF Black & Gold Challenge,2025-03-21,,,,Outdoor,https://www.tfrrs.org/results/87054/5462783/UCF_Black__Gold_Challenge/400-Hurdles,TFRRS all_performances
"Smith, Michelle",Georgia,SEC,400H,2025,1,,,54.56,seconds,Florida Relays,2025-04-04,,,,Outdoor,https://www.tfrrs.org/results/91170/5650470/Florida_Relays/400-Hurdles,TFRRS all_performances
"Smith, Michelle",Georgia,SEC,400H,2025,1,,,54.62,seconds,LSU Invitational,2025-05-03,,,,Outdoor,https://www.tfrrs.org/results/89969/5621993/LSU_Invitational/400-Hurdles,TFRRS all_performances
"Smith, Michelle",Georgia,SEC,400H,2025,1,,,55.17,seconds,SEC Outdoor Track & Field Championships,2025-05-15,,,,Outdoor,https://www.tfrrs.org/results/92589/5664582/SEC_Outdoor_Track__Field_Championships/400-Hurdles,TFRRS all_performances
"Smith, Michelle",Georgia,SEC,400H,2025,1,,,55.34,seconds,SEC Outdoor Track & Field Championships,2025-05-15,,,,Outdoor,https://www.tfrrs.org/results/92589/5664582/SEC_Outdoor_Track__Field_Championships/400-Hurdles,TFRRS all_performances
"Smith, Michelle",Georgia,SEC,400H,2025,1,,,55.25,seconds,NCAA Division I East First Round,2025-05-28,,,,Outdoor,https://www.tfrrs.org/results/92620/5669389/NCAA_Division_I_East_First_Round/400-Hurdles,TFRRS all_performances
"Smith, Michelle",Georgia,SEC,400H,2025,1,,,55.85,seconds,NCAA Division I East First Round,2025-05-28,,,,Outdoor,https://www.tfrrs.org/results/92620/5669389/NCAA_Division_I_East_First_Round/400-Hurdles,TFRRS all_performances
"Smith, Michelle",Georgia,SEC,400H,2025,1,,,55.20,seconds,NCAA Division I Outdoor Track & Field Championships,2025-06-11,,,,Outdoor,https://www.tfrrs.org/results/92668/5672548/NCAA_Division_I_Outdoor_Track__Field_Championships/400-Hurdles,TFRRS all_performances
"Smith, Michelle",Georgia,SEC,400H,2025,1,,,55.65,seconds,NCAA Division I Outdoor Track & Field Championships,2025-06-11,,,,Outdoor,https://www.tfrrs.org/results/92668/5672548/NCAA_Division_I_Outdoor_Track__Field_Championships/400-Hurdles,TFRRS all_performances
"Alexander, Ava",Kentucky,SEC,400H,2025,2,,,1:00.89,seconds,Cumberlands Early Season Meet,2025-03-14,,,,Outdoor,https://www.tfrrs.org/results/89868/5446546/Cumberlands_Early_Season_Meet/400-Hurdles,TFRRS all_performances
"Anderson, Maya",Kentucky,SEC,400H,2025,2,,,1:05.11,seconds,Cumberlands Early Season Meet,2025-03-14,,,,Outdoor,https://www.tfrrs.org/results/89868/5446546/Cumberlands_Early_Season_Meet/400-Hurdles,TFRRS all_performances
"Scales, Emmi",Kentucky,SEC,400H,2025,2,,,59.64,seconds,UCF Black & Gold Challenge,2025-03-21,,,,Outdoor,https://www.tfrrs.org/results/87054/5462783/UCF_Black__Gold_Challenge/400-Hurdles,TFRRS all_performances
"Alexander, Ava",Kentucky,SEC,400H,2025,2,,,59.37,seconds,2025 97th Clyde Littlefield Texas Relays,2025-03-26,,,,Outdoor,https://www.tfrrs.org/results/89183/5483888/2025_97th_Clyde_Littlefield_Texas_Relays/400-Hurdles,TFRRS all_performances
"Scales, Emmi",Kentucky,SEC,400H,2025,2,,,59.48,seconds,2025 97th Clyde Littlefield Texas Relays,2025-03-26,,,,Outdoor,https://www.tfrrs.org/results/89183/5483888/2025_97th_Clyde_Littlefield_Texas_Relays/400-Hurdles,TFRRS all_performances
"Alexander, Ava",Kentucky,SEC,400H,2025,2,,,59.95,seconds,2025 Jim Click Shootout & Multis,2025-04-04,,,,Outdoor,https://www.tfrrs.org/results/89574/5511341/_2025_Jim_Click_Shootout__Multis/400-Hurdles,TFRRS all_performances
"Scales, Emmi",Kentucky,SEC,400H,2025,2,,,58.76,seconds,2025 Jim Click Shootout & Multis,2025-04-04,,,,Outdoor,https://www.tfrrs.org/results/89574/5511341/_2025_Jim_Click_Shootout__Multis/400-Hurdles,TFRRS all_performances
"Scales, Emmi",Kentucky,SEC,400H,2025,2,,,58.68,seconds,Tom Jones Invitational,2025-04-18,,,,Outdoor,https://www.tfrrs.org/results/91823/5651941/Tom_Jones_Invitational/400-Hurdles,TFRRS all_performances
"Alexander, Ava",Kentucky,SEC,400H,2025,2,,,1:00.00,seconds,Jim Green Invitational,2025-05-02,,,,Outdoor,https://www.tfrrs.org/results/92296/5630357/Jim_Green_Invitational/400-Hurdles,TFRRS all_performances
"Alexander, Ava",Kentucky,SEC,400H,2025,2,,,1:00.61,seconds,SEC Outdoor Track & Field Championships,2025-05-15,,,,Outdoor,https://www.tfrrs.org/results/92589/5664582/SEC_Outdoor_Track__Field_Championships/400-Hurdles,TFRRS all_performances
"Scales, Emmi",Kentucky,SEC,400H,2025,2,,,57.83,seconds,SEC Outdoor Track & Field Championships,2025-05-15,,,,Outdoor,https://www.tfrrs.org/results/92589/5664582/SEC_Outdoor_Track__Field_Championships/400-Hurdles,TFRRS all_performances
"Scales, Emmi",Kentucky,SEC,400H,2025,2,,,57.63,seconds,NCAA Division I East First Round,2025-05-28,,,,Outdoor,https://www.tfrrs.org/results/92620/5669389/NCAA_Division_I_East_First_Round/400-Hurdles,TFRRS all_performances
"Scales, Emmi",Kentucky,SEC,400H,2025,2,,,58.55,seconds,NCAA Division I East First Round,2025-05-28,,,,Outdoor,https://www.tfrrs.org/results/92620/5669389/NCAA_Division_I_East_First_Round/400-Hurdles,TFRRS all_performances
"Hamilton, Joslyn",South Carolina,SEC,400H,2025,1,,,1:00.30,seconds,Michael Johnson Invitational,2025-04-18,,,,Outdoor,https://www.tfrrs.org/results/88270/5572631/Michael_Johnson_Invitational/400-Hurdles,TFRRS all_performances
"Hamilton, Joslyn",South Carolina,SEC,400H,2025,1,,,59.34,seconds,2025 Charlotte Invitational,2025-04-25,,,,Outdoor,https://www.tfrrs.org/results/90756/5605924/2025_Charlotte_Invitational/400-Hurdles,TFRRS all_performances
"Hamilton, Joslyn",South Carolina,SEC,400H,2025,1,,,59.75,seconds,East Coast Relays,2025-05-02,,,,Outdoor,https://www.tfrrs.org/results/87164/5621807/East_Coast_Relays/400-Hurdles,TFRRS all_performances
"Curtis, Sophia",Clemson,ACC,400H,2026,1,,,1:00.58,s,UCF Black & Gold Challenge,2026-03-20,,,,Outdoor,https://www.tfrrs.org/results/92770/5856957/UCF_Black__Gold_Challenge/400-Hurdles,TFRRS all_performances
"Curtis, Sophia",Clemson,ACC,400H,2026,1,,,59.59,s,2026 98th Clyde Littlefield Texas Relays (Univ/College),2026-04-01,,,,Outdoor,https://www.tfrrs.org/results/94985/5911786/2026_98th_Clyde_Littlefield_Texas_Relays_Univ_College/400-Hurdles,TFRRS all_performances
"Curtis, Sophia",Clemson,ACC,400H,2026,1,,,58.77,s,Tom Jones Memorial,2026-04-16,,,,Outdoor,https://www.tfrrs.org/results/96536/5940567/Tom_Jones_Memorial/400-Hurdles,TFRRS all_performances
"Curtis, Sophia",Clemson,ACC,400H,2026,1,,,59.17,s,Penn Relays,2026-04-23,,,,Outdoor,https://www.tfrrs.org/results/96652/5961338/Penn_Relays/400-Hurdles,TFRRS all_performances
"Nebel, Isabelle",Clemson,ACC,400H,2026,3,,,1:02.85,s,Penn Relays,2026-04-23,,,,Outdoor,https://www.tfrrs.org/results/96652/5961338/Penn_Relays/400-Hurdles,TFRRS all_performances
"Curtis, Sophia",Clemson,ACC,400H,2026,1,,,58.67,s,Duke Twilight,2026-05-03,,,,Outdoor,https://www.tfrrs.org/results/94718/5980828/Duke_Twilight/400-Hurdles,TFRRS all_performances
"Curtis, Sophia",Clemson,ACC,400H,2026,1,,,58.84,s,2026 ACC Outdoor Track & Field Championships,2026-05-14,,,,Outdoor,https://www.tfrrs.org/results/95975/5999317/2026_ACC_Outdoor_Track__Field_Championships/400-Hurdles,TFRRS all_performances
"Nebel, Isabelle",Clemson,ACC,400H,2026,3,,,1:01.49,s,2026 ACC Outdoor Track & Field Championships,2026-05-14,,,,Outdoor,https://www.tfrrs.org/results/95975/5999317/2026_ACC_Outdoor_Track__Field_Championships/400-Hurdles,TFRRS all_performances
"Curtis, Sophia",Clemson,ACC,400H,2026,1,,,59.66,s,NCAA Division I East First Rounds,2026-05-27,,,,Outdoor,https://www.tfrrs.org/results/96716/6004574/NCAA_Division_I_East_First_Rounds/400-Hurdles,TFRRS all_performances
"Tarpeh, Johrdyn",Duke,ACC,400H,2026,4,,,1:00.54,s,Bob Davidson Team Challenge presented by Norris Woody,2026-03-20,,,,Outdoor,https://www.tfrrs.org/results/94247/5860361/Bob_Davidson_Team_Challenge_presented_by_Norris_Woody/400-Hurdles,TFRRS all_performances
"Baker, Braelyn",Duke,ACC,400H,2026,2,,,55.77,s,Raleigh Relays,2026-03-26,,,,Outdoor,https://www.tfrrs.org/results/94354/5877106/Raleigh_Relays/400-Hurdles,TFRRS all_performances
"Tarpeh, Johrdyn",Duke,ACC,400H,2026,4,,,1:00.43,s,Raleigh Relays,2026-03-26,,,,Outdoor,https://www.tfrrs.org/results/94354/5877106/Raleigh_Relays/400-Hurdles,TFRRS all_performances
"Wilson, Arabella",Duke,ACC,400H,2026,1,,,57.93,s,Raleigh Relays,2026-03-26,,,,Outdoor,https://www.tfrrs.org/results/94354/5877106/Raleigh_Relays/400-Hurdles,TFRRS all_performances
"Tarpeh, Johrdyn",Duke,ACC,400H,2026,4,,,59.93,s,Duke Invitational,2026-04-10,,,,Outdoor,https://www.tfrrs.org/results/94715/5980719/Duke_Invitational/400-Hurdles,TFRRS all_performances
"Wilson, Arabella",Duke,ACC,400H,2026,1,,,58.43,s,Duke Invitational,2026-04-10,,,,Outdoor,https://www.tfrrs.org/results/94715/5980719/Duke_Invitational/400-Hurdles,TFRRS all_performances
"Baker, Braelyn",Duke,ACC,400H,2026,2,,,55.76,s,Tom Jones Memorial,2026-04-16,,,,Outdoor,https://www.tfrrs.org/results/96536/5940569/Tom_Jones_Memorial/400-Hurdles,TFRRS all_performances
"Tarpeh, Johrdyn",Duke,ACC,400H,2026,4,,,58.85,s,Wake Forest Invitational,2026-04-16,,,,Outdoor,https://www.tfrrs.org/results/92801/5981009/Wake_Forest_Invitational/400-Hurdles,TFRRS all_performances
"Wilson, Arabella",Duke,ACC,400H,2026,1,,,59.04,s,Tom Jones Memorial,2026-04-16,,,,Outdoor,https://www.tfrrs.org/results/96536/5940569/Tom_Jones_Memorial/400-Hurdles,TFRRS all_performances
"Baker, Braelyn",Duke,ACC,400H,2026,2,,,56.05,s,Duke Twilight,2026-05-03,,,,Outdoor,https://www.tfrrs.org/results/94718/5980828/Duke_Twilight/400-Hurdles,TFRRS all_performances
"Tarpeh, Johrdyn",Duke,ACC,400H,2026,4,,,59.85,s,Duke Twilight,2026-05-03,,,,Outdoor,https://www.tfrrs.org/results/94718/5980828/Duke_Twilight/400-Hurdles,TFRRS all_performances
"Wilson, Arabella",Duke,ACC,400H,2026,1,,,58.10,s,Duke Twilight,2026-05-03,,,,Outdoor,https://www.tfrrs.org/results/94718/5980828/Duke_Twilight/400-Hurdles,TFRRS all_performances
"Tarpeh, Johrdyn",Duke,ACC,400H,2026,4,,,1:00.22,s,2026 ACC Outdoor Track & Field Championships,2026-05-14,,,,Outdoor,https://www.tfrrs.org/results/95975/5999317/2026_ACC_Outdoor_Track__Field_Championships/400-Hurdles,TFRRS all_performances
"Wilson, Arabella",Duke,ACC,400H,2026,1,,,57.88,s,2026 ACC Outdoor Track & Field Championships,2026-05-14,,,,Outdoor,https://www.tfrrs.org/results/95975/5999317/2026_ACC_Outdoor_Track__Field_Championships/400-Hurdles,TFRRS all_performances
"Wilson, Arabella",Duke,ACC,400H,2026,1,,,57.93,s,2026 ACC Outdoor Track & Field Championships,2026-05-14,,,,Outdoor,https://www.tfrrs.org/results/95975/5999317/2026_ACC_Outdoor_Track__Field_Championships/400-Hurdles,TFRRS all_performances
"Tarpeh, Johrdyn",Duke,ACC,400H,2026,4,,,59.86,s,NCAA Division I East First Rounds,2026-05-27,,,,Outdoor,https://www.tfrrs.org/results/96716/6004574/NCAA_Division_I_East_First_Rounds/400-Hurdles,TFRRS all_performances
"Wilson, Arabella",Duke,ACC,400H,2026,1,,,58.35,s,NCAA Division I East First Rounds,2026-05-27,,,,Outdoor,https://www.tfrrs.org/results/96716/6004574/NCAA_Division_I_East_First_Rounds/400-Hurdles,TFRRS all_performances
"Pendergast, Addie",Stanford,ACC,400H,2026,1,,,1:01.90,s,Cal Invitational 2026,2026-03-20,,,,Outdoor,https://www.tfrrs.org/results/95597/5859312/Cal_Invitational_2026/400-Hurdles,TFRRS all_performances
"Richard, Diane",Stanford,ACC,400H,2026,4,,,1:00.26,s,Cal Invitational 2026,2026-03-20,,,,Outdoor,https://www.tfrrs.org/results/95597/5859312/Cal_Invitational_2026/400-Hurdles,TFRRS all_performances
"Stapleton, Tess",Stanford,ACC,400H,2026,4,,,58.66,s,Cal Invitational 2026,2026-03-20,,,,Outdoor,https://www.tfrrs.org/results/95597/5859312/Cal_Invitational_2026/400-Hurdles,TFRRS all_performances
"Pendergast, Addie",Stanford,ACC,400H,2026,1,,,58.96,s,Stanford Invitational,2026-04-03,,,,Outdoor,https://www.tfrrs.org/results/95354/5900577/Stanford_Invitational/400-Hurdles,TFRRS all_performances
"Richard, Diane",Stanford,ACC,400H,2026,4,,,59.27,s,Stanford Invitational,2026-04-03,,,,Outdoor,https://www.tfrrs.org/results/95354/5900577/Stanford_Invitational/400-Hurdles,TFRRS all_performances
"Rivas, Sara",Stanford,ACC,400H,2026,2,,,1:04.41,s,Stanford Invitational,2026-04-03,,,,Outdoor,https://www.tfrrs.org/results/95354/5900577/Stanford_Invitational/400-Hurdles,TFRRS all_performances
"Romain, Madison",Stanford,ACC,400H,2026,3,,,1:04.25,s,Stanford Invitational,2026-04-03,,,,Outdoor,https://www.tfrrs.org/results/95354/5900577/Stanford_Invitational/400-Hurdles,TFRRS all_performances
"Stapleton, Tess",Stanford,ACC,400H,2026,4,,,57.17,s,Stanford Invitational,2026-04-03,,,,Outdoor,https://www.tfrrs.org/results/95354/5900577/Stanford_Invitational/400-Hurdles,TFRRS all_performances
"Richard, Diane",Stanford,ACC,400H,2026,4,,,1:00.02,s,The 131st Big Meet,2026-04-11,,,,Outdoor,https://www.tfrrs.org/results/95706/5929128/The_131st_Big_Meet/400-Hurdles,TFRRS all_performances
"Rivas, Sara",Stanford,ACC,400H,2026,2,,,1:02.17,s,The 131st Big Meet,2026-04-11,,,,Outdoor,https://www.tfrrs.org/results/95706/5929128/The_131st_Big_Meet/400-Hurdles,TFRRS all_performances
"Romain, Madison",Stanford,ACC,400H,2026,3,,,1:05.32,s,The 131st Big Meet,2026-04-11,,,,Outdoor,https://www.tfrrs.org/results/95706/5929128/The_131st_Big_Meet/400-Hurdles,TFRRS all_performances
"Pendergast, Addie",Stanford,ACC,400H,2026,1,,,57.58,s,66th Annual Mt. SAC Relays,2026-04-15,,,,Outdoor,https://www.tfrrs.org/results/95455/5966552/66th_Annual_Mt_SAC_Relays/400-Hurdles,TFRRS all_performances
"Richard, Diane",Stanford,ACC,400H,2026,4,,,58.15,s,66th Annual Mt. SAC Relays,2026-04-15,,,,Outdoor,https://www.tfrrs.org/results/95455/5966552/66th_Annual_Mt_SAC_Relays/400-Hurdles,TFRRS all_performances
"Romain, Madison",Stanford,ACC,400H,2026,3,,,1:05.83,s,66th Annual Mt. SAC Relays,2026-04-15,,,,Outdoor,https://www.tfrrs.org/results/95455/5966552/66th_Annual_Mt_SAC_Relays/400-Hurdles,TFRRS all_performances
"Stapleton, Tess",Stanford,ACC,400H,2026,4,,,56.82,s,66th Annual Mt. SAC Relays,2026-04-15,,,,Outdoor,https://www.tfrrs.org/results/95455/5966546/66th_Annual_Mt_SAC_Relays/400-Hurdles,TFRRS all_performances
"Richard, Diane",Stanford,ACC,400H,2026,4,,,58.64,s,Payton Jordan Invitational,2026-05-01,,,,Outdoor,https://www.tfrrs.org/results/95567/5984700/Payton_Jordan_Invitational/400-Hurdles,TFRRS all_performances
"Rivas, Sara",Stanford,ACC,400H,2026,2,,,1:06.18,s,Payton Jordan Invitational,2026-05-01,,,,Outdoor,https://www.tfrrs.org/results/95567/5984700/Payton_Jordan_Invitational/400-Hurdles,TFRRS all_performances
"Romain, Madison",Stanford,ACC,400H,2026,3,,,1:03.89,s,Payton Jordan Invitational,2026-05-01,,,,Outdoor,https://www.tfrrs.org/results/95567/5984700/Payton_Jordan_Invitational/400-Hurdles,TFRRS all_performances
"Stapleton, Tess",Stanford,ACC,400H,2026,4,,,57.62,s,Payton Jordan Invitational,2026-05-01,,,,Outdoor,https://www.tfrrs.org/results/95567/5984700/Payton_Jordan_Invitational/400-Hurdles,TFRRS all_performances
"Pendergast, Addie",Stanford,ACC,400H,2026,1,,,59.21,s,2026 ACC Outdoor Track & Field Championships,2026-05-14,,,,Outdoor,https://www.tfrrs.org/results/95975/5999317/2026_ACC_Outdoor_Track__Field_Championships/400-Hurdles,TFRRS all_performances
"Richard, Diane",Stanford,ACC,400H,2026,4,,,58.75,s,2026 ACC Outdoor Track & Field Championships,2026-05-14,,,,Outdoor,https://www.tfrrs.org/results/95975/5999317/2026_ACC_Outdoor_Track__Field_Championships/400-Hurdles,TFRRS all_performances
"Rivas, Sara",Stanford,ACC,400H,2026,2,,,1:01.57,s,2026 ACC Outdoor Track & Field Championships,2026-05-14,,,,Outdoor,https://www.tfrrs.org/results/95975/5999317/2026_ACC_Outdoor_Track__Field_Championships/400-Hurdles,TFRRS all_performances
"Stapleton, Tess",Stanford,ACC,400H,2026,4,,,55.54,s,2026 ACC Outdoor Track & Field Championships,2026-05-14,,,,Outdoor,https://www.tfrrs.org/results/95975/5999317/2026_ACC_Outdoor_Track__Field_Championships/400-Hurdles,TFRRS all_performances
"Stapleton, Tess",Stanford,ACC,400H,2026,4,,,56.44,s,2026 ACC Outdoor Track & Field Championships,2026-05-14,,,,Outdoor,https://www.tfrrs.org/results/95975/5999317/2026_ACC_Outdoor_Track__Field_Championships/400-Hurdles,TFRRS all_performances
"Pendergast, Addie",Stanford,ACC,400H,2026,1,,,1:01.79,s,NCAA Division I West First Rounds,2026-05-27,,,,Outdoor,https://www.tfrrs.org/results/96717/6004602/NCAA_Division_I_West_First_Rounds/400-Hurdles,TFRRS all_performances
"Richard, Diane",Stanford,ACC,400H,2026,4,,,1:00.87,s,NCAA Division I West First Rounds,2026-05-27,,,,Outdoor,https://www.tfrrs.org/results/96717/6004602/NCAA_Division_I_West_First_Rounds/400-Hurdles,TFRRS all_performances
"Stapleton, Tess",Stanford,ACC,400H,2026,4,,,56.18,s,NCAA Division I West First Rounds,2026-05-27,,,,Outdoor,https://www.tfrrs.org/results/96717/6004602/NCAA_Division_I_West_First_Rounds/400-Hurdles,TFRRS all_performances
"Drakeford, Brooke'Lyn",Virginia,ACC,400H,2026,3,,,1:00.81,s,Virginia Opener,2026-03-21,,,,Outdoor,https://www.tfrrs.org/results/95485/5857657/Virginia_Opener/400-Hurdles,TFRRS all_performances
"Drakeford, Brooke'Lyn",Virginia,ACC,400H,2026,3,,,1:00.53,s,Raleigh Relays,2026-03-26,,,,Outdoor,https://www.tfrrs.org/results/94354/5877106/Raleigh_Relays/400-Hurdles,TFRRS all_performances
"Drakeford, Brooke'Lyn",Virginia,ACC,400H,2026,3,,,1:01.63,s,Duke Invitational,2026-04-10,,,,Outdoor,https://www.tfrrs.org/results/94715/5980719/Duke_Invitational/400-Hurdles,TFRRS all_performances
"Drakeford, Brooke'Lyn",Virginia,ACC,400H,2026,3,,,59.89,s,Virginia Challenge,2026-04-17,,,,Outdoor,https://www.tfrrs.org/results/95487/5942928/Virginia_Challenge/400-Hurdles,TFRRS all_performances
"Drakeford, Brooke'Lyn",Virginia,ACC,400H,2026,3,,,1:00.77,s,Penn Relays,2026-04-23,,,,Outdoor,https://www.tfrrs.org/results/96652/5961338/Penn_Relays/400-Hurdles,TFRRS all_performances
"Drakeford, Brooke'Lyn",Virginia,ACC,400H,2026,3,,,1:00.41,s,2026 Liberty Twilight,2026-05-06,,,,Outdoor,https://www.tfrrs.org/results/92680/5987059/2026_Liberty_Twilight/400-Hurdles,TFRRS all_performances
"Drakeford, Brooke'Lyn",Virginia,ACC,400H,2026,3,,,59.59,s,2026 ACC Outdoor Track & Field Championships,2026-05-14,,,,Outdoor,https://www.tfrrs.org/results/95975/5999317/2026_ACC_Outdoor_Track__Field_Championships/400-Hurdles,TFRRS all_performances
"Woods, Cecelia",Arizona,Big 12,400H,2026,4,,,59.66,seconds,LSU Battle on the Bayou,2026-04-03,,,,Outdoor,https://www.tfrrs.org/results/93386/5904430/_LSU_Battle_on_the_Bayou/400-Hurdles,TFRRS all_performances
"Woods, Cecelia",Arizona,Big 12,400H,2026,4,,,1:00.01,seconds,Dual In the Desert,2026-04-11,,,,Outdoor,https://www.tfrrs.org/results/96197/5937179/Dual_In_the_Desert/400-Hurdles,TFRRS all_performances
"Nordman, Brooke",Arizona,Big 12,400H,2026,3,,,59.88,seconds,66th Annual Mt. SAC Relays,2026-04-15,,,,Outdoor,https://www.tfrrs.org/results/95455/5966546/66th_Annual_Mt_SAC_Relays/400-Hurdles,TFRRS all_performances
"Woods, Cecelia",Arizona,Big 12,400H,2026,3,,,1:01.55,seconds,66th Annual Mt. SAC Relays,2026-04-15,,,,Outdoor,https://www.tfrrs.org/results/95455/5966552/66th_Annual_Mt_SAC_Relays/400-Hurdles,TFRRS all_performances
"Nordman, Brooke",Arizona,Big 12,400H,2026,3,,,58.10,seconds,Desert Heat Classic,2026-05-02,,,,Outdoor,https://www.tfrrs.org/results/96521/5999922/Desert_Heat_Classic/400-Hurdles,TFRRS all_performances
"Woods, Cecelia",Arizona,Big 12,400H,2026,3,,,59.01,seconds,Desert Heat Classic,2026-05-02,,,,Outdoor,https://www.tfrrs.org/results/96521/5999922/Desert_Heat_Classic/400-Hurdles,TFRRS all_performances
"Nordman, Brooke",Arizona,Big 12,400H,2026,3,,,58.83,seconds,Big 12 Outdoor Track & Field Championships,2026-05-14,,,,Outdoor,https://www.tfrrs.org/results/94673/5999866/Big_12_Outdoor_Track__Field_Championships/400-Hurdles,TFRRS all_performances
"Woods, Cecelia",Arizona,Big 12,400H,2026,3,,,58.99,seconds,Big 12 Outdoor Track & Field Championships,2026-05-14,,,,Outdoor,https://www.tfrrs.org/results/94673/5999866/Big_12_Outdoor_Track__Field_Championships/400-Hurdles,TFRRS all_performances
"Nordman, Brooke",Arizona,Big 12,400H,2026,3,,,58.56,seconds,NCAA Division I West First Rounds,2026-05-27,,,,Outdoor,https://www.tfrrs.org/results/96717/6004602/NCAA_Division_I_West_First_Rounds/400-Hurdles,TFRRS all_performances
"Ahlander, Berklie",BYU,Big 12,400H,2026,1,,,1:04.16,seconds,Utah Tech Invitational,2026-03-21,,,,Outdoor,https://www.tfrrs.org/results/94597/5862653/Utah_Tech_Invitational/400-Hurdles,TFRRS all_performances
"Brown, Tia",BYU,Big 12,400H,2026,1,,,1:01.04,seconds,Utah Tech Invitational,2026-03-21,,,,Outdoor,https://www.tfrrs.org/results/94597/5862653/Utah_Tech_Invitational/400-Hurdles,TFRRS all_performances
"Taggart, Madelynne",BYU,Big 12,400H,2026,3,,,1:03.25,seconds,Utah Tech Invitational,2026-03-21,,,,Outdoor,https://www.tfrrs.org/results/94597/5862653/Utah_Tech_Invitational/400-Hurdles,TFRRS all_performances
"Taylor, Mayci",BYU,Big 12,400H,2026,4,,,58.47,seconds,Utah Tech Invitational,2026-03-21,,,,Outdoor,https://www.tfrrs.org/results/94597/5862653/Utah_Tech_Invitational/400-Hurdles,TFRRS all_performances
"Ahlander, Berklie",BYU,Big 12,400H,2026,1,,,1:03.12,seconds,Trojan Invite,2026-03-27,,,,Outdoor,https://www.tfrrs.org/results/95520/5876001/Trojan_Invite/400-Hurdles,TFRRS all_performances
"Brown, Tia",BYU,Big 12,400H,2026,1,,,1:00.15,seconds,Trojan Invite,2026-03-27,,,,Outdoor,https://www.tfrrs.org/results/95520/5876001/Trojan_Invite/400-Hurdles,TFRRS all_performances
"McEuen, Kali",BYU,Big 12,400H,2026,4,,,59.13,seconds,Trojan Invite,2026-03-27,,,,Outdoor,https://www.tfrrs.org/results/95520/5876001/Trojan_Invite/400-Hurdles,TFRRS all_performances
"Taggart, Madelynne",BYU,Big 12,400H,2026,3,,,1:01.90,seconds,Trojan Invite,2026-03-27,,,,Outdoor,https://www.tfrrs.org/results/95520/5876001/Trojan_Invite/400-Hurdles,TFRRS all_performances
"Taylor, Mayci",BYU,Big 12,400H,2026,4,,,58.04,seconds,Trojan Invite,2026-03-27,,,,Outdoor,https://www.tfrrs.org/results/95520/5876001/Trojan_Invite/400-Hurdles,TFRRS all_performances
"McEuen, Kali",BYU,Big 12,400H,2026,4,,,57.90,seconds,2026 98th Clyde Littlefield Texas Relays (Univ/College),2026-04-01,,,,Outdoor,https://www.tfrrs.org/results/94985/5911786/2026_98th_Clyde_Littlefield_Texas_Relays_Univ_College/400-Hurdles,TFRRS all_performances
"McEuen, Kali",BYU,Big 12,400H,2026,4,,,58.58,seconds,2026 98th Clyde Littlefield Texas Relays (Univ/College),2026-04-01,,,,Outdoor,https://www.tfrrs.org/results/94985/5911786/2026_98th_Clyde_Littlefield_Texas_Relays_Univ_College/400-Hurdles,TFRRS all_performances
"Taylor, Mayci",BYU,Big 12,400H,2026,4,,,59.42,seconds,2026 98th Clyde Littlefield Texas Relays (Univ/College),2026-04-01,,,,Outdoor,https://www.tfrrs.org/results/94985/5911786/2026_98th_Clyde_Littlefield_Texas_Relays_Univ_College/400-Hurdles,TFRRS all_performances
"Ahlander, Berklie",BYU,Big 12,400H,2026,1,,,1:05.21,seconds,2026 Utah Spring Classic,2026-04-10,,,,Outdoor,https://www.tfrrs.org/results/95069/5931129/2026_Utah_Spring_Classic/400-Hurdles,TFRRS all_performances
"Taggart, Madelynne",BYU,Big 12,400H,2026,3,,,1:03.29,seconds,2026 Utah Spring Classic,2026-04-10,,,,Outdoor,https://www.tfrrs.org/results/95069/5931129/2026_Utah_Spring_Classic/400-Hurdles,TFRRS all_performances
"Ahlander, Berklie",BYU,Big 12,400H,2026,1,,,1:02.87,seconds,Beach Invitational,2026-04-17,,,,Outdoor,https://www.tfrrs.org/results/95723/5946337/Beach_Invitational_/400-Hurdles,TFRRS all_performances
"Brown, Tia",BYU,Big 12,400H,2026,1,,,1:02.37,seconds,Beach Invitational,2026-04-17,,,,Outdoor,https://www.tfrrs.org/results/95723/5946337/Beach_Invitational_/400-Hurdles,TFRRS all_performances
"Taggart, Madelynne",BYU,Big 12,400H,2026,3,,,1:02.78,seconds,Beach Invitational,2026-04-17,,,,Outdoor,https://www.tfrrs.org/results/95723/5946337/Beach_Invitational_/400-Hurdles,TFRRS all_performances
"Taylor, Mayci",BYU,Big 12,400H,2026,4,,,57.31,seconds,Beach Invitational,2026-04-17,,,,Outdoor,https://www.tfrrs.org/results/95723/5946337/Beach_Invitational_/400-Hurdles,TFRRS all_performances
"Ahlander, Berklie",BYU,Big 12,400H,2026,1,,,1:03.48,seconds,Aggie Invitational,2026-04-24,,,,Outdoor,https://www.tfrrs.org/results/95003/5973426/Aggie_Invitational/400-Hurdles,TFRRS all_performances
"Taggart, Madelynne",BYU,Big 12,400H,2026,3,,,1:00.46,seconds,Aggie Invitational,2026-04-24,,,,Outdoor,https://www.tfrrs.org/results/95003/5973426/Aggie_Invitational/400-Hurdles,TFRRS all_performances
"Ahlander, Berklie",BYU,Big 12,400H,2026,1,,,1:01.66,seconds,2026 BYU Robison Invitational,2026-04-29,,,,Outdoor,https://www.tfrrs.org/results/95275/5977302/2026_BYU_Robison_Invitational/400-Hurdles,TFRRS all_performances
"McEuen, Kali",BYU,Big 12,400H,2026,4,,,56.44,seconds,2026 BYU Robison Invitational,2026-04-29,,,,Outdoor,https://www.tfrrs.org/results/95275/5977302/2026_BYU_Robison_Invitational/400-Hurdles,TFRRS all_performances
"Taggart, Madelynne",BYU,Big 12,400H,2026,3,,,59.97,seconds,2026 BYU Robison Invitational,2026-04-29,,,,Outdoor,https://www.tfrrs.org/results/95275/5977302/2026_BYU_Robison_Invitational/400-Hurdles,TFRRS all_performances
"Taylor, Mayci",BYU,Big 12,400H,2026,4,,,56.41,seconds,2026 BYU Robison Invitational,2026-04-29,,,,Outdoor,https://www.tfrrs.org/results/95275/5977302/2026_BYU_Robison_Invitational/400-Hurdles,TFRRS all_performances
"McEuen, Kali",BYU,Big 12,400H,2026,4,,,55.88,seconds,Big 12 Outdoor Track & Field Championships,2026-05-14,,,,Outdoor,https://www.tfrrs.org/results/94673/5999866/Big_12_Outdoor_Track__Field_Championships/400-Hurdles,TFRRS all_performances
"McEuen, Kali",BYU,Big 12,400H,2026,4,,,56.47,seconds,Big 12 Outdoor Track & Field Championships,2026-05-14,,,,Outdoor,https://www.tfrrs.org/results/94673/5999866/Big_12_Outdoor_Track__Field_Championships/400-Hurdles,TFRRS all_performances
"McEuen, Kali",BYU,Big 12,400H,2026,4,,,57.34,seconds,NCAA Division I West First Rounds,2026-05-27,,,,Outdoor,https://www.tfrrs.org/results/96717/6004602/NCAA_Division_I_West_First_Rounds/400-Hurdles,TFRRS all_performances
"McEuen, Kali",BYU,Big 12,400H,2026,4,,,57.56,seconds,NCAA Division I West First Rounds,2026-05-27,,,,Outdoor,https://www.tfrrs.org/results/96717/6004602/NCAA_Division_I_West_First_Rounds/400-Hurdles,TFRRS all_performances
"Taylor, Mayci",BYU,Big 12,400H,2026,4,,,58.73,seconds,NCAA Division I West First Rounds,2026-05-27,,,,Outdoor,https://www.tfrrs.org/results/96717/6004602/NCAA_Division_I_West_First_Rounds/400-Hurdles,TFRRS all_performances
"Lucero, Serafima",Baylor,Big 12,400H,2026,3,,,58.75,seconds,2026 98th Clyde Littlefield Texas Relays (Univ/College),2026-04-01,,,,Outdoor,https://www.tfrrs.org/results/94985/5911786/2026_98th_Clyde_Littlefield_Texas_Relays_Univ_College/400-Hurdles,TFRRS all_performances
"Yourish, Cymia",Baylor,Big 12,400H,2026,1,,,1:01.98,seconds,2026 98th Clyde Littlefield Texas Relays (Univ/College),2026-04-01,,,,Outdoor,https://www.tfrrs.org/results/94985/5911788/2026_98th_Clyde_Littlefield_Texas_Relays_Univ_College/400-Hurdles,TFRRS all_performances
"Lucero, Serafima",Baylor,Big 12,400H,2026,3,,,55.93,seconds,Baylor Invitational,2026-04-10,,,,Outdoor,https://www.tfrrs.org/results/92815/5913088/Baylor_Invitational/400-Hurdles,TFRRS all_performances
"Lucero, Serafima",Baylor,Big 12,400H,2026,3,,,57.07,seconds,Tom Jones Memorial,2026-04-16,,,,Outdoor,https://www.tfrrs.org/results/96536/5940569/Tom_Jones_Memorial/400-Hurdles,TFRRS all_performances
"Lucero, Serafima",Baylor,Big 12,400H,2026,3,,,57.21,seconds,2026 Alumni Muster,2026-05-01,,,,Outdoor,https://www.tfrrs.org/results/95784/5977267/2026_Alumni_Muster/400-Hurdles,TFRRS all_performances
"Lucero, Serafima",Baylor,Big 12,400H,2026,3,,,56.28,seconds,NCAA Division I West First Rounds,2026-05-27,,,,Outdoor,https://www.tfrrs.org/results/96717/6004602/NCAA_Division_I_West_First_Rounds/400-Hurdles,TFRRS all_performances
"Lucero, Serafima",Baylor,Big 12,400H,2026,3,,,56.35,seconds,NCAA Division I West First Rounds,2026-05-27,,,,Outdoor,https://www.tfrrs.org/results/96717/6004602/NCAA_Division_I_West_First_Rounds/400-Hurdles,TFRRS all_performances
"Lucero, Serafima",Baylor,Big 12,400H,2026,3,,,56.54,seconds,NCAA Division I Outdoor Track & Field Championships,2026-06-10,,,,Outdoor,https://www.tfrrs.org/results/96875/6005720/NCAA_Division_I_Outdoor_Track__Field_Championships/400-Hurdles,TFRRS all_performances
"Camacho, Savanna",Texas Tech,Big 12,400H,2026,2,,,1:04.04,seconds,ACU Wes Kittley Invite 2026,2026-03-20,,,,Outdoor,https://www.tfrrs.org/results/94512/5861531/ACU_Wes_Kittley_Invite_2026/400-Hurdles,TFRRS all_performances
"Kinsey, Brooklyn",Texas Tech,Big 12,400H,2026,1,,,1:05.64,seconds,ACU Wes Kittley Invite 2026,2026-03-20,,,,Outdoor,https://www.tfrrs.org/results/94512/5861531/ACU_Wes_Kittley_Invite_2026/400-Hurdles,TFRRS all_performances
"Balde, Vanessa",Texas Tech,Big 12,400H,2026,4,,,55.71,seconds,Masked Rider Open,2026-03-26,,,,Outdoor,https://www.tfrrs.org/results/96010/5868306/Masked_Rider_Open/400-Hurdles,TFRRS all_performances
"Camacho, Savanna",Texas Tech,Big 12,400H,2026,2,,,1:02.82,seconds,Masked Rider Open,2026-03-26,,,,Outdoor,https://www.tfrrs.org/results/96010/5868306/Masked_Rider_Open/400-Hurdles,TFRRS all_performances
"Ewusi, Lovina",Texas Tech,Big 12,400H,2026,3,,,57.63,seconds,Masked Rider Open,2026-03-26,,,,Outdoor,https://www.tfrrs.org/results/96010/5868306/Masked_Rider_Open/400-Hurdles,TFRRS all_performances
"Kinsey, Brooklyn",Texas Tech,Big 12,400H,2026,1,,,1:04.95,seconds,Masked Rider Open,2026-03-26,,,,Outdoor,https://www.tfrrs.org/results/96010/5868306/Masked_Rider_Open/400-Hurdles,TFRRS all_performances
"Balde, Vanessa",Texas Tech,Big 12,400H,2026,4,,,56.02,seconds,2026 98th Clyde Littlefield Texas Relays (Univ/College),2026-04-01,,,,Outdoor,https://www.tfrrs.org/results/94985/5911786/2026_98th_Clyde_Littlefield_Texas_Relays_Univ_College/400-Hurdles,TFRRS all_performances
"Balde, Vanessa",Texas Tech,Big 12,400H,2026,4,,,57.53,seconds,2026 98th Clyde Littlefield Texas Relays (Univ/College),2026-04-01,,,,Outdoor,https://www.tfrrs.org/results/94985/5911786/2026_98th_Clyde_Littlefield_Texas_Relays_Univ_College/400-Hurdles,TFRRS all_performances
"Ewusi, Lovina",Texas Tech,Big 12,400H,2026,,,,57.15,seconds,2026 98th Clyde Littlefield Texas Relays (Univ/College),2026-04-01,,,,Outdoor,https://www.tfrrs.org/results/94985/5911786/2026_98th_Clyde_Littlefield_Texas_Relays_Univ_College/400-Hurdles,TFRRS all_performances
"Ewusi, Lovina",Texas Tech,Big 12,400H,2026,,,,57.91,seconds,2026 98th Clyde Littlefield Texas Relays (Univ/College),2026-04-01,,,,Outdoor,https://www.tfrrs.org/results/94985/5911786/2026_98th_Clyde_Littlefield_Texas_Relays_Univ_College/400-Hurdles,TFRRS all_performances
"Balde, Vanessa",Texas Tech,Big 12,400H,2026,4,,,56.79,seconds,Tom Jones Memorial,2026-04-16,,,,Outdoor,https://www.tfrrs.org/results/96536/5940569/Tom_Jones_Memorial/400-Hurdles,TFRRS all_performances
"Ewusi, Lovina",Texas Tech,Big 12,400H,2026,3,,,56.41,seconds,Tom Jones Memorial,2026-04-16,,,,Outdoor,https://www.tfrrs.org/results/96536/5940569/Tom_Jones_Memorial/400-Hurdles,TFRRS all_performances
"Camacho, Savanna",Texas Tech,Big 12,400H,2026,2,,,1:03.83,seconds,Michael Johnson Invitational,2026-04-24,,,,Outdoor,https://www.tfrrs.org/results/92814/5961972/Michael_Johnson_Invitational/400-Hurdles,TFRRS all_performances
"Kinsey, Brooklyn",Texas Tech,Big 12,400H,2026,1,,,1:07.47,seconds,Michael Johnson Invitational,2026-04-24,,,,Outdoor,https://www.tfrrs.org/results/92814/5961972/Michael_Johnson_Invitational/400-Hurdles,TFRRS all_performances
"Camacho, Savanna",Texas Tech,Big 12,400H,2026,2,,,1:04.50,seconds,Corky/Crofoot Shootout,2026-04-30,,,,Outdoor,https://www.tfrrs.org/results/96729/5971269/Corky_Crofoot_Shootout/400-Hurdles,TFRRS all_performances
"Ewusi, Lovina",Texas Tech,Big 12,400H,2026,3,,,57.97,seconds,Corky/Crofoot Shootout,2026-04-30,,,,Outdoor,https://www.tfrrs.org/results/96729/5971269/Corky_Crofoot_Shootout/400-Hurdles,TFRRS all_performances
"Harris, Magi",Texas Tech,Big 12,400H,2026,4,,,1:03.09,seconds,Corky/Crofoot Shootout,2026-04-30,,,,Outdoor,https://www.tfrrs.org/results/96729/5971269/Corky_Crofoot_Shootout/400-Hurdles,TFRRS all_performances
"Kinsey, Brooklyn",Texas Tech,Big 12,400H,2026,1,,,1:05.42,seconds,Corky/Crofoot Shootout,2026-04-30,,,,Outdoor,https://www.tfrrs.org/results/96729/5971269/Corky_Crofoot_Shootout/400-Hurdles,TFRRS all_performances
"Balde, Vanessa",Texas Tech,Big 12,400H,2026,4,,,55.39,seconds,Big 12 Outdoor Track & Field Championships,2026-05-14,,,,Outdoor,https://www.tfrrs.org/results/94673/5999866/Big_12_Outdoor_Track__Field_Championships/400-Hurdles,TFRRS all_performances
"Balde, Vanessa",Texas Tech,Big 12,400H,2026,4,,,56.82,seconds,Big 12 Outdoor Track & Field Championships,2026-05-14,,,,Outdoor,https://www.tfrrs.org/results/94673/5999866/Big_12_Outdoor_Track__Field_Championships/400-Hurdles,TFRRS all_performances
"Camacho, Savanna",Texas Tech,Big 12,400H,2026,2,,,1:04.28,seconds,Big 12 Outdoor Track & Field Championships,2026-05-14,,,,Outdoor,https://www.tfrrs.org/results/94673/5999866/Big_12_Outdoor_Track__Field_Championships/400-Hurdles,TFRRS all_performances
"Ewusi, Lovina",Texas Tech,Big 12,400H,2026,3,,,55.75,seconds,Big 12 Outdoor Track & Field Championships,2026-05-14,,,,Outdoor,https://www.tfrrs.org/results/94673/5999866/Big_12_Outdoor_Track__Field_Championships/400-Hurdles,TFRRS all_performances
"Ewusi, Lovina",Texas Tech,Big 12,400H,2026,3,,,56.66,seconds,Big 12 Outdoor Track & Field Championships,2026-05-14,,,,Outdoor,https://www.tfrrs.org/results/94673/5999866/Big_12_Outdoor_Track__Field_Championships/400-Hurdles,TFRRS all_performances
"Harris, Magi",Texas Tech,Big 12,400H,2026,4,,,1:01.05,seconds,Big 12 Outdoor Track & Field Championships,2026-05-14,,,,Outdoor,https://www.tfrrs.org/results/94673/5999866/Big_12_Outdoor_Track__Field_Championships/400-Hurdles,TFRRS all_performances
"Balde, Vanessa",Texas Tech,Big 12,400H,2026,4,,,55.77,seconds,NCAA Division I West First Rounds,2026-05-27,,,,Outdoor,https://www.tfrrs.org/results/96717/6004602/NCAA_Division_I_West_First_Rounds/400-Hurdles,TFRRS all_performances
"Balde, Vanessa",Texas Tech,Big 12,400H,2026,4,,,56.52,seconds,NCAA Division I West First Rounds,2026-05-27,,,,Outdoor,https://www.tfrrs.org/results/96717/6004602/NCAA_Division_I_West_First_Rounds/400-Hurdles,TFRRS all_performances
"Ewusi, Lovina",Texas Tech,Big 12,400H,2026,3,,,55.98,seconds,NCAA Division I West First Rounds,2026-05-27,,,,Outdoor,https://www.tfrrs.org/results/96717/6004602/NCAA_Division_I_West_First_Rounds/400-Hurdles,TFRRS all_performances
"Ewusi, Lovina",Texas Tech,Big 12,400H,2026,3,,,57.61,seconds,NCAA Division I West First Rounds,2026-05-27,,,,Outdoor,https://www.tfrrs.org/results/96717/6004602/NCAA_Division_I_West_First_Rounds/400-Hurdles,TFRRS all_performances
"Balde, Vanessa",Texas Tech,Big 12,400H,2026,4,,,55.77,seconds,NCAA Division I Outdoor Track & Field Championships,2026-06-10,,,,Outdoor,https://www.tfrrs.org/results/96875/6005720/NCAA_Division_I_Outdoor_Track__Field_Championships/400-Hurdles,TFRRS all_performances
"Balde, Vanessa",Texas Tech,Big 12,400H,2026,4,,,56.21,seconds,NCAA Division I Outdoor Track & Field Championships,2026-06-10,,,,Outdoor,https://www.tfrrs.org/results/96875/6005720/NCAA_Division_I_Outdoor_Track__Field_Championships/400-Hurdles,TFRRS all_performances
"Ewusi, Lovina",Texas Tech,Big 12,400H,2026,3,,,56.68,seconds,NCAA Division I Outdoor Track & Field Championships,2026-06-10,,,,Outdoor,https://www.tfrrs.org/results/96875/6005720/NCAA_Division_I_Outdoor_Track__Field_Championships/400-Hurdles,TFRRS all_performances
"Oliver, Ashley",Illinois,Big Ten,400H,2026,4,,,1:01.46,seconds,2026 Pepsi Florida Relays,2026-04-03,,,,Outdoor,https://www.tfrrs.org/results/95329/6002560/2026_Pepsi_Florida_Relays/400-Hurdles,TFRRS all_performances
"Oliver, Ashley",Illinois,Big Ten,400H,2026,4,,,1:00.11,seconds,Illini Deca-Jam,2026-04-09,,,,Outdoor,https://www.tfrrs.org/results/95951/5919726/Illini_Deca-Jam/400-Hurdles,TFRRS all_performances
"Oliver, Ashley",Illinois,Big Ten,400H,2026,4,,,59.54,seconds,Tom Jones Memorial,2026-04-16,,,,Outdoor,https://www.tfrrs.org/results/96536/5940567/Tom_Jones_Memorial/400-Hurdles,TFRRS all_performances
"Oliver, Ashley",Illinois,Big Ten,400H,2026,4,,,1:01.99,seconds,Gary Wieneke Memorial,2026-05-01,,,,Outdoor,https://www.tfrrs.org/results/96393/6001274/Gary_Wieneke_Memorial/400-Hurdles,TFRRS all_performances
"Oliver, Ashley",Illinois,Big Ten,400H,2026,4,,,59.21,seconds,2026 Big Ten Outdoor Track & Field Championships,2026-05-15,,,,Outdoor,https://www.tfrrs.org/results/96121/6000061/2026_Big_Ten_Outdoor_Track__Field_Championships/400-Hurdles,TFRRS all_performances
"Artley, Abrielle",Nebraska,Big Ten,400H,2026,3,,,58.74,seconds,Spec Towns Invitational,2026-04-09,,,,Outdoor,https://www.tfrrs.org/results/96380/5924740/Spec_Towns_Invitational/400-Hurdles,TFRRS all_performances
"Belquist, Kelsie",Nebraska,Big Ten,400H,2026,2,,,55.96,seconds,Spec Towns Invitational,2026-04-09,,,,Outdoor,https://www.tfrrs.org/results/96380/5924740/Spec_Towns_Invitational/400-Hurdles,TFRRS all_performances
"Alexander, Ava",Nebraska,Big Ten,400H,2026,3,,,1:00.13,seconds,116th Drake Relays,2026-04-22,,,,Outdoor,https://www.tfrrs.org/results/95611/5986903/116th_Drake_Relays/400-Hurdles,TFRRS all_performances
"Artley, Abrielle",Nebraska,Big Ten,400H,2026,3,,,58.15,seconds,116th Drake Relays,2026-04-22,,,,Outdoor,https://www.tfrrs.org/results/95611/5986903/116th_Drake_Relays/400-Hurdles,TFRRS all_performances
"Alexander, Ava",Nebraska,Big Ten,400H,2026,3,,,1:00.49,seconds,Desert Heat Classic,2026-05-02,,,,Outdoor,https://www.tfrrs.org/results/96521/5999922/Desert_Heat_Classic/400-Hurdles,TFRRS all_performances
"Belquist, Kelsie",Nebraska,Big Ten,400H,2026,2,,,55.60,seconds,Desert Heat Classic,2026-05-02,,,,Outdoor,https://www.tfrrs.org/results/96521/5999922/Desert_Heat_Classic/400-Hurdles,TFRRS all_performances
"Alexander, Ava",Nebraska,Big Ten,400H,2026,3,,,1:03.35,seconds,2026 Big Ten Outdoor Track & Field Championships,2026-05-15,,,,Outdoor,https://www.tfrrs.org/results/96121/6000061/2026_Big_Ten_Outdoor_Track__Field_Championships/400-Hurdles,TFRRS all_performances
"Artley, Abrielle",Nebraska,Big Ten,400H,2026,3,,,57.76,seconds,2026 Big Ten Outdoor Track & Field Championships,2026-05-15,,,,Outdoor,https://www.tfrrs.org/results/96121/6000061/2026_Big_Ten_Outdoor_Track__Field_Championships/400-Hurdles,TFRRS all_performances
"Artley, Abrielle",Nebraska,Big Ten,400H,2026,3,,,58.14,seconds,2026 Big Ten Outdoor Track & Field Championships,2026-05-15,,,,Outdoor,https://www.tfrrs.org/results/96121/6000061/2026_Big_Ten_Outdoor_Track__Field_Championships/400-Hurdles,TFRRS all_performances
"Belquist, Kelsie",Nebraska,Big Ten,400H,2026,2,,,56.11,seconds,2026 Big Ten Outdoor Track & Field Championships,2026-05-15,,,,Outdoor,https://www.tfrrs.org/results/96121/6000061/2026_Big_Ten_Outdoor_Track__Field_Championships/400-Hurdles,TFRRS all_performances
"Belquist, Kelsie",Nebraska,Big Ten,400H,2026,2,,,56.24,seconds,2026 Big Ten Outdoor Track & Field Championships,2026-05-15,,,,Outdoor,https://www.tfrrs.org/results/96121/6000061/2026_Big_Ten_Outdoor_Track__Field_Championships/400-Hurdles,TFRRS all_performances
"Artley, Abrielle",Nebraska,Big Ten,400H,2026,3,,,58.06,seconds,NCAA Division I West First Rounds,2026-05-27,,,,Outdoor,https://www.tfrrs.org/results/96717/6004602/NCAA_Division_I_West_First_Rounds/400-Hurdles,TFRRS all_performances
"Belquist, Kelsie",Nebraska,Big Ten,400H,2026,2,,,55.24,seconds,NCAA Division I West First Rounds,2026-05-27,,,,Outdoor,https://www.tfrrs.org/results/96717/6004602/NCAA_Division_I_West_First_Rounds/400-Hurdles,TFRRS all_performances
"Belquist, Kelsie",Nebraska,Big Ten,400H,2026,2,,,56.62,seconds,NCAA Division I West First Rounds,2026-05-27,,,,Outdoor,https://www.tfrrs.org/results/96717/6004602/NCAA_Division_I_West_First_Rounds/400-Hurdles,TFRRS all_performances
"Belquist, Kelsie",Nebraska,Big Ten,400H,2026,2,,,55.34,seconds,NCAA Division I Outdoor Track & Field Championships,2026-06-10,,,,Outdoor,https://www.tfrrs.org/results/96875/6005720/NCAA_Division_I_Outdoor_Track__Field_Championships/400-Hurdles,TFRRS all_performances
"Belquist, Kelsie",Nebraska,Big Ten,400H,2026,2,,,55.94,seconds,NCAA Division I Outdoor Track & Field Championships,2026-06-10,,,,Outdoor,https://www.tfrrs.org/results/96875/6005720/NCAA_Division_I_Outdoor_Track__Field_Championships/400-Hurdles,TFRRS all_performances
"Taylor, Annaleise",Oregon,Big Ten,400H,2026,2,,,59.39,seconds,UNLV Rebel Elite (Roster Only),2026-04-03,,,,Outdoor,https://www.tfrrs.org/results/95841/5901918/UNLV_Rebel_Elite_Roster_Only/400-Hurdles,TFRRS all_performances
"Taylor, Annaleise",Oregon,Big Ten,400H,2026,2,,,1:00.34,seconds,Oregon Team Invitational,2026-04-17,,,,Outdoor,https://www.tfrrs.org/results/96113/5993738/Oregon_Team_Invitational/400-Hurdles,TFRRS all_performances
"Taylor, Annaleise",Oregon,Big Ten,400H,2026,2,,,58.43,seconds,Desert Heat Classic,2026-05-02,,,,Outdoor,https://www.tfrrs.org/results/96521/5999922/Desert_Heat_Classic/400-Hurdles,TFRRS all_performances
"Taylor, Annaleise",Oregon,Big Ten,400H,2026,2,,,59.20,seconds,2026 Big Ten Outdoor Track & Field Championships,2026-05-15,,,,Outdoor,https://www.tfrrs.org/results/96121/6000061/2026_Big_Ten_Outdoor_Track__Field_Championships/400-Hurdles,TFRRS all_performances
"Taylor, Annaleise",Oregon,Big Ten,400H,2026,2,,,59.01,seconds,NCAA Division I West First Rounds,2026-05-27,,,,Outdoor,https://www.tfrrs.org/results/96717/6004602/NCAA_Division_I_West_First_Rounds/400-Hurdles,TFRRS all_performances
"Lott, Falyn",USC,Big Ten,400H,2026,2,,,1:01.70,seconds,Trojan Invite,2026-03-27,,,,Outdoor,https://www.tfrrs.org/results/95520/5876001/Trojan_Invite/400-Hurdles,TFRRS all_performances
"Lott, Falyn",USC,Big Ten,400H,2026,2,,,58.91,seconds,LSU Battle on the Bayou,2026-04-03,,,,Outdoor,https://www.tfrrs.org/results/93386/5904430/_LSU_Battle_on_the_Bayou/400-Hurdles,TFRRS all_performances
"Lott, Falyn",USC,Big Ten,400H,2026,2,,,59.18,seconds,Rafer Johnson Invite (Roster Only),2026-04-11,,,,Outdoor,https://www.tfrrs.org/results/95814/5919885/Rafer_Johnson_Invite_Roster_Only/400-Hurdles,TFRRS all_performances
"Lott, Falyn",USC,Big Ten,400H,2026,2,,,58.32,seconds,66th Annual Mt. SAC Relays,2026-04-15,,,,Outdoor,https://www.tfrrs.org/results/95455/5966552/66th_Annual_Mt_SAC_Relays/400-Hurdles,TFRRS all_performances
"Barnett, Makenna",USC,Big Ten,400H,2026,1,,,1:04.03,seconds,USC v. UCLA Dual Meet,2026-05-02,,,,Outdoor,https://www.tfrrs.org/results/96454/5980183/USC_v_UCLA_Dual_Meet/400-Hurdles,TFRRS all_performances
"Lott, Falyn",USC,Big Ten,400H,2026,2,,,57.56,seconds,USC v. UCLA Dual Meet,2026-05-02,,,,Outdoor,https://www.tfrrs.org/results/96454/5980183/USC_v_UCLA_Dual_Meet/400-Hurdles,TFRRS all_performances
"Lott, Falyn",USC,Big Ten,400H,2026,2,,,58.79,seconds,2026 Big Ten Outdoor Track & Field Championships,2026-05-15,,,,Outdoor,https://www.tfrrs.org/results/96121/6000061/2026_Big_Ten_Outdoor_Track__Field_Championships/400-Hurdles,TFRRS all_performances
"Lott, Falyn",USC,Big Ten,400H,2026,2,,,59.46,seconds,2026 Big Ten Outdoor Track & Field Championships,2026-05-15,,,,Outdoor,https://www.tfrrs.org/results/96121/6000061/2026_Big_Ten_Outdoor_Track__Field_Championships/400-Hurdles,TFRRS all_performances
"Lott, Falyn",USC,Big Ten,400H,2026,2,,,57.37,seconds,NCAA Division I West First Rounds,2026-05-27,,,,Outdoor,https://www.tfrrs.org/results/96717/6004602/NCAA_Division_I_West_First_Rounds/400-Hurdles,TFRRS all_performances
"Lott, Falyn",USC,Big Ten,400H,2026,2,,,57.72,seconds,NCAA Division I West First Rounds,2026-05-27,,,,Outdoor,https://www.tfrrs.org/results/96717/6004602/NCAA_Division_I_West_First_Rounds/400-Hurdles,TFRRS all_performances
"Terrell, Anna",Washington,Big Ten,400H,2026,3,,,1:00.46,seconds,2026 Peyton-Shotwell Invitational,2026-03-28,,,,Outdoor,https://www.tfrrs.org/results/95008/5880955/2026_Peyton-Shotwell_Invitational/400-Hurdles,TFRRS all_performances
"Terrell, Anna",Washington,Big Ten,400H,2026,3,,,1:00.72,seconds,Stanford Invitational,2026-04-03,,,,Outdoor,https://www.tfrrs.org/results/95354/5900577/Stanford_Invitational/400-Hurdles,TFRRS all_performances
"Gardley, Mikayla",Washington,Big Ten,400H,2026,2,,,1:00.64,seconds,66th Annual Mt. SAC Relays,2026-04-15,,,,Outdoor,https://www.tfrrs.org/results/95455/5966552/66th_Annual_Mt_SAC_Relays/400-Hurdles,TFRRS all_performances
"Terrell, Anna",Washington,Big Ten,400H,2026,3,,,1:00.70,seconds,66th Annual Mt. SAC Relays,2026-04-15,,,,Outdoor,https://www.tfrrs.org/results/95455/5966546/66th_Annual_Mt_SAC_Relays/400-Hurdles,TFRRS all_performances
"Gardley, Mikayla",Washington,Big Ten,400H,2026,2,,,1:01.60,seconds,Desert Heat Classic,2026-05-02,,,,Outdoor,https://www.tfrrs.org/results/96521/5999922/Desert_Heat_Classic/400-Hurdles,TFRRS all_performances
"Nordlund, Sara",Washington,Big Ten,400H,2026,1,,,1:05.32,seconds,Desert Heat Classic,2026-05-02,,,,Outdoor,https://www.tfrrs.org/results/96521/5999922/Desert_Heat_Classic/400-Hurdles,TFRRS all_performances
"Terrell, Anna",Washington,Big Ten,400H,2026,3,,,59.63,seconds,Desert Heat Classic,2026-05-02,,,,Outdoor,https://www.tfrrs.org/results/96521/5999922/Desert_Heat_Classic/400-Hurdles,TFRRS all_performances
"Gardley, Mikayla",Washington,Big Ten,400H,2026,2,,,1:00.82,seconds,2026 Big Ten Outdoor Track & Field Championships,2026-05-15,,,,Outdoor,https://www.tfrrs.org/results/96121/6000061/2026_Big_Ten_Outdoor_Track__Field_Championships/400-Hurdles,TFRRS all_performances
"Terrell, Anna",Washington,Big Ten,400H,2026,3,,,1:01.36,seconds,2026 Big Ten Outdoor Track & Field Championships,2026-05-15,,,,Outdoor,https://www.tfrrs.org/results/96121/6000061/2026_Big_Ten_Outdoor_Track__Field_Championships/400-Hurdles,TFRRS all_performances
"Sutton, Sydney",Florida,SEC,400H,2026,1,,,56.62,seconds,Tom Jones Memorial,2026-04-16,,,,Outdoor,https://www.tfrrs.org/results/96536/5940569/Tom_Jones_Memorial/400-Hurdles,TFRRS all_performances
"Wright, Marianna",Florida,SEC,400H,2026,1,,,58.25,seconds,Tom Jones Memorial,2026-04-16,,,,Outdoor,https://www.tfrrs.org/results/96536/5940567/Tom_Jones_Memorial/400-Hurdles,TFRRS all_performances
"Wright, Marianna",Florida,SEC,400H,2026,1,,,58.87,seconds,2026 East Coast Relays,2026-05-01,,,,Outdoor,https://www.tfrrs.org/results/93606/5982318/2026_East_Coast_Relays/400-Hurdles,TFRRS all_performances
"Wright, Marianna",Florida,SEC,400H,2026,1,,,1:16.98,seconds,SEC Outdoor T&F Championships 2026,2026-05-14,,,,Outdoor,https://www.tfrrs.org/results/96148/6006028/SEC_Outdoor_TF_Championships_2026/400-Hurdles,TFRRS all_performances
"Wright, Marianna",Florida,SEC,400H,2026,1,,,57.76,seconds,NCAA Division I East First Rounds,2026-05-27,,,,Outdoor,https://www.tfrrs.org/results/96716/6004574/NCAA_Division_I_East_First_Rounds/400-Hurdles,TFRRS all_performances
"Wright, Marianna",Florida,SEC,400H,2026,1,,,59.43,seconds,NCAA Division I East First Rounds,2026-05-27,,,,Outdoor,https://www.tfrrs.org/results/96716/6004574/NCAA_Division_I_East_First_Rounds/400-Hurdles,TFRRS all_performances
"Smith, Michelle",Georgia,SEC,400H,2026,2,,,55.64,s,Hurricane Invite,2026-03-21,,,,Outdoor,https://www.tfrrs.org/all_performances/GA_college_f_Georgia.html?list_hnd=5771&season_hnd=730,legacy_source_needs_review
"Smith, Michelle",Georgia,SEC,400H,2026,2,,,55.64,seconds,Hurricane Collegiate Invitational,2026-03-27,,,,Outdoor,https://www.tfrrs.org/results/96094/5876068/Hurricane_Collegiate_Invitational/400-Hurdles,TFRRS all_performances
"Smith, Michelle",Georgia,SEC,400H,2026,2,,,55.47,seconds,Spec Towns Invitational,2026-04-09,,,,Outdoor,https://www.tfrrs.org/results/96380/5924740/Spec_Towns_Invitational/400-Hurdles,TFRRS all_performances
"Smith, Michelle",Georgia,SEC,400H,2026,2,,,55.28,seconds,Tom Jones Memorial,2026-04-16,,,,Outdoor,https://www.tfrrs.org/results/96536/5940569/Tom_Jones_Memorial/400-Hurdles,TFRRS all_performances
"Smith, Michelle",Georgia,SEC,400H,2026,2,,,55.41,seconds,Torrin Lawrence Memorial,2026-05-01,,,,Outdoor,https://www.tfrrs.org/results/96742/5983440/Torrin_Lawrence_Memorial/400-Hurdles,TFRRS all_performances
"Smith, Michelle",Georgia,SEC,400H,2026,2,,,54.72,seconds,SEC Outdoor T&F Championships 2026,2026-05-14,,,,Outdoor,https://www.tfrrs.org/results/96148/6006028/SEC_Outdoor_TF_Championships_2026/400-Hurdles,TFRRS all_performances
"Smith, Michelle",Georgia,SEC,400H,2026,2,,,56.05,seconds,SEC Outdoor T&F Championships 2026,2026-05-14,,,,Outdoor,https://www.tfrrs.org/results/96148/6006028/SEC_Outdoor_TF_Championships_2026/400-Hurdles,TFRRS all_performances
"Smith, Michelle",Georgia,SEC,400H,2026,2,,,54.71,seconds,NCAA Division I East First Rounds,2026-05-27,,,,Outdoor,https://www.tfrrs.org/results/96716/6004574/NCAA_Division_I_East_First_Rounds/400-Hurdles,TFRRS all_performances
"Smith, Michelle",Georgia,SEC,400H,2026,2,,,55.84,seconds,NCAA Division I East First Rounds,2026-05-27,,,,Outdoor,https://www.tfrrs.org/results/96716/6004574/NCAA_Division_I_East_First_Rounds/400-Hurdles,TFRRS all_performances
"Smith, Michelle",Georgia,SEC,400H,2026,2,,,55.10,seconds,NCAA Division I Outdoor Track & Field Championships,2026-06-10,,,,Outdoor,https://www.tfrrs.org/results/96875/6005720/NCAA_Division_I_Outdoor_Track__Field_Championships/400-Hurdles,TFRRS all_performances
"Smith, Michelle",Georgia,SEC,400H,2026,2,,,56.22,seconds,NCAA Division I Outdoor Track & Field Championships,2026-06-10,,,,Outdoor,https://www.tfrrs.org/results/96875/6005720/NCAA_Division_I_Outdoor_Track__Field_Championships/400-Hurdles,TFRRS all_performances
"Hoo, Kahalia",Kentucky,SEC,400H,2026,1,,,1:01.97,seconds,UCF Black & Gold Challenge,2026-03-20,,,,Outdoor,https://www.tfrrs.org/results/92770/5856957/UCF_Black__Gold_Challenge/400-Hurdles,TFRRS all_performances
"Hoo, Kashia",Kentucky,SEC,400H,2026,1,,,1:00.31,seconds,UCF Black & Gold Challenge,2026-03-20,,,,Outdoor,https://www.tfrrs.org/results/92770/5856957/UCF_Black__Gold_Challenge/400-Hurdles,TFRRS all_performances
"Washington, Alene",Kentucky,SEC,400H,2026,1,,,1:02.33,seconds,UCF Black & Gold Challenge,2026-03-20,,,,Outdoor,https://www.tfrrs.org/results/92770/5856957/UCF_Black__Gold_Challenge/400-Hurdles,TFRRS all_performances
"Nyagisera, Vanice Kerubo",Kentucky,SEC,400H,2026,1,,,55.45,seconds,2026 98th Clyde Littlefield Texas Relays (Univ/College),2026-04-01,,,,Outdoor,https://www.tfrrs.org/results/94985/5911786/2026_98th_Clyde_Littlefield_Texas_Relays_Univ_College/400-Hurdles,TFRRS all_performances
"Nyagisera, Vanice Kerubo",Kentucky,SEC,400H,2026,1,,,56.73,seconds,2026 98th Clyde Littlefield Texas Relays (Univ/College),2026-04-01,,,,Outdoor,https://www.tfrrs.org/results/94985/5911786/2026_98th_Clyde_Littlefield_Texas_Relays_Univ_College/400-Hurdles,TFRRS all_performances
"Scales, Emmi",Kentucky,SEC,400H,2026,3,,,58.17,seconds,2026 98th Clyde Littlefield Texas Relays (Univ/College),2026-04-01,,,,Outdoor,https://www.tfrrs.org/results/94985/5911786/2026_98th_Clyde_Littlefield_Texas_Relays_Univ_College/400-Hurdles,TFRRS all_performances
"Hoo, Kahalia",Kentucky,SEC,400H,2026,1,,,1:01.90,seconds,Tennessee Invite,2026-04-10,,,,Outdoor,https://www.tfrrs.org/results/95672/5932049/Tennessee_Invite/400-Hurdles,TFRRS all_performances
"Hoo, Kashia",Kentucky,SEC,400H,2026,1,,,1:00.97,seconds,Tennessee Invite,2026-04-10,,,,Outdoor,https://www.tfrrs.org/results/95672/5932049/Tennessee_Invite/400-Hurdles,TFRRS all_performances
"Washington, Alene",Kentucky,SEC,400H,2026,1,,,1:03.42,seconds,Tennessee Invite,2026-04-10,,,,Outdoor,https://www.tfrrs.org/results/95672/5932049/Tennessee_Invite/400-Hurdles,TFRRS all_performances
"Hoo, Kashia",Kentucky,SEC,400H,2026,1,,,59.43,seconds,Tom Jones Memorial,2026-04-16,,,,Outdoor,https://www.tfrrs.org/results/96536/5940567/Tom_Jones_Memorial/400-Hurdles,TFRRS all_performances
"Nyagisera, Vanice Kerubo",Kentucky,SEC,400H,2026,1,,,55.77,seconds,Tom Jones Memorial,2026-04-16,,,,Outdoor,https://www.tfrrs.org/results/96536/5940569/Tom_Jones_Memorial/400-Hurdles,TFRRS all_performances
"Hoo, Kahalia",Kentucky,SEC,400H,2026,1,,,1:02.43,seconds,Jim Green Invitational,2026-05-01,,,,Outdoor,https://www.tfrrs.org/results/96741/5975335/Jim_Green_Invitational/400-Hurdles,TFRRS all_performances
"Hoo, Kashia",Kentucky,SEC,400H,2026,1,,,1:00.92,seconds,Jim Green Invitational,2026-05-01,,,,Outdoor,https://www.tfrrs.org/results/96741/5975335/Jim_Green_Invitational/400-Hurdles,TFRRS all_performances
"Nyagisera, Vanice Kerubo",Kentucky,SEC,400H,2026,1,,,56.01,seconds,Jim Green Invitational,2026-05-01,,,,Outdoor,https://www.tfrrs.org/results/96741/5975335/Jim_Green_Invitational/400-Hurdles,TFRRS all_performances
"Washington, Alene",Kentucky,SEC,400H,2026,1,,,1:02.58,seconds,Jim Green Invitational,2026-05-01,,,,Outdoor,https://www.tfrrs.org/results/96741/5975335/Jim_Green_Invitational/400-Hurdles,TFRRS all_performances
"Hoo, Kashia",Kentucky,SEC,400H,2026,1,,,1:02.63,seconds,SEC Outdoor T&F Championships 2026,2026-05-14,,,,Outdoor,https://www.tfrrs.org/results/96148/6006028/SEC_Outdoor_TF_Championships_2026/400-Hurdles,TFRRS all_performances
"Nyagisera, Vanice Kerubo",Kentucky,SEC,400H,2026,1,,,55.12,seconds,SEC Outdoor T&F Championships 2026,2026-05-14,,,,Outdoor,https://www.tfrrs.org/results/96148/6006028/SEC_Outdoor_TF_Championships_2026/400-Hurdles,TFRRS all_performances
"Nyagisera, Vanice Kerubo",Kentucky,SEC,400H,2026,1,,,56.21,seconds,SEC Outdoor T&F Championships 2026,2026-05-14,,,,Outdoor,https://www.tfrrs.org/results/96148/6006028/SEC_Outdoor_TF_Championships_2026/400-Hurdles,TFRRS all_performances
"Nyagisera, Vanice Kerubo",Kentucky,SEC,400H,2026,1,,,55.13,seconds,NCAA Division I East First Rounds,2026-05-27,,,,Outdoor,https://www.tfrrs.org/results/96716/6004574/NCAA_Division_I_East_First_Rounds/400-Hurdles,TFRRS all_performances
"Nyagisera, Vanice Kerubo",Kentucky,SEC,400H,2026,1,,,55.42,seconds,NCAA Division I East First Rounds,2026-05-27,,,,Outdoor,https://www.tfrrs.org/results/96716/6004574/NCAA_Division_I_East_First_Rounds/400-Hurdles,TFRRS all_performances
"Nyagisera, Vanice Kerubo",Kentucky,SEC,400H,2026,1,,,55.41,seconds,NCAA Division I Outdoor Track & Field Championships,2026-06-10,,,,Outdoor,https://www.tfrrs.org/results/96875/6005720/NCAA_Division_I_Outdoor_Track__Field_Championships/400-Hurdles,TFRRS all_performances
"Nyagisera, Vanice Kerubo",Kentucky,SEC,400H,2026,1,,,55.45,seconds,NCAA Division I Outdoor Track & Field Championships,2026-06-10,,,,Outdoor,https://www.tfrrs.org/results/96875/6005720/NCAA_Division_I_Outdoor_Track__Field_Championships/400-Hurdles,TFRRS all_performances
"Harrington-Spain, Kyndall",South Carolina,SEC,400H,2026,1,,,58.32,seconds,Raleigh Relays,2026-03-26,,,,Outdoor,https://www.tfrrs.org/results/94354/5877106/Raleigh_Relays/400-Hurdles,TFRRS all_performances
"Garrett, Akala",South Carolina,SEC,400H,2026,3,,,54.22,seconds,2026 Pepsi Florida Relays,2026-04-03,,,,Outdoor,https://www.tfrrs.org/results/95329/6002560/2026_Pepsi_Florida_Relays/400-Hurdles,TFRRS all_performances
"Harrington-Spain, Kyndall",South Carolina,SEC,400H,2026,1,,,57.80,seconds,2026 Pepsi Florida Relays,2026-04-03,,,,Outdoor,https://www.tfrrs.org/results/95329/6002560/2026_Pepsi_Florida_Relays/400-Hurdles,TFRRS all_performances
"Garrett, Akala",South Carolina,SEC,400H,2026,3,,,54.46,seconds,Tom Jones Memorial,2026-04-16,,,,Outdoor,https://www.tfrrs.org/results/96536/5940569/Tom_Jones_Memorial/400-Hurdles,TFRRS all_performances
"Harrington-Spain, Kyndall",South Carolina,SEC,400H,2026,1,,,56.94,seconds,Tom Jones Memorial,2026-04-16,,,,Outdoor,https://www.tfrrs.org/results/96536/5940569/Tom_Jones_Memorial/400-Hurdles,TFRRS all_performances
"Garrett, Akala",South Carolina,SEC,400H,2026,3,,,55.36,seconds,2026 East Coast Relays,2026-05-01,,,,Outdoor,https://www.tfrrs.org/results/93606/5982318/2026_East_Coast_Relays/400-Hurdles,TFRRS all_performances
"Harrington-Spain, Kyndall",South Carolina,SEC,400H,2026,1,,,57.45,seconds,2026 East Coast Relays,2026-05-01,,,,Outdoor,https://www.tfrrs.org/results/93606/5982318/2026_East_Coast_Relays/400-Hurdles,TFRRS all_performances
"Garrett, Akala",South Carolina,SEC,400H,2026,3,,,54.02,seconds,SEC Outdoor T&F Championships 2026,2026-05-14,,,,Outdoor,https://www.tfrrs.org/results/96148/6006028/SEC_Outdoor_TF_Championships_2026/400-Hurdles,TFRRS all_performances
"Garrett, Akala",South Carolina,SEC,400H,2026,3,,,55.89,seconds,SEC Outdoor T&F Championships 2026,2026-05-14,,,,Outdoor,https://www.tfrrs.org/results/96148/6006028/SEC_Outdoor_TF_Championships_2026/400-Hurdles,TFRRS all_performances
"Harrington-Spain, Kyndall",South Carolina,SEC,400H,2026,1,,,56.78,seconds,SEC Outdoor T&F Championships 2026,2026-05-14,,,,Outdoor,https://www.tfrrs.org/results/96148/6006028/SEC_Outdoor_TF_Championships_2026/400-Hurdles,TFRRS all_performances
"Harrington-Spain, Kyndall",South Carolina,SEC,400H,2026,1,,,57.68,seconds,SEC Outdoor T&F Championships 2026,2026-05-14,,,,Outdoor,https://www.tfrrs.org/results/96148/6006028/SEC_Outdoor_TF_Championships_2026/400-Hurdles,TFRRS all_performances
"Garrett, Akala",South Carolina,SEC,400H,2026,3,,,53.87,seconds,NCAA Division I East First Rounds,2026-05-27,,,,Outdoor,https://www.tfrrs.org/results/96716/6004574/NCAA_Division_I_East_First_Rounds/400-Hurdles,TFRRS all_performances
"Garrett, Akala",South Carolina,SEC,400H,2026,3,,,56.00,seconds,NCAA Division I East First Rounds,2026-05-27,,,,Outdoor,https://www.tfrrs.org/results/96716/6004574/NCAA_Division_I_East_First_Rounds/400-Hurdles,TFRRS all_performances
"Harrington-Spain, Kyndall",South Carolina,SEC,400H,2026,1,,,55.37,seconds,NCAA Division I East First Rounds,2026-05-27,,,,Outdoor,https://www.tfrrs.org/results/96716/6004574/NCAA_Division_I_East_First_Rounds/400-Hurdles,TFRRS all_performances
"Harrington-Spain, Kyndall",South Carolina,SEC,400H,2026,1,,,57.19,seconds,NCAA Division I East First Rounds,2026-05-27,,,,Outdoor,https://www.tfrrs.org/results/96716/6004574/NCAA_Division_I_East_First_Rounds/400-Hurdles,TFRRS all_performances
"Garrett, Akala",South Carolina,SEC,400H,2026,3,,,53.32,seconds,NCAA Division I Outdoor Track & Field Championships,2026-06-10,,,,Outdoor,https://www.tfrrs.org/results/96875/6005720/NCAA_Division_I_Outdoor_Track__Field_Championships/400-Hurdles,TFRRS all_performances
"Garrett, Akala",South Carolina,SEC,400H,2026,3,,,54.49,seconds,NCAA Division I Outdoor Track & Field Championships,2026-06-10,,,,Outdoor,https://www.tfrrs.org/results/96875/6005720/NCAA_Division_I_Outdoor_Track__Field_Championships/400-Hurdles,TFRRS all_performances
"Harrington-Spain, Kyndall",South Carolina,SEC,400H,2026,1,,,57.84,seconds,NCAA Division I Outdoor Track & Field Championships,2026-06-10,,,,Outdoor,https://www.tfrrs.org/results/96875/6005720/NCAA_Division_I_Outdoor_Track__Field_Championships/400-Hurdles,TFRRS all_performances
