athlete,school,conference,event,season,class_year,birth_date,age_at_meet,performance,unit,meet,meet_date,round,place,wind,indoor_outdoor,source_url,data_status
"Coppin, Tanisha",Clemson,ACC,400m,2016,4,,,54.19,s,Alan Connie Shamrock Invitational,2016-03-17,,,,Outdoor,https://www.tfrrs.org/results/42962/2717476/Alan_Connie_Shamrock_Invitational/400-Meters,TFRRS all_performances
"Farrow, Ersula",Clemson,ACC,400m,2016,1,,,56.17,s,Alan Connie Shamrock Invitational,2016-03-17,,,,Outdoor,https://www.tfrrs.org/results/42962/2717476/Alan_Connie_Shamrock_Invitational/400-Meters,TFRRS all_performances
"James, Olivia",Clemson,ACC,400m,2016,3,,,54.07,s,Alan Connie Shamrock Invitational,2016-03-17,,,,Outdoor,https://www.tfrrs.org/results/42962/2717476/Alan_Connie_Shamrock_Invitational/400-Meters,TFRRS all_performances
"Coppin, Tanisha",Clemson,ACC,400m,2016,4,,,55.40,s,Georgia Tech Yellow Jacket Invitational,2016-03-25,,,,Outdoor,https://www.tfrrs.org/results/44155/2737345/Georgia_Tech_Yellow_Jacket_Invitational/400-Meters,TFRRS all_performances
"James, Olivia",Clemson,ACC,400m,2016,3,,,54.63,s,Georgia Tech Yellow Jacket Invitational,2016-03-25,,,,Outdoor,https://www.tfrrs.org/results/44155/2737345/Georgia_Tech_Yellow_Jacket_Invitational/400-Meters,TFRRS all_performances
"James, Olivia",Clemson,ACC,400m,2016,3,,,54.31,s,Tiger Track Classic,2016-04-08,,,,Outdoor,https://www.tfrrs.org/results/41484/2782480/Tiger_Track_Classic/400-Meters,TFRRS all_performances
"Parrish, Deja",Clemson,ACC,400m,2016,2,,,53.48,s,Tiger Track Classic,2016-04-08,,,,Outdoor,https://www.tfrrs.org/results/41484/2782480/Tiger_Track_Classic/400-Meters,TFRRS all_performances
"James, Olivia",Clemson,ACC,400m,2016,3,,,54.29,s,LSU Alumni Gold,2016-04-23,,,,Outdoor,https://www.tfrrs.org/results/41857/2824999/LSU_Alumni_Gold/400-Meters,TFRRS all_performances
"Parrish, Deja",Clemson,ACC,400m,2016,2,,,53.15,s,LSU Alumni Gold,2016-04-23,,,,Outdoor,https://www.tfrrs.org/results/41857/2824999/LSU_Alumni_Gold/400-Meters,TFRRS all_performances
"James, Olivia",Clemson,ACC,400m,2016,3,,,53.94,s,ACC Championships,2016-05-13,,,,Outdoor,https://www.tfrrs.org/results/46634/2876434/ACC_Championships/400-Meters,TFRRS all_performances
"James, Olivia",Clemson,ACC,400m,2016,3,,,54.12,s,ACC Championships,2016-05-13,,,,Outdoor,https://www.tfrrs.org/results/46634/2876434/ACC_Championships/400-Meters,TFRRS all_performances
"Parrish, Deja",Clemson,ACC,400m,2016,2,,,52.80,s,ACC Championships,2016-05-13,,,,Outdoor,https://www.tfrrs.org/results/46634/2876434/ACC_Championships/400-Meters,TFRRS all_performances
"Parrish, Deja",Clemson,ACC,400m,2016,2,,,52.94,s,ACC Championships,2016-05-13,,,,Outdoor,https://www.tfrrs.org/results/46634/2876434/ACC_Championships/400-Meters,TFRRS all_performances
"James, Olivia",Clemson,ACC,400m,2016,3,,,54.15,s,NCAA Division I - East Preliminary Round,2016-05-26,,,,Outdoor,https://www.tfrrs.org/results/46682/2882927/NCAA_Division_I_-_East_Preliminary_Round/400-Meters,TFRRS all_performances
"Kerr, MacKenzie",Duke,ACC,400m,2016,1,,,55.02,s,Battle of the Blues,2016-04-01,,,,Outdoor,https://www.tfrrs.org/results/45230/2758792/Battle_of_the_Blues/400-Meters,TFRRS all_performances
"Kopp, Madeline",Duke,ACC,400m,2016,3,,,53.55,s,Battle of the Blues,2016-04-01,,,,Outdoor,https://www.tfrrs.org/results/45230/2758792/Battle_of_the_Blues/400-Meters,TFRRS all_performances
"Kerr, MacKenzie",Duke,ACC,400m,2016,1,,,55.00,s,Spec Towns Invitational 2016,2016-04-08,,,,Outdoor,https://www.tfrrs.org/results/42363/2780602/Spec_Towns_Invitational_2016/400-Meters,TFRRS all_performances
"Kopp, Madeline",Duke,ACC,400m,2016,3,,,54.35,s,Spec Towns Invitational 2016,2016-04-08,,,,Outdoor,https://www.tfrrs.org/results/42363/2780602/Spec_Towns_Invitational_2016/400-Meters,TFRRS all_performances
"Price, Madeline",Duke,ACC,400m,2016,2,,,53.70,s,Spec Towns Invitational 2016,2016-04-08,,,,Outdoor,https://www.tfrrs.org/results/42363/2780602/Spec_Towns_Invitational_2016/400-Meters,TFRRS all_performances
"Kerr, MacKenzie",Duke,ACC,400m,2016,2,,,54.83,s,Mt. SAC Relays,2016-04-14,,,,Outdoor,https://www.tfrrs.org/results/45871/2806829/Mt_SAC_Relays/400-Meters,TFRRS all_performances
"Kopp, Madeline",Duke,ACC,400m,2016,4,,,53.89,s,Mt. SAC Relays,2016-04-14,,,,Outdoor,https://www.tfrrs.org/results/45871/2806949/Mt_SAC_Relays/400-Meters,TFRRS all_performances
"Price, Madeline",Duke,ACC,400m,2016,3,,,53.53,s,Mt. SAC Relays,2016-04-14,,,,Outdoor,https://www.tfrrs.org/results/45871/2806829/Mt_SAC_Relays/400-Meters,TFRRS all_performances
"Banks, Anima",Duke,ACC,400m,2016,4,,,55.45,s,Duke Invitational,2016-04-22,,,,Outdoor,https://www.tfrrs.org/results/46101/2826787/Duke_Invitational/400-Meters,TFRRS all_performances
"Kerr, MacKenzie",Duke,ACC,400m,2016,1,,,55.97,s,Duke Invitational,2016-04-22,,,,Outdoor,https://www.tfrrs.org/results/46101/2826787/Duke_Invitational/400-Meters,TFRRS all_performances
"Price, Madeline",Duke,ACC,400m,2016,2,,,53.94,s,Duke Invitational,2016-04-22,,,,Outdoor,https://www.tfrrs.org/results/46101/2826787/Duke_Invitational/400-Meters,TFRRS all_performances
"Kerr, MacKenzie",Duke,ACC,400m,2016,1,,,55.98,s,ACC Championships,2016-05-13,,,,Outdoor,https://www.tfrrs.org/results/46634/2876434/ACC_Championships/400-Meters,TFRRS all_performances
"Kopp, Madeline",Duke,ACC,400m,2016,3,,,53.96,s,ACC Championships,2016-05-13,,,,Outdoor,https://www.tfrrs.org/results/46634/2876434/ACC_Championships/400-Meters,TFRRS all_performances
"Kopp, Madeline",Duke,ACC,400m,2016,3,,,54.29,s,ACC Championships,2016-05-13,,,,Outdoor,https://www.tfrrs.org/results/46634/2876434/ACC_Championships/400-Meters,TFRRS all_performances
"Price, Madeline",Duke,ACC,400m,2016,2,,,53.50,s,ACC Championships,2016-05-13,,,,Outdoor,https://www.tfrrs.org/results/46634/2876434/ACC_Championships/400-Meters,TFRRS all_performances
"Price, Madeline",Duke,ACC,400m,2016,2,,,53.51,s,ACC Championships,2016-05-13,,,,Outdoor,https://www.tfrrs.org/results/46634/2876434/ACC_Championships/400-Meters,TFRRS all_performances
"Kopp, Madeline",Duke,ACC,400m,2016,3,,,53.85,s,NCAA Division I - East Preliminary Round,2016-05-26,,,,Outdoor,https://www.tfrrs.org/results/46682/2882927/NCAA_Division_I_-_East_Preliminary_Round/400-Meters,TFRRS all_performances
"Price, Madeline",Duke,ACC,400m,2016,2,,,52.88,s,NCAA Division I - East Preliminary Round,2016-05-26,,,,Outdoor,https://www.tfrrs.org/results/46682/2882927/NCAA_Division_I_-_East_Preliminary_Round/400-Meters,TFRRS all_performances
"Price, Madeline",Duke,ACC,400m,2016,2,,,53.75,s,NCAA Division I - East Preliminary Round,2016-05-26,,,,Outdoor,https://www.tfrrs.org/results/46682/2882927/NCAA_Division_I_-_East_Preliminary_Round/400-Meters,TFRRS all_performances
"Dorsett, Shaquania",Florida State,ACC,400m,2016,1,,,54.01,s,Rafer Johnson-Jackie Joyner Kersee Invitational,2016-04-09,,,,Outdoor,https://www.tfrrs.org/results/43382/2783982/Rafer_Johnson-Jackie_Joyner_Kersee_Invitational/400-Meters,TFRRS all_performances
"Dorsett, Shaquania",Florida State,ACC,400m,2016,1,,,52.67,s,Seminole Invitational,2016-04-15,,,,Outdoor,https://www.tfrrs.org/results/45850/2803071/Seminole_Invitational/400-Meters,TFRRS all_performances
"Baker, Olivia",Stanford,ACC,400m,2016,2,,,53.49,s,Stanford Invitational,2016-04-01,,,,Outdoor,https://www.tfrrs.org/results/45256/2762457/Stanford_Invitational/400-Meters,TFRRS all_performances
"Mongiovi, Missy",Stanford,ACC,400m,2016,1,,,54.84,s,Stanford Invitational,2016-04-01,,,,Outdoor,https://www.tfrrs.org/results/45256/2762457/Stanford_Invitational/400-Meters,TFRRS all_performances
"Williams, Kristyn",Stanford,ACC,400m,2016,4,,,53.80,s,Stanford Invitational,2016-04-01,,,,Outdoor,https://www.tfrrs.org/results/45256/2762457/Stanford_Invitational/400-Meters,TFRRS all_performances
"Mongiovi, Missy",Stanford,ACC,400m,2016,1,,,55.32,s,The Big Meet -Cal vs. Stanford,2016-04-09,,,,Outdoor,https://www.tfrrs.org/results/45589/2781804/The_Big_Meet_-Cal_vs_Stanford/400-Meters,TFRRS all_performances
"Williams, Kaitlyn",Stanford,ACC,400m,2016,3,,,55.19,s,The Big Meet -Cal vs. Stanford,2016-04-09,,,,Outdoor,https://www.tfrrs.org/results/45589/2781804/The_Big_Meet_-Cal_vs_Stanford/400-Meters,TFRRS all_performances
"Williams, Kristyn",Stanford,ACC,400m,2016,4,,,53.53,s,The Big Meet -Cal vs. Stanford,2016-04-09,,,,Outdoor,https://www.tfrrs.org/results/45589/2781804/The_Big_Meet_-Cal_vs_Stanford/400-Meters,TFRRS all_performances
"Baker, Olivia",Stanford,ACC,400m,2016,2,,,53.17,s,Michael Johnson Classic,2016-04-23,,,,Outdoor,https://www.tfrrs.org/results/45651/2827023/Michael_Johnson_Classic/400-Meters,TFRRS all_performances
Gaby Gayles,Stanford,ACC,400m,2016,,,,53.76,s,Michael Johnson Invitational,2016-04-23,,4,,Outdoor,https://gostanford.com/news/2016/04/24/longtime-relay-record-smashed,legacy_source_needs_review
"Gayles, Gabrielle",Stanford,ACC,400m,2016,2,,,53.76,s,Michael Johnson Classic,2016-04-23,,,,Outdoor,https://www.tfrrs.org/results/45651/2827023/Michael_Johnson_Classic/400-Meters,TFRRS all_performances
"Mongiovi, Missy",Stanford,ACC,400m,2016,1,,,55.84,s,Michael Johnson Classic,2016-04-23,,,,Outdoor,https://www.tfrrs.org/results/45651/2827023/Michael_Johnson_Classic/400-Meters,TFRRS all_performances
"Williams, Kaitlyn",Stanford,ACC,400m,2016,3,,,55.89,s,Michael Johnson Classic,2016-04-23,,,,Outdoor,https://www.tfrrs.org/results/45651/2827023/Michael_Johnson_Classic/400-Meters,TFRRS all_performances
"Williams, Kristyn",Stanford,ACC,400m,2016,4,,,52.99,s,Michael Johnson Classic,2016-04-23,,,,Outdoor,https://www.tfrrs.org/results/45651/2827023/Michael_Johnson_Classic/400-Meters,TFRRS all_performances
"Crunkleton-Wilson, Michaela",Stanford,ACC,400m,2016,2,,,53.82,s,Payton Jordan Invitational,2016-05-01,,,,Outdoor,https://www.tfrrs.org/results/46369/2847826/Payton_Jordan_Invitational/400-Meters,TFRRS all_performances
"Gayles, Gabrielle",Stanford,ACC,400m,2016,2,,,53.59,s,Payton Jordan Invitational,2016-05-01,,,,Outdoor,https://www.tfrrs.org/results/46369/2847826/Payton_Jordan_Invitational/400-Meters,TFRRS all_performances
"Mongiovi, Missy",Stanford,ACC,400m,2016,1,,,55.15,s,Payton Jordan Invitational,2016-05-01,,,,Outdoor,https://www.tfrrs.org/results/46369/2847826/Payton_Jordan_Invitational/400-Meters,TFRRS all_performances
"Shepard, Karina",Stanford,ACC,400m,2016,1,,,1:00.14,s,Payton Jordan Invitational,2016-05-01,,,,Outdoor,https://www.tfrrs.org/results/46369/2847826/Payton_Jordan_Invitational/400-Meters,TFRRS all_performances
"Baker, Olivia",Stanford,ACC,400m,2016,2,,,53.20,s,Pac-12 Outdoor Track & Field Championships,2016-05-14,,,,Outdoor,https://www.tfrrs.org/results/45708/2877289/Pac-12_Outdoor_Track__Field_Championships/400-Meters,TFRRS all_performances
"Baker, Olivia",Stanford,ACC,400m,2016,2,,,54.15,s,Pac-12 Outdoor Track & Field Championships,2016-05-14,,,,Outdoor,https://www.tfrrs.org/results/45708/2877289/Pac-12_Outdoor_Track__Field_Championships/400-Meters,TFRRS all_performances
"Gayles, Gabrielle",Stanford,ACC,400m,2016,2,,,53.91,s,Pac-12 Outdoor Track & Field Championships,2016-05-14,,,,Outdoor,https://www.tfrrs.org/results/45708/2877289/Pac-12_Outdoor_Track__Field_Championships/400-Meters,TFRRS all_performances
"Gayles, Gabrielle",Stanford,ACC,400m,2016,2,,,54.00,s,Pac-12 Outdoor Track & Field Championships,2016-05-14,,,,Outdoor,https://www.tfrrs.org/results/45708/2877289/Pac-12_Outdoor_Track__Field_Championships/400-Meters,TFRRS all_performances
"Mongiovi, Missy",Stanford,ACC,400m,2016,1,,,56.15,s,Pac-12 Outdoor Track & Field Championships,2016-05-14,,,,Outdoor,https://www.tfrrs.org/results/45708/2877289/Pac-12_Outdoor_Track__Field_Championships/400-Meters,TFRRS all_performances
"Williams, Kaitlyn",Stanford,ACC,400m,2016,3,,,55.50,s,Pac-12 Outdoor Track & Field Championships,2016-05-14,,,,Outdoor,https://www.tfrrs.org/results/45708/2877289/Pac-12_Outdoor_Track__Field_Championships/400-Meters,TFRRS all_performances
"Williams, Kristyn",Stanford,ACC,400m,2016,4,,,53.70,s,Pac-12 Outdoor Track & Field Championships,2016-05-14,,,,Outdoor,https://www.tfrrs.org/results/45708/2877289/Pac-12_Outdoor_Track__Field_Championships/400-Meters,TFRRS all_performances
"Williams, Kristyn",Stanford,ACC,400m,2016,4,,,54.00,s,Pac-12 Outdoor Track & Field Championships,2016-05-14,,,,Outdoor,https://www.tfrrs.org/results/45708/2877289/Pac-12_Outdoor_Track__Field_Championships/400-Meters,TFRRS all_performances
"Gayles, Gabrielle",Stanford,ACC,400m,2016,2,,,54.80,s,NCAA Division I - West Preliminary Round,2016-05-26,,,,Outdoor,https://www.tfrrs.org/results/46681/2882658/NCAA_Division_I_-_West_Preliminary_Round/400-Meters,TFRRS all_performances
"Williams, Kristyn",Stanford,ACC,400m,2016,4,,,54.19,s,NCAA Division I - West Preliminary Round,2016-05-26,,,,Outdoor,https://www.tfrrs.org/results/46681/2882658/NCAA_Division_I_-_West_Preliminary_Round/400-Meters,TFRRS all_performances
"Brickhill, Micah",Virginia,ACC,400m,2016,3,,,59.67,s,2016 Fred Hardy Invitational,2016-03-25,,,,Outdoor,https://www.tfrrs.org/results/42673/2737966/2016_Fred_Hardy_Invitational/400-Meters,TFRRS all_performances
"Naibe-Wey, Aisha",Virginia,ACC,400m,2016,4,,,55.75,s,2016 Fred Hardy Invitational,2016-03-25,,,,Outdoor,https://www.tfrrs.org/results/42673/2737966/2016_Fred_Hardy_Invitational/400-Meters,TFRRS all_performances
"Ezumah, Chimere",Virginia,ACC,400m,2016,3,,,56.43,s,Virginia Quad Meet,2016-04-08,,,,Outdoor,https://www.tfrrs.org/results/45572/2778496/Virginia_Quad_Meet/400-Meters,TFRRS all_performances
"Hairston, Kiana",Virginia,ACC,400m,2016,2,,,59.63,s,Virginia Quad Meet,2016-04-08,,,,Outdoor,https://www.tfrrs.org/results/45572/2778496/Virginia_Quad_Meet/400-Meters,TFRRS all_performances
"Ezumah, Chimere",Virginia,ACC,400m,2016,3,,,56.32,s,Lou	Onesty/Milton G. Abramson Invitational,2016-04-09,,,,Outdoor,https://www.tfrrs.org/results/45590/2781893/Lou_Onesty_Milton_G_Abramson_Invitational/400-Meters,TFRRS all_performances
"Ezumah, Chimere",Virginia,ACC,400m,2016,3,,,56.31,s,Virginia Challenge,2016-04-22,,,,Outdoor,https://www.tfrrs.org/results/46108/2827880/Virginia_Challenge/400-Meters,TFRRS all_performances
"Ezumah, Chimere",Virginia,ACC,400m,2016,3,,,55.22,s,Radford University Highlander Invitational,2016-04-29,,,,Outdoor,https://www.tfrrs.org/results/45701/2843177/Radford_University_Highlander_Invitational/400-Meters,TFRRS all_performances
"Wright, Andrea",Virginia,ACC,400m,2016,3,,,57.31,s,Radford University Highlander Invitational,2016-04-29,,,,Outdoor,https://www.tfrrs.org/results/45701/2843177/Radford_University_Highlander_Invitational/400-Meters,TFRRS all_performances
"Ezumah, Chimere",Virginia,ACC,400m,2016,3,,,55.70,s,ACC Championships,2016-05-13,,,,Outdoor,https://www.tfrrs.org/results/46634/2876434/ACC_Championships/400-Meters,TFRRS all_performances
"Warren, Katelin",Arizona,Big 12,400m,2016,2,,,56.27,seconds,Willie Williams Classic,2016-03-18,,,,Outdoor,https://www.tfrrs.org/results/43804/2718878/Willie_Williams_Classic/400-Meters,TFRRS all_performances
"Watson, Sage",Arizona,Big 12,400m,2016,3,,,53.02,seconds,Willie Williams Classic,2016-03-18,,,,Outdoor,https://www.tfrrs.org/results/43804/2718878/Willie_Williams_Classic/400-Meters,TFRRS all_performances
"Gray, Jasper",Arizona,Big 12,400m,2016,3,,,56.10,seconds,Jim Bush Collegiate Invitational,2016-03-22,,,,Outdoor,https://www.tfrrs.org/results/43380/2728646/Jim_Bush_Collegiate_Invitational/400-Meters,TFRRS all_performances
"Trevisan, Gia",Arizona,Big 12,400m,2016,3,,,55.58,seconds,Jim Bush Collegiate Invitational,2016-03-22,,,,Outdoor,https://www.tfrrs.org/results/43380/2728646/Jim_Bush_Collegiate_Invitational/400-Meters,TFRRS all_performances
"Struble, Morgan",Arizona,Big 12,400m,2016,4,,,56.07,seconds,Pac-12 vs Big 10 Invitational,2016-03-25,,,,Outdoor,https://www.tfrrs.org/results/44896/2740103/Pac-12_vs_Big_10_Invitational/400-Meters,TFRRS all_performances
"Waggoner, Tatum",Arizona,Big 12,400m,2016,2,,,53.42,seconds,Pac-12 vs Big 10 Invitational,2016-03-25,,,,Outdoor,https://www.tfrrs.org/results/44896/2740103/Pac-12_vs_Big_10_Invitational/400-Meters,TFRRS all_performances
"Watson, Sage",Arizona,Big 12,400m,2016,3,,,52.20,seconds,Pac-12 vs Big 10 Invitational,2016-03-25,,,,Outdoor,https://www.tfrrs.org/results/44896/2740103/Pac-12_vs_Big_10_Invitational/400-Meters,TFRRS all_performances
"Gray, Jasper",Arizona,Big 12,400m,2016,3,,,54.28,seconds,Jim Click Shootout,2016-04-09,,,,Outdoor,https://www.tfrrs.org/results/44804/2781516/Jim_Click_Shootout/400-Meters,TFRRS all_performances
"Trevisan, Gia",Arizona,Big 12,400m,2016,3,,,54.23,seconds,Jim Click Shootout,2016-04-09,,,,Outdoor,https://www.tfrrs.org/results/44804/2781516/Jim_Click_Shootout/400-Meters,TFRRS all_performances
"Waggoner, Tatum",Arizona,Big 12,400m,2016,2,,,52.52,seconds,Jim Click Shootout,2016-04-09,,,,Outdoor,https://www.tfrrs.org/results/44804/2781516/Jim_Click_Shootout/400-Meters,TFRRS all_performances
"Gray, Jasper",Arizona,Big 12,400m,2016,3,,,55.11,seconds,LSU Alumni Gold,2016-04-23,,,,Outdoor,https://www.tfrrs.org/results/41857/2824985/LSU_Alumni_Gold/400-Meters,TFRRS all_performances
"Trevisan, Gia",Arizona,Big 12,400m,2016,3,,,54.82,seconds,LSU Alumni Gold,2016-04-23,,,,Outdoor,https://www.tfrrs.org/results/41857/2824999/LSU_Alumni_Gold/400-Meters,TFRRS all_performances
"Gray, Jasper",Arizona,Big 12,400m,2016,3,,,54.34,seconds,2016 Duel in the Desert,2016-04-30,,,,Outdoor,https://www.tfrrs.org/results/45969/2845940/2016_Duel_in_the_Desert/400-Meters,TFRRS all_performances
"Trevisan, Gia",Arizona,Big 12,400m,2016,3,,,53.28,seconds,2016 Duel in the Desert,2016-04-30,,,,Outdoor,https://www.tfrrs.org/results/45969/2845940/2016_Duel_in_the_Desert/400-Meters,TFRRS all_performances
"Watson, Sage",Arizona,Big 12,400m,2016,3,,,52.01,seconds,2016 Duel in the Desert,2016-04-30,,,,Outdoor,https://www.tfrrs.org/results/45969/2845940/2016_Duel_in_the_Desert/400-Meters,TFRRS all_performances
"Gray, Jasper",Arizona,Big 12,400m,2016,3,,,55.75,seconds,Pac-12 Outdoor Track & Field Championships,2016-05-14,,,,Outdoor,https://www.tfrrs.org/results/45708/2877289/Pac-12_Outdoor_Track__Field_Championships/400-Meters,TFRRS all_performances
"Trevisan, Gia",Arizona,Big 12,400m,2016,3,,,54.64,seconds,Pac-12 Outdoor Track & Field Championships,2016-05-14,,,,Outdoor,https://www.tfrrs.org/results/45708/2877289/Pac-12_Outdoor_Track__Field_Championships/400-Meters,TFRRS all_performances
"Trevisan, Gia",Arizona,Big 12,400m,2016,3,,,54.88,seconds,Pac-12 Outdoor Track & Field Championships,2016-05-14,,,,Outdoor,https://www.tfrrs.org/results/45708/2877289/Pac-12_Outdoor_Track__Field_Championships/400-Meters,TFRRS all_performances
"Gray, Jasper",Arizona,Big 12,400m,2016,3,,,56.17,seconds,NCAA Division I - West Preliminary Round,2016-05-26,,,,Outdoor,https://www.tfrrs.org/results/46681/2882658/NCAA_Division_I_-_West_Preliminary_Round/400-Meters,TFRRS all_performances
"Trevisan, Gia",Arizona,Big 12,400m,2016,3,,,54.84,seconds,NCAA Division I - West Preliminary Round,2016-05-26,,,,Outdoor,https://www.tfrrs.org/results/46681/2882658/NCAA_Division_I_-_West_Preliminary_Round/400-Meters,TFRRS all_performances
"Thomas, Diamond",BYU,Big 12,400m,2016,3,,,56.72,seconds,Trojan Invitational,2016-03-18,,,,Outdoor,https://www.tfrrs.org/results/44543/2718373/Trojan_Invitational/400-Meters,TFRRS all_performances
"Hedgepeth, Christina",BYU,Big 12,400m,2016,2,,,57.83,seconds,38th Annual Aztec Invitational,2016-03-24,,,,Outdoor,https://www.tfrrs.org/results/44888/2739014/38th_Annual_Aztec_Invitational/400-Meters,TFRRS all_performances
"Johnson, Treana",BYU,Big 12,400m,2016,4,,,59.23,seconds,38th Annual Aztec Invitational,2016-03-24,,,,Outdoor,https://www.tfrrs.org/results/44888/2739014/38th_Annual_Aztec_Invitational/400-Meters,TFRRS all_performances
"Thomas, Diamond",BYU,Big 12,400m,2016,3,,,57.84,seconds,38th Annual Aztec Invitational,2016-03-24,,,,Outdoor,https://www.tfrrs.org/results/44888/2739014/38th_Annual_Aztec_Invitational/400-Meters,TFRRS all_performances
"Berry, Kensey",BYU,Big 12,400m,2016,4,,,56.32,seconds,2016 UVU Collegiate Invite,2016-04-01,,,,Outdoor,https://www.tfrrs.org/results/45215/2762374/2016_UVU_Collegiate_Invite/400-Meters,TFRRS all_performances
"Berry, Kensey",BYU,Big 12,400m,2016,4,,,57.86,seconds,2016 Mesa Classic,2016-04-08,,,,Outdoor,https://www.tfrrs.org/results/43672/2782420/2016_Mesa_Classic/400-Meters,TFRRS all_performances
"Amadu, Friddaus",BYU,Big 12,400m,2016,1,,,59.45,seconds,2016 Wildcat Outdoor Open,2016-04-09,,,,Outdoor,https://www.tfrrs.org/results/44670/2781178/2016_Wildcat_Outdoor_Open/400-Meters,TFRRS all_performances
"Ellsworth, Lauren",BYU,Big 12,400m,2016,1,,,56.13,seconds,2016 BYU Robison Invitational,2016-04-21,,,,Outdoor,https://www.tfrrs.org/results/46095/2832449/2016_BYU_Robison_Invitational/400-Meters,TFRRS all_performances
"Hedgepeth, Christina",BYU,Big 12,400m,2016,2,,,58.26,seconds,Weber State Twilight Meet 2016,2016-05-04,,,,Outdoor,https://www.tfrrs.org/results/45923/2855406/Weber_State_Twilight_Meet_2016/400-Meters,TFRRS all_performances
"Thomas, Diamond",BYU,Big 12,400m,2016,3,,,57.15,seconds,Weber State Twilight Meet 2016,2016-05-04,,,,Outdoor,https://www.tfrrs.org/results/45923/2855406/Weber_State_Twilight_Meet_2016/400-Meters,TFRRS all_performances
"Collinsworth, Shea",BYU,Big 12,400m,2016,3,,,53.45,seconds,2016 Oxy Invitational (College/University),2016-05-07,,,,Outdoor,https://www.tfrrs.org/results/41646/2864458/2016_Oxy_Invitational_College_University/400-Meters,TFRRS all_performances
"Lindsey, Kaitlynn",Baylor,Big 12,400m,2016,2,,,58.12,seconds,TCU Invitational,2016-03-17,,,,Outdoor,https://www.tfrrs.org/results/43159/2715443/TCU_Invitational_/400-Meters,TFRRS all_performances
"Lindsey, Kaitlynn",Baylor,Big 12,400m,2016,2,,,59.43,seconds,Ricardo Romo Invitational,2016-03-24,,,,Outdoor,https://www.tfrrs.org/results/42920/2739235/Ricardo_Romo_Invitational/400-Meters,TFRRS all_performances
"Hawn, Kiana",Baylor,Big 12,400m,2016,2,,,55.05,seconds,2016 Baylor Invitational,2016-04-09,,,,Outdoor,https://www.tfrrs.org/results/44371/2782931/2016_Baylor_Invitational/400-Meters,TFRRS all_performances
"Lindsey, Kaitlynn",Baylor,Big 12,400m,2016,2,,,57.12,seconds,2016 Baylor Invitational,2016-04-09,,,,Outdoor,https://www.tfrrs.org/results/44371/2782931/2016_Baylor_Invitational/400-Meters,TFRRS all_performances
"Lindsey, Kaitlynn",Baylor,Big 12,400m,2016,2,,,56.92,seconds,Michael Johnson Classic,2016-04-23,,,,Outdoor,https://www.tfrrs.org/results/45651/2827023/Michael_Johnson_Classic/400-Meters,TFRRS all_performances
"Fields, Ashley",Baylor,Big 12,400m,2016,3,,,57.50,seconds,Longhorn Invitational,2016-05-07,,,,Outdoor,https://www.tfrrs.org/results/45303/2862252/Longhorn_Invitational/400-Meters,TFRRS all_performances
"Fields, Ashley",Baylor,Big 12,400m,2016,3,,,55.84,seconds,Big 12 Outdoor Track & Field Championships,2016-05-13,,,,Outdoor,https://www.tfrrs.org/results/45751/2876779/Big_12_Outdoor_Track__Field_Championships/400-Meters,TFRRS all_performances
"Lindsey, Kaitlynn",Baylor,Big 12,400m,2016,2,,,59.01,seconds,Big 12 Outdoor Track & Field Championships,2016-05-13,,,,Outdoor,https://www.tfrrs.org/results/45751/2876779/Big_12_Outdoor_Track__Field_Championships/400-Meters,TFRRS all_performances
"Whigham, Emma",Iowa State,Big 12,400m,2016,1,,,56.57,seconds,Stanford Invitational,2016-04-01,,,,Outdoor,https://www.tfrrs.org/results/45256/2762457/Stanford_Invitational/400-Meters,TFRRS all_performances
"Gonzalez, Alyssa",Iowa State,Big 12,400m,2016,4,,,55.77,seconds,2016 Jim Duncan Invitational,2016-04-15,,,,Outdoor,https://www.tfrrs.org/results/45854/2804202/2016_Jim_Duncan_Invitational/400-Meters,TFRRS all_performances
"Staebler, Jasmine",Iowa State,Big 12,400m,2016,1,,,56.21,seconds,2016 Jim Duncan Invitational,2016-04-15,,,,Outdoor,https://www.tfrrs.org/results/45854/2804202/2016_Jim_Duncan_Invitational/400-Meters,TFRRS all_performances
"Feist, Jacqueline",Iowa State,Big 12,400m,2016,1,,,1:00.81,seconds,Musco Twilight,2016-04-23,,,,Outdoor,https://www.tfrrs.org/results/46100/2826757/Musco_Twilight/400-Meters,TFRRS all_performances
"Osa, God'stime",Texas Tech,Big 12,400m,2016,1,,,57.95,seconds,TCU Invitational,2016-03-17,,,,Outdoor,https://www.tfrrs.org/results/43159/2715443/TCU_Invitational_/400-Meters,TFRRS all_performances
"Limp, Sara",Texas Tech,Big 12,400m,2016,1,,,53.99,seconds,Texas Tech Open,2016-03-24,,,,Outdoor,https://www.tfrrs.org/results/44315/2733605/Texas_Tech_Open/400-Meters,TFRRS all_performances
"Parker, Adria",Texas Tech,Big 12,400m,2016,3,,,57.19,seconds,Texas Tech Open,2016-03-24,,,,Outdoor,https://www.tfrrs.org/results/44315/2733605/Texas_Tech_Open/400-Meters,TFRRS all_performances
"Rockwell, Taylor",Texas Tech,Big 12,400m,2016,1,,,55.74,seconds,Texas Tech Open,2016-03-24,,,,Outdoor,https://www.tfrrs.org/results/44315/2733605/Texas_Tech_Open/400-Meters,TFRRS all_performances
"Smith, Maygen",Texas Tech,Big 12,400m,2016,1,,,56.96,seconds,Texas Tech Open,2016-03-24,,,,Outdoor,https://www.tfrrs.org/results/44315/2733605/Texas_Tech_Open/400-Meters,TFRRS all_performances
"Limp, Sara",Texas Tech,Big 12,400m,2016,1,,,56.64,seconds,ACU Wes Kittley Invitational,2016-04-09,,,,Outdoor,https://www.tfrrs.org/results/43861/2782248/ACU_Wes_Kittley_Invitational/400-Meters,TFRRS all_performances
"Osa, God'stime",Texas Tech,Big 12,400m,2016,1,,,1:04.04,seconds,ACU Wes Kittley Invitational,2016-04-09,,,,Outdoor,https://www.tfrrs.org/results/43861/2782248/ACU_Wes_Kittley_Invitational/400-Meters,TFRRS all_performances
"Parker, Adria",Texas Tech,Big 12,400m,2016,3,,,56.83,seconds,Michael Johnson Classic,2016-04-23,,,,Outdoor,https://www.tfrrs.org/results/45651/2827023/Michael_Johnson_Classic/400-Meters,TFRRS all_performances
"Rockwell, Taylor",Texas Tech,Big 12,400m,2016,1,,,56.55,seconds,Michael Johnson Classic,2016-04-23,,,,Outdoor,https://www.tfrrs.org/results/45651/2827023/Michael_Johnson_Classic/400-Meters,TFRRS all_performances
"Landry, Lauren",Texas Tech,Big 12,400m,2016,1,,,57.97,seconds,Texas Tech Masked Rider Open,2016-05-06,,,,Outdoor,https://www.tfrrs.org/results/44317/2860164/Texas_Tech_Masked_Rider_Open/400-Meters,TFRRS all_performances
"Osa, God'stime",Texas Tech,Big 12,400m,2016,1,,,59.25,seconds,Texas Tech Masked Rider Open,2016-05-06,,,,Outdoor,https://www.tfrrs.org/results/44317/2860164/Texas_Tech_Masked_Rider_Open/400-Meters,TFRRS all_performances
"Rockwell, Taylor",Texas Tech,Big 12,400m,2016,1,,,55.38,seconds,Texas Tech Masked Rider Open,2016-05-06,,,,Outdoor,https://www.tfrrs.org/results/44317/2860164/Texas_Tech_Masked_Rider_Open/400-Meters,TFRRS all_performances
"Smith, Maygen",Texas Tech,Big 12,400m,2016,1,,,55.02,seconds,Texas Tech Masked Rider Open,2016-05-06,,,,Outdoor,https://www.tfrrs.org/results/44317/2860164/Texas_Tech_Masked_Rider_Open/400-Meters,TFRRS all_performances
"Limp, Sara",Texas Tech,Big 12,400m,2016,1,,,54.37,seconds,Big 12 Outdoor Track & Field Championships,2016-05-13,,,,Outdoor,https://www.tfrrs.org/results/45751/2876779/Big_12_Outdoor_Track__Field_Championships/400-Meters,TFRRS all_performances
"Limp, Sara",Texas Tech,Big 12,400m,2016,1,,,54.62,seconds,Big 12 Outdoor Track & Field Championships,2016-05-13,,,,Outdoor,https://www.tfrrs.org/results/45751/2876779/Big_12_Outdoor_Track__Field_Championships/400-Meters,TFRRS all_performances
"Parker, Adria",Texas Tech,Big 12,400m,2016,3,,,56.30,seconds,Big 12 Outdoor Track & Field Championships,2016-05-13,,,,Outdoor,https://www.tfrrs.org/results/45751/2876779/Big_12_Outdoor_Track__Field_Championships/400-Meters,TFRRS all_performances
"Rockwell, Taylor",Texas Tech,Big 12,400m,2016,1,,,56.56,seconds,Big 12 Outdoor Track & Field Championships,2016-05-13,,,,Outdoor,https://www.tfrrs.org/results/45751/2876779/Big_12_Outdoor_Track__Field_Championships/400-Meters,TFRRS all_performances
"Limp, Sara",Texas Tech,Big 12,400m,2016,1,,,55.66,seconds,NCAA Division I - West Preliminary Round,2016-05-26,,,,Outdoor,https://www.tfrrs.org/results/46681/2882658/NCAA_Division_I_-_West_Preliminary_Round/400-Meters,TFRRS all_performances
"Mehta, Twinkle",Illinois,Big Ten,400m,2016,1,,,58.98,seconds,Vanderbilt Black and Gold Invitational,2016-03-25,,,,Outdoor,https://www.tfrrs.org/results/44883/2738371/Vanderbilt_Black_and_Gold_Invitational/400-Meters,TFRRS all_performances
"Rakosnik, Lindsey",Illinois,Big Ten,400m,2016,3,,,57.05,seconds,Vanderbilt Black and Gold Invitational,2016-03-25,,,,Outdoor,https://www.tfrrs.org/results/44883/2738371/Vanderbilt_Black_and_Gold_Invitational/400-Meters,TFRRS all_performances
"Berry, Jasmine",Illinois,Big Ten,400m,2016,2,,,58.85,seconds,EIU Big Blue Classic 2016,2016-03-31,,,,Outdoor,https://www.tfrrs.org/results/45237/2760761/EIU_Big_Blue_Classic_2016/400-Meters,TFRRS all_performances
"Mehta, Twinkle",Illinois,Big Ten,400m,2016,1,,,1:01.13,seconds,EIU Big Blue Classic 2016,2016-03-31,,,,Outdoor,https://www.tfrrs.org/results/45237/2760761/EIU_Big_Blue_Classic_2016/400-Meters,TFRRS all_performances
"Rakosnik, Lindsey",Illinois,Big Ten,400m,2016,3,,,58.86,seconds,EIU Big Blue Classic 2016,2016-03-31,,,,Outdoor,https://www.tfrrs.org/results/45237/2760761/EIU_Big_Blue_Classic_2016/400-Meters,TFRRS all_performances
"Hargrove, Sade",Illinois,Big Ten,400m,2016,1,,,56.59,seconds,Illinois Twilight,2016-04-23,,,,Outdoor,https://www.tfrrs.org/results/42201/2827827/Illinois_Twilight/400-Meters,TFRRS all_performances
"Marry, Miranda",Illinois,Big Ten,400m,2016,2,,,59.58,seconds,Illinois Twilight,2016-04-23,,,,Outdoor,https://www.tfrrs.org/results/42201/2827827/Illinois_Twilight/400-Meters,TFRRS all_performances
"Mehta, Twinkle",Illinois,Big Ten,400m,2016,1,,,58.22,seconds,Illinois Twilight,2016-04-23,,,,Outdoor,https://www.tfrrs.org/results/42201/2827827/Illinois_Twilight/400-Meters,TFRRS all_performances
"Marry, Miranda",Illinois,Big Ten,400m,2016,2,,,59.19,seconds,Illini Open,2016-05-04,,,,Outdoor,https://www.tfrrs.org/results/44528/2855306/Illini_Open/400-Meters,TFRRS all_performances
"Mehta, Twinkle",Illinois,Big Ten,400m,2016,1,,,59.90,seconds,Illini Open,2016-05-04,,,,Outdoor,https://www.tfrrs.org/results/44528/2855306/Illini_Open/400-Meters,TFRRS all_performances
"Hargrove, Sade",Illinois,Big Ten,400m,2016,1,,,57.14,seconds,Big Ten Conference Outdoor Track & Field Championships,2016-05-13,,,,Outdoor,https://www.tfrrs.org/results/45804/2876225/Big_Ten_Conference_Outdoor_Track__Field_Championships/400-Meters,TFRRS all_performances
"Pahlitzsch, Karolina",Nebraska,Big Ten,400m,2016,2,,,55.51,seconds,Pac-12 vs Big 10 Invitational,2016-03-25,,,,Outdoor,https://www.tfrrs.org/results/44896/2740103/Pac-12_vs_Big_10_Invitational/400-Meters,TFRRS all_performances
"Barge, Jasmine",Nebraska,Big Ten,400m,2016,1,,,56.54,seconds,2016 Husker Spring Invitational,2016-04-09,,,,Outdoor,https://www.tfrrs.org/results/42046/2782145/2016_Husker_Spring_Invitational/400-Meters,TFRRS all_performances
"Oak, Lexie",Nebraska,Big Ten,400m,2016,3,,,1:00.65,seconds,2016 Husker Spring Invitational,2016-04-09,,,,Outdoor,https://www.tfrrs.org/results/42046/2782145/2016_Husker_Spring_Invitational/400-Meters,TFRRS all_performances
"Duncan, Chantal",Nebraska,Big Ten,400m,2016,4,,,55.01,seconds,Texas Invitational,2016-04-16,,,,Outdoor,https://www.tfrrs.org/results/45298/2804124/Texas_Invitational/400-Meters,TFRRS all_performances
"Duncan, Chantal",Nebraska,Big Ten,400m,2016,4,,,55.68,seconds,Kansas Relays,2016-04-20,,,,Outdoor,https://www.tfrrs.org/results/46104/2827453/Kansas_Relays/400-Meters,TFRRS all_performances
"Pahlitzsch, Karolina",Nebraska,Big Ten,400m,2016,2,,,55.53,seconds,Kansas Relays,2016-04-20,,,,Outdoor,https://www.tfrrs.org/results/46104/2827453/Kansas_Relays/400-Meters,TFRRS all_performances
"Woitzel, Morgan",Nebraska,Big Ten,400m,2016,3,,,56.68,seconds,2016 Nebraska Invitational,2016-05-07,,,,Outdoor,https://www.tfrrs.org/results/42048/2863287/2016_Nebraska_Invitational/400-Meters,TFRRS all_performances
"Duncan, Chantal",Nebraska,Big Ten,400m,2016,4,,,55.65,seconds,Big Ten Conference Outdoor Track & Field Championships,2016-05-13,,,,Outdoor,https://www.tfrrs.org/results/45804/2876225/Big_Ten_Conference_Outdoor_Track__Field_Championships/400-Meters,TFRRS all_performances
"Woitzel, Morgan",Nebraska,Big Ten,400m,2016,3,,,56.17,seconds,Big Ten Conference Outdoor Track & Field Championships,2016-05-13,,,,Outdoor,https://www.tfrrs.org/results/45804/2876225/Big_Ten_Conference_Outdoor_Track__Field_Championships/400-Meters,TFRRS all_performances
"Horsley, Ashante",Oregon,Big Ten,400m,2016,3,,,54.22,seconds,Willie Williams Classic,2016-03-18,,,,Outdoor,https://www.tfrrs.org/results/43804/2718878/Willie_Williams_Classic/400-Meters,TFRRS all_performances
"Jackson, Khadejah",Oregon,Big Ten,400m,2016,1,,,59.35,seconds,Willie Williams Classic,2016-03-18,,,,Outdoor,https://www.tfrrs.org/results/43804/2718878/Willie_Williams_Classic/400-Meters,TFRRS all_performances
"Rogers, Raevyn",Oregon,Big Ten,400m,2016,2,,,52.30,seconds,Willie Williams Classic,2016-03-18,,,,Outdoor,https://www.tfrrs.org/results/43804/2718878/Willie_Williams_Classic/400-Meters,TFRRS all_performances
"Feldmeier, Brooke",Oregon,Big Ten,400m,2016,2,,,55.36,seconds,Pepsi Invitational,2016-04-09,,,,Outdoor,https://www.tfrrs.org/results/43371/2781357/Pepsi_Invitational/400-Meters,TFRRS all_performances
"Horsley, Ashante",Oregon,Big Ten,400m,2016,3,,,54.67,seconds,Pepsi Invitational,2016-04-09,,,,Outdoor,https://www.tfrrs.org/results/43371/2781357/Pepsi_Invitational/400-Meters,TFRRS all_performances
"Horsley, Ashante",Oregon,Big Ten,400m,2016,3,,,54.89,seconds,Oregon Relays,2016-04-15,,,,Outdoor,https://www.tfrrs.org/results/43373/2806339/Oregon_Relays/400-Meters,TFRRS all_performances
"Horsley, Ashante",Oregon,Big Ten,400m,2016,3,,,53.82,seconds,Pac-12 Outdoor Track & Field Championships,2016-05-14,,,,Outdoor,https://www.tfrrs.org/results/45708/2877289/Pac-12_Outdoor_Track__Field_Championships/400-Meters,TFRRS all_performances
"Horsley, Ashante",Oregon,Big Ten,400m,2016,3,,,54.75,seconds,Pac-12 Outdoor Track & Field Championships,2016-05-14,,,,Outdoor,https://www.tfrrs.org/results/45708/2877289/Pac-12_Outdoor_Track__Field_Championships/400-Meters,TFRRS all_performances
"Horsley, Ashante",Oregon,Big Ten,400m,2016,3,,,54.20,seconds,NCAA Division I - West Preliminary Round,2016-05-26,,,,Outdoor,https://www.tfrrs.org/results/46681/2882658/NCAA_Division_I_-_West_Preliminary_Round/400-Meters,TFRRS all_performances
"Pettigrew, Cameron",USC,Big Ten,400m,2016,3,,,54.97,seconds,Trojan Invitational,2016-03-18,,,,Outdoor,https://www.tfrrs.org/results/44543/2718373/Trojan_Invitational/400-Meters,TFRRS all_performances
"Ellis, Kendall",USC,Big Ten,400m,2016,2,,,52.45,seconds,Power Conference Cardinal & Gold,2016-03-25,,,,Outdoor,https://www.tfrrs.org/results/44866/2738943/Power_Conference_Cardinal__Gold/400-Meters,TFRRS all_performances
"Pettigrew, Cameron",USC,Big Ten,400m,2016,3,,,54.79,seconds,Power Conference Cardinal & Gold,2016-03-25,,,,Outdoor,https://www.tfrrs.org/results/44866/2738943/Power_Conference_Cardinal__Gold/400-Meters,TFRRS all_performances
"Stepter, Jaide",USC,Big Ten,400m,2016,4,,,50.91,seconds,Power Conference Cardinal & Gold,2016-03-25,,,,Outdoor,https://www.tfrrs.org/results/44866/2738943/Power_Conference_Cardinal__Gold/400-Meters,TFRRS all_performances
"Pettigrew, Cameron",USC,Big Ten,400m,2016,3,,,54.84,seconds,California Collegiate Invitational,2016-04-02,,,,Outdoor,https://www.tfrrs.org/results/43934/2760520/California_Collegiate_Invitational/400-Meters,TFRRS all_performances
"Pettigrew, Cameron",USC,Big Ten,400m,2016,3,,,54.98,seconds,Pepsi Invitational,2016-04-09,,,,Outdoor,https://www.tfrrs.org/results/43371/2781357/Pepsi_Invitational/400-Meters,TFRRS all_performances
"Ellis, Kendall",USC,Big Ten,400m,2016,3,,,51.82,seconds,Mt. SAC Relays,2016-04-14,,,,Outdoor,https://www.tfrrs.org/results/45871/2806949/Mt_SAC_Relays/400-Meters,TFRRS all_performances
"Pettigrew, Cameron",USC,Big Ten,400m,2016,4,,,54.58,seconds,Mt. SAC Relays,2016-04-14,,,,Outdoor,https://www.tfrrs.org/results/45871/2806829/Mt_SAC_Relays/400-Meters,TFRRS all_performances
"Ellis, Kendall",USC,Big Ten,400m,2016,2,,,52.75,seconds,UCLA vs. USC Dual Meet,2016-05-01,,,,Outdoor,https://www.tfrrs.org/results/43384/2847254/UCLA_vs_USC_Dual_Meet/400-Meters,TFRRS all_performances
"Pettigrew, Cameron",USC,Big Ten,400m,2016,3,,,53.78,seconds,UCLA vs. USC Dual Meet,2016-05-01,,,,Outdoor,https://www.tfrrs.org/results/43384/2847254/UCLA_vs_USC_Dual_Meet/400-Meters,TFRRS all_performances
"Stepter, Jaide",USC,Big Ten,400m,2016,4,,,51.82,seconds,UCLA vs. USC Dual Meet,2016-05-01,,,,Outdoor,https://www.tfrrs.org/results/43384/2847254/UCLA_vs_USC_Dual_Meet/400-Meters,TFRRS all_performances
"Ellis, Kendall",USC,Big Ten,400m,2016,2,,,53.56,seconds,Pac-12 Outdoor Track & Field Championships,2016-05-14,,,,Outdoor,https://www.tfrrs.org/results/45708/2877289/Pac-12_Outdoor_Track__Field_Championships/400-Meters,TFRRS all_performances
"Ellis, Kendall",USC,Big Ten,400m,2016,2,,,54.11,seconds,Pac-12 Outdoor Track & Field Championships,2016-05-14,,,,Outdoor,https://www.tfrrs.org/results/45708/2877289/Pac-12_Outdoor_Track__Field_Championships/400-Meters,TFRRS all_performances
"Pettigrew, Cameron",USC,Big Ten,400m,2016,3,,,53.62,seconds,Pac-12 Outdoor Track & Field Championships,2016-05-14,,,,Outdoor,https://www.tfrrs.org/results/45708/2877289/Pac-12_Outdoor_Track__Field_Championships/400-Meters,TFRRS all_performances
"Pettigrew, Cameron",USC,Big Ten,400m,2016,3,,,54.40,seconds,Pac-12 Outdoor Track & Field Championships,2016-05-14,,,,Outdoor,https://www.tfrrs.org/results/45708/2877289/Pac-12_Outdoor_Track__Field_Championships/400-Meters,TFRRS all_performances
"Ellis, Kendall",USC,Big Ten,400m,2016,2,,,52.91,seconds,NCAA Division I - West Preliminary Round,2016-05-26,,,,Outdoor,https://www.tfrrs.org/results/46681/2882658/NCAA_Division_I_-_West_Preliminary_Round/400-Meters,TFRRS all_performances
"Pettigrew, Cameron",USC,Big Ten,400m,2016,3,,,54.38,seconds,NCAA Division I - West Preliminary Round,2016-05-26,,,,Outdoor,https://www.tfrrs.org/results/46681/2882658/NCAA_Division_I_-_West_Preliminary_Round/400-Meters,TFRRS all_performances
"Ellis, Kendall",USC,Big Ten,400m,2016,2,,,52.59,seconds,NCAA Division I Track & Field Championships,2016-06-08,,,,Outdoor,https://www.tfrrs.org/results/46699/2884185/NCAA_Division_I_Track__Field_Championships/400-Meters,TFRRS all_performances
"Birkenfeld, Carolyn",Washington,Big Ten,400m,2016,2,,,56.15,seconds,Pac-12 vs Big 10 Invitational,2016-03-25,,,,Outdoor,https://www.tfrrs.org/results/44896/2740103/Pac-12_vs_Big_10_Invitational/400-Meters,TFRRS all_performances
"Derby, Hannah",Washington,Big Ten,400m,2016,1,,,55.69,seconds,Pac-12 vs Big 10 Invitational,2016-03-25,,,,Outdoor,https://www.tfrrs.org/results/44896/2740103/Pac-12_vs_Big_10_Invitational/400-Meters,TFRRS all_performances
"Ford, Alexis",Washington,Big Ten,400m,2016,4,,,57.03,seconds,Pac-12 vs Big 10 Invitational,2016-03-25,,,,Outdoor,https://www.tfrrs.org/results/44896/2740103/Pac-12_vs_Big_10_Invitational/400-Meters,TFRRS all_performances
"Mires, Baylee",Washington,Big Ten,400m,2016,4,,,56.45,seconds,Pac-12 vs Big 10 Invitational,2016-03-25,,,,Outdoor,https://www.tfrrs.org/results/44896/2740103/Pac-12_vs_Big_10_Invitational/400-Meters,TFRRS all_performances
"Apostol, Imani",Washington,Big Ten,400m,2016,1,,,57.83,seconds,Pepsi Invitational,2016-04-09,,,,Outdoor,https://www.tfrrs.org/results/43371/2781357/Pepsi_Invitational/400-Meters,TFRRS all_performances
"Birkenfeld, Carolyn",Washington,Big Ten,400m,2016,2,,,57.22,seconds,Pepsi Invitational,2016-04-09,,,,Outdoor,https://www.tfrrs.org/results/43371/2781357/Pepsi_Invitational/400-Meters,TFRRS all_performances
"Ford, Alexis",Washington,Big Ten,400m,2016,4,,,57.03,seconds,Pepsi Invitational,2016-04-09,,,,Outdoor,https://www.tfrrs.org/results/43371/2781357/Pepsi_Invitational/400-Meters,TFRRS all_performances
"Birkenfeld, Carolyn",Washington,Big Ten,400m,2016,3,,,56.14,seconds,Mt. SAC Relays,2016-04-14,,,,Outdoor,https://www.tfrrs.org/results/45871/2806829/Mt_SAC_Relays/400-Meters,TFRRS all_performances
"Ford, Alexis",Washington,Big Ten,400m,2016,,,,54.96,seconds,Mt. SAC Relays,2016-04-14,,,,Outdoor,https://www.tfrrs.org/results/45871/2806829/Mt_SAC_Relays/400-Meters,TFRRS all_performances
"Birkenfeld, Carolyn",Washington,Big Ten,400m,2016,2,,,56.73,seconds,Beach Invitational,2016-04-15,,,,Outdoor,https://www.tfrrs.org/results/45870/2809536/Beach_Invitational/400-Meters,TFRRS all_performances
"Ford, Alexis",Washington,Big Ten,400m,2016,4,,,55.31,seconds,Beach Invitational,2016-04-15,,,,Outdoor,https://www.tfrrs.org/results/45870/2809536/Beach_Invitational/400-Meters,TFRRS all_performances
"Apostol, Imani",Washington,Big Ten,400m,2016,1,,,57.68,seconds,WSU-UW Dual Meet,2016-04-23,,,,Outdoor,https://www.tfrrs.org/results/44391/2827765/_WSU-UW_Dual_Meet/400-Meters,TFRRS all_performances
"Birkenfeld, Carolyn",Washington,Big Ten,400m,2016,2,,,55.99,seconds,WSU-UW Dual Meet,2016-04-23,,,,Outdoor,https://www.tfrrs.org/results/44391/2827765/_WSU-UW_Dual_Meet/400-Meters,TFRRS all_performances
"Derby, Hannah",Washington,Big Ten,400m,2016,1,,,55.63,seconds,WSU-UW Dual Meet,2016-04-23,,,,Outdoor,https://www.tfrrs.org/results/44391/2827765/_WSU-UW_Dual_Meet/400-Meters,TFRRS all_performances
"Ford, Alexis",Washington,Big Ten,400m,2016,4,,,57.12,seconds,WSU-UW Dual Meet,2016-04-23,,,,Outdoor,https://www.tfrrs.org/results/44391/2827765/_WSU-UW_Dual_Meet/400-Meters,TFRRS all_performances
"Apostol, Imani",Washington,Big Ten,400m,2016,1,,,56.36,seconds,Ken Shannon Invitational,2016-04-30,,,,Outdoor,https://www.tfrrs.org/results/44401/2844574/Ken_Shannon_Invitational/400-Meters,TFRRS all_performances
"Birkenfeld, Carolyn",Washington,Big Ten,400m,2016,2,,,56.01,seconds,Ken Shannon Invitational,2016-04-30,,,,Outdoor,https://www.tfrrs.org/results/44401/2844574/Ken_Shannon_Invitational/400-Meters,TFRRS all_performances
"Ford, Alexis",Washington,Big Ten,400m,2016,4,,,55.42,seconds,Ken Shannon Invitational,2016-04-30,,,,Outdoor,https://www.tfrrs.org/results/44401/2844574/Ken_Shannon_Invitational/400-Meters,TFRRS all_performances
"Birkenfeld, Carolyn",Washington,Big Ten,400m,2016,2,,,55.97,seconds,Pac-12 Outdoor Track & Field Championships,2016-05-14,,,,Outdoor,https://www.tfrrs.org/results/45708/2877289/Pac-12_Outdoor_Track__Field_Championships/400-Meters,TFRRS all_performances
"Ford, Alexis",Washington,Big Ten,400m,2016,4,,,55.75,seconds,Pac-12 Outdoor Track & Field Championships,2016-05-14,,,,Outdoor,https://www.tfrrs.org/results/45708/2877289/Pac-12_Outdoor_Track__Field_Championships/400-Meters,TFRRS all_performances
"Pate, Janel",Alabama,SEC,400m,2016,1,,,57.39,seconds,Alabama Relays,2016-03-17,,,,Outdoor,https://www.tfrrs.org/results/44542/2717958/Alabama_Relays/400-Meters,TFRRS all_performances
"Funcheon, Katie",Alabama,SEC,400m,2016,1,,,55.31,seconds,Florida State Relays,2016-03-25,,,,Outdoor,https://www.tfrrs.org/results/44862/2735537/Florida_State_Relays/400-Meters,TFRRS all_performances
"Gholston, Alex",Alabama,SEC,400m,2016,3,,,55.21,seconds,Florida State Relays,2016-03-25,,,,Outdoor,https://www.tfrrs.org/results/44862/2735537/Florida_State_Relays/400-Meters,TFRRS all_performances
"Funcheon, Katie",Alabama,SEC,400m,2016,1,,,54.92,seconds,Florida Relays,2016-03-31,,,,Outdoor,https://www.tfrrs.org/results/43368/2772283/Florida_Relays/400-Meters,TFRRS all_performances
"Gholston, Alex",Alabama,SEC,400m,2016,3,,,53.59,seconds,Florida Relays,2016-03-31,,,,Outdoor,https://www.tfrrs.org/results/43368/2772283/Florida_Relays/400-Meters,TFRRS all_performances
"Pate, Janel",Alabama,SEC,400m,2016,1,,,57.48,seconds,Florida Relays,2016-03-31,,,,Outdoor,https://www.tfrrs.org/results/43368/2772283/Florida_Relays/400-Meters,TFRRS all_performances
"Williams, Domonique",Alabama,SEC,400m,2016,3,,,54.05,seconds,Florida Relays,2016-03-31,,,,Outdoor,https://www.tfrrs.org/results/43368/2772283/Florida_Relays/400-Meters,TFRRS all_performances
"Gholston, Alex",Alabama,SEC,400m,2016,3,,,52.98,seconds,LSU Battle on the Bayou,2016-04-09,,,,Outdoor,https://www.tfrrs.org/results/41856/2780899/LSU_Battle_on_the_Bayou/400-Meters,TFRRS all_performances
"Williams, Kristyn",Alabama,SEC,400m,2016,1,,,56.93,seconds,War Eagle Invitational,2016-04-22,,,,Outdoor,https://www.tfrrs.org/results/41485/2825689/War_Eagle_Invitational/400-Meters,TFRRS all_performances
"Funcheon, Katie",Alabama,SEC,400m,2016,1,,,53.82,seconds,LSU Invitational,2016-04-30,,,,Outdoor,https://www.tfrrs.org/results/41858/2844772/LSU_Invitational/400-Meters,TFRRS all_performances
"Gholston, Alex",Alabama,SEC,400m,2016,3,,,52.48,seconds,LSU Invitational,2016-04-30,,,,Outdoor,https://www.tfrrs.org/results/41858/2844772/LSU_Invitational/400-Meters,TFRRS all_performances
"Williams, Domonique",Alabama,SEC,400m,2016,3,,,53.44,seconds,LSU Invitational,2016-04-30,,,,Outdoor,https://www.tfrrs.org/results/41858/2844772/LSU_Invitational/400-Meters,TFRRS all_performances
"Funcheon, Katie",Alabama,SEC,400m,2016,1,,,54.84,seconds,SEC Championships,2016-05-12,,,,Outdoor,https://www.tfrrs.org/results/46617/2874019/SEC_Championships/400-Meters,TFRRS all_performances
"Gholston, Alex",Alabama,SEC,400m,2016,3,,,52.11,seconds,SEC Championships,2016-05-12,,,,Outdoor,https://www.tfrrs.org/results/46617/2874019/SEC_Championships/400-Meters,TFRRS all_performances
"Gholston, Alex",Alabama,SEC,400m,2016,3,,,52.54,seconds,SEC Championships,2016-05-12,,,,Outdoor,https://www.tfrrs.org/results/46617/2874019/SEC_Championships/400-Meters,TFRRS all_performances
"Williams, Domonique",Alabama,SEC,400m,2016,3,,,53.12,seconds,SEC Championships,2016-05-12,,,,Outdoor,https://www.tfrrs.org/results/46617/2874019/SEC_Championships/400-Meters,TFRRS all_performances
"Funcheon, Katie",Alabama,SEC,400m,2016,1,,,54.81,seconds,NCAA Division I - East Preliminary Round,2016-05-26,,,,Outdoor,https://www.tfrrs.org/results/46682/2882927/NCAA_Division_I_-_East_Preliminary_Round/400-Meters,TFRRS all_performances
"Gholston, Alex",Alabama,SEC,400m,2016,3,,,52.40,seconds,NCAA Division I - East Preliminary Round,2016-05-26,,,,Outdoor,https://www.tfrrs.org/results/46682/2882927/NCAA_Division_I_-_East_Preliminary_Round/400-Meters,TFRRS all_performances
"Gholston, Alex",Alabama,SEC,400m,2016,3,,,52.61,seconds,NCAA Division I - East Preliminary Round,2016-05-26,,,,Outdoor,https://www.tfrrs.org/results/46682/2882927/NCAA_Division_I_-_East_Preliminary_Round/400-Meters,TFRRS all_performances
"Williams, Domonique",Alabama,SEC,400m,2016,3,,,52.74,seconds,NCAA Division I - East Preliminary Round,2016-05-26,,,,Outdoor,https://www.tfrrs.org/results/46682/2882927/NCAA_Division_I_-_East_Preliminary_Round/400-Meters,TFRRS all_performances
"Williams, Domonique",Alabama,SEC,400m,2016,3,,,53.02,seconds,NCAA Division I - East Preliminary Round,2016-05-26,,,,Outdoor,https://www.tfrrs.org/results/46682/2882927/NCAA_Division_I_-_East_Preliminary_Round/400-Meters,TFRRS all_performances
"Gholston, Alex",Alabama,SEC,400m,2016,3,,,53.11,seconds,NCAA Division I Track & Field Championships,2016-06-08,,,,Outdoor,https://www.tfrrs.org/results/46699/2884185/NCAA_Division_I_Track__Field_Championships/400-Meters,TFRRS all_performances
"Barnett, Sharrika",Florida,SEC,400m,2016,1,,,53.85,seconds,Power Conference Cardinal & Gold,2016-03-25,,,,Outdoor,https://www.tfrrs.org/results/44866/2738943/Power_Conference_Cardinal__Gold/400-Meters,TFRRS all_performances
"Sharpe, Taylor",Florida,SEC,400m,2016,2,,,53.96,seconds,Power Conference Cardinal & Gold,2016-03-25,,,,Outdoor,https://www.tfrrs.org/results/44866/2738943/Power_Conference_Cardinal__Gold/400-Meters,TFRRS all_performances
"Barnett, Sharrika",Florida,SEC,400m,2016,1,,,53.65,seconds,Florida Relays,2016-03-31,,,,Outdoor,https://www.tfrrs.org/results/43368/2772283/Florida_Relays/400-Meters,TFRRS all_performances
"Jefferson, Kyra",Florida,SEC,400m,2016,3,,,52.11,seconds,Florida Relays,2016-03-31,,,,Outdoor,https://www.tfrrs.org/results/43368/2772283/Florida_Relays/400-Meters,TFRRS all_performances
"Reynolds, Robin",Florida,SEC,400m,2016,4,,,52.09,seconds,Florida Relays,2016-03-31,,,,Outdoor,https://www.tfrrs.org/results/43368/2772283/Florida_Relays/400-Meters,TFRRS all_performances
"Sharpe, Taylor",Florida,SEC,400m,2016,2,,,55.05,seconds,Florida Relays,2016-03-31,,,,Outdoor,https://www.tfrrs.org/results/43368/2772283/Florida_Relays/400-Meters,TFRRS all_performances
"Barnett, Sharrika",Florida,SEC,400m,2016,1,,,52.81,seconds,UF Tom Jones Memorial,2016-04-22,,,,Outdoor,https://www.tfrrs.org/results/43370/2822271/UF_Tom_Jones_Memorial/400-Meters,TFRRS all_performances
"Reynolds, Robin",Florida,SEC,400m,2016,4,,,53.24,seconds,UF Tom Jones Memorial,2016-04-22,,,,Outdoor,https://www.tfrrs.org/results/43370/2822271/UF_Tom_Jones_Memorial/400-Meters,TFRRS all_performances
"Sharpe, Taylor",Florida,SEC,400m,2016,2,,,54.97,seconds,UF Tom Jones Memorial,2016-04-22,,,,Outdoor,https://www.tfrrs.org/results/43370/2822271/UF_Tom_Jones_Memorial/400-Meters,TFRRS all_performances
"Francis, Claudia",Florida,SEC,400m,2016,4,,,51.55,seconds,LSU Invitational,2016-04-30,,,,Outdoor,https://www.tfrrs.org/results/41858/2844772/LSU_Invitational/400-Meters,TFRRS all_performances
"Reynolds, Robin",Florida,SEC,400m,2016,4,,,52.32,seconds,LSU Invitational,2016-04-30,,,,Outdoor,https://www.tfrrs.org/results/41858/2844772/LSU_Invitational/400-Meters,TFRRS all_performances
"Sharpe, Taylor",Florida,SEC,400m,2016,2,,,53.96,seconds,LSU Invitational,2016-04-30,,,,Outdoor,https://www.tfrrs.org/results/41858/2844772/LSU_Invitational/400-Meters,TFRRS all_performances
"Barnett, Sharrika",Florida,SEC,400m,2016,1,,,53.13,seconds,SEC Championships,2016-05-12,,,,Outdoor,https://www.tfrrs.org/results/46617/2874019/SEC_Championships/400-Meters,TFRRS all_performances
"Reynolds, Robin",Florida,SEC,400m,2016,4,,,52.00,seconds,SEC Championships,2016-05-12,,,,Outdoor,https://www.tfrrs.org/results/46617/2874019/SEC_Championships/400-Meters,TFRRS all_performances
"Reynolds, Robin",Florida,SEC,400m,2016,4,,,52.60,seconds,SEC Championships,2016-05-12,,,,Outdoor,https://www.tfrrs.org/results/46617/2874019/SEC_Championships/400-Meters,TFRRS all_performances
"Sharpe, Taylor",Florida,SEC,400m,2016,2,,,55.14,seconds,SEC Championships,2016-05-12,,,,Outdoor,https://www.tfrrs.org/results/46617/2874019/SEC_Championships/400-Meters,TFRRS all_performances
"Barnett, Sharrika",Florida,SEC,400m,2016,1,,,52.26,seconds,NCAA Division I - East Preliminary Round,2016-05-26,,,,Outdoor,https://www.tfrrs.org/results/46682/2882927/NCAA_Division_I_-_East_Preliminary_Round/400-Meters,TFRRS all_performances
"Barnett, Sharrika",Florida,SEC,400m,2016,1,,,52.78,seconds,NCAA Division I - East Preliminary Round,2016-05-26,,,,Outdoor,https://www.tfrrs.org/results/46682/2882927/NCAA_Division_I_-_East_Preliminary_Round/400-Meters,TFRRS all_performances
"Reynolds, Robin",Florida,SEC,400m,2016,4,,,51.85,seconds,NCAA Division I - East Preliminary Round,2016-05-26,,,,Outdoor,https://www.tfrrs.org/results/46682/2882927/NCAA_Division_I_-_East_Preliminary_Round/400-Meters,TFRRS all_performances
"Reynolds, Robin",Florida,SEC,400m,2016,4,,,52.13,seconds,NCAA Division I - East Preliminary Round,2016-05-26,,,,Outdoor,https://www.tfrrs.org/results/46682/2882927/NCAA_Division_I_-_East_Preliminary_Round/400-Meters,TFRRS all_performances
"Sharpe, Taylor",Florida,SEC,400m,2016,2,,,53.88,seconds,NCAA Division I - East Preliminary Round,2016-05-26,,,,Outdoor,https://www.tfrrs.org/results/46682/2882927/NCAA_Division_I_-_East_Preliminary_Round/400-Meters,TFRRS all_performances
"Reynolds, Robin",Florida,SEC,400m,2016,4,,,51.84,seconds,NCAA Division I Track & Field Championships,2016-06-08,,,,Outdoor,https://www.tfrrs.org/results/46699/2884185/NCAA_Division_I_Track__Field_Championships/400-Meters,TFRRS all_performances
"Reynolds, Robin",Florida,SEC,400m,2016,4,,,52.05,seconds,NCAA Division I Track & Field Championships,2016-06-08,,,,Outdoor,https://www.tfrrs.org/results/46699/2884185/NCAA_Division_I_Track__Field_Championships/400-Meters,TFRRS all_performances
"Artis, Devon",Georgia,SEC,400m,2016,2,,,55.75,seconds,Georgia Relays,2016-03-18,,,,Outdoor,https://www.tfrrs.org/results/42360/2720146/Georgia_Relays/400-Meters,TFRRS all_performances
"Bordes, Natalie",Georgia,SEC,400m,2016,3,,,58.69,seconds,Georgia Relays,2016-03-18,,,,Outdoor,https://www.tfrrs.org/results/42360/2720146/Georgia_Relays/400-Meters,TFRRS all_performances
"Gardner, Sarah",Georgia,SEC,400m,2016,3,,,1:02.30,seconds,Georgia Relays,2016-03-18,,,,Outdoor,https://www.tfrrs.org/results/42360/2720146/Georgia_Relays/400-Meters,TFRRS all_performances
"Henry, Ashley",Georgia,SEC,400m,2016,4,,,55.03,seconds,Georgia Relays,2016-03-18,,,,Outdoor,https://www.tfrrs.org/results/42360/2720146/Georgia_Relays/400-Meters,TFRRS all_performances
"Gardner, Sarah",Georgia,SEC,400m,2016,3,,,1:00.31,seconds,Georgia Tech Yellow Jacket Invitational,2016-03-25,,,,Outdoor,https://www.tfrrs.org/results/44155/2737345/Georgia_Tech_Yellow_Jacket_Invitational/400-Meters,TFRRS all_performances
"Henry, Ashley",Georgia,SEC,400m,2016,4,,,54.00,seconds,Georgia Tech Yellow Jacket Invitational,2016-03-25,,,,Outdoor,https://www.tfrrs.org/results/44155/2737345/Georgia_Tech_Yellow_Jacket_Invitational/400-Meters,TFRRS all_performances
"Powell, Ruthie",Georgia,SEC,400m,2016,1,,,1:00.72,seconds,Georgia Tech Yellow Jacket Invitational,2016-03-25,,,,Outdoor,https://www.tfrrs.org/results/44155/2737345/Georgia_Tech_Yellow_Jacket_Invitational/400-Meters,TFRRS all_performances
"Henry, Ashley",Georgia,SEC,400m,2016,4,,,53.34,seconds,Florida Relays,2016-03-31,,,,Outdoor,https://www.tfrrs.org/results/43368/2772283/Florida_Relays/400-Meters,TFRRS all_performances
"Gardner, Sarah",Georgia,SEC,400m,2016,3,,,1:01.56,seconds,Spec Towns Invitational 2016,2016-04-08,,,,Outdoor,https://www.tfrrs.org/results/42363/2780602/Spec_Towns_Invitational_2016/400-Meters,TFRRS all_performances
"Henry, Ashley",Georgia,SEC,400m,2016,4,,,54.58,seconds,Spec Towns Invitational 2016,2016-04-08,,,,Outdoor,https://www.tfrrs.org/results/42363/2780602/Spec_Towns_Invitational_2016/400-Meters,TFRRS all_performances
"Gardner, Sarah",Georgia,SEC,400m,2016,3,,,1:01.82,seconds,Georgia Tech Invitational,2016-04-22,,,,Outdoor,https://www.tfrrs.org/results/45150/2828513/Georgia_Tech_Invitational/400-Meters,TFRRS all_performances
"Henry, Ashley",Georgia,SEC,400m,2016,4,,,54.09,seconds,Virginia Challenge,2016-04-22,,,,Outdoor,https://www.tfrrs.org/results/46108/2827880/Virginia_Challenge/400-Meters,TFRRS all_performances
"Gardner, Sarah",Georgia,SEC,400m,2016,3,,,1:00.54,seconds,Georgia Invitational,2016-04-30,,,,Outdoor,https://www.tfrrs.org/results/43403/2847079/Georgia_Invitational_/400-Meters,TFRRS all_performances
"Henry, Ashley",Georgia,SEC,400m,2016,4,,,54.24,seconds,Georgia Invitational,2016-04-30,,,,Outdoor,https://www.tfrrs.org/results/43403/2847079/Georgia_Invitational_/400-Meters,TFRRS all_performances
"Henry, Ashley",Georgia,SEC,400m,2016,4,,,53.81,seconds,SEC Championships,2016-05-12,,,,Outdoor,https://www.tfrrs.org/results/46617/2874019/SEC_Championships/400-Meters,TFRRS all_performances
"Henry, Ashley",Georgia,SEC,400m,2016,4,,,53.43,seconds,NCAA Division I - East Preliminary Round,2016-05-26,,,,Outdoor,https://www.tfrrs.org/results/46682/2882927/NCAA_Division_I_-_East_Preliminary_Round/400-Meters,TFRRS all_performances
"Mitchell, Jasmine",Kentucky,SEC,400m,2016,3,,,52.94,seconds,Florida Relays,2016-03-31,,,,Outdoor,https://www.tfrrs.org/results/43368/2772257/Florida_Relays/400-Meters,TFRRS all_performances
"Pugh, Daje",Kentucky,SEC,400m,2016,3,,,54.75,seconds,Florida Relays,2016-03-31,,,,Outdoor,https://www.tfrrs.org/results/43368/2772257/Florida_Relays/400-Meters,TFRRS all_performances
"Seymour, Kiah",Kentucky,SEC,400m,2016,3,,,52.63,seconds,Florida Relays,2016-03-31,,,,Outdoor,https://www.tfrrs.org/results/43368/2772283/Florida_Relays/400-Meters,TFRRS all_performances
"Graham, Ariah",Kentucky,SEC,400m,2016,3,,,54.57,seconds,Spec Towns Invitational 2016,2016-04-08,,,,Outdoor,https://www.tfrrs.org/results/42363/2780602/Spec_Towns_Invitational_2016/400-Meters,TFRRS all_performances
"Gray, Kianna",Kentucky,SEC,400m,2016,1,,,1:00.65,seconds,Spec Towns Invitational 2016,2016-04-08,,,,Outdoor,https://www.tfrrs.org/results/42363/2780602/Spec_Towns_Invitational_2016/400-Meters,TFRRS all_performances
"Mitchell, Jasmine",Kentucky,SEC,400m,2016,3,,,54.90,seconds,Spec Towns Invitational 2016,2016-04-08,,,,Outdoor,https://www.tfrrs.org/results/42363/2780602/Spec_Towns_Invitational_2016/400-Meters,TFRRS all_performances
"Mitchell, Jasmine",Kentucky,SEC,400m,2016,3,,,54.04,seconds,Virginia Challenge,2016-04-22,,,,Outdoor,https://www.tfrrs.org/results/46108/2827880/Virginia_Challenge/400-Meters,TFRRS all_performances
"Pugh, Daje",Kentucky,SEC,400m,2016,3,,,55.71,seconds,Virginia Challenge,2016-04-22,,,,Outdoor,https://www.tfrrs.org/results/46108/2827880/Virginia_Challenge/400-Meters,TFRRS all_performances
"Seymour, Kiah",Kentucky,SEC,400m,2016,3,,,52.65,seconds,Virginia Challenge,2016-04-22,,,,Outdoor,https://www.tfrrs.org/results/46108/2827880/Virginia_Challenge/400-Meters,TFRRS all_performances
"Mitchell, Jasmine",Kentucky,SEC,400m,2016,3,,,52.90,seconds,SEC Championships,2016-05-12,,,,Outdoor,https://www.tfrrs.org/results/46617/2874019/SEC_Championships/400-Meters,TFRRS all_performances
"Mitchell, Jasmine",Kentucky,SEC,400m,2016,3,,,53.10,seconds,SEC Championships,2016-05-12,,,,Outdoor,https://www.tfrrs.org/results/46617/2874019/SEC_Championships/400-Meters,TFRRS all_performances
"Mitchell, Jasmine",Kentucky,SEC,400m,2016,3,,,52.52,seconds,NCAA Division I - East Preliminary Round,2016-05-26,,,,Outdoor,https://www.tfrrs.org/results/46682/2882927/NCAA_Division_I_-_East_Preliminary_Round/400-Meters,TFRRS all_performances
"Mitchell, Jasmine",Kentucky,SEC,400m,2016,3,,,52.72,seconds,NCAA Division I - East Preliminary Round,2016-05-26,,,,Outdoor,https://www.tfrrs.org/results/46682/2882927/NCAA_Division_I_-_East_Preliminary_Round/400-Meters,TFRRS all_performances
"Bellamy, Marisa",South Carolina,SEC,400m,2016,3,,,54.61,seconds,Alan Connie Shamrock Invitational,2016-03-17,,,,Outdoor,https://www.tfrrs.org/results/42962/2717476/Alan_Connie_Shamrock_Invitational/400-Meters,TFRRS all_performances
"Dendy, Maiya",South Carolina,SEC,400m,2016,1,,,55.51,seconds,Alan Connie Shamrock Invitational,2016-03-17,,,,Outdoor,https://www.tfrrs.org/results/42962/2717476/Alan_Connie_Shamrock_Invitational/400-Meters,TFRRS all_performances
"Holmes, Precious",South Carolina,SEC,400m,2016,2,,,55.35,seconds,Alan Connie Shamrock Invitational,2016-03-17,,,,Outdoor,https://www.tfrrs.org/results/42962/2717476/Alan_Connie_Shamrock_Invitational/400-Meters,TFRRS all_performances
"Vian, Irene",South Carolina,SEC,400m,2016,1,,,1:01.21,seconds,Alan Connie Shamrock Invitational,2016-03-17,,,,Outdoor,https://www.tfrrs.org/results/42962/2717476/Alan_Connie_Shamrock_Invitational/400-Meters,TFRRS all_performances
"Abrams, Aliyah",South Carolina,SEC,400m,2016,1,,,53.29,seconds,Georgia Tech Yellow Jacket Invitational,2016-03-25,,,,Outdoor,https://www.tfrrs.org/results/44155/2737345/Georgia_Tech_Yellow_Jacket_Invitational/400-Meters,TFRRS all_performances
"Haith, Briana",South Carolina,SEC,400m,2016,3,,,53.25,seconds,Georgia Tech Yellow Jacket Invitational,2016-03-25,,,,Outdoor,https://www.tfrrs.org/results/44155/2737345/Georgia_Tech_Yellow_Jacket_Invitational/400-Meters,TFRRS all_performances
"Abrams, Aliyah",South Carolina,SEC,400m,2016,1,,,53.33,seconds,Florida Relays,2016-03-31,,,,Outdoor,https://www.tfrrs.org/results/43368/2772283/Florida_Relays/400-Meters,TFRRS all_performances
"Bellamy, Marisa",South Carolina,SEC,400m,2016,3,,,54.40,seconds,Florida Relays,2016-03-31,,,,Outdoor,https://www.tfrrs.org/results/43368/2772283/Florida_Relays/400-Meters,TFRRS all_performances
"Haith, Briana",South Carolina,SEC,400m,2016,3,,,53.03,seconds,Florida Relays,2016-03-31,,,,Outdoor,https://www.tfrrs.org/results/43368/2772283/Florida_Relays/400-Meters,TFRRS all_performances
"Holmes, Precious",South Carolina,SEC,400m,2016,2,,,55.23,seconds,Florida Relays,2016-03-31,,,,Outdoor,https://www.tfrrs.org/results/43368/2772257/Florida_Relays/400-Meters,TFRRS all_performances
"Rucker, Erika",South Carolina,SEC,400m,2016,4,,,54.84,seconds,Florida Relays,2016-03-31,,,,Outdoor,https://www.tfrrs.org/results/43368/2772257/Florida_Relays/400-Meters,TFRRS all_performances
"Abrams, Aliyah",South Carolina,SEC,400m,2016,1,,,53.17,seconds,Spec Towns Invitational 2016,2016-04-08,,,,Outdoor,https://www.tfrrs.org/results/42363/2780602/Spec_Towns_Invitational_2016/400-Meters,TFRRS all_performances
"Bellamy, Marisa",South Carolina,SEC,400m,2016,3,,,54.27,seconds,Spec Towns Invitational 2016,2016-04-08,,,,Outdoor,https://www.tfrrs.org/results/42363/2780602/Spec_Towns_Invitational_2016/400-Meters,TFRRS all_performances
"Holmes, Precious",South Carolina,SEC,400m,2016,2,,,54.06,seconds,Spec Towns Invitational 2016,2016-04-08,,,,Outdoor,https://www.tfrrs.org/results/42363/2780602/Spec_Towns_Invitational_2016/400-Meters,TFRRS all_performances
"Abrams, Aliyah",South Carolina,SEC,400m,2016,1,,,52.79,seconds,Seminole Invitational,2016-04-15,,,,Outdoor,https://www.tfrrs.org/results/45850/2803071/Seminole_Invitational/400-Meters,TFRRS all_performances
"Bellamy, Marisa",South Carolina,SEC,400m,2016,3,,,54.91,seconds,Seminole Invitational,2016-04-15,,,,Outdoor,https://www.tfrrs.org/results/45850/2803071/Seminole_Invitational/400-Meters,TFRRS all_performances
"Evans, Maya",South Carolina,SEC,400m,2016,3,,,56.64,seconds,Seminole Invitational,2016-04-15,,,,Outdoor,https://www.tfrrs.org/results/45850/2803071/Seminole_Invitational/400-Meters,TFRRS all_performances
"Holmes, Precious",South Carolina,SEC,400m,2016,2,,,54.55,seconds,Seminole Invitational,2016-04-15,,,,Outdoor,https://www.tfrrs.org/results/45850/2803071/Seminole_Invitational/400-Meters,TFRRS all_performances
"Abrams, Aliyah",South Carolina,SEC,400m,2016,1,,,52.04,seconds,SEC Championships,2016-05-12,,,,Outdoor,https://www.tfrrs.org/results/46617/2874019/SEC_Championships/400-Meters,TFRRS all_performances
"Abrams, Aliyah",South Carolina,SEC,400m,2016,1,,,52.75,seconds,SEC Championships,2016-05-12,,,,Outdoor,https://www.tfrrs.org/results/46617/2874019/SEC_Championships/400-Meters,TFRRS all_performances
"Holmes, Precious",South Carolina,SEC,400m,2016,2,,,53.61,seconds,SEC Championships,2016-05-12,,,,Outdoor,https://www.tfrrs.org/results/46617/2874019/SEC_Championships/400-Meters,TFRRS all_performances
"Rucker, Erika",South Carolina,SEC,400m,2016,4,,,53.51,seconds,SEC Championships,2016-05-12,,,,Outdoor,https://www.tfrrs.org/results/46617/2874019/SEC_Championships/400-Meters,TFRRS all_performances
"Abrams, Aliyah",South Carolina,SEC,400m,2016,1,,,52.30,seconds,NCAA Division I - East Preliminary Round,2016-05-26,,,,Outdoor,https://www.tfrrs.org/results/46682/2882927/NCAA_Division_I_-_East_Preliminary_Round/400-Meters,TFRRS all_performances
"Abrams, Aliyah",South Carolina,SEC,400m,2016,1,,,52.35,seconds,NCAA Division I - East Preliminary Round,2016-05-26,,,,Outdoor,https://www.tfrrs.org/results/46682/2882927/NCAA_Division_I_-_East_Preliminary_Round/400-Meters,TFRRS all_performances
"Holmes, Precious",South Carolina,SEC,400m,2016,2,,,53.54,seconds,NCAA Division I - East Preliminary Round,2016-05-26,,,,Outdoor,https://www.tfrrs.org/results/46682/2882927/NCAA_Division_I_-_East_Preliminary_Round/400-Meters,TFRRS all_performances
"Rucker, Erika",South Carolina,SEC,400m,2016,4,,,53.09,seconds,NCAA Division I - East Preliminary Round,2016-05-26,,,,Outdoor,https://www.tfrrs.org/results/46682/2882927/NCAA_Division_I_-_East_Preliminary_Round/400-Meters,TFRRS all_performances
"Rucker, Erika",South Carolina,SEC,400m,2016,4,,,53.46,seconds,NCAA Division I - East Preliminary Round,2016-05-26,,,,Outdoor,https://www.tfrrs.org/results/46682/2882927/NCAA_Division_I_-_East_Preliminary_Round/400-Meters,TFRRS all_performances
"Abrams, Aliyah",South Carolina,SEC,400m,2016,1,,,52.33,seconds,NCAA Division I Track & Field Championships,2016-06-08,,,,Outdoor,https://www.tfrrs.org/results/46699/2884185/NCAA_Division_I_Track__Field_Championships/400-Meters,TFRRS all_performances
"Farrow, Ersula",Clemson,ACC,400m,2017,2,,,56.52,s,Charlotte 49er Classic,2017-03-16,,,,Outdoor,https://www.tfrrs.org/results/49797/3035904/Charlotte_49er_Classic/400-Meters,TFRRS all_performances
"Maydew, Dana",Clemson,ACC,400m,2017,3,,,59.54,s,Charlotte 49er Classic,2017-03-16,,,,Outdoor,https://www.tfrrs.org/results/49797/3035904/Charlotte_49er_Classic/400-Meters,TFRRS all_performances
"McGowan, Imani",Clemson,ACC,400m,2017,2,,,58.50,s,Charlotte 49er Classic,2017-03-16,,,,Outdoor,https://www.tfrrs.org/results/49797/3035904/Charlotte_49er_Classic/400-Meters,TFRRS all_performances
"Thomas, Markeeta",Clemson,ACC,400m,2017,2,,,56.94,s,Charlotte 49er Classic,2017-03-16,,,,Outdoor,https://www.tfrrs.org/results/49797/3035904/Charlotte_49er_Classic/400-Meters,TFRRS all_performances
"Warner, Lakeisha",Clemson,ACC,400m,2017,1,,,55.75,s,Charlotte 49er Classic,2017-03-16,,,,Outdoor,https://www.tfrrs.org/results/49797/3035904/Charlotte_49er_Classic/400-Meters,TFRRS all_performances
"George, Malayshia",Clemson,ACC,400m,2017,3,,,54.40,s,Miami Hurricane Collegiate Invitational,2017-03-25,,,,Outdoor,https://www.tfrrs.org/results/46899/3053270/Miami_Hurricane_Collegiate_Invitational/400-Meters,TFRRS all_performances
"James, Olivia",Clemson,ACC,400m,2017,4,,,53.29,s,Miami Hurricane Collegiate Invitational,2017-03-25,,,,Outdoor,https://www.tfrrs.org/results/46899/3053270/Miami_Hurricane_Collegiate_Invitational/400-Meters,TFRRS all_performances
"James, Olivia",Clemson,ACC,400m,2017,4,,,53.52,s,Spec Towns Invitational,2017-04-07,,,,Outdoor,https://www.tfrrs.org/results/50860/3101797/Spec_Towns_Invitational/400-Meters,TFRRS all_performances
"George, Malayshia",Clemson,ACC,400m,2017,3,,,54.08,s,LSU Alumni Gold,2017-04-22,,,,Outdoor,https://www.tfrrs.org/results/47400/3140932/LSU_Alumni_Gold/400-Meters,TFRRS all_performances
"James, Olivia",Clemson,ACC,400m,2017,4,,,53.58,s,LSU Alumni Gold,2017-04-22,,,,Outdoor,https://www.tfrrs.org/results/47400/3140932/LSU_Alumni_Gold/400-Meters,TFRRS all_performances
"George, Malayshia",Clemson,ACC,400m,2017,3,,,54.75,s,ACC Outdoor Track & Field Championships,2017-05-12,,,,Outdoor,https://www.tfrrs.org/results/51674/3191835/ACC_Outdoor_Track__Field_Championships/400-Meters,TFRRS all_performances
"James, Olivia",Clemson,ACC,400m,2017,4,,,52.56,s,ACC Outdoor Track & Field Championships,2017-05-12,,,,Outdoor,https://www.tfrrs.org/results/51674/3191835/ACC_Outdoor_Track__Field_Championships/400-Meters,TFRRS all_performances
"James, Olivia",Clemson,ACC,400m,2017,4,,,53.29,s,ACC Outdoor Track & Field Championships,2017-05-12,,,,Outdoor,https://www.tfrrs.org/results/51674/3191835/ACC_Outdoor_Track__Field_Championships/400-Meters,TFRRS all_performances
"George, Malayshia",Clemson,ACC,400m,2017,3,,,54.77,s,NCAA Division I East Preliminary Round,2017-05-25,,,,Outdoor,https://www.tfrrs.org/results/51920/3197608/NCAA_Division_I_East_Preliminary_Round/400-Meters,TFRRS all_performances
"James, Olivia",Clemson,ACC,400m,2017,4,,,53.15,s,NCAA Division I East Preliminary Round,2017-05-25,,,,Outdoor,https://www.tfrrs.org/results/51920/3197608/NCAA_Division_I_East_Preliminary_Round/400-Meters,TFRRS all_performances
"James, Olivia",Clemson,ACC,400m,2017,4,,,53.93,s,NCAA Division I East Preliminary Round,2017-05-25,,,,Outdoor,https://www.tfrrs.org/results/51920/3197608/NCAA_Division_I_East_Preliminary_Round/400-Meters,TFRRS all_performances
"Hill, Jasmine",Duke,ACC,400m,2017,3,,,59.54,s,Raleigh Relays,2017-03-24,,,,Outdoor,https://www.tfrrs.org/results/50119/3052294/Raleigh_Relays/400-Meters,TFRRS all_performances
"Hill, Jasmine",Duke,ACC,400m,2017,3,,,58.77,s,Battle of the Blues,2017-04-01,,,,Outdoor,https://www.tfrrs.org/results/50487/3075697/Battle_of_the_Blues/400-Meters,TFRRS all_performances
"Kerr, MacKenzie",Duke,ACC,400m,2017,2,,,56.54,s,Battle of the Blues,2017-04-01,,,,Outdoor,https://www.tfrrs.org/results/50487/3075697/Battle_of_the_Blues/400-Meters,TFRRS all_performances
"Kopp, Madeline",Duke,ACC,400m,2017,4,,,52.91,s,Battle of the Blues,2017-04-01,,,,Outdoor,https://www.tfrrs.org/results/50487/3075697/Battle_of_the_Blues/400-Meters,TFRRS all_performances
"Hill, Jasmine",Duke,ACC,400m,2017,3,,,59.59,s,Tennessee Relays,2017-04-06,,,,Outdoor,https://www.tfrrs.org/results/49376/3096496/Tennessee_Relays/400-Meters,TFRRS all_performances
"Kopp, Madeline",Duke,ACC,400m,2017,4,,,53.46,s,Pacific Beach Intercollegiate,2017-04-13,,,,Outdoor,https://www.tfrrs.org/results/51138/3123994/Pacific_Beach_Intercollegiate/400-Meters,TFRRS all_performances
"Kerr, MacKenzie",Duke,ACC,400m,2017,2,,,54.14,s,Beach Invitational,2017-04-14,,,,Outdoor,https://www.tfrrs.org/results/51137/3123791/Beach_Invitational/400-Meters,TFRRS all_performances
"Price, Madeline",Duke,ACC,400m,2017,3,,,54.54,s,Beach Invitational,2017-04-14,,,,Outdoor,https://www.tfrrs.org/results/51137/3123791/Beach_Invitational/400-Meters,TFRRS all_performances
"Hill, Jasmine",Duke,ACC,400m,2017,3,,,59.03,s,Duke Invitational,2017-04-21,,,,Outdoor,https://www.tfrrs.org/results/51359/3143094/Duke_Invitational/400-Meters,TFRRS all_performances
"Kerr, MacKenzie",Duke,ACC,400m,2017,2,,,54.07,s,Duke Invitational,2017-04-21,,,,Outdoor,https://www.tfrrs.org/results/51359/3143094/Duke_Invitational/400-Meters,TFRRS all_performances
"Kopp, Madeline",Duke,ACC,400m,2017,4,,,53.10,s,Duke Invitational,2017-04-21,,,,Outdoor,https://www.tfrrs.org/results/51359/3143094/Duke_Invitational/400-Meters,TFRRS all_performances
"Kerr, MacKenzie",Duke,ACC,400m,2017,2,,,54.59,s,ACC Outdoor Track & Field Championships,2017-05-12,,,,Outdoor,https://www.tfrrs.org/results/51674/3191835/ACC_Outdoor_Track__Field_Championships/400-Meters,TFRRS all_performances
"Price, Madeline",Duke,ACC,400m,2017,3,,,54.93,s,ACC Outdoor Track & Field Championships,2017-05-12,,,,Outdoor,https://www.tfrrs.org/results/51674/3191835/ACC_Outdoor_Track__Field_Championships/400-Meters,TFRRS all_performances
"Kerr, MacKenzie",Duke,ACC,400m,2017,2,,,54.60,s,NCAA Division I East Preliminary Round,2017-05-25,,,,Outdoor,https://www.tfrrs.org/results/51920/3197608/NCAA_Division_I_East_Preliminary_Round/400-Meters,TFRRS all_performances
"Caldwell, Janae",Florida State,ACC,400m,2017,1,,,57.83,s,FSU Relays,2017-03-24,,,,Outdoor,https://www.tfrrs.org/results/50136/3055441/FSU_Relays/400-Meters,TFRRS all_performances
"Dorsett, Shaquania",Florida State,ACC,400m,2017,2,,,53.47,s,FSU Relays,2017-03-24,,,,Outdoor,https://www.tfrrs.org/results/50136/3055441/FSU_Relays/400-Meters,TFRRS all_performances
"Dorsett, Shaquania",Florida State,ACC,400m,2017,2,,,53.07,s,Stanford Cardinal Classic,2017-04-21,,,,Outdoor,https://www.tfrrs.org/results/51367/3143838/Stanford_Cardinal_Classic/400-Meters,TFRRS all_performances
"Caldwell, Janae",Florida State,ACC,400m,2017,1,,,57.46,s,UF Tom Jones Memorial,2017-04-28,,,,Outdoor,https://www.tfrrs.org/results/50650/3158893/UF_Tom_Jones_Memorial/400-Meters,TFRRS all_performances
"Caldwell, Janae",Florida State,ACC,400m,2017,1,,,58.81,s,Seminole Twilight,2017-05-05,,,,Outdoor,https://www.tfrrs.org/results/51776/3174643/Seminole_Twilight/400-Meters,TFRRS all_performances
"Cunningham, Kimmie",Florida State,ACC,400m,2017,1,,,57.22,s,Seminole Twilight,2017-05-05,,,,Outdoor,https://www.tfrrs.org/results/51776/3174643/Seminole_Twilight/400-Meters,TFRRS all_performances
"Dorsett, Shaquania",Florida State,ACC,400m,2017,2,,,53.29,s,Seminole Twilight,2017-05-05,,,,Outdoor,https://www.tfrrs.org/results/51776/3174643/Seminole_Twilight/400-Meters,TFRRS all_performances
"Dorsett, Shaquania",Florida State,ACC,400m,2017,2,,,52.70,s,ACC Outdoor Track & Field Championships,2017-05-12,,,,Outdoor,https://www.tfrrs.org/results/51674/3191835/ACC_Outdoor_Track__Field_Championships/400-Meters,TFRRS all_performances
"Dorsett, Shaquania",Florida State,ACC,400m,2017,2,,,53.39,s,ACC Outdoor Track & Field Championships,2017-05-12,,,,Outdoor,https://www.tfrrs.org/results/51674/3191835/ACC_Outdoor_Track__Field_Championships/400-Meters,TFRRS all_performances
"Dorsett, Shaquania",Florida State,ACC,400m,2017,2,,,52.13,s,NCAA Division I East Preliminary Round,2017-05-25,,,,Outdoor,https://www.tfrrs.org/results/51920/3197608/NCAA_Division_I_East_Preliminary_Round/400-Meters,TFRRS all_performances
"Dorsett, Shaquania",Florida State,ACC,400m,2017,2,,,53.40,s,NCAA Division I East Preliminary Round,2017-05-25,,,,Outdoor,https://www.tfrrs.org/results/51920/3197608/NCAA_Division_I_East_Preliminary_Round/400-Meters,TFRRS all_performances
"Dorsett, Shaquania",Florida State,ACC,400m,2017,2,,,53.56,s,NCAA Division I Outdoor Track & Field Championships,2017-06-07,,,,Outdoor,https://www.tfrrs.org/results/51935/3199120/NCAA_Division_I_Outdoor_Track__Field_Championships/400-Meters,TFRRS all_performances
"Baker, Olivia",Stanford,ACC,400m,2017,3,,,53.28,s,Stanford Invitational,2017-03-31,,,,Outdoor,https://www.tfrrs.org/results/50496/3077244/Stanford_Invitational/400-Meters,TFRRS all_performances
"Mongiovi, Missy",Stanford,ACC,400m,2017,2,,,54.98,s,Stanford Invitational,2017-03-31,,,,Outdoor,https://www.tfrrs.org/results/50496/3077244/Stanford_Invitational/400-Meters,TFRRS all_performances
"Baker, Olivia",Stanford,ACC,400m,2017,3,,,54.50,s,The Big Meet,2017-04-08,,,,Outdoor,https://www.tfrrs.org/results/50537/3100505/The_Big_Meet/400-Meters,TFRRS all_performances
"Mongiovi, Missy",Stanford,ACC,400m,2017,2,,,54.78,s,The Big Meet,2017-04-08,,,,Outdoor,https://www.tfrrs.org/results/50537/3100505/The_Big_Meet/400-Meters,TFRRS all_performances
"Mongiovi, Missy",Stanford,ACC,400m,2017,2,,,53.96,s,Stanford Cardinal Classic,2017-04-21,,,,Outdoor,https://www.tfrrs.org/results/51367/3143838/Stanford_Cardinal_Classic/400-Meters,TFRRS all_performances
"Crunkleton-Wilson, Michaela",Stanford,ACC,400m,2017,3,,,56.18,s,Longhorn Invitational,2017-04-28,,,,Outdoor,https://www.tfrrs.org/results/48676/3161505/Longhorn_Invitational/400-Meters,TFRRS all_performances
"Baker, Olivia",Stanford,ACC,400m,2017,3,,,53.71,s,Pac-12 Championships,2017-05-13,,,,Outdoor,https://www.tfrrs.org/results/51891/3191894/Pac-12_Championships/400-Meters,TFRRS all_performances
"Baker, Olivia",Stanford,ACC,400m,2017,3,,,54.58,s,Pac-12 Championships,2017-05-13,,,,Outdoor,https://www.tfrrs.org/results/51891/3191894/Pac-12_Championships/400-Meters,TFRRS all_performances
"Mongiovi, Missy",Stanford,ACC,400m,2017,2,,,55.48,s,Pac-12 Championships,2017-05-13,,,,Outdoor,https://www.tfrrs.org/results/51891/3191894/Pac-12_Championships/400-Meters,TFRRS all_performances
"Mongiovi, Missy",Stanford,ACC,400m,2017,2,,,56.02,s,NCAA Division I West Preliminary Round,2017-05-25,,,,Outdoor,https://www.tfrrs.org/results/51921/3197647/NCAA_Division_I_West_Preliminary_Round/400-Meters,TFRRS all_performances
"Ezumah, Chimere",Virginia,ACC,400m,2017,4,,,57.22,s,Miami Hurricane Collegiate Invitational,2017-03-25,,,,Outdoor,https://www.tfrrs.org/results/46899/3053270/Miami_Hurricane_Collegiate_Invitational/400-Meters,TFRRS all_performances
"Ezumah, Chimere",Virginia,ACC,400m,2017,4,,,56.27,s,Virginia Quad,2017-04-08,,,,Outdoor,https://www.tfrrs.org/results/50828/3097709/Virginia_Quad/400-Meters,TFRRS all_performances
"Ezumah, Chimere",Virginia,ACC,400m,2017,4,,,57.19,s,Virginia Grand Prix,2017-04-29,,,,Outdoor,https://www.tfrrs.org/results/51624/3162898/Virginia_Grand_Prix/400-Meters,TFRRS all_performances
"Ezumah, Chimere",Virginia,ACC,400m,2017,4,,,56.44,s,ACC Outdoor Track & Field Championships,2017-05-12,,,,Outdoor,https://www.tfrrs.org/results/51674/3191835/ACC_Outdoor_Track__Field_Championships/400-Meters,TFRRS all_performances
"Gajda, Diana",Arizona,Big 12,400m,2017,2,,,53.89,seconds,2017 Willie Williams Classic (College/Open),2017-03-17,,,,Outdoor,https://www.tfrrs.org/results/48914/3038144/2017_Willie_Williams_Classic_College_Open/400-Meters,TFRRS all_performances
"Bonds, Tiana",Arizona,Big 12,400m,2017,3,,,59.51,seconds,Pac-12 vs Big-10 Invitational,2017-03-24,,,,Outdoor,https://www.tfrrs.org/results/50133/3055334/Pac-12_vs_Big-10_Invitational/400-Meters,TFRRS all_performances
"Gray, Jasper",Arizona,Big 12,400m,2017,4,,,56.18,seconds,Pac-12 vs Big-10 Invitational,2017-03-24,,,,Outdoor,https://www.tfrrs.org/results/50133/3055334/Pac-12_vs_Big-10_Invitational/400-Meters,TFRRS all_performances
"Patton, Taylor",Arizona,Big 12,400m,2017,1,,,1:04.95,seconds,Pac-12 vs Big-10 Invitational,2017-03-24,,,,Outdoor,https://www.tfrrs.org/results/50133/3055334/Pac-12_vs_Big-10_Invitational/400-Meters,TFRRS all_performances
"Sutton, April",Arizona,Big 12,400m,2017,1,,,57.98,seconds,Pac-12 vs Big-10 Invitational,2017-03-24,,,,Outdoor,https://www.tfrrs.org/results/50133/3055334/Pac-12_vs_Big-10_Invitational/400-Meters,TFRRS all_performances
"Bryant, Malia",Arizona,Big 12,400m,2017,1,,,56.14,seconds,Jim Click Shootout,2017-04-08,,,,Outdoor,https://www.tfrrs.org/results/49902/3097869/Jim_Click_Shootout/400-Meters,TFRRS all_performances
"Gajda, Diana",Arizona,Big 12,400m,2017,2,,,54.35,seconds,Jim Click Shootout,2017-04-08,,,,Outdoor,https://www.tfrrs.org/results/49902/3097869/Jim_Click_Shootout/400-Meters,TFRRS all_performances
"Gray, Jasper",Arizona,Big 12,400m,2017,4,,,58.10,seconds,Jim Click Shootout,2017-04-08,,,,Outdoor,https://www.tfrrs.org/results/49902/3097869/Jim_Click_Shootout/400-Meters,TFRRS all_performances
"Bryant, Malia",Arizona,Big 12,400m,2017,1,,,57.26,seconds,2017 Horned Frog Invitational,2017-04-15,,,,Outdoor,https://www.tfrrs.org/results/49110/3122760/2017_Horned_Frog_Invitational/400-Meters,TFRRS all_performances
"Gray, Jasper",Arizona,Big 12,400m,2017,4,,,57.96,seconds,2017 Horned Frog Invitational,2017-04-15,,,,Outdoor,https://www.tfrrs.org/results/49110/3122760/2017_Horned_Frog_Invitational/400-Meters,TFRRS all_performances
"Bryant, Malia",Arizona,Big 12,400m,2017,1,,,57.15,seconds,Duel In The Desert- ASU vs Arizona,2017-04-28,,,,Outdoor,https://www.tfrrs.org/results/51627/3163254/Duel_In_The_Desert-_ASU_vs_Arizona/400-Meters,TFRRS all_performances
"Gajda, Diana",Arizona,Big 12,400m,2017,2,,,54.56,seconds,Duel In The Desert- ASU vs Arizona,2017-04-28,,,,Outdoor,https://www.tfrrs.org/results/51627/3163254/Duel_In_The_Desert-_ASU_vs_Arizona/400-Meters,TFRRS all_performances
"Gray, Jasper",Arizona,Big 12,400m,2017,4,,,55.60,seconds,Duel In The Desert- ASU vs Arizona,2017-04-28,,,,Outdoor,https://www.tfrrs.org/results/51627/3163254/Duel_In_The_Desert-_ASU_vs_Arizona/400-Meters,TFRRS all_performances
"Bryant, Malia",Arizona,Big 12,400m,2017,1,,,56.92,seconds,Pac-12 Championships,2017-05-13,,,,Outdoor,https://www.tfrrs.org/results/51891/3191894/Pac-12_Championships/400-Meters,TFRRS all_performances
"Gajda, Diana",Arizona,Big 12,400m,2017,2,,,55.13,seconds,Pac-12 Championships,2017-05-13,,,,Outdoor,https://www.tfrrs.org/results/51891/3191894/Pac-12_Championships/400-Meters,TFRRS all_performances
"Gray, Jasper",Arizona,Big 12,400m,2017,4,,,57.53,seconds,Pac-12 Championships,2017-05-13,,,,Outdoor,https://www.tfrrs.org/results/51891/3191894/Pac-12_Championships/400-Meters,TFRRS all_performances
"Gajda, Diana",Arizona,Big 12,400m,2017,2,,,55.16,seconds,NCAA Division I West Preliminary Round,2017-05-25,,,,Outdoor,https://www.tfrrs.org/results/51921/3197647/NCAA_Division_I_West_Preliminary_Round/400-Meters,TFRRS all_performances
"Hedgepeth, Christina",BYU,Big 12,400m,2017,3,,,59.84,seconds,Trojan Invitational,2017-03-17,,,,Outdoor,https://www.tfrrs.org/results/48842/3036924/Trojan_Invitational/400-Meters,TFRRS all_performances
"Pinnock, Cassidy",BYU,Big 12,400m,2017,2,,,57.50,seconds,Trojan Invitational,2017-03-17,,,,Outdoor,https://www.tfrrs.org/results/48842/3036924/Trojan_Invitational/400-Meters,TFRRS all_performances
"Thomas, Diamond",BYU,Big 12,400m,2017,3,,,1:00.03,seconds,Trojan Invitational,2017-03-17,,,,Outdoor,https://www.tfrrs.org/results/48842/3036924/Trojan_Invitational/400-Meters,TFRRS all_performances
"Rawlinson, Lauren",BYU,Big 12,400m,2017,1,,,58.26,seconds,2017 UVU Collegiate Invitational,2017-03-31,,,,Outdoor,https://www.tfrrs.org/results/50494/3076951/2017_UVU_Collegiate_Invitational/400-Meters,TFRRS all_performances
"Rawlinson, Lauren",BYU,Big 12,400m,2017,1,,,58.01,seconds,Utah/Weber State Spring Classic,2017-04-07,,,,Outdoor,https://www.tfrrs.org/results/50819/3096553/Utah_Weber_State_Spring_Classic/400-Meters,TFRRS all_performances
"Rawlinson, Lauren",BYU,Big 12,400m,2017,1,,,57.92,seconds,Utah State Mark Faldmo Invitational,2017-04-14,,,,Outdoor,https://www.tfrrs.org/results/50022/3121123/Utah_State_Mark_Faldmo_Invitational/400-Meters,TFRRS all_performances
"Hart, Kamryn",BYU,Big 12,400m,2017,1,,,59.35,seconds,2017 BYU Robison Invitational,2017-04-27,,,,Outdoor,https://www.tfrrs.org/results/51626/3166717/2017_BYU_Robison_Invitational/400-Meters,TFRRS all_performances
"Pinnock, Cassidy",BYU,Big 12,400m,2017,2,,,58.48,seconds,2017 BYU Robison Invitational,2017-04-27,,,,Outdoor,https://www.tfrrs.org/results/51626/3166717/2017_BYU_Robison_Invitational/400-Meters,TFRRS all_performances
"Rawlinson, Lauren",BYU,Big 12,400m,2017,1,,,59.24,seconds,2017 BYU Robison Invitational,2017-04-27,,,,Outdoor,https://www.tfrrs.org/results/51626/3166717/2017_BYU_Robison_Invitational/400-Meters,TFRRS all_performances
"Reeves, Samantha",BYU,Big 12,400m,2017,2,,,58.16,seconds,2017 BYU Robison Invitational,2017-04-27,,,,Outdoor,https://www.tfrrs.org/results/51626/3166717/2017_BYU_Robison_Invitational/400-Meters,TFRRS all_performances
"Collinsworth, Shea",BYU,Big 12,400m,2017,4,,,53.89,seconds,2017 BYU Cougar Invitational,2017-05-12,,,,Outdoor,https://www.tfrrs.org/results/51875/3189766/2017_BYU_Cougar_Invitational/400-Meters,TFRRS all_performances
"Hart, Kamryn",BYU,Big 12,400m,2017,1,,,57.64,seconds,2017 BYU Cougar Invitational,2017-05-12,,,,Outdoor,https://www.tfrrs.org/results/51875/3189766/2017_BYU_Cougar_Invitational/400-Meters,TFRRS all_performances
"Reeves, Samantha",BYU,Big 12,400m,2017,2,,,59.33,seconds,2017 BYU Cougar Invitational,2017-05-12,,,,Outdoor,https://www.tfrrs.org/results/51875/3189766/2017_BYU_Cougar_Invitational/400-Meters,TFRRS all_performances
"Bakke, Emma",Baylor,Big 12,400m,2017,1,,,1:01.57,seconds,2017 TCU Invitational,2017-03-17,,,,Outdoor,https://www.tfrrs.org/results/48448/3035793/2017_TCU_Invitational/400-Meters,TFRRS all_performances
"King, Jhane'",Baylor,Big 12,400m,2017,1,,,55.55,seconds,2017 TCU Invitational,2017-03-17,,,,Outdoor,https://www.tfrrs.org/results/48448/3035793/2017_TCU_Invitational/400-Meters,TFRRS all_performances
"Lindsey, Kaitlynn",Baylor,Big 12,400m,2017,3,,,57.62,seconds,2017 TCU Invitational,2017-03-17,,,,Outdoor,https://www.tfrrs.org/results/48448/3035793/2017_TCU_Invitational/400-Meters,TFRRS all_performances
"Powell, Victoria",Baylor,Big 12,400m,2017,1,,,53.73,seconds,2017 TCU Invitational,2017-03-17,,,,Outdoor,https://www.tfrrs.org/results/48448/3035793/2017_TCU_Invitational/400-Meters,TFRRS all_performances
"King, Jhane'",Baylor,Big 12,400m,2017,1,,,55.09,seconds,Roadrunner Invitational,2017-03-23,,,,Outdoor,https://www.tfrrs.org/results/49293/3055178/Roadrunner_Invitational/400-Meters,TFRRS all_performances
"Lindsey, Kaitlynn",Baylor,Big 12,400m,2017,3,,,58.64,seconds,Roadrunner Invitational,2017-03-23,,,,Outdoor,https://www.tfrrs.org/results/49293/3055178/Roadrunner_Invitational/400-Meters,TFRRS all_performances
"Powell, Victoria",Baylor,Big 12,400m,2017,1,,,53.90,seconds,Roadrunner Invitational,2017-03-23,,,,Outdoor,https://www.tfrrs.org/results/49293/3055178/Roadrunner_Invitational/400-Meters,TFRRS all_performances
"De Souza, Leticia",Baylor,Big 12,400m,2017,3,,,52.86,seconds,Baylor Invitational,2017-04-08,,,,Outdoor,https://www.tfrrs.org/results/48979/3099252/Baylor_Invitational/400-Meters,TFRRS all_performances
"King, Jhane'",Baylor,Big 12,400m,2017,1,,,54.46,seconds,Baylor Invitational,2017-04-08,,,,Outdoor,https://www.tfrrs.org/results/48979/3099252/Baylor_Invitational/400-Meters,TFRRS all_performances
"Lindsey, Kaitlynn",Baylor,Big 12,400m,2017,3,,,57.20,seconds,Baylor Invitational,2017-04-08,,,,Outdoor,https://www.tfrrs.org/results/48979/3099252/Baylor_Invitational/400-Meters,TFRRS all_performances
"De Souza, Leticia",Baylor,Big 12,400m,2017,3,,,52.74,seconds,Michael Johnson Invitational,2017-04-22,,,,Outdoor,https://www.tfrrs.org/results/49272/3142987/Michael_Johnson_Invitational/400-Meters,TFRRS all_performances
"King, Jhane'",Baylor,Big 12,400m,2017,1,,,56.28,seconds,Michael Johnson Invitational,2017-04-22,,,,Outdoor,https://www.tfrrs.org/results/49272/3142987/Michael_Johnson_Invitational/400-Meters,TFRRS all_performances
"Lindsey, Kaitlynn",Baylor,Big 12,400m,2017,3,,,58.46,seconds,Michael Johnson Invitational,2017-04-22,,,,Outdoor,https://www.tfrrs.org/results/49272/3142987/Michael_Johnson_Invitational/400-Meters,TFRRS all_performances
"Powell, Victoria",Baylor,Big 12,400m,2017,1,,,54.98,seconds,Michael Johnson Invitational,2017-04-22,,,,Outdoor,https://www.tfrrs.org/results/49272/3142987/Michael_Johnson_Invitational/400-Meters,TFRRS all_performances
"King, Jhane'",Baylor,Big 12,400m,2017,1,,,54.39,seconds,Texas Tech Red Raider Shoot-Out,2017-04-28,,,,Outdoor,https://www.tfrrs.org/results/48624/3163565/Texas_Tech_Red_Raider_Shoot-Out/400-Meters,TFRRS all_performances
"Lindsey, Kaitlynn",Baylor,Big 12,400m,2017,3,,,57.68,seconds,Texas Tech Red Raider Shoot-Out,2017-04-28,,,,Outdoor,https://www.tfrrs.org/results/48624/3163565/Texas_Tech_Red_Raider_Shoot-Out/400-Meters,TFRRS all_performances
"Powell, Victoria",Baylor,Big 12,400m,2017,1,,,53.69,seconds,Texas Tech Red Raider Shoot-Out,2017-04-28,,,,Outdoor,https://www.tfrrs.org/results/48624/3163565/Texas_Tech_Red_Raider_Shoot-Out/400-Meters,TFRRS all_performances
"De Souza, Leticia",Baylor,Big 12,400m,2017,3,,,53.42,seconds,Big 12 Outdoor Track & Field Championships,2017-05-12,,,,Outdoor,https://www.tfrrs.org/results/51401/3192112/Big_12_Outdoor_Track__Field_Championships/400-Meters,TFRRS all_performances
"De Souza, Leticia",Baylor,Big 12,400m,2017,3,,,53.68,seconds,Big 12 Outdoor Track & Field Championships,2017-05-12,,,,Outdoor,https://www.tfrrs.org/results/51401/3192112/Big_12_Outdoor_Track__Field_Championships/400-Meters,TFRRS all_performances
"King, Jhane'",Baylor,Big 12,400m,2017,1,,,55.71,seconds,Big 12 Outdoor Track & Field Championships,2017-05-12,,,,Outdoor,https://www.tfrrs.org/results/51401/3192112/Big_12_Outdoor_Track__Field_Championships/400-Meters,TFRRS all_performances
"Powell, Victoria",Baylor,Big 12,400m,2017,1,,,53.88,seconds,Big 12 Outdoor Track & Field Championships,2017-05-12,,,,Outdoor,https://www.tfrrs.org/results/51401/3192112/Big_12_Outdoor_Track__Field_Championships/400-Meters,TFRRS all_performances
"Powell, Victoria",Baylor,Big 12,400m,2017,1,,,54.25,seconds,Big 12 Outdoor Track & Field Championships,2017-05-12,,,,Outdoor,https://www.tfrrs.org/results/51401/3192112/Big_12_Outdoor_Track__Field_Championships/400-Meters,TFRRS all_performances
"De Souza, Leticia",Baylor,Big 12,400m,2017,3,,,53.24,seconds,NCAA Division I West Preliminary Round,2017-05-25,,,,Outdoor,https://www.tfrrs.org/results/51921/3197647/NCAA_Division_I_West_Preliminary_Round/400-Meters,TFRRS all_performances
"De Souza, Leticia",Baylor,Big 12,400m,2017,3,,,53.48,seconds,NCAA Division I West Preliminary Round,2017-05-25,,,,Outdoor,https://www.tfrrs.org/results/51921/3197647/NCAA_Division_I_West_Preliminary_Round/400-Meters,TFRRS all_performances
"Powell, Victoria",Baylor,Big 12,400m,2017,1,,,54.94,seconds,NCAA Division I West Preliminary Round,2017-05-25,,,,Outdoor,https://www.tfrrs.org/results/51921/3197647/NCAA_Division_I_West_Preliminary_Round/400-Meters,TFRRS all_performances
"Marcucci, Aleenah",Iowa State,Big 12,400m,2017,1,,,1:04.93,seconds,Tulsa Duels,2017-03-17,,,,Outdoor,https://www.tfrrs.org/results/49796/3035578/Tulsa_Duels/400-Meters,TFRRS all_performances
"Whigham, Emma",Iowa State,Big 12,400m,2017,2,,,55.75,seconds,Tulsa Duels,2017-03-17,,,,Outdoor,https://www.tfrrs.org/results/49796/3035578/Tulsa_Duels/400-Meters,TFRRS all_performances
"Whigham, Emma",Iowa State,Big 12,400m,2017,2,,,55.68,seconds,Stanford Invitational,2017-03-31,,,,Outdoor,https://www.tfrrs.org/results/50496/3077244/Stanford_Invitational/400-Meters,TFRRS all_performances
"Smith, Maygen",Texas Tech,Big 12,400m,2017,2,,,55.01,seconds,UTSA Invitational,2017-03-17,,,,Outdoor,https://www.tfrrs.org/results/49273/3037365/UTSA_Invitational/400-Meters,TFRRS all_performances
"Brown, Marika",Texas Tech,Big 12,400m,2017,3,,,53.55,seconds,Wes Kittley Invitational,2017-03-24,,,,Outdoor,https://www.tfrrs.org/results/49664/3056878/Wes_Kittley_Invitational/400-Meters,TFRRS all_performances
"Limp, Sara",Texas Tech,Big 12,400m,2017,2,,,54.48,seconds,Wes Kittley Invitational,2017-03-24,,,,Outdoor,https://www.tfrrs.org/results/49664/3056878/Wes_Kittley_Invitational/400-Meters,TFRRS all_performances
"Parker, Adria",Texas Tech,Big 12,400m,2017,4,,,56.44,seconds,Wes Kittley Invitational,2017-03-24,,,,Outdoor,https://www.tfrrs.org/results/49664/3056878/Wes_Kittley_Invitational/400-Meters,TFRRS all_performances
"Warden, Jadsia",Texas Tech,Big 12,400m,2017,1,,,56.45,seconds,Wes Kittley Invitational,2017-03-24,,,,Outdoor,https://www.tfrrs.org/results/49664/3056878/Wes_Kittley_Invitational/400-Meters,TFRRS all_performances
"Limp, Sara",Texas Tech,Big 12,400m,2017,2,,,54.25,seconds,38th Sun Angel Classic,2017-04-06,,,,Outdoor,https://www.tfrrs.org/results/50850/3101063/38th_Sun_Angel_Classic/400-Meters,TFRRS all_performances
"Parker, Adria",Texas Tech,Big 12,400m,2017,4,,,55.70,seconds,38th Sun Angel Classic,2017-04-06,,,,Outdoor,https://www.tfrrs.org/results/50850/3101057/38th_Sun_Angel_Classic/400-Meters,TFRRS all_performances
"Warden, Jadsia",Texas Tech,Big 12,400m,2017,1,,,55.14,seconds,38th Sun Angel Classic,2017-04-06,,,,Outdoor,https://www.tfrrs.org/results/50850/3101057/38th_Sun_Angel_Classic/400-Meters,TFRRS all_performances
"Rockwell, Taylor",Texas Tech,Big 12,400m,2017,2,,,56.96,seconds,WT Classic and Multi,2017-04-07,,,,Outdoor,https://www.tfrrs.org/results/48316/3099082/WT_Classic_and_Multi/400-Meters,TFRRS all_performances
"Parker, Adria",Texas Tech,Big 12,400m,2017,4,,,56.35,seconds,2017 Horned Frog Invitational,2017-04-15,,,,Outdoor,https://www.tfrrs.org/results/49110/3122760/2017_Horned_Frog_Invitational/400-Meters,TFRRS all_performances
"Rockwell, Taylor",Texas Tech,Big 12,400m,2017,2,,,56.49,seconds,2017 Horned Frog Invitational,2017-04-15,,,,Outdoor,https://www.tfrrs.org/results/49110/3122760/2017_Horned_Frog_Invitational/400-Meters,TFRRS all_performances
"Warden, Jadsia",Texas Tech,Big 12,400m,2017,1,,,56.63,seconds,2017 Horned Frog Invitational,2017-04-15,,,,Outdoor,https://www.tfrrs.org/results/49110/3122760/2017_Horned_Frog_Invitational/400-Meters,TFRRS all_performances
"Brown, Marika",Texas Tech,Big 12,400m,2017,3,,,53.85,seconds,Michael Johnson Invitational,2017-04-22,,,,Outdoor,https://www.tfrrs.org/results/49272/3142987/Michael_Johnson_Invitational/400-Meters,TFRRS all_performances
"Limp, Sara",Texas Tech,Big 12,400m,2017,2,,,55.06,seconds,Michael Johnson Invitational,2017-04-22,,,,Outdoor,https://www.tfrrs.org/results/49272/3142987/Michael_Johnson_Invitational/400-Meters,TFRRS all_performances
"Limp, Sara",Texas Tech,Big 12,400m,2017,2,,,53.63,seconds,Texas Tech Red Raider Shoot-Out,2017-04-28,,,,Outdoor,https://www.tfrrs.org/results/48624/3163565/Texas_Tech_Red_Raider_Shoot-Out/400-Meters,TFRRS all_performances
"Parker, Adria",Texas Tech,Big 12,400m,2017,4,,,55.32,seconds,Texas Tech Red Raider Shoot-Out,2017-04-28,,,,Outdoor,https://www.tfrrs.org/results/48624/3163565/Texas_Tech_Red_Raider_Shoot-Out/400-Meters,TFRRS all_performances
"Rockwell, Taylor",Texas Tech,Big 12,400m,2017,2,,,54.82,seconds,Texas Tech Red Raider Shoot-Out,2017-04-28,,,,Outdoor,https://www.tfrrs.org/results/48624/3163565/Texas_Tech_Red_Raider_Shoot-Out/400-Meters,TFRRS all_performances
"Johnson, Kirsten",Texas Tech,Big 12,400m,2017,3,,,56.23,seconds,Texas Tech Masked Rider Open,2017-05-06,,,,Outdoor,https://www.tfrrs.org/results/48627/3178634/Texas_Tech_Masked_Rider_Open/400-Meters,TFRRS all_performances
"Parker, Adria",Texas Tech,Big 12,400m,2017,4,,,55.49,seconds,Texas Tech Masked Rider Open,2017-05-06,,,,Outdoor,https://www.tfrrs.org/results/48627/3178634/Texas_Tech_Masked_Rider_Open/400-Meters,TFRRS all_performances
"Rockwell, Taylor",Texas Tech,Big 12,400m,2017,2,,,55.43,seconds,Texas Tech Masked Rider Open,2017-05-06,,,,Outdoor,https://www.tfrrs.org/results/48627/3178634/Texas_Tech_Masked_Rider_Open/400-Meters,TFRRS all_performances
"Younger, Lauren",Texas Tech,Big 12,400m,2017,1,,,1:00.93,seconds,Texas Tech Masked Rider Open,2017-05-06,,,,Outdoor,https://www.tfrrs.org/results/48627/3178634/Texas_Tech_Masked_Rider_Open/400-Meters,TFRRS all_performances
"Brown, Marika",Texas Tech,Big 12,400m,2017,3,,,53.67,seconds,Big 12 Outdoor Track & Field Championships,2017-05-12,,,,Outdoor,https://www.tfrrs.org/results/51401/3192112/Big_12_Outdoor_Track__Field_Championships/400-Meters,TFRRS all_performances
"Brown, Marika",Texas Tech,Big 12,400m,2017,3,,,53.99,seconds,Big 12 Outdoor Track & Field Championships,2017-05-12,,,,Outdoor,https://www.tfrrs.org/results/51401/3192112/Big_12_Outdoor_Track__Field_Championships/400-Meters,TFRRS all_performances
"Limp, Sara",Texas Tech,Big 12,400m,2017,2,,,55.30,seconds,Big 12 Outdoor Track & Field Championships,2017-05-12,,,,Outdoor,https://www.tfrrs.org/results/51401/3192112/Big_12_Outdoor_Track__Field_Championships/400-Meters,TFRRS all_performances
"Parker, Adria",Texas Tech,Big 12,400m,2017,4,,,57.05,seconds,Big 12 Outdoor Track & Field Championships,2017-05-12,,,,Outdoor,https://www.tfrrs.org/results/51401/3192112/Big_12_Outdoor_Track__Field_Championships/400-Meters,TFRRS all_performances
"Rockwell, Taylor",Texas Tech,Big 12,400m,2017,2,,,55.64,seconds,Big 12 Outdoor Track & Field Championships,2017-05-12,,,,Outdoor,https://www.tfrrs.org/results/51401/3192112/Big_12_Outdoor_Track__Field_Championships/400-Meters,TFRRS all_performances
"Brown, Marika",Texas Tech,Big 12,400m,2017,3,,,53.89,seconds,NCAA Division I West Preliminary Round,2017-05-25,,,,Outdoor,https://www.tfrrs.org/results/51921/3197647/NCAA_Division_I_West_Preliminary_Round/400-Meters,TFRRS all_performances
"Brown, Marika",Texas Tech,Big 12,400m,2017,3,,,54.63,seconds,NCAA Division I West Preliminary Round,2017-05-25,,,,Outdoor,https://www.tfrrs.org/results/51921/3197647/NCAA_Division_I_West_Preliminary_Round/400-Meters,TFRRS all_performances
"Marry, Miranda",Illinois,Big Ten,400m,2017,3,,,1:00.61,seconds,Charlotte 49er Classic,2017-03-16,,,,Outdoor,https://www.tfrrs.org/results/49797/3035904/Charlotte_49er_Classic/400-Meters,TFRRS all_performances
"Hargrove, Sade",Illinois,Big Ten,400m,2017,2,,,57.40,seconds,EIU Big Blue Classic 2017,2017-03-31,,,,Outdoor,https://www.tfrrs.org/results/50493/3076552/EIU_Big_Blue_Classic_2017/400-Meters,TFRRS all_performances
"Nwoko, Chisom",Illinois,Big Ten,400m,2017,1,,,55.44,seconds,Houston Alumni Invitational,2017-04-08,,,,Outdoor,https://www.tfrrs.org/results/49148/3097994/Houston_Alumni_Invitational/400-Meters,TFRRS all_performances
"Kladar, Kristina",Illinois,Big Ten,400m,2017,2,,,59.83,seconds,Illinois Twilight,2017-04-22,,,,Outdoor,https://www.tfrrs.org/results/46789/3144009/Illinois_Twilight/400-Meters,TFRRS all_performances
"Nwoko, Chisom",Illinois,Big Ten,400m,2017,1,,,56.85,seconds,Illinois Twilight,2017-04-22,,,,Outdoor,https://www.tfrrs.org/results/46789/3144009/Illinois_Twilight/400-Meters,TFRRS all_performances
"Nwoko, Chisom",Illinois,Big Ten,400m,2017,1,,,55.03,seconds,Big Ten Outdoor Championships,2017-05-12,,,,Outdoor,https://www.tfrrs.org/results/51888/3191487/Big_Ten_Outdoor_Championships/400-Meters,TFRRS all_performances
"Phillips, Felicia",Illinois,Big Ten,400m,2017,1,,,57.93,seconds,Big Ten Outdoor Championships,2017-05-12,,,,Outdoor,https://www.tfrrs.org/results/51888/3191487/Big_Ten_Outdoor_Championships/400-Meters,TFRRS all_performances
"Griggs, Kierra",Nebraska,Big Ten,400m,2017,1,,,54.78,seconds,Pac-12 vs Big-10 Invitational,2017-03-24,,,,Outdoor,https://www.tfrrs.org/results/50133/3055334/Pac-12_vs_Big-10_Invitational/400-Meters,TFRRS all_performances
"McIntosh, Quashira",Nebraska,Big Ten,400m,2017,2,,,58.95,seconds,Pac-12 vs Big-10 Invitational,2017-03-24,,,,Outdoor,https://www.tfrrs.org/results/50133/3055334/Pac-12_vs_Big-10_Invitational/400-Meters,TFRRS all_performances
"Griggs, Kierra",Nebraska,Big Ten,400m,2017,1,,,53.80,seconds,2017 Husker Spring Invitational,2017-04-08,,,,Outdoor,https://www.tfrrs.org/results/47644/3098264/2017_Husker_Spring_Invitational/400-Meters,TFRRS all_performances
"Peskova, Michaela",Nebraska,Big Ten,400m,2017,1,,,55.50,seconds,2017 Husker Spring Invitational,2017-04-08,,,,Outdoor,https://www.tfrrs.org/results/47644/3098264/2017_Husker_Spring_Invitational/400-Meters,TFRRS all_performances
"Jones, Chelsey",Nebraska,Big Ten,400m,2017,1,,,55.66,seconds,Tom Botts Invitational,2017-04-14,,,,Outdoor,https://www.tfrrs.org/results/51117/3120361/Tom_Botts_Invitational/400-Meters,TFRRS all_performances
"Peskova, Michaela",Nebraska,Big Ten,400m,2017,1,,,56.51,seconds,Tom Botts Invitational,2017-04-14,,,,Outdoor,https://www.tfrrs.org/results/51117/3120361/Tom_Botts_Invitational/400-Meters,TFRRS all_performances
"Smith, Jessi",Nebraska,Big Ten,400m,2017,1,,,59.28,seconds,Tom Botts Invitational,2017-04-14,,,,Outdoor,https://www.tfrrs.org/results/51117/3120361/Tom_Botts_Invitational/400-Meters,TFRRS all_performances
"Griggs, Kierra",Nebraska,Big Ten,400m,2017,1,,,54.90,seconds,John Jacobs Invitational,2017-04-21,,,,Outdoor,https://www.tfrrs.org/results/51362/3143445/John_Jacobs_Invitational/400-Meters,TFRRS all_performances
"Jones, Chelsey",Nebraska,Big Ten,400m,2017,1,,,55.63,seconds,John Jacobs Invitational,2017-04-21,,,,Outdoor,https://www.tfrrs.org/results/51362/3143445/John_Jacobs_Invitational/400-Meters,TFRRS all_performances
"Griggs, Kierra",Nebraska,Big Ten,400m,2017,1,,,53.03,seconds,Texas Tech Red Raider Shoot-Out,2017-04-28,,,,Outdoor,https://www.tfrrs.org/results/48624/3163565/Texas_Tech_Red_Raider_Shoot-Out/400-Meters,TFRRS all_performances
"Jones, Chelsey",Nebraska,Big Ten,400m,2017,1,,,54.18,seconds,Texas Tech Red Raider Shoot-Out,2017-04-28,,,,Outdoor,https://www.tfrrs.org/results/48624/3163565/Texas_Tech_Red_Raider_Shoot-Out/400-Meters,TFRRS all_performances
"Griggs, Kierra",Nebraska,Big Ten,400m,2017,1,,,54.45,seconds,Big Ten Outdoor Championships,2017-05-12,,,,Outdoor,https://www.tfrrs.org/results/51888/3191487/Big_Ten_Outdoor_Championships/400-Meters,TFRRS all_performances
"Jones, Chelsey",Nebraska,Big Ten,400m,2017,1,,,54.74,seconds,Big Ten Outdoor Championships,2017-05-12,,,,Outdoor,https://www.tfrrs.org/results/51888/3191487/Big_Ten_Outdoor_Championships/400-Meters,TFRRS all_performances
"Griggs, Kierra",Nebraska,Big Ten,400m,2017,1,,,54.32,seconds,NCAA Division I West Preliminary Round,2017-05-25,,,,Outdoor,https://www.tfrrs.org/results/51921/3197647/NCAA_Division_I_West_Preliminary_Round/400-Meters,TFRRS all_performances
"Dunmore, Makenzie",Oregon,Big Ten,400m,2017,1,,,53.05,seconds,Mt. SAC Relays,2017-04-13,,,,Outdoor,https://www.tfrrs.org/results/51129/3123154/Mt_SAC_Relays/400-Meters,TFRRS all_performances
"Guster, Elexis",Oregon,Big Ten,400m,2017,4,,,52.69,seconds,Mt. SAC Relays,2017-04-13,,,,Outdoor,https://www.tfrrs.org/results/51129/3123154/Mt_SAC_Relays/400-Meters,TFRRS all_performances
"Horsley, Ashante",Oregon,Big Ten,400m,2017,4,,,54.49,seconds,Mt. SAC Relays,2017-04-13,,,,Outdoor,https://www.tfrrs.org/results/51129/3123154/Mt_SAC_Relays/400-Meters,TFRRS all_performances
"Waller, Hannah",Oregon,Big Ten,400m,2017,1,,,53.13,seconds,Mt. SAC Relays,2017-04-13,,,,Outdoor,https://www.tfrrs.org/results/51129/3123035/Mt_SAC_Relays/400-Meters,TFRRS all_performances
"Dunmore, Makenzie",Oregon,Big Ten,400m,2017,1,,,51.67,seconds,Pac-12 Championships,2017-05-13,,,,Outdoor,https://www.tfrrs.org/results/51891/3191894/Pac-12_Championships/400-Meters,TFRRS all_performances
"Dunmore, Makenzie",Oregon,Big Ten,400m,2017,1,,,53.73,seconds,Pac-12 Championships,2017-05-13,,,,Outdoor,https://www.tfrrs.org/results/51891/3191894/Pac-12_Championships/400-Meters,TFRRS all_performances
"Guster, Elexis",Oregon,Big Ten,400m,2017,4,,,51.32,seconds,Pac-12 Championships,2017-05-13,,,,Outdoor,https://www.tfrrs.org/results/51891/3191894/Pac-12_Championships/400-Meters,TFRRS all_performances
"Guster, Elexis",Oregon,Big Ten,400m,2017,4,,,52.39,seconds,Pac-12 Championships,2017-05-13,,,,Outdoor,https://www.tfrrs.org/results/51891/3191894/Pac-12_Championships/400-Meters,TFRRS all_performances
"Horsley, Ashante",Oregon,Big Ten,400m,2017,4,,,54.13,seconds,Pac-12 Championships,2017-05-13,,,,Outdoor,https://www.tfrrs.org/results/51891/3191894/Pac-12_Championships/400-Meters,TFRRS all_performances
"Horsley, Ashante",Oregon,Big Ten,400m,2017,4,,,54.30,seconds,Pac-12 Championships,2017-05-13,,,,Outdoor,https://www.tfrrs.org/results/51891/3191894/Pac-12_Championships/400-Meters,TFRRS all_performances
"Waller, Hannah",Oregon,Big Ten,400m,2017,1,,,52.85,seconds,Pac-12 Championships,2017-05-13,,,,Outdoor,https://www.tfrrs.org/results/51891/3191894/Pac-12_Championships/400-Meters,TFRRS all_performances
"Waller, Hannah",Oregon,Big Ten,400m,2017,1,,,54.22,seconds,Pac-12 Championships,2017-05-13,,,,Outdoor,https://www.tfrrs.org/results/51891/3191894/Pac-12_Championships/400-Meters,TFRRS all_performances
"Dunmore, Makenzie",Oregon,Big Ten,400m,2017,1,,,51.75,seconds,NCAA Division I West Preliminary Round,2017-05-25,,,,Outdoor,https://www.tfrrs.org/results/51921/3197647/NCAA_Division_I_West_Preliminary_Round/400-Meters,TFRRS all_performances
"Dunmore, Makenzie",Oregon,Big Ten,400m,2017,1,,,52.41,seconds,NCAA Division I West Preliminary Round,2017-05-25,,,,Outdoor,https://www.tfrrs.org/results/51921/3197647/NCAA_Division_I_West_Preliminary_Round/400-Meters,TFRRS all_performances
"Guster, Elexis",Oregon,Big Ten,400m,2017,4,,,51.78,seconds,NCAA Division I West Preliminary Round,2017-05-25,,,,Outdoor,https://www.tfrrs.org/results/51921/3197647/NCAA_Division_I_West_Preliminary_Round/400-Meters,TFRRS all_performances
"Guster, Elexis",Oregon,Big Ten,400m,2017,4,,,52.27,seconds,NCAA Division I West Preliminary Round,2017-05-25,,,,Outdoor,https://www.tfrrs.org/results/51921/3197647/NCAA_Division_I_West_Preliminary_Round/400-Meters,TFRRS all_performances
"Horsley, Ashante",Oregon,Big Ten,400m,2017,4,,,52.84,seconds,NCAA Division I West Preliminary Round,2017-05-25,,,,Outdoor,https://www.tfrrs.org/results/51921/3197647/NCAA_Division_I_West_Preliminary_Round/400-Meters,TFRRS all_performances
"Horsley, Ashante",Oregon,Big Ten,400m,2017,4,,,53.56,seconds,NCAA Division I West Preliminary Round,2017-05-25,,,,Outdoor,https://www.tfrrs.org/results/51921/3197647/NCAA_Division_I_West_Preliminary_Round/400-Meters,TFRRS all_performances
"Waller, Hannah",Oregon,Big Ten,400m,2017,1,,,54.58,seconds,NCAA Division I West Preliminary Round,2017-05-25,,,,Outdoor,https://www.tfrrs.org/results/51921/3197647/NCAA_Division_I_West_Preliminary_Round/400-Meters,TFRRS all_performances
"Dunmore, Makenzie",Oregon,Big Ten,400m,2017,1,,,52.07,seconds,NCAA Division I Outdoor Track & Field Championships,2017-06-07,,,,Outdoor,https://www.tfrrs.org/results/51935/3199120/NCAA_Division_I_Outdoor_Track__Field_Championships/400-Meters,TFRRS all_performances
"Guster, Elexis",Oregon,Big Ten,400m,2017,4,,,51.93,seconds,NCAA Division I Outdoor Track & Field Championships,2017-06-07,,,,Outdoor,https://www.tfrrs.org/results/51935/3199120/NCAA_Division_I_Outdoor_Track__Field_Championships/400-Meters,TFRRS all_performances
"Guster, Elexis",Oregon,Big Ten,400m,2017,4,,,52.25,seconds,NCAA Division I Outdoor Track & Field Championships,2017-06-07,,,,Outdoor,https://www.tfrrs.org/results/51935/3199120/NCAA_Division_I_Outdoor_Track__Field_Championships/400-Meters,TFRRS all_performances
"Horsley, Ashante",Oregon,Big Ten,400m,2017,4,,,53.98,seconds,NCAA Division I Outdoor Track & Field Championships,2017-06-07,,,,Outdoor,https://www.tfrrs.org/results/51935/3199120/NCAA_Division_I_Outdoor_Track__Field_Championships/400-Meters,TFRRS all_performances
"Constantine, Kyra",USC,Big Ten,400m,2017,1,,,53.95,seconds,Trojan Invitational,2017-03-17,,,,Outdoor,https://www.tfrrs.org/results/48842/3036924/Trojan_Invitational/400-Meters,TFRRS all_performances
"Iuel, Amalie",USC,Big Ten,400m,2017,4,,,51.81,seconds,Trojan Invitational,2017-03-17,,,,Outdoor,https://www.tfrrs.org/results/48842/3036924/Trojan_Invitational/400-Meters,TFRRS all_performances
"Richardson, Kayla",USC,Big Ten,400m,2017,1,,,54.62,seconds,Trojan Invitational,2017-03-17,,,,Outdoor,https://www.tfrrs.org/results/48842/3036924/Trojan_Invitational/400-Meters,TFRRS all_performances
"Glynn, Rachel",USC,Big Ten,400m,2017,2,,,1:00.80,seconds,39th Annual Aztec Invitational,2017-03-24,,,,Outdoor,https://www.tfrrs.org/results/48789/3054532/39th_Annual_Aztec_Invitational/400-Meters,TFRRS all_performances
"Richardson, Kayla",USC,Big Ten,400m,2017,1,,,54.45,seconds,39th Annual Aztec Invitational,2017-03-24,,,,Outdoor,https://www.tfrrs.org/results/48789/3054532/39th_Annual_Aztec_Invitational/400-Meters,TFRRS all_performances
"Smith, Mikaela",USC,Big Ten,400m,2017,2,,,55.65,seconds,California Collegiate Invitational,2017-04-01,,,,Outdoor,https://www.tfrrs.org/results/48441/3077308/California_Collegiate_Invitational/400-Meters,TFRRS all_performances
"Constantine, Kyra",USC,Big Ten,400m,2017,1,,,53.18,seconds,LSU Battle on the Bayou,2017-04-08,,,,Outdoor,https://www.tfrrs.org/results/47399/3096418/LSU_Battle_on_the_Bayou/400-Meters,TFRRS all_performances
"Ellis, Kendall",USC,Big Ten,400m,2017,3,,,50.98,seconds,LSU Battle on the Bayou,2017-04-08,,,,Outdoor,https://www.tfrrs.org/results/47399/3096418/LSU_Battle_on_the_Bayou/400-Meters,TFRRS all_performances
"Pettigrew, Cameron",USC,Big Ten,400m,2017,4,,,52.11,seconds,LSU Battle on the Bayou,2017-04-08,,,,Outdoor,https://www.tfrrs.org/results/47399/3096418/LSU_Battle_on_the_Bayou/400-Meters,TFRRS all_performances
"Richardson, Kayla",USC,Big Ten,400m,2017,1,,,54.06,seconds,LSU Battle on the Bayou,2017-04-08,,,,Outdoor,https://www.tfrrs.org/results/47399/3096418/LSU_Battle_on_the_Bayou/400-Meters,TFRRS all_performances
"Gillian, Kennedy",USC,Big Ten,400m,2017,1,,,57.25,seconds,Pacific Beach Intercollegiate,2017-04-13,,,,Outdoor,https://www.tfrrs.org/results/51138/3123994/Pacific_Beach_Intercollegiate/400-Meters,TFRRS all_performances
"Pettigrew, Cameron",USC,Big Ten,400m,2017,4,,,52.28,seconds,Mt. SAC Relays,2017-04-13,,,,Outdoor,https://www.tfrrs.org/results/51129/3123154/Mt_SAC_Relays/400-Meters,TFRRS all_performances
"Richardson, Kayla",USC,Big Ten,400m,2017,1,,,53.81,seconds,Mt. SAC Relays,2017-04-13,,,,Outdoor,https://www.tfrrs.org/results/51129/3123035/Mt_SAC_Relays/400-Meters,TFRRS all_performances
"Gillian, Kennedy",USC,Big Ten,400m,2017,1,,,57.13,seconds,2017 Triton Invitational,2017-04-21,,,,Outdoor,https://www.tfrrs.org/results/48442/3143218/2017_Triton_Invitational/400-Meters,TFRRS all_performances
"Constantine, Kyra",USC,Big Ten,400m,2017,1,,,53.21,seconds,USC vs. UCLA,2017-04-29,,,,Outdoor,https://www.tfrrs.org/results/51638/3164134/USC_vs_UCLA/400-Meters,TFRRS all_performances
"Ellis, Kendall",USC,Big Ten,400m,2017,3,,,51.37,seconds,USC vs. UCLA,2017-04-29,,,,Outdoor,https://www.tfrrs.org/results/51638/3164134/USC_vs_UCLA/400-Meters,TFRRS all_performances
"Gillian, Kennedy",USC,Big Ten,400m,2017,1,,,56.35,seconds,USC vs. UCLA,2017-04-29,,,,Outdoor,https://www.tfrrs.org/results/51638/3164134/USC_vs_UCLA/400-Meters,TFRRS all_performances
"Richardson, Kayla",USC,Big Ten,400m,2017,1,,,53.95,seconds,USC vs. UCLA,2017-04-29,,,,Outdoor,https://www.tfrrs.org/results/51638/3164134/USC_vs_UCLA/400-Meters,TFRRS all_performances
"Constantine, Kyra",USC,Big Ten,400m,2017,1,,,52.92,seconds,Pac-12 Championships,2017-05-13,,,,Outdoor,https://www.tfrrs.org/results/51891/3191894/Pac-12_Championships/400-Meters,TFRRS all_performances
"Constantine, Kyra",USC,Big Ten,400m,2017,1,,,54.00,seconds,Pac-12 Championships,2017-05-13,,,,Outdoor,https://www.tfrrs.org/results/51891/3191894/Pac-12_Championships/400-Meters,TFRRS all_performances
"Ellis, Kendall",USC,Big Ten,400m,2017,3,,,50.66,seconds,Pac-12 Championships,2017-05-13,,,,Outdoor,https://www.tfrrs.org/results/51891/3191894/Pac-12_Championships/400-Meters,TFRRS all_performances
"Ellis, Kendall",USC,Big Ten,400m,2017,3,,,53.16,seconds,Pac-12 Championships,2017-05-13,,,,Outdoor,https://www.tfrrs.org/results/51891/3191894/Pac-12_Championships/400-Meters,TFRRS all_performances
"Pettigrew, Cameron",USC,Big Ten,400m,2017,4,,,51.61,seconds,Pac-12 Championships,2017-05-13,,,,Outdoor,https://www.tfrrs.org/results/51891/3191894/Pac-12_Championships/400-Meters,TFRRS all_performances
"Pettigrew, Cameron",USC,Big Ten,400m,2017,4,,,53.51,seconds,Pac-12 Championships,2017-05-13,,,,Outdoor,https://www.tfrrs.org/results/51891/3191894/Pac-12_Championships/400-Meters,TFRRS all_performances
"Richardson, Kayla",USC,Big Ten,400m,2017,1,,,55.51,seconds,Pac-12 Championships,2017-05-13,,,,Outdoor,https://www.tfrrs.org/results/51891/3191894/Pac-12_Championships/400-Meters,TFRRS all_performances
"Constantine, Kyra",USC,Big Ten,400m,2017,1,,,54.37,seconds,NCAA Division I West Preliminary Round,2017-05-25,,,,Outdoor,https://www.tfrrs.org/results/51921/3197647/NCAA_Division_I_West_Preliminary_Round/400-Meters,TFRRS all_performances
"Ellis, Kendall",USC,Big Ten,400m,2017,3,,,50.45,seconds,NCAA Division I West Preliminary Round,2017-05-25,,,,Outdoor,https://www.tfrrs.org/results/51921/3197647/NCAA_Division_I_West_Preliminary_Round/400-Meters,TFRRS all_performances
"Ellis, Kendall",USC,Big Ten,400m,2017,3,,,52.45,seconds,NCAA Division I West Preliminary Round,2017-05-25,,,,Outdoor,https://www.tfrrs.org/results/51921/3197647/NCAA_Division_I_West_Preliminary_Round/400-Meters,TFRRS all_performances
"Pettigrew, Cameron",USC,Big Ten,400m,2017,4,,,51.83,seconds,NCAA Division I West Preliminary Round,2017-05-25,,,,Outdoor,https://www.tfrrs.org/results/51921/3197647/NCAA_Division_I_West_Preliminary_Round/400-Meters,TFRRS all_performances
"Pettigrew, Cameron",USC,Big Ten,400m,2017,4,,,52.55,seconds,NCAA Division I West Preliminary Round,2017-05-25,,,,Outdoor,https://www.tfrrs.org/results/51921/3197647/NCAA_Division_I_West_Preliminary_Round/400-Meters,TFRRS all_performances
"Richardson, Kayla",USC,Big Ten,400m,2017,1,,,55.20,seconds,NCAA Division I West Preliminary Round,2017-05-25,,,,Outdoor,https://www.tfrrs.org/results/51921/3197647/NCAA_Division_I_West_Preliminary_Round/400-Meters,TFRRS all_performances
"Ellis, Kendall",USC,Big Ten,400m,2017,3,,,51.06,seconds,NCAA Division I Outdoor Track & Field Championships,2017-06-07,,,,Outdoor,https://www.tfrrs.org/results/51935/3199120/NCAA_Division_I_Outdoor_Track__Field_Championships/400-Meters,TFRRS all_performances
"Ellis, Kendall",USC,Big Ten,400m,2017,3,,,51.80,seconds,NCAA Division I Outdoor Track & Field Championships,2017-06-07,,,,Outdoor,https://www.tfrrs.org/results/51935/3199120/NCAA_Division_I_Outdoor_Track__Field_Championships/400-Meters,TFRRS all_performances
"Pettigrew, Cameron",USC,Big Ten,400m,2017,4,,,52.05,seconds,NCAA Division I Outdoor Track & Field Championships,2017-06-07,,,,Outdoor,https://www.tfrrs.org/results/51935/3199120/NCAA_Division_I_Outdoor_Track__Field_Championships/400-Meters,TFRRS all_performances
"Pettigrew, Cameron",USC,Big Ten,400m,2017,4,,,52.52,seconds,NCAA Division I Outdoor Track & Field Championships,2017-06-07,,,,Outdoor,https://www.tfrrs.org/results/51935/3199120/NCAA_Division_I_Outdoor_Track__Field_Championships/400-Meters,TFRRS all_performances
"Birkenfeld, Carolyn",Washington,Big Ten,400m,2017,3,,,55.74,seconds,Trojan Invitational,2017-03-17,,,,Outdoor,https://www.tfrrs.org/results/48842/3036924/Trojan_Invitational/400-Meters,TFRRS all_performances
"Wade, Necy",Washington,Big Ten,400m,2017,3,,,57.45,seconds,Trojan Invitational,2017-03-17,,,,Outdoor,https://www.tfrrs.org/results/48842/3036924/Trojan_Invitational/400-Meters,TFRRS all_performances
"Derby, Hannah",Washington,Big Ten,400m,2017,2,,,55.83,seconds,Doris Heritage Distance Festival,2017-03-25,,,,Outdoor,https://www.tfrrs.org/results/49572/3057790/Doris_Heritage_Distance_Festival/400-Meters,TFRRS all_performances
"Eke, Chisom",Washington,Big Ten,400m,2017,1,,,59.83,seconds,Doris Heritage Distance Festival,2017-03-25,,,,Outdoor,https://www.tfrrs.org/results/49572/3057790/Doris_Heritage_Distance_Festival/400-Meters,TFRRS all_performances
"Birkenfeld, Carolyn",Washington,Big Ten,400m,2017,3,,,57.64,seconds,Stanford Invitational,2017-03-31,,,,Outdoor,https://www.tfrrs.org/results/50496/3077244/Stanford_Invitational/400-Meters,TFRRS all_performances
"Diggs, Whitney",Washington,Big Ten,400m,2017,4,,,56.38,seconds,Stanford Invitational,2017-03-31,,,,Outdoor,https://www.tfrrs.org/results/50496/3077244/Stanford_Invitational/400-Meters,TFRRS all_performances
"Anuakpado, Laura",Washington,Big Ten,400m,2017,4,,,54.25,seconds,Mt. SAC Relays,2017-04-13,,,,Outdoor,https://www.tfrrs.org/results/51129/3123154/Mt_SAC_Relays/400-Meters,TFRRS all_performances
"Birkenfeld, Carolyn",Washington,Big Ten,400m,2017,3,,,55.89,seconds,Beach Invitational,2017-04-14,,,,Outdoor,https://www.tfrrs.org/results/51137/3123791/Beach_Invitational/400-Meters,TFRRS all_performances
"Diggs, Whitney",Washington,Big Ten,400m,2017,4,,,55.66,seconds,Beach Invitational,2017-04-14,,,,Outdoor,https://www.tfrrs.org/results/51137/3123791/Beach_Invitational/400-Meters,TFRRS all_performances
"Anuakpado, Laura",Washington,Big Ten,400m,2017,4,,,53.72,seconds,2017 UW v. WSU Dual,2017-04-23,,,,Outdoor,https://www.tfrrs.org/results/50424/3146230/2017_UW_v_WSU_Dual_/400-Meters,TFRRS all_performances
"Apostol, Imani",Washington,Big Ten,400m,2017,2,,,56.57,seconds,2017 UW v. WSU Dual,2017-04-23,,,,Outdoor,https://www.tfrrs.org/results/50424/3146230/2017_UW_v_WSU_Dual_/400-Meters,TFRRS all_performances
"Birkenfeld, Carolyn",Washington,Big Ten,400m,2017,3,,,56.30,seconds,2017 UW v. WSU Dual,2017-04-23,,,,Outdoor,https://www.tfrrs.org/results/50424/3146230/2017_UW_v_WSU_Dual_/400-Meters,TFRRS all_performances
"Diggs, Whitney",Washington,Big Ten,400m,2017,4,,,55.55,seconds,2017 UW v. WSU Dual,2017-04-23,,,,Outdoor,https://www.tfrrs.org/results/50424/3146230/2017_UW_v_WSU_Dual_/400-Meters,TFRRS all_performances
"Birkenfeld, Carolyn",Washington,Big Ten,400m,2017,3,,,57.03,seconds,Oregon State University High Performance,2017-04-28,,,,Outdoor,https://www.tfrrs.org/results/48540/3162694/Oregon_State_University_High_Performance/400-Meters,TFRRS all_performances
"Diggs, Whitney",Washington,Big Ten,400m,2017,4,,,55.88,seconds,Oregon State University High Performance,2017-04-28,,,,Outdoor,https://www.tfrrs.org/results/48540/3162694/Oregon_State_University_High_Performance/400-Meters,TFRRS all_performances
"Apostol, Imani",Washington,Big Ten,400m,2017,2,,,55.23,seconds,2017 Ken Shannon Invitational,2017-05-05,,,,Outdoor,https://www.tfrrs.org/results/50368/3178301/2017_Ken_Shannon_Invitational/400-Meters,TFRRS all_performances
"Eke, Chisom",Washington,Big Ten,400m,2017,1,,,58.29,seconds,2017 Ken Shannon Invitational,2017-05-05,,,,Outdoor,https://www.tfrrs.org/results/50368/3178301/2017_Ken_Shannon_Invitational/400-Meters,TFRRS all_performances
"Anuakpado, Laura",Washington,Big Ten,400m,2017,4,,,54.69,seconds,Pac-12 Championships,2017-05-13,,,,Outdoor,https://www.tfrrs.org/results/51891/3191894/Pac-12_Championships/400-Meters,TFRRS all_performances
"Apostol, Imani",Washington,Big Ten,400m,2017,2,,,55.29,seconds,Pac-12 Championships,2017-05-13,,,,Outdoor,https://www.tfrrs.org/results/51891/3191894/Pac-12_Championships/400-Meters,TFRRS all_performances
"Birkenfeld, Carolyn",Washington,Big Ten,400m,2017,3,,,58.19,seconds,Pac-12 Championships,2017-05-13,,,,Outdoor,https://www.tfrrs.org/results/51891/3191894/Pac-12_Championships/400-Meters,TFRRS all_performances
"Diggs, Whitney",Washington,Big Ten,400m,2017,4,,,56.55,seconds,Pac-12 Championships,2017-05-13,,,,Outdoor,https://www.tfrrs.org/results/51891/3191894/Pac-12_Championships/400-Meters,TFRRS all_performances
"Anuakpado, Laura",Washington,Big Ten,400m,2017,4,,,53.00,seconds,NCAA Division I West Preliminary Round,2017-05-25,,,,Outdoor,https://www.tfrrs.org/results/51921/3197647/NCAA_Division_I_West_Preliminary_Round/400-Meters,TFRRS all_performances
"Anuakpado, Laura",Washington,Big Ten,400m,2017,4,,,53.73,seconds,NCAA Division I West Preliminary Round,2017-05-25,,,,Outdoor,https://www.tfrrs.org/results/51921/3197647/NCAA_Division_I_West_Preliminary_Round/400-Meters,TFRRS all_performances
"Anuakpado, Laura",Washington,Big Ten,400m,2017,4,,,54.81,seconds,NCAA Division I Outdoor Track & Field Championships,2017-06-07,,,,Outdoor,https://www.tfrrs.org/results/51935/3199120/NCAA_Division_I_Outdoor_Track__Field_Championships/400-Meters,TFRRS all_performances
"Crawford, Amanda",Alabama,SEC,400m,2017,1,,,56.57,seconds,FSU Relays,2017-03-24,,,,Outdoor,https://www.tfrrs.org/results/50136/3055441/FSU_Relays/400-Meters,TFRRS all_performances
"Crawford, Amanda",Alabama,SEC,400m,2017,1,,,56.58,seconds,Florida Relays,2017-03-30,,,,Outdoor,https://www.tfrrs.org/results/48929/3076601/Florida_Relays/400-Meters,TFRRS all_performances
"Gholston, Alex",Alabama,SEC,400m,2017,4,,,52.79,seconds,Florida Relays,2017-03-30,,,,Outdoor,https://www.tfrrs.org/results/48929/3076601/Florida_Relays/400-Meters,TFRRS all_performances
"Sassaman, Nicole",Alabama,SEC,400m,2017,4,,,58.67,seconds,Florida Relays,2017-03-30,,,,Outdoor,https://www.tfrrs.org/results/48929/3076601/Florida_Relays/400-Meters,TFRRS all_performances
"Williams, Domonique",Alabama,SEC,400m,2017,4,,,53.82,seconds,Florida Relays,2017-03-30,,,,Outdoor,https://www.tfrrs.org/results/48929/3076601/Florida_Relays/400-Meters,TFRRS all_performances
"Roberson, Takyera",Alabama,SEC,400m,2017,1,,,53.95,seconds,Crimson Tide Invitational,2017-04-07,,,,Outdoor,https://www.tfrrs.org/results/50834/3099039/Crimson_Tide_Invitational/400-Meters,TFRRS all_performances
"Sassaman, Nicole",Alabama,SEC,400m,2017,4,,,57.88,seconds,Crimson Tide Invitational,2017-04-07,,,,Outdoor,https://www.tfrrs.org/results/50834/3099039/Crimson_Tide_Invitational/400-Meters,TFRRS all_performances
"Sassaman, Nicole",Alabama,SEC,400m,2017,4,,,57.69,seconds,Jim Bush Collegiate Invitational,2017-04-15,,,,Outdoor,https://www.tfrrs.org/results/49208/3122234/Jim_Bush_Collegiate_Invitational/400-Meters,TFRRS all_performances
"Williams, Domonique",Alabama,SEC,400m,2017,4,,,52.41,seconds,Jim Bush Collegiate Invitational,2017-04-15,,,,Outdoor,https://www.tfrrs.org/results/49208/3122234/Jim_Bush_Collegiate_Invitational/400-Meters,TFRRS all_performances
"Mazi, Hope",Alabama,SEC,400m,2017,1,,,59.24,seconds,War Eagle Invititaional,2017-04-21,,,,Outdoor,https://www.tfrrs.org/results/46827/3142780/War_Eagle_Invititaional/400-Meters,TFRRS all_performances
"Sassaman, Nicole",Alabama,SEC,400m,2017,4,,,57.98,seconds,War Eagle Invititaional,2017-04-21,,,,Outdoor,https://www.tfrrs.org/results/46827/3142780/War_Eagle_Invititaional/400-Meters,TFRRS all_performances
"Crawford, Amanda",Alabama,SEC,400m,2017,1,,,56.13,seconds,SEC Relays,2017-04-28,,,,Outdoor,https://www.tfrrs.org/results/47401/3160521/SEC_Relays/400-Meters,TFRRS all_performances
"Darius, Symone",Alabama,SEC,400m,2017,1,,,54.82,seconds,SEC Outdoor Track & Field Championships,2017-05-11,,,,Outdoor,https://www.tfrrs.org/results/51877/3190122/SEC_Outdoor_Track__Field_Championships/400-Meters,TFRRS all_performances
"Gholston, Alex",Alabama,SEC,400m,2017,4,,,53.37,seconds,SEC Outdoor Track & Field Championships,2017-05-11,,,,Outdoor,https://www.tfrrs.org/results/51877/3190122/SEC_Outdoor_Track__Field_Championships/400-Meters,TFRRS all_performances
"Roberson, Takyera",Alabama,SEC,400m,2017,1,,,52.51,seconds,SEC Outdoor Track & Field Championships,2017-05-11,,,,Outdoor,https://www.tfrrs.org/results/51877/3190122/SEC_Outdoor_Track__Field_Championships/400-Meters,TFRRS all_performances
"Roberson, Takyera",Alabama,SEC,400m,2017,1,,,52.94,seconds,SEC Outdoor Track & Field Championships,2017-05-11,,,,Outdoor,https://www.tfrrs.org/results/51877/3190122/SEC_Outdoor_Track__Field_Championships/400-Meters,TFRRS all_performances
"Williams, Domonique",Alabama,SEC,400m,2017,4,,,52.54,seconds,SEC Outdoor Track & Field Championships,2017-05-11,,,,Outdoor,https://www.tfrrs.org/results/51877/3190122/SEC_Outdoor_Track__Field_Championships/400-Meters,TFRRS all_performances
"Williams, Domonique",Alabama,SEC,400m,2017,4,,,53.05,seconds,SEC Outdoor Track & Field Championships,2017-05-11,,,,Outdoor,https://www.tfrrs.org/results/51877/3190122/SEC_Outdoor_Track__Field_Championships/400-Meters,TFRRS all_performances
"Gholston, Alex",Alabama,SEC,400m,2017,4,,,53.74,seconds,NCAA Division I East Preliminary Round,2017-05-25,,,,Outdoor,https://www.tfrrs.org/results/51920/3197608/NCAA_Division_I_East_Preliminary_Round/400-Meters,TFRRS all_performances
"Gholston, Alex",Alabama,SEC,400m,2017,4,,,53.93,seconds,NCAA Division I East Preliminary Round,2017-05-25,,,,Outdoor,https://www.tfrrs.org/results/51920/3197608/NCAA_Division_I_East_Preliminary_Round/400-Meters,TFRRS all_performances
"Roberson, Takyera",Alabama,SEC,400m,2017,1,,,52.41,seconds,NCAA Division I East Preliminary Round,2017-05-25,,,,Outdoor,https://www.tfrrs.org/results/51920/3197608/NCAA_Division_I_East_Preliminary_Round/400-Meters,TFRRS all_performances
"Roberson, Takyera",Alabama,SEC,400m,2017,1,,,53.29,seconds,NCAA Division I East Preliminary Round,2017-05-25,,,,Outdoor,https://www.tfrrs.org/results/51920/3197608/NCAA_Division_I_East_Preliminary_Round/400-Meters,TFRRS all_performances
"Williams, Domonique",Alabama,SEC,400m,2017,4,,,51.90,seconds,NCAA Division I East Preliminary Round,2017-05-25,,,,Outdoor,https://www.tfrrs.org/results/51920/3197608/NCAA_Division_I_East_Preliminary_Round/400-Meters,TFRRS all_performances
"Williams, Domonique",Alabama,SEC,400m,2017,4,,,52.56,seconds,NCAA Division I East Preliminary Round,2017-05-25,,,,Outdoor,https://www.tfrrs.org/results/51920/3197608/NCAA_Division_I_East_Preliminary_Round/400-Meters,TFRRS all_performances
"Roberson, Takyera",Alabama,SEC,400m,2017,1,,,53.15,seconds,NCAA Division I Outdoor Track & Field Championships,2017-06-07,,,,Outdoor,https://www.tfrrs.org/results/51935/3199120/NCAA_Division_I_Outdoor_Track__Field_Championships/400-Meters,TFRRS all_performances
"Williams, Domonique",Alabama,SEC,400m,2017,4,,,52.50,seconds,NCAA Division I Outdoor Track & Field Championships,2017-06-07,,,,Outdoor,https://www.tfrrs.org/results/51935/3199120/NCAA_Division_I_Outdoor_Track__Field_Championships/400-Meters,TFRRS all_performances
"Jefferson, Kyra",Florida,SEC,400m,2017,4,,,52.75,seconds,Miami Hurricane Collegiate Invitational,2017-03-25,,,,Outdoor,https://www.tfrrs.org/results/46899/3053270/Miami_Hurricane_Collegiate_Invitational/400-Meters,TFRRS all_performances
"Barnett, Sharrika",Florida,SEC,400m,2017,2,,,52.25,seconds,Florida Relays,2017-03-30,,,,Outdoor,https://www.tfrrs.org/results/48929/3076601/Florida_Relays/400-Meters,TFRRS all_performances
"Gause, Destinee",Florida,SEC,400m,2017,4,,,54.06,seconds,Florida Relays,2017-03-30,,,,Outdoor,https://www.tfrrs.org/results/48929/3076601/Florida_Relays/400-Meters,TFRRS all_performances
"Jefferson, Kyra",Florida,SEC,400m,2017,4,,,52.88,seconds,Florida Relays,2017-03-30,,,,Outdoor,https://www.tfrrs.org/results/48929/3076601/Florida_Relays/400-Meters,TFRRS all_performances
"Sharpe, Taylor",Florida,SEC,400m,2017,3,,,52.78,seconds,Florida Relays,2017-03-30,,,,Outdoor,https://www.tfrrs.org/results/48929/3076601/Florida_Relays/400-Meters,TFRRS all_performances
"Barnett, Sharrika",Florida,SEC,400m,2017,2,,,52.89,seconds,2017 Horned Frog Invitational,2017-04-15,,,,Outdoor,https://www.tfrrs.org/results/49110/3122760/2017_Horned_Frog_Invitational/400-Meters,TFRRS all_performances
"Sharpe, Taylor",Florida,SEC,400m,2017,3,,,54.47,seconds,2017 Horned Frog Invitational,2017-04-15,,,,Outdoor,https://www.tfrrs.org/results/49110/3122760/2017_Horned_Frog_Invitational/400-Meters,TFRRS all_performances
"Sharpe, Taylor",Florida,SEC,400m,2017,3,,,53.67,seconds,UF Tom Jones Memorial,2017-04-28,,,,Outdoor,https://www.tfrrs.org/results/50650/3158893/UF_Tom_Jones_Memorial/400-Meters,TFRRS all_performances
"Barnett, Sharrika",Florida,SEC,400m,2017,2,,,52.29,seconds,SEC Outdoor Track & Field Championships,2017-05-11,,,,Outdoor,https://www.tfrrs.org/results/51877/3190122/SEC_Outdoor_Track__Field_Championships/400-Meters,TFRRS all_performances
"Barnett, Sharrika",Florida,SEC,400m,2017,2,,,52.55,seconds,SEC Outdoor Track & Field Championships,2017-05-11,,,,Outdoor,https://www.tfrrs.org/results/51877/3190122/SEC_Outdoor_Track__Field_Championships/400-Meters,TFRRS all_performances
"Gause, Destinee",Florida,SEC,400m,2017,4,,,53.52,seconds,SEC Outdoor Track & Field Championships,2017-05-11,,,,Outdoor,https://www.tfrrs.org/results/51877/3190122/SEC_Outdoor_Track__Field_Championships/400-Meters,TFRRS all_performances
"Sharpe, Taylor",Florida,SEC,400m,2017,3,,,54.08,seconds,SEC Outdoor Track & Field Championships,2017-05-11,,,,Outdoor,https://www.tfrrs.org/results/51877/3190122/SEC_Outdoor_Track__Field_Championships/400-Meters,TFRRS all_performances
"Barnett, Sharrika",Florida,SEC,400m,2017,2,,,51.78,seconds,NCAA Division I East Preliminary Round,2017-05-25,,,,Outdoor,https://www.tfrrs.org/results/51920/3197608/NCAA_Division_I_East_Preliminary_Round/400-Meters,TFRRS all_performances
"Barnett, Sharrika",Florida,SEC,400m,2017,2,,,52.57,seconds,NCAA Division I East Preliminary Round,2017-05-25,,,,Outdoor,https://www.tfrrs.org/results/51920/3197608/NCAA_Division_I_East_Preliminary_Round/400-Meters,TFRRS all_performances
"Sharpe, Taylor",Florida,SEC,400m,2017,3,,,53.06,seconds,NCAA Division I East Preliminary Round,2017-05-25,,,,Outdoor,https://www.tfrrs.org/results/51920/3197608/NCAA_Division_I_East_Preliminary_Round/400-Meters,TFRRS all_performances
"Sharpe, Taylor",Florida,SEC,400m,2017,3,,,53.71,seconds,NCAA Division I East Preliminary Round,2017-05-25,,,,Outdoor,https://www.tfrrs.org/results/51920/3197608/NCAA_Division_I_East_Preliminary_Round/400-Meters,TFRRS all_performances
"Barnett, Sharrika",Florida,SEC,400m,2017,2,,,51.67,seconds,NCAA Division I Outdoor Track & Field Championships,2017-06-07,,,,Outdoor,https://www.tfrrs.org/results/51935/3199120/NCAA_Division_I_Outdoor_Track__Field_Championships/400-Meters,TFRRS all_performances
"Barnett, Sharrika",Florida,SEC,400m,2017,2,,,51.84,seconds,NCAA Division I Outdoor Track & Field Championships,2017-06-07,,,,Outdoor,https://www.tfrrs.org/results/51935/3199120/NCAA_Division_I_Outdoor_Track__Field_Championships/400-Meters,TFRRS all_performances
"Gardner, Sarah",Georgia,SEC,400m,2017,4,,,1:01.35,seconds,Georgia Tech Yellow Jacket Invitational,2017-03-17,,,,Outdoor,https://www.tfrrs.org/results/49257/3033666/Georgia_Tech_Yellow_Jacket_Invitational/400-Meters,TFRRS all_performances
"Ransby, Micaiah",Georgia,SEC,400m,2017,1,,,54.56,seconds,Georgia Tech Yellow Jacket Invitational,2017-03-17,,,,Outdoor,https://www.tfrrs.org/results/49257/3033666/Georgia_Tech_Yellow_Jacket_Invitational/400-Meters,TFRRS all_performances
"Reid, Catherine",Georgia,SEC,400m,2017,1,,,55.36,seconds,Georgia Tech Yellow Jacket Invitational,2017-03-17,,,,Outdoor,https://www.tfrrs.org/results/49257/3033666/Georgia_Tech_Yellow_Jacket_Invitational/400-Meters,TFRRS all_performances
"Gardner, Sarah",Georgia,SEC,400m,2017,4,,,59.93,seconds,Spec Towns Invitational,2017-04-07,,,,Outdoor,https://www.tfrrs.org/results/50860/3101797/Spec_Towns_Invitational/400-Meters,TFRRS all_performances
"Ransby, Micaiah",Georgia,SEC,400m,2017,1,,,54.57,seconds,Spec Towns Invitational,2017-04-07,,,,Outdoor,https://www.tfrrs.org/results/50860/3101797/Spec_Towns_Invitational/400-Meters,TFRRS all_performances
"Reid, Catherine",Georgia,SEC,400m,2017,1,,,54.91,seconds,Spec Towns Invitational,2017-04-07,,,,Outdoor,https://www.tfrrs.org/results/50860/3101797/Spec_Towns_Invitational/400-Meters,TFRRS all_performances
"Artis, Devon",Georgia,SEC,400m,2017,3,,,55.46,seconds,Gamecock Invitational,2017-04-15,,,,Outdoor,https://www.tfrrs.org/results/48465/3121624/Gamecock_Invitational/400-Meters,TFRRS all_performances
"Reid, Catherine",Georgia,SEC,400m,2017,1,,,54.71,seconds,Gamecock Invitational,2017-04-15,,,,Outdoor,https://www.tfrrs.org/results/48465/3121624/Gamecock_Invitational/400-Meters,TFRRS all_performances
"Ransby, Micaiah",Georgia,SEC,400m,2017,1,,,54.09,seconds,Torrin Lawrence Memorial,2017-05-06,,,,Outdoor,https://www.tfrrs.org/results/51785/3176603/Torrin_Lawrence_Memorial/400-Meters,TFRRS all_performances
"Ransby, Micaiah",Georgia,SEC,400m,2017,1,,,54.81,seconds,SEC Outdoor Track & Field Championships,2017-05-11,,,,Outdoor,https://www.tfrrs.org/results/51877/3190122/SEC_Outdoor_Track__Field_Championships/400-Meters,TFRRS all_performances
"Reid, Catherine",Georgia,SEC,400m,2017,1,,,54.34,seconds,SEC Outdoor Track & Field Championships,2017-05-11,,,,Outdoor,https://www.tfrrs.org/results/51877/3190122/SEC_Outdoor_Track__Field_Championships/400-Meters,TFRRS all_performances
"Hitchcock, Precious",Kentucky,SEC,400m,2017,4,,,54.89,seconds,Florida Relays,2017-03-30,,,,Outdoor,https://www.tfrrs.org/results/48929/3076575/Florida_Relays/400-Meters,TFRRS all_performances
"Hitchcock, Precious",Kentucky,SEC,400m,2017,4,,,55.08,seconds,Florida Relays,2017-03-30,,,,Outdoor,https://www.tfrrs.org/results/48929/3076601/Florida_Relays/400-Meters,TFRRS all_performances
"Bellamy, Marisa",South Carolina,SEC,400m,2017,3,,,55.76,seconds,Miami Hurricane Invitational,2017-03-17,,,,Outdoor,https://www.tfrrs.org/results/46898/3036553/Miami_Hurricane_Invitational/400-Meters,TFRRS all_performances
"Holmes, Precious",South Carolina,SEC,400m,2017,3,,,54.07,seconds,Miami Hurricane Invitational,2017-03-17,,,,Outdoor,https://www.tfrrs.org/results/46898/3036553/Miami_Hurricane_Invitational/400-Meters,TFRRS all_performances
"Sanders , Aalayah",South Carolina,SEC,400m,2017,3,,,55.94,seconds,Miami Hurricane Invitational,2017-03-17,,,,Outdoor,https://www.tfrrs.org/results/46898/3036553/Miami_Hurricane_Invitational/400-Meters,TFRRS all_performances
"Beaubien, Maddie",South Carolina,SEC,400m,2017,1,,,56.56,seconds,Weems Baskin Invitational,2017-03-24,,,,Outdoor,https://www.tfrrs.org/results/50135/3055424/Weems_Baskin_Invitational/400-Meters,TFRRS all_performances
"Evans, Maya",South Carolina,SEC,400m,2017,4,,,55.11,seconds,Weems Baskin Invitational,2017-03-24,,,,Outdoor,https://www.tfrrs.org/results/50135/3055424/Weems_Baskin_Invitational/400-Meters,TFRRS all_performances
"Faulcon, Aalayah",South Carolina,SEC,400m,2017,3,,,55.27,seconds,Weems Baskin Invitational,2017-03-24,,,,Outdoor,https://www.tfrrs.org/results/50135/3055424/Weems_Baskin_Invitational/400-Meters,TFRRS all_performances
"Holmes, Precious",South Carolina,SEC,400m,2017,3,,,54.89,seconds,Weems Baskin Invitational,2017-03-24,,,,Outdoor,https://www.tfrrs.org/results/50135/3055424/Weems_Baskin_Invitational/400-Meters,TFRRS all_performances
"Sanders , Aalayah",South Carolina,SEC,400m,2017,3,,,55.27,seconds,Weems Baskin Invitational,2017-03-25,Final,9.0,,Outdoor,https://storage.googleapis.com/gamecocksonline-com/2018/06/f1106ed3-scar_c_track_2016_17_misc_non_event__2017outdoorprogressions.pdf,legacy_source_needs_review
"Bellamy, Marisa",South Carolina,SEC,400m,2017,3,,,54.77,seconds,Florida Relays,2017-03-30,,,,Outdoor,https://www.tfrrs.org/results/48929/3076601/Florida_Relays/400-Meters,TFRRS all_performances
"Holmes, Precious",South Carolina,SEC,400m,2017,3,,,55.75,seconds,Florida Relays,2017-03-30,,,,Outdoor,https://www.tfrrs.org/results/48929/3076601/Florida_Relays/400-Meters,TFRRS all_performances
"Sanders , Aalayah",South Carolina,SEC,400m,2017,3,,,55.06,seconds,Florida Relays,2017-03-30,,,,Outdoor,https://www.tfrrs.org/results/48929/3076601/Florida_Relays/400-Meters,TFRRS all_performances
"Sanders , Aalayah",South Carolina,SEC,400m,2017,3,,,56.15,seconds,Spec Towns Invitational,2017-04-07,,,,Outdoor,https://www.tfrrs.org/results/50860/3101797/Spec_Towns_Invitational/400-Meters,TFRRS all_performances
"Bellamy, Marisa",South Carolina,SEC,400m,2017,3,,,54.83,seconds,Gamecock Invitational,2017-04-15,,,,Outdoor,https://www.tfrrs.org/results/48465/3121624/Gamecock_Invitational/400-Meters,TFRRS all_performances
"Bellamy, Marisa",South Carolina,SEC,400m,2017,3,,,55.60,seconds,SEC Outdoor Track & Field Championships,2017-05-11,,,,Outdoor,https://www.tfrrs.org/results/51877/3190122/SEC_Outdoor_Track__Field_Championships/400-Meters,TFRRS all_performances
"Evans, Maya",South Carolina,SEC,400m,2017,4,,,55.88,seconds,SEC Outdoor Track & Field Championships,2017-05-11,,,,Outdoor,https://www.tfrrs.org/results/51877/3190122/SEC_Outdoor_Track__Field_Championships/400-Meters,TFRRS all_performances
"Holmes, Precious",South Carolina,SEC,400m,2017,3,,,53.56,seconds,SEC Outdoor Track & Field Championships,2017-05-11,,,,Outdoor,https://www.tfrrs.org/results/51877/3190122/SEC_Outdoor_Track__Field_Championships/400-Meters,TFRRS all_performances
"Sanders , Aalayah",South Carolina,SEC,400m,2017,3,,,56.71,seconds,SEC Outdoor Track & Field Championships,2017-05-11,,,,Outdoor,https://www.tfrrs.org/results/51877/3190122/SEC_Outdoor_Track__Field_Championships/400-Meters,TFRRS all_performances
"Holmes, Precious",South Carolina,SEC,400m,2017,3,,,53.28,seconds,NCAA Division I East Preliminary Round,2017-05-25,,,,Outdoor,https://www.tfrrs.org/results/51920/3197608/NCAA_Division_I_East_Preliminary_Round/400-Meters,TFRRS all_performances
"Holmes, Precious",South Carolina,SEC,400m,2017,3,,,53.56,seconds,NCAA Division I East Preliminary Round,2017-05-25,,,,Outdoor,https://www.tfrrs.org/results/51920/3197608/NCAA_Division_I_East_Preliminary_Round/400-Meters,TFRRS all_performances
"Clarke, Kendra",Clemson,ACC,400m,2018,3,,,54.01,s,49er Classic,2018-03-15,,,,Outdoor,https://www.tfrrs.org/results/54961/3348120/49er_Classic/400-Meters,TFRRS all_performances
"Maydew, Dana",Clemson,ACC,400m,2018,4,,,59.65,s,49er Classic,2018-03-15,,,,Outdoor,https://www.tfrrs.org/results/54961/3348120/49er_Classic/400-Meters,TFRRS all_performances
"McGowan, Imani",Clemson,ACC,400m,2018,3,,,58.18,s,49er Classic,2018-03-15,,,,Outdoor,https://www.tfrrs.org/results/54961/3348120/49er_Classic/400-Meters,TFRRS all_performances
"Robinson, Tia",Clemson,ACC,400m,2018,2,,,59.47,s,49er Classic,2018-03-15,,,,Outdoor,https://www.tfrrs.org/results/54961/3348120/49er_Classic/400-Meters,TFRRS all_performances
"Ferguson, Fellan",Clemson,ACC,400m,2018,4,,,54.23,s,UNF Spring Break Invitational,2018-03-23,,,,Outdoor,https://www.tfrrs.org/results/51941/3362654/UNF_Spring_Break_Invitational/400-Meters,TFRRS all_performances
"McIntosh, Kamryn",Clemson,ACC,400m,2018,1,,,54.83,s,UNF Spring Break Invitational,2018-03-23,,,,Outdoor,https://www.tfrrs.org/results/51941/3362654/UNF_Spring_Break_Invitational/400-Meters,TFRRS all_performances
"Clarke, Kendra",Clemson,ACC,400m,2018,3,,,52.65,s,ACC Outdoor Championships,2018-05-10,,,,Outdoor,https://www.tfrrs.org/results/57034/3506462/ACC_Outdoor_Championships/400-Meters,TFRRS all_performances
"Clarke, Kendra",Clemson,ACC,400m,2018,3,,,53.36,s,ACC Outdoor Championships,2018-05-10,,,,Outdoor,https://www.tfrrs.org/results/57034/3506462/ACC_Outdoor_Championships/400-Meters,TFRRS all_performances
"Clarke, Kendra",Clemson,ACC,400m,2018,3,,,55.25,s,NCAA East Preliminary Round,2018-05-24,,,,Outdoor,https://www.tfrrs.org/results/57099/3515281/NCAA_East_Preliminary_Round/400-Meters,TFRRS all_performances
"Gbadegesin, Simi",Duke,ACC,400m,2018,1,,,57.22,s,Raleigh Relays,2018-03-30,,,,Outdoor,https://www.tfrrs.org/results/55531/3381070/Raleigh_Relays/400-Meters,TFRRS all_performances
"Gbadegesin, Simi",Duke,ACC,400m,2018,1,,,57.69,s,Battle of the Blues,2018-04-06,,,,Outdoor,https://www.tfrrs.org/results/55868/3401088/Battle_of_the_Blues/400-Meters,TFRRS all_performances
"Kerr, MacKenzie",Duke,ACC,400m,2018,3,,,55.07,s,Battle of the Blues,2018-04-06,,,,Outdoor,https://www.tfrrs.org/results/55868/3401088/Battle_of_the_Blues/400-Meters,TFRRS all_performances
"Kerr, MacKenzie",Duke,ACC,400m,2018,3,,,55.17,s,Battle of the Blues,2018-04-06,Final,,,Outdoor,https://www.tfrrs.org/athletes/5641923/Duke/MacKenzie_Kerr.html,legacy_source_needs_review
"Price, Madeline",Duke,ACC,400m,2018,4,,,53.21,s,Battle of the Blues,2018-04-06,,,,Outdoor,https://www.tfrrs.org/results/55868/3401088/Battle_of_the_Blues/400-Meters,TFRRS all_performances
"Aveni, Brittany",Duke,ACC,400m,2018,2,,,55.42,s,Duke Invitational,2018-04-20,,,,Outdoor,https://www.tfrrs.org/results/56501/3453023/Duke_Invitational/400-Meters,TFRRS all_performances
"Gbadegesin, Simi",Duke,ACC,400m,2018,1,,,57.72,s,Duke Invitational,2018-04-20,,,,Outdoor,https://www.tfrrs.org/results/56501/3453023/Duke_Invitational/400-Meters,TFRRS all_performances
"Kerr, MacKenzie",Duke,ACC,400m,2018,3,,,54.73,s,Duke Invitational,2018-04-20,Final,,,Outdoor,https://www.tfrrs.org/athletes/5641923/Duke/MacKenzie_Kerr.html,legacy_source_needs_review
"Kerr, MacKenzie",Duke,ACC,400m,2018,3,,,55.10,s,Duke Invitational,2018-04-20,,,,Outdoor,https://www.tfrrs.org/results/56501/3453023/Duke_Invitational/400-Meters,TFRRS all_performances
"Price, Madeline",Duke,ACC,400m,2018,4,,,53.69,s,Duke Invitational,2018-04-20,,,,Outdoor,https://www.tfrrs.org/results/56501/3453023/Duke_Invitational/400-Meters,TFRRS all_performances
"Gbadegesin, Simi",Duke,ACC,400m,2018,1,,,57.18,s,Virginia Grand Prix,2018-04-28,,,,Outdoor,https://www.tfrrs.org/results/56771/3478458/Virginia_Grand_Prix/400-Meters,TFRRS all_performances
"Kerr, MacKenzie",Duke,ACC,400m,2018,3,,,54.48,s,ACC Outdoor Championships,2018-05-10,,,,Outdoor,https://www.tfrrs.org/results/57034/3506462/ACC_Outdoor_Championships/400-Meters,TFRRS all_performances
"Kerr, MacKenzie",Duke,ACC,400m,2018,3,,,54.76,s,ACC Outdoor Championships,2018-05-10,Prelim,,,Outdoor,https://www.tfrrs.org/athletes/5641923/Duke/MacKenzie_Kerr.html,legacy_source_needs_review
"Price, Madeline",Duke,ACC,400m,2018,4,,,52.30,s,ACC Outdoor Championships,2018-05-10,,,,Outdoor,https://www.tfrrs.org/results/57034/3506462/ACC_Outdoor_Championships/400-Meters,TFRRS all_performances
"Price, Madeline",Duke,ACC,400m,2018,4,,,52.91,s,ACC Outdoor Championships,2018-05-10,,,,Outdoor,https://www.tfrrs.org/results/57034/3506462/ACC_Outdoor_Championships/400-Meters,TFRRS all_performances
"Price, Madeline",Duke,ACC,400m,2018,4,,,52.63,s,NCAA East Preliminary Round,2018-05-24,,,,Outdoor,https://www.tfrrs.org/results/57099/3515281/NCAA_East_Preliminary_Round/400-Meters,TFRRS all_performances
"Price, Madeline",Duke,ACC,400m,2018,4,,,52.79,s,NCAA East Preliminary Round,2018-05-24,,,,Outdoor,https://www.tfrrs.org/results/57099/3515281/NCAA_East_Preliminary_Round/400-Meters,TFRRS all_performances
"Caldwell, Janae",Florida State,ACC,400m,2018,2,,,57.39,s,FSU Relays,2018-03-23,,,,Outdoor,https://www.tfrrs.org/results/55228/3362596/FSU_Relays/400-Meters,TFRRS all_performances
"Caldwell, Janae",Florida State,ACC,400m,2018,2,,,56.29,s,Florida Relays,2018-03-29,,,,Outdoor,https://www.tfrrs.org/results/53568/3384018/Florida_Relays/400-Meters,TFRRS all_performances
"Caldwell, Janae",Florida State,ACC,400m,2018,2,,,56.37,s,Tiger Track Classic 2018,2018-04-13,,,,Outdoor,https://www.tfrrs.org/results/51956/3427170/Tiger_Track_Classic_2018/400-Meters,TFRRS all_performances
"Caldwell, Janae",Florida State,ACC,400m,2018,2,,,56.75,s,National Relay Championships,2018-04-27,,,,Outdoor,https://www.tfrrs.org/results/54177/3473045/National_Relay_Championships/400-Meters,TFRRS all_performances
"Caldwell, Janae",Florida State,ACC,400m,2018,2,,,55.39,s,Seminole Twilight,2018-05-04,,,,Outdoor,https://www.tfrrs.org/results/56927/3489918/Seminole_Twilight/400-Meters,TFRRS all_performances
"Caldwell, Janae",Florida State,ACC,400m,2018,2,,,56.20,s,ACC Outdoor Championships,2018-05-10,,,,Outdoor,https://www.tfrrs.org/results/57034/3506462/ACC_Outdoor_Championships/400-Meters,TFRRS all_performances
"Cunningham, Kimmie",Florida State,ACC,400m,2018,2,,,56.48,s,ACC Outdoor Championships,2018-05-10,,,,Outdoor,https://www.tfrrs.org/results/57034/3506462/ACC_Outdoor_Championships/400-Meters,TFRRS all_performances
"Baker, Olivia",Stanford,ACC,400m,2018,4,,,53.68,s,Stanford Invitational,2018-03-30,,,,Outdoor,https://www.tfrrs.org/results/55549/3384202/Stanford_Invitational/400-Meters,TFRRS all_performances
"Mongiovi, Missy",Stanford,ACC,400m,2018,3,,,54.49,s,Stanford Invitational,2018-03-30,,,,Outdoor,https://www.tfrrs.org/results/55549/3384202/Stanford_Invitational/400-Meters,TFRRS all_performances
"Wilson, Carolyn",Stanford,ACC,400m,2018,1,,,54.90,s,Stanford Invitational,2018-03-30,,,,Outdoor,https://www.tfrrs.org/results/55549/3384202/Stanford_Invitational/400-Meters,TFRRS all_performances
"Mongiovi, Missy",Stanford,ACC,400m,2018,3,,,54.97,s,2018 Big Meet,2018-04-07,,,,Outdoor,https://www.tfrrs.org/results/55524/3405172/2018_Big_Meet/400-Meters,TFRRS all_performances
"Wilson, Carolyn",Stanford,ACC,400m,2018,1,,,53.60,s,2018 Big Meet,2018-04-07,,,,Outdoor,https://www.tfrrs.org/results/55524/3405172/2018_Big_Meet/400-Meters,TFRRS all_performances
"Baker, Olivia",Stanford,ACC,400m,2018,4,,,53.03,s,2018 Cardinal Classic,2018-04-20,,,,Outdoor,https://www.tfrrs.org/results/54868/3454372/2018_Cardinal_Classic/400-Meters,TFRRS all_performances
"Best, Ashlan",Stanford,ACC,400m,2018,1,,,53.96,s,2018 Cardinal Classic,2018-04-20,,,,Outdoor,https://www.tfrrs.org/results/54868/3454372/2018_Cardinal_Classic/400-Meters,TFRRS all_performances
"Crunkleton-Wilson, Michaela",Stanford,ACC,400m,2018,4,,,56.14,s,2018 Cardinal Classic,2018-04-20,,,,Outdoor,https://www.tfrrs.org/results/54868/3454372/2018_Cardinal_Classic/400-Meters,TFRRS all_performances
"Gayles, Gabrielle",Stanford,ACC,400m,2018,3,,,53.18,s,2018 Cardinal Classic,2018-04-20,,,,Outdoor,https://www.tfrrs.org/results/54868/3454372/2018_Cardinal_Classic/400-Meters,TFRRS all_performances
"Mongiovi, Missy",Stanford,ACC,400m,2018,3,,,53.42,s,2018 Cardinal Classic,2018-04-20,,,,Outdoor,https://www.tfrrs.org/results/54868/3454372/2018_Cardinal_Classic/400-Meters,TFRRS all_performances
"Wilson, Carolyn",Stanford,ACC,400m,2018,1,,,53.98,s,2018 Cardinal Classic,2018-04-20,,,,Outdoor,https://www.tfrrs.org/results/54868/3454372/2018_Cardinal_Classic/400-Meters,TFRRS all_performances
"Gayles, Gabrielle",Stanford,ACC,400m,2018,3,,,54.43,s,National Relay Championships,2018-04-27,,,,Outdoor,https://www.tfrrs.org/results/54177/3473045/National_Relay_Championships/400-Meters,TFRRS all_performances
"Mongiovi, Missy",Stanford,ACC,400m,2018,3,,,54.65,s,National Relay Championships,2018-04-27,,,,Outdoor,https://www.tfrrs.org/results/54177/3473045/National_Relay_Championships/400-Meters,TFRRS all_performances
"Wilson, Carolyn",Stanford,ACC,400m,2018,1,,,53.78,s,National Relay Championships,2018-04-27,,,,Outdoor,https://www.tfrrs.org/results/54177/3473045/National_Relay_Championships/400-Meters,TFRRS all_performances
"Crunkleton-Wilson, Michaela",Stanford,ACC,400m,2018,4,,,56.75,s,Payton Jordan Invitational,2018-05-03,,,,Outdoor,https://www.tfrrs.org/results/56914/3488939/Payton_Jordan_Invitational/400-Meters,TFRRS all_performances
"Best, Ashlan",Stanford,ACC,400m,2018,1,,,54.36,s,2018 Pac-12 Track & Field Championships,2018-05-12,,,,Outdoor,https://www.tfrrs.org/results/55278/3508258/2018_Pac-12_Track__Field_Championships/400-Meters,TFRRS all_performances
"Gayles, Gabrielle",Stanford,ACC,400m,2018,3,,,53.95,s,2018 Pac-12 Track & Field Championships,2018-05-12,,,,Outdoor,https://www.tfrrs.org/results/55278/3508258/2018_Pac-12_Track__Field_Championships/400-Meters,TFRRS all_performances
"Mongiovi, Missy",Stanford,ACC,400m,2018,3,,,53.57,s,2018 Pac-12 Track & Field Championships,2018-05-12,,,,Outdoor,https://www.tfrrs.org/results/55278/3508258/2018_Pac-12_Track__Field_Championships/400-Meters,TFRRS all_performances
"Mongiovi, Missy",Stanford,ACC,400m,2018,3,,,53.70,s,2018 Pac-12 Track & Field Championships,2018-05-12,,,,Outdoor,https://www.tfrrs.org/results/55278/3508258/2018_Pac-12_Track__Field_Championships/400-Meters,TFRRS all_performances
"Wilson, Carolyn",Stanford,ACC,400m,2018,1,,,54.57,s,2018 Pac-12 Track & Field Championships,2018-05-12,,,,Outdoor,https://www.tfrrs.org/results/55278/3508258/2018_Pac-12_Track__Field_Championships/400-Meters,TFRRS all_performances
"Best, Ashlan",Stanford,ACC,400m,2018,1,,,54.61,s,NCAA West Preliminary Round,2018-05-24,,,,Outdoor,https://www.tfrrs.org/results/57100/3515431/NCAA_West_Preliminary_Round/400-Meters,TFRRS all_performances
"Gayles, Gabrielle",Stanford,ACC,400m,2018,3,,,54.63,s,NCAA West Preliminary Round,2018-05-24,,,,Outdoor,https://www.tfrrs.org/results/57100/3515431/NCAA_West_Preliminary_Round/400-Meters,TFRRS all_performances
"Mongiovi, Missy",Stanford,ACC,400m,2018,3,,,53.97,s,NCAA West Preliminary Round,2018-05-24,,,,Outdoor,https://www.tfrrs.org/results/57100/3515431/NCAA_West_Preliminary_Round/400-Meters,TFRRS all_performances
"Wilson, Carolyn",Stanford,ACC,400m,2018,1,,,54.57,s,NCAA West Preliminary Round,2018-05-24,,,,Outdoor,https://www.tfrrs.org/results/57100/3515431/NCAA_West_Preliminary_Round/400-Meters,TFRRS all_performances
"Hairston, Kiana",Virginia,ACC,400m,2018,4,,,57.11,s,Miami Hurricane Invitational,2018-03-16,,,,Outdoor,https://www.tfrrs.org/results/54142/3350123/Miami_Hurricane_Invitational/400-Meters,TFRRS all_performances
"Herran, Alana",Virginia,ACC,400m,2018,3,,,57.71,s,Miami Hurricane Invitational,2018-03-16,,,,Outdoor,https://www.tfrrs.org/results/54142/3350123/Miami_Hurricane_Invitational/400-Meters,TFRRS all_performances
"Jefferson, Anna",Virginia,ACC,400m,2018,2,,,54.42,s,Miami Hurricane Invitational,2018-03-16,,,,Outdoor,https://www.tfrrs.org/results/54142/3350123/Miami_Hurricane_Invitational/400-Meters,TFRRS all_performances
"Knight, Angie",Virginia,ACC,400m,2018,2,,,54.83,s,Miami Hurricane Invitational,2018-03-16,,,,Outdoor,https://www.tfrrs.org/results/54142/3350123/Miami_Hurricane_Invitational/400-Meters,TFRRS all_performances
"Hairston, Kiana",Virginia,ACC,400m,2018,4,,,57.43,s,"Virginia v. Maryland, Bucknell, Georgetown",2018-04-06,,,,Outdoor,https://www.tfrrs.org/results/55867/3400990/Virginia_v_Maryland_Bucknell_Georgetown/400-Meters,TFRRS all_performances
"Jefferson, Anna",Virginia,ACC,400m,2018,2,,,54.13,s,"Virginia v. Maryland, Bucknell, Georgetown",2018-04-06,,,,Outdoor,https://www.tfrrs.org/results/55867/3400990/Virginia_v_Maryland_Bucknell_Georgetown/400-Meters,TFRRS all_performances
"Hairston, Kiana",Virginia,ACC,400m,2018,4,,,57.12,s,Virginia Challenge,2018-04-20,,,,Outdoor,https://www.tfrrs.org/results/56506/3453835/Virginia_Challenge/400-Meters,TFRRS all_performances
"Jefferson, Anna",Virginia,ACC,400m,2018,2,,,53.83,s,Virginia Challenge,2018-04-20,,,,Outdoor,https://www.tfrrs.org/results/56506/3453835/Virginia_Challenge/400-Meters,TFRRS all_performances
"Hairston, Kiana",Virginia,ACC,400m,2018,4,,,57.37,s,Virginia Grand Prix,2018-04-28,,,,Outdoor,https://www.tfrrs.org/results/56771/3478458/Virginia_Grand_Prix/400-Meters,TFRRS all_performances
"Jefferson, Anna",Virginia,ACC,400m,2018,2,,,52.39,s,ACC Outdoor Championships,2018-05-10,,,,Outdoor,https://www.tfrrs.org/results/57034/3506462/ACC_Outdoor_Championships/400-Meters,TFRRS all_performances
"Jefferson, Anna",Virginia,ACC,400m,2018,2,,,53.47,s,ACC Outdoor Championships,2018-05-10,,,,Outdoor,https://www.tfrrs.org/results/57034/3506462/ACC_Outdoor_Championships/400-Meters,TFRRS all_performances
"Jefferson, Anna",Virginia,ACC,400m,2018,2,,,54.03,s,NCAA East Preliminary Round,2018-05-24,,,,Outdoor,https://www.tfrrs.org/results/57099/3515281/NCAA_East_Preliminary_Round/400-Meters,TFRRS all_performances
"Akpede, Crystal",Arizona,Big 12,400m,2018,2,,,59.10,seconds,2018 Willie Williams Classic - College/Open,2018-03-16,,,,Outdoor,https://www.tfrrs.org/results/54481/3348328/2018_Willie_Williams_Classic_-_College_Open/400-Meters,TFRRS all_performances
"Bryant, Malia",Arizona,Big 12,400m,2018,2,,,55.93,seconds,2018 Willie Williams Classic - College/Open,2018-03-16,,,,Outdoor,https://www.tfrrs.org/results/54481/3348328/2018_Willie_Williams_Classic_-_College_Open/400-Meters,TFRRS all_performances
"Waggoner, Tatum",Arizona,Big 12,400m,2018,3,,,53.17,seconds,2018 Willie Williams Classic - College/Open,2018-03-16,,,,Outdoor,https://www.tfrrs.org/results/54481/3348328/2018_Willie_Williams_Classic_-_College_Open/400-Meters,TFRRS all_performances
"Thompson, Alyssa",Arizona,Big 12,400m,2018,4,,,56.81,seconds,40th Annual Aztec Invitational,2018-03-24,,,,Outdoor,https://www.tfrrs.org/results/52948/3366242/40th_Annual_Aztec_Invitational/400-Meters,TFRRS all_performances
"Waggoner, Tatum",Arizona,Big 12,400m,2018,3,,,53.87,seconds,40th Annual Aztec Invitational,2018-03-24,,,,Outdoor,https://www.tfrrs.org/results/52948/3366242/40th_Annual_Aztec_Invitational/400-Meters,TFRRS all_performances
"Akpede, Crystal",Arizona,Big 12,400m,2018,2,,,58.66,seconds,2018 Jim Click Shootout,2018-04-07,,,,Outdoor,https://www.tfrrs.org/results/55267/3403792/2018_Jim_Click_Shootout/400-Meters,TFRRS all_performances
"Bryant, Malia",Arizona,Big 12,400m,2018,2,,,55.99,seconds,2018 Jim Click Shootout,2018-04-07,,,,Outdoor,https://www.tfrrs.org/results/55267/3403792/2018_Jim_Click_Shootout/400-Meters,TFRRS all_performances
"Waggoner, Tatum",Arizona,Big 12,400m,2018,3,,,53.92,seconds,2018 Jim Click Shootout,2018-04-07,,,,Outdoor,https://www.tfrrs.org/results/55267/3403792/2018_Jim_Click_Shootout/400-Meters,TFRRS all_performances
"Bryant, Malia",Arizona,Big 12,400m,2018,2,,,55.38,seconds,Mt. SAC Relays,2018-04-19,,,,Outdoor,https://www.tfrrs.org/results/56509/3454434/Mt_SAC_Relays/400-Meters,TFRRS all_performances
"Pahlitzsch, Karolina",Arizona,Big 12,400m,2018,4,,,54.17,seconds,Mt. SAC Relays,2018-04-19,,,,Outdoor,https://www.tfrrs.org/results/56509/3454434/Mt_SAC_Relays/400-Meters,TFRRS all_performances
"Waggoner, Tatum",Arizona,Big 12,400m,2018,3,,,53.02,seconds,Mt. SAC Relays,2018-04-19,,,,Outdoor,https://www.tfrrs.org/results/56509/3454554/Mt_SAC_Relays/400-Meters,TFRRS all_performances
"Akpede, Crystal",Arizona,Big 12,400m,2018,2,,,58.68,seconds,2018 Desert Heat Classic,2018-04-28,,,,Outdoor,https://www.tfrrs.org/results/56056/3477491/2018_Desert_Heat_Classic/400-Meters,TFRRS all_performances
"Bryant, Malia",Arizona,Big 12,400m,2018,2,,,55.20,seconds,2018 Desert Heat Classic,2018-04-28,,,,Outdoor,https://www.tfrrs.org/results/56056/3477491/2018_Desert_Heat_Classic/400-Meters,TFRRS all_performances
"Gajda, Diana",Arizona,Big 12,400m,2018,3,,,54.64,seconds,2018 Desert Heat Classic,2018-04-28,,,,Outdoor,https://www.tfrrs.org/results/56056/3477491/2018_Desert_Heat_Classic/400-Meters,TFRRS all_performances
"Thompson, Alyssa",Arizona,Big 12,400m,2018,4,,,55.40,seconds,2018 Desert Heat Classic,2018-04-28,,,,Outdoor,https://www.tfrrs.org/results/56056/3477491/2018_Desert_Heat_Classic/400-Meters,TFRRS all_performances
"Waggoner, Tatum",Arizona,Big 12,400m,2018,3,,,52.60,seconds,2018 Desert Heat Classic,2018-04-28,,,,Outdoor,https://www.tfrrs.org/results/56056/3477491/2018_Desert_Heat_Classic/400-Meters,TFRRS all_performances
"Bryant, Malia",Arizona,Big 12,400m,2018,2,,,55.03,seconds,2018 Pac-12 Track & Field Championships,2018-05-12,,,,Outdoor,https://www.tfrrs.org/results/55278/3508258/2018_Pac-12_Track__Field_Championships/400-Meters,TFRRS all_performances
"Gajda, Diana",Arizona,Big 12,400m,2018,3,,,54.40,seconds,2018 Pac-12 Track & Field Championships,2018-05-12,,,,Outdoor,https://www.tfrrs.org/results/55278/3508258/2018_Pac-12_Track__Field_Championships/400-Meters,TFRRS all_performances
"Waggoner, Tatum",Arizona,Big 12,400m,2018,3,,,51.89,seconds,2018 Pac-12 Track & Field Championships,2018-05-12,,,,Outdoor,https://www.tfrrs.org/results/55278/3508258/2018_Pac-12_Track__Field_Championships/400-Meters,TFRRS all_performances
"Waggoner, Tatum",Arizona,Big 12,400m,2018,3,,,53.08,seconds,2018 Pac-12 Track & Field Championships,2018-05-12,,,,Outdoor,https://www.tfrrs.org/results/55278/3508258/2018_Pac-12_Track__Field_Championships/400-Meters,TFRRS all_performances
"Waggoner, Tatum",Arizona,Big 12,400m,2018,3,,,52.86,seconds,NCAA West Preliminary Round,2018-05-24,,,,Outdoor,https://www.tfrrs.org/results/57100/3515431/NCAA_West_Preliminary_Round/400-Meters,TFRRS all_performances
"Waggoner, Tatum",Arizona,Big 12,400m,2018,3,,,53.15,seconds,NCAA West Preliminary Round,2018-05-24,,,,Outdoor,https://www.tfrrs.org/results/57100/3515431/NCAA_West_Preliminary_Round/400-Meters,TFRRS all_performances
"Quackenbush, Ellie",BYU,Big 12,400m,2018,2,,,55.80,seconds,USC Trojan Invitational,2018-03-16,,,,Outdoor,https://www.tfrrs.org/results/54970/3349788/USC_Trojan_Invitational/400-Meters,TFRRS all_performances
"Hedgepeth, Christina",BYU,Big 12,400m,2018,4,,,58.41,seconds,40th Annual Aztec Invitational,2018-03-24,,,,Outdoor,https://www.tfrrs.org/results/52948/3366242/40th_Annual_Aztec_Invitational/400-Meters,TFRRS all_performances
"Parkinson, Whitney",BYU,Big 12,400m,2018,1,,,1:02.57,seconds,2018 UVU Collegiate Invitational,2018-03-30,,,,Outdoor,https://www.tfrrs.org/results/55512/3379978/2018_UVU_Collegiate_Invitational/400-Meters,TFRRS all_performances
"Hedgepeth, Christina",BYU,Big 12,400m,2018,4,,,58.86,seconds,Utah/Weber State Spring Classic - Day 1,2018-04-06,,,,Outdoor,https://www.tfrrs.org/results/55876/3401680/Utah_Weber_State_Spring_Classic_-_Day_1/400-Meters,TFRRS all_performances
"Mathews, Madie",BYU,Big 12,400m,2018,3,,,1:00.54,seconds,Utah/Weber State Spring Classic - Day 1,2018-04-06,,,,Outdoor,https://www.tfrrs.org/results/55876/3401680/Utah_Weber_State_Spring_Classic_-_Day_1/400-Meters,TFRRS all_performances
"Parkinson, Whitney",BYU,Big 12,400m,2018,1,,,1:01.17,seconds,Utah/Weber State Spring Classic - Day 1,2018-04-06,,,,Outdoor,https://www.tfrrs.org/results/55876/3401680/Utah_Weber_State_Spring_Classic_-_Day_1/400-Meters,TFRRS all_performances
"Pinnock, Cassidy",BYU,Big 12,400m,2018,2,,,56.78,seconds,Oregon Pepsi Invitational,2018-04-07,,,,Outdoor,https://www.tfrrs.org/results/54397/3405007/Oregon_Pepsi_Invitational/400-Meters,TFRRS all_performances
"Rawlinson, Lauren",BYU,Big 12,400m,2018,2,,,57.01,seconds,Oregon Pepsi Invitational,2018-04-07,,,,Outdoor,https://www.tfrrs.org/results/54397/3405007/Oregon_Pepsi_Invitational/400-Meters,TFRRS all_performances
"Hedgepeth, Christina",BYU,Big 12,400m,2018,4,,,57.41,seconds,Mark Faldmo Invitational,2018-04-13,,,,Outdoor,https://www.tfrrs.org/results/55110/3430783/Mark_Faldmo_Invitational/400-Meters,TFRRS all_performances
"Pinnock, Cassidy",BYU,Big 12,400m,2018,2,,,55.49,seconds,Mt. SAC Relays,2018-04-19,,,,Outdoor,https://www.tfrrs.org/results/56509/3454434/Mt_SAC_Relays/400-Meters,TFRRS all_performances
"Quackenbush, Ellie",BYU,Big 12,400m,2018,2,,,54.84,seconds,Mt. SAC Relays,2018-04-19,,,,Outdoor,https://www.tfrrs.org/results/56509/3454434/Mt_SAC_Relays/400-Meters,TFRRS all_performances
"Rawlinson, Lauren",BYU,Big 12,400m,2018,2,,,55.45,seconds,Mt. SAC Relays,2018-04-19,,,,Outdoor,https://www.tfrrs.org/results/56509/3454434/Mt_SAC_Relays/400-Meters,TFRRS all_performances
"Hedgepeth, Christina",BYU,Big 12,400m,2018,4,,,57.29,seconds,2018 BYU Robison Invitational,2018-04-26,,,,Outdoor,https://www.tfrrs.org/results/56765/3476082/2018_BYU_Robison_Invitational/400-Meters,TFRRS all_performances
"Parkinson, Whitney",BYU,Big 12,400m,2018,1,,,1:02.03,seconds,2018 BYU Robison Invitational,2018-04-26,,,,Outdoor,https://www.tfrrs.org/results/56765/3476082/2018_BYU_Robison_Invitational/400-Meters,TFRRS all_performances
"Pinnock, Cassidy",BYU,Big 12,400m,2018,2,,,55.76,seconds,2018 BYU Robison Invitational,2018-04-26,,,,Outdoor,https://www.tfrrs.org/results/56765/3476082/2018_BYU_Robison_Invitational/400-Meters,TFRRS all_performances
"Quackenbush, Ellie",BYU,Big 12,400m,2018,2,,,54.49,seconds,2018 BYU Robison Invitational,2018-04-26,,,,Outdoor,https://www.tfrrs.org/results/56765/3476082/2018_BYU_Robison_Invitational/400-Meters,TFRRS all_performances
"Rawlinson, Lauren",BYU,Big 12,400m,2018,2,,,55.37,seconds,2018 BYU Robison Invitational,2018-04-26,,,,Outdoor,https://www.tfrrs.org/results/56765/3476082/2018_BYU_Robison_Invitational/400-Meters,TFRRS all_performances
"Hedgepeth, Christina",BYU,Big 12,400m,2018,4,,,57.72,seconds,Weber State Twilight Meet,2018-05-02,,,,Outdoor,https://www.tfrrs.org/results/56669/3486884/Weber_State_Twilight_Meet/400-Meters,TFRRS all_performances
"Rawlinson, Lauren",BYU,Big 12,400m,2018,2,,,55.48,seconds,Sacramento State Open,2018-05-05,,,,Outdoor,https://www.tfrrs.org/results/54044/3493707/Sacramento_State_Open/400-Meters,TFRRS all_performances
"Hedgepeth, Christina",BYU,Big 12,400m,2018,4,,,57.49,seconds,2018 BYU Cougar Invitational,2018-05-11,,,,Outdoor,https://www.tfrrs.org/results/57032/3506129/2018_BYU_Cougar_Invitational/400-Meters,TFRRS all_performances
"Monteverde-Dalton, Alyssa",BYU,Big 12,400m,2018,4,,,57.43,seconds,2018 BYU Cougar Invitational,2018-05-11,,,,Outdoor,https://www.tfrrs.org/results/57032/3506129/2018_BYU_Cougar_Invitational/400-Meters,TFRRS all_performances
"Andrews-Paul, Alison",Baylor,Big 12,400m,2018,1,,,57.24,seconds,2018 TCU Invitational,2018-03-16,,,,Outdoor,https://www.tfrrs.org/results/54129/3347783/2018_TCU_Invitational/400-Meters,TFRRS all_performances
"Dillon, Amanda",Baylor,Big 12,400m,2018,3,,,1:00.52,seconds,2018 TCU Invitational,2018-03-16,,,,Outdoor,https://www.tfrrs.org/results/54129/3347783/2018_TCU_Invitational/400-Meters,TFRRS all_performances
"Hawn, Kiana",Baylor,Big 12,400m,2018,4,,,57.43,seconds,2018 TCU Invitational,2018-03-16,,,,Outdoor,https://www.tfrrs.org/results/54129/3347783/2018_TCU_Invitational/400-Meters,TFRRS all_performances
"Miller, Aaliyah",Baylor,Big 12,400m,2018,1,,,55.48,seconds,2018 TCU Invitational,2018-03-16,,,,Outdoor,https://www.tfrrs.org/results/54129/3347783/2018_TCU_Invitational/400-Meters,TFRRS all_performances
"Stewart, Morgan",Baylor,Big 12,400m,2018,1,,,54.44,seconds,2018 TCU Invitational,2018-03-16,,,,Outdoor,https://www.tfrrs.org/results/54129/3347783/2018_TCU_Invitational/400-Meters,TFRRS all_performances
"Powell, Victoria",Baylor,Big 12,400m,2018,2,,,54.41,seconds,Roadrunner Invitational,2018-03-22,,,,Outdoor,https://www.tfrrs.org/results/54583/3365766/Roadrunner_Invitational/400-Meters,TFRRS all_performances
"Andrews-Paul, Alison",Baylor,Big 12,400m,2018,1,,,59.78,seconds,Baylor Invitational,2018-04-07,,,,Outdoor,https://www.tfrrs.org/results/52734/3404758/Baylor_Invitational/400-Meters,TFRRS all_performances
"Miller, Aaliyah",Baylor,Big 12,400m,2018,1,,,55.70,seconds,Baylor Invitational,2018-04-07,,,,Outdoor,https://www.tfrrs.org/results/52734/3404758/Baylor_Invitational/400-Meters,TFRRS all_performances
"Powell, Victoria",Baylor,Big 12,400m,2018,2,,,54.27,seconds,Baylor Invitational,2018-04-07,,,,Outdoor,https://www.tfrrs.org/results/52734/3404758/Baylor_Invitational/400-Meters,TFRRS all_performances
"Stewart, Morgan",Baylor,Big 12,400m,2018,1,,,54.22,seconds,Baylor Invitational,2018-04-07,,,,Outdoor,https://www.tfrrs.org/results/52734/3404758/Baylor_Invitational/400-Meters,TFRRS all_performances
"Horton, Kiana",Baylor,Big 12,400m,2018,3,,,55.38,seconds,Texas Invitational,2018-04-13,,,,Outdoor,https://www.tfrrs.org/results/53839/3426273/Texas_Invitational/400-Meters,TFRRS all_performances
"Horton, Kiana",Baylor,Big 12,400m,2018,3,,,52.11,seconds,Michael Johnson Invitational,2018-04-21,,,,Outdoor,https://www.tfrrs.org/results/52735/3453359/Michael_Johnson_Invitational/400-Meters,TFRRS all_performances
"Powell, Victoria",Baylor,Big 12,400m,2018,2,,,53.11,seconds,Michael Johnson Invitational,2018-04-21,,,,Outdoor,https://www.tfrrs.org/results/52735/3453359/Michael_Johnson_Invitational/400-Meters,TFRRS all_performances
"Stewart, Morgan",Baylor,Big 12,400m,2018,1,,,53.93,seconds,National Relay Championships,2018-04-27,,,,Outdoor,https://www.tfrrs.org/results/54177/3473045/National_Relay_Championships/400-Meters,TFRRS all_performances
"Horton, Kiana",Baylor,Big 12,400m,2018,3,,,51.22,seconds,Big 12 Conference Outdoor Track and Field Championships,2018-05-11,,,,Outdoor,https://www.tfrrs.org/results/56262/3508421/Big_12_Conference_Outdoor_Track_and_Field_Championships/400-Meters,TFRRS all_performances
"Horton, Kiana",Baylor,Big 12,400m,2018,3,,,52.08,seconds,Big 12 Conference Outdoor Track and Field Championships,2018-05-11,,,,Outdoor,https://www.tfrrs.org/results/56262/3508421/Big_12_Conference_Outdoor_Track_and_Field_Championships/400-Meters,TFRRS all_performances
"Powell, Victoria",Baylor,Big 12,400m,2018,2,,,52.79,seconds,Big 12 Conference Outdoor Track and Field Championships,2018-05-11,,,,Outdoor,https://www.tfrrs.org/results/56262/3508421/Big_12_Conference_Outdoor_Track_and_Field_Championships/400-Meters,TFRRS all_performances
"Powell, Victoria",Baylor,Big 12,400m,2018,2,,,53.01,seconds,Big 12 Conference Outdoor Track and Field Championships,2018-05-11,,,,Outdoor,https://www.tfrrs.org/results/56262/3508421/Big_12_Conference_Outdoor_Track_and_Field_Championships/400-Meters,TFRRS all_performances
"Horton, Kiana",Baylor,Big 12,400m,2018,3,,,52.50,seconds,NCAA West Preliminary Round,2018-05-24,,,,Outdoor,https://www.tfrrs.org/results/57100/3515431/NCAA_West_Preliminary_Round/400-Meters,TFRRS all_performances
"Horton, Kiana",Baylor,Big 12,400m,2018,3,,,53.41,seconds,NCAA West Preliminary Round,2018-05-24,,,,Outdoor,https://www.tfrrs.org/results/57100/3515431/NCAA_West_Preliminary_Round/400-Meters,TFRRS all_performances
"Powell, Victoria",Baylor,Big 12,400m,2018,2,,,53.16,seconds,NCAA West Preliminary Round,2018-05-24,,,,Outdoor,https://www.tfrrs.org/results/57100/3515431/NCAA_West_Preliminary_Round/400-Meters,TFRRS all_performances
"Powell, Victoria",Baylor,Big 12,400m,2018,2,,,53.89,seconds,NCAA West Preliminary Round,2018-05-24,,,,Outdoor,https://www.tfrrs.org/results/57100/3515431/NCAA_West_Preliminary_Round/400-Meters,TFRRS all_performances
"Horton, Kiana",Baylor,Big 12,400m,2018,3,,,53.33,seconds,NCAA Division I Outdoor Championships,2018-06-06,,,,Outdoor,https://www.tfrrs.org/results/57114/3516386/NCAA_Division_I_Outdoor_Championships/400-Meters,TFRRS all_performances
"Whigham, Emma",Iowa State,Big 12,400m,2018,3,,,56.80,seconds,Florida Relays,2018-03-29,,,,Outdoor,https://www.tfrrs.org/results/53568/3384018/Florida_Relays/400-Meters,TFRRS all_performances
"Cavazos, Chloe",Texas Tech,Big 12,400m,2018,1,,,1:02.89,seconds,UTSA Invitational,2018-03-16,,,,Outdoor,https://www.tfrrs.org/results/54532/3349331/UTSA_Invitational/400-Meters,TFRRS all_performances
"Frank, Mackenzie",Texas Tech,Big 12,400m,2018,2,,,57.77,seconds,UTSA Invitational,2018-03-16,,,,Outdoor,https://www.tfrrs.org/results/54532/3349331/UTSA_Invitational/400-Meters,TFRRS all_performances
"Limp, Sara",Texas Tech,Big 12,400m,2018,3,,,53.57,seconds,UTSA Invitational,2018-03-16,,,,Outdoor,https://www.tfrrs.org/results/54532/3349331/UTSA_Invitational/400-Meters,TFRRS all_performances
"Rockwell, Taylor",Texas Tech,Big 12,400m,2018,3,,,55.50,seconds,UTSA Invitational,2018-03-16,,,,Outdoor,https://www.tfrrs.org/results/54532/3349331/UTSA_Invitational/400-Meters,TFRRS all_performances
"Warden, Jadsia",Texas Tech,Big 12,400m,2018,2,,,55.57,seconds,UTSA Invitational,2018-03-16,,,,Outdoor,https://www.tfrrs.org/results/54532/3349331/UTSA_Invitational/400-Meters,TFRRS all_performances
"Cavazos, Chloe",Texas Tech,Big 12,400m,2018,1,,,1:03.62,seconds,ACU Wes Kittley Invitational,2018-03-23,,,,Outdoor,https://www.tfrrs.org/results/54830/3365291/ACU_Wes_Kittley_Invitational/400-Meters,TFRRS all_performances
"Smith, Maygen",Texas Tech,Big 12,400m,2018,3,,,57.73,seconds,ACU Wes Kittley Invitational,2018-03-23,,,,Outdoor,https://www.tfrrs.org/results/54830/3365291/ACU_Wes_Kittley_Invitational/400-Meters,TFRRS all_performances
"Warden, Jadsia",Texas Tech,Big 12,400m,2018,2,,,55.32,seconds,ACU Wes Kittley Invitational,2018-03-23,,,,Outdoor,https://www.tfrrs.org/results/54830/3365291/ACU_Wes_Kittley_Invitational/400-Meters,TFRRS all_performances
"Limp, Sara",Texas Tech,Big 12,400m,2018,3,,,52.39,seconds,39th Sun Angel Classic,2018-04-05,,,,Outdoor,https://www.tfrrs.org/results/55897/3405741/39th_Sun_Angel_Classic/400-Meters,TFRRS all_performances
"Rockwell, Taylor",Texas Tech,Big 12,400m,2018,3,,,54.58,seconds,39th Sun Angel Classic,2018-04-05,,,,Outdoor,https://www.tfrrs.org/results/55897/3405735/39th_Sun_Angel_Classic/400-Meters,TFRRS all_performances
"Warden, Jadsia",Texas Tech,Big 12,400m,2018,2,,,54.52,seconds,39th Sun Angel Classic,2018-04-05,,,,Outdoor,https://www.tfrrs.org/results/55897/3405735/39th_Sun_Angel_Classic/400-Meters,TFRRS all_performances
"Cavazos, Chloe",Texas Tech,Big 12,400m,2018,1,,,57.68,seconds,Texas Tech Corky/Crofoot Shootout,2018-04-27,,,,Outdoor,https://www.tfrrs.org/results/56741/3472130/Texas_Tech_Corky_Crofoot_Shootout/400-Meters,TFRRS all_performances
"Limp, Sara",Texas Tech,Big 12,400m,2018,3,,,52.63,seconds,Texas Tech Corky/Crofoot Shootout,2018-04-27,,,,Outdoor,https://www.tfrrs.org/results/56741/3472130/Texas_Tech_Corky_Crofoot_Shootout/400-Meters,TFRRS all_performances
"Ricks, Peyton",Texas Tech,Big 12,400m,2018,1,,,58.17,seconds,Texas Tech Corky/Crofoot Shootout,2018-04-27,,,,Outdoor,https://www.tfrrs.org/results/56741/3472130/Texas_Tech_Corky_Crofoot_Shootout/400-Meters,TFRRS all_performances
"Rockwell, Taylor",Texas Tech,Big 12,400m,2018,3,,,54.53,seconds,Texas Tech Corky/Crofoot Shootout,2018-04-27,,,,Outdoor,https://www.tfrrs.org/results/56741/3472130/Texas_Tech_Corky_Crofoot_Shootout/400-Meters,TFRRS all_performances
"Warden, Jadsia",Texas Tech,Big 12,400m,2018,2,,,54.35,seconds,Texas Tech Corky/Crofoot Shootout,2018-04-27,,,,Outdoor,https://www.tfrrs.org/results/56741/3472130/Texas_Tech_Corky_Crofoot_Shootout/400-Meters,TFRRS all_performances
"Limp, Sara",Texas Tech,Big 12,400m,2018,3,,,52.32,seconds,Big 12 Conference Outdoor Track and Field Championships,2018-05-11,,,,Outdoor,https://www.tfrrs.org/results/56262/3508421/Big_12_Conference_Outdoor_Track_and_Field_Championships/400-Meters,TFRRS all_performances
"Limp, Sara",Texas Tech,Big 12,400m,2018,3,,,52.93,seconds,Big 12 Conference Outdoor Track and Field Championships,2018-05-11,,,,Outdoor,https://www.tfrrs.org/results/56262/3508421/Big_12_Conference_Outdoor_Track_and_Field_Championships/400-Meters,TFRRS all_performances
"Rockwell, Taylor",Texas Tech,Big 12,400m,2018,3,,,54.64,seconds,Big 12 Conference Outdoor Track and Field Championships,2018-05-11,,,,Outdoor,https://www.tfrrs.org/results/56262/3508421/Big_12_Conference_Outdoor_Track_and_Field_Championships/400-Meters,TFRRS all_performances
"Warden, Jadsia",Texas Tech,Big 12,400m,2018,2,,,54.48,seconds,Big 12 Conference Outdoor Track and Field Championships,2018-05-11,,,,Outdoor,https://www.tfrrs.org/results/56262/3508421/Big_12_Conference_Outdoor_Track_and_Field_Championships/400-Meters,TFRRS all_performances
"Limp, Sara",Texas Tech,Big 12,400m,2018,3,,,53.51,seconds,NCAA West Preliminary Round,2018-05-24,,,,Outdoor,https://www.tfrrs.org/results/57100/3515431/NCAA_West_Preliminary_Round/400-Meters,TFRRS all_performances
"Limp, Sara",Texas Tech,Big 12,400m,2018,3,,,53.93,seconds,NCAA West Preliminary Round,2018-05-24,,,,Outdoor,https://www.tfrrs.org/results/57100/3515431/NCAA_West_Preliminary_Round/400-Meters,TFRRS all_performances
"Bruce, Madeline",Illinois,Big Ten,400m,2018,1,,,1:01.32,seconds,SIU Bill Cornell Spring Classic,2018-03-23,,,,Outdoor,https://www.tfrrs.org/results/54701/3364945/SIU_Bill_Cornell_Spring_Classic/400-Meters,TFRRS all_performances
"Kladar, Kristina",Illinois,Big Ten,400m,2018,3,,,1:00.39,seconds,SIU Bill Cornell Spring Classic,2018-03-23,,,,Outdoor,https://www.tfrrs.org/results/54701/3364945/SIU_Bill_Cornell_Spring_Classic/400-Meters,TFRRS all_performances
"Madsen, Sarah",Illinois,Big Ten,400m,2018,2,,,1:01.80,seconds,SIU Bill Cornell Spring Classic,2018-03-23,,,,Outdoor,https://www.tfrrs.org/results/54701/3364945/SIU_Bill_Cornell_Spring_Classic/400-Meters,TFRRS all_performances
"Bruce, Madeline",Illinois,Big Ten,400m,2018,1,,,1:01.43,seconds,Ole Miss Classic,2018-03-31,,,,Outdoor,https://www.tfrrs.org/results/54839/3381468/Ole_Miss_Classic/400-Meters,TFRRS all_performances
"Kladar, Kristina",Illinois,Big Ten,400m,2018,3,,,1:00.25,seconds,Ole Miss Classic,2018-03-31,,,,Outdoor,https://www.tfrrs.org/results/54839/3381468/Ole_Miss_Classic/400-Meters,TFRRS all_performances
"Madsen, Sarah",Illinois,Big Ten,400m,2018,2,,,1:00.09,seconds,Ole Miss Classic,2018-03-31,,,,Outdoor,https://www.tfrrs.org/results/54839/3381468/Ole_Miss_Classic/400-Meters,TFRRS all_performances
"Marry, Miranda",Illinois,Big Ten,400m,2018,4,,,1:00.77,seconds,Ole Miss Classic,2018-03-31,,,,Outdoor,https://www.tfrrs.org/results/54839/3381468/Ole_Miss_Classic/400-Meters,TFRRS all_performances
"Nwoko, Chisom",Illinois,Big Ten,400m,2018,2,,,53.59,seconds,Ole Miss Classic,2018-03-31,,,,Outdoor,https://www.tfrrs.org/results/54839/3381468/Ole_Miss_Classic/400-Meters,TFRRS all_performances
"Phillips, Felicia",Illinois,Big Ten,400m,2018,2,,,57.17,seconds,Ole Miss Classic,2018-03-31,,,,Outdoor,https://www.tfrrs.org/results/54839/3381468/Ole_Miss_Classic/400-Meters,TFRRS all_performances
"Nwoko, Chisom",Illinois,Big Ten,400m,2018,2,,,53.11,seconds,2018 Jim Click Shootout,2018-04-07,,,,Outdoor,https://www.tfrrs.org/results/55267/3403792/2018_Jim_Click_Shootout/400-Meters,TFRRS all_performances
"Phillips, Felicia",Illinois,Big Ten,400m,2018,2,,,59.00,seconds,2018 Jim Click Shootout,2018-04-07,,,,Outdoor,https://www.tfrrs.org/results/55267/3403792/2018_Jim_Click_Shootout/400-Meters,TFRRS all_performances
"Phillips, Felicia",Illinois,Big Ten,400m,2018,2,,,56.93,seconds,Illinois Twilight,2018-04-14,,,,Outdoor,https://www.tfrrs.org/results/54341/3428377/Illinois_Twilight/400-Meters,TFRRS all_performances
"Nwoko, Chisom",Illinois,Big Ten,400m,2018,2,,,53.24,seconds,Mt. SAC Relays,2018-04-19,,,,Outdoor,https://www.tfrrs.org/results/56509/3454554/Mt_SAC_Relays/400-Meters,TFRRS all_performances
"Phillips, Felicia",Illinois,Big Ten,400m,2018,2,,,57.33,seconds,2018 Kip Janvrin Open,2018-04-26,,,,Outdoor,https://www.tfrrs.org/results/56742/3472180/2018_Kip_Janvrin_Open/400-Meters,TFRRS all_performances
"Nwoko, Chisom",Illinois,Big Ten,400m,2018,2,,,53.27,seconds,Big Ten Championships,2018-05-11,,,,Outdoor,https://www.tfrrs.org/results/57040/3507804/Big_Ten_Championships/400-Meters,TFRRS all_performances
"Phillips, Felicia",Illinois,Big Ten,400m,2018,2,,,58.79,seconds,Big Ten Championships,2018-05-11,,,,Outdoor,https://www.tfrrs.org/results/57040/3507804/Big_Ten_Championships/400-Meters,TFRRS all_performances
"Nwoko, Chisom",Illinois,Big Ten,400m,2018,2,,,55.25,seconds,NCAA West Preliminary Round,2018-05-24,,,,Outdoor,https://www.tfrrs.org/results/57100/3515431/NCAA_West_Preliminary_Round/400-Meters,TFRRS all_performances
"Griggs, Kierra",Nebraska,Big Ten,400m,2018,2,,,53.99,seconds,Pac-12+ vs Big Ten Invitational,2018-03-23,,,,Outdoor,https://www.tfrrs.org/results/55253/3366177/Pac-12_vs_Big_Ten_Invitational/400-Meters,TFRRS all_performances
"Jones, Chelsey",Nebraska,Big Ten,400m,2018,2,,,55.44,seconds,Pac-12+ vs Big Ten Invitational,2018-03-23,,,,Outdoor,https://www.tfrrs.org/results/55253/3366177/Pac-12_vs_Big_Ten_Invitational/400-Meters,TFRRS all_performances
"Griggs, Kierra",Nebraska,Big Ten,400m,2018,2,,,55.82,seconds,John McDonnell Invitational,2018-04-13,,,,Outdoor,https://www.tfrrs.org/results/54175/3426352/John_McDonnell_Invitational/400-Meters,TFRRS all_performances
"Griggs, Kierra",Nebraska,Big Ten,400m,2018,2,,,55.86,seconds,Kansas Relays,2018-04-18,,,,Outdoor,https://www.tfrrs.org/results/56497/3452116/Kansas_Relays/400-Meters,TFRRS all_performances
"Griggs, Kierra",Nebraska,Big Ten,400m,2018,2,,,53.83,seconds,Texas Tech Corky/Crofoot Shootout,2018-04-27,,,,Outdoor,https://www.tfrrs.org/results/56741/3472130/Texas_Tech_Corky_Crofoot_Shootout/400-Meters,TFRRS all_performances
"von Aschwege, Nicole",Nebraska,Big Ten,400m,2018,1,,,1:03.96,seconds,Texas Tech Corky/Crofoot Shootout,2018-04-27,,,,Outdoor,https://www.tfrrs.org/results/56741/3472130/Texas_Tech_Corky_Crofoot_Shootout/400-Meters,TFRRS all_performances
"Griggs, Kierra",Nebraska,Big Ten,400m,2018,2,,,54.25,seconds,Big Ten Championships,2018-05-11,,,,Outdoor,https://www.tfrrs.org/results/57040/3507804/Big_Ten_Championships/400-Meters,TFRRS all_performances
"Griggs, Kierra",Nebraska,Big Ten,400m,2018,2,,,55.18,seconds,NCAA West Preliminary Round,2018-05-24,,,,Outdoor,https://www.tfrrs.org/results/57100/3515431/NCAA_West_Preliminary_Round/400-Meters,TFRRS all_performances
"DesRosiers, Briyahna",Oregon,Big Ten,400m,2018,3,,,54.02,seconds,Oregon Pepsi Invitational,2018-04-07,,,,Outdoor,https://www.tfrrs.org/results/54397/3405007/Oregon_Pepsi_Invitational/400-Meters,TFRRS all_performances
"Vinjamuri, Rachel",Oregon,Big Ten,400m,2018,2,,,57.03,seconds,Oregon Pepsi Invitational,2018-04-07,,,,Outdoor,https://www.tfrrs.org/results/54397/3405007/Oregon_Pepsi_Invitational/400-Meters,TFRRS all_performances
"Anderson, Shae",Oregon,Big Ten,400m,2018,1,,,52.71,seconds,Mt. SAC Relays,2018-04-19,,,,Outdoor,https://www.tfrrs.org/results/56509/3454554/Mt_SAC_Relays/400-Meters,TFRRS all_performances
"D'Arpino, Venessa",Oregon,Big Ten,400m,2018,3,,,53.61,seconds,Mt. SAC Relays,2018-04-19,,,,Outdoor,https://www.tfrrs.org/results/56509/3454554/Mt_SAC_Relays/400-Meters,TFRRS all_performances
"DesRosiers, Briyahna",Oregon,Big Ten,400m,2018,3,,,53.31,seconds,Mt. SAC Relays,2018-04-19,,,,Outdoor,https://www.tfrrs.org/results/56509/3454554/Mt_SAC_Relays/400-Meters,TFRRS all_performances
"Dunmore, Makenzie",Oregon,Big Ten,400m,2018,2,,,52.05,seconds,Mt. SAC Relays,2018-04-19,,,,Outdoor,https://www.tfrrs.org/results/56509/3454554/Mt_SAC_Relays/400-Meters,TFRRS all_performances
"Waller, Hannah",Oregon,Big Ten,400m,2018,2,,,52.49,seconds,Mt. SAC Relays,2018-04-19,,,,Outdoor,https://www.tfrrs.org/results/56509/3454554/Mt_SAC_Relays/400-Meters,TFRRS all_performances
"Vinjamuri, Rachel",Oregon,Big Ten,400m,2018,2,,,56.09,seconds,2018 Desert Heat Classic,2018-04-28,,,,Outdoor,https://www.tfrrs.org/results/56056/3477491/2018_Desert_Heat_Classic/400-Meters,TFRRS all_performances
"Vinjamuri, Rachel",Oregon,Big Ten,400m,2018,2,,,56.39,seconds,Oregon Twilight,2018-05-04,,,,Outdoor,https://www.tfrrs.org/results/54403/3491033/Oregon_Twilight/400-Meters,TFRRS all_performances
"Anderson, Shae",Oregon,Big Ten,400m,2018,1,,,52.55,seconds,2018 Pac-12 Track & Field Championships,2018-05-12,,,,Outdoor,https://www.tfrrs.org/results/55278/3508258/2018_Pac-12_Track__Field_Championships/400-Meters,TFRRS all_performances
"Anderson, Shae",Oregon,Big Ten,400m,2018,1,,,52.61,seconds,2018 Pac-12 Track & Field Championships,2018-05-12,,,,Outdoor,https://www.tfrrs.org/results/55278/3508258/2018_Pac-12_Track__Field_Championships/400-Meters,TFRRS all_performances
"DesRosiers, Briyahna",Oregon,Big Ten,400m,2018,3,,,51.90,seconds,2018 Pac-12 Track & Field Championships,2018-05-12,,,,Outdoor,https://www.tfrrs.org/results/55278/3508258/2018_Pac-12_Track__Field_Championships/400-Meters,TFRRS all_performances
"DesRosiers, Briyahna",Oregon,Big Ten,400m,2018,3,,,52.41,seconds,2018 Pac-12 Track & Field Championships,2018-05-12,,,,Outdoor,https://www.tfrrs.org/results/55278/3508258/2018_Pac-12_Track__Field_Championships/400-Meters,TFRRS all_performances
"Dunmore, Makenzie",Oregon,Big Ten,400m,2018,2,,,50.63,seconds,2018 Pac-12 Track & Field Championships,2018-05-12,,,,Outdoor,https://www.tfrrs.org/results/55278/3508258/2018_Pac-12_Track__Field_Championships/400-Meters,TFRRS all_performances
"Dunmore, Makenzie",Oregon,Big Ten,400m,2018,2,,,50.99,seconds,2018 Pac-12 Track & Field Championships,2018-05-12,,,,Outdoor,https://www.tfrrs.org/results/55278/3508258/2018_Pac-12_Track__Field_Championships/400-Meters,TFRRS all_performances
"Waller, Hannah",Oregon,Big Ten,400m,2018,2,,,52.49,seconds,2018 Pac-12 Track & Field Championships,2018-05-12,,,,Outdoor,https://www.tfrrs.org/results/55278/3508258/2018_Pac-12_Track__Field_Championships/400-Meters,TFRRS all_performances
"Waller, Hannah",Oregon,Big Ten,400m,2018,2,,,53.15,seconds,2018 Pac-12 Track & Field Championships,2018-05-12,,,,Outdoor,https://www.tfrrs.org/results/55278/3508258/2018_Pac-12_Track__Field_Championships/400-Meters,TFRRS all_performances
"Anderson, Shae",Oregon,Big Ten,400m,2018,1,,,52.60,seconds,NCAA West Preliminary Round,2018-05-24,,,,Outdoor,https://www.tfrrs.org/results/57100/3515431/NCAA_West_Preliminary_Round/400-Meters,TFRRS all_performances
"Anderson, Shae",Oregon,Big Ten,400m,2018,1,,,52.92,seconds,NCAA West Preliminary Round,2018-05-24,,,,Outdoor,https://www.tfrrs.org/results/57100/3515431/NCAA_West_Preliminary_Round/400-Meters,TFRRS all_performances
"D'Arpino, Venessa",Oregon,Big Ten,400m,2018,3,,,52.78,seconds,NCAA West Preliminary Round,2018-05-24,,,,Outdoor,https://www.tfrrs.org/results/57100/3515431/NCAA_West_Preliminary_Round/400-Meters,TFRRS all_performances
"D'Arpino, Venessa",Oregon,Big Ten,400m,2018,3,,,53.18,seconds,NCAA West Preliminary Round,2018-05-24,,,,Outdoor,https://www.tfrrs.org/results/57100/3515431/NCAA_West_Preliminary_Round/400-Meters,TFRRS all_performances
"DesRosiers, Briyahna",Oregon,Big Ten,400m,2018,3,,,52.06,seconds,NCAA West Preliminary Round,2018-05-24,,,,Outdoor,https://www.tfrrs.org/results/57100/3515431/NCAA_West_Preliminary_Round/400-Meters,TFRRS all_performances
"DesRosiers, Briyahna",Oregon,Big Ten,400m,2018,3,,,52.78,seconds,NCAA West Preliminary Round,2018-05-24,,,,Outdoor,https://www.tfrrs.org/results/57100/3515431/NCAA_West_Preliminary_Round/400-Meters,TFRRS all_performances
"Dunmore, Makenzie",Oregon,Big Ten,400m,2018,2,,,51.25,seconds,NCAA West Preliminary Round,2018-05-24,,,,Outdoor,https://www.tfrrs.org/results/57100/3515431/NCAA_West_Preliminary_Round/400-Meters,TFRRS all_performances
"Dunmore, Makenzie",Oregon,Big Ten,400m,2018,2,,,52.04,seconds,NCAA West Preliminary Round,2018-05-24,,,,Outdoor,https://www.tfrrs.org/results/57100/3515431/NCAA_West_Preliminary_Round/400-Meters,TFRRS all_performances
"Waller, Hannah",Oregon,Big Ten,400m,2018,2,,,51.76,seconds,NCAA West Preliminary Round,2018-05-24,,,,Outdoor,https://www.tfrrs.org/results/57100/3515431/NCAA_West_Preliminary_Round/400-Meters,TFRRS all_performances
"Waller, Hannah",Oregon,Big Ten,400m,2018,2,,,53.37,seconds,NCAA West Preliminary Round,2018-05-24,,,,Outdoor,https://www.tfrrs.org/results/57100/3515431/NCAA_West_Preliminary_Round/400-Meters,TFRRS all_performances
"DesRosiers, Briyahna",Oregon,Big Ten,400m,2018,3,,,52.06,seconds,NCAA Division I Outdoor Championships,2018-06-06,,,,Outdoor,https://www.tfrrs.org/results/57114/3516386/NCAA_Division_I_Outdoor_Championships/400-Meters,TFRRS all_performances
"DesRosiers, Briyahna",Oregon,Big Ten,400m,2018,3,,,52.10,seconds,NCAA Division I Outdoor Championships,2018-06-06,,,,Outdoor,https://www.tfrrs.org/results/57114/3516386/NCAA_Division_I_Outdoor_Championships/400-Meters,TFRRS all_performances
"Dunmore, Makenzie",Oregon,Big Ten,400m,2018,2,,,1:49.13,seconds,NCAA Division I Outdoor Championships,2018-06-06,,,,Outdoor,https://www.tfrrs.org/results/57114/3516386/NCAA_Division_I_Outdoor_Championships/400-Meters,TFRRS all_performances
"Dunmore, Makenzie",Oregon,Big Ten,400m,2018,2,,,51.55,seconds,NCAA Division I Outdoor Championships,2018-06-06,,,,Outdoor,https://www.tfrrs.org/results/57114/3516386/NCAA_Division_I_Outdoor_Championships/400-Meters,TFRRS all_performances
"Waller, Hannah",Oregon,Big Ten,400m,2018,2,,,52.50,seconds,NCAA Division I Outdoor Championships,2018-06-06,,,,Outdoor,https://www.tfrrs.org/results/57114/3516386/NCAA_Division_I_Outdoor_Championships/400-Meters,TFRRS all_performances
"Gillian, Kennedy",USC,Big Ten,400m,2018,2,,,55.85,seconds,Beach Opener,2018-03-03,,,,Outdoor,https://www.tfrrs.org/results/54529/3325454/Beach_Opener/400-Meters,TFRRS all_performances
"Richardson, Kayla",USC,Big Ten,400m,2018,2,,,55.38,seconds,Beach Opener,2018-03-03,,,,Outdoor,https://www.tfrrs.org/results/54529/3325454/Beach_Opener/400-Meters,TFRRS all_performances
"Hill, Deanna",USC,Big Ten,400m,2018,4,,,53.26,seconds,USC Trojan Invitational,2018-03-16,,,,Outdoor,https://www.tfrrs.org/results/54970/3349788/USC_Trojan_Invitational/400-Meters,TFRRS all_performances
"Constantine, Kyra",USC,Big Ten,400m,2018,2,,,52.73,seconds,39th Sun Angel Classic,2018-04-05,,,,Outdoor,https://www.tfrrs.org/results/55897/3405741/39th_Sun_Angel_Classic/400-Meters,TFRRS all_performances
"Gillian, Kennedy",USC,Big Ten,400m,2018,2,,,55.51,seconds,39th Sun Angel Classic,2018-04-05,,,,Outdoor,https://www.tfrrs.org/results/55897/3405735/39th_Sun_Angel_Classic/400-Meters,TFRRS all_performances
"Richardson, Kayla",USC,Big Ten,400m,2018,2,,,54.31,seconds,39th Sun Angel Classic,2018-04-05,,,,Outdoor,https://www.tfrrs.org/results/55897/3405735/39th_Sun_Angel_Classic/400-Meters,TFRRS all_performances
"Roberts, Kaelin",USC,Big Ten,400m,2018,1,,,52.73,seconds,39th Sun Angel Classic,2018-04-05,,,,Outdoor,https://www.tfrrs.org/results/55897/3405741/39th_Sun_Angel_Classic/400-Meters,TFRRS all_performances
"Ellis, Kendall",USC,Big Ten,400m,2018,4,,,51.43,seconds,Mt. SAC Relays,2018-04-19,,,,Outdoor,https://www.tfrrs.org/results/56509/3454554/Mt_SAC_Relays/400-Meters,TFRRS all_performances
"Richardson, Kayla",USC,Big Ten,400m,2018,2,,,54.46,seconds,Mt. SAC Relays,2018-04-19,,,,Outdoor,https://www.tfrrs.org/results/56509/3454434/Mt_SAC_Relays/400-Meters,TFRRS all_performances
"Roberts, Kaelin",USC,Big Ten,400m,2018,1,,,51.99,seconds,Mt. SAC Relays,2018-04-19,,,,Outdoor,https://www.tfrrs.org/results/56509/3454554/Mt_SAC_Relays/400-Meters,TFRRS all_performances
"Ellis, Kendall",USC,Big Ten,400m,2018,4,,,51.72,seconds,UCLA vs. USC Dual,2018-04-29,,,,Outdoor,https://www.tfrrs.org/results/56382/3479628/UCLA_vs_USC_Dual/400-Meters,TFRRS all_performances
"Richardson, Kayla",USC,Big Ten,400m,2018,2,,,55.13,seconds,UCLA vs. USC Dual,2018-04-29,,,,Outdoor,https://www.tfrrs.org/results/56382/3479628/UCLA_vs_USC_Dual/400-Meters,TFRRS all_performances
"Roberts, Kaelin",USC,Big Ten,400m,2018,1,,,54.47,seconds,UCLA vs. USC Dual,2018-04-29,,,,Outdoor,https://www.tfrrs.org/results/56382/3479628/UCLA_vs_USC_Dual/400-Meters,TFRRS all_performances
"Constantine, Kyra",USC,Big Ten,400m,2018,2,,,52.59,seconds,2018 Pac-12 Track & Field Championships,2018-05-12,,,,Outdoor,https://www.tfrrs.org/results/55278/3508258/2018_Pac-12_Track__Field_Championships/400-Meters,TFRRS all_performances
"Constantine, Kyra",USC,Big Ten,400m,2018,2,,,53.83,seconds,2018 Pac-12 Track & Field Championships,2018-05-12,,,,Outdoor,https://www.tfrrs.org/results/55278/3508258/2018_Pac-12_Track__Field_Championships/400-Meters,TFRRS all_performances
"Ellis, Kendall",USC,Big Ten,400m,2018,4,,,49.99,seconds,2018 Pac-12 Track & Field Championships,2018-05-12,,,,Outdoor,https://www.tfrrs.org/results/55278/3508258/2018_Pac-12_Track__Field_Championships/400-Meters,TFRRS all_performances
"Ellis, Kendall",USC,Big Ten,400m,2018,4,,,51.50,seconds,2018 Pac-12 Track & Field Championships,2018-05-12,,,,Outdoor,https://www.tfrrs.org/results/55278/3508258/2018_Pac-12_Track__Field_Championships/400-Meters,TFRRS all_performances
"Gillian, Kennedy",USC,Big Ten,400m,2018,2,,,55.67,seconds,2018 Pac-12 Track & Field Championships,2018-05-12,,,,Outdoor,https://www.tfrrs.org/results/55278/3508258/2018_Pac-12_Track__Field_Championships/400-Meters,TFRRS all_performances
"Roberts, Kaelin",USC,Big Ten,400m,2018,1,,,51.33,seconds,2018 Pac-12 Track & Field Championships,2018-05-12,,,,Outdoor,https://www.tfrrs.org/results/55278/3508258/2018_Pac-12_Track__Field_Championships/400-Meters,TFRRS all_performances
"Roberts, Kaelin",USC,Big Ten,400m,2018,1,,,52.39,seconds,2018 Pac-12 Track & Field Championships,2018-05-12,,,,Outdoor,https://www.tfrrs.org/results/55278/3508258/2018_Pac-12_Track__Field_Championships/400-Meters,TFRRS all_performances
"Constantine, Kyra",USC,Big Ten,400m,2018,2,,,52.58,seconds,NCAA West Preliminary Round,2018-05-24,,,,Outdoor,https://www.tfrrs.org/results/57100/3515431/NCAA_West_Preliminary_Round/400-Meters,TFRRS all_performances
"Constantine, Kyra",USC,Big Ten,400m,2018,2,,,53.08,seconds,NCAA West Preliminary Round,2018-05-24,,,,Outdoor,https://www.tfrrs.org/results/57100/3515431/NCAA_West_Preliminary_Round/400-Meters,TFRRS all_performances
"Ellis, Kendall",USC,Big Ten,400m,2018,4,,,51.03,seconds,NCAA West Preliminary Round,2018-05-24,,,,Outdoor,https://www.tfrrs.org/results/57100/3515431/NCAA_West_Preliminary_Round/400-Meters,TFRRS all_performances
"Ellis, Kendall",USC,Big Ten,400m,2018,4,,,52.31,seconds,NCAA West Preliminary Round,2018-05-24,,,,Outdoor,https://www.tfrrs.org/results/57100/3515431/NCAA_West_Preliminary_Round/400-Meters,TFRRS all_performances
"Constantine, Kyra",USC,Big Ten,400m,2018,2,,,53.18,seconds,NCAA Division I Outdoor Championships,2018-06-06,,,,Outdoor,https://www.tfrrs.org/results/57114/3516386/NCAA_Division_I_Outdoor_Championships/400-Meters,TFRRS all_performances
"Ellis, Kendall",USC,Big Ten,400m,2018,4,,,50.19,seconds,NCAA Division I Outdoor Championships,2018-06-06,,,,Outdoor,https://www.tfrrs.org/results/57114/3516386/NCAA_Division_I_Outdoor_Championships/400-Meters,TFRRS all_performances
"Ellis, Kendall",USC,Big Ten,400m,2018,4,,,51.38,seconds,NCAA Division I Outdoor Championships,2018-06-06,,,,Outdoor,https://www.tfrrs.org/results/57114/3516386/NCAA_Division_I_Outdoor_Championships/400-Meters,TFRRS all_performances
"Birkenfeld, Carolyn",Washington,Big Ten,400m,2018,4,,,55.58,seconds,USC Trojan Invitational,2018-03-16,,,,Outdoor,https://www.tfrrs.org/results/54970/3349788/USC_Trojan_Invitational/400-Meters,TFRRS all_performances
"Birkenfeld, Carolyn",Washington,Big Ten,400m,2018,4,,,56.43,seconds,Oregon Pepsi Invitational,2018-04-07,,,,Outdoor,https://www.tfrrs.org/results/54397/3405007/Oregon_Pepsi_Invitational/400-Meters,TFRRS all_performances
"Tjernagel, Raquel",Washington,Big Ten,400m,2018,3,,,58.60,seconds,Oregon Pepsi Invitational,2018-04-07,,,,Outdoor,https://www.tfrrs.org/results/54397/3405007/Oregon_Pepsi_Invitational/400-Meters,TFRRS all_performances
"Apostol, Imani",Washington,Big Ten,400m,2018,3,,,56.02,seconds,Mt. SAC Relays,2018-04-19,,,,Outdoor,https://www.tfrrs.org/results/56509/3454434/Mt_SAC_Relays/400-Meters,TFRRS all_performances
"Birkenfeld, Carolyn",Washington,Big Ten,400m,2018,4,,,55.27,seconds,Mt. SAC Relays,2018-04-19,,,,Outdoor,https://www.tfrrs.org/results/56509/3454434/Mt_SAC_Relays/400-Meters,TFRRS all_performances
"Tjernagel, Raquel",Washington,Big Ten,400m,2018,3,,,55.87,seconds,Mt. SAC Relays,2018-04-19,,,,Outdoor,https://www.tfrrs.org/results/56509/3454434/Mt_SAC_Relays/400-Meters,TFRRS all_performances
"Apostol, Imani",Washington,Big Ten,400m,2018,3,,,57.46,seconds,WSU-UW Dual,2018-04-28,,,,Outdoor,https://www.tfrrs.org/results/56143/3476169/WSU-UW_Dual/400-Meters,TFRRS all_performances
"Birkenfeld, Carolyn",Washington,Big Ten,400m,2018,4,,,55.26,seconds,WSU-UW Dual,2018-04-28,,,,Outdoor,https://www.tfrrs.org/results/56143/3476169/WSU-UW_Dual/400-Meters,TFRRS all_performances
"Eke, Chisom",Washington,Big Ten,400m,2018,1,,,1:00.63,seconds,WSU-UW Dual,2018-04-28,,,,Outdoor,https://www.tfrrs.org/results/56143/3476169/WSU-UW_Dual/400-Meters,TFRRS all_performances
"Stavig, Sarah",Washington,Big Ten,400m,2018,2,,,56.92,seconds,WSU-UW Dual,2018-04-28,,,,Outdoor,https://www.tfrrs.org/results/56143/3476169/WSU-UW_Dual/400-Meters,TFRRS all_performances
"Tjernagel, Raquel",Washington,Big Ten,400m,2018,3,,,57.64,seconds,WSU-UW Dual,2018-04-28,,,,Outdoor,https://www.tfrrs.org/results/56143/3476169/WSU-UW_Dual/400-Meters,TFRRS all_performances
"Eke, Chisom",Washington,Big Ten,400m,2018,1,,,59.53,seconds,2018 Ken Shannon Invitational,2018-05-04,,,,Outdoor,https://www.tfrrs.org/results/55603/3494856/2018_Ken_Shannon_Invitational/400-Meters,TFRRS all_performances
"Tarleton, Hanna",Washington,Big Ten,400m,2018,3,,,54.76,seconds,2018 Ken Shannon Invitational,2018-05-04,,,,Outdoor,https://www.tfrrs.org/results/55603/3494856/2018_Ken_Shannon_Invitational/400-Meters,TFRRS all_performances
"Apostol, Imani",Washington,Big Ten,400m,2018,3,,,55.76,seconds,2018 Pac-12 Track & Field Championships,2018-05-12,,,,Outdoor,https://www.tfrrs.org/results/55278/3508258/2018_Pac-12_Track__Field_Championships/400-Meters,TFRRS all_performances
"Birkenfeld, Carolyn",Washington,Big Ten,400m,2018,4,,,55.52,seconds,2018 Pac-12 Track & Field Championships,2018-05-12,,,,Outdoor,https://www.tfrrs.org/results/55278/3508258/2018_Pac-12_Track__Field_Championships/400-Meters,TFRRS all_performances
"Stavig, Sarah",Washington,Big Ten,400m,2018,2,,,57.57,seconds,2018 Pac-12 Track & Field Championships,2018-05-12,,,,Outdoor,https://www.tfrrs.org/results/55278/3508258/2018_Pac-12_Track__Field_Championships/400-Meters,TFRRS all_performances
"Barlow, Caroline",Alabama,SEC,400m,2018,3,,,1:03.40,seconds,UTSA Invitational,2018-03-16,,,,Outdoor,https://www.tfrrs.org/results/54532/3349331/UTSA_Invitational/400-Meters,TFRRS all_performances
"Brooks, Caroline",Alabama,SEC,400m,2018,2,,,1:00.26,seconds,UTSA Invitational,2018-03-16,,,,Outdoor,https://www.tfrrs.org/results/54532/3349331/UTSA_Invitational/400-Meters,TFRRS all_performances
"Dooley, Margot",Alabama,SEC,400m,2018,1,,,1:02.35,seconds,UTSA Invitational,2018-03-16,,,,Outdoor,https://www.tfrrs.org/results/54532/3349331/UTSA_Invitational/400-Meters,TFRRS all_performances
"Funcheon, Katie",Alabama,SEC,400m,2018,2,,,55.35,seconds,UTSA Invitational,2018-03-16,,,,Outdoor,https://www.tfrrs.org/results/54532/3349331/UTSA_Invitational/400-Meters,TFRRS all_performances
"Mazi, Hope",Alabama,SEC,400m,2018,2,,,56.17,seconds,UTSA Invitational,2018-03-16,,,,Outdoor,https://www.tfrrs.org/results/54532/3349331/UTSA_Invitational/400-Meters,TFRRS all_performances
"Walker, Kaitlin",Alabama,SEC,400m,2018,4,,,55.64,seconds,UTSA Invitational,2018-03-16,,,,Outdoor,https://www.tfrrs.org/results/54532/3349331/UTSA_Invitational/400-Meters,TFRRS all_performances
"Williams, Kristyn",Alabama,SEC,400m,2018,3,,,55.72,seconds,UTSA Invitational,2018-03-16,,,,Outdoor,https://www.tfrrs.org/results/54532/3349331/UTSA_Invitational/400-Meters,TFRRS all_performances
"Darius, Symone",Alabama,SEC,400m,2018,2,,,55.20,seconds,Crimson Tide Invitational,2018-04-06,,,,Outdoor,https://www.tfrrs.org/results/55889/3403245/Crimson_Tide_Invitational/400-Meters,TFRRS all_performances
"Funcheon, Katie",Alabama,SEC,400m,2018,2,,,54.66,seconds,Crimson Tide Invitational,2018-04-06,,,,Outdoor,https://www.tfrrs.org/results/55889/3403245/Crimson_Tide_Invitational/400-Meters,TFRRS all_performances
"Mazi, Hope",Alabama,SEC,400m,2018,2,,,54.90,seconds,Crimson Tide Invitational,2018-04-06,,,,Outdoor,https://www.tfrrs.org/results/55889/3403245/Crimson_Tide_Invitational/400-Meters,TFRRS all_performances
"Roberson, Takyera",Alabama,SEC,400m,2018,2,,,53.98,seconds,Crimson Tide Invitational,2018-04-06,,,,Outdoor,https://www.tfrrs.org/results/55889/3403245/Crimson_Tide_Invitational/400-Meters,TFRRS all_performances
"Saffore, Amber",Alabama,SEC,400m,2018,1,,,1:05.62,seconds,Crimson Tide Invitational,2018-04-06,,,,Outdoor,https://www.tfrrs.org/results/55889/3403245/Crimson_Tide_Invitational/400-Meters,TFRRS all_performances
"Funcheon, Katie",Alabama,SEC,400m,2018,2,,,54.52,seconds,UF Tom Jones Memorial,2018-04-13,,,,Outdoor,https://www.tfrrs.org/results/53752/3428916/UF_Tom_Jones_Memorial/400-Meters,TFRRS all_performances
"Mazi, Hope",Alabama,SEC,400m,2018,2,,,55.33,seconds,UF Tom Jones Memorial,2018-04-13,,,,Outdoor,https://www.tfrrs.org/results/53752/3428916/UF_Tom_Jones_Memorial/400-Meters,TFRRS all_performances
"Funcheon, Katie",Alabama,SEC,400m,2018,2,,,54.36,seconds,War Eagle Invitational 2018,2018-04-20,,,,Outdoor,https://www.tfrrs.org/results/51957/3451986/War_Eagle_Invitational_2018/400-Meters,TFRRS all_performances
"Roberson, Takyera",Alabama,SEC,400m,2018,2,,,54.14,seconds,War Eagle Invitational 2018,2018-04-20,,,,Outdoor,https://www.tfrrs.org/results/51957/3451986/War_Eagle_Invitational_2018/400-Meters,TFRRS all_performances
"Funcheon, Katie",Alabama,SEC,400m,2018,2,,,53.72,seconds,LSU Invitational,2018-04-28,,,,Outdoor,https://www.tfrrs.org/results/52610/3474176/LSU_Invitational/400-Meters,TFRRS all_performances
"Mazi, Hope",Alabama,SEC,400m,2018,2,,,54.93,seconds,LSU Invitational,2018-04-28,,,,Outdoor,https://www.tfrrs.org/results/52610/3474176/LSU_Invitational/400-Meters,TFRRS all_performances
"Roberson, Takyera",Alabama,SEC,400m,2018,2,,,54.72,seconds,LSU Invitational,2018-04-28,,,,Outdoor,https://www.tfrrs.org/results/52610/3474176/LSU_Invitational/400-Meters,TFRRS all_performances
"Funcheon, Katie",Alabama,SEC,400m,2018,2,,,53.48,seconds,SEC Outdoor Track and Field Championships,2018-05-11,,,,Outdoor,https://www.tfrrs.org/results/56302/3508661/SEC_Outdoor_Track_and_Field_Championships/400-Meters,TFRRS all_performances
"Mazi, Hope",Alabama,SEC,400m,2018,2,,,55.14,seconds,SEC Outdoor Track and Field Championships,2018-05-11,,,,Outdoor,https://www.tfrrs.org/results/56302/3508661/SEC_Outdoor_Track_and_Field_Championships/400-Meters,TFRRS all_performances
"Funcheon, Katie",Alabama,SEC,400m,2018,2,,,53.27,seconds,NCAA East Preliminary Round,2018-05-24,,,,Outdoor,https://www.tfrrs.org/results/57099/3515281/NCAA_East_Preliminary_Round/400-Meters,TFRRS all_performances
"Sharpe, Taylor",Florida,SEC,400m,2018,4,,,54.46,seconds,FSU Relays,2018-03-23,,,,Outdoor,https://www.tfrrs.org/results/55228/3362596/FSU_Relays/400-Meters,TFRRS all_performances
"Barnett, Sharrika",Florida,SEC,400m,2018,3,,,50.93,seconds,Florida Relays,2018-03-29,,,,Outdoor,https://www.tfrrs.org/results/53568/3384018/Florida_Relays/400-Meters,TFRRS all_performances
"Manson, Taylor",Florida,SEC,400m,2018,1,,,52.43,seconds,Florida Relays,2018-03-29,,,,Outdoor,https://www.tfrrs.org/results/53568/3384018/Florida_Relays/400-Meters,TFRRS all_performances
"Sharpe, Taylor",Florida,SEC,400m,2018,4,,,53.68,seconds,Florida Relays,2018-03-29,,,,Outdoor,https://www.tfrrs.org/results/53568/3384018/Florida_Relays/400-Meters,TFRRS all_performances
"Sharpe, Taylor",Florida,SEC,400m,2018,4,,,53.66,seconds,UF Tom Jones Memorial,2018-04-13,,,,Outdoor,https://www.tfrrs.org/results/53752/3428916/UF_Tom_Jones_Memorial/400-Meters,TFRRS all_performances
"Barnett, Sharrika",Florida,SEC,400m,2018,3,,,51.50,seconds,National Relay Championships,2018-04-27,,,,Outdoor,https://www.tfrrs.org/results/54177/3473045/National_Relay_Championships/400-Meters,TFRRS all_performances
"Manson, Taylor",Florida,SEC,400m,2018,1,,,52.26,seconds,National Relay Championships,2018-04-27,,,,Outdoor,https://www.tfrrs.org/results/54177/3473045/National_Relay_Championships/400-Meters,TFRRS all_performances
"Sharpe, Taylor",Florida,SEC,400m,2018,4,,,53.76,seconds,National Relay Championships,2018-04-27,,,,Outdoor,https://www.tfrrs.org/results/54177/3473045/National_Relay_Championships/400-Meters,TFRRS all_performances
"Barnett, Sharrika",Florida,SEC,400m,2018,3,,,50.69,seconds,SEC Outdoor Track and Field Championships,2018-05-11,,,,Outdoor,https://www.tfrrs.org/results/56302/3508661/SEC_Outdoor_Track_and_Field_Championships/400-Meters,TFRRS all_performances
"Barnett, Sharrika",Florida,SEC,400m,2018,3,,,51.94,seconds,SEC Outdoor Track and Field Championships,2018-05-11,,,,Outdoor,https://www.tfrrs.org/results/56302/3508661/SEC_Outdoor_Track_and_Field_Championships/400-Meters,TFRRS all_performances
"Manson, Taylor",Florida,SEC,400m,2018,1,,,52.26,seconds,SEC Outdoor Track and Field Championships,2018-05-11,,,,Outdoor,https://www.tfrrs.org/results/56302/3508661/SEC_Outdoor_Track_and_Field_Championships/400-Meters,TFRRS all_performances
"Manson, Taylor",Florida,SEC,400m,2018,1,,,52.60,seconds,SEC Outdoor Track and Field Championships,2018-05-11,,,,Outdoor,https://www.tfrrs.org/results/56302/3508661/SEC_Outdoor_Track_and_Field_Championships/400-Meters,TFRRS all_performances
"Sharpe, Taylor",Florida,SEC,400m,2018,4,,,53.10,seconds,SEC Outdoor Track and Field Championships,2018-05-11,,,,Outdoor,https://www.tfrrs.org/results/56302/3508661/SEC_Outdoor_Track_and_Field_Championships/400-Meters,TFRRS all_performances
"Sharpe, Taylor",Florida,SEC,400m,2018,4,,,53.23,seconds,SEC Outdoor Track and Field Championships,2018-05-11,,,,Outdoor,https://www.tfrrs.org/results/56302/3508661/SEC_Outdoor_Track_and_Field_Championships/400-Meters,TFRRS all_performances
"Barnett, Sharrika",Florida,SEC,400m,2018,3,,,51.46,seconds,NCAA East Preliminary Round,2018-05-24,,,,Outdoor,https://www.tfrrs.org/results/57099/3515281/NCAA_East_Preliminary_Round/400-Meters,TFRRS all_performances
"Barnett, Sharrika",Florida,SEC,400m,2018,3,,,51.66,seconds,NCAA East Preliminary Round,2018-05-24,,,,Outdoor,https://www.tfrrs.org/results/57099/3515281/NCAA_East_Preliminary_Round/400-Meters,TFRRS all_performances
"Manson, Taylor",Florida,SEC,400m,2018,1,,,51.84,seconds,NCAA East Preliminary Round,2018-05-24,,,,Outdoor,https://www.tfrrs.org/results/57099/3515281/NCAA_East_Preliminary_Round/400-Meters,TFRRS all_performances
"Manson, Taylor",Florida,SEC,400m,2018,1,,,52.33,seconds,NCAA East Preliminary Round,2018-05-24,,,,Outdoor,https://www.tfrrs.org/results/57099/3515281/NCAA_East_Preliminary_Round/400-Meters,TFRRS all_performances
"Sharpe, Taylor",Florida,SEC,400m,2018,4,,,52.56,seconds,NCAA East Preliminary Round,2018-05-24,,,,Outdoor,https://www.tfrrs.org/results/57099/3515281/NCAA_East_Preliminary_Round/400-Meters,TFRRS all_performances
"Sharpe, Taylor",Florida,SEC,400m,2018,4,,,52.60,seconds,NCAA East Preliminary Round,2018-05-24,,,,Outdoor,https://www.tfrrs.org/results/57099/3515281/NCAA_East_Preliminary_Round/400-Meters,TFRRS all_performances
"Barnett, Sharrika",Florida,SEC,400m,2018,3,,,51.16,seconds,NCAA Division I Outdoor Championships,2018-06-06,,,,Outdoor,https://www.tfrrs.org/results/57114/3516386/NCAA_Division_I_Outdoor_Championships/400-Meters,TFRRS all_performances
"Barnett, Sharrika",Florida,SEC,400m,2018,3,,,51.68,seconds,NCAA Division I Outdoor Championships,2018-06-06,,,,Outdoor,https://www.tfrrs.org/results/57114/3516386/NCAA_Division_I_Outdoor_Championships/400-Meters,TFRRS all_performances
"Manson, Taylor",Florida,SEC,400m,2018,1,,,52.28,seconds,NCAA Division I Outdoor Championships,2018-06-06,,,,Outdoor,https://www.tfrrs.org/results/57114/3516386/NCAA_Division_I_Outdoor_Championships/400-Meters,TFRRS all_performances
Katie Jackson,Georgia,SEC,400m,2018,2,,,54.75,seconds,Spec Towns Invitational,2018-04-06,Final,1.0,,Outdoor,https://georgiadogs.com/documents/download/2018/5/10/2018_SECOutdoorChampionships_Notes.pdf,legacy_source_needs_review
"Ransby, Micaiah",Georgia,SEC,400m,2018,2,,,55.27,seconds,Spec Towns Invitational,2018-04-06,,,,Outdoor,https://www.tfrrs.org/results/55891/3403434/Spec_Towns_Invitational/400-Meters,TFRRS all_performances
"Tanner, Amber",Georgia,SEC,400m,2018,2,,,54.75,seconds,Spec Towns Invitational,2018-04-06,,,,Outdoor,https://www.tfrrs.org/results/55891/3403434/Spec_Towns_Invitational/400-Meters,TFRRS all_performances
"Irby, Lynna",Georgia,SEC,400m,2018,1,,,50.95,seconds,Mt. SAC Relays,2018-04-19,,,,Outdoor,https://www.tfrrs.org/results/56509/3454554/Mt_SAC_Relays/400-Meters,TFRRS all_performances
"Ransby, Micaiah",Georgia,SEC,400m,2018,2,,,54.50,seconds,Mt. SAC Relays,2018-04-19,,,,Outdoor,https://www.tfrrs.org/results/56509/3454434/Mt_SAC_Relays/400-Meters,TFRRS all_performances
"Ransby, Micaiah",Georgia,SEC,400m,2018,2,,,54.68,seconds,SEC Outdoor Track and Field Championships,2018-05-11,,,,Outdoor,https://www.tfrrs.org/results/56302/3508661/SEC_Outdoor_Track_and_Field_Championships/400-Meters,TFRRS all_performances
"Irby, Lynna",Georgia,SEC,400m,2018,1,,,50.44,seconds,NCAA East Preliminary Round,2018-05-24,,,,Outdoor,https://www.tfrrs.org/results/57099/3515281/NCAA_East_Preliminary_Round/400-Meters,TFRRS all_performances
"Irby, Lynna",Georgia,SEC,400m,2018,1,,,50.77,seconds,NCAA East Preliminary Round,2018-05-24,,,,Outdoor,https://www.tfrrs.org/results/57099/3515281/NCAA_East_Preliminary_Round/400-Meters,TFRRS all_performances
"Irby, Lynna",Georgia,SEC,400m,2018,1,,,49.80,seconds,NCAA Division I Outdoor Championships,2018-06-06,,,,Outdoor,https://www.tfrrs.org/results/57114/3516386/NCAA_Division_I_Outdoor_Championships/400-Meters,TFRRS all_performances
"Irby, Lynna",Georgia,SEC,400m,2018,1,,,50.11,seconds,NCAA Division I Outdoor Championships,2018-06-06,,,,Outdoor,https://www.tfrrs.org/results/57114/3516386/NCAA_Division_I_Outdoor_Championships/400-Meters,TFRRS all_performances
"Mitchell, Jasmine",Kentucky,SEC,400m,2018,4,,,58.83,seconds,UCF Black and Gold Challenge,2018-03-16,,,,Outdoor,https://www.tfrrs.org/results/52465/3347736/UCF_Black_and_Gold_Challenge/400-Meters,TFRRS all_performances
"Mitchell, Jasmine",Kentucky,SEC,400m,2018,4,,,56.80,seconds,Vanderbilt Black and Gold,2018-03-23,,,,Outdoor,https://www.tfrrs.org/results/55250/3365905/Vanderbilt_Black_and_Gold/400-Meters,TFRRS all_performances
"O'Connor, Janie",Kentucky,SEC,400m,2018,1,,,59.40,seconds,Vanderbilt Black and Gold,2018-03-23,,,,Outdoor,https://www.tfrrs.org/results/55250/3365905/Vanderbilt_Black_and_Gold/400-Meters,TFRRS all_performances
"McLaughlin, Sydney",Kentucky,SEC,400m,2018,1,,,50.07,seconds,Florida Relays,2018-03-29,,,,Outdoor,https://www.tfrrs.org/results/53568/3384018/Florida_Relays/400-Meters,TFRRS all_performances
"Mitchell, Jasmine",Kentucky,SEC,400m,2018,4,,,55.67,seconds,Florida Relays,2018-03-29,,,,Outdoor,https://www.tfrrs.org/results/53568/3384018/Florida_Relays/400-Meters,TFRRS all_performances
"Mitchell, Jasmine",Kentucky,SEC,400m,2018,4,,,55.38,seconds,Tennessee Relays,2018-04-12,,,,Outdoor,https://www.tfrrs.org/results/54171/3425859/Tennessee_Relays/400-Meters,TFRRS all_performances
"Mitchell, Jasmine",Kentucky,SEC,400m,2018,4,,,57.34,seconds,National Relay Championships,2018-04-27,,,,Outdoor,https://www.tfrrs.org/results/54177/3473045/National_Relay_Championships/400-Meters,TFRRS all_performances
"Mitchell, Jasmine",Kentucky,SEC,400m,2018,4,,,55.29,seconds,2018 Kentucky Relays,2018-05-05,,,,Outdoor,https://www.tfrrs.org/results/52151/3493147/2018_Kentucky_Relays/400-Meters,TFRRS all_performances
"Abrams, Aliyah",South Carolina,SEC,400m,2018,2,,,52.90,seconds,UCF Black and Gold Challenge,2018-03-16,,,,Outdoor,https://www.tfrrs.org/results/52465/3347736/UCF_Black_and_Gold_Challenge/400-Meters,TFRRS all_performances
"Davis , Stephanie",South Carolina,SEC,400m,2018,1,,,55.05,seconds,UCF Black and Gold Challenge,2018-03-16,,,,Outdoor,https://www.tfrrs.org/results/52465/3347736/UCF_Black_and_Gold_Challenge/400-Meters,TFRRS all_performances
"Holmes, Precious",South Carolina,SEC,400m,2018,4,,,55.25,seconds,UCF Black and Gold Challenge,2018-03-16,,,,Outdoor,https://www.tfrrs.org/results/52465/3347736/UCF_Black_and_Gold_Challenge/400-Meters,TFRRS all_performances
"Mills , Tatyana",South Carolina,SEC,400m,2018,3,,,56.50,seconds,UCF Black and Gold Challenge,2018-03-16,,,,Outdoor,https://www.tfrrs.org/results/52465/3347736/UCF_Black_and_Gold_Challenge/400-Meters,TFRRS all_performances
"Abrams, Aliyah",South Carolina,SEC,400m,2018,3,,,53.62,seconds,Weems Baskin Relays,2018-03-23,,,,Outdoor,https://www.tfrrs.org/results/53411/3366134/Weems_Baskin_Relays/400-Meters,TFRRS all_performances
"Davis , Stephanie",South Carolina,SEC,400m,2018,1,,,54.41,seconds,Weems Baskin Relays,2018-03-23,,,,Outdoor,https://www.tfrrs.org/results/53411/3366134/Weems_Baskin_Relays/400-Meters,TFRRS all_performances
"Holmes, Precious",South Carolina,SEC,400m,2018,4,,,54.62,seconds,Weems Baskin Relays,2018-03-23,,,,Outdoor,https://www.tfrrs.org/results/53411/3366134/Weems_Baskin_Relays/400-Meters,TFRRS all_performances
"Abrams, Aliyah",South Carolina,SEC,400m,2018,2,,,52.91,seconds,Florida Relays,2018-03-29,,,,Outdoor,https://www.tfrrs.org/results/53568/3384018/Florida_Relays/400-Meters,TFRRS all_performances
"Davis , Stephanie",South Carolina,SEC,400m,2018,1,,,55.75,seconds,Florida Relays,2018-03-29,,,,Outdoor,https://www.tfrrs.org/results/53568/3384018/Florida_Relays/400-Meters,TFRRS all_performances
"Holmes, Precious",South Carolina,SEC,400m,2018,4,,,54.99,seconds,Florida Relays,2018-03-29,,,,Outdoor,https://www.tfrrs.org/results/53568/3384018/Florida_Relays/400-Meters,TFRRS all_performances
"Abrams, Aliyah",South Carolina,SEC,400m,2018,2,,,53.79,seconds,Gamecock Invitational,2018-04-07,,,,Outdoor,https://www.tfrrs.org/results/53413/3403698/Gamecock_Invitational/400-Meters,TFRRS all_performances
"Davis , Stephanie",South Carolina,SEC,400m,2018,1,,,55.07,seconds,Gamecock Invitational,2018-04-07,,,,Outdoor,https://www.tfrrs.org/results/53413/3403698/Gamecock_Invitational/400-Meters,TFRRS all_performances
"Mills , Tatyana",South Carolina,SEC,400m,2018,3,,,57.62,seconds,Gamecock Invitational,2018-04-07,,,,Outdoor,https://www.tfrrs.org/results/53413/3403698/Gamecock_Invitational/400-Meters,TFRRS all_performances
"Abrams, Aliyah",South Carolina,SEC,400m,2018,2,,,52.78,seconds,Tennessee Relays,2018-04-12,,,,Outdoor,https://www.tfrrs.org/results/54171/3425859/Tennessee_Relays/400-Meters,TFRRS all_performances
"Davis , Stephanie",South Carolina,SEC,400m,2018,1,,,54.71,seconds,Tennessee Relays,2018-04-12,,,,Outdoor,https://www.tfrrs.org/results/54171/3425859/Tennessee_Relays/400-Meters,TFRRS all_performances
"Haith, Briana",South Carolina,SEC,400m,2018,4,,,1:01.20,seconds,Tennessee Relays,2018-04-12,,,,Outdoor,https://www.tfrrs.org/results/54171/3425859/Tennessee_Relays/400-Meters,TFRRS all_performances
"Mills , Tatyana",South Carolina,SEC,400m,2018,3,,,57.83,seconds,Tennessee Relays,2018-04-12,,,,Outdoor,https://www.tfrrs.org/results/54171/3425859/Tennessee_Relays/400-Meters,TFRRS all_performances
"Holmes, Precious",South Carolina,SEC,400m,2018,4,,,55.45,seconds,USC Open,2018-04-21,,,,Outdoor,https://www.tfrrs.org/results/53412/3451821/USC_Open/400-Meters,TFRRS all_performances
"Davis , Stephanie",South Carolina,SEC,400m,2018,1,,,53.80,seconds,SEC Outdoor Track and Field Championships,2018-05-11,,,,Outdoor,https://www.tfrrs.org/results/56302/3508661/SEC_Outdoor_Track_and_Field_Championships/400-Meters,TFRRS all_performances
"Holmes, Precious",South Carolina,SEC,400m,2018,4,,,54.35,seconds,SEC Outdoor Track and Field Championships,2018-05-11,,,,Outdoor,https://www.tfrrs.org/results/56302/3508661/SEC_Outdoor_Track_and_Field_Championships/400-Meters,TFRRS all_performances
"Mills , Tatyana",South Carolina,SEC,400m,2018,3,,,55.47,seconds,SEC Outdoor Track and Field Championships,2018-05-11,,,,Outdoor,https://www.tfrrs.org/results/56302/3508661/SEC_Outdoor_Track_and_Field_Championships/400-Meters,TFRRS all_performances
"Abrams, Aliyah",South Carolina,SEC,400m,2018,2,,,52.04,seconds,NCAA East Preliminary Round,2018-05-24,,,,Outdoor,https://www.tfrrs.org/results/57099/3515281/NCAA_East_Preliminary_Round/400-Meters,TFRRS all_performances
"Abrams, Aliyah",South Carolina,SEC,400m,2018,2,,,52.53,seconds,NCAA East Preliminary Round,2018-05-24,,,,Outdoor,https://www.tfrrs.org/results/57099/3515281/NCAA_East_Preliminary_Round/400-Meters,TFRRS all_performances
"Abrams, Aliyah",South Carolina,SEC,400m,2018,2,,,53.09,seconds,NCAA Division I Outdoor Championships,2018-06-06,,,,Outdoor,https://www.tfrrs.org/results/57114/3516386/NCAA_Division_I_Outdoor_Championships/400-Meters,TFRRS all_performances
"McIntosh, Kamryn",Clemson,ACC,400m,2019,2,,,55.43,s,Yellow Jacket Invitational,2019-03-15,,,,Outdoor,https://www.tfrrs.org/results/59266/3679651/Yellow_Jacket_Invitational/400-Meters,TFRRS all_performances
"Clarke, Kendra",Clemson,ACC,400m,2019,4,,,54.54,s,North Florida Spring Break Invitational,2019-03-21,,,,Outdoor,https://www.tfrrs.org/results/59177/3697954/North_Florida_Spring_Break_Invitational/400-Meters,TFRRS all_performances
"Foster, Andrea",Clemson,ACC,400m,2019,3,,,56.02,s,North Florida Spring Break Invitational,2019-03-21,,,,Outdoor,https://www.tfrrs.org/results/59177/3697954/North_Florida_Spring_Break_Invitational/400-Meters,TFRRS all_performances
"McIntosh, Kamryn",Clemson,ACC,400m,2019,2,,,54.72,s,North Florida Spring Break Invitational,2019-03-21,,,,Outdoor,https://www.tfrrs.org/results/59177/3697954/North_Florida_Spring_Break_Invitational/400-Meters,TFRRS all_performances
"Clarke, Kendra",Clemson,ACC,400m,2019,4,,,54.06,s,Florida Relays,2019-03-28,,,,Outdoor,https://www.tfrrs.org/results/59113/3716336/Florida_Relays/400-Meters,TFRRS all_performances
"Foster, Andrea",Clemson,ACC,400m,2019,3,,,55.04,s,Gamecock Invitational Outdoor,2019-04-13,,,,Outdoor,https://www.tfrrs.org/results/57927/3768788/Gamecock_Invitational_Outdoor_/400-Meters,TFRRS all_performances
"Mallard, Aliyah",Clemson,ACC,400m,2019,1,,,54.96,s,LSU Alumni Gold,2019-04-20,,,,Outdoor,https://www.tfrrs.org/results/57942/3790535/LSU_Alumni_Gold/400-Meters,TFRRS all_performances
"Clarke, Kendra",Clemson,ACC,400m,2019,4,,,54.78,s,ACC Championships,2019-05-09,,,,Outdoor,https://www.tfrrs.org/results/62590/3838907/ACC_Championships/400-Meters,TFRRS all_performances
"Aveni, Brittany",Duke,ACC,400m,2019,3,,,54.83,s,HPU VertKlasse Meeting,2019-03-21,,,,Outdoor,https://www.tfrrs.org/results/60864/3700281/HPU_VertKlasse_Meeting/400-Meters,TFRRS all_performances
"Capehart, Virginia",Duke,ACC,400m,2019,1,,,57.17,s,HPU VertKlasse Meeting,2019-03-21,,,,Outdoor,https://www.tfrrs.org/results/60864/3700281/HPU_VertKlasse_Meeting/400-Meters,TFRRS all_performances
"Gbadegesin, Simi",Duke,ACC,400m,2019,2,,,56.99,s,HPU VertKlasse Meeting,2019-03-21,,,,Outdoor,https://www.tfrrs.org/results/60864/3700281/HPU_VertKlasse_Meeting/400-Meters,TFRRS all_performances
"Capehart, Virginia",Duke,ACC,400m,2019,1,,,57.17,s,Raleigh Relays,2019-03-29,,,,Outdoor,https://www.tfrrs.org/results/61150/3718066/Raleigh_Relays/400-Meters,TFRRS all_performances
"Gbadegesin, Simi",Duke,ACC,400m,2019,2,,,56.88,s,Raleigh Relays,2019-03-29,,,,Outdoor,https://www.tfrrs.org/results/61150/3718066/Raleigh_Relays/400-Meters,TFRRS all_performances
"Gbadegesin, Simi",Duke,ACC,400m,2019,2,,,57.00,s,Battle of the Blues,2019-04-06,,,,Outdoor,https://www.tfrrs.org/results/61484/3743613/Battle_of_the_Blues/400-Meters,TFRRS all_performances
"Kerr, MacKenzie",Duke,ACC,400m,2019,4,,,56.25,s,Battle of the Blues,2019-04-06,,,,Outdoor,https://www.tfrrs.org/results/61484/3743613/Battle_of_the_Blues/400-Meters,TFRRS all_performances
"Hoffman, Lauren",Duke,ACC,400m,2019,2,,,58.99,s,Tennessee Relays,2019-04-13,Final,3,,Outdoor,https://static.goduke.com/custompages/web-docs/track/2018-19/2019trackresults.pdf,legacy_source_needs_review
"Aveni, Brittany",Duke,ACC,400m,2019,3,,,54.56,s,Duke Invitational,2019-04-19,,,,Outdoor,https://www.tfrrs.org/results/62068/3791508/Duke_Invitational/400-Meters,TFRRS all_performances
"Capehart, Virginia",Duke,ACC,400m,2019,1,,,56.95,s,Duke Invitational,2019-04-19,,,,Outdoor,https://www.tfrrs.org/results/62068/3791508/Duke_Invitational/400-Meters,TFRRS all_performances
"Gbadegesin, Simi",Duke,ACC,400m,2019,2,,,57.69,s,Duke Invitational,2019-04-19,,,,Outdoor,https://www.tfrrs.org/results/62068/3791508/Duke_Invitational/400-Meters,TFRRS all_performances
"Kerr, MacKenzie",Duke,ACC,400m,2019,4,,,54.82,s,Duke Invitational,2019-04-19,,,,Outdoor,https://www.tfrrs.org/results/62068/3791508/Duke_Invitational/400-Meters,TFRRS all_performances
"Gbadegesin, Simi",Duke,ACC,400m,2019,2,,,56.85,s,Virginia Grand Prix,2019-04-26,,,,Outdoor,https://www.tfrrs.org/results/62320/3812599/Virginia_Grand_Prix/400-Meters,TFRRS all_performances
"Kerr, MacKenzie",Duke,ACC,400m,2019,4,,,55.85,s,ACC Championships,2019-05-09,,,,Outdoor,https://www.tfrrs.org/results/62590/3838907/ACC_Championships/400-Meters,TFRRS all_performances
"Lowe, India",Duke,ACC,400m,2019,4,,,53.78,s,ACC Championships,2019-05-09,,,,Outdoor,https://www.tfrrs.org/results/62590/3838907/ACC_Championships/400-Meters,TFRRS all_performances
"Lowe, India",Duke,ACC,400m,2019,4,,,54.34,s,ACC Championships,2019-05-09,,,,Outdoor,https://www.tfrrs.org/results/62590/3838907/ACC_Championships/400-Meters,TFRRS all_performances
"Caldwell, Janae",Florida State,ACC,400m,2019,3,,,54.53,s,FSU Relays (College),2019-03-22,,,,Outdoor,https://www.tfrrs.org/results/60843/3696039/FSU_Relays_College/400-Meters,TFRRS all_performances
"Caldwell, Janae",Florida State,ACC,400m,2019,3,,,54.11,s,Florida Relays,2019-03-28,,,,Outdoor,https://www.tfrrs.org/results/59113/3716336/Florida_Relays/400-Meters,TFRRS all_performances
"Davis, Karimah",Florida State,ACC,400m,2019,1,,,53.18,s,Florida Relays,2019-03-28,,,,Outdoor,https://www.tfrrs.org/results/59113/3716336/Florida_Relays/400-Meters,TFRRS all_performances
"Caldwell, Janae",Florida State,ACC,400m,2019,3,,,54.47,s,Crimson Tide Invitational,2019-04-11,,,,Outdoor,https://www.tfrrs.org/results/61791/3763774/Crimson_Tide_Invitational/400-Meters,TFRRS all_performances
"Caldwell, Janae",Florida State,ACC,400m,2019,3,,,54.60,s,Mt. SAC Relays,2019-04-18,,,,Outdoor,https://www.tfrrs.org/results/62078/3792835/Mt_SAC_Relays/400-Meters,TFRRS all_performances
"Davis, Karimah",Florida State,ACC,400m,2019,1,,,53.93,s,Mt. SAC Relays,2019-04-18,,,,Outdoor,https://www.tfrrs.org/results/62078/3792835/Mt_SAC_Relays/400-Meters,TFRRS all_performances
"Caldwell, Janae",Florida State,ACC,400m,2019,3,,,53.62,s,ACC Championships,2019-05-09,,,,Outdoor,https://www.tfrrs.org/results/62590/3838907/ACC_Championships/400-Meters,TFRRS all_performances
"Caldwell, Janae",Florida State,ACC,400m,2019,3,,,53.77,s,ACC Championships,2019-05-09,,,,Outdoor,https://www.tfrrs.org/results/62590/3838907/ACC_Championships/400-Meters,TFRRS all_performances
"Cunningham, Kimmie",Florida State,ACC,400m,2019,3,,,56.95,s,ACC Championships,2019-05-09,,,,Outdoor,https://www.tfrrs.org/results/62590/3838907/ACC_Championships/400-Meters,TFRRS all_performances
"Davis, Karimah",Florida State,ACC,400m,2019,1,,,53.47,s,ACC Championships,2019-05-09,,,,Outdoor,https://www.tfrrs.org/results/62590/3838907/ACC_Championships/400-Meters,TFRRS all_performances
"Davis, Karimah",Florida State,ACC,400m,2019,1,,,55.06,s,ACC Championships,2019-05-09,,,,Outdoor,https://www.tfrrs.org/results/62590/3838907/ACC_Championships/400-Meters,TFRRS all_performances
"Caldwell, Janae",Florida State,ACC,400m,2019,3,,,53.98,s,NCAA Division I East Region Preliminary Rounds,2019-05-23,,,,Outdoor,https://www.tfrrs.org/results/62650/3849033/NCAA_Division_I_East_Region_Preliminary_Rounds/400-Meters,TFRRS all_performances
"Davis, Karimah",Florida State,ACC,400m,2019,1,,,54.96,s,NCAA Division I East Region Preliminary Rounds,2019-05-23,,,,Outdoor,https://www.tfrrs.org/results/62650/3849033/NCAA_Division_I_East_Region_Preliminary_Rounds/400-Meters,TFRRS all_performances
"Labrie-Smith, Hannah",Stanford,ACC,400m,2019,4,,,58.29,s,2019 Hornet Invitational,2019-03-15,,,,Outdoor,https://www.tfrrs.org/results/59244/3681274/2019_Hornet_Invitational/400-Meters,TFRRS all_performances
"Mongiovi, Missy",Stanford,ACC,400m,2019,4,,,55.95,s,2019 Hornet Invitational,2019-03-15,,,,Outdoor,https://www.tfrrs.org/results/59244/3681274/2019_Hornet_Invitational/400-Meters,TFRRS all_performances
"Wilson, Carolyn",Stanford,ACC,400m,2019,2,,,55.49,s,2019 Hornet Invitational,2019-03-15,,,,Outdoor,https://www.tfrrs.org/results/59244/3681274/2019_Hornet_Invitational/400-Meters,TFRRS all_performances
"Mongiovi, Missy",Stanford,ACC,400m,2019,4,,,56.50,s,Stanford Invitational,2019-03-29,,,,Outdoor,https://www.tfrrs.org/results/61171/3721540/Stanford_Invitational/400-Meters,TFRRS all_performances
"Walker, Sarah",Stanford,ACC,400m,2019,2,,,56.11,s,Stanford Invitational,2019-03-29,,,,Outdoor,https://www.tfrrs.org/results/61171/3721540/Stanford_Invitational/400-Meters,TFRRS all_performances
"Wilson, Carolyn",Stanford,ACC,400m,2019,2,,,55.84,s,Stanford Invitational,2019-03-29,,,,Outdoor,https://www.tfrrs.org/results/61171/3721540/Stanford_Invitational/400-Meters,TFRRS all_performances
"Mongiovi, Missy",Stanford,ACC,400m,2019,4,,,55.89,s,Big Meet,2019-04-06,,,,Outdoor,https://www.tfrrs.org/results/60840/3746381/Big_Meet/400-Meters,TFRRS all_performances
"Mongiovi, Missy",Stanford,ACC,400m,2019,4,,,55.98,s,Cardinal Classic,2019-04-19,,,,Outdoor,https://www.tfrrs.org/results/60838/3792316/Cardinal_Classic/400-Meters,TFRRS all_performances
"Wilson, Carolyn",Stanford,ACC,400m,2019,2,,,54.90,s,Cardinal Classic,2019-04-19,,,,Outdoor,https://www.tfrrs.org/results/60838/3792316/Cardinal_Classic/400-Meters,TFRRS all_performances
"Mongiovi, Missy",Stanford,ACC,400m,2019,4,,,56.05,s,National Relay Championships,2019-04-26,,,,Outdoor,https://www.tfrrs.org/results/59967/3809639/National_Relay_Championships/400-Meters,TFRRS all_performances
"Wilson, Carolyn",Stanford,ACC,400m,2019,2,,,54.41,s,National Relay Championships,2019-04-26,,,,Outdoor,https://www.tfrrs.org/results/59967/3809639/National_Relay_Championships/400-Meters,TFRRS all_performances
"Best, Ashlan",Stanford,ACC,400m,2019,2,,,54.02,s,Payton Jordan Invitational,2019-05-02,,,,Outdoor,https://www.tfrrs.org/results/60839/3823347/Payton_Jordan_Invitational/400-Meters,TFRRS all_performances
"Mongiovi, Missy",Stanford,ACC,400m,2019,4,,,55.14,s,Payton Jordan Invitational,2019-05-02,,,,Outdoor,https://www.tfrrs.org/results/60839/3823347/Payton_Jordan_Invitational/400-Meters,TFRRS all_performances
"Best, Ashlan",Stanford,ACC,400m,2019,2,,,53.15,s,2019 Pac-12 Track & Field Championships,2019-05-04,,,,Outdoor,https://www.tfrrs.org/results/61226/3842534/2019_Pac-12_Track__Field_Championships/400-Meters,TFRRS all_performances
"Best, Ashlan",Stanford,ACC,400m,2019,2,,,53.50,s,2019 Pac-12 Track & Field Championships,2019-05-04,,,,Outdoor,https://www.tfrrs.org/results/61226/3842534/2019_Pac-12_Track__Field_Championships/400-Meters,TFRRS all_performances
"Mongiovi, Missy",Stanford,ACC,400m,2019,4,,,55.47,s,2019 Pac-12 Track & Field Championships,2019-05-04,,,,Outdoor,https://www.tfrrs.org/results/61226/3842534/2019_Pac-12_Track__Field_Championships/400-Meters,TFRRS all_performances
"Best, Ashlan",Stanford,ACC,400m,2019,2,,,52.86,s,NCAA Division I West Region Preliminary Rounds,2019-05-23,,,,Outdoor,https://www.tfrrs.org/results/62651/3849073/NCAA_Division_I_West_Region_Preliminary_Rounds/400-Meters,TFRRS all_performances
"Best, Ashlan",Stanford,ACC,400m,2019,2,,,53.19,s,NCAA Division I West Region Preliminary Rounds,2019-05-23,,,,Outdoor,https://www.tfrrs.org/results/62651/3849073/NCAA_Division_I_West_Region_Preliminary_Rounds/400-Meters,TFRRS all_performances
"Hazzard, Halle",Virginia,ACC,400m,2019,2,,,56.75,s,William & Mary Triangular,2019-03-16,,,,Outdoor,https://www.tfrrs.org/results/57295/3679185/William__Mary_Triangular/400-Meters,TFRRS all_performances
"Hazzard, Halle",Virginia,ACC,400m,2019,2,,,58.36,s,2019 Fred Hardy Invitational,2019-03-29,,,,Outdoor,https://www.tfrrs.org/results/56990/3718510/2019_Fred_Hardy_Invitational/400-Meters,TFRRS all_performances
"Knight, Andrenette",Virginia,ACC,400m,2019,3,,,55.54,s,2019 Fred Hardy Invitational,2019-03-29,,,,Outdoor,https://www.tfrrs.org/results/56990/3718510/2019_Fred_Hardy_Invitational/400-Meters,TFRRS all_performances
"Rennyson, Maddie",Virginia,ACC,400m,2019,2,,,58.59,s,2019 Fred Hardy Invitational,2019-03-29,,,,Outdoor,https://www.tfrrs.org/results/56990/3718510/2019_Fred_Hardy_Invitational/400-Meters,TFRRS all_performances
"Jefferson, Anna",Virginia,ACC,400m,2019,3,,,53.96,s,"Virginia v. Maryland, Pitt, West Virginia",2019-04-06,,,,Outdoor,https://www.tfrrs.org/results/61474/3742049/Virginia_v_Maryland_Pitt_West_Virginia/400-Meters,TFRRS all_performances
"Jefferson, Anna",Virginia,ACC,400m,2019,3,,,54.73,s,Virginia Challenge,2019-04-19,,,,Outdoor,https://www.tfrrs.org/results/62071/3791991/Virginia_Challenge/400-Meters,TFRRS all_performances
"Jefferson, Anna",Virginia,ACC,400m,2019,3,,,53.59,s,Virginia Grand Prix,2019-04-26,,,,Outdoor,https://www.tfrrs.org/results/62320/3812599/Virginia_Grand_Prix/400-Meters,TFRRS all_performances
"Jefferson, Anna",Virginia,ACC,400m,2019,3,,,52.42,s,ACC Championships,2019-05-09,,,,Outdoor,https://www.tfrrs.org/results/62590/3838907/ACC_Championships/400-Meters,TFRRS all_performances
"Jefferson, Anna",Virginia,ACC,400m,2019,3,,,53.42,s,ACC Championships,2019-05-09,,,,Outdoor,https://www.tfrrs.org/results/62590/3838907/ACC_Championships/400-Meters,TFRRS all_performances
"Jefferson, Anna",Virginia,ACC,400m,2019,3,,,52.63,s,NCAA Division I East Region Preliminary Rounds,2019-05-23,,,,Outdoor,https://www.tfrrs.org/results/62650/3849033/NCAA_Division_I_East_Region_Preliminary_Rounds/400-Meters,TFRRS all_performances
"Jefferson, Anna",Virginia,ACC,400m,2019,3,,,52.83,s,NCAA Division I East Region Preliminary Rounds,2019-05-23,,,,Outdoor,https://www.tfrrs.org/results/62650/3849033/NCAA_Division_I_East_Region_Preliminary_Rounds/400-Meters,TFRRS all_performances
"Akpede, Crystal",Arizona,Big 12,400m,2019,3,,,59.16,seconds,2019 Willie Williams Classic College,2019-03-15,,,,Outdoor,https://www.tfrrs.org/results/59265/3679519/2019_Willie_Williams_Classic_College/400-Meters,TFRRS all_performances
"Meisberger, Shannon",Arizona,Big 12,400m,2019,2,,,54.40,seconds,2019 Willie Williams Classic College,2019-03-15,,,,Outdoor,https://www.tfrrs.org/results/59265/3679519/2019_Willie_Williams_Classic_College/400-Meters,TFRRS all_performances
"Pahlitzsch, Karolina",Arizona,Big 12,400m,2019,4,,,54.01,seconds,2019 Willie Williams Classic College,2019-03-15,,,,Outdoor,https://www.tfrrs.org/results/59265/3679519/2019_Willie_Williams_Classic_College/400-Meters,TFRRS all_performances
"Akpede, Crystal",Arizona,Big 12,400m,2019,3,,,1:02.06,seconds,41st Annual Aztec Invitational,2019-03-22,,,,Outdoor,https://www.tfrrs.org/results/58498/3701092/41st_Annual_Aztec_Invitational/400-Meters,TFRRS all_performances
"Meisberger, Shannon",Arizona,Big 12,400m,2019,2,,,54.53,seconds,41st Annual Aztec Invitational,2019-03-22,,,,Outdoor,https://www.tfrrs.org/results/58498/3701092/41st_Annual_Aztec_Invitational/400-Meters,TFRRS all_performances
"Pahlitzsch, Karolina",Arizona,Big 12,400m,2019,4,,,53.83,seconds,41st Annual Aztec Invitational,2019-03-22,,,,Outdoor,https://www.tfrrs.org/results/58498/3701092/41st_Annual_Aztec_Invitational/400-Meters,TFRRS all_performances
"Sutton, April",Arizona,Big 12,400m,2019,3,,,56.76,seconds,41st Annual Aztec Invitational,2019-03-22,,,,Outdoor,https://www.tfrrs.org/results/58498/3701092/41st_Annual_Aztec_Invitational/400-Meters,TFRRS all_performances
"Akpede, Crystal",Arizona,Big 12,400m,2019,3,,,57.61,seconds,Jim Click Shootout,2019-04-06,,,,Outdoor,https://www.tfrrs.org/results/59968/3745299/Jim_Click_Shootout/400-Meters,TFRRS all_performances
"Waggoner, Tatum",Arizona,Big 12,400m,2019,4,,,52.84,seconds,Jim Click Shootout,2019-04-06,,,,Outdoor,https://www.tfrrs.org/results/59968/3745299/Jim_Click_Shootout/400-Meters,TFRRS all_performances
"Akpede, Crystal",Arizona,Big 12,400m,2019,3,,,59.83,seconds,Mt. SAC Relays,2019-04-18,,,,Outdoor,https://www.tfrrs.org/results/62078/3792802/Mt_SAC_Relays/400-Meters,TFRRS all_performances
"Gajda, Diana",Arizona,Big 12,400m,2019,4,,,53.81,seconds,Mt. SAC Relays,2019-04-18,,,,Outdoor,https://www.tfrrs.org/results/62078/3792802/Mt_SAC_Relays/400-Meters,TFRRS all_performances
"Meisberger, Shannon",Arizona,Big 12,400m,2019,2,,,54.12,seconds,Mt. SAC Relays,2019-04-18,,,,Outdoor,https://www.tfrrs.org/results/62078/3792802/Mt_SAC_Relays/400-Meters,TFRRS all_performances
"Pahlitzsch, Karolina",Arizona,Big 12,400m,2019,4,,,53.37,seconds,Mt. SAC Relays,2019-04-18,,,,Outdoor,https://www.tfrrs.org/results/62078/3792802/Mt_SAC_Relays/400-Meters,TFRRS all_performances
"Waggoner, Tatum",Arizona,Big 12,400m,2019,4,,,52.88,seconds,Mt. SAC Relays,2019-04-18,,,,Outdoor,https://www.tfrrs.org/results/62078/3792835/Mt_SAC_Relays/400-Meters,TFRRS all_performances
"Akpede, Crystal",Arizona,Big 12,400m,2019,3,,,57.33,seconds,2019 Desert Heat Classic,2019-04-27,,,,Outdoor,https://www.tfrrs.org/results/61602/3813598/2019_Desert_Heat_Classic/400-Meters,TFRRS all_performances
"Gajda, Diana",Arizona,Big 12,400m,2019,4,,,53.65,seconds,2019 Desert Heat Classic,2019-04-27,,,,Outdoor,https://www.tfrrs.org/results/61602/3813598/2019_Desert_Heat_Classic/400-Meters,TFRRS all_performances
"Waggoner, Tatum",Arizona,Big 12,400m,2019,4,,,52.72,seconds,2019 Desert Heat Classic,2019-04-27,,,,Outdoor,https://www.tfrrs.org/results/61602/3813598/2019_Desert_Heat_Classic/400-Meters,TFRRS all_performances
"Akpede, Crystal",Arizona,Big 12,400m,2019,3,,,57.17,seconds,2019 Pac-12 Track & Field Championships,2019-05-04,,,,Outdoor,https://www.tfrrs.org/results/61226/3842534/2019_Pac-12_Track__Field_Championships/400-Meters,TFRRS all_performances
"Gajda, Diana",Arizona,Big 12,400m,2019,4,,,52.78,seconds,2019 Pac-12 Track & Field Championships,2019-05-04,,,,Outdoor,https://www.tfrrs.org/results/61226/3842534/2019_Pac-12_Track__Field_Championships/400-Meters,TFRRS all_performances
"Gajda, Diana",Arizona,Big 12,400m,2019,4,,,52.94,seconds,2019 Pac-12 Track & Field Championships,2019-05-04,,,,Outdoor,https://www.tfrrs.org/results/61226/3842534/2019_Pac-12_Track__Field_Championships/400-Meters,TFRRS all_performances
"Waggoner, Tatum",Arizona,Big 12,400m,2019,4,,,52.77,seconds,2019 Pac-12 Track & Field Championships,2019-05-04,,,,Outdoor,https://www.tfrrs.org/results/61226/3842534/2019_Pac-12_Track__Field_Championships/400-Meters,TFRRS all_performances
"Waggoner, Tatum",Arizona,Big 12,400m,2019,4,,,53.23,seconds,2019 Pac-12 Track & Field Championships,2019-05-04,,,,Outdoor,https://www.tfrrs.org/results/61226/3842534/2019_Pac-12_Track__Field_Championships/400-Meters,TFRRS all_performances
"Gajda, Diana",Arizona,Big 12,400m,2019,4,,,53.34,seconds,NCAA Division I West Region Preliminary Rounds,2019-05-23,,,,Outdoor,https://www.tfrrs.org/results/62651/3849073/NCAA_Division_I_West_Region_Preliminary_Rounds/400-Meters,TFRRS all_performances
"Gajda, Diana",Arizona,Big 12,400m,2019,4,,,53.49,seconds,NCAA Division I West Region Preliminary Rounds,2019-05-23,,,,Outdoor,https://www.tfrrs.org/results/62651/3849073/NCAA_Division_I_West_Region_Preliminary_Rounds/400-Meters,TFRRS all_performances
"Waggoner, Tatum",Arizona,Big 12,400m,2019,4,,,52.19,seconds,NCAA Division I West Region Preliminary Rounds,2019-05-23,,,,Outdoor,https://www.tfrrs.org/results/62651/3849073/NCAA_Division_I_West_Region_Preliminary_Rounds/400-Meters,TFRRS all_performances
"Waggoner, Tatum",Arizona,Big 12,400m,2019,4,,,52.94,seconds,NCAA Division I West Region Preliminary Rounds,2019-05-23,,,,Outdoor,https://www.tfrrs.org/results/62651/3849073/NCAA_Division_I_West_Region_Preliminary_Rounds/400-Meters,TFRRS all_performances
"Waggoner, Tatum",Arizona,Big 12,400m,2019,4,,,53.59,seconds,NCAA Division I Outdoor Track & Field Championships,2019-06-05,,,,Outdoor,https://www.tfrrs.org/results/62668/3850664/NCAA_Division_I_Outdoor_Track__Field_Championships/400-Meters,TFRRS all_performances
"Critchfield, Nicole",BYU,Big 12,400m,2019,1,,,1:02.11,seconds,2019 Willie Williams Classic College,2019-03-15,,,,Outdoor,https://www.tfrrs.org/results/59265/3679519/2019_Willie_Williams_Classic_College/400-Meters,TFRRS all_performances
"Quackenbush, Ellie",BYU,Big 12,400m,2019,3,,,57.06,seconds,2019 Willie Williams Classic College,2019-03-15,,,,Outdoor,https://www.tfrrs.org/results/59265/3679519/2019_Willie_Williams_Classic_College/400-Meters,TFRRS all_performances
"Critchfield, Nicole",BYU,Big 12,400m,2019,1,,,59.92,seconds,41st Annual Aztec Open,2019-03-21,,,,Outdoor,https://www.tfrrs.org/results/58497/3701166/41st_Annual_Aztec_Open/400-Meters,TFRRS all_performances
"Rogers, Haley",BYU,Big 12,400m,2019,3,,,56.97,seconds,41st Annual Aztec Open,2019-03-21,,,,Outdoor,https://www.tfrrs.org/results/58497/3701166/41st_Annual_Aztec_Open/400-Meters,TFRRS all_performances
"Critchfield, Nicole",BYU,Big 12,400m,2019,1,,,1:00.01,seconds,41st Annual Aztec Invitational,2019-03-22,,,,Outdoor,https://www.tfrrs.org/results/58498/3701092/41st_Annual_Aztec_Invitational/400-Meters,TFRRS all_performances
"Critchfield, Nicole",BYU,Big 12,400m,2019,1,,,1:01.56,seconds,2019 UVU Collegiate Invitational,2019-03-29,,,,Outdoor,https://www.tfrrs.org/results/61144/3716861/2019_UVU_Collegiate_Invitational/400-Meters,TFRRS all_performances
"Jensen, Brinn",BYU,Big 12,400m,2019,2,,,55.87,seconds,40th Sun Angel Track Classic,2019-04-05,,,,Outdoor,https://www.tfrrs.org/results/58689/3746688/40th_Sun_Angel_Track_Classic/400-Meters,TFRRS all_performances
"Quackenbush, Ellie",BYU,Big 12,400m,2019,3,,,56.80,seconds,40th Sun Angel Track Classic,2019-04-05,,,,Outdoor,https://www.tfrrs.org/results/58689/3746717/40th_Sun_Angel_Track_Classic/400-Meters,TFRRS all_performances
"Rawlinson, Lauren",BYU,Big 12,400m,2019,3,,,56.30,seconds,40th Sun Angel Track Classic,2019-04-05,,,,Outdoor,https://www.tfrrs.org/results/58689/3746688/40th_Sun_Angel_Track_Classic/400-Meters,TFRRS all_performances
"Rogers, Haley",BYU,Big 12,400m,2019,3,,,55.50,seconds,40th Sun Angel Track Classic,2019-04-05,,,,Outdoor,https://www.tfrrs.org/results/58689/3746688/40th_Sun_Angel_Track_Classic/400-Meters,TFRRS all_performances
"Critchfield, Nicole",BYU,Big 12,400m,2019,1,,,59.36,seconds,Aggie Iinvitational,2019-04-12,,,,Outdoor,https://www.tfrrs.org/results/57500/3772889/Aggie_Iinvitational/400-Meters,TFRRS all_performances
"Critchfield, Nicole",BYU,Big 12,400m,2019,1,,,1:00.22,seconds,Mt. SAC Relays,2019-04-18,,,,Outdoor,https://www.tfrrs.org/results/62078/3792802/Mt_SAC_Relays/400-Meters,TFRRS all_performances
"Jensen, Brinn",BYU,Big 12,400m,2019,2,,,56.43,seconds,Mt. SAC Relays,2019-04-18,,,,Outdoor,https://www.tfrrs.org/results/62078/3792802/Mt_SAC_Relays/400-Meters,TFRRS all_performances
"Nealis, Hannah",BYU,Big 12,400m,2019,1,,,56.07,seconds,Mt. SAC Relays,2019-04-18,,,,Outdoor,https://www.tfrrs.org/results/62078/3792802/Mt_SAC_Relays/400-Meters,TFRRS all_performances
"Quackenbush, Ellie",BYU,Big 12,400m,2019,3,,,54.81,seconds,Mt. SAC Relays,2019-04-18,,,,Outdoor,https://www.tfrrs.org/results/62078/3792802/Mt_SAC_Relays/400-Meters,TFRRS all_performances
"Rawlinson, Lauren",BYU,Big 12,400m,2019,3,,,56.03,seconds,Mt. SAC Relays,2019-04-18,,,,Outdoor,https://www.tfrrs.org/results/62078/3792802/Mt_SAC_Relays/400-Meters,TFRRS all_performances
"Critchfield, Nicole",BYU,Big 12,400m,2019,1,,,58.93,seconds,2019 BYU Robison Invitational,2019-04-25,,,,Outdoor,https://www.tfrrs.org/results/62323/3812838/2019_BYU_Robison_Invitational/400-Meters,TFRRS all_performances
"Quackenbush, Ellie",BYU,Big 12,400m,2019,3,,,55.08,seconds,2019 BYU Robison Invitational,2019-04-25,,,,Outdoor,https://www.tfrrs.org/results/62323/3812838/2019_BYU_Robison_Invitational/400-Meters,TFRRS all_performances
"Rogers, Haley",BYU,Big 12,400m,2019,3,,,55.11,seconds,2019 BYU Robison Invitational,2019-04-25,,,,Outdoor,https://www.tfrrs.org/results/62323/3812838/2019_BYU_Robison_Invitational/400-Meters,TFRRS all_performances
"Ellsworth, Alena",BYU,Big 12,400m,2019,2,,,55.52,seconds,2019 Oxy Invitational,2019-05-11,,,,Outdoor,https://www.tfrrs.org/results/58052/3841375/2019_Oxy_Invitational/400-Meters,TFRRS all_performances
"Haymore, Karina",BYU,Big 12,400m,2019,2,,,55.20,seconds,2019 Oxy Invitational,2019-05-11,,,,Outdoor,https://www.tfrrs.org/results/58052/3841375/2019_Oxy_Invitational/400-Meters,TFRRS all_performances
"Jensen, Brinn",BYU,Big 12,400m,2019,2,,,55.97,seconds,2019 Oxy Invitational,2019-05-11,,,,Outdoor,https://www.tfrrs.org/results/58052/3841375/2019_Oxy_Invitational/400-Meters,TFRRS all_performances
"Pinnock, Cassidy",BYU,Big 12,400m,2019,3,,,57.16,seconds,2019 Oxy Invitational,2019-05-11,,,,Outdoor,https://www.tfrrs.org/results/58052/3841375/2019_Oxy_Invitational/400-Meters,TFRRS all_performances
"Porter, Brenna",BYU,Big 12,400m,2019,4,,,54.50,seconds,2019 Oxy Invitational,2019-05-11,,,,Outdoor,https://www.tfrrs.org/results/58052/3841375/2019_Oxy_Invitational/400-Meters,TFRRS all_performances
"Quackenbush, Ellie",BYU,Big 12,400m,2019,3,,,54.84,seconds,2019 Oxy Invitational,2019-05-11,,,,Outdoor,https://www.tfrrs.org/results/58052/3841375/2019_Oxy_Invitational/400-Meters,TFRRS all_performances
"Rawlinson, Lauren",BYU,Big 12,400m,2019,3,,,56.13,seconds,2019 Oxy Invitational,2019-05-11,,,,Outdoor,https://www.tfrrs.org/results/58052/3841375/2019_Oxy_Invitational/400-Meters,TFRRS all_performances
"Rogers, Haley",BYU,Big 12,400m,2019,3,,,55.43,seconds,2019 Oxy Invitational,2019-05-11,,,,Outdoor,https://www.tfrrs.org/results/58052/3841375/2019_Oxy_Invitational/400-Meters,TFRRS all_performances
"King, Jhane'",Baylor,Big 12,400m,2019,3,,,56.30,seconds,USC Trojan Invite,2019-03-15,,,,Outdoor,https://www.tfrrs.org/results/60530/3679818/USC_Trojan_Invite/400-Meters,TFRRS all_performances
"Sanders, Tontyana",Baylor,Big 12,400m,2019,2,,,57.61,seconds,USC Trojan Invite,2019-03-15,,,,Outdoor,https://www.tfrrs.org/results/60530/3679818/USC_Trojan_Invite/400-Meters,TFRRS all_performances
"King, Jhane'",Baylor,Big 12,400m,2019,3,,,55.57,seconds,Baylor Invitational,2019-03-23,,,,Outdoor,https://www.tfrrs.org/results/59494/3698441/Baylor_Invitational/400-Meters,TFRRS all_performances
"Powell, Victoria",Baylor,Big 12,400m,2019,3,,,52.87,seconds,Baylor Invitational,2019-03-23,,,,Outdoor,https://www.tfrrs.org/results/59494/3698441/Baylor_Invitational/400-Meters,TFRRS all_performances
"King, Jhane'",Baylor,Big 12,400m,2019,3,,,55.55,seconds,The Reveille Meet,2019-04-06,,,,Outdoor,https://www.tfrrs.org/results/61495/3745170/The_Reveille_Meet/400-Meters,TFRRS all_performances
"Powell, Victoria",Baylor,Big 12,400m,2019,3,,,53.31,seconds,The Reveille Meet,2019-04-06,,,,Outdoor,https://www.tfrrs.org/results/61495/3745170/The_Reveille_Meet/400-Meters,TFRRS all_performances
"Stewart, Morgan",Baylor,Big 12,400m,2019,2,,,54.83,seconds,The Reveille Meet,2019-04-06,,,,Outdoor,https://www.tfrrs.org/results/61495/3745170/The_Reveille_Meet/400-Meters,TFRRS all_performances
"Horton, Kiana",Baylor,Big 12,400m,2019,4,,,52.63,seconds,Michael Johnson Invitational,2019-04-19,,,,Outdoor,https://www.tfrrs.org/results/59993/3791635/Michael_Johnson_Invitational/400-Meters,TFRRS all_performances
"King, Jhane'",Baylor,Big 12,400m,2019,3,,,54.84,seconds,Michael Johnson Invitational,2019-04-19,,,,Outdoor,https://www.tfrrs.org/results/59993/3791635/Michael_Johnson_Invitational/400-Meters,TFRRS all_performances
"Powell, Victoria",Baylor,Big 12,400m,2019,3,,,53.82,seconds,Michael Johnson Invitational,2019-04-19,,,,Outdoor,https://www.tfrrs.org/results/59993/3791635/Michael_Johnson_Invitational/400-Meters,TFRRS all_performances
"King, Jhane'",Baylor,Big 12,400m,2019,3,,,56.03,seconds,National Relay Championships,2019-04-26,,,,Outdoor,https://www.tfrrs.org/results/59967/3809639/National_Relay_Championships/400-Meters,TFRRS all_performances
"Powell, Victoria",Baylor,Big 12,400m,2019,3,,,54.74,seconds,National Relay Championships,2019-04-26,,,,Outdoor,https://www.tfrrs.org/results/59967/3809639/National_Relay_Championships/400-Meters,TFRRS all_performances
"Horton, Kiana",Baylor,Big 12,400m,2019,4,,,52.71,seconds,Big 12 Outdoor Track and Field Championships,2019-05-10,,,,Outdoor,https://www.tfrrs.org/results/62013/3842376/Big_12_Outdoor_Track_and_Field_Championships/400-Meters,TFRRS all_performances
"Horton, Kiana",Baylor,Big 12,400m,2019,4,,,53.48,seconds,Big 12 Outdoor Track and Field Championships,2019-05-10,,,,Outdoor,https://www.tfrrs.org/results/62013/3842376/Big_12_Outdoor_Track_and_Field_Championships/400-Meters,TFRRS all_performances
"King, Jhane'",Baylor,Big 12,400m,2019,3,,,55.24,seconds,Big 12 Outdoor Track and Field Championships,2019-05-10,,,,Outdoor,https://www.tfrrs.org/results/62013/3842376/Big_12_Outdoor_Track_and_Field_Championships/400-Meters,TFRRS all_performances
"Powell, Victoria",Baylor,Big 12,400m,2019,3,,,54.75,seconds,Big 12 Outdoor Track and Field Championships,2019-05-10,,,,Outdoor,https://www.tfrrs.org/results/62013/3842376/Big_12_Outdoor_Track_and_Field_Championships/400-Meters,TFRRS all_performances
"Horton, Kiana",Baylor,Big 12,400m,2019,4,,,52.92,seconds,NCAA Division I West Region Preliminary Rounds,2019-05-23,,,,Outdoor,https://www.tfrrs.org/results/62651/3849073/NCAA_Division_I_West_Region_Preliminary_Rounds/400-Meters,TFRRS all_performances
"Horton, Kiana",Baylor,Big 12,400m,2019,4,,,53.10,seconds,NCAA Division I West Region Preliminary Rounds,2019-05-23,,,,Outdoor,https://www.tfrrs.org/results/62651/3849073/NCAA_Division_I_West_Region_Preliminary_Rounds/400-Meters,TFRRS all_performances
"Powell, Victoria",Baylor,Big 12,400m,2019,3,,,53.97,seconds,NCAA Division I West Region Preliminary Rounds,2019-05-23,,,,Outdoor,https://www.tfrrs.org/results/62651/3849073/NCAA_Division_I_West_Region_Preliminary_Rounds/400-Meters,TFRRS all_performances
"Gourrier, Alexis",Iowa State,Big 12,400m,2019,1,,,59.58,seconds,Arkansas Spring Invitational,2019-03-22,,,,Outdoor,https://www.tfrrs.org/results/59965/3700855/Arkansas_Spring_Invitational/400-Meters,TFRRS all_performances
"Gourrier, Alexis",Iowa State,Big 12,400m,2019,1,,,1:01.20,seconds,Stanford Invitational,2019-03-29,,,,Outdoor,https://www.tfrrs.org/results/61171/3721540/Stanford_Invitational/400-Meters,TFRRS all_performances
"Milani, Sydney",Iowa State,Big 12,400m,2019,1,,,56.18,seconds,Stanford Invitational,2019-03-29,,,,Outdoor,https://www.tfrrs.org/results/61171/3721540/Stanford_Invitational/400-Meters,TFRRS all_performances
"Whigham, Emma",Iowa State,Big 12,400m,2019,4,,,57.53,seconds,Stanford Invitational,2019-03-29,,,,Outdoor,https://www.tfrrs.org/results/61171/3721540/Stanford_Invitational/400-Meters,TFRRS all_performances
"Milani, Sydney",Iowa State,Big 12,400m,2019,1,,,56.16,seconds,40th Sun Angel Track Classic,2019-04-05,,,,Outdoor,https://www.tfrrs.org/results/58689/3746688/40th_Sun_Angel_Track_Classic/400-Meters,TFRRS all_performances
"Milani, Sydney",Iowa State,Big 12,400m,2019,1,,,55.82,seconds,War Eagle Invitational 2019,2019-04-19,,,,Outdoor,https://www.tfrrs.org/results/57198/3790600/War_Eagle_Invitational_2019/400-Meters,TFRRS all_performances
"Amos, Zakiyah",Iowa State,Big 12,400m,2019,1,,,57.05,seconds,Big 12 Outdoor Track and Field Championships,2019-05-10,,,,Outdoor,https://www.tfrrs.org/results/62013/3842376/Big_12_Outdoor_Track_and_Field_Championships/400-Meters,TFRRS all_performances
"Gordon, Daja",Texas Tech,Big 12,400m,2019,2,,,1:03.27,seconds,ACU Wes Kittley Invitational & Multi 2019,2019-03-14,,,,Outdoor,https://www.tfrrs.org/results/60064/3679978/ACU_Wes_Kittley_Invitational__Multi_2019/400-Meters,TFRRS all_performances
"Rockwell, Taylor",Texas Tech,Big 12,400m,2019,4,,,56.02,seconds,ACU Wes Kittley Invitational & Multi 2019,2019-03-14,,,,Outdoor,https://www.tfrrs.org/results/60064/3679978/ACU_Wes_Kittley_Invitational__Multi_2019/400-Meters,TFRRS all_performances
"Price, Lexye",Texas Tech,Big 12,400m,2019,1,,,55.41,seconds,The Reveille Meet,2019-04-06,,,,Outdoor,https://www.tfrrs.org/results/61495/3745170/The_Reveille_Meet/400-Meters,TFRRS all_performances
"Rockwell, Taylor",Texas Tech,Big 12,400m,2019,4,,,55.60,seconds,The Reveille Meet,2019-04-06,,,,Outdoor,https://www.tfrrs.org/results/61495/3745170/The_Reveille_Meet/400-Meters,TFRRS all_performances
"Warden, Jadsia",Texas Tech,Big 12,400m,2019,3,,,54.53,seconds,The Reveille Meet,2019-04-06,,,,Outdoor,https://www.tfrrs.org/results/61495/3745170/The_Reveille_Meet/400-Meters,TFRRS all_performances
"Rockwell, Taylor",Texas Tech,Big 12,400m,2019,4,,,55.16,seconds,Michael Johnson Invitational,2019-04-19,,,,Outdoor,https://www.tfrrs.org/results/59993/3791635/Michael_Johnson_Invitational/400-Meters,TFRRS all_performances
"Warden, Jadsia",Texas Tech,Big 12,400m,2019,3,,,54.00,seconds,Michael Johnson Invitational,2019-04-19,,,,Outdoor,https://www.tfrrs.org/results/59993/3791635/Michael_Johnson_Invitational/400-Meters,TFRRS all_performances
"Warden, Jadsia",Texas Tech,Big 12,400m,2019,3,,,54.51,seconds,Corky/Crofoot Shootout,2019-04-26,,,,Outdoor,https://www.tfrrs.org/results/62306/3809144/Corky_Crofoot_Shootout/400-Meters,TFRRS all_performances
"Warden, Jadsia",Texas Tech,Big 12,400m,2019,3,,,54.58,seconds,Big 12 Outdoor Track and Field Championships,2019-05-10,,,,Outdoor,https://www.tfrrs.org/results/62013/3842376/Big_12_Outdoor_Track_and_Field_Championships/400-Meters,TFRRS all_performances
"Warden, Jadsia",Texas Tech,Big 12,400m,2019,3,,,54.50,seconds,NCAA Division I West Region Preliminary Rounds,2019-05-23,,,,Outdoor,https://www.tfrrs.org/results/62651/3849073/NCAA_Division_I_West_Region_Preliminary_Rounds/400-Meters,TFRRS all_performances
"Phillips, Felicia",Illinois,Big Ten,400m,2019,3,,,55.96,seconds,SIU Bill Cornell Spring Classic,2019-03-22,,,,Outdoor,https://www.tfrrs.org/results/60263/3698824/SIU_Bill_Cornell_Spring_Classic/400-Meters,TFRRS all_performances
"Phillips, Felicia",Illinois,Big Ten,400m,2019,3,,,55.07,seconds,The Reveille Meet,2019-04-06,,,,Outdoor,https://www.tfrrs.org/results/61495/3745170/The_Reveille_Meet/400-Meters,TFRRS all_performances
"Phillips, Felicia",Illinois,Big Ten,400m,2019,3,,,55.64,seconds,Illinois Twilight,2019-04-13,,,,Outdoor,https://www.tfrrs.org/results/61249/3770541/Illinois_Twilight/400-Meters,TFRRS all_performances
"Nwoko, Chisom",Illinois,Big Ten,400m,2019,3,,,54.03,seconds,War Eagle Invitational 2019,2019-04-19,,,,Outdoor,https://www.tfrrs.org/results/57198/3790600/War_Eagle_Invitational_2019/400-Meters,TFRRS all_performances
"Nwoko, Chisom",Illinois,Big Ten,400m,2019,3,,,54.44,seconds,Big Ten Championships,2019-05-10,,,,Outdoor,https://www.tfrrs.org/results/62601/3841971/Big_Ten_Championships/400-Meters,TFRRS all_performances
"Nwoko, Chisom",Illinois,Big Ten,400m,2019,3,,,54.86,seconds,Big Ten Championships,2019-05-10,,,,Outdoor,https://www.tfrrs.org/results/62601/3841971/Big_Ten_Championships/400-Meters,TFRRS all_performances
"Phillips, Felicia",Illinois,Big Ten,400m,2019,3,,,55.62,seconds,Big Ten Championships,2019-05-10,,,,Outdoor,https://www.tfrrs.org/results/62601/3841971/Big_Ten_Championships/400-Meters,TFRRS all_performances
"Nwoko, Chisom",Illinois,Big Ten,400m,2019,3,,,54.26,seconds,NCAA Division I West Region Preliminary Rounds,2019-05-23,,,,Outdoor,https://www.tfrrs.org/results/62651/3849073/NCAA_Division_I_West_Region_Preliminary_Rounds/400-Meters,TFRRS all_performances
"Bridges, Whitney",Nebraska,Big Ten,400m,2019,1,,,1:01.65,seconds,Wichita State Herm Wilson Invitational,2019-03-21,,,,Outdoor,https://www.tfrrs.org/results/59821/3698224/Wichita_State_Herm_Wilson_Invitational/400-Meters,TFRRS all_performances
"Ingram, Deja",Nebraska,Big Ten,400m,2019,1,,,1:00.70,seconds,Wichita State Herm Wilson Invitational,2019-03-21,,,,Outdoor,https://www.tfrrs.org/results/59821/3698224/Wichita_State_Herm_Wilson_Invitational/400-Meters,TFRRS all_performances
"McIntosh, Quashira",Nebraska,Big Ten,400m,2019,4,,,59.97,seconds,Wichita State Herm Wilson Invitational,2019-03-21,,,,Outdoor,https://www.tfrrs.org/results/59821/3698224/Wichita_State_Herm_Wilson_Invitational/400-Meters,TFRRS all_performances
"Barge, Jasmine",Nebraska,Big Ten,400m,2019,4,,,56.04,seconds,2019 Husker Spring Invitational,2019-04-05,,,,Outdoor,https://www.tfrrs.org/results/58201/3742869/2019_Husker_Spring_Invitational/400-Meters,TFRRS all_performances
"Ellis, Emily",Nebraska,Big Ten,400m,2019,1,,,1:00.54,seconds,2019 Husker Spring Invitational,2019-04-05,,,,Outdoor,https://www.tfrrs.org/results/58201/3742869/2019_Husker_Spring_Invitational/400-Meters,TFRRS all_performances
"Ellis, Emily",Nebraska,Big Ten,400m,2019,1,,,59.78,seconds,Crimson Tide Invitational,2019-04-11,,,,Outdoor,https://www.tfrrs.org/results/61791/3763774/Crimson_Tide_Invitational/400-Meters,TFRRS all_performances
"Jones, Chelsey",Nebraska,Big Ten,400m,2019,3,,,55.77,seconds,Beach Invitational,2019-04-19,,,,Outdoor,https://www.tfrrs.org/results/62051/3791693/Beach_Invitational/400-Meters,TFRRS all_performances
"Ellis, Emily",Nebraska,Big Ten,400m,2019,1,,,59.97,seconds,Corky/Crofoot Shootout,2019-04-26,,,,Outdoor,https://www.tfrrs.org/results/62306/3809144/Corky_Crofoot_Shootout/400-Meters,TFRRS all_performances
"Jones, Chelsey",Nebraska,Big Ten,400m,2019,3,,,55.62,seconds,Corky/Crofoot Shootout,2019-04-26,,,,Outdoor,https://www.tfrrs.org/results/62306/3809144/Corky_Crofoot_Shootout/400-Meters,TFRRS all_performances
"Ellis, Emily",Nebraska,Big Ten,400m,2019,1,,,1:00.20,seconds,2019 Nebraska Invitational,2019-05-04,,,,Outdoor,https://www.tfrrs.org/results/58202/3828652/2019_Nebraska_Invitational/400-Meters,TFRRS all_performances
"Jones, Chelsey",Nebraska,Big Ten,400m,2019,3,,,57.49,seconds,Big Ten Championships,2019-05-10,,,,Outdoor,https://www.tfrrs.org/results/62601/3841971/Big_Ten_Championships/400-Meters,TFRRS all_performances
"D'Arpino, Kerissa",Oregon,Big Ten,400m,2019,4,,,56.63,seconds,41st Annual Aztec Invitational,2019-03-22,,,,Outdoor,https://www.tfrrs.org/results/58498/3701092/41st_Annual_Aztec_Invitational/400-Meters,TFRRS all_performances
"Vinjamuri, Rachel",Oregon,Big Ten,400m,2019,3,,,56.63,seconds,41st Annual Aztec Invitational,2019-03-22,,,,Outdoor,https://www.tfrrs.org/results/58498/3701092/41st_Annual_Aztec_Invitational/400-Meters,TFRRS all_performances
"D'Arpino, Kerissa",Oregon,Big Ten,400m,2019,4,,,57.00,seconds,40th Sun Angel Track Classic,2019-04-05,,,,Outdoor,https://www.tfrrs.org/results/58689/3746688/40th_Sun_Angel_Track_Classic/400-Meters,TFRRS all_performances
"Vinjamuri, Rachel",Oregon,Big Ten,400m,2019,3,,,58.23,seconds,John Knight Twilight,2019-04-05,,,,Outdoor,https://www.tfrrs.org/results/60626/3740255/John_Knight_Twilight/400-Meters,TFRRS all_performances
"D'Arpino, Kerissa",Oregon,Big Ten,400m,2019,4,,,56.69,seconds,Mt. SAC Relays,2019-04-18,,,,Outdoor,https://www.tfrrs.org/results/62078/3792802/Mt_SAC_Relays/400-Meters,TFRRS all_performances
"D'Arpino, Venessa",Oregon,Big Ten,400m,2019,4,,,53.28,seconds,Mt. SAC Relays,2019-04-18,,,,Outdoor,https://www.tfrrs.org/results/62078/3792835/Mt_SAC_Relays/400-Meters,TFRRS all_performances
"DesRosiers, Briyahna",Oregon,Big Ten,400m,2019,4,,,52.02,seconds,Mt. SAC Relays,2019-04-18,,,,Outdoor,https://www.tfrrs.org/results/62078/3792835/Mt_SAC_Relays/400-Meters,TFRRS all_performances
"Vinjamuri, Rachel",Oregon,Big Ten,400m,2019,3,,,58.42,seconds,Mt. SAC Relays,2019-04-18,,,,Outdoor,https://www.tfrrs.org/results/62078/3792802/Mt_SAC_Relays/400-Meters,TFRRS all_performances
"Waller, Hannah",Oregon,Big Ten,400m,2019,3,,,52.28,seconds,Mt. SAC Relays,2019-04-18,,,,Outdoor,https://www.tfrrs.org/results/62078/3792835/Mt_SAC_Relays/400-Meters,TFRRS all_performances
"Vinjamuri, Rachel",Oregon,Big Ten,400m,2019,3,,,57.13,seconds,Oregon State High Performance Meet,2019-04-26,,,,Outdoor,https://www.tfrrs.org/results/59198/3812515/Oregon_State_High_Performance_Meet/400-Meters,TFRRS all_performances
"DesRosiers, Briyahna",Oregon,Big Ten,400m,2019,4,,,52.25,seconds,2019 Pac-12 Track & Field Championships,2019-05-04,,,,Outdoor,https://www.tfrrs.org/results/61226/3842534/2019_Pac-12_Track__Field_Championships/400-Meters,TFRRS all_performances
"DesRosiers, Briyahna",Oregon,Big Ten,400m,2019,4,,,52.48,seconds,2019 Pac-12 Track & Field Championships,2019-05-04,,,,Outdoor,https://www.tfrrs.org/results/61226/3842534/2019_Pac-12_Track__Field_Championships/400-Meters,TFRRS all_performances
"Waller, Hannah",Oregon,Big Ten,400m,2019,3,,,51.60,seconds,2019 Pac-12 Track & Field Championships,2019-05-04,,,,Outdoor,https://www.tfrrs.org/results/61226/3842534/2019_Pac-12_Track__Field_Championships/400-Meters,TFRRS all_performances
"Waller, Hannah",Oregon,Big Ten,400m,2019,3,,,52.16,seconds,2019 Pac-12 Track & Field Championships,2019-05-04,,,,Outdoor,https://www.tfrrs.org/results/61226/3842534/2019_Pac-12_Track__Field_Championships/400-Meters,TFRRS all_performances
"D'Arpino, Venessa",Oregon,Big Ten,400m,2019,4,,,52.22,seconds,NCAA Division I West Region Preliminary Rounds,2019-05-23,,,,Outdoor,https://www.tfrrs.org/results/62651/3849073/NCAA_Division_I_West_Region_Preliminary_Rounds/400-Meters,TFRRS all_performances
"D'Arpino, Venessa",Oregon,Big Ten,400m,2019,4,,,53.03,seconds,NCAA Division I West Region Preliminary Rounds,2019-05-23,,,,Outdoor,https://www.tfrrs.org/results/62651/3849073/NCAA_Division_I_West_Region_Preliminary_Rounds/400-Meters,TFRRS all_performances
"DesRosiers, Briyahna",Oregon,Big Ten,400m,2019,4,,,51.72,seconds,NCAA Division I West Region Preliminary Rounds,2019-05-23,,,,Outdoor,https://www.tfrrs.org/results/62651/3849073/NCAA_Division_I_West_Region_Preliminary_Rounds/400-Meters,TFRRS all_performances
"DesRosiers, Briyahna",Oregon,Big Ten,400m,2019,4,,,52.73,seconds,NCAA Division I West Region Preliminary Rounds,2019-05-23,,,,Outdoor,https://www.tfrrs.org/results/62651/3849073/NCAA_Division_I_West_Region_Preliminary_Rounds/400-Meters,TFRRS all_performances
"Waller, Hannah",Oregon,Big Ten,400m,2019,3,,,52.50,seconds,NCAA Division I West Region Preliminary Rounds,2019-05-23,,,,Outdoor,https://www.tfrrs.org/results/62651/3849073/NCAA_Division_I_West_Region_Preliminary_Rounds/400-Meters,TFRRS all_performances
"Waller, Hannah",Oregon,Big Ten,400m,2019,3,,,53.59,seconds,NCAA Division I West Region Preliminary Rounds,2019-05-23,,,,Outdoor,https://www.tfrrs.org/results/62651/3849073/NCAA_Division_I_West_Region_Preliminary_Rounds/400-Meters,TFRRS all_performances
"D'Arpino, Venessa",Oregon,Big Ten,400m,2019,4,,,52.50,seconds,NCAA Division I Outdoor Track & Field Championships,2019-06-05,,,,Outdoor,https://www.tfrrs.org/results/62668/3850664/NCAA_Division_I_Outdoor_Track__Field_Championships/400-Meters,TFRRS all_performances
"DesRosiers, Briyahna",Oregon,Big Ten,400m,2019,4,,,52.00,seconds,NCAA Division I Outdoor Track & Field Championships,2019-06-05,,,,Outdoor,https://www.tfrrs.org/results/62668/3850664/NCAA_Division_I_Outdoor_Track__Field_Championships/400-Meters,TFRRS all_performances
"Waller, Hannah",Oregon,Big Ten,400m,2019,3,,,51.99,seconds,NCAA Division I Outdoor Track & Field Championships,2019-06-05,,,,Outdoor,https://www.tfrrs.org/results/62668/3850664/NCAA_Division_I_Outdoor_Track__Field_Championships/400-Meters,TFRRS all_performances
"Waller, Hannah",Oregon,Big Ten,400m,2019,3,,,52.47,seconds,NCAA Division I Outdoor Track & Field Championships,2019-06-05,,,,Outdoor,https://www.tfrrs.org/results/62668/3850664/NCAA_Division_I_Outdoor_Track__Field_Championships/400-Meters,TFRRS all_performances
"Lear, Bailey",USC,Big Ten,400m,2019,1,,,53.25,seconds,USC Trojan Invite,2019-03-15,,,,Outdoor,https://www.tfrrs.org/results/60530/3679818/USC_Trojan_Invite/400-Meters,TFRRS all_performances
"Lear, Bailey",USC,Big Ten,400m,2019,1,,,52.86,seconds,Miami Power 5 Trailblazer Challenge,2019-03-23,,,,Outdoor,https://www.tfrrs.org/results/58379/3697742/Miami_Power_5_Trailblazer_Challenge/400-Meters,TFRRS all_performances
"Constantine, Kyra",USC,Big Ten,400m,2019,3,,,52.33,seconds,Jim Click Shootout,2019-04-06,,,,Outdoor,https://www.tfrrs.org/results/59968/3745299/Jim_Click_Shootout/400-Meters,TFRRS all_performances
"Lear, Bailey",USC,Big Ten,400m,2019,1,,,52.56,seconds,Jim Click Shootout,2019-04-06,,,,Outdoor,https://www.tfrrs.org/results/59968/3745299/Jim_Click_Shootout/400-Meters,TFRRS all_performances
"Constantine, Kyra",USC,Big Ten,400m,2019,3,,,52.54,seconds,Mt. SAC Relays,2019-04-18,,,,Outdoor,https://www.tfrrs.org/results/62078/3792835/Mt_SAC_Relays/400-Meters,TFRRS all_performances
"Lear, Bailey",USC,Big Ten,400m,2019,1,,,53.43,seconds,Mt. SAC Relays,2019-04-18,,,,Outdoor,https://www.tfrrs.org/results/62078/3792835/Mt_SAC_Relays/400-Meters,TFRRS all_performances
"Richardson, Kayla",USC,Big Ten,400m,2019,3,,,55.65,seconds,Mt. SAC Relays,2019-04-18,,,,Outdoor,https://www.tfrrs.org/results/62078/3792802/Mt_SAC_Relays/400-Meters,TFRRS all_performances
"Constantine, Kyra",USC,Big Ten,400m,2019,3,,,52.38,seconds,USC vs UCLA,2019-04-27,,,,Outdoor,https://www.tfrrs.org/results/62337/3815361/USC_vs_UCLA/400-Meters,TFRRS all_performances
"Lear, Bailey",USC,Big Ten,400m,2019,1,,,52.59,seconds,USC vs UCLA,2019-04-27,,,,Outdoor,https://www.tfrrs.org/results/62337/3815361/USC_vs_UCLA/400-Meters,TFRRS all_performances
"Richardson, Kayla",USC,Big Ten,400m,2019,3,,,55.80,seconds,USC vs UCLA,2019-04-27,,,,Outdoor,https://www.tfrrs.org/results/62337/3815361/USC_vs_UCLA/400-Meters,TFRRS all_performances
"Constantine, Kyra",USC,Big Ten,400m,2019,3,,,51.41,seconds,2019 Pac-12 Track & Field Championships,2019-05-04,,,,Outdoor,https://www.tfrrs.org/results/61226/3842534/2019_Pac-12_Track__Field_Championships/400-Meters,TFRRS all_performances
"Constantine, Kyra",USC,Big Ten,400m,2019,3,,,51.77,seconds,2019 Pac-12 Track & Field Championships,2019-05-04,,,,Outdoor,https://www.tfrrs.org/results/61226/3842534/2019_Pac-12_Track__Field_Championships/400-Meters,TFRRS all_performances
"Lear, Bailey",USC,Big Ten,400m,2019,1,,,52.07,seconds,2019 Pac-12 Track & Field Championships,2019-05-04,,,,Outdoor,https://www.tfrrs.org/results/61226/3842534/2019_Pac-12_Track__Field_Championships/400-Meters,TFRRS all_performances
"Lear, Bailey",USC,Big Ten,400m,2019,1,,,52.48,seconds,2019 Pac-12 Track & Field Championships,2019-05-04,,,,Outdoor,https://www.tfrrs.org/results/61226/3842534/2019_Pac-12_Track__Field_Championships/400-Meters,TFRRS all_performances
"Roberts, Kaelin",USC,Big Ten,400m,2019,2,,,51.25,seconds,2019 Pac-12 Track & Field Championships,2019-05-04,,,,Outdoor,https://www.tfrrs.org/results/61226/3842534/2019_Pac-12_Track__Field_Championships/400-Meters,TFRRS all_performances
"Roberts, Kaelin",USC,Big Ten,400m,2019,2,,,52.16,seconds,2019 Pac-12 Track & Field Championships,2019-05-04,,,,Outdoor,https://www.tfrrs.org/results/61226/3842534/2019_Pac-12_Track__Field_Championships/400-Meters,TFRRS all_performances
"Constantine, Kyra",USC,Big Ten,400m,2019,3,,,51.70,seconds,NCAA Division I West Region Preliminary Rounds,2019-05-23,,,,Outdoor,https://www.tfrrs.org/results/62651/3849073/NCAA_Division_I_West_Region_Preliminary_Rounds/400-Meters,TFRRS all_performances
"Constantine, Kyra",USC,Big Ten,400m,2019,3,,,52.17,seconds,NCAA Division I West Region Preliminary Rounds,2019-05-23,,,,Outdoor,https://www.tfrrs.org/results/62651/3849073/NCAA_Division_I_West_Region_Preliminary_Rounds/400-Meters,TFRRS all_performances
"Lear, Bailey",USC,Big Ten,400m,2019,1,,,52.84,seconds,NCAA Division I West Region Preliminary Rounds,2019-05-23,,,,Outdoor,https://www.tfrrs.org/results/62651/3849073/NCAA_Division_I_West_Region_Preliminary_Rounds/400-Meters,TFRRS all_performances
"Lear, Bailey",USC,Big Ten,400m,2019,1,,,53.28,seconds,NCAA Division I West Region Preliminary Rounds,2019-05-23,,,,Outdoor,https://www.tfrrs.org/results/62651/3849073/NCAA_Division_I_West_Region_Preliminary_Rounds/400-Meters,TFRRS all_performances
"Roberts, Kaelin",USC,Big Ten,400m,2019,2,,,52.67,seconds,NCAA Division I West Region Preliminary Rounds,2019-05-23,,,,Outdoor,https://www.tfrrs.org/results/62651/3849073/NCAA_Division_I_West_Region_Preliminary_Rounds/400-Meters,TFRRS all_performances
"Constantine, Kyra",USC,Big Ten,400m,2019,3,,,51.47,seconds,NCAA Division I Outdoor Track & Field Championships,2019-06-05,,,,Outdoor,https://www.tfrrs.org/results/62668/3850664/NCAA_Division_I_Outdoor_Track__Field_Championships/400-Meters,TFRRS all_performances
"Constantine, Kyra",USC,Big Ten,400m,2019,3,,,51.71,seconds,NCAA Division I Outdoor Track & Field Championships,2019-06-05,,,,Outdoor,https://www.tfrrs.org/results/62668/3850664/NCAA_Division_I_Outdoor_Track__Field_Championships/400-Meters,TFRRS all_performances
"Eke, Chisom",Washington,Big Ten,400m,2019,3,,,59.32,seconds,4th Annual Doris Heritage Track Festival,2019-03-16,,,,Outdoor,https://www.tfrrs.org/results/59760/3681358/4th_Annual_Doris_Heritage_Track_Festival/400-Meters,TFRRS all_performances
"Stavig, Sarah",Washington,Big Ten,400m,2019,3,,,57.51,seconds,4th Annual Doris Heritage Track Festival,2019-03-16,,,,Outdoor,https://www.tfrrs.org/results/59760/3681358/4th_Annual_Doris_Heritage_Track_Festival/400-Meters,TFRRS all_performances
"Tjernagel, Raquel",Washington,Big Ten,400m,2019,4,,,58.44,seconds,4th Annual Doris Heritage Track Festival,2019-03-16,,,,Outdoor,https://www.tfrrs.org/results/59760/3681358/4th_Annual_Doris_Heritage_Track_Festival/400-Meters,TFRRS all_performances
"Apostol, Imani",Washington,Big Ten,400m,2019,4,,,55.40,seconds,Stanford Invitational,2019-03-29,,,,Outdoor,https://www.tfrrs.org/results/61171/3721540/Stanford_Invitational/400-Meters,TFRRS all_performances
"Apostol, Imani",Washington,Big Ten,400m,2019,4,,,56.57,seconds,UW vs WSU Dual,2019-04-06,,,,Outdoor,https://www.tfrrs.org/results/61138/3747451/UW_vs_WSU_Dual/400-Meters,TFRRS all_performances
"Eke, Chisom",Washington,Big Ten,400m,2019,3,,,1:00.07,seconds,UW vs WSU Dual,2019-04-06,,,,Outdoor,https://www.tfrrs.org/results/61138/3747451/UW_vs_WSU_Dual/400-Meters,TFRRS all_performances
"Sande, Ashley",Washington,Big Ten,400m,2019,1,,,1:00.72,seconds,UW vs WSU Dual,2019-04-06,,,,Outdoor,https://www.tfrrs.org/results/61138/3747451/UW_vs_WSU_Dual/400-Meters,TFRRS all_performances
"Stavig, Sarah",Washington,Big Ten,400m,2019,3,,,56.99,seconds,UW vs WSU Dual,2019-04-06,,,,Outdoor,https://www.tfrrs.org/results/61138/3747451/UW_vs_WSU_Dual/400-Meters,TFRRS all_performances
"Tjernagel, Raquel",Washington,Big Ten,400m,2019,4,,,58.74,seconds,UW vs WSU Dual,2019-04-06,,,,Outdoor,https://www.tfrrs.org/results/61138/3747451/UW_vs_WSU_Dual/400-Meters,TFRRS all_performances
"Apostol, Imani",Washington,Big Ten,400m,2019,4,,,54.96,seconds,Beach Invitational,2019-04-19,,,,Outdoor,https://www.tfrrs.org/results/62051/3791693/Beach_Invitational/400-Meters,TFRRS all_performances
"Stavig, Sarah",Washington,Big Ten,400m,2019,3,,,56.21,seconds,Beach Invitational,2019-04-19,,,,Outdoor,https://www.tfrrs.org/results/62051/3791693/Beach_Invitational/400-Meters,TFRRS all_performances
"Apostol, Imani",Washington,Big Ten,400m,2019,4,,,54.69,seconds,National Relay Championships,2019-04-26,,,,Outdoor,https://www.tfrrs.org/results/59967/3809639/National_Relay_Championships/400-Meters,TFRRS all_performances
"Apostol, Imani",Washington,Big Ten,400m,2019,4,,,55.31,seconds,2019 Pac-12 Track & Field Championships,2019-05-04,,,,Outdoor,https://www.tfrrs.org/results/61226/3842534/2019_Pac-12_Track__Field_Championships/400-Meters,TFRRS all_performances
"Eke, Chisom",Washington,Big Ten,400m,2019,3,,,1:00.37,seconds,2019 Ken Shannon Invitational,2019-05-04,,,,Outdoor,https://www.tfrrs.org/results/61696/3828943/2019_Ken_Shannon_Invitational/400-Meters,TFRRS all_performances
"Sande, Ashley",Washington,Big Ten,400m,2019,1,,,58.36,seconds,2019 Ken Shannon Invitational,2019-05-04,,,,Outdoor,https://www.tfrrs.org/results/61696/3828943/2019_Ken_Shannon_Invitational/400-Meters,TFRRS all_performances
"Stavig, Sarah",Washington,Big Ten,400m,2019,3,,,57.61,seconds,2019 Ken Shannon Invitational,2019-05-04,,,,Outdoor,https://www.tfrrs.org/results/61696/3828943/2019_Ken_Shannon_Invitational/400-Meters,TFRRS all_performances
"Baker, D'Jai",Alabama,SEC,400m,2019,3,,,54.22,seconds,Florida Relays,2019-03-28,,,,Outdoor,https://www.tfrrs.org/results/59113/3716336/Florida_Relays/400-Meters,TFRRS all_performances
"McDonald, Natassha",Alabama,SEC,400m,2019,3,,,52.87,seconds,Florida Relays,2019-03-28,,,,Outdoor,https://www.tfrrs.org/results/59113/3716336/Florida_Relays/400-Meters,TFRRS all_performances
"Roberson, Takyera",Alabama,SEC,400m,2019,3,,,53.06,seconds,Florida Relays,2019-03-28,,,,Outdoor,https://www.tfrrs.org/results/59113/3716336/Florida_Relays/400-Meters,TFRRS all_performances
"Baker, D'Jai",Alabama,SEC,400m,2019,3,,,54.16,seconds,LSU Battle on the Bayou,2019-04-06,,,,Outdoor,https://www.tfrrs.org/results/57941/3741620/LSU_Battle_on_the_Bayou/400-Meters,TFRRS all_performances
"Funcheon, Katie",Alabama,SEC,400m,2019,3,,,53.44,seconds,LSU Battle on the Bayou,2019-04-06,,,,Outdoor,https://www.tfrrs.org/results/57941/3741620/LSU_Battle_on_the_Bayou/400-Meters,TFRRS all_performances
"Funcheon, Katie",Alabama,SEC,400m,2019,3,,,54.06,seconds,Crimson Tide Invitational,2019-04-11,,,,Outdoor,https://www.tfrrs.org/results/61791/3763774/Crimson_Tide_Invitational/400-Meters,TFRRS all_performances
"Prieto, Mauricia",Alabama,SEC,400m,2019,3,,,52.68,seconds,Crimson Tide Invitational,2019-04-11,,,,Outdoor,https://www.tfrrs.org/results/61791/3763774/Crimson_Tide_Invitational/400-Meters,TFRRS all_performances
"Baker, D'Jai",Alabama,SEC,400m,2019,3,,,53.37,seconds,LSU Invitational,2019-04-27,,,,Outdoor,https://www.tfrrs.org/results/57943/3810044/LSU_Invitational/400-Meters,TFRRS all_performances
"Funcheon, Katie",Alabama,SEC,400m,2019,3,,,53.09,seconds,LSU Invitational,2019-04-27,,,,Outdoor,https://www.tfrrs.org/results/57943/3810044/LSU_Invitational/400-Meters,TFRRS all_performances
"McDonald, Natassha",Alabama,SEC,400m,2019,3,,,52.35,seconds,LSU Invitational,2019-04-27,,,,Outdoor,https://www.tfrrs.org/results/57943/3810044/LSU_Invitational/400-Meters,TFRRS all_performances
"Roberson, Takyera",Alabama,SEC,400m,2019,3,,,52.62,seconds,LSU Invitational,2019-04-27,,,,Outdoor,https://www.tfrrs.org/results/57943/3810044/LSU_Invitational/400-Meters,TFRRS all_performances
"Baker, D'Jai",Alabama,SEC,400m,2019,3,,,54.09,seconds,SEC Outdoor Track & Field Championships,2019-05-09,,,,Outdoor,https://www.tfrrs.org/results/61797/3840898/SEC_Outdoor_Track__Field_Championships/400-Meters,TFRRS all_performances
"Funcheon, Katie",Alabama,SEC,400m,2019,3,,,53.37,seconds,SEC Outdoor Track & Field Championships,2019-05-09,,,,Outdoor,https://www.tfrrs.org/results/61797/3840898/SEC_Outdoor_Track__Field_Championships/400-Meters,TFRRS all_performances
"McDonald, Natassha",Alabama,SEC,400m,2019,3,,,52.84,seconds,SEC Outdoor Track & Field Championships,2019-05-09,,,,Outdoor,https://www.tfrrs.org/results/61797/3840898/SEC_Outdoor_Track__Field_Championships/400-Meters,TFRRS all_performances
"McDonald, Natassha",Alabama,SEC,400m,2019,3,,,53.16,seconds,SEC Outdoor Track & Field Championships,2019-05-09,,,,Outdoor,https://www.tfrrs.org/results/61797/3840898/SEC_Outdoor_Track__Field_Championships/400-Meters,TFRRS all_performances
"Baker, D'Jai",Alabama,SEC,400m,2019,3,,,DNF,seconds,NCAA Division I East Region Preliminary Rounds,2019-05-23,First Round,,,Outdoor,https://tfrrs.org/athletes/7040922/Alabama/D%27Jai_Baker,legacy_source_needs_review
"Funcheon, Katie",Alabama,SEC,400m,2019,3,,,52.49,seconds,NCAA Division I East Region Preliminary Rounds,2019-05-23,,,,Outdoor,https://www.tfrrs.org/results/62650/3849033/NCAA_Division_I_East_Region_Preliminary_Rounds/400-Meters,TFRRS all_performances
"Funcheon, Katie",Alabama,SEC,400m,2019,3,,,52.89,seconds,NCAA Division I East Region Preliminary Rounds,2019-05-23,,,,Outdoor,https://www.tfrrs.org/results/62650/3849033/NCAA_Division_I_East_Region_Preliminary_Rounds/400-Meters,TFRRS all_performances
"McDonald, Natassha",Alabama,SEC,400m,2019,3,,,51.73,seconds,NCAA Division I East Region Preliminary Rounds,2019-05-23,,,,Outdoor,https://www.tfrrs.org/results/62650/3849033/NCAA_Division_I_East_Region_Preliminary_Rounds/400-Meters,TFRRS all_performances
"McDonald, Natassha",Alabama,SEC,400m,2019,3,,,52.63,seconds,NCAA Division I East Region Preliminary Rounds,2019-05-23,,,,Outdoor,https://www.tfrrs.org/results/62650/3849033/NCAA_Division_I_East_Region_Preliminary_Rounds/400-Meters,TFRRS all_performances
"Roberson, Takyera",Alabama,SEC,400m,2019,3,,,52.93,seconds,NCAA Division I East Region Preliminary Rounds,2019-05-23,,,,Outdoor,https://www.tfrrs.org/results/62650/3849033/NCAA_Division_I_East_Region_Preliminary_Rounds/400-Meters,TFRRS all_performances
"Roberson, Takyera",Alabama,SEC,400m,2019,3,,,53.01,seconds,NCAA Division I East Region Preliminary Rounds,2019-05-23,,,,Outdoor,https://www.tfrrs.org/results/62650/3849033/NCAA_Division_I_East_Region_Preliminary_Rounds/400-Meters,TFRRS all_performances
"Funcheon, Katie",Alabama,SEC,400m,2019,3,,,54.18,seconds,NCAA Division I Outdoor Track & Field Championships,2019-06-05,,,,Outdoor,https://www.tfrrs.org/results/62668/3850664/NCAA_Division_I_Outdoor_Track__Field_Championships/400-Meters,TFRRS all_performances
"McDonald, Natassha",Alabama,SEC,400m,2019,3,,,52.75,seconds,NCAA Division I Outdoor Track & Field Championships,2019-06-05,,,,Outdoor,https://www.tfrrs.org/results/62668/3850664/NCAA_Division_I_Outdoor_Track__Field_Championships/400-Meters,TFRRS all_performances
"Ghee, Lauryn",Florida,SEC,400m,2019,2,,,57.05,seconds,FSU Relays (College),2019-03-22,,,,Outdoor,https://www.tfrrs.org/results/60843/3696039/FSU_Relays_College/400-Meters,TFRRS all_performances
"Barnett, Sharrika",Florida,SEC,400m,2019,4,,,50.96,seconds,Florida Relays,2019-03-28,,,,Outdoor,https://www.tfrrs.org/results/59113/3716336/Florida_Relays/400-Meters,TFRRS all_performances
"Ghee, Lauryn",Florida,SEC,400m,2019,2,,,55.79,seconds,Florida Relays,2019-03-28,,,,Outdoor,https://www.tfrrs.org/results/59113/3716336/Florida_Relays/400-Meters,TFRRS all_performances
"Manson, Taylor",Florida,SEC,400m,2019,2,,,52.82,seconds,Florida Relays,2019-03-28,,,,Outdoor,https://www.tfrrs.org/results/59113/3716336/Florida_Relays/400-Meters,TFRRS all_performances
"Anderson, Doneisha",Florida,SEC,400m,2019,1,,,52.77,seconds,LSU Alumni Gold,2019-04-20,,,,Outdoor,https://www.tfrrs.org/results/57942/3790535/LSU_Alumni_Gold/400-Meters,TFRRS all_performances
"Ghee, Lauryn",Florida,SEC,400m,2019,2,,,55.71,seconds,LSU Alumni Gold,2019-04-20,,,,Outdoor,https://www.tfrrs.org/results/57942/3790520/LSU_Alumni_Gold/400-Meters,TFRRS all_performances
"Manson, Taylor",Florida,SEC,400m,2019,2,,,53.07,seconds,LSU Alumni Gold,2019-04-20,,,,Outdoor,https://www.tfrrs.org/results/57942/3790535/LSU_Alumni_Gold/400-Meters,TFRRS all_performances
"Anderson, Doneisha",Florida,SEC,400m,2019,1,,,54.09,seconds,UF Tom Jones Memorial,2019-04-26,,,,Outdoor,https://www.tfrrs.org/results/57289/3810301/UF_Tom_Jones_Memorial/400-Meters,TFRRS all_performances
"Barnett, Sharrika",Florida,SEC,400m,2019,4,,,51.88,seconds,UF Tom Jones Memorial,2019-04-26,,,,Outdoor,https://www.tfrrs.org/results/57289/3810301/UF_Tom_Jones_Memorial/400-Meters,TFRRS all_performances
"Ghee, Lauryn",Florida,SEC,400m,2019,2,,,56.21,seconds,UF Tom Jones Memorial,2019-04-26,,,,Outdoor,https://www.tfrrs.org/results/57289/3810301/UF_Tom_Jones_Memorial/400-Meters,TFRRS all_performances
"Manson, Taylor",Florida,SEC,400m,2019,2,,,52.53,seconds,UF Tom Jones Memorial,2019-04-26,,,,Outdoor,https://www.tfrrs.org/results/57289/3810301/UF_Tom_Jones_Memorial/400-Meters,TFRRS all_performances
"Anderson, Doneisha",Florida,SEC,400m,2019,1,,,52.15,seconds,SEC Outdoor Track & Field Championships,2019-05-09,,,,Outdoor,https://www.tfrrs.org/results/61797/3840898/SEC_Outdoor_Track__Field_Championships/400-Meters,TFRRS all_performances
"Anderson, Doneisha",Florida,SEC,400m,2019,1,,,52.55,seconds,SEC Outdoor Track & Field Championships,2019-05-09,,,,Outdoor,https://www.tfrrs.org/results/61797/3840898/SEC_Outdoor_Track__Field_Championships/400-Meters,TFRRS all_performances
"Barnett, Sharrika",Florida,SEC,400m,2019,4,,,52.12,seconds,SEC Outdoor Track & Field Championships,2019-05-09,,,,Outdoor,https://www.tfrrs.org/results/61797/3840898/SEC_Outdoor_Track__Field_Championships/400-Meters,TFRRS all_performances
"Barnett, Sharrika",Florida,SEC,400m,2019,4,,,53.41,seconds,SEC Outdoor Track & Field Championships,2019-05-09,,,,Outdoor,https://www.tfrrs.org/results/61797/3840898/SEC_Outdoor_Track__Field_Championships/400-Meters,TFRRS all_performances
"Ghee, Lauryn",Florida,SEC,400m,2019,2,,,56.37,seconds,SEC Outdoor Track & Field Championships,2019-05-09,,,,Outdoor,https://www.tfrrs.org/results/61797/3840898/SEC_Outdoor_Track__Field_Championships/400-Meters,TFRRS all_performances
"Manson, Taylor",Florida,SEC,400m,2019,2,,,53.16,seconds,SEC Outdoor Track & Field Championships,2019-05-09,,,,Outdoor,https://www.tfrrs.org/results/61797/3840898/SEC_Outdoor_Track__Field_Championships/400-Meters,TFRRS all_performances
"Anderson, Doneisha",Florida,SEC,400m,2019,1,,,53.99,seconds,NCAA Division I East Region Preliminary Rounds,2019-05-23,,,,Outdoor,https://www.tfrrs.org/results/62650/3849033/NCAA_Division_I_East_Region_Preliminary_Rounds/400-Meters,TFRRS all_performances
"Barnett, Sharrika",Florida,SEC,400m,2019,4,,,51.35,seconds,NCAA Division I East Region Preliminary Rounds,2019-05-23,,,,Outdoor,https://www.tfrrs.org/results/62650/3849033/NCAA_Division_I_East_Region_Preliminary_Rounds/400-Meters,TFRRS all_performances
"Barnett, Sharrika",Florida,SEC,400m,2019,4,,,52.21,seconds,NCAA Division I East Region Preliminary Rounds,2019-05-23,,,,Outdoor,https://www.tfrrs.org/results/62650/3849033/NCAA_Division_I_East_Region_Preliminary_Rounds/400-Meters,TFRRS all_performances
"Manson, Taylor",Florida,SEC,400m,2019,2,,,52.45,seconds,NCAA Division I East Region Preliminary Rounds,2019-05-23,,,,Outdoor,https://www.tfrrs.org/results/62650/3849033/NCAA_Division_I_East_Region_Preliminary_Rounds/400-Meters,TFRRS all_performances
"Manson, Taylor",Florida,SEC,400m,2019,2,,,52.61,seconds,NCAA Division I East Region Preliminary Rounds,2019-05-23,,,,Outdoor,https://www.tfrrs.org/results/62650/3849033/NCAA_Division_I_East_Region_Preliminary_Rounds/400-Meters,TFRRS all_performances
"Barnett, Sharrika",Florida,SEC,400m,2019,4,,,51.00,seconds,NCAA Division I Outdoor Track & Field Championships,2019-06-05,,,,Outdoor,https://www.tfrrs.org/results/62668/3850664/NCAA_Division_I_Outdoor_Track__Field_Championships/400-Meters,TFRRS all_performances
"Barnett, Sharrika",Florida,SEC,400m,2019,4,,,51.62,seconds,NCAA Division I Outdoor Track & Field Championships,2019-06-05,,,,Outdoor,https://www.tfrrs.org/results/62668/3850664/NCAA_Division_I_Outdoor_Track__Field_Championships/400-Meters,TFRRS all_performances
"Manson, Taylor",Florida,SEC,400m,2019,2,,,53.75,seconds,NCAA Division I Outdoor Track & Field Championships,2019-06-05,,,,Outdoor,https://www.tfrrs.org/results/62668/3850664/NCAA_Division_I_Outdoor_Track__Field_Championships/400-Meters,TFRRS all_performances
"Tanner, Amber",Georgia,SEC,400m,2019,3,,,53.59,seconds,Florida Relays,2019-03-28,,,,Outdoor,https://www.tfrrs.org/results/59113/3716336/Florida_Relays/400-Meters,TFRRS all_performances
"Kopp, Makenzi",Georgia,SEC,400m,2019,3,,,57.00,seconds,Spec Towns Invitational,2019-04-05,,,,Outdoor,https://www.tfrrs.org/results/61468/3741097/Spec_Towns_Invitational/400-Meters,TFRRS all_performances
"Ransby, Micaiah",Georgia,SEC,400m,2019,3,,,53.71,seconds,Spec Towns Invitational,2019-04-05,,,,Outdoor,https://www.tfrrs.org/results/61468/3741097/Spec_Towns_Invitational/400-Meters,TFRRS all_performances
"Zoller, Chelsea",Georgia,SEC,400m,2019,2,,,57.28,seconds,Spec Towns Invitational,2019-04-05,,,,Outdoor,https://www.tfrrs.org/results/61468/3741097/Spec_Towns_Invitational/400-Meters,TFRRS all_performances
"Ransby, Micaiah",Georgia,SEC,400m,2019,3,,,53.86,seconds,Mt. SAC Relays,2019-04-18,,,,Outdoor,https://www.tfrrs.org/results/62078/3792802/Mt_SAC_Relays/400-Meters,TFRRS all_performances
"Ransby, Micaiah",Georgia,SEC,400m,2019,3,,,54.37,seconds,SEC Outdoor Track & Field Championships,2019-05-09,,,,Outdoor,https://www.tfrrs.org/results/61797/3840898/SEC_Outdoor_Track__Field_Championships/400-Meters,TFRRS all_performances
"Ransby, Micaiah",Georgia,SEC,400m,2019,3,,,54.71,seconds,NCAA Division I East Region Preliminary Rounds,2019-05-23,,,,Outdoor,https://www.tfrrs.org/results/62650/3849033/NCAA_Division_I_East_Region_Preliminary_Rounds/400-Meters,TFRRS all_performances
"Abbott, Chloe",Kentucky,SEC,400m,2019,3,,,51.59,seconds,UTSA Invitational,2019-03-15,,,,Outdoor,https://www.tfrrs.org/results/59826/3681974/UTSA_Invitational/400-Meters,TFRRS all_performances
"O'Connor, Janie",Kentucky,SEC,400m,2019,2,,,55.57,seconds,UTSA Invitational,2019-03-15,,,,Outdoor,https://www.tfrrs.org/results/59826/3681974/UTSA_Invitational/400-Meters,TFRRS all_performances
"Williams, Kamilah",Kentucky,SEC,400m,2019,3,,,59.62,seconds,Vanderbilt Black & Gold Invitational,2019-03-22,,,,Outdoor,https://www.tfrrs.org/results/60867/3700639/Vanderbilt_Black__Gold_Invitational/400-Meters,TFRRS all_performances
"Abbott, Chloe",Kentucky,SEC,400m,2019,3,,,51.61,seconds,Florida Relays,2019-03-28,,,,Outdoor,https://www.tfrrs.org/results/59113/3716336/Florida_Relays/400-Meters,TFRRS all_performances
"Abbott, Chloe",Kentucky,SEC,400m,2019,3,,,53.19,seconds,Tennessee Relays,2019-04-11,,,,Outdoor,https://www.tfrrs.org/results/60654/3767489/Tennessee_Relays/400-Meters,TFRRS all_performances
"Abbott, Chloe",Kentucky,SEC,400m,2019,3,,,52.72,seconds,Kentucky Track & Field Invitational,2019-04-20,,,,Outdoor,https://www.tfrrs.org/results/57306/3790773/Kentucky_Track__Field_Invitational/400-Meters,TFRRS all_performances
"Parker, Devine",Kentucky,SEC,400m,2019,1,,,1:00.90,seconds,Kentucky Track & Field Invitational,2019-04-20,,,,Outdoor,https://www.tfrrs.org/results/57306/3790773/Kentucky_Track__Field_Invitational/400-Meters,TFRRS all_performances
"Williams, Kamilah",Kentucky,SEC,400m,2019,3,,,59.01,seconds,Kentucky Track & Field Invitational,2019-04-20,,,,Outdoor,https://www.tfrrs.org/results/57306/3790773/Kentucky_Track__Field_Invitational/400-Meters,TFRRS all_performances
"Abbott, Chloe",Kentucky,SEC,400m,2019,3,,,51.80,seconds,SEC Outdoor Track & Field Championships,2019-05-09,,,,Outdoor,https://www.tfrrs.org/results/61797/3840898/SEC_Outdoor_Track__Field_Championships/400-Meters,TFRRS all_performances
"Abbott, Chloe",Kentucky,SEC,400m,2019,3,,,51.82,seconds,SEC Outdoor Track & Field Championships,2019-05-09,,,,Outdoor,https://www.tfrrs.org/results/61797/3840898/SEC_Outdoor_Track__Field_Championships/400-Meters,TFRRS all_performances
"Abbott, Chloe",Kentucky,SEC,400m,2019,3,,,51.32,seconds,NCAA Division I East Region Preliminary Rounds,2019-05-23,,,,Outdoor,https://www.tfrrs.org/results/62650/3849033/NCAA_Division_I_East_Region_Preliminary_Rounds/400-Meters,TFRRS all_performances
"Abbott, Chloe",Kentucky,SEC,400m,2019,3,,,51.44,seconds,NCAA Division I East Region Preliminary Rounds,2019-05-23,,,,Outdoor,https://www.tfrrs.org/results/62650/3849033/NCAA_Division_I_East_Region_Preliminary_Rounds/400-Meters,TFRRS all_performances
"Abbott, Chloe",Kentucky,SEC,400m,2019,3,,,50.98,seconds,NCAA Division I Outdoor Track & Field Championships,2019-06-05,,,,Outdoor,https://www.tfrrs.org/results/62668/3850664/NCAA_Division_I_Outdoor_Track__Field_Championships/400-Meters,TFRRS all_performances
"Abbott, Chloe",Kentucky,SEC,400m,2019,3,,,51.59,seconds,NCAA Division I Outdoor Track & Field Championships,2019-06-05,,,,Outdoor,https://www.tfrrs.org/results/62668/3850664/NCAA_Division_I_Outdoor_Track__Field_Championships/400-Meters,TFRRS all_performances
"Mills , Tatyana",South Carolina,SEC,400m,2019,4,,,54.84,seconds,Black and Gold Challange,2019-03-15,,,,Outdoor,https://www.tfrrs.org/results/59243/3679263/Black_and_Gold_Challange/400-Meters,TFRRS all_performances
"Dendy, Maiya",South Carolina,SEC,400m,2019,4,,,57.53,seconds,Buccaneer Invitational,2019-03-23,,,,Outdoor,https://www.tfrrs.org/results/58507/3701198/Buccaneer_Invitational/400-Meters,TFRRS all_performances
"Williams, Jhari",South Carolina,SEC,400m,2019,2,,,57.93,seconds,Buccaneer Invitational,2019-03-23,,,,Outdoor,https://www.tfrrs.org/results/58507/3701198/Buccaneer_Invitational/400-Meters,TFRRS all_performances
"Abrams, Aliyah",South Carolina,SEC,400m,2019,3,,,52.28,seconds,Florida Relays,2019-03-28,,,,Outdoor,https://www.tfrrs.org/results/59113/3716336/Florida_Relays/400-Meters,TFRRS all_performances
"Davis , Stephanie",South Carolina,SEC,400m,2019,2,,,52.24,seconds,Florida Relays,2019-03-28,,,,Outdoor,https://www.tfrrs.org/results/59113/3716336/Florida_Relays/400-Meters,TFRRS all_performances
"Jonathas, Wadeline",South Carolina,SEC,400m,2019,3,,,52.18,seconds,Florida Relays,2019-03-28,,,,Outdoor,https://www.tfrrs.org/results/59113/3716336/Florida_Relays/400-Meters,TFRRS all_performances
"Abrams, Aliyah",South Carolina,SEC,400m,2019,3,,,52.30,seconds,Spec Towns Invitational,2019-04-05,,,,Outdoor,https://www.tfrrs.org/results/61468/3741097/Spec_Towns_Invitational/400-Meters,TFRRS all_performances
"Mills , Tatyana",South Carolina,SEC,400m,2019,4,,,55.70,seconds,Spec Towns Invitational,2019-04-05,,,,Outdoor,https://www.tfrrs.org/results/61468/3741097/Spec_Towns_Invitational/400-Meters,TFRRS all_performances
"Williams, Jhari",South Carolina,SEC,400m,2019,2,,,57.17,seconds,Spec Towns Invitational,2019-04-05,,,,Outdoor,https://www.tfrrs.org/results/61468/3741097/Spec_Towns_Invitational/400-Meters,TFRRS all_performances
"Jonathas, Wadeline",South Carolina,SEC,400m,2019,3,,,51.56,seconds,Gamecock Invitational Outdoor,2019-04-13,,,,Outdoor,https://www.tfrrs.org/results/57927/3768788/Gamecock_Invitational_Outdoor_/400-Meters,TFRRS all_performances
"Williams, Jhari",South Carolina,SEC,400m,2019,2,,,56.89,seconds,Gamecock Invitational Outdoor,2019-04-13,,,,Outdoor,https://www.tfrrs.org/results/57927/3768788/Gamecock_Invitational_Outdoor_/400-Meters,TFRRS all_performances
"Davis , Stephanie",South Carolina,SEC,400m,2019,2,,,54.55,seconds,USC Open Outdoor,2019-04-20,,,,Outdoor,https://www.tfrrs.org/results/57928/3790272/USC_Open_Outdoor_/400-Meters,TFRRS all_performances
"Mills , Tatyana",South Carolina,SEC,400m,2019,4,,,56.55,seconds,USC Open Outdoor,2019-04-20,,,,Outdoor,https://www.tfrrs.org/results/57928/3790272/USC_Open_Outdoor_/400-Meters,TFRRS all_performances
"Williams, Jhari",South Carolina,SEC,400m,2019,2,,,57.55,seconds,USC Open Outdoor,2019-04-20,,,,Outdoor,https://www.tfrrs.org/results/57928/3790272/USC_Open_Outdoor_/400-Meters,TFRRS all_performances
"Abrams, Aliyah",South Carolina,SEC,400m,2019,3,,,51.92,seconds,SEC Outdoor Track & Field Championships,2019-05-09,,,,Outdoor,https://www.tfrrs.org/results/61797/3840898/SEC_Outdoor_Track__Field_Championships/400-Meters,TFRRS all_performances
"Abrams, Aliyah",South Carolina,SEC,400m,2019,3,,,52.58,seconds,SEC Outdoor Track & Field Championships,2019-05-09,,,,Outdoor,https://www.tfrrs.org/results/61797/3840898/SEC_Outdoor_Track__Field_Championships/400-Meters,TFRRS all_performances
"Jonathas, Wadeline",South Carolina,SEC,400m,2019,3,,,51.19,seconds,SEC Outdoor Track & Field Championships,2019-05-09,,,,Outdoor,https://www.tfrrs.org/results/61797/3840898/SEC_Outdoor_Track__Field_Championships/400-Meters,TFRRS all_performances
"Jonathas, Wadeline",South Carolina,SEC,400m,2019,3,,,51.81,seconds,SEC Outdoor Track & Field Championships,2019-05-09,,,,Outdoor,https://www.tfrrs.org/results/61797/3840898/SEC_Outdoor_Track__Field_Championships/400-Meters,TFRRS all_performances
"Abrams, Aliyah",South Carolina,SEC,400m,2019,3,,,51.63,seconds,NCAA Division I East Region Preliminary Rounds,2019-05-23,,,,Outdoor,https://www.tfrrs.org/results/62650/3849033/NCAA_Division_I_East_Region_Preliminary_Rounds/400-Meters,TFRRS all_performances
"Abrams, Aliyah",South Carolina,SEC,400m,2019,3,,,52.13,seconds,NCAA Division I East Region Preliminary Rounds,2019-05-23,,,,Outdoor,https://www.tfrrs.org/results/62650/3849033/NCAA_Division_I_East_Region_Preliminary_Rounds/400-Meters,TFRRS all_performances
"Jonathas, Wadeline",South Carolina,SEC,400m,2019,3,,,51.46,seconds,NCAA Division I East Region Preliminary Rounds,2019-05-23,,,,Outdoor,https://www.tfrrs.org/results/62650/3849033/NCAA_Division_I_East_Region_Preliminary_Rounds/400-Meters,TFRRS all_performances
"Jonathas, Wadeline",South Carolina,SEC,400m,2019,3,,,52.02,seconds,NCAA Division I East Region Preliminary Rounds,2019-05-23,,,,Outdoor,https://www.tfrrs.org/results/62650/3849033/NCAA_Division_I_East_Region_Preliminary_Rounds/400-Meters,TFRRS all_performances
"Abrams, Aliyah",South Carolina,SEC,400m,2019,3,,,51.13,seconds,NCAA Division I Outdoor Track & Field Championships,2019-06-05,,,,Outdoor,https://www.tfrrs.org/results/62668/3850664/NCAA_Division_I_Outdoor_Track__Field_Championships/400-Meters,TFRRS all_performances
"Abrams, Aliyah",South Carolina,SEC,400m,2019,3,,,51.51,seconds,NCAA Division I Outdoor Track & Field Championships,2019-06-05,,,,Outdoor,https://www.tfrrs.org/results/62668/3850664/NCAA_Division_I_Outdoor_Track__Field_Championships/400-Meters,TFRRS all_performances
"Jonathas, Wadeline",South Carolina,SEC,400m,2019,3,,,50.60,seconds,NCAA Division I Outdoor Track & Field Championships,2019-06-05,,,,Outdoor,https://www.tfrrs.org/results/62668/3850664/NCAA_Division_I_Outdoor_Track__Field_Championships/400-Meters,TFRRS all_performances
"Jonathas, Wadeline",South Carolina,SEC,400m,2019,3,,,51.63,seconds,NCAA Division I Outdoor Track & Field Championships,2019-06-05,,,,Outdoor,https://www.tfrrs.org/results/62668/3850664/NCAA_Division_I_Outdoor_Track__Field_Championships/400-Meters,TFRRS all_performances
"Bernard-Joseph, Breanna",USC,Big Ten,400m,2020,2,,,55.92,seconds,Beach Opener,2020-03-07,,,,Outdoor,https://www.tfrrs.org/results/65783/4002931/Beach_Opener/400-Meters,TFRRS all_performances
"Disher, Leah",Clemson,ACC,400m,2021,1,,,58.21,s,Auburn Tiger Track Classic 2021,2021-03-19,,,,Outdoor,https://www.tfrrs.org/results/66282/4129180/Auburn_Tiger_Track_Classic_2021/400-Meters,TFRRS all_performances
"Felton, Courtashia",Clemson,ACC,400m,2021,3,,,1:03.51,s,Auburn Tiger Track Classic 2021,2021-03-19,,,,Outdoor,https://www.tfrrs.org/results/66282/4129180/Auburn_Tiger_Track_Classic_2021/400-Meters,TFRRS all_performances
"McIntosh, Kamryn",Clemson,ACC,400m,2021,3,,,55.09,s,Auburn Tiger Track Classic 2021,2021-03-19,,,,Outdoor,https://www.tfrrs.org/results/66282/4129180/Auburn_Tiger_Track_Classic_2021/400-Meters,TFRRS all_performances
"Gadson, Ken'naria",Clemson,ACC,400m,2021,1,,,56.35,s,FSU Relays,2021-03-25,,,,Outdoor,https://www.tfrrs.org/results/68747/4145910/FSU_Relays/400-Meters,TFRRS all_performances
"Mallard, Aliyah",Clemson,ACC,400m,2021,3,,,56.92,s,FSU Relays,2021-03-25,,,,Outdoor,https://www.tfrrs.org/results/68747/4145910/FSU_Relays/400-Meters,TFRRS all_performances
"Williams, Courtney",Clemson,ACC,400m,2021,1,,,55.74,s,FSU Relays,2021-03-25,,,,Outdoor,https://www.tfrrs.org/results/68747/4145910/FSU_Relays/400-Meters,TFRRS all_performances
"Gadson, Ken'naria",Clemson,ACC,400m,2021,1,,,55.85,s,Pepsi Florida Relays,2021-04-02,,,,Outdoor,https://www.tfrrs.org/results/68395/4166914/Pepsi_Florida_Relays/400-Meters,TFRRS all_performances
"McIntosh, Kamryn",Clemson,ACC,400m,2021,3,,,54.67,s,Pepsi Florida Relays,2021-04-02,,,,Outdoor,https://www.tfrrs.org/results/68395/4166914/Pepsi_Florida_Relays/400-Meters,TFRRS all_performances
"Williams, Courtney",Clemson,ACC,400m,2021,1,,,54.86,s,Pepsi Florida Relays,2021-04-02,,,,Outdoor,https://www.tfrrs.org/results/68395/4166914/Pepsi_Florida_Relays/400-Meters,TFRRS all_performances
"Cooney, Olivia",Clemson,ACC,400m,2021,2,,,59.09,s,Tennessee Relays,2021-04-08,,,,Outdoor,https://www.tfrrs.org/results/68457/4183717/Tennessee_Relays/400-Meters,TFRRS all_performances
"Disher, Leah",Clemson,ACC,400m,2021,1,,,57.03,s,Tennessee Relays,2021-04-08,,,,Outdoor,https://www.tfrrs.org/results/68457/4183717/Tennessee_Relays/400-Meters,TFRRS all_performances
"Barton, Laurie",Clemson,ACC,400m,2021,3,,,54.53,s,USC Open,2021-04-17,,,,Outdoor,https://www.tfrrs.org/results/67499/4207825/USC_Open/400-Meters,TFRRS all_performances
"Foster, Nicolee",Clemson,ACC,400m,2021,3,,,54.90,s,USC Open,2021-04-17,,,,Outdoor,https://www.tfrrs.org/results/67499/4207825/USC_Open/400-Meters,TFRRS all_performances
"Gadson, Ken'naria",Clemson,ACC,400m,2021,1,,,54.69,s,USC Open,2021-04-17,,,,Outdoor,https://www.tfrrs.org/results/67499/4207825/USC_Open/400-Meters,TFRRS all_performances
"Gadson, Ken'naria",Clemson,ACC,400m,2021,1,,,55.48,s,Knights Invite,2021-04-24,,,,Outdoor,https://www.tfrrs.org/results/67407/4223784/Knights_Invite/400-Meters,TFRRS all_performances
"McIntosh, Kamryn",Clemson,ACC,400m,2021,3,,,55.64,s,Knights Invite,2021-04-24,,,,Outdoor,https://www.tfrrs.org/results/67407/4223784/Knights_Invite/400-Meters,TFRRS all_performances
"Cooney, Olivia",Clemson,ACC,400m,2021,2,,,58.31,s,Torrin Lawrence Memorial,2021-04-30,,,,Outdoor,https://www.tfrrs.org/results/70029/4240883/Torrin_Lawrence_Memorial/400-Meters,TFRRS all_performances
"Disher, Leah",Clemson,ACC,400m,2021,1,,,56.42,s,Torrin Lawrence Memorial,2021-04-30,,,,Outdoor,https://www.tfrrs.org/results/70029/4240883/Torrin_Lawrence_Memorial/400-Meters,TFRRS all_performances
"Williams, Courtney",Clemson,ACC,400m,2021,1,,,54.91,s,Torrin Lawrence Memorial,2021-04-30,,,,Outdoor,https://www.tfrrs.org/results/70029/4240883/Torrin_Lawrence_Memorial/400-Meters,TFRRS all_performances
"Gadson, Ken'naria",Clemson,ACC,400m,2021,1,,,55.41,s,ACC Outdoor Track & Field Championships,2021-05-13,,,,Outdoor,https://www.tfrrs.org/results/69885/4265131/ACC_Outdoor_Track__Field_Championships/400-Meters,TFRRS all_performances
"McIntosh, Kamryn",Clemson,ACC,400m,2021,3,,,54.41,s,ACC Outdoor Track & Field Championships,2021-05-13,,,,Outdoor,https://www.tfrrs.org/results/69885/4265131/ACC_Outdoor_Track__Field_Championships/400-Meters,TFRRS all_performances
"McIntosh, Kamryn",Clemson,ACC,400m,2021,3,,,54.42,s,ACC Outdoor Track & Field Championships,2021-05-13,,,,Outdoor,https://www.tfrrs.org/results/69885/4265131/ACC_Outdoor_Track__Field_Championships/400-Meters,TFRRS all_performances
"Williams, Courtney",Clemson,ACC,400m,2021,1,,,55.97,s,ACC Outdoor Track & Field Championships,2021-05-13,,,,Outdoor,https://www.tfrrs.org/results/69885/4265131/ACC_Outdoor_Track__Field_Championships/400-Meters,TFRRS all_performances
"Crean, Jenna",Duke,ACC,400m,2021,1,,,55.28,s,Raleigh Relays,2021-03-25,,,,Outdoor,https://www.tfrrs.org/results/67406/4147257/Raleigh_Relays/400-Meters,TFRRS all_performances
"Hoffman, Lauren",Duke,ACC,400m,2021,3,,,56.96,s,Raleigh Relays,2021-03-25,,,,Outdoor,https://www.tfrrs.org/results/67406/4147257/Raleigh_Relays/400-Meters,TFRRS all_performances
"Okonta, Danielle",Duke,ACC,400m,2021,4,,,58.49,s,Raleigh Relays,2021-03-25,,,,Outdoor,https://www.tfrrs.org/results/67406/4147257/Raleigh_Relays/400-Meters,TFRRS all_performances
"Sule, Iman",Duke,ACC,400m,2021,4,,,54.15,s,Raleigh Relays,2021-03-25,,,,Outdoor,https://www.tfrrs.org/results/67406/4147257/Raleigh_Relays/400-Meters,TFRRS all_performances
"Crean, Jenna",Duke,ACC,400m,2021,1,,,55.30,s,Virginia Invitational,2021-04-02,,,,Outdoor,https://www.tfrrs.org/results/69037/4167637/Virginia_Invitational/400-Meters,TFRRS all_performances
"King, Carly",Duke,ACC,400m,2021,1,,,54.56,s,Virginia Invitational,2021-04-02,,,,Outdoor,https://www.tfrrs.org/results/69037/4167637/Virginia_Invitational/400-Meters,TFRRS all_performances
"Sule, Iman",Duke,ACC,400m,2021,4,,,53.61,s,Virginia Invitational,2021-04-02,,,,Outdoor,https://www.tfrrs.org/results/69037/4167637/Virginia_Invitational/400-Meters,TFRRS all_performances
"Aveni, Brittany",Duke,ACC,400m,2021,4,,,52.23,s,Tobacco Road Challenge,2021-04-09,,,,Outdoor,https://www.tfrrs.org/results/69291/4184855/Tobacco_Road_Challenge/400-Meters,TFRRS all_performances
"Crean, Jenna",Duke,ACC,400m,2021,1,,,55.02,s,Tobacco Road Challenge,2021-04-09,,,,Outdoor,https://www.tfrrs.org/results/69291/4184855/Tobacco_Road_Challenge/400-Meters,TFRRS all_performances
"Ekeigwe, Kiara",Duke,ACC,400m,2021,1,,,1:00.03,s,Tobacco Road Challenge,2021-04-09,,,,Outdoor,https://www.tfrrs.org/results/69291/4184855/Tobacco_Road_Challenge/400-Meters,TFRRS all_performances
"King, Carly",Duke,ACC,400m,2021,1,,,54.25,s,Tobacco Road Challenge,2021-04-09,,,,Outdoor,https://www.tfrrs.org/results/69291/4184855/Tobacco_Road_Challenge/400-Meters,TFRRS all_performances
"Sule, Iman",Duke,ACC,400m,2021,4,,,53.25,s,Tobacco Road Challenge,2021-04-09,,,,Outdoor,https://www.tfrrs.org/results/69291/4184855/Tobacco_Road_Challenge/400-Meters,TFRRS all_performances
"Torino, Leigha",Duke,ACC,400m,2021,3,,,58.23,s,Tobacco Road Challenge,2021-04-09,,,,Outdoor,https://www.tfrrs.org/results/69291/4184855/Tobacco_Road_Challenge/400-Meters,TFRRS all_performances
"Aveni, Brittany",Duke,ACC,400m,2021,4,,,53.06,s,Virginia Challenge,2021-04-16,,,,Outdoor,https://www.tfrrs.org/results/69581/4206739/Virginia_Challenge/400-Meters,TFRRS all_performances
"Crean, Jenna",Duke,ACC,400m,2021,1,,,54.71,s,Virginia Challenge,2021-04-16,,,,Outdoor,https://www.tfrrs.org/results/69581/4206739/Virginia_Challenge/400-Meters,TFRRS all_performances
"King, Carly",Duke,ACC,400m,2021,1,,,55.00,s,Charlotte Invitational,2021-04-23,,,,Outdoor,https://www.tfrrs.org/results/69817/4224100/Charlotte_Invitational/400-Meters,TFRRS all_performances
"Sule, Iman",Duke,ACC,400m,2021,4,,,54.40,s,Charlotte Invitational,2021-04-23,,,,Outdoor,https://www.tfrrs.org/results/69817/4224100/Charlotte_Invitational/400-Meters,TFRRS all_performances
"Williams, Hailey",Duke,ACC,400m,2021,1,,,58.79,s,Charlotte Invitational,2021-04-23,,,,Outdoor,https://www.tfrrs.org/results/69817/4224100/Charlotte_Invitational/400-Meters,TFRRS all_performances
"Crean, Jenna",Duke,ACC,400m,2021,1,,,54.61,s,Duke Twilight,2021-05-03,,,,Outdoor,https://www.tfrrs.org/results/70116/4248657/Duke_Twilight/400-Meters,TFRRS all_performances
"Sule, Iman",Duke,ACC,400m,2021,4,,,52.79,s,Duke Twilight,2021-05-03,,,,Outdoor,https://www.tfrrs.org/results/70116/4248657/Duke_Twilight/400-Meters,TFRRS all_performances
"Aveni, Brittany",Duke,ACC,400m,2021,4,,,51.60,s,ACC Outdoor Track & Field Championships,2021-05-13,,,,Outdoor,https://www.tfrrs.org/results/69885/4265131/ACC_Outdoor_Track__Field_Championships/400-Meters,TFRRS all_performances
"Aveni, Brittany",Duke,ACC,400m,2021,4,,,52.59,s,ACC Outdoor Track & Field Championships,2021-05-13,,,,Outdoor,https://www.tfrrs.org/results/69885/4265131/ACC_Outdoor_Track__Field_Championships/400-Meters,TFRRS all_performances
"Brown-Soler, Elena",Duke,ACC,400m,2021,4,,,53.10,s,ACC Outdoor Track & Field Championships,2021-05-13,,,,Outdoor,https://www.tfrrs.org/results/69885/4265131/ACC_Outdoor_Track__Field_Championships/400-Meters,TFRRS all_performances
"Brown-Soler, Elena",Duke,ACC,400m,2021,4,,,53.18,s,ACC Outdoor Track & Field Championships,2021-05-13,,,,Outdoor,https://www.tfrrs.org/results/69885/4265131/ACC_Outdoor_Track__Field_Championships/400-Meters,TFRRS all_performances
"Crean, Jenna",Duke,ACC,400m,2021,1,,,53.97,s,ACC Outdoor Track & Field Championships,2021-05-13,,,,Outdoor,https://www.tfrrs.org/results/69885/4265131/ACC_Outdoor_Track__Field_Championships/400-Meters,TFRRS all_performances
"Crean, Jenna",Duke,ACC,400m,2021,1,,,54.16,s,ACC Outdoor Track & Field Championships,2021-05-13,,,,Outdoor,https://www.tfrrs.org/results/69885/4265131/ACC_Outdoor_Track__Field_Championships/400-Meters,TFRRS all_performances
"King, Carly",Duke,ACC,400m,2021,1,,,54.41,s,ACC Outdoor Track & Field Championships,2021-05-13,,,,Outdoor,https://www.tfrrs.org/results/69885/4265131/ACC_Outdoor_Track__Field_Championships/400-Meters,TFRRS all_performances
"King, Carly",Duke,ACC,400m,2021,1,,,54.90,s,ACC Outdoor Track & Field Championships,2021-05-13,,,,Outdoor,https://www.tfrrs.org/results/69885/4265131/ACC_Outdoor_Track__Field_Championships/400-Meters,TFRRS all_performances
"Sule, Iman",Duke,ACC,400m,2021,4,,,52.25,s,ACC Outdoor Track & Field Championships,2021-05-13,,,,Outdoor,https://www.tfrrs.org/results/69885/4265131/ACC_Outdoor_Track__Field_Championships/400-Meters,TFRRS all_performances
"Sule, Iman",Duke,ACC,400m,2021,4,,,53.21,s,ACC Outdoor Track & Field Championships,2021-05-13,,,,Outdoor,https://www.tfrrs.org/results/69885/4265131/ACC_Outdoor_Track__Field_Championships/400-Meters,TFRRS all_performances
"Aveni, Brittany",Duke,ACC,400m,2021,4,,,51.79,s,NCAA Division I East Preliminary Round,2021-05-26,,,,Outdoor,https://www.tfrrs.org/results/70390/4273634/NCAA_Division_I_East_Preliminary_Round/400-Meters,TFRRS all_performances
"Aveni, Brittany",Duke,ACC,400m,2021,4,,,52.48,s,NCAA Division I East Preliminary Round,2021-05-26,,,,Outdoor,https://www.tfrrs.org/results/70390/4273634/NCAA_Division_I_East_Preliminary_Round/400-Meters,TFRRS all_performances
"Brown-Soler, Elena",Duke,ACC,400m,2021,4,,,53.83,s,NCAA Division I East Preliminary Round,2021-05-26,,,,Outdoor,https://www.tfrrs.org/results/70390/4273634/NCAA_Division_I_East_Preliminary_Round/400-Meters,TFRRS all_performances
"Crean, Jenna",Duke,ACC,400m,2021,1,,,54.50,s,NCAA Division I East Preliminary Round,2021-05-26,,,,Outdoor,https://www.tfrrs.org/results/70390/4273634/NCAA_Division_I_East_Preliminary_Round/400-Meters,TFRRS all_performances
"Sule, Iman",Duke,ACC,400m,2021,4,,,52.64,s,NCAA Division I East Preliminary Round,2021-05-26,,,,Outdoor,https://www.tfrrs.org/results/70390/4273634/NCAA_Division_I_East_Preliminary_Round/400-Meters,TFRRS all_performances
"Sule, Iman",Duke,ACC,400m,2021,4,,,52.90,s,NCAA Division I East Preliminary Round,2021-05-26,,,,Outdoor,https://www.tfrrs.org/results/70390/4273634/NCAA_Division_I_East_Preliminary_Round/400-Meters,TFRRS all_performances
"Aveni, Brittany",Duke,ACC,400m,2021,4,,,51.79,s,NCAA East Regional,2021-05-29,,,,Outdoor,https://s3.us-east-2.amazonaws.com/sidearm.nextgen.sites/goduke.com/documents/2022/1/27/2021_22TFXCMediaGuide.pdf,legacy_source_needs_review
"Brown-Soler, Elena",Duke,ACC,400m,2021,4,,,53.83,s,NCAA East Regional,2021-05-29,,,,Outdoor,https://s3.us-east-2.amazonaws.com/sidearm.nextgen.sites/goduke.com/documents/2022/1/27/2021_22TFXCMediaGuide.pdf,legacy_source_needs_review
"Crean, Jenna",Duke,ACC,400m,2021,1,,,54.5,s,NCAA East Regional,2021-05-29,,,,Outdoor,https://s3.us-east-2.amazonaws.com/sidearm.nextgen.sites/goduke.com/documents/2022/1/27/2021_22TFXCMediaGuide.pdf,legacy_source_needs_review
"Sule, Iman",Duke,ACC,400m,2021,4,,,52.64,s,NCAA East Regional,2021-05-29,,,,Outdoor,https://s3.us-east-2.amazonaws.com/sidearm.nextgen.sites/goduke.com/documents/2022/1/27/2021_22TFXCMediaGuide.pdf,legacy_source_needs_review
"Aveni, Brittany",Duke,ACC,400m,2021,4,,,51.77,s,NCAA Division I Track & Field Championships,2021-06-09,,,,Outdoor,https://www.tfrrs.org/results/70445/4276119/NCAA_Division_I_Track__Field_Championships/400-Meters,TFRRS all_performances
"Aveni, Brittany",Duke,ACC,400m,2021,4,,,51.92,s,NCAA Division I Track & Field Championships,2021-06-09,,,,Outdoor,https://www.tfrrs.org/results/70445/4276119/NCAA_Division_I_Track__Field_Championships/400-Meters,TFRRS all_performances
"Madson, Ella",Florida State,ACC,400m,2021,1,,,59.15,s,UF Tom Jones Invitational,2021-04-16,,,,Outdoor,https://www.tfrrs.org/results/68975/4206581/UF_Tom_Jones_Invitational/400-Meters,TFRRS all_performances
"Klein, Ava",Florida State,ACC,400m,2021,1,,,1:00.26,s,North Florida Invite,2021-04-29,,,,Outdoor,https://www.tfrrs.org/results/66066/4238772/North_Florida_Invite/400-Meters,TFRRS all_performances
"Best, Ashlan",Stanford,ACC,400m,2021,3,,,54.54,s,Hornet Invite 2021,2021-03-20,,,,Outdoor,https://www.tfrrs.org/results/67473/4130014/Hornet_Invite_2021/400-Meters,TFRRS all_performances
"Walker, Sarah",Stanford,ACC,400m,2021,3,,,58.64,s,Hornet Invite 2021,2021-03-20,,,,Outdoor,https://www.tfrrs.org/results/67473/4130014/Hornet_Invite_2021/400-Meters,TFRRS all_performances
"Wilson, Carolyn",Stanford,ACC,400m,2021,3,,,57.06,s,Hornet Invite 2021,2021-03-20,,,,Outdoor,https://www.tfrrs.org/results/67473/4130014/Hornet_Invite_2021/400-Meters,TFRRS all_performances
"Best, Ashlan",Stanford,ACC,400m,2021,3,,,54.09,s,2021 West Coast Classic- Arizona,2021-04-17,,,,Outdoor,https://www.tfrrs.org/results/68926/4209685/2021_West_Coast_Classic-_Arizona/400-Meters,TFRRS all_performances
"Best, Ashlan",Stanford,ACC,400m,2021,3,,,54.59,s,Pac-12 Track & Field Championships,2021-05-14,,,,Outdoor,https://www.tfrrs.org/results/69474/4267147/Pac-12_Track__Field_Championships/400-Meters,TFRRS all_performances
"Comella, Abby",Virginia,ACC,400m,2021,1,,,57.86,s,UVA Opener,2021-03-20,,,,Outdoor,https://www.tfrrs.org/results/68444/4129636/UVA_Opener/400-Meters,TFRRS all_performances
"Hazzard, Halle",Virginia,ACC,400m,2021,3,,,56.88,s,UVA Opener,2021-03-20,,,,Outdoor,https://www.tfrrs.org/results/68444/4129636/UVA_Opener/400-Meters,TFRRS all_performances
"Sabbakhan, Alahna",Virginia,ACC,400m,2021,1,,,57.65,s,UVA Opener,2021-03-20,,,,Outdoor,https://www.tfrrs.org/results/68444/4129636/UVA_Opener/400-Meters,TFRRS all_performances
"Seaman, Jada",Virginia,ACC,400m,2021,1,,,55.48,s,UVA Opener,2021-03-20,,,,Outdoor,https://www.tfrrs.org/results/68444/4129636/UVA_Opener/400-Meters,TFRRS all_performances
"Seasholtz, Keara",Virginia,ACC,400m,2021,1,,,56.92,s,UVA Opener,2021-03-20,,,,Outdoor,https://www.tfrrs.org/results/68444/4129636/UVA_Opener/400-Meters,TFRRS all_performances
"Jefferson, Anna",Virginia,ACC,400m,2021,4,,,53.90,s,Raleigh Relays,2021-03-25,,,,Outdoor,https://www.tfrrs.org/results/67406/4147257/Raleigh_Relays/400-Meters,TFRRS all_performances
"Comella, Abby",Virginia,ACC,400m,2021,1,,,56.44,s,Virginia Invitational,2021-04-02,,,,Outdoor,https://www.tfrrs.org/results/69037/4167637/Virginia_Invitational/400-Meters,TFRRS all_performances
"Parenchuk, Anzhelika",Virginia,ACC,400m,2021,1,,,56.74,s,Virginia Invitational,2021-04-02,,,,Outdoor,https://www.tfrrs.org/results/69037/4167637/Virginia_Invitational/400-Meters,TFRRS all_performances
"Sabbakhan, Alahna",Virginia,ACC,400m,2021,1,,,57.45,s,Virginia Invitational,2021-04-02,,,,Outdoor,https://www.tfrrs.org/results/69037/4167637/Virginia_Invitational/400-Meters,TFRRS all_performances
"Comella, Abby",Virginia,ACC,400m,2021,1,,,56.47,s,Virginia Challenge,2021-04-16,,,,Outdoor,https://www.tfrrs.org/results/69581/4206739/Virginia_Challenge/400-Meters,TFRRS all_performances
"Jefferson, Anna",Virginia,ACC,400m,2021,4,,,55.66,s,Virginia Challenge,2021-04-16,,,,Outdoor,https://www.tfrrs.org/results/69581/4206739/Virginia_Challenge/400-Meters,TFRRS all_performances
"Parenchuk, Anzhelika",Virginia,ACC,400m,2021,1,,,55.59,s,Virginia Challenge,2021-04-16,,,,Outdoor,https://www.tfrrs.org/results/69581/4206739/Virginia_Challenge/400-Meters,TFRRS all_performances
"Comella, Abby",Virginia,ACC,400m,2021,1,,,59.37,s,Virginia Grand Prix,2021-05-01,,,,Outdoor,https://www.tfrrs.org/results/70041/4243921/Virginia_Grand_Prix/400-Meters,TFRRS all_performances
"Jefferson, Anna",Virginia,ACC,400m,2021,4,,,55.10,s,Virginia Grand Prix,2021-05-01,,,,Outdoor,https://www.tfrrs.org/results/70041/4243921/Virginia_Grand_Prix/400-Meters,TFRRS all_performances
"Jefferson, Anna",Virginia,ACC,400m,2021,4,,,54.52,s,ACC Outdoor Track & Field Championships,2021-05-13,,,,Outdoor,https://www.tfrrs.org/results/69885/4265131/ACC_Outdoor_Track__Field_Championships/400-Meters,TFRRS all_performances
"Parenchuk, Anzhelika",Virginia,ACC,400m,2021,1,,,56.65,s,ACC Outdoor Track & Field Championships,2021-05-13,,,,Outdoor,https://www.tfrrs.org/results/69885/4265131/ACC_Outdoor_Track__Field_Championships/400-Meters,TFRRS all_performances
"Jefferson, Anna",Virginia,ACC,400m,2021,4,,,54.34,s,NCAA Division I East Preliminary Round,2021-05-26,,,,Outdoor,https://www.tfrrs.org/results/70390/4273634/NCAA_Division_I_East_Preliminary_Round/400-Meters,TFRRS all_performances
"Blockburger, Alyssa",Arizona,Big 12,400m,2021,1,,,55.81,seconds,2021 Willie Williams Classic/Dave Murray Distance Carnival,2021-03-19,,,,Outdoor,https://www.tfrrs.org/results/67898/4129565/2021_Willie_Williams_Classic_Dave_Murray_Distance_Carnival/400-Meters,TFRRS all_performances
"Meisberger, Shannon",Arizona,Big 12,400m,2021,3,,,53.11,seconds,2021 Willie Williams Classic/Dave Murray Distance Carnival,2021-03-19,,,,Outdoor,https://www.tfrrs.org/results/67898/4129565/2021_Willie_Williams_Classic_Dave_Murray_Distance_Carnival/400-Meters,TFRRS all_performances
"Montgomery, Athena",Arizona,Big 12,400m,2021,1,,,56.85,seconds,2021 Willie Williams Classic/Dave Murray Distance Carnival,2021-03-19,,,,Outdoor,https://www.tfrrs.org/results/67898/4129565/2021_Willie_Williams_Classic_Dave_Murray_Distance_Carnival/400-Meters,TFRRS all_performances
"Reinholz, Grace",Arizona,Big 12,400m,2021,1,,,57.23,seconds,2021 Willie Williams Classic/Dave Murray Distance Carnival,2021-03-19,,,,Outdoor,https://www.tfrrs.org/results/67898/4129565/2021_Willie_Williams_Classic_Dave_Murray_Distance_Carnival/400-Meters,TFRRS all_performances
"Meisberger, Shannon",Arizona,Big 12,400m,2021,3,,,53.89,seconds,42nd Aztec Invitational,2021-03-25,,,,Outdoor,https://www.tfrrs.org/results/67907/4150119/42nd_Aztec_Invitational/400-Meters,TFRRS all_performances
"Montgomery, Athena",Arizona,Big 12,400m,2021,1,,,58.00,seconds,42nd Aztec Invitational,2021-03-25,,,,Outdoor,https://www.tfrrs.org/results/67907/4150119/42nd_Aztec_Invitational/400-Meters,TFRRS all_performances
"Reinholz, Grace",Arizona,Big 12,400m,2021,1,,,56.26,seconds,42nd Aztec Invitational,2021-03-25,,,,Outdoor,https://www.tfrrs.org/results/67907/4150119/42nd_Aztec_Invitational/400-Meters,TFRRS all_performances
"Rhett, Morgan",Arizona,Big 12,400m,2021,1,,,1:00.36,seconds,42nd Aztec Invitational,2021-03-25,,,,Outdoor,https://www.tfrrs.org/results/67907/4150119/42nd_Aztec_Invitational/400-Meters,TFRRS all_performances
"Reinholz, Grace",Arizona,Big 12,400m,2021,1,,,56.30,seconds,2021 Jim Click Shootout,2021-04-10,,,,Outdoor,https://www.tfrrs.org/results/68576/4188074/2021_Jim_Click_Shootout/400-Meters,TFRRS all_performances
"Reinholz, Grace",Arizona,Big 12,400m,2021,1,,,56.86,seconds,2021 West Coast Classic- Arizona,2021-04-17,,,,Outdoor,https://www.tfrrs.org/results/68926/4209685/2021_West_Coast_Classic-_Arizona/400-Meters,TFRRS all_performances
"Reinholz, Grace",Arizona,Big 12,400m,2021,1,,,56.24,seconds,2021 Desert Heat Classic,2021-05-01,,,,Outdoor,https://www.tfrrs.org/results/69643/4244650/2021_Desert_Heat_Classic/400-Meters,TFRRS all_performances
"Reinholz, Grace",Arizona,Big 12,400m,2021,1,,,56.55,seconds,Pac-12 Track & Field Championships,2021-05-14,,,,Outdoor,https://www.tfrrs.org/results/69474/4267147/Pac-12_Track__Field_Championships/400-Meters,TFRRS all_performances
"Bolli, Layne",BYU,Big 12,400m,2021,1,,,58.06,seconds,UNLV Spring Invitational & Sheila Tarr-Smith Multis,2021-03-18,,,,Outdoor,https://www.tfrrs.org/results/68058/4130921/UNLV_Spring_Invitational__Sheila_Tarr-Smith_Multis/400-Meters,TFRRS all_performances
"Hart, Annalise",BYU,Big 12,400m,2021,1,,,59.64,seconds,2021 Aggie Invitational,2021-04-09,,,,Outdoor,https://www.tfrrs.org/results/67857/4185201/2021_Aggie_Invitational/400-Meters,TFRRS all_performances
"Bolli, Layne",BYU,Big 12,400m,2021,1,,,56.80,seconds,2021 Jim Click Shootout,2021-04-10,,,,Outdoor,https://www.tfrrs.org/results/68576/4188074/2021_Jim_Click_Shootout/400-Meters,TFRRS all_performances
"Jensen, Brinn",BYU,Big 12,400m,2021,3,,,55.50,seconds,2021 Jim Click Shootout,2021-04-10,,,,Outdoor,https://www.tfrrs.org/results/68576/4188074/2021_Jim_Click_Shootout/400-Meters,TFRRS all_performances
"Bolli, Layne",BYU,Big 12,400m,2021,1,,,55.99,seconds,2021 BYU Robison Invitational,2021-04-21,,,,Outdoor,https://www.tfrrs.org/results/69827/4228607/2021_BYU_Robison_Invitational/400-Meters,TFRRS all_performances
"Ellsworth, Alena",BYU,Big 12,400m,2021,3,,,53.26,seconds,2021 BYU Robison Invitational,2021-04-21,,,,Outdoor,https://www.tfrrs.org/results/69827/4228607/2021_BYU_Robison_Invitational/400-Meters,TFRRS all_performances
"Hunter, Meghan",BYU,Big 12,400m,2021,1,,,54.39,seconds,2021 BYU Robison Invitational,2021-04-21,,,,Outdoor,https://www.tfrrs.org/results/69827/4228607/2021_BYU_Robison_Invitational/400-Meters,TFRRS all_performances
"Jensen, Brinn",BYU,Big 12,400m,2021,3,,,55.53,seconds,2021 BYU Robison Invitational,2021-04-21,,,,Outdoor,https://www.tfrrs.org/results/69827/4228607/2021_BYU_Robison_Invitational/400-Meters,TFRRS all_performances
"Seymour, Claire",BYU,Big 12,400m,2021,2,,,55.41,seconds,2021 BYU Robison Invitational,2021-04-21,,,,Outdoor,https://www.tfrrs.org/results/69827/4228607/2021_BYU_Robison_Invitational/400-Meters,TFRRS all_performances
"Jensen, Brinn",BYU,Big 12,400m,2021,3,,,55.92,seconds,West Coast Relays,2021-04-30,,,,Outdoor,https://www.tfrrs.org/results/68481/4247353/West_Coast_Relays/400-Meters,TFRRS all_performances
"Jensen, Brinn",BYU,Big 12,400m,2021,3,,,55.92,seconds,Fresno St. West Coast Relays,2021-04-30,,,,Outdoor,https://www.tfrrs.org/results/70021/4240360/Fresno_St_West_Coast_Relays/400-Meters,TFRRS all_performances
"Bingham, Kathryn",BYU,Big 12,400m,2021,1,,,56.79,seconds,2021 BYU Cougar Invitational,2021-05-14,,,,Outdoor,https://www.tfrrs.org/results/70274/4264501/2021_BYU_Cougar_Invitational/400-Meters,TFRRS all_performances
"Jensen, Brinn",BYU,Big 12,400m,2021,3,,,54.73,seconds,2021 BYU Cougar Invitational,2021-05-14,,,,Outdoor,https://www.tfrrs.org/results/70274/4264501/2021_BYU_Cougar_Invitational/400-Meters,TFRRS all_performances
"Perry, Kayla",BYU,Big 12,400m,2021,2,,,56.09,seconds,2021 BYU Cougar Invitational,2021-05-14,,,,Outdoor,https://www.tfrrs.org/results/70274/4264501/2021_BYU_Cougar_Invitational/400-Meters,TFRRS all_performances
"Stewart, Morgan",Baylor,Big 12,400m,2021,3,,,55.90,seconds,UTSA Invitational,2021-03-18,,,,Outdoor,https://www.tfrrs.org/results/67927/4130716/UTSA_Invitational/400-Meters,TFRRS all_performances
"Stewart, Morgan",Baylor,Big 12,400m,2021,3,,,55.46,seconds,93rd Clyde Littlefield Texas Relays,2021-03-25,,,,Outdoor,https://www.tfrrs.org/results/67755/4149938/93rd_Clyde_Littlefield_Texas_Relays/400-Meters,TFRRS all_performances
"Williams, Lily",Baylor,Big 12,400m,2021,1,,,56.26,seconds,93rd Clyde Littlefield Texas Relays,2021-03-25,,,,Outdoor,https://www.tfrrs.org/results/67755/4149938/93rd_Clyde_Littlefield_Texas_Relays/400-Meters,TFRRS all_performances
"Ayers, Mariah",Baylor,Big 12,400m,2021,1,,,55.11,seconds,Baylor Invitational,2021-04-03,,,,Outdoor,https://www.tfrrs.org/results/67986/4169100/Baylor_Invitational/400-Meters,TFRRS all_performances
"Francis, Kavia",Baylor,Big 12,400m,2021,1,,,53.29,seconds,Baylor Invitational,2021-04-03,,,,Outdoor,https://www.tfrrs.org/results/67986/4169100/Baylor_Invitational/400-Meters,TFRRS all_performances
"Miller, Aaliyah",Baylor,Big 12,400m,2021,3,,,53.87,seconds,Baylor Invitational,2021-04-03,,,,Outdoor,https://www.tfrrs.org/results/67986/4169100/Baylor_Invitational/400-Meters,TFRRS all_performances
"Sanders, Tontyana",Baylor,Big 12,400m,2021,3,,,56.08,seconds,Baylor Invitational,2021-04-03,,,,Outdoor,https://www.tfrrs.org/results/67986/4169100/Baylor_Invitational/400-Meters,TFRRS all_performances
"Francis, Kavia",Baylor,Big 12,400m,2021,1,,,54.00,seconds,Michael Johnson Invitational,2021-04-16,,,,Outdoor,https://www.tfrrs.org/results/68122/4209487/Michael_Johnson_Invitational/400-Meters,TFRRS all_performances
"Sanders, Tontyana",Baylor,Big 12,400m,2021,3,,,57.09,seconds,Michael Johnson Invitational,2021-04-16,,,,Outdoor,https://www.tfrrs.org/results/68122/4209487/Michael_Johnson_Invitational/400-Meters,TFRRS all_performances
"Williams, Lily",Baylor,Big 12,400m,2021,1,,,57.94,seconds,Michael Johnson Invitational,2021-04-16,,,,Outdoor,https://www.tfrrs.org/results/68122/4209487/Michael_Johnson_Invitational/400-Meters,TFRRS all_performances
"Williams, Lily",Baylor,Big 12,400m,2021,1,,,56.79,seconds,LSU Alumni Gold,2021-04-23,,,,Outdoor,https://www.tfrrs.org/results/69204/4225224/LSU_Alumni_Gold/400-Meters,TFRRS all_performances
"Francis, Kavia",Baylor,Big 12,400m,2021,1,,,52.65,seconds,Big 12 Championships,2021-05-14,,,,Outdoor,https://www.tfrrs.org/results/70288/4266357/Big_12_Championships/400-Meters,TFRRS all_performances
"Francis, Kavia",Baylor,Big 12,400m,2021,1,,,52.96,seconds,Big 12 Championships,2021-05-14,,,,Outdoor,https://www.tfrrs.org/results/70288/4266357/Big_12_Championships/400-Meters,TFRRS all_performances
"Minor, Arria",Baylor,Big 12,400m,2021,1,,,53.30,seconds,Big 12 Championships,2021-05-14,,,,Outdoor,https://www.tfrrs.org/results/70288/4266357/Big_12_Championships/400-Meters,TFRRS all_performances
"Minor, Arria",Baylor,Big 12,400m,2021,1,,,53.41,seconds,Big 12 Championships,2021-05-14,,,,Outdoor,https://www.tfrrs.org/results/70288/4266357/Big_12_Championships/400-Meters,TFRRS all_performances
"Sanders, Tontyana",Baylor,Big 12,400m,2021,3,,,56.79,seconds,Big 12 Championships,2021-05-14,,,,Outdoor,https://www.tfrrs.org/results/70288/4266357/Big_12_Championships/400-Meters,TFRRS all_performances
"Williams, Lily",Baylor,Big 12,400m,2021,1,,,57.53,seconds,Big 12 Championships,2021-05-14,,,,Outdoor,https://www.tfrrs.org/results/70288/4266357/Big_12_Championships/400-Meters,TFRRS all_performances
"Francis, Kavia",Baylor,Big 12,400m,2021,1,,,53.03,seconds,NCAA Division I West Preliminary Round,2021-05-26,,,,Outdoor,https://www.tfrrs.org/results/70371/4272770/NCAA_Division_I_West_Preliminary_Round/400-Meters,TFRRS all_performances
"Francis, Kavia",Baylor,Big 12,400m,2021,1,,,53.34,seconds,NCAA Division I West Preliminary Round,2021-05-26,,,,Outdoor,https://www.tfrrs.org/results/70371/4272770/NCAA_Division_I_West_Preliminary_Round/400-Meters,TFRRS all_performances
"Minor, Arria",Baylor,Big 12,400m,2021,1,,,53.70,seconds,NCAA Division I West Preliminary Round,2021-05-26,,,,Outdoor,https://www.tfrrs.org/results/70371/4272770/NCAA_Division_I_West_Preliminary_Round/400-Meters,TFRRS all_performances
"Amos, Zakiyah",Iowa State,Big 12,400m,2021,2,,,55.06,seconds,Pepsi Florida Relays,2021-04-02,,,,Outdoor,https://www.tfrrs.org/results/68395/4166914/Pepsi_Florida_Relays/400-Meters,TFRRS all_performances
"Amos, Zakiyah",Iowa State,Big 12,400m,2021,2,,,55.80,seconds,Michael Johnson Invitational,2021-04-16,,,,Outdoor,https://www.tfrrs.org/results/68122/4209487/Michael_Johnson_Invitational/400-Meters,TFRRS all_performances
"Amos, Zakiyah",Iowa State,Big 12,400m,2021,2,,,56.49,seconds,Rock Chalk Classic,2021-04-30,,,,Outdoor,https://www.tfrrs.org/results/70035/4241821/Rock_Chalk_Classic/400-Meters,TFRRS all_performances
"Amos, Zakiyah",Iowa State,Big 12,400m,2021,2,,,55.59,seconds,Big 12 Championships,2021-05-14,,,,Outdoor,https://www.tfrrs.org/results/70288/4266357/Big_12_Championships/400-Meters,TFRRS all_performances
"Archer, Joanna",Texas Tech,Big 12,400m,2021,2,,,55.93,seconds,Wes Kittley Invitational & Multi,2021-03-18,,,,Outdoor,https://www.tfrrs.org/results/66563/4130137/Wes_Kittley_Invitational__Multi/400-Meters,TFRRS all_performances
"Crawford, Amanda",Texas Tech,Big 12,400m,2021,4,,,55.95,seconds,Wes Kittley Invitational & Multi,2021-03-18,,,,Outdoor,https://www.tfrrs.org/results/66563/4130137/Wes_Kittley_Invitational__Multi/400-Meters,TFRRS all_performances
"Limp, Sara",Texas Tech,Big 12,400m,2021,4,,,53.89,seconds,Wes Kittley Invitational & Multi,2021-03-18,,,,Outdoor,https://www.tfrrs.org/results/66563/4130137/Wes_Kittley_Invitational__Multi/400-Meters,TFRRS all_performances
"Lester, Kiara",Texas Tech,Big 12,400m,2021,4,,,56.36,seconds,93rd Clyde Littlefield Texas Relays,2021-03-25,,,,Outdoor,https://www.tfrrs.org/results/67755/4149938/93rd_Clyde_Littlefield_Texas_Relays/400-Meters,TFRRS all_performances
"Crawford, Amanda",Texas Tech,Big 12,400m,2021,4,,,53.70,seconds,Masked Rider Open,2021-04-09,,,,Outdoor,https://www.tfrrs.org/results/69306/4187182/Masked_Rider_Open/400-Meters,TFRRS all_performances
"Lester, Kiara",Texas Tech,Big 12,400m,2021,4,,,53.99,seconds,Masked Rider Open,2021-04-09,,,,Outdoor,https://www.tfrrs.org/results/69306/4187182/Masked_Rider_Open/400-Meters,TFRRS all_performances
"Limp, Sara",Texas Tech,Big 12,400m,2021,4,,,52.72,seconds,Masked Rider Open,2021-04-09,,,,Outdoor,https://www.tfrrs.org/results/69306/4187182/Masked_Rider_Open/400-Meters,TFRRS all_performances
"Crawford, Amanda",Texas Tech,Big 12,400m,2021,4,,,55.13,seconds,Michael Johnson Invitational,2021-04-16,,,,Outdoor,https://www.tfrrs.org/results/68122/4209487/Michael_Johnson_Invitational/400-Meters,TFRRS all_performances
"Lester, Kiara",Texas Tech,Big 12,400m,2021,4,,,56.19,seconds,Michael Johnson Invitational,2021-04-16,,,,Outdoor,https://www.tfrrs.org/results/68122/4209487/Michael_Johnson_Invitational/400-Meters,TFRRS all_performances
"Warden, Jadsia",Texas Tech,Big 12,400m,2021,4,,,55.48,seconds,Michael Johnson Invitational,2021-04-16,,,,Outdoor,https://www.tfrrs.org/results/68122/4209487/Michael_Johnson_Invitational/400-Meters,TFRRS all_performances
"Archer, Joanna",Texas Tech,Big 12,400m,2021,2,,,54.06,seconds,Texas Tech Open,2021-04-23,,,,Outdoor,https://www.tfrrs.org/results/69830/4226870/Texas_Tech_Open/400-Meters,TFRRS all_performances
"Crawford, Amanda",Texas Tech,Big 12,400m,2021,4,,,52.95,seconds,Corky/Crofoot Shootout,2021-04-30,,,,Outdoor,https://www.tfrrs.org/results/70044/4244104/Corky_Crofoot_Shootout/400-Meters,TFRRS all_performances
"Dubarry-Gay, Nayanna",Texas Tech,Big 12,400m,2021,1,,,55.70,seconds,Corky/Crofoot Shootout,2021-04-30,,,,Outdoor,https://www.tfrrs.org/results/70044/4244104/Corky_Crofoot_Shootout/400-Meters,TFRRS all_performances
"Lester, Kiara",Texas Tech,Big 12,400m,2021,4,,,53.79,seconds,Corky/Crofoot Shootout,2021-04-30,,,,Outdoor,https://www.tfrrs.org/results/70044/4244104/Corky_Crofoot_Shootout/400-Meters,TFRRS all_performances
"Limp, Sara",Texas Tech,Big 12,400m,2021,4,,,52.18,seconds,Corky/Crofoot Shootout,2021-04-30,,,,Outdoor,https://www.tfrrs.org/results/70044/4244104/Corky_Crofoot_Shootout/400-Meters,TFRRS all_performances
"Warden, Jadsia",Texas Tech,Big 12,400m,2021,4,,,53.72,seconds,Corky/Crofoot Shootout,2021-04-30,,,,Outdoor,https://www.tfrrs.org/results/70044/4244104/Corky_Crofoot_Shootout/400-Meters,TFRRS all_performances
"Crawford, Amanda",Texas Tech,Big 12,400m,2021,4,,,53.83,seconds,Big 12 Championships,2021-05-14,,,,Outdoor,https://www.tfrrs.org/results/70288/4266357/Big_12_Championships/400-Meters,TFRRS all_performances
"Dubarry-Gay, Nayanna",Texas Tech,Big 12,400m,2021,1,,,55.45,seconds,Big 12 Championships,2021-05-14,,,,Outdoor,https://www.tfrrs.org/results/70288/4266357/Big_12_Championships/400-Meters,TFRRS all_performances
"Lester, Kiara",Texas Tech,Big 12,400m,2021,4,,,55.88,seconds,Big 12 Championships,2021-05-14,,,,Outdoor,https://www.tfrrs.org/results/70288/4266357/Big_12_Championships/400-Meters,TFRRS all_performances
"Limp, Sara",Texas Tech,Big 12,400m,2021,4,,,52.93,seconds,Big 12 Championships,2021-05-14,,,,Outdoor,https://www.tfrrs.org/results/70288/4266357/Big_12_Championships/400-Meters,TFRRS all_performances
"Limp, Sara",Texas Tech,Big 12,400m,2021,4,,,53.00,seconds,Big 12 Championships,2021-05-14,,,,Outdoor,https://www.tfrrs.org/results/70288/4266357/Big_12_Championships/400-Meters,TFRRS all_performances
"Warden, Jadsia",Texas Tech,Big 12,400m,2021,4,,,53.70,seconds,Big 12 Championships,2021-05-14,,,,Outdoor,https://www.tfrrs.org/results/70288/4266357/Big_12_Championships/400-Meters,TFRRS all_performances
"Crawford, Amanda",Texas Tech,Big 12,400m,2021,4,,,55.09,seconds,NCAA Division I West Preliminary Round,2021-05-26,,,,Outdoor,https://www.tfrrs.org/results/70371/4272770/NCAA_Division_I_West_Preliminary_Round/400-Meters,TFRRS all_performances
"Lester, Kiara",Texas Tech,Big 12,400m,2021,4,,,55.84,seconds,NCAA Division I West Preliminary Round,2021-05-26,,,,Outdoor,https://www.tfrrs.org/results/70371/4272770/NCAA_Division_I_West_Preliminary_Round/400-Meters,TFRRS all_performances
"Limp, Sara",Texas Tech,Big 12,400m,2021,4,,,52.60,seconds,NCAA Division I West Preliminary Round,2021-05-26,,,,Outdoor,https://www.tfrrs.org/results/70371/4272770/NCAA_Division_I_West_Preliminary_Round/400-Meters,TFRRS all_performances
"Limp, Sara",Texas Tech,Big 12,400m,2021,4,,,52.65,seconds,NCAA Division I West Preliminary Round,2021-05-26,,,,Outdoor,https://www.tfrrs.org/results/70371/4272770/NCAA_Division_I_West_Preliminary_Round/400-Meters,TFRRS all_performances
"Warden, Jadsia",Texas Tech,Big 12,400m,2021,4,,,54.53,seconds,NCAA Division I West Preliminary Round,2021-05-26,,,,Outdoor,https://www.tfrrs.org/results/70371/4272770/NCAA_Division_I_West_Preliminary_Round/400-Meters,TFRRS all_performances
"Stoughton, Danni",Illinois,Big Ten,400m,2021,1,,,57.93,seconds,Big Ten Invite #1,2021-03-26,,,,Outdoor,https://www.tfrrs.org/results/67820/4148921/Big_Ten_Invite_1/400-Meters,TFRRS all_performances
"McDowell, Jessica",Illinois,Big Ten,400m,2021,1,,,55.30,seconds,2021 B1G North Florida Invitational,2021-04-02,,,,Outdoor,https://www.tfrrs.org/results/68310/4169314/2021_B1G_North_Florida_Invitational_/400-Meters,TFRRS all_performances
"Nwoko, Chisom",Illinois,Big Ten,400m,2021,4,,,57.51,seconds,2021 B1G North Florida Invitational,2021-04-02,,,,Outdoor,https://www.tfrrs.org/results/68310/4169319/2021_B1G_North_Florida_Invitational_/400-Meters,TFRRS all_performances
"Phillips, Felicia",Illinois,Big Ten,400m,2021,4,,,56.86,seconds,2021 B1G North Florida Invitational,2021-04-02,,,,Outdoor,https://www.tfrrs.org/results/68310/4169314/2021_B1G_North_Florida_Invitational_/400-Meters,TFRRS all_performances
"Stoughton, Danni",Illinois,Big Ten,400m,2021,1,,,59.89,seconds,2021 B1G North Florida Invitational,2021-04-02,,,,Outdoor,https://www.tfrrs.org/results/68310/4169314/2021_B1G_North_Florida_Invitational_/400-Meters,TFRRS all_performances
"Nwoko, Chisom",Illinois,Big Ten,400m,2021,4,,,55.72,seconds,Big Ten Invite #2,2021-04-09,,,,Outdoor,https://www.tfrrs.org/results/67821/4183521/Big_Ten_Invite_2/400-Meters,TFRRS all_performances
"Stoughton, Danni",Illinois,Big Ten,400m,2021,1,,,57.61,seconds,Big Ten Invite #2,2021-04-09,,,,Outdoor,https://www.tfrrs.org/results/67821/4183521/Big_Ten_Invite_2/400-Meters,TFRRS all_performances
"McDowell, Jessica",Illinois,Big Ten,400m,2021,1,,,53.71,seconds,Husker Big 10 Invite,2021-04-16,,,,Outdoor,https://www.tfrrs.org/results/68125/4208815/Husker_Big_10_Invite/400-Meters,TFRRS all_performances
"Nwoko, Chisom",Illinois,Big Ten,400m,2021,4,,,57.56,seconds,Husker Big 10 Invite,2021-04-16,,,,Outdoor,https://www.tfrrs.org/results/68125/4208815/Husker_Big_10_Invite/400-Meters,TFRRS all_performances
"Phillips, Felicia",Illinois,Big Ten,400m,2021,4,,,56.59,seconds,Husker Big 10 Invite,2021-04-16,,,,Outdoor,https://www.tfrrs.org/results/68125/4208815/Husker_Big_10_Invite/400-Meters,TFRRS all_performances
"Stoughton, Danni",Illinois,Big Ten,400m,2021,1,,,58.06,seconds,Husker Big 10 Invite,2021-04-16,,,,Outdoor,https://www.tfrrs.org/results/68125/4208815/Husker_Big_10_Invite/400-Meters,TFRRS all_performances
"McDowell, Jessica",Illinois,Big Ten,400m,2021,1,,,54.28,seconds,Fighting Illini Big Ten Relays,2021-04-23,,,,Outdoor,https://www.tfrrs.org/results/69823/4225385/Fighting_Illini_Big_Ten_Relays/400-Meters,TFRRS all_performances
"Phillips, Felicia",Illinois,Big Ten,400m,2021,4,,,58.30,seconds,Fighting Illini Big Ten Relays,2021-04-23,,,,Outdoor,https://www.tfrrs.org/results/69823/4225385/Fighting_Illini_Big_Ten_Relays/400-Meters,TFRRS all_performances
"Stoughton, Danni",Illinois,Big Ten,400m,2021,1,,,59.02,seconds,Fighting Illini Big Ten Relays,2021-04-23,,,,Outdoor,https://www.tfrrs.org/results/69823/4225385/Fighting_Illini_Big_Ten_Relays/400-Meters,TFRRS all_performances
"McDowell, Jessica",Illinois,Big Ten,400m,2021,1,,,53.37,seconds,M City Classic,2021-04-30,,,,Outdoor,https://www.tfrrs.org/results/69500/4241454/M_City_Classic/400-Meters,TFRRS all_performances
"Nwoko, Chisom",Illinois,Big Ten,400m,2021,4,,,55.34,seconds,M City Classic,2021-04-30,,,,Outdoor,https://www.tfrrs.org/results/69500/4241454/M_City_Classic/400-Meters,TFRRS all_performances
"Stoughton, Danni",Illinois,Big Ten,400m,2021,1,,,57.72,seconds,M City Classic,2021-04-30,,,,Outdoor,https://www.tfrrs.org/results/69500/4241454/M_City_Classic/400-Meters,TFRRS all_performances
"McDowell, Jessica",Illinois,Big Ten,400m,2021,1,,,52.91,seconds,Big Ten Outdoor Track & Field Championships,2021-05-14,,,,Outdoor,https://www.tfrrs.org/results/70289/4266602/Big_Ten_Outdoor_Track__Field_Championships/400-Meters,TFRRS all_performances
"McDowell, Jessica",Illinois,Big Ten,400m,2021,1,,,53.60,seconds,Big Ten Outdoor Track & Field Championships,2021-05-14,,,,Outdoor,https://www.tfrrs.org/results/70289/4266602/Big_Ten_Outdoor_Track__Field_Championships/400-Meters,TFRRS all_performances
"Nwoko, Chisom",Illinois,Big Ten,400m,2021,4,,,56.01,seconds,Big Ten Outdoor Track & Field Championships,2021-05-14,,,,Outdoor,https://www.tfrrs.org/results/70289/4266602/Big_Ten_Outdoor_Track__Field_Championships/400-Meters,TFRRS all_performances
"Stoughton, Danni",Illinois,Big Ten,400m,2021,1,,,57.92,seconds,Big Ten Outdoor Track & Field Championships,2021-05-14,,,,Outdoor,https://www.tfrrs.org/results/70289/4266602/Big_Ten_Outdoor_Track__Field_Championships/400-Meters,TFRRS all_performances
"McDowell, Jessica",Illinois,Big Ten,400m,2021,1,,,54.15,seconds,NCAA Division I West Preliminary Round,2021-05-26,,,,Outdoor,https://www.tfrrs.org/results/70371/4272770/NCAA_Division_I_West_Preliminary_Round/400-Meters,TFRRS all_performances
"Clarke, Ramonia",Nebraska,Big Ten,400m,2021,1,,,1:00.56,seconds,2021 B1G North Florida Invitational,2021-04-02,,,,Outdoor,https://www.tfrrs.org/results/68310/4169314/2021_B1G_North_Florida_Invitational_/400-Meters,TFRRS all_performances
"Hugg, Kayla",Nebraska,Big Ten,400m,2021,2,,,56.75,seconds,2021 B1G North Florida Invitational,2021-04-02,,,,Outdoor,https://www.tfrrs.org/results/68310/4169314/2021_B1G_North_Florida_Invitational_/400-Meters,TFRRS all_performances
"McCall, Trinity",Nebraska,Big Ten,400m,2021,1,,,1:02.24,seconds,2021 B1G North Florida Invitational,2021-04-02,,,,Outdoor,https://www.tfrrs.org/results/68310/4169319/2021_B1G_North_Florida_Invitational_/400-Meters,TFRRS all_performances
"Clarke, Ramonia",Nebraska,Big Ten,400m,2021,1,,,59.07,seconds,Big Ten Invite #4 - Billy Hayes Invite,2021-05-01,,,,Outdoor,https://www.tfrrs.org/results/65969/4244161/Big_Ten_Invite_4_-_Billy_Hayes_Invite/400-Meters,TFRRS all_performances
"Hugg, Kayla",Nebraska,Big Ten,400m,2021,2,,,53.52,seconds,Big Ten Invite #4 - Billy Hayes Invite,2021-05-01,,,,Outdoor,https://www.tfrrs.org/results/65969/4244161/Big_Ten_Invite_4_-_Billy_Hayes_Invite/400-Meters,TFRRS all_performances
"Hugg, Kayla",Nebraska,Big Ten,400m,2021,2,,,54.84,seconds,Big Ten Outdoor Track & Field Championships,2021-05-14,,,,Outdoor,https://www.tfrrs.org/results/70289/4266602/Big_Ten_Outdoor_Track__Field_Championships/400-Meters,TFRRS all_performances
"Hugg, Kayla",Nebraska,Big Ten,400m,2021,2,,,54.38,seconds,NCAA Division I West Preliminary Round,2021-05-26,,,,Outdoor,https://www.tfrrs.org/results/70371/4272770/NCAA_Division_I_West_Preliminary_Round/400-Meters,TFRRS all_performances
"Beauvais, Gabriella",Oregon,Big Ten,400m,2021,4,,,54.79,seconds,2021 West Coast Classic- Arizona,2021-04-17,,,,Outdoor,https://www.tfrrs.org/results/68926/4209685/2021_West_Coast_Classic-_Arizona/400-Meters,TFRRS all_performances
"Brown, Iman",Oregon,Big Ten,400m,2021,3,,,54.42,seconds,2021 West Coast Classic- Arizona,2021-04-17,,,,Outdoor,https://www.tfrrs.org/results/68926/4209685/2021_West_Coast_Classic-_Arizona/400-Meters,TFRRS all_performances
"Moerck, Mia",Oregon,Big Ten,400m,2021,2,,,57.27,seconds,Oregon Twilight,2021-05-07,,,,Outdoor,https://www.tfrrs.org/results/69460/4254901/Oregon_Twilight/400-Meters,TFRRS all_performances
"Beauvais, Gabriella",Oregon,Big Ten,400m,2021,4,,,55.83,seconds,Pac-12 Track & Field Championships,2021-05-14,,,,Outdoor,https://www.tfrrs.org/results/69474/4267147/Pac-12_Track__Field_Championships/400-Meters,TFRRS all_performances
"Bolton, Megan",Oregon,Big Ten,400m,2021,2,,,53.90,seconds,Pac-12 Track & Field Championships,2021-05-14,,,,Outdoor,https://www.tfrrs.org/results/69474/4267147/Pac-12_Track__Field_Championships/400-Meters,TFRRS all_performances
"Bolton, Megan",Oregon,Big Ten,400m,2021,2,,,54.21,seconds,Pac-12 Track & Field Championships,2021-05-14,,,,Outdoor,https://www.tfrrs.org/results/69474/4267147/Pac-12_Track__Field_Championships/400-Meters,TFRRS all_performances
"Bolton, Megan",Oregon,Big Ten,400m,2021,2,,,56.03,seconds,NCAA Division I West Preliminary Round,2021-05-26,,,,Outdoor,https://www.tfrrs.org/results/70371/4272770/NCAA_Division_I_West_Preliminary_Round/400-Meters,TFRRS all_performances
"Daly, Jennifer",USC,Big Ten,400m,2021,4,,,59.72,seconds,USC Trojan Invitational,2021-03-19,,,,Outdoor,https://www.tfrrs.org/results/68443/4129405/USC_Trojan_Invitational/400-Meters,TFRRS all_performances
"Okonkwo, Chioma",USC,Big Ten,400m,2021,2,,,56.31,seconds,USC Trojan Invitational,2021-03-19,,,,Outdoor,https://www.tfrrs.org/results/68443/4129405/USC_Trojan_Invitational/400-Meters,TFRRS all_performances
"Russell, Jemima",USC,Big Ten,400m,2021,4,,,56.30,seconds,USC Trojan Invitational,2021-03-19,,,,Outdoor,https://www.tfrrs.org/results/68443/4129405/USC_Trojan_Invitational/400-Meters,TFRRS all_performances
"Serville, Rae-Anne",USC,Big Ten,400m,2021,1,,,53.45,seconds,USC Trojan Invitational,2021-03-19,,,,Outdoor,https://www.tfrrs.org/results/68443/4129405/USC_Trojan_Invitational/400-Meters,TFRRS all_performances
"Brewer, Alyssa",USC,Big Ten,400m,2021,3,,,57.57,seconds,42nd Aztec Invitational,2021-03-25,,,,Outdoor,https://www.tfrrs.org/results/67907/4150119/42nd_Aztec_Invitational/400-Meters,TFRRS all_performances
"Okonkwo, Chioma",USC,Big Ten,400m,2021,2,,,55.74,seconds,42nd Aztec Invitational,2021-03-25,,,,Outdoor,https://www.tfrrs.org/results/67907/4150119/42nd_Aztec_Invitational/400-Meters,TFRRS all_performances
"Paez, Abygail",USC,Big Ten,400m,2021,2,,,57.81,seconds,42nd Aztec Invitational,2021-03-25,,,,Outdoor,https://www.tfrrs.org/results/67907/4150119/42nd_Aztec_Invitational/400-Meters,TFRRS all_performances
"Serville, Rae-Anne",USC,Big Ten,400m,2021,1,,,53.22,seconds,42nd Aztec Invitational,2021-03-25,,,,Outdoor,https://www.tfrrs.org/results/67907/4150119/42nd_Aztec_Invitational/400-Meters,TFRRS all_performances
"Constantine, Kyra",USC,Big Ten,400m,2021,4,,,52.22,seconds,Pepsi Florida Relays,2021-04-02,,,,Outdoor,https://www.tfrrs.org/results/68395/4166914/Pepsi_Florida_Relays/400-Meters,TFRRS all_performances
"Ford, Jan'Taijah",USC,Big Ten,400m,2021,2,,,52.70,seconds,Pepsi Florida Relays,2021-04-02,,,,Outdoor,https://www.tfrrs.org/results/68395/4166914/Pepsi_Florida_Relays/400-Meters,TFRRS all_performances
"Lear, Bailey",USC,Big Ten,400m,2021,3,,,51.57,seconds,Pepsi Florida Relays,2021-04-02,,,,Outdoor,https://www.tfrrs.org/results/68395/4166914/Pepsi_Florida_Relays/400-Meters,TFRRS all_performances
"Roberts, Kaelin",USC,Big Ten,400m,2021,4,,,51.23,seconds,Pepsi Florida Relays,2021-04-02,,,,Outdoor,https://www.tfrrs.org/results/68395/4166914/Pepsi_Florida_Relays/400-Meters,TFRRS all_performances
"Serville, Rae-Anne",USC,Big Ten,400m,2021,1,,,53.67,seconds,Pepsi Florida Relays,2021-04-02,,,,Outdoor,https://www.tfrrs.org/results/68395/4166914/Pepsi_Florida_Relays/400-Meters,TFRRS all_performances
"Yeargin, Nicole",USC,Big Ten,400m,2021,4,,,52.09,seconds,Pepsi Florida Relays,2021-04-02,,,,Outdoor,https://www.tfrrs.org/results/68395/4166914/Pepsi_Florida_Relays/400-Meters,TFRRS all_performances
"Brewer, Alyssa",USC,Big Ten,400m,2021,3,,,56.48,seconds,CAL vs USC Dual,2021-04-10,,,,Outdoor,https://www.tfrrs.org/results/67470/4187029/CAL_vs_USC_Dual_/400-Meters,TFRRS all_performances
"Ford, Jan'Taijah",USC,Big Ten,400m,2021,2,,,52.65,seconds,CAL vs USC Dual,2021-04-10,,,,Outdoor,https://www.tfrrs.org/results/67470/4187029/CAL_vs_USC_Dual_/400-Meters,TFRRS all_performances
"Harris, Kimberly",USC,Big Ten,400m,2021,1,,,52.89,seconds,CAL vs USC Dual,2021-04-10,,,,Outdoor,https://www.tfrrs.org/results/67470/4187029/CAL_vs_USC_Dual_/400-Meters,TFRRS all_performances
"Okonkwo, Chioma",USC,Big Ten,400m,2021,2,,,55.88,seconds,CAL vs USC Dual,2021-04-10,,,,Outdoor,https://www.tfrrs.org/results/67470/4187029/CAL_vs_USC_Dual_/400-Meters,TFRRS all_performances
"Russell, Jemima",USC,Big Ten,400m,2021,3,,,56.13,seconds,CAL vs USC Dual,2021-04-10,,,,Outdoor,https://www.tfrrs.org/results/67470/4187029/CAL_vs_USC_Dual_/400-Meters,TFRRS all_performances
"Bernard-Joseph, Breanna",USC,Big Ten,400m,2021,3,,,54.02,seconds,Long Beach Invitational,2021-04-16,,,,Outdoor,https://www.tfrrs.org/results/69592/4208744/Long_Beach_Invitational/400-Meters,TFRRS all_performances
"Cockrell, Anna",USC,Big Ten,400m,2021,4,,,53.39,seconds,Long Beach Invitational,2021-04-16,,,,Outdoor,https://www.tfrrs.org/results/69592/4208744/Long_Beach_Invitational/400-Meters,TFRRS all_performances
"Constantine, Kyra",USC,Big Ten,400m,2021,4,,,51.85,seconds,Long Beach Invitational,2021-04-16,,,,Outdoor,https://www.tfrrs.org/results/69592/4208744/Long_Beach_Invitational/400-Meters,TFRRS all_performances
"Ford, Jan'Taijah",USC,Big Ten,400m,2021,2,,,52.49,seconds,Long Beach Invitational,2021-04-16,,,,Outdoor,https://www.tfrrs.org/results/69592/4208744/Long_Beach_Invitational/400-Meters,TFRRS all_performances
"Lear, Bailey",USC,Big Ten,400m,2021,3,,,52.50,seconds,Long Beach Invitational,2021-04-16,,,,Outdoor,https://www.tfrrs.org/results/69592/4208744/Long_Beach_Invitational/400-Meters,TFRRS all_performances
"Roberts, Kaelin",USC,Big Ten,400m,2021,4,,,51.85,seconds,Long Beach Invitational,2021-04-16,,,,Outdoor,https://www.tfrrs.org/results/69592/4208744/Long_Beach_Invitational/400-Meters,TFRRS all_performances
"Serville, Rae-Anne",USC,Big Ten,400m,2021,1,,,53.02,seconds,Long Beach Invitational,2021-04-16,,,,Outdoor,https://www.tfrrs.org/results/69592/4208744/Long_Beach_Invitational/400-Meters,TFRRS all_performances
"Constantine, Kyra",USC,Big Ten,400m,2021,4,,,51.58,seconds,UCLA v. USC Dual Meet,2021-05-02,,,,Outdoor,https://www.tfrrs.org/results/68254/4245987/UCLA_v_USC_Dual_Meet/400-Meters,TFRRS all_performances
"Ford, Jan'Taijah",USC,Big Ten,400m,2021,2,,,53.47,seconds,UCLA v. USC Dual Meet,2021-05-02,,,,Outdoor,https://www.tfrrs.org/results/68254/4245987/UCLA_v_USC_Dual_Meet/400-Meters,TFRRS all_performances
"Harris, Kimberly",USC,Big Ten,400m,2021,1,,,52.78,seconds,UCLA v. USC Dual Meet,2021-05-02,,,,Outdoor,https://www.tfrrs.org/results/68254/4245987/UCLA_v_USC_Dual_Meet/400-Meters,TFRRS all_performances
"Lear, Bailey",USC,Big Ten,400m,2021,3,,,51.79,seconds,UCLA v. USC Dual Meet,2021-05-02,,,,Outdoor,https://www.tfrrs.org/results/68254/4245987/UCLA_v_USC_Dual_Meet/400-Meters,TFRRS all_performances
"Roberts, Kaelin",USC,Big Ten,400m,2021,4,,,51.14,seconds,UCLA v. USC Dual Meet,2021-05-02,,,,Outdoor,https://www.tfrrs.org/results/68254/4245987/UCLA_v_USC_Dual_Meet/400-Meters,TFRRS all_performances
"Serville, Rae-Anne",USC,Big Ten,400m,2021,1,,,53.08,seconds,UCLA v. USC Dual Meet,2021-05-02,,,,Outdoor,https://www.tfrrs.org/results/68254/4245987/UCLA_v_USC_Dual_Meet/400-Meters,TFRRS all_performances
"Yeargin, Nicole",USC,Big Ten,400m,2021,4,,,51.99,seconds,UCLA v. USC Dual Meet,2021-05-02,,,,Outdoor,https://www.tfrrs.org/results/68254/4245987/UCLA_v_USC_Dual_Meet/400-Meters,TFRRS all_performances
"Constantine, Kyra",USC,Big Ten,400m,2021,4,,,51.16,seconds,Pac-12 Track & Field Championships,2021-05-14,,,,Outdoor,https://www.tfrrs.org/results/69474/4267147/Pac-12_Track__Field_Championships/400-Meters,TFRRS all_performances
"Constantine, Kyra",USC,Big Ten,400m,2021,4,,,52.20,seconds,Pac-12 Track & Field Championships,2021-05-14,,,,Outdoor,https://www.tfrrs.org/results/69474/4267147/Pac-12_Track__Field_Championships/400-Meters,TFRRS all_performances
"Ford, Jan'Taijah",USC,Big Ten,400m,2021,2,,,52.19,seconds,Pac-12 Track & Field Championships,2021-05-14,,,,Outdoor,https://www.tfrrs.org/results/69474/4267147/Pac-12_Track__Field_Championships/400-Meters,TFRRS all_performances
"Ford, Jan'Taijah",USC,Big Ten,400m,2021,2,,,52.97,seconds,Pac-12 Track & Field Championships,2021-05-14,,,,Outdoor,https://www.tfrrs.org/results/69474/4267147/Pac-12_Track__Field_Championships/400-Meters,TFRRS all_performances
"Harris, Kimberly",USC,Big Ten,400m,2021,1,,,53.46,seconds,Pac-12 Track & Field Championships,2021-05-14,,,,Outdoor,https://www.tfrrs.org/results/69474/4267147/Pac-12_Track__Field_Championships/400-Meters,TFRRS all_performances
"Harris, Kimberly",USC,Big Ten,400m,2021,1,,,53.56,seconds,Pac-12 Track & Field Championships,2021-05-14,,,,Outdoor,https://www.tfrrs.org/results/69474/4267147/Pac-12_Track__Field_Championships/400-Meters,TFRRS all_performances
"Lear, Bailey",USC,Big Ten,400m,2021,3,,,51.67,seconds,Pac-12 Track & Field Championships,2021-05-14,,,,Outdoor,https://www.tfrrs.org/results/69474/4267147/Pac-12_Track__Field_Championships/400-Meters,TFRRS all_performances
"Lear, Bailey",USC,Big Ten,400m,2021,3,,,52.03,seconds,Pac-12 Track & Field Championships,2021-05-14,,,,Outdoor,https://www.tfrrs.org/results/69474/4267147/Pac-12_Track__Field_Championships/400-Meters,TFRRS all_performances
"Serville, Rae-Anne",USC,Big Ten,400m,2021,1,,,53.39,seconds,Pac-12 Track & Field Championships,2021-05-14,,,,Outdoor,https://www.tfrrs.org/results/69474/4267147/Pac-12_Track__Field_Championships/400-Meters,TFRRS all_performances
"Serville, Rae-Anne",USC,Big Ten,400m,2021,1,,,53.64,seconds,Pac-12 Track & Field Championships,2021-05-14,,,,Outdoor,https://www.tfrrs.org/results/69474/4267147/Pac-12_Track__Field_Championships/400-Meters,TFRRS all_performances
"Yeargin, Nicole",USC,Big Ten,400m,2021,4,,,51.39,seconds,Pac-12 Track & Field Championships,2021-05-14,,,,Outdoor,https://www.tfrrs.org/results/69474/4267147/Pac-12_Track__Field_Championships/400-Meters,TFRRS all_performances
"Yeargin, Nicole",USC,Big Ten,400m,2021,4,,,52.17,seconds,Pac-12 Track & Field Championships,2021-05-14,,,,Outdoor,https://www.tfrrs.org/results/69474/4267147/Pac-12_Track__Field_Championships/400-Meters,TFRRS all_performances
"Constantine, Kyra",USC,Big Ten,400m,2021,4,,,51.33,seconds,NCAA Division I West Preliminary Round,2021-05-26,,,,Outdoor,https://www.tfrrs.org/results/70371/4272770/NCAA_Division_I_West_Preliminary_Round/400-Meters,TFRRS all_performances
"Constantine, Kyra",USC,Big Ten,400m,2021,4,,,51.42,seconds,NCAA Division I West Preliminary Round,2021-05-26,,,,Outdoor,https://www.tfrrs.org/results/70371/4272770/NCAA_Division_I_West_Preliminary_Round/400-Meters,TFRRS all_performances
"Ford, Jan'Taijah",USC,Big Ten,400m,2021,2,,,52.02,seconds,NCAA Division I West Preliminary Round,2021-05-26,,,,Outdoor,https://www.tfrrs.org/results/70371/4272770/NCAA_Division_I_West_Preliminary_Round/400-Meters,TFRRS all_performances
"Ford, Jan'Taijah",USC,Big Ten,400m,2021,2,,,52.59,seconds,NCAA Division I West Preliminary Round,2021-05-26,,,,Outdoor,https://www.tfrrs.org/results/70371/4272770/NCAA_Division_I_West_Preliminary_Round/400-Meters,TFRRS all_performances
"Harris, Kimberly",USC,Big Ten,400m,2021,1,,,51.84,seconds,NCAA Division I West Preliminary Round,2021-05-26,,,,Outdoor,https://www.tfrrs.org/results/70371/4272770/NCAA_Division_I_West_Preliminary_Round/400-Meters,TFRRS all_performances
"Harris, Kimberly",USC,Big Ten,400m,2021,1,,,52.50,seconds,NCAA Division I West Preliminary Round,2021-05-26,,,,Outdoor,https://www.tfrrs.org/results/70371/4272770/NCAA_Division_I_West_Preliminary_Round/400-Meters,TFRRS all_performances
"Lear, Bailey",USC,Big Ten,400m,2021,3,,,51.21,seconds,NCAA Division I West Preliminary Round,2021-05-26,,,,Outdoor,https://www.tfrrs.org/results/70371/4272770/NCAA_Division_I_West_Preliminary_Round/400-Meters,TFRRS all_performances
"Lear, Bailey",USC,Big Ten,400m,2021,3,,,51.48,seconds,NCAA Division I West Preliminary Round,2021-05-26,,,,Outdoor,https://www.tfrrs.org/results/70371/4272770/NCAA_Division_I_West_Preliminary_Round/400-Meters,TFRRS all_performances
"Roberts, Kaelin",USC,Big Ten,400m,2021,4,,,50.82,seconds,NCAA Division I West Preliminary Round,2021-05-26,,,,Outdoor,https://www.tfrrs.org/results/70371/4272770/NCAA_Division_I_West_Preliminary_Round/400-Meters,TFRRS all_performances
"Roberts, Kaelin",USC,Big Ten,400m,2021,4,,,52.08,seconds,NCAA Division I West Preliminary Round,2021-05-26,,,,Outdoor,https://www.tfrrs.org/results/70371/4272770/NCAA_Division_I_West_Preliminary_Round/400-Meters,TFRRS all_performances
"Serville, Rae-Anne",USC,Big Ten,400m,2021,1,,,53.40,seconds,NCAA Division I West Preliminary Round,2021-05-26,,,,Outdoor,https://www.tfrrs.org/results/70371/4272770/NCAA_Division_I_West_Preliminary_Round/400-Meters,TFRRS all_performances
"Serville, Rae-Anne",USC,Big Ten,400m,2021,1,,,54.16,seconds,NCAA Division I West Preliminary Round,2021-05-26,,,,Outdoor,https://www.tfrrs.org/results/70371/4272770/NCAA_Division_I_West_Preliminary_Round/400-Meters,TFRRS all_performances
"Yeargin, Nicole",USC,Big Ten,400m,2021,4,,,51.54,seconds,NCAA Division I West Preliminary Round,2021-05-26,,,,Outdoor,https://www.tfrrs.org/results/70371/4272770/NCAA_Division_I_West_Preliminary_Round/400-Meters,TFRRS all_performances
"Yeargin, Nicole",USC,Big Ten,400m,2021,4,,,51.65,seconds,NCAA Division I West Preliminary Round,2021-05-26,,,,Outdoor,https://www.tfrrs.org/results/70371/4272770/NCAA_Division_I_West_Preliminary_Round/400-Meters,TFRRS all_performances
"Constantine, Kyra",USC,Big Ten,400m,2021,4,,,50.87,seconds,NCAA Division I Track & Field Championships,2021-06-09,,,,Outdoor,https://www.tfrrs.org/results/70445/4276119/NCAA_Division_I_Track__Field_Championships/400-Meters,TFRRS all_performances
"Constantine, Kyra",USC,Big Ten,400m,2021,4,,,51.93,seconds,NCAA Division I Track & Field Championships,2021-06-09,,,,Outdoor,https://www.tfrrs.org/results/70445/4276119/NCAA_Division_I_Track__Field_Championships/400-Meters,TFRRS all_performances
"Harris, Kimberly",USC,Big Ten,400m,2021,1,,,52.66,seconds,NCAA Division I Track & Field Championships,2021-06-09,,,,Outdoor,https://www.tfrrs.org/results/70445/4276119/NCAA_Division_I_Track__Field_Championships/400-Meters,TFRRS all_performances
"Lear, Bailey",USC,Big Ten,400m,2021,3,,,51.02,seconds,NCAA Division I Track & Field Championships,2021-06-09,,,,Outdoor,https://www.tfrrs.org/results/70445/4276119/NCAA_Division_I_Track__Field_Championships/400-Meters,TFRRS all_performances
"Lear, Bailey",USC,Big Ten,400m,2021,3,,,51.36,seconds,NCAA Division I Track & Field Championships,2021-06-09,,,,Outdoor,https://www.tfrrs.org/results/70445/4276119/NCAA_Division_I_Track__Field_Championships/400-Meters,TFRRS all_performances
"Roberts, Kaelin",USC,Big Ten,400m,2021,4,,,52.39,seconds,NCAA Division I Track & Field Championships,2021-06-09,,,,Outdoor,https://www.tfrrs.org/results/70445/4276119/NCAA_Division_I_Track__Field_Championships/400-Meters,TFRRS all_performances
"Yeargin, Nicole",USC,Big Ten,400m,2021,4,,,50.96,seconds,NCAA Division I Track & Field Championships,2021-06-09,,,,Outdoor,https://www.tfrrs.org/results/70445/4276119/NCAA_Division_I_Track__Field_Championships/400-Meters,TFRRS all_performances
"Yeargin, Nicole",USC,Big Ten,400m,2021,4,,,51.02,seconds,NCAA Division I Track & Field Championships,2021-06-09,,,,Outdoor,https://www.tfrrs.org/results/70445/4276119/NCAA_Division_I_Track__Field_Championships/400-Meters,TFRRS all_performances
"Gersch, Victoria",Washington,Big Ten,400m,2021,4,,,56.42,seconds,Jim Bush Legends,2021-03-24,,,,Outdoor,https://www.tfrrs.org/results/68248/4139006/Jim_Bush_Legends/400-Meters,TFRRS all_performances
"Ribera, Olivia",Washington,Big Ten,400m,2021,3,,,55.39,seconds,Jim Bush Legends,2021-03-24,,,,Outdoor,https://www.tfrrs.org/results/68248/4139006/Jim_Bush_Legends/400-Meters,TFRRS all_performances
"Ribera, Olivia",Washington,Big Ten,400m,2021,3,,,57.03,seconds,Stanford Invitational,2021-04-02,,,,Outdoor,https://www.tfrrs.org/results/68221/4169816/Stanford_Invitational/400-Meters,TFRRS all_performances
"Gersch, Victoria",Washington,Big Ten,400m,2021,4,,,55.78,seconds,2021 Jim Click Shootout,2021-04-10,,,,Outdoor,https://www.tfrrs.org/results/68576/4188074/2021_Jim_Click_Shootout/400-Meters,TFRRS all_performances
"Ribera, Olivia",Washington,Big Ten,400m,2021,3,,,54.98,seconds,2021 Jim Click Shootout,2021-04-10,,,,Outdoor,https://www.tfrrs.org/results/68576/4188074/2021_Jim_Click_Shootout/400-Meters,TFRRS all_performances
"Gersch, Victoria",Washington,Big Ten,400m,2021,4,,,56.64,seconds,UW v. WSU Dual,2021-04-21,,,,Outdoor,https://www.tfrrs.org/results/69230/4217556/UW_v_WSU_Dual_/400-Meters,TFRRS all_performances
"Heisterman, Madison",Washington,Big Ten,400m,2021,3,,,58.96,seconds,UW v. WSU Dual,2021-04-21,,,,Outdoor,https://www.tfrrs.org/results/69230/4217556/UW_v_WSU_Dual_/400-Meters,TFRRS all_performances
"Gersch, Victoria",Washington,Big Ten,400m,2021,4,,,55.89,seconds,West Coast Relays,2021-04-30,,,,Outdoor,https://www.tfrrs.org/results/68481/4247353/West_Coast_Relays/400-Meters,TFRRS all_performances
"Gersch, Victoria",Washington,Big Ten,400m,2021,4,,,55.89,seconds,Fresno St. West Coast Relays,2021-04-30,,,,Outdoor,https://www.tfrrs.org/results/70021/4240360/Fresno_St_West_Coast_Relays/400-Meters,TFRRS all_performances
"Ribera, Olivia",Washington,Big Ten,400m,2021,3,,,55.33,seconds,West Coast Relays,2021-04-30,,,,Outdoor,https://www.tfrrs.org/results/68481/4247353/West_Coast_Relays/400-Meters,TFRRS all_performances
"Ribera, Olivia",Washington,Big Ten,400m,2021,3,,,55.33,seconds,Fresno St. West Coast Relays,2021-04-30,,,,Outdoor,https://www.tfrrs.org/results/70021/4240360/Fresno_St_West_Coast_Relays/400-Meters,TFRRS all_performances
"Brown, Amari",Alabama,SEC,400m,2021,1,,,58.55,seconds,Jaguar Opener,2021-03-05,,,,Outdoor,https://www.tfrrs.org/results/65991/4103099/Jaguar_Opener/400-Meters,TFRRS all_performances
"Funcheon, Katie",Alabama,SEC,400m,2021,4,,,55.37,seconds,Auburn Tiger Track Classic 2021,2021-03-19,,,,Outdoor,https://www.tfrrs.org/results/66282/4129180/Auburn_Tiger_Track_Classic_2021/400-Meters,TFRRS all_performances
"Holloway, Anya",Alabama,SEC,400m,2021,1,,,1:00.24,seconds,Auburn Tiger Track Classic 2021,2021-03-19,,,,Outdoor,https://www.tfrrs.org/results/66282/4129180/Auburn_Tiger_Track_Classic_2021/400-Meters,TFRRS all_performances
"McDonald, Natassha",Alabama,SEC,400m,2021,4,,,53.26,seconds,Auburn Tiger Track Classic 2021,2021-03-19,,,,Outdoor,https://www.tfrrs.org/results/66282/4129180/Auburn_Tiger_Track_Classic_2021/400-Meters,TFRRS all_performances
"Baker, D'Jai",Alabama,SEC,400m,2021,4,,,54.82,seconds,2021 Al Schmidt Bulldog Relays,2021-03-26,,,,Outdoor,https://www.tfrrs.org/results/67504/4151471/2021_Al_Schmidt_Bulldog_Relays/400-Meters,TFRRS all_performances
"Funcheon, Katie",Alabama,SEC,400m,2021,4,,,56.01,seconds,2021 Al Schmidt Bulldog Relays,2021-03-26,,,,Outdoor,https://www.tfrrs.org/results/67504/4151471/2021_Al_Schmidt_Bulldog_Relays/400-Meters,TFRRS all_performances
"McDonald, Natassha",Alabama,SEC,400m,2021,4,,,52.31,seconds,2021 Al Schmidt Bulldog Relays,2021-03-26,,,,Outdoor,https://www.tfrrs.org/results/67504/4151471/2021_Al_Schmidt_Bulldog_Relays/400-Meters,TFRRS all_performances
"Mosley, Christal",Alabama,SEC,400m,2021,2,,,54.13,seconds,2021 Al Schmidt Bulldog Relays,2021-03-26,,,,Outdoor,https://www.tfrrs.org/results/67504/4151471/2021_Al_Schmidt_Bulldog_Relays/400-Meters,TFRRS all_performances
"Funcheon, Katie",Alabama,SEC,400m,2021,4,,,54.19,seconds,Pepsi Florida Relays,2021-04-02,,,,Outdoor,https://www.tfrrs.org/results/68395/4166914/Pepsi_Florida_Relays/400-Meters,TFRRS all_performances
"McDonald, Natassha",Alabama,SEC,400m,2021,4,,,52.32,seconds,Pepsi Florida Relays,2021-04-02,,,,Outdoor,https://www.tfrrs.org/results/68395/4166914/Pepsi_Florida_Relays/400-Meters,TFRRS all_performances
"Mosley, Christal",Alabama,SEC,400m,2021,2,,,53.10,seconds,Pepsi Florida Relays,2021-04-02,,,,Outdoor,https://www.tfrrs.org/results/68395/4166914/Pepsi_Florida_Relays/400-Meters,TFRRS all_performances
"Baker, D'Jai",Alabama,SEC,400m,2021,4,,,54.77,seconds,Crimson Tide Invitational,2021-04-08,,,,Outdoor,https://www.tfrrs.org/results/69271/4187930/Crimson_Tide_Invitational/400-Meters,TFRRS all_performances
"Holloway, Anya",Alabama,SEC,400m,2021,1,,,1:02.71,seconds,Crimson Tide Invitational,2021-04-08,,,,Outdoor,https://www.tfrrs.org/results/69271/4187930/Crimson_Tide_Invitational/400-Meters,TFRRS all_performances
"McDonald, Natassha",Alabama,SEC,400m,2021,4,,,51.94,seconds,LSU Alumni Gold,2021-04-23,,,,Outdoor,https://www.tfrrs.org/results/69204/4225224/LSU_Alumni_Gold/400-Meters,TFRRS all_performances
"Mosley, Christal",Alabama,SEC,400m,2021,2,,,52.98,seconds,LSU Alumni Gold,2021-04-23,,,,Outdoor,https://www.tfrrs.org/results/69204/4225224/LSU_Alumni_Gold/400-Meters,TFRRS all_performances
"Funcheon, Katie",Alabama,SEC,400m,2021,4,,,54.45,seconds,LSU Invitational,2021-05-01,,,,Outdoor,https://www.tfrrs.org/results/68974/4241558/LSU_Invitational/400-Meters,TFRRS all_performances
"Mosley, Christal",Alabama,SEC,400m,2021,2,,,53.73,seconds,LSU Invitational,2021-05-01,,,,Outdoor,https://www.tfrrs.org/results/68974/4241558/LSU_Invitational/400-Meters,TFRRS all_performances
"Funcheon, Katie",Alabama,SEC,400m,2021,4,,,54.99,seconds,SEC Outdoor Track & Field Championships,2021-05-13,,,,Outdoor,https://www.tfrrs.org/results/70259/4263439/SEC_Outdoor_Track__Field_Championships/400-Meters,TFRRS all_performances
"McDonald, Natassha",Alabama,SEC,400m,2021,4,,,50.91,seconds,SEC Outdoor Track & Field Championships,2021-05-13,,,,Outdoor,https://www.tfrrs.org/results/70259/4263439/SEC_Outdoor_Track__Field_Championships/400-Meters,TFRRS all_performances
"McDonald, Natassha",Alabama,SEC,400m,2021,4,,,51.13,seconds,SEC Outdoor Track & Field Championships,2021-05-13,,,,Outdoor,https://www.tfrrs.org/results/70259/4263439/SEC_Outdoor_Track__Field_Championships/400-Meters,TFRRS all_performances
"Mosley, Christal",Alabama,SEC,400m,2021,2,,,54.13,seconds,SEC Outdoor Track & Field Championships,2021-05-13,,,,Outdoor,https://www.tfrrs.org/results/70259/4263439/SEC_Outdoor_Track__Field_Championships/400-Meters,TFRRS all_performances
"McDonald, Natassha",Alabama,SEC,400m,2021,4,,,51.03,seconds,NCAA Division I East Preliminary Round,2021-05-26,,,,Outdoor,https://www.tfrrs.org/results/70390/4273634/NCAA_Division_I_East_Preliminary_Round/400-Meters,TFRRS all_performances
"McDonald, Natassha",Alabama,SEC,400m,2021,4,,,52.23,seconds,NCAA Division I East Preliminary Round,2021-05-26,,,,Outdoor,https://www.tfrrs.org/results/70390/4273634/NCAA_Division_I_East_Preliminary_Round/400-Meters,TFRRS all_performances
"Mosley, Christal",Alabama,SEC,400m,2021,2,,,52.66,seconds,NCAA Division I East Preliminary Round,2021-05-26,,,,Outdoor,https://www.tfrrs.org/results/70390/4273634/NCAA_Division_I_East_Preliminary_Round/400-Meters,TFRRS all_performances
"Mosley, Christal",Alabama,SEC,400m,2021,2,,,53.16,seconds,NCAA Division I East Preliminary Round,2021-05-26,,,,Outdoor,https://www.tfrrs.org/results/70390/4273634/NCAA_Division_I_East_Preliminary_Round/400-Meters,TFRRS all_performances
"McDonald, Natassha",Alabama,SEC,400m,2021,4,,,52.13,seconds,NCAA Division I Track & Field Championships,2021-06-09,,,,Outdoor,https://www.tfrrs.org/results/70445/4276119/NCAA_Division_I_Track__Field_Championships/400-Meters,TFRRS all_performances
"Anderson, Doneisha",Florida,SEC,400m,2021,2,,,54.95,seconds,FSU Relays,2021-03-25,,,,Outdoor,https://www.tfrrs.org/results/68747/4145910/FSU_Relays/400-Meters,TFRRS all_performances
"Ghee, Lauryn",Florida,SEC,400m,2021,3,,,55.47,seconds,FSU Relays,2021-03-25,,,,Outdoor,https://www.tfrrs.org/results/68747/4145910/FSU_Relays/400-Meters,TFRRS all_performances
"Manson, Taylor",Florida,SEC,400m,2021,3,,,52.02,seconds,FSU Relays,2021-03-25,,,,Outdoor,https://www.tfrrs.org/results/68747/4145910/FSU_Relays/400-Meters,TFRRS all_performances
"Diggs, Talitha",Florida,SEC,400m,2021,1,,,52.09,seconds,Pepsi Florida Relays,2021-04-02,,,,Outdoor,https://www.tfrrs.org/results/68395/4166914/Pepsi_Florida_Relays/400-Meters,TFRRS all_performances
"Manson, Taylor",Florida,SEC,400m,2021,3,,,52.13,seconds,Pepsi Florida Relays,2021-04-02,,,,Outdoor,https://www.tfrrs.org/results/68395/4166914/Pepsi_Florida_Relays/400-Meters,TFRRS all_performances
"Anderson, Doneisha",Florida,SEC,400m,2021,2,,,52.77,seconds,UF Tom Jones Invitational,2021-04-16,,,,Outdoor,https://www.tfrrs.org/results/68975/4206581/UF_Tom_Jones_Invitational/400-Meters,TFRRS all_performances
"Anderson, Doneisha",Florida,SEC,400m,2021,2,,,53.27,seconds,LSU Invitational,2021-05-01,,,,Outdoor,https://www.tfrrs.org/results/68974/4241558/LSU_Invitational/400-Meters,TFRRS all_performances
"Manson, Taylor",Florida,SEC,400m,2021,3,,,51.58,seconds,LSU Invitational,2021-05-01,,,,Outdoor,https://www.tfrrs.org/results/68974/4241558/LSU_Invitational/400-Meters,TFRRS all_performances
"Anderson, Doneisha",Florida,SEC,400m,2021,2,,,53.54,seconds,SEC Outdoor Track & Field Championships,2021-05-13,,,,Outdoor,https://www.tfrrs.org/results/70259/4263439/SEC_Outdoor_Track__Field_Championships/400-Meters,TFRRS all_performances
"Diggs, Talitha",Florida,SEC,400m,2021,1,,,51.23,seconds,SEC Outdoor Track & Field Championships,2021-05-13,,,,Outdoor,https://www.tfrrs.org/results/70259/4263439/SEC_Outdoor_Track__Field_Championships/400-Meters,TFRRS all_performances
"Diggs, Talitha",Florida,SEC,400m,2021,1,,,51.27,seconds,SEC Outdoor Track & Field Championships,2021-05-13,,,,Outdoor,https://www.tfrrs.org/results/70259/4263439/SEC_Outdoor_Track__Field_Championships/400-Meters,TFRRS all_performances
"Manson, Taylor",Florida,SEC,400m,2021,3,,,51.51,seconds,SEC Outdoor Track & Field Championships,2021-05-13,,,,Outdoor,https://www.tfrrs.org/results/70259/4263439/SEC_Outdoor_Track__Field_Championships/400-Meters,TFRRS all_performances
"Manson, Taylor",Florida,SEC,400m,2021,3,,,51.69,seconds,SEC Outdoor Track & Field Championships,2021-05-13,,,,Outdoor,https://www.tfrrs.org/results/70259/4263439/SEC_Outdoor_Track__Field_Championships/400-Meters,TFRRS all_performances
"Anderson, Doneisha",Florida,SEC,400m,2021,2,,,52.94,seconds,NCAA Division I East Preliminary Round,2021-05-26,,,,Outdoor,https://www.tfrrs.org/results/70390/4273634/NCAA_Division_I_East_Preliminary_Round/400-Meters,TFRRS all_performances
"Anderson, Doneisha",Florida,SEC,400m,2021,2,,,53.22,seconds,NCAA Division I East Preliminary Round,2021-05-26,,,,Outdoor,https://www.tfrrs.org/results/70390/4273634/NCAA_Division_I_East_Preliminary_Round/400-Meters,TFRRS all_performances
"Diggs, Talitha",Florida,SEC,400m,2021,1,,,51.04,seconds,NCAA Division I East Preliminary Round,2021-05-26,,,,Outdoor,https://www.tfrrs.org/results/70390/4273634/NCAA_Division_I_East_Preliminary_Round/400-Meters,TFRRS all_performances
"Diggs, Talitha",Florida,SEC,400m,2021,1,,,51.43,seconds,NCAA Division I East Preliminary Round,2021-05-26,,,,Outdoor,https://www.tfrrs.org/results/70390/4273634/NCAA_Division_I_East_Preliminary_Round/400-Meters,TFRRS all_performances
"Manson, Taylor",Florida,SEC,400m,2021,3,,,51.38,seconds,NCAA Division I East Preliminary Round,2021-05-26,,,,Outdoor,https://www.tfrrs.org/results/70390/4273634/NCAA_Division_I_East_Preliminary_Round/400-Meters,TFRRS all_performances
"Manson, Taylor",Florida,SEC,400m,2021,3,,,52.01,seconds,NCAA Division I East Preliminary Round,2021-05-26,,,,Outdoor,https://www.tfrrs.org/results/70390/4273634/NCAA_Division_I_East_Preliminary_Round/400-Meters,TFRRS all_performances
"Diggs, Talitha",Florida,SEC,400m,2021,1,,,50.74,seconds,NCAA Division I Track & Field Championships,2021-06-09,,,,Outdoor,https://www.tfrrs.org/results/70445/4276119/NCAA_Division_I_Track__Field_Championships/400-Meters,TFRRS all_performances
"Diggs, Talitha",Florida,SEC,400m,2021,1,,,51.45,seconds,NCAA Division I Track & Field Championships,2021-06-09,,,,Outdoor,https://www.tfrrs.org/results/70445/4276119/NCAA_Division_I_Track__Field_Championships/400-Meters,TFRRS all_performances
"Manson, Taylor",Florida,SEC,400m,2021,3,,,51.04,seconds,NCAA Division I Track & Field Championships,2021-06-09,,,,Outdoor,https://www.tfrrs.org/results/70445/4276119/NCAA_Division_I_Track__Field_Championships/400-Meters,TFRRS all_performances
"Manson, Taylor",Florida,SEC,400m,2021,3,,,51.55,seconds,NCAA Division I Track & Field Championships,2021-06-09,,,,Outdoor,https://www.tfrrs.org/results/70445/4276119/NCAA_Division_I_Track__Field_Championships/400-Meters,TFRRS all_performances
"Hall, Julia",Georgia,SEC,400m,2021,4,,,55.89,seconds,Georgia Tech Yellow Jacket Invitational,2021-03-19,,,,Outdoor,https://www.tfrrs.org/results/68059/4128932/Georgia_Tech_Yellow_Jacket_Invitational/400-Meters,TFRRS all_performances
"Tanner, Amber",Georgia,SEC,400m,2021,4,,,55.00,seconds,FSU Relays,2021-03-25,,,,Outdoor,https://www.tfrrs.org/results/68747/4145910/FSU_Relays/400-Meters,TFRRS all_performances
"Moss, Megan",Kentucky,SEC,400m,2021,1,,,52.94,seconds,Weems Baskin Relays,2021-03-26,,,,Outdoor,https://www.tfrrs.org/results/67496/4148959/Weems_Baskin_Relays/400-Meters,TFRRS all_performances
"Spillman, Sydney",Kentucky,SEC,400m,2021,1,,,1:00.18,seconds,Weems Baskin Relays,2021-03-26,,,,Outdoor,https://www.tfrrs.org/results/67496/4148959/Weems_Baskin_Relays/400-Meters,TFRRS all_performances
"Moss, Megan",Kentucky,SEC,400m,2021,1,,,52.96,seconds,Pepsi Florida Relays,2021-04-02,,,,Outdoor,https://www.tfrrs.org/results/68395/4166914/Pepsi_Florida_Relays/400-Meters,TFRRS all_performances
"Spillman, Sydney",Kentucky,SEC,400m,2021,1,,,1:00.23,seconds,Joe Walker Invitational,2021-04-09,,,,Outdoor,https://www.tfrrs.org/results/68533/4187732/Joe_Walker_Invitational/400-Meters,TFRRS all_performances
"Taylor, Amber",Kentucky,SEC,400m,2021,1,,,1:01.42,seconds,Joe Walker Invitational,2021-04-09,,,,Outdoor,https://www.tfrrs.org/results/68533/4187732/Joe_Walker_Invitational/400-Meters,TFRRS all_performances
"Moss, Megan",Kentucky,SEC,400m,2021,1,,,53.03,seconds,UF Tom Jones Invitational,2021-04-16,,,,Outdoor,https://www.tfrrs.org/results/68975/4206581/UF_Tom_Jones_Invitational/400-Meters,TFRRS all_performances
"Spillman, Sydney",Kentucky,SEC,400m,2021,1,,,59.42,seconds,EKU Rick Erdmann Twilight,2021-04-16,,,,Outdoor,https://www.tfrrs.org/results/68072/4209645/EKU_Rick_Erdmann_Twilight_/400-Meters,TFRRS all_performances
"Taylor, Amber",Kentucky,SEC,400m,2021,1,,,1:01.29,seconds,EKU Rick Erdmann Twilight,2021-04-16,,,,Outdoor,https://www.tfrrs.org/results/68072/4209645/EKU_Rick_Erdmann_Twilight_/400-Meters,TFRRS all_performances
"Miles, Dajour",Kentucky,SEC,400m,2021,1,,,54.10,seconds,2021 Kentucky Invtational,2021-04-30,,,,Outdoor,https://www.tfrrs.org/results/66857/4241495/2021_Kentucky_Invtational/400-Meters,TFRRS all_performances
"Moss, Megan",Kentucky,SEC,400m,2021,1,,,52.41,seconds,2021 Kentucky Invtational,2021-04-30,,,,Outdoor,https://www.tfrrs.org/results/66857/4241495/2021_Kentucky_Invtational/400-Meters,TFRRS all_performances
"Spillman, Sydney",Kentucky,SEC,400m,2021,1,,,58.56,seconds,2021 Kentucky Invtational,2021-04-30,,,,Outdoor,https://www.tfrrs.org/results/66857/4241495/2021_Kentucky_Invtational/400-Meters,TFRRS all_performances
"Taylor, Amber",Kentucky,SEC,400m,2021,1,,,1:01.91,seconds,2021 Kentucky Invtational,2021-04-30,,,,Outdoor,https://www.tfrrs.org/results/66857/4241495/2021_Kentucky_Invtational/400-Meters,TFRRS all_performances
"Moss, Megan",Kentucky,SEC,400m,2021,1,,,52.60,seconds,SEC Outdoor Track & Field Championships,2021-05-13,,,,Outdoor,https://www.tfrrs.org/results/70259/4263439/SEC_Outdoor_Track__Field_Championships/400-Meters,TFRRS all_performances
"Moss, Megan",Kentucky,SEC,400m,2021,1,,,52.13,seconds,NCAA Division I East Preliminary Round,2021-05-26,,,,Outdoor,https://www.tfrrs.org/results/70390/4273634/NCAA_Division_I_East_Preliminary_Round/400-Meters,TFRRS all_performances
"Moss, Megan",Kentucky,SEC,400m,2021,1,,,52.39,seconds,NCAA Division I East Preliminary Round,2021-05-26,,,,Outdoor,https://www.tfrrs.org/results/70390/4273634/NCAA_Division_I_East_Preliminary_Round/400-Meters,TFRRS all_performances
"Moss, Megan",Kentucky,SEC,400m,2021,1,,,53.26,seconds,NCAA Division I Track & Field Championships,2021-06-09,,,,Outdoor,https://www.tfrrs.org/results/70445/4276119/NCAA_Division_I_Track__Field_Championships/400-Meters,TFRRS all_performances
"Abrams, Aliyah",South Carolina,SEC,400m,2021,4,,,52.01,seconds,Auburn Tiger Track Classic 2021,2021-03-19,,,,Outdoor,https://www.tfrrs.org/results/66282/4129180/Auburn_Tiger_Track_Classic_2021/400-Meters,TFRRS all_performances
"Johnson, Alysia",South Carolina,SEC,400m,2021,1,,,54.19,seconds,Auburn Tiger Track Classic 2021,2021-03-19,,,,Outdoor,https://www.tfrrs.org/results/66282/4129180/Auburn_Tiger_Track_Classic_2021/400-Meters,TFRRS all_performances
"Johnson, Alysia",South Carolina,SEC,400m,2021,1,,,53.42,seconds,Weems Baskin Relays,2021-03-26,,,,Outdoor,https://www.tfrrs.org/results/67496/4148959/Weems_Baskin_Relays/400-Meters,TFRRS all_performances
"Abrams, Aliyah",South Carolina,SEC,400m,2021,4,,,52.60,seconds,Pepsi Florida Relays,2021-04-02,,,,Outdoor,https://www.tfrrs.org/results/68395/4166914/Pepsi_Florida_Relays/400-Meters,TFRRS all_performances
"Frank, Angel",South Carolina,SEC,400m,2021,1,,,58.24,seconds,Pepsi Florida Relays,2021-04-02,,,,Outdoor,https://www.tfrrs.org/results/68395/4166914/Pepsi_Florida_Relays/400-Meters,TFRRS all_performances
"Johnson, Alysia",South Carolina,SEC,400m,2021,1,,,54.27,seconds,Pepsi Florida Relays,2021-04-02,,,,Outdoor,https://www.tfrrs.org/results/68395/4166914/Pepsi_Florida_Relays/400-Meters,TFRRS all_performances
"Abrams, Aliyah",South Carolina,SEC,400m,2021,4,,,52.50,seconds,Gamecock Invitational,2021-04-10,,,,Outdoor,https://www.tfrrs.org/results/67497/4185597/Gamecock_Invitational_/400-Meters,TFRRS all_performances
"Kavanaugh, Macie",South Carolina,SEC,400m,2021,2,,,59.20,seconds,Gamecock Invitational,2021-04-10,,,,Outdoor,https://www.tfrrs.org/results/67497/4185597/Gamecock_Invitational_/400-Meters,TFRRS all_performances
"Omovoh, Knowledge",South Carolina,SEC,400m,2021,2,,,54.13,seconds,Gamecock Invitational,2021-04-10,,,,Outdoor,https://www.tfrrs.org/results/67497/4185597/Gamecock_Invitational_/400-Meters,TFRRS all_performances
"Davis , Stephanie",South Carolina,SEC,400m,2021,3,,,53.10,seconds,USC Open,2021-04-17,,,,Outdoor,https://www.tfrrs.org/results/67499/4207825/USC_Open/400-Meters,TFRRS all_performances
"Douglas, Casey",South Carolina,SEC,400m,2021,1,,,59.52,seconds,USC Open,2021-04-17,,,,Outdoor,https://www.tfrrs.org/results/67499/4207825/USC_Open/400-Meters,TFRRS all_performances
"Johnson, Alysia",South Carolina,SEC,400m,2021,1,,,53.70,seconds,USC Open,2021-04-17,,,,Outdoor,https://www.tfrrs.org/results/67499/4207825/USC_Open/400-Meters,TFRRS all_performances
"Omovoh, Knowledge",South Carolina,SEC,400m,2021,2,,,53.11,seconds,USC Open,2021-04-17,,,,Outdoor,https://www.tfrrs.org/results/67499/4207825/USC_Open/400-Meters,TFRRS all_performances
"Abrams, Aliyah",South Carolina,SEC,400m,2021,4,,,51.67,seconds,North Florida Invite,2021-04-29,,,,Outdoor,https://www.tfrrs.org/results/66066/4238772/North_Florida_Invite/400-Meters,TFRRS all_performances
"Davis , Stephanie",South Carolina,SEC,400m,2021,3,,,52.48,seconds,North Florida Invite,2021-04-29,,,,Outdoor,https://www.tfrrs.org/results/66066/4238772/North_Florida_Invite/400-Meters,TFRRS all_performances
"Johnson, Alysia",South Carolina,SEC,400m,2021,1,,,53.63,seconds,North Florida Invite,2021-04-29,,,,Outdoor,https://www.tfrrs.org/results/66066/4238772/North_Florida_Invite/400-Meters,TFRRS all_performances
"Abrams, Aliyah",South Carolina,SEC,400m,2021,4,,,51.46,seconds,SEC Outdoor Track & Field Championships,2021-05-13,,,,Outdoor,https://www.tfrrs.org/results/70259/4263439/SEC_Outdoor_Track__Field_Championships/400-Meters,TFRRS all_performances
"Abrams, Aliyah",South Carolina,SEC,400m,2021,4,,,52.29,seconds,SEC Outdoor Track & Field Championships,2021-05-13,,,,Outdoor,https://www.tfrrs.org/results/70259/4263439/SEC_Outdoor_Track__Field_Championships/400-Meters,TFRRS all_performances
"Davis , Stephanie",South Carolina,SEC,400m,2021,3,,,53.61,seconds,SEC Outdoor Track & Field Championships,2021-05-13,,,,Outdoor,https://www.tfrrs.org/results/70259/4263439/SEC_Outdoor_Track__Field_Championships/400-Meters,TFRRS all_performances
"Johnson, Alysia",South Carolina,SEC,400m,2021,1,,,52.91,seconds,SEC Outdoor Track & Field Championships,2021-05-13,,,,Outdoor,https://www.tfrrs.org/results/70259/4263439/SEC_Outdoor_Track__Field_Championships/400-Meters,TFRRS all_performances
"Omovoh, Knowledge",South Carolina,SEC,400m,2021,2,,,54.30,seconds,SEC Outdoor Track & Field Championships,2021-05-13,,,,Outdoor,https://www.tfrrs.org/results/70259/4263439/SEC_Outdoor_Track__Field_Championships/400-Meters,TFRRS all_performances
"Abrams, Aliyah",South Carolina,SEC,400m,2021,4,,,51.77,seconds,NCAA Division I East Preliminary Round,2021-05-26,,,,Outdoor,https://www.tfrrs.org/results/70390/4273634/NCAA_Division_I_East_Preliminary_Round/400-Meters,TFRRS all_performances
"Abrams, Aliyah",South Carolina,SEC,400m,2021,4,,,52.21,seconds,NCAA Division I East Preliminary Round,2021-05-26,,,,Outdoor,https://www.tfrrs.org/results/70390/4273634/NCAA_Division_I_East_Preliminary_Round/400-Meters,TFRRS all_performances
"Davis , Stephanie",South Carolina,SEC,400m,2021,3,,,51.34,seconds,NCAA Division I East Preliminary Round,2021-05-26,,,,Outdoor,https://www.tfrrs.org/results/70390/4273634/NCAA_Division_I_East_Preliminary_Round/400-Meters,TFRRS all_performances
"Davis , Stephanie",South Carolina,SEC,400m,2021,3,,,52.71,seconds,NCAA Division I East Preliminary Round,2021-05-26,,,,Outdoor,https://www.tfrrs.org/results/70390/4273634/NCAA_Division_I_East_Preliminary_Round/400-Meters,TFRRS all_performances
"Johnson, Alysia",South Carolina,SEC,400m,2021,1,,,52.51,seconds,NCAA Division I East Preliminary Round,2021-05-26,,,,Outdoor,https://www.tfrrs.org/results/70390/4273634/NCAA_Division_I_East_Preliminary_Round/400-Meters,TFRRS all_performances
"Johnson, Alysia",South Carolina,SEC,400m,2021,1,,,52.89,seconds,NCAA Division I East Preliminary Round,2021-05-26,,,,Outdoor,https://www.tfrrs.org/results/70390/4273634/NCAA_Division_I_East_Preliminary_Round/400-Meters,TFRRS all_performances
"Omovoh, Knowledge",South Carolina,SEC,400m,2021,2,,,53.17,seconds,NCAA Division I East Preliminary Round,2021-05-26,,,,Outdoor,https://www.tfrrs.org/results/70390/4273634/NCAA_Division_I_East_Preliminary_Round/400-Meters,TFRRS all_performances
"Omovoh, Knowledge",South Carolina,SEC,400m,2021,2,,,53.88,seconds,NCAA Division I East Preliminary Round,2021-05-26,,,,Outdoor,https://www.tfrrs.org/results/70390/4273634/NCAA_Division_I_East_Preliminary_Round/400-Meters,TFRRS all_performances
"Abrams, Aliyah",South Carolina,SEC,400m,2021,4,,,52.43,seconds,NCAA Division I Track & Field Championships,2021-06-09,,,,Outdoor,https://www.tfrrs.org/results/70445/4276119/NCAA_Division_I_Track__Field_Championships/400-Meters,TFRRS all_performances
"Davis , Stephanie",South Carolina,SEC,400m,2021,3,,,52.98,seconds,NCAA Division I Track & Field Championships,2021-06-09,,,,Outdoor,https://www.tfrrs.org/results/70445/4276119/NCAA_Division_I_Track__Field_Championships/400-Meters,TFRRS all_performances
"Brewer, Anna",Clemson,ACC,400m,2022,4,,,57.34,s,Georgia Tech Yellow Jacket Invitational,2022-03-18,,,,Outdoor,https://www.tfrrs.org/results/73542/4425685/Georgia_Tech_Yellow_Jacket_Invitational/400-Meters,TFRRS all_performances
"Daley, Ariana",Clemson,ACC,400m,2022,1,,,58.17,s,Georgia Tech Yellow Jacket Invitational,2022-03-18,,,,Outdoor,https://www.tfrrs.org/results/73542/4425685/Georgia_Tech_Yellow_Jacket_Invitational/400-Meters,TFRRS all_performances
"Disher, Leah",Clemson,ACC,400m,2022,3,,,58.77,s,Georgia Tech Yellow Jacket Invitational,2022-03-18,,,,Outdoor,https://www.tfrrs.org/results/73542/4425685/Georgia_Tech_Yellow_Jacket_Invitational/400-Meters,TFRRS all_performances
"Gadson, Ken'naria",Clemson,ACC,400m,2022,2,,,54.13,s,Georgia Tech Yellow Jacket Invitational,2022-03-18,,,,Outdoor,https://www.tfrrs.org/results/73542/4425685/Georgia_Tech_Yellow_Jacket_Invitational/400-Meters,TFRRS all_performances
"Hemmings, Trishauna",Clemson,ACC,400m,2022,4,,,56.65,s,Georgia Tech Yellow Jacket Invitational,2022-03-18,,,,Outdoor,https://www.tfrrs.org/results/73542/4425685/Georgia_Tech_Yellow_Jacket_Invitational/400-Meters,TFRRS all_performances
"Sumner, Brynne",Clemson,ACC,400m,2022,2,,,56.45,s,Georgia Tech Yellow Jacket Invitational,2022-03-18,,,,Outdoor,https://www.tfrrs.org/results/73542/4425685/Georgia_Tech_Yellow_Jacket_Invitational/400-Meters,TFRRS all_performances
"Thompson, Kenya",Clemson,ACC,400m,2022,1,,,55.28,s,Georgia Tech Yellow Jacket Invitational,2022-03-18,,,,Outdoor,https://www.tfrrs.org/results/73542/4425685/Georgia_Tech_Yellow_Jacket_Invitational/400-Meters,TFRRS all_performances
"Williams, Courtney",Clemson,ACC,400m,2022,2,,,53.99,s,Georgia Tech Yellow Jacket Invitational,2022-03-18,,,,Outdoor,https://www.tfrrs.org/results/73542/4425685/Georgia_Tech_Yellow_Jacket_Invitational/400-Meters,TFRRS all_performances
"Daley, Ariana",Clemson,ACC,400m,2022,1,,,58.38,s,Florida Relays,2022-03-31,,,,Outdoor,https://www.tfrrs.org/results/72948/4463895/Florida_Relays/400-Meters,TFRRS all_performances
"Gadson, Ken'naria",Clemson,ACC,400m,2022,2,,,54.08,s,Florida Relays,2022-03-31,,,,Outdoor,https://www.tfrrs.org/results/72948/4463895/Florida_Relays/400-Meters,TFRRS all_performances
"Thompson, Kenya",Clemson,ACC,400m,2022,1,,,56.92,s,Florida Relays,2022-03-31,,,,Outdoor,https://www.tfrrs.org/results/72948/4463895/Florida_Relays/400-Meters,TFRRS all_performances
"Williams, Courtney",Clemson,ACC,400m,2022,2,,,54.26,s,Florida Relays,2022-03-31,,,,Outdoor,https://www.tfrrs.org/results/72948/4463895/Florida_Relays/400-Meters,TFRRS all_performances
"Daley, Ariana",Clemson,ACC,400m,2022,1,,,58.41,s,Tennessee Relays,2022-04-07,,,,Outdoor,https://www.tfrrs.org/results/73591/4482112/Tennessee_Relays/400-Meters,TFRRS all_performances
"Disher, Leah",Clemson,ACC,400m,2022,3,,,1:01.35,s,Tennessee Relays,2022-04-07,,,,Outdoor,https://www.tfrrs.org/results/73591/4482112/Tennessee_Relays/400-Meters,TFRRS all_performances
"Thompson, Kenya",Clemson,ACC,400m,2022,1,,,57.32,s,Tennessee Relays,2022-04-07,,,,Outdoor,https://www.tfrrs.org/results/73591/4482112/Tennessee_Relays/400-Meters,TFRRS all_performances
"Campbell, Areya",Clemson,ACC,400m,2022,2,,,55.65,s,UF Tom Jones Memorial,2022-04-15,,,,Outdoor,https://www.tfrrs.org/results/73497/4502570/UF_Tom_Jones_Memorial/400-Meters,TFRRS all_performances
"Gadson, Ken'naria",Clemson,ACC,400m,2022,2,,,54.81,s,UF Tom Jones Memorial,2022-04-15,,,,Outdoor,https://www.tfrrs.org/results/73497/4502570/UF_Tom_Jones_Memorial/400-Meters,TFRRS all_performances
"Thompson, Kenya",Clemson,ACC,400m,2022,1,,,55.07,s,UF Tom Jones Memorial,2022-04-15,,,,Outdoor,https://www.tfrrs.org/results/73497/4502570/UF_Tom_Jones_Memorial/400-Meters,TFRRS all_performances
"Daley, Ariana",Clemson,ACC,400m,2022,1,,,58.34,s,UofSC Open,2022-04-23,,,,Outdoor,https://www.tfrrs.org/results/73095/4518990/UofSC_Open/400-Meters,TFRRS all_performances
"Disher, Leah",Clemson,ACC,400m,2022,3,,,1:00.23,s,UofSC Open,2022-04-23,,,,Outdoor,https://www.tfrrs.org/results/73095/4518990/UofSC_Open/400-Meters,TFRRS all_performances
"Gadson, Ken'naria",Clemson,ACC,400m,2022,2,,,55.20,s,UofSC Open,2022-04-23,,,,Outdoor,https://www.tfrrs.org/results/73095/4518990/UofSC_Open/400-Meters,TFRRS all_performances
"Thompson, Kenya",Clemson,ACC,400m,2022,1,,,54.85,s,UofSC Open,2022-04-23,,,,Outdoor,https://www.tfrrs.org/results/73095/4518990/UofSC_Open/400-Meters,TFRRS all_performances
"Williams, Courtney",Clemson,ACC,400m,2022,2,,,54.60,s,UofSC Open,2022-04-23,,,,Outdoor,https://www.tfrrs.org/results/73095/4518990/UofSC_Open/400-Meters,TFRRS all_performances
"Campbell, Areya",Clemson,ACC,400m,2022,2,,,55.65,s,Tennessee Challenge,2022-05-07,,,,Outdoor,https://www.tfrrs.org/results/74815/4547773/Tennessee_Challenge/400-Meters,TFRRS all_performances
"Campbell, Areya",Clemson,ACC,400m,2022,2,,,56.04,s,ACC Outdoor Track & Field Championships,2022-05-12,,,,Outdoor,https://www.tfrrs.org/results/75142/4556608/ACC_Outdoor_Track__Field_Championships/400-Meters,TFRRS all_performances
"Gadson, Ken'naria",Clemson,ACC,400m,2022,2,,,54.39,s,ACC Outdoor Track & Field Championships,2022-05-12,,,,Outdoor,https://www.tfrrs.org/results/75142/4556608/ACC_Outdoor_Track__Field_Championships/400-Meters,TFRRS all_performances
"Thompson, Kenya",Clemson,ACC,400m,2022,1,,,53.63,s,ACC Outdoor Track & Field Championships,2022-05-12,,,,Outdoor,https://www.tfrrs.org/results/75142/4556608/ACC_Outdoor_Track__Field_Championships/400-Meters,TFRRS all_performances
"Thompson, Kenya",Clemson,ACC,400m,2022,1,,,53.69,s,ACC Outdoor Track & Field Championships,2022-05-12,,,,Outdoor,https://www.tfrrs.org/results/75142/4556608/ACC_Outdoor_Track__Field_Championships/400-Meters,TFRRS all_performances
"Williams, Courtney",Clemson,ACC,400m,2022,2,,,53.36,s,ACC Outdoor Track & Field Championships,2022-05-12,,,,Outdoor,https://www.tfrrs.org/results/75142/4556608/ACC_Outdoor_Track__Field_Championships/400-Meters,TFRRS all_performances
"Williams, Courtney",Clemson,ACC,400m,2022,2,,,54.05,s,ACC Outdoor Track & Field Championships,2022-05-12,,,,Outdoor,https://www.tfrrs.org/results/75142/4556608/ACC_Outdoor_Track__Field_Championships/400-Meters,TFRRS all_performances
"Thompson, Kenya",Clemson,ACC,400m,2022,1,,,54.22,s,NCAA East Preliminary Round,2022-05-25,,,,Outdoor,https://www.tfrrs.org/results/75213/4566146/NCAA_East_Preliminary_Round/400-Meters,TFRRS all_performances
"Williams, Courtney",Clemson,ACC,400m,2022,2,,,53.72,s,NCAA East Preliminary Round,2022-05-25,,,,Outdoor,https://www.tfrrs.org/results/75213/4566146/NCAA_East_Preliminary_Round/400-Meters,TFRRS all_performances
"Sims, Meredith",Duke,ACC,400m,2022,1,,,59.59,s,High Point - Bob Davidson Memorial,2022-03-18,,,,Outdoor,https://www.tfrrs.org/results/73522/4425642/High_Point_-_Bob_Davidson_Memorial/400-Meters,TFRRS all_performances
"Bowen, Rylee",Duke,ACC,400m,2022,3,,,59.08,s,Raleigh Relays,2022-03-24,,,,Outdoor,https://www.tfrrs.org/results/73808/4441008/Raleigh_Relays/400-Meters,TFRRS all_performances
"King, Carly",Duke,ACC,400m,2022,3,,,55.75,s,Raleigh Relays,2022-03-24,,,,Outdoor,https://www.tfrrs.org/results/73808/4441008/Raleigh_Relays/400-Meters,TFRRS all_performances
"Onuoha, Amarachi",Duke,ACC,400m,2022,1,,,59.47,s,Raleigh Relays,2022-03-24,,,,Outdoor,https://www.tfrrs.org/results/73808/4441008/Raleigh_Relays/400-Meters,TFRRS all_performances
"Sims, Meredith",Duke,ACC,400m,2022,1,,,59.40,s,Raleigh Relays,2022-03-24,,,,Outdoor,https://www.tfrrs.org/results/73808/4441008/Raleigh_Relays/400-Meters,TFRRS all_performances
"Crean, Jenna",Duke,ACC,400m,2022,3,,,54.18,s,Duke Invitational,2022-04-07,,,,Outdoor,https://www.tfrrs.org/results/74378/4483040/Duke_Invitational/400-Meters,TFRRS all_performances
"Ekeigwe, Kiara",Duke,ACC,400m,2022,2,,,58.53,s,Duke Invitational,2022-04-07,,,,Outdoor,https://www.tfrrs.org/results/74378/4483040/Duke_Invitational/400-Meters,TFRRS all_performances
"King, Carly",Duke,ACC,400m,2022,3,,,53.76,s,Duke Invitational,2022-04-07,,,,Outdoor,https://www.tfrrs.org/results/74378/4483040/Duke_Invitational/400-Meters,TFRRS all_performances
"McGinnis, Megan",Duke,ACC,400m,2022,1,,,54.04,s,Duke Invitational,2022-04-07,,,,Outdoor,https://www.tfrrs.org/results/74378/4483040/Duke_Invitational/400-Meters,TFRRS all_performances
"Ekeigwe, Kiara",Duke,ACC,400m,2022,2,,,57.32,s,High Point - Meet of Champions,2022-04-15,,,,Outdoor,https://www.tfrrs.org/results/74603/4503127/High_Point_-_Meet_of_Champions/400-Meters,TFRRS all_performances
"Geiser, Abby",Duke,ACC,400m,2022,1,,,56.13,s,High Point - Meet of Champions,2022-04-15,,,,Outdoor,https://www.tfrrs.org/results/74603/4503127/High_Point_-_Meet_of_Champions/400-Meters,TFRRS all_performances
"King, Carly",Duke,ACC,400m,2022,3,,,54.46,s,High Point - Meet of Champions,2022-04-15,,,,Outdoor,https://www.tfrrs.org/results/74603/4503127/High_Point_-_Meet_of_Champions/400-Meters,TFRRS all_performances
"McGinnis, Megan",Duke,ACC,400m,2022,1,,,53.94,s,High Point - Meet of Champions,2022-04-15,,,,Outdoor,https://www.tfrrs.org/results/74603/4503127/High_Point_-_Meet_of_Champions/400-Meters,TFRRS all_performances
"Crean, Jenna",Duke,ACC,400m,2022,3,,,54.48,s,Virginia Challenge,2022-04-22,,,,Outdoor,https://www.tfrrs.org/results/74753/4516562/Virginia_Challenge/400-Meters,TFRRS all_performances
"Geiser, Abby",Duke,ACC,400m,2022,1,,,56.00,s,Virginia Challenge,2022-04-22,,,,Outdoor,https://www.tfrrs.org/results/74753/4516562/Virginia_Challenge/400-Meters,TFRRS all_performances
"King, Carly",Duke,ACC,400m,2022,3,,,54.45,s,Virginia Challenge,2022-04-22,,,,Outdoor,https://www.tfrrs.org/results/74753/4516562/Virginia_Challenge/400-Meters,TFRRS all_performances
"McGinnis, Megan",Duke,ACC,400m,2022,1,,,54.51,s,Virginia Challenge,2022-04-22,,,,Outdoor,https://www.tfrrs.org/results/74753/4516562/Virginia_Challenge/400-Meters,TFRRS all_performances
"Williams, Hailey",Duke,ACC,400m,2022,2,,,56.58,s,Virginia Challenge,2022-04-22,,,,Outdoor,https://www.tfrrs.org/results/74753/4516562/Virginia_Challenge/400-Meters,TFRRS all_performances
"Crean, Jenna",Duke,ACC,400m,2022,3,,,54.47,s,Virginia Grand Prix,2022-05-01,,,,Outdoor,https://www.tfrrs.org/results/74992/4540039/Virginia_Grand_Prix/400-Meters,TFRRS all_performances
"McGinnis, Megan",Duke,ACC,400m,2022,1,,,54.25,s,Virginia Grand Prix,2022-05-01,,,,Outdoor,https://www.tfrrs.org/results/74992/4540039/Virginia_Grand_Prix/400-Meters,TFRRS all_performances
"Williams, Hailey",Duke,ACC,400m,2022,2,,,58.04,s,Virginia Grand Prix,2022-05-01,,,,Outdoor,https://www.tfrrs.org/results/74992/4540039/Virginia_Grand_Prix/400-Meters,TFRRS all_performances
"Crean, Jenna",Duke,ACC,400m,2022,3,,,53.70,s,ACC Outdoor Track & Field Championships,2022-05-12,,,,Outdoor,https://www.tfrrs.org/results/75142/4556608/ACC_Outdoor_Track__Field_Championships/400-Meters,TFRRS all_performances
"Crean, Jenna",Duke,ACC,400m,2022,3,,,53.97,s,ACC Outdoor Track & Field Championships,2022-05-12,,,,Outdoor,https://www.tfrrs.org/results/75142/4556608/ACC_Outdoor_Track__Field_Championships/400-Meters,TFRRS all_performances
"Geiser, Abby",Duke,ACC,400m,2022,1,,,55.88,s,ACC Outdoor Track & Field Championships,2022-05-12,,,,Outdoor,https://www.tfrrs.org/results/75142/4556608/ACC_Outdoor_Track__Field_Championships/400-Meters,TFRRS all_performances
"King, Carly",Duke,ACC,400m,2022,3,,,54.27,s,ACC Outdoor Track & Field Championships,2022-05-12,,,,Outdoor,https://www.tfrrs.org/results/75142/4556608/ACC_Outdoor_Track__Field_Championships/400-Meters,TFRRS all_performances
"McGinnis, Megan",Duke,ACC,400m,2022,1,,,53.27,s,ACC Outdoor Track & Field Championships,2022-05-12,,,,Outdoor,https://www.tfrrs.org/results/75142/4556608/ACC_Outdoor_Track__Field_Championships/400-Meters,TFRRS all_performances
"McGinnis, Megan",Duke,ACC,400m,2022,1,,,53.83,s,ACC Outdoor Track & Field Championships,2022-05-12,,,,Outdoor,https://www.tfrrs.org/results/75142/4556608/ACC_Outdoor_Track__Field_Championships/400-Meters,TFRRS all_performances
"Crean, Jenna",Duke,ACC,400m,2022,3,,,55.12,s,NCAA East Preliminary Round,2022-05-25,,,,Outdoor,https://www.tfrrs.org/results/75213/4566146/NCAA_East_Preliminary_Round/400-Meters,TFRRS all_performances
"King, Carly",Duke,ACC,400m,2022,3,,,53.85,s,NCAA East Preliminary Round,2022-05-25,,,,Outdoor,https://www.tfrrs.org/results/75213/4566146/NCAA_East_Preliminary_Round/400-Meters,TFRRS all_performances
"McGinnis, Megan",Duke,ACC,400m,2022,1,,,53.77,s,NCAA East Preliminary Round,2022-05-25,,,,Outdoor,https://www.tfrrs.org/results/75213/4566146/NCAA_East_Preliminary_Round/400-Meters,TFRRS all_performances
"Klein, Ava",Florida State,ACC,400m,2022,2,,,57.34,s,UF Tom Jones Memorial,2022-04-15,,,,Outdoor,https://www.tfrrs.org/results/73497/4502570/UF_Tom_Jones_Memorial/400-Meters,TFRRS all_performances
"Petit-Pointe, Michelle",Florida State,ACC,400m,2022,1,,,57.32,s,UF Tom Jones Memorial,2022-04-15,,,,Outdoor,https://www.tfrrs.org/results/73497/4502570/UF_Tom_Jones_Memorial/400-Meters,TFRRS all_performances
"Petit-Pointe, Michelle",Florida State,ACC,400m,2022,1,,,57.52,s,North Florida Collegiate Invitational,2022-04-29,,,,Outdoor,https://www.tfrrs.org/results/74586/4536291/North_Florida_Collegiate_Invitational_/400-Meters,TFRRS all_performances
"Peisner, Camille",Stanford,ACC,400m,2022,1,,,58.50,s,Cardinal Classic,2022-03-19,,,,Outdoor,https://www.tfrrs.org/results/71947/4428335/Cardinal_Classic/400-Meters,TFRRS all_performances
"Wilson, Hannah",Stanford,ACC,400m,2022,1,,,1:01.69,s,Cardinal Classic,2022-03-19,,,,Outdoor,https://www.tfrrs.org/results/71947/4428335/Cardinal_Classic/400-Meters,TFRRS all_performances
"Peisner, Camille",Stanford,ACC,400m,2022,1,,,58.35,s,Stanford Invitational,2022-04-01,,,,Outdoor,https://www.tfrrs.org/results/71984/4464260/Stanford_Invitational/400-Meters,TFRRS all_performances
"Price, Trinity",Stanford,ACC,400m,2022,1,,,57.82,s,Stanford Invitational,2022-04-01,,,,Outdoor,https://www.tfrrs.org/results/71984/4464260/Stanford_Invitational/400-Meters,TFRRS all_performances
"Valmon, Maya",Stanford,ACC,400m,2022,1,,,55.18,s,Stanford Invitational,2022-04-01,,,,Outdoor,https://www.tfrrs.org/results/71984/4464260/Stanford_Invitational/400-Meters,TFRRS all_performances
"Wilson, Hannah",Stanford,ACC,400m,2022,1,,,59.07,s,Stanford Invitational,2022-04-01,,,,Outdoor,https://www.tfrrs.org/results/71984/4464260/Stanford_Invitational/400-Meters,TFRRS all_performances
"Peisner, Camille",Stanford,ACC,400m,2022,1,,,57.92,s,Brutus Hamilton Invitational,2022-04-09,,,,Outdoor,https://www.tfrrs.org/results/72832/4485948/Brutus_Hamilton_Invitational/400-Meters,TFRRS all_performances
"Price, Trinity",Stanford,ACC,400m,2022,1,,,57.06,s,Brutus Hamilton Invitational,2022-04-09,,,,Outdoor,https://www.tfrrs.org/results/72832/4485948/Brutus_Hamilton_Invitational/400-Meters,TFRRS all_performances
"Valmon, Maya",Stanford,ACC,400m,2022,1,,,54.99,s,62nd Annual Mt. SAC Relays (Collegiate),2022-04-13,,,,Outdoor,https://www.tfrrs.org/results/72999/4504198/62nd_Annual_Mt_SAC_Relays_Collegiate/400-Meters,TFRRS all_performances
"Wilson, Hannah",Stanford,ACC,400m,2022,1,,,58.91,s,Bryan Clay Invitational,2022-04-13,,,,Outdoor,https://www.tfrrs.org/results/70993/4501766/Bryan_Clay_Invitational/400-Meters,TFRRS all_performances
"Peisner, Camille",Stanford,ACC,400m,2022,1,,,59.99,s,Stanford vs. Cal Big Meet,2022-04-30,,,,Outdoor,https://www.tfrrs.org/results/72461/4538296/Stanford_vs_Cal_Big_Meet/400-Meters,TFRRS all_performances
"Valmon, Maya",Stanford,ACC,400m,2022,1,,,53.65,s,Stanford vs. Cal Big Meet,2022-04-30,,,,Outdoor,https://www.tfrrs.org/results/72461/4538296/Stanford_vs_Cal_Big_Meet/400-Meters,TFRRS all_performances
"Valmon, Maya",Stanford,ACC,400m,2022,1,,,53.36,s,Pac-12 Track & Field Championships,2022-05-13,,,,Outdoor,https://www.tfrrs.org/results/74310/4560238/Pac-12_Track__Field_Championships/400-Meters,TFRRS all_performances
"Valmon, Maya",Stanford,ACC,400m,2022,1,,,54.18,s,Pac-12 Track & Field Championships,2022-05-13,,,,Outdoor,https://www.tfrrs.org/results/74310/4560238/Pac-12_Track__Field_Championships/400-Meters,TFRRS all_performances
"Valmon, Maya",Stanford,ACC,400m,2022,1,,,53.37,s,NCAA West Preliminary Round,2022-05-25,,,,Outdoor,https://www.tfrrs.org/results/75211/4565979/NCAA_West_Preliminary_Round/400-Meters,TFRRS all_performances
"Valmon, Maya",Stanford,ACC,400m,2022,1,,,53.70,s,NCAA West Preliminary Round,2022-05-25,,,,Outdoor,https://www.tfrrs.org/results/75211/4565979/NCAA_West_Preliminary_Round/400-Meters,TFRRS all_performances
"Comella, Abby",Virginia,ACC,400m,2022,1,,,58.30,s,Virginia Open,2022-03-19,,,,Outdoor,https://www.tfrrs.org/results/73547/4427668/Virginia_Open/400-Meters,TFRRS all_performances
"Sabbakhan, Alahna",Virginia,ACC,400m,2022,2,,,57.24,s,Virginia Open,2022-03-19,,,,Outdoor,https://www.tfrrs.org/results/73547/4427668/Virginia_Open/400-Meters,TFRRS all_performances
"Comella, Abby",Virginia,ACC,400m,2022,1,,,56.72,s,Raleigh Relays,2022-03-24,,,,Outdoor,https://www.tfrrs.org/results/73808/4441008/Raleigh_Relays/400-Meters,TFRRS all_performances
"Comella, Abby",Virginia,ACC,400m,2022,1,,,56.56,s,Duke Invitational,2022-04-07,,,,Outdoor,https://www.tfrrs.org/results/74378/4483040/Duke_Invitational/400-Meters,TFRRS all_performances
"Comella, Abby",Virginia,ACC,400m,2022,1,,,55.49,s,Virginia Challenge,2022-04-22,,,,Outdoor,https://www.tfrrs.org/results/74753/4516562/Virginia_Challenge/400-Meters,TFRRS all_performances
"Parenchuk, Anzhelika",Virginia,ACC,400m,2022,1,,,56.45,s,Virginia Grand Prix,2022-05-01,,,,Outdoor,https://www.tfrrs.org/results/74992/4540039/Virginia_Grand_Prix/400-Meters,TFRRS all_performances
"Sabbakhan, Alahna",Virginia,ACC,400m,2022,2,,,56.79,s,Virginia High Performance,2022-05-04,,,,Outdoor,https://www.tfrrs.org/results/75048/4543851/Virginia_High_Performance/400-Meters,TFRRS all_performances
"Comella, Abby",Virginia,ACC,400m,2022,1,,,57.18,s,ACC Outdoor Track & Field Championships,2022-05-12,,,,Outdoor,https://www.tfrrs.org/results/75142/4556608/ACC_Outdoor_Track__Field_Championships/400-Meters,TFRRS all_performances
"Meisberger, Shannon",Arizona,Big 12,400m,2022,4,,,52.61,seconds,2022 Willie Williams Classic/Dave Murray Distance Classic,2022-03-18,,,,Outdoor,https://www.tfrrs.org/results/71096/4425791/2022_Willie_Williams_Classic_Dave_Murray_Distance_Classic/400-Meters,TFRRS all_performances
"Montgomery, Athena",Arizona,Big 12,400m,2022,2,,,58.31,seconds,2022 Willie Williams Classic/Dave Murray Distance Classic,2022-03-18,,,,Outdoor,https://www.tfrrs.org/results/71096/4425791/2022_Willie_Williams_Classic_Dave_Murray_Distance_Classic/400-Meters,TFRRS all_performances
"Bosko, Jenica",Arizona,Big 12,400m,2022,1,,,55.83,seconds,2022 Jim Click Shootout,2022-04-08,,,,Outdoor,https://www.tfrrs.org/results/70958/4485713/2022_Jim_Click_Shootout/400-Meters,TFRRS all_performances
"Foreman, Anna",Arizona,Big 12,400m,2022,3,,,53.85,seconds,2022 Jim Click Shootout,2022-04-08,,,,Outdoor,https://www.tfrrs.org/results/70958/4485713/2022_Jim_Click_Shootout/400-Meters,TFRRS all_performances
"Foreman, Anna",Arizona,Big 12,400m,2022,3,,,54.37,seconds,62nd Annual Mt. SAC Relays (Collegiate),2022-04-13,,,,Outdoor,https://www.tfrrs.org/results/72999/4504198/62nd_Annual_Mt_SAC_Relays_Collegiate/400-Meters,TFRRS all_performances
"Bosko, Jenica",Arizona,Big 12,400m,2022,1,,,56.00,seconds,Desert Heat Classic 2022,2022-04-30,,,,Outdoor,https://www.tfrrs.org/results/71098/4538645/Desert_Heat_Classic_2022/400-Meters,TFRRS all_performances
"Foreman, Anna",Arizona,Big 12,400m,2022,3,,,54.17,seconds,Desert Heat Classic 2022,2022-04-30,,,,Outdoor,https://www.tfrrs.org/results/71098/4538645/Desert_Heat_Classic_2022/400-Meters,TFRRS all_performances
"Foreman, Anna",Arizona,Big 12,400m,2022,3,,,54.74,seconds,Pac-12 Track & Field Championships,2022-05-13,,,,Outdoor,https://www.tfrrs.org/results/74310/4560238/Pac-12_Track__Field_Championships/400-Meters,TFRRS all_performances
"Foreman, Anna",Arizona,Big 12,400m,2022,3,,,54.11,seconds,NCAA West Preliminary Round,2022-05-25,,,,Outdoor,https://www.tfrrs.org/results/75211/4565979/NCAA_West_Preliminary_Round/400-Meters,TFRRS all_performances
"Bolli, Layne",BYU,Big 12,400m,2022,2,,,55.83,seconds,2022 UVU Collegiate Invitational,2022-03-31,,,,Outdoor,https://www.tfrrs.org/results/74121/4464573/2022_UVU_Collegiate_Invitational/400-Meters,TFRRS all_performances
"Oblad, Sami",BYU,Big 12,400m,2022,2,,,56.86,seconds,2022 UVU Collegiate Invitational,2022-03-31,,,,Outdoor,https://www.tfrrs.org/results/74121/4464573/2022_UVU_Collegiate_Invitational/400-Meters,TFRRS all_performances
"Perry, Kayla",BYU,Big 12,400m,2022,3,,,56.88,seconds,2022 UVU Collegiate Invitational,2022-03-31,,,,Outdoor,https://www.tfrrs.org/results/74121/4464573/2022_UVU_Collegiate_Invitational/400-Meters,TFRRS all_performances
"Wilson, Georgi Ana",BYU,Big 12,400m,2022,2,,,1:02.46,seconds,2022 UVU Collegiate Invitational,2022-03-31,,,,Outdoor,https://www.tfrrs.org/results/74121/4464573/2022_UVU_Collegiate_Invitational/400-Meters,TFRRS all_performances
"Bolli, Layne",BYU,Big 12,400m,2022,2,,,58.13,seconds,John McDonnell Invitational,2022-04-07,,,,Outdoor,https://www.tfrrs.org/results/73448/4480929/John_McDonnell_Invitational/400-Meters,TFRRS all_performances
"Hart, Annalise",BYU,Big 12,400m,2022,2,,,55.95,seconds,John McDonnell Invitational,2022-04-07,,,,Outdoor,https://www.tfrrs.org/results/73448/4480929/John_McDonnell_Invitational/400-Meters,TFRRS all_performances
"Jensen, Brinn",BYU,Big 12,400m,2022,3,,,55.36,seconds,2022 SUN ANGEL CLASSIC INVITATIONAL,2022-04-07,,,,Outdoor,https://www.tfrrs.org/results/73083/4485684/2022_SUN_ANGEL_CLASSIC_INVITATIONAL/400-Meters,TFRRS all_performances
"Pontius, Brilee",BYU,Big 12,400m,2022,1,,,56.87,seconds,John McDonnell Invitational,2022-04-07,,,,Outdoor,https://www.tfrrs.org/results/73448/4480929/John_McDonnell_Invitational/400-Meters,TFRRS all_performances
"Oblad, Sami",BYU,Big 12,400m,2022,2,,,57.14,seconds,2022 Aggie Invitational,2022-04-08,,,,Outdoor,https://www.tfrrs.org/results/72750/4484231/2022_Aggie_Invitational/400-Meters,TFRRS all_performances
"Wilson, Georgi Ana",BYU,Big 12,400m,2022,2,,,1:00.02,seconds,2022 Aggie Invitational,2022-04-08,,,,Outdoor,https://www.tfrrs.org/results/72750/4484231/2022_Aggie_Invitational/400-Meters,TFRRS all_performances
"Ellsworth, Alena",BYU,Big 12,400m,2022,4,,,53.68,seconds,Bryan Clay Invitational,2022-04-13,,,,Outdoor,https://www.tfrrs.org/results/70993/4501766/Bryan_Clay_Invitational/400-Meters,TFRRS all_performances
"Hunter, Meghan",BYU,Big 12,400m,2022,2,,,54.52,seconds,Bryan Clay Invitational,2022-04-13,,,,Outdoor,https://www.tfrrs.org/results/70993/4501766/Bryan_Clay_Invitational/400-Meters,TFRRS all_performances
"Seymour, Claire",BYU,Big 12,400m,2022,3,,,53.69,seconds,Bryan Clay Invitational,2022-04-13,,,,Outdoor,https://www.tfrrs.org/results/70993/4501766/Bryan_Clay_Invitational/400-Meters,TFRRS all_performances
"Bolli, Layne",BYU,Big 12,400m,2022,2,,,56.03,seconds,2022 BYU Robison Invitational,2022-04-20,,,,Outdoor,https://www.tfrrs.org/results/74719/4522318/2022_BYU_Robison_Invitational/400-Meters,TFRRS all_performances
"Hart, Annalise",BYU,Big 12,400m,2022,2,,,54.89,seconds,2022 BYU Robison Invitational,2022-04-20,,,,Outdoor,https://www.tfrrs.org/results/74719/4522318/2022_BYU_Robison_Invitational/400-Meters,TFRRS all_performances
"Jensen, Brinn",BYU,Big 12,400m,2022,3,,,55.23,seconds,2022 BYU Robison Invitational,2022-04-20,,,,Outdoor,https://www.tfrrs.org/results/74719/4522318/2022_BYU_Robison_Invitational/400-Meters,TFRRS all_performances
"Oblad, Sami",BYU,Big 12,400m,2022,2,,,57.66,seconds,2022 BYU Robison Invitational,2022-04-20,,,,Outdoor,https://www.tfrrs.org/results/74719/4522318/2022_BYU_Robison_Invitational/400-Meters,TFRRS all_performances
"Pontius, Brilee",BYU,Big 12,400m,2022,1,,,55.83,seconds,2022 BYU Robison Invitational,2022-04-20,,,,Outdoor,https://www.tfrrs.org/results/74719/4522318/2022_BYU_Robison_Invitational/400-Meters,TFRRS all_performances
"Wilson, Georgi Ana",BYU,Big 12,400m,2022,2,,,1:02.07,seconds,2022 BYU Robison Invitational,2022-04-20,,,,Outdoor,https://www.tfrrs.org/results/74719/4522318/2022_BYU_Robison_Invitational/400-Meters,TFRRS all_performances
"Oblad, Sami",BYU,Big 12,400m,2022,2,,,56.70,seconds,2022 Idaho State Bengal Invitational,2022-04-29,,,,Outdoor,https://www.tfrrs.org/results/72137/4537215/2022_Idaho_State_Bengal_Invitational/400-Meters,TFRRS all_performances
"Bolli, Layne",BYU,Big 12,400m,2022,2,,,56.43,seconds,Desert Heat Classic 2022,2022-04-30,,,,Outdoor,https://www.tfrrs.org/results/71098/4538645/Desert_Heat_Classic_2022/400-Meters,TFRRS all_performances
"Hart, Annalise",BYU,Big 12,400m,2022,2,,,54.72,seconds,Desert Heat Classic 2022,2022-04-30,,,,Outdoor,https://www.tfrrs.org/results/71098/4538645/Desert_Heat_Classic_2022/400-Meters,TFRRS all_performances
"Jensen, Brinn",BYU,Big 12,400m,2022,3,,,55.76,seconds,Desert Heat Classic 2022,2022-04-30,,,,Outdoor,https://www.tfrrs.org/results/71098/4538645/Desert_Heat_Classic_2022/400-Meters,TFRRS all_performances
"Pontius, Brilee",BYU,Big 12,400m,2022,1,,,55.04,seconds,Desert Heat Classic 2022,2022-04-30,,,,Outdoor,https://www.tfrrs.org/results/71098/4538645/Desert_Heat_Classic_2022/400-Meters,TFRRS all_performances
"Bolli, Layne",BYU,Big 12,400m,2022,2,,,55.30,seconds,2022 BYU Cougar Invitational,2022-05-06,,,,Outdoor,https://www.tfrrs.org/results/75150/4558081/2022_BYU_Cougar_Invitational/400-Meters,TFRRS all_performances
"Ellsworth, Alena",BYU,Big 12,400m,2022,4,,,52.96,seconds,2022 BYU Cougar Invitational,2022-05-06,,,,Outdoor,https://www.tfrrs.org/results/75150/4558081/2022_BYU_Cougar_Invitational/400-Meters,TFRRS all_performances
"Ellsworth, Alena",BYU,Big 12,400m,2022,4,,,54.38,seconds,Oregon Twilight,2022-05-06,,,,Outdoor,https://www.tfrrs.org/results/73108/4547294/Oregon_Twilight/400-Meters,TFRRS all_performances
"Hart, Annalise",BYU,Big 12,400m,2022,2,,,53.92,seconds,2022 BYU Cougar Invitational,2022-05-06,,,,Outdoor,https://www.tfrrs.org/results/75150/4558081/2022_BYU_Cougar_Invitational/400-Meters,TFRRS all_performances
"Hunter, Meghan",BYU,Big 12,400m,2022,2,,,53.81,seconds,2022 BYU Cougar Invitational,2022-05-06,,,,Outdoor,https://www.tfrrs.org/results/75150/4558081/2022_BYU_Cougar_Invitational/400-Meters,TFRRS all_performances
"Jensen, Brinn",BYU,Big 12,400m,2022,3,,,54.81,seconds,2022 BYU Cougar Invitational,2022-05-06,,,,Outdoor,https://www.tfrrs.org/results/75150/4558081/2022_BYU_Cougar_Invitational/400-Meters,TFRRS all_performances
"Oblad, Sami",BYU,Big 12,400m,2022,2,,,55.67,seconds,2022 BYU Cougar Invitational,2022-05-06,,,,Outdoor,https://www.tfrrs.org/results/75150/4558081/2022_BYU_Cougar_Invitational/400-Meters,TFRRS all_performances
"Pontius, Brilee",BYU,Big 12,400m,2022,1,,,54.63,seconds,2022 BYU Cougar Invitational,2022-05-06,,,,Outdoor,https://www.tfrrs.org/results/75150/4558081/2022_BYU_Cougar_Invitational/400-Meters,TFRRS all_performances
"Ellsworth, Alena",BYU,Big 12,400m,2022,4,,,53.82,seconds,NCAA West Preliminary Round,2022-05-25,,,,Outdoor,https://www.tfrrs.org/results/75211/4565979/NCAA_West_Preliminary_Round/400-Meters,TFRRS all_performances
"Hart, Annalise",BYU,Big 12,400m,2022,2,,,54.68,seconds,NCAA West Preliminary Round,2022-05-25,,,,Outdoor,https://www.tfrrs.org/results/75211/4565979/NCAA_West_Preliminary_Round/400-Meters,TFRRS all_performances
"Garcia, Briana",Baylor,Big 12,400m,2022,3,,,59.15,seconds,Longhorn Invitational,2022-03-05,,,,Outdoor,https://www.tfrrs.org/results/72652/4405097/Longhorn_Invitational/400-Meters,TFRRS all_performances
"Gryne, Jasmine",Baylor,Big 12,400m,2022,1,,,57.39,seconds,Longhorn Invitational,2022-03-05,,,,Outdoor,https://www.tfrrs.org/results/72652/4405097/Longhorn_Invitational/400-Meters,TFRRS all_performances
"Wash, Cierra",Baylor,Big 12,400m,2022,1,,,56.80,seconds,Longhorn Invitational,2022-03-05,,,,Outdoor,https://www.tfrrs.org/results/72652/4405097/Longhorn_Invitational/400-Meters,TFRRS all_performances
"Ayers, Mariah",Baylor,Big 12,400m,2022,2,,,52.77,seconds,TCU Invitational,2022-03-18,,,,Outdoor,https://www.tfrrs.org/results/71303/4426271/TCU_Invitational/400-Meters,TFRRS all_performances
"Carter, Demitra",Baylor,Big 12,400m,2022,4,,,57.42,seconds,TCU Invitational,2022-03-18,,,,Outdoor,https://www.tfrrs.org/results/71303/4426271/TCU_Invitational/400-Meters,TFRRS all_performances
"Morake, Gontse",Baylor,Big 12,400m,2022,2,,,56.07,seconds,TCU Invitational,2022-03-18,,,,Outdoor,https://www.tfrrs.org/results/71303/4426271/TCU_Invitational/400-Meters,TFRRS all_performances
"Stewart, Morgan",Baylor,Big 12,400m,2022,4,,,54.89,seconds,TCU Invitational,2022-03-18,,,,Outdoor,https://www.tfrrs.org/results/71303/4426271/TCU_Invitational/400-Meters,TFRRS all_performances
"Wash, Cierra",Baylor,Big 12,400m,2022,1,,,56.62,seconds,TCU Invitational,2022-03-18,,,,Outdoor,https://www.tfrrs.org/results/71303/4426271/TCU_Invitational/400-Meters,TFRRS all_performances
"Williams, Lily",Baylor,Big 12,400m,2022,1,,,57.86,seconds,TCU Invitational,2022-03-18,,,,Outdoor,https://www.tfrrs.org/results/71303/4426271/TCU_Invitational/400-Meters,TFRRS all_performances
"Francis, Kavia",Baylor,Big 12,400m,2022,1,,,53.08,seconds,Baylor Invitational,2022-04-02,,,,Outdoor,https://www.tfrrs.org/results/71445/4461538/Baylor_Invitational/400-Meters,TFRRS all_performances
"Minor, Arria",Baylor,Big 12,400m,2022,2,,,56.98,seconds,Baylor Invitational,2022-04-02,,,,Outdoor,https://www.tfrrs.org/results/71445/4461538/Baylor_Invitational/400-Meters,TFRRS all_performances
"Nse Uko, Imaobong",Baylor,Big 12,400m,2022,1,,,53.10,seconds,Baylor Invitational,2022-04-02,,,,Outdoor,https://www.tfrrs.org/results/71445/4461538/Baylor_Invitational/400-Meters,TFRRS all_performances
"Wash, Cierra",Baylor,Big 12,400m,2022,1,,,58.37,seconds,Baylor Invitational,2022-04-02,,,,Outdoor,https://www.tfrrs.org/results/71445/4461538/Baylor_Invitational/400-Meters,TFRRS all_performances
"Ayers, Mariah",Baylor,Big 12,400m,2022,2,,,54.29,seconds,44 Farms Team Invitational,2022-04-08,,,,Outdoor,https://www.tfrrs.org/results/74390/4485834/44_Farms_Team_Invitational/400-Meters,TFRRS all_performances
"Francis, Kavia",Baylor,Big 12,400m,2022,1,,,52.85,seconds,44 Farms Team Invitational,2022-04-08,,,,Outdoor,https://www.tfrrs.org/results/74390/4485834/44_Farms_Team_Invitational/400-Meters,TFRRS all_performances
"Garcia, Briana",Baylor,Big 12,400m,2022,3,,,57.37,seconds,44 Farms Team Invitational,2022-04-08,,,,Outdoor,https://www.tfrrs.org/results/74390/4485834/44_Farms_Team_Invitational/400-Meters,TFRRS all_performances
"Nse Uko, Imaobong",Baylor,Big 12,400m,2022,1,,,53.19,seconds,44 Farms Team Invitational,2022-04-08,,,,Outdoor,https://www.tfrrs.org/results/74390/4485834/44_Farms_Team_Invitational/400-Meters,TFRRS all_performances
"Wash, Cierra",Baylor,Big 12,400m,2022,1,,,55.84,seconds,44 Farms Team Invitational,2022-04-08,,,,Outdoor,https://www.tfrrs.org/results/74390/4485834/44_Farms_Team_Invitational/400-Meters,TFRRS all_performances
"Williams, Lily",Baylor,Big 12,400m,2022,1,,,1:01.79,seconds,44 Farms Team Invitational,2022-04-08,,,,Outdoor,https://www.tfrrs.org/results/74390/4485834/44_Farms_Team_Invitational/400-Meters,TFRRS all_performances
"Francis, Kavia",Baylor,Big 12,400m,2022,1,,,52.54,seconds,Michael Johnson Invitational,2022-04-22,,,,Outdoor,https://www.tfrrs.org/results/71446/4517840/Michael_Johnson_Invitational/400-Meters,TFRRS all_performances
"Nse Uko, Imaobong",Baylor,Big 12,400m,2022,1,,,52.89,seconds,Michael Johnson Invitational,2022-04-22,,,,Outdoor,https://www.tfrrs.org/results/71446/4517840/Michael_Johnson_Invitational/400-Meters,TFRRS all_performances
"Wash, Cierra",Baylor,Big 12,400m,2022,1,,,56.40,seconds,Michael Johnson Invitational,2022-04-22,,,,Outdoor,https://www.tfrrs.org/results/71446/4517840/Michael_Johnson_Invitational/400-Meters,TFRRS all_performances
"Williams, Lily",Baylor,Big 12,400m,2022,1,,,59.71,seconds,Michael Johnson Invitational,2022-04-22,,,,Outdoor,https://www.tfrrs.org/results/71446/4517840/Michael_Johnson_Invitational/400-Meters,TFRRS all_performances
"Francis, Kavia",Baylor,Big 12,400m,2022,1,,,51.87,seconds,LSU Invitational,2022-04-30,,,,Outdoor,https://www.tfrrs.org/results/74135/4536432/LSU_Invitational/400-Meters,TFRRS all_performances
"Morake, Gontse",Baylor,Big 12,400m,2022,2,,,53.75,seconds,LSU Invitational,2022-04-30,,,,Outdoor,https://www.tfrrs.org/results/74135/4536432/LSU_Invitational/400-Meters,TFRRS all_performances
"Nse Uko, Imaobong",Baylor,Big 12,400m,2022,1,,,51.66,seconds,LSU Invitational,2022-04-30,,,,Outdoor,https://www.tfrrs.org/results/74135/4536432/LSU_Invitational/400-Meters,TFRRS all_performances
"Wash, Cierra",Baylor,Big 12,400m,2022,1,,,55.40,seconds,LSU Invitational,2022-04-30,,,,Outdoor,https://www.tfrrs.org/results/74135/4536432/LSU_Invitational/400-Meters,TFRRS all_performances
"Williams, Lily",Baylor,Big 12,400m,2022,1,,,57.99,seconds,LSU Invitational,2022-04-30,,,,Outdoor,https://www.tfrrs.org/results/74135/4536432/LSU_Invitational/400-Meters,TFRRS all_performances
"Ayers, Mariah",Baylor,Big 12,400m,2022,2,,,53.08,seconds,Big 12 Championships,2022-05-13,,,,Outdoor,https://www.tfrrs.org/results/75162/4560541/Big_12_Championships/400-Meters,TFRRS all_performances
"Francis, Kavia",Baylor,Big 12,400m,2022,1,,,51.15,seconds,Big 12 Championships,2022-05-13,,,,Outdoor,https://www.tfrrs.org/results/75162/4560541/Big_12_Championships/400-Meters,TFRRS all_performances
"Francis, Kavia",Baylor,Big 12,400m,2022,1,,,51.70,seconds,Big 12 Championships,2022-05-13,,,,Outdoor,https://www.tfrrs.org/results/75162/4560541/Big_12_Championships/400-Meters,TFRRS all_performances
"Nse Uko, Imaobong",Baylor,Big 12,400m,2022,1,,,51.24,seconds,Big 12 Championships,2022-05-13,,,,Outdoor,https://www.tfrrs.org/results/75162/4560541/Big_12_Championships/400-Meters,TFRRS all_performances
"Nse Uko, Imaobong",Baylor,Big 12,400m,2022,1,,,51.89,seconds,Big 12 Championships,2022-05-13,,,,Outdoor,https://www.tfrrs.org/results/75162/4560541/Big_12_Championships/400-Meters,TFRRS all_performances
"Stewart, Morgan",Baylor,Big 12,400m,2022,4,,,55.24,seconds,Big 12 Championships,2022-05-13,,,,Outdoor,https://www.tfrrs.org/results/75162/4560541/Big_12_Championships/400-Meters,TFRRS all_performances
"Wash, Cierra",Baylor,Big 12,400m,2022,1,,,56.39,seconds,Big 12 Championships,2022-05-13,,,,Outdoor,https://www.tfrrs.org/results/75162/4560541/Big_12_Championships/400-Meters,TFRRS all_performances
"Francis, Kavia",Baylor,Big 12,400m,2022,1,,,52.48,seconds,NCAA West Preliminary Round,2022-05-25,,,,Outdoor,https://www.tfrrs.org/results/75211/4565979/NCAA_West_Preliminary_Round/400-Meters,TFRRS all_performances
"Francis, Kavia",Baylor,Big 12,400m,2022,1,,,52.61,seconds,NCAA West Preliminary Round,2022-05-25,,,,Outdoor,https://www.tfrrs.org/results/75211/4565979/NCAA_West_Preliminary_Round/400-Meters,TFRRS all_performances
"Nse Uko, Imaobong",Baylor,Big 12,400m,2022,1,,,52.53,seconds,NCAA West Preliminary Round,2022-05-25,,,,Outdoor,https://www.tfrrs.org/results/75211/4565979/NCAA_West_Preliminary_Round/400-Meters,TFRRS all_performances
"Nse Uko, Imaobong",Baylor,Big 12,400m,2022,1,,,53.14,seconds,NCAA West Preliminary Round,2022-05-25,,,,Outdoor,https://www.tfrrs.org/results/75211/4565979/NCAA_West_Preliminary_Round/400-Meters,TFRRS all_performances
"Francis, Kavia",Baylor,Big 12,400m,2022,1,,,51.17,seconds,NCAA Division I Outdoor Track & Field Championships,2022-06-08,,,,Outdoor,https://www.tfrrs.org/results/75224/4567521/NCAA_Division_I_Outdoor_Track__Field_Championships/400-Meters,TFRRS all_performances
"Francis, Kavia",Baylor,Big 12,400m,2022,1,,,52.16,seconds,NCAA Division I Outdoor Track & Field Championships,2022-06-08,,,,Outdoor,https://www.tfrrs.org/results/75224/4567521/NCAA_Division_I_Outdoor_Track__Field_Championships/400-Meters,TFRRS all_performances
"Nse Uko, Imaobong",Baylor,Big 12,400m,2022,1,,,51.89,seconds,NCAA Division I Outdoor Track & Field Championships,2022-06-08,,,,Outdoor,https://www.tfrrs.org/results/75224/4567521/NCAA_Division_I_Outdoor_Track__Field_Championships/400-Meters,TFRRS all_performances
"Barnes, Bria",Iowa State,Big 12,400m,2022,3,,,54.40,seconds,Texas State Bobcat Invitational,2022-03-24,,,,Outdoor,https://www.tfrrs.org/results/72944/4442517/Texas_State_Bobcat_Invitational/400-Meters,TFRRS all_performances
"Amos, Zakiyah",Iowa State,Big 12,400m,2022,4,,,55.29,seconds,2022 SUN ANGEL CLASSIC INVITATIONAL,2022-04-07,,,,Outdoor,https://www.tfrrs.org/results/73083/4485684/2022_SUN_ANGEL_CLASSIC_INVITATIONAL/400-Meters,TFRRS all_performances
"Barnes, Bria",Iowa State,Big 12,400m,2022,3,,,55.53,seconds,2022 SUN ANGEL CLASSIC INVITATIONAL,2022-04-07,,,,Outdoor,https://www.tfrrs.org/results/73083/4485684/2022_SUN_ANGEL_CLASSIC_INVITATIONAL/400-Meters,TFRRS all_performances
"Amos, Zakiyah",Iowa State,Big 12,400m,2022,4,,,55.08,seconds,Beach Invitational 2022,2022-04-15,,,,Outdoor,https://www.tfrrs.org/results/71032/4506711/Beach_Invitational_2022/400-Meters,TFRRS all_performances
"Barnes, Bria",Iowa State,Big 12,400m,2022,3,,,54.74,seconds,Beach Invitational 2022,2022-04-15,,,,Outdoor,https://www.tfrrs.org/results/71032/4506711/Beach_Invitational_2022/400-Meters,TFRRS all_performances
"Amos, Zakiyah",Iowa State,Big 12,400m,2022,4,,,53.81,seconds,Big 12 Championships,2022-05-13,,,,Outdoor,https://www.tfrrs.org/results/75162/4560541/Big_12_Championships/400-Meters,TFRRS all_performances
"Barnes, Bria",Iowa State,Big 12,400m,2022,3,,,54.55,seconds,Big 12 Championships,2022-05-13,,,,Outdoor,https://www.tfrrs.org/results/75162/4560541/Big_12_Championships/400-Meters,TFRRS all_performances
"Amos, Zakiyah",Iowa State,Big 12,400m,2022,4,,,54.96,seconds,NCAA West Preliminary Round,2022-05-25,,,,Outdoor,https://www.tfrrs.org/results/75211/4565979/NCAA_West_Preliminary_Round/400-Meters,TFRRS all_performances
"Archer, Joanna",Texas Tech,Big 12,400m,2022,3,,,55.63,seconds,Wes Kittley Invitational & Multi,2022-03-17,,,,Outdoor,https://www.tfrrs.org/results/70532/4427338/Wes_Kittley_Invitational__Multi/400-Meters,TFRRS all_performances
"Dubarry-Gay, Nayanna",Texas Tech,Big 12,400m,2022,2,,,54.94,seconds,Wes Kittley Invitational & Multi,2022-03-17,,,,Outdoor,https://www.tfrrs.org/results/70532/4427338/Wes_Kittley_Invitational__Multi/400-Meters,TFRRS all_performances
"Omovoh, Knowledge",Texas Tech,Big 12,400m,2022,4,,,52.45,seconds,Wes Kittley Invitational & Multi,2022-03-17,,,,Outdoor,https://www.tfrrs.org/results/70532/4427338/Wes_Kittley_Invitational__Multi/400-Meters,TFRRS all_performances
"Tyler, Torrye",Texas Tech,Big 12,400m,2022,1,,,58.74,seconds,Wes Kittley Invitational & Multi,2022-03-17,,,,Outdoor,https://www.tfrrs.org/results/70532/4427338/Wes_Kittley_Invitational__Multi/400-Meters,TFRRS all_performances
"Lewis, Michaela",Texas Tech,Big 12,400m,2022,2,,,54.54,seconds,TTU Masked Rider Open,2022-04-01,,,,Outdoor,https://www.tfrrs.org/results/74109/4462903/TTU_Masked_Rider_Open/400-Meters,TFRRS all_performances
"Omovoh, Knowledge",Texas Tech,Big 12,400m,2022,4,,,53.15,seconds,UF Tom Jones Memorial,2022-04-15,,,,Outdoor,https://www.tfrrs.org/results/73497/4502570/UF_Tom_Jones_Memorial/400-Meters,TFRRS all_performances
"Dubarry-Gay, Nayanna",Texas Tech,Big 12,400m,2022,2,,,55.59,seconds,Michael Johnson Invitational,2022-04-22,,,,Outdoor,https://www.tfrrs.org/results/71446/4517840/Michael_Johnson_Invitational/400-Meters,TFRRS all_performances
"Arendt, Fanny",Texas Tech,Big 12,400m,2022,1,,,57.58,seconds,TTU Corky Classic,2022-04-29,,,,Outdoor,https://www.tfrrs.org/results/74975/4538274/TTU_Corky_Classic/400-Meters,TFRRS all_performances
"Dubarry-Gay, Nayanna",Texas Tech,Big 12,400m,2022,2,,,53.60,seconds,TTU Corky Classic,2022-04-29,,,,Outdoor,https://www.tfrrs.org/results/74975/4538274/TTU_Corky_Classic/400-Meters,TFRRS all_performances
"Omovoh, Knowledge",Texas Tech,Big 12,400m,2022,4,,,53.12,seconds,TTU Corky Classic,2022-04-29,,,,Outdoor,https://www.tfrrs.org/results/74975/4538274/TTU_Corky_Classic/400-Meters,TFRRS all_performances
"Dubarry-Gay, Nayanna",Texas Tech,Big 12,400m,2022,2,,,53.04,seconds,Big 12 Championships,2022-05-13,,,,Outdoor,https://www.tfrrs.org/results/75162/4560541/Big_12_Championships/400-Meters,TFRRS all_performances
"Dubarry-Gay, Nayanna",Texas Tech,Big 12,400m,2022,2,,,53.38,seconds,Big 12 Championships,2022-05-13,,,,Outdoor,https://www.tfrrs.org/results/75162/4560541/Big_12_Championships/400-Meters,TFRRS all_performances
"Omovoh, Knowledge",Texas Tech,Big 12,400m,2022,4,,,52.92,seconds,Big 12 Championships,2022-05-13,,,,Outdoor,https://www.tfrrs.org/results/75162/4560541/Big_12_Championships/400-Meters,TFRRS all_performances
"Dubarry-Gay, Nayanna",Texas Tech,Big 12,400m,2022,2,,,53.37,seconds,NCAA West Preliminary Round,2022-05-25,,,,Outdoor,https://www.tfrrs.org/results/75211/4565979/NCAA_West_Preliminary_Round/400-Meters,TFRRS all_performances
"Dubarry-Gay, Nayanna",Texas Tech,Big 12,400m,2022,2,,,54.28,seconds,NCAA West Preliminary Round,2022-05-25,,,,Outdoor,https://www.tfrrs.org/results/75211/4565979/NCAA_West_Preliminary_Round/400-Meters,TFRRS all_performances
"Omovoh, Knowledge",Texas Tech,Big 12,400m,2022,4,,,53.16,seconds,NCAA West Preliminary Round,2022-05-25,,,,Outdoor,https://www.tfrrs.org/results/75211/4565979/NCAA_West_Preliminary_Round/400-Meters,TFRRS all_performances
"Omovoh, Knowledge",Texas Tech,Big 12,400m,2022,4,,,53.46,seconds,NCAA West Preliminary Round,2022-05-25,,,,Outdoor,https://www.tfrrs.org/results/75211/4565979/NCAA_West_Preliminary_Round/400-Meters,TFRRS all_performances
"Humphrey, Tacoria",Illinois,Big Ten,400m,2022,1,,,1:03.06,seconds,Ole Miss Classic,2022-03-25,,,,Outdoor,https://www.tfrrs.org/results/71559/4443834/Ole_Miss_Classic/400-Meters,TFRRS all_performances
"McDowell, Jessica",Illinois,Big Ten,400m,2022,2,,,53.24,seconds,Ole Miss Classic,2022-03-25,,,,Outdoor,https://www.tfrrs.org/results/71559/4443834/Ole_Miss_Classic/400-Meters,TFRRS all_performances
"Stoughton, Danni",Illinois,Big Ten,400m,2022,2,,,55.94,seconds,Ole Miss Classic,2022-03-25,,,,Outdoor,https://www.tfrrs.org/results/71559/4443834/Ole_Miss_Classic/400-Meters,TFRRS all_performances
"Abraham, Mia",Illinois,Big Ten,400m,2022,1,,,59.12,seconds,Redbird Invite,2022-04-01,,,,Outdoor,https://www.tfrrs.org/results/73300/4461378/Redbird_Invite/400-Meters,TFRRS all_performances
"Stoughton, Danni",Illinois,Big Ten,400m,2022,2,,,56.08,seconds,Illini Classic,2022-04-09,,,,Outdoor,https://www.tfrrs.org/results/73327/4485774/Illini_Classic/400-Meters,TFRRS all_performances
"McDowell, Jessica",Illinois,Big Ten,400m,2022,2,,,53.58,seconds,62nd Annual Mt. SAC Relays (Collegiate),2022-04-13,,,,Outdoor,https://www.tfrrs.org/results/72999/4504198/62nd_Annual_Mt_SAC_Relays_Collegiate/400-Meters,TFRRS all_performances
"Stoughton, Danni",Illinois,Big Ten,400m,2022,2,,,56.22,seconds,62nd Annual Mt. SAC Relays (Collegiate),2022-04-13,,,,Outdoor,https://www.tfrrs.org/results/72999/4504198/62nd_Annual_Mt_SAC_Relays_Collegiate/400-Meters,TFRRS all_performances
"McDowell, Jessica",Illinois,Big Ten,400m,2022,2,,,53.23,seconds,Illini Invitational,2022-04-22,,,,Outdoor,https://www.tfrrs.org/results/74190/4520742/Illini_Invitational/400-Meters,TFRRS all_performances
"Neely, Logan",Illinois,Big Ten,400m,2022,1,,,56.29,seconds,Illini Invitational,2022-04-22,,,,Outdoor,https://www.tfrrs.org/results/74190/4520742/Illini_Invitational/400-Meters,TFRRS all_performances
"Stoughton, Danni",Illinois,Big Ten,400m,2022,2,,,56.62,seconds,Illini Invitational,2022-04-22,,,,Outdoor,https://www.tfrrs.org/results/74190/4520742/Illini_Invitational/400-Meters,TFRRS all_performances
"Weaver, Kionna",Illinois,Big Ten,400m,2022,2,,,1:00.46,seconds,Illini Invitational,2022-04-22,,,,Outdoor,https://www.tfrrs.org/results/74190/4520742/Illini_Invitational/400-Meters,TFRRS all_performances
"McDowell, Jessica",Illinois,Big Ten,400m,2022,2,,,54.24,seconds,Drake Relays,2022-04-27,,,,Outdoor,https://www.tfrrs.org/results/74970/4536817/Drake_Relays/400-Meters,TFRRS all_performances
"Abraham, Mia",Illinois,Big Ten,400m,2022,1,,,1:00.27,seconds,Big Ten Outdoor Track & Field Championships,2022-05-13,,,,Outdoor,https://www.tfrrs.org/results/75158/4559887/Big_Ten_Outdoor_Track__Field_Championships/400-Meters,TFRRS all_performances
"McDowell, Jessica",Illinois,Big Ten,400m,2022,2,,,52.79,seconds,Big Ten Outdoor Track & Field Championships,2022-05-13,,,,Outdoor,https://www.tfrrs.org/results/75158/4559887/Big_Ten_Outdoor_Track__Field_Championships/400-Meters,TFRRS all_performances
"McDowell, Jessica",Illinois,Big Ten,400m,2022,2,,,53.35,seconds,Big Ten Outdoor Track & Field Championships,2022-05-13,,,,Outdoor,https://www.tfrrs.org/results/75158/4559887/Big_Ten_Outdoor_Track__Field_Championships/400-Meters,TFRRS all_performances
"Stoughton, Danni",Illinois,Big Ten,400m,2022,2,,,57.06,seconds,Big Ten Outdoor Track & Field Championships,2022-05-13,,,,Outdoor,https://www.tfrrs.org/results/75158/4559887/Big_Ten_Outdoor_Track__Field_Championships/400-Meters,TFRRS all_performances
"McDowell, Jessica",Illinois,Big Ten,400m,2022,2,,,53.37,seconds,NCAA West Preliminary Round,2022-05-25,,,,Outdoor,https://www.tfrrs.org/results/75211/4565979/NCAA_West_Preliminary_Round/400-Meters,TFRRS all_performances
"McDowell, Jessica",Illinois,Big Ten,400m,2022,2,,,53.74,seconds,NCAA West Preliminary Round,2022-05-25,,,,Outdoor,https://www.tfrrs.org/results/75211/4565979/NCAA_West_Preliminary_Round/400-Meters,TFRRS all_performances
"Clarke, Ramonia",Nebraska,Big Ten,400m,2022,2,,,55.22,seconds,Florida Relays,2022-03-31,,,,Outdoor,https://www.tfrrs.org/results/72948/4463895/Florida_Relays/400-Meters,TFRRS all_performances
"Clarke, Ramonia",Nebraska,Big Ten,400m,2022,2,,,55.29,seconds,Florida Relays,2022-03-31,,,,Outdoor,https://www.tfrrs.org/results/72948/4463895/Florida_Relays/400-Meters,TFRRS all_performances
"Hugg, Kayla",Nebraska,Big Ten,400m,2022,2,,,55.09,seconds,John McDonnell Invitational,2022-04-07,,,,Outdoor,https://www.tfrrs.org/results/73448/4480929/John_McDonnell_Invitational/400-Meters,TFRRS all_performances
"McCall, Trinity",Nebraska,Big Ten,400m,2022,2,,,1:01.64,seconds,John McDonnell Invitational,2022-04-07,,,,Outdoor,https://www.tfrrs.org/results/73448/4480929/John_McDonnell_Invitational/400-Meters,TFRRS all_performances
"Clarke, Ramonia",Nebraska,Big Ten,400m,2022,2,,,57.56,seconds,Michael Johnson Invitational,2022-04-22,,,,Outdoor,https://www.tfrrs.org/results/71446/4517840/Michael_Johnson_Invitational/400-Meters,TFRRS all_performances
"Hugg, Kayla",Nebraska,Big Ten,400m,2022,2,,,54.56,seconds,Michael Johnson Invitational,2022-04-22,,,,Outdoor,https://www.tfrrs.org/results/71446/4517840/Michael_Johnson_Invitational/400-Meters,TFRRS all_performances
"Walsh, Nieve",Nebraska,Big Ten,400m,2022,1,,,59.55,seconds,KSU Ward Haylett Invitational,2022-05-06,,,,Outdoor,https://www.tfrrs.org/results/74692/4547612/KSU_Ward_Haylett_Invitational/400-Meters,TFRRS all_performances
"Hugg, Kayla",Nebraska,Big Ten,400m,2022,2,,,54.81,seconds,Big Ten Outdoor Track & Field Championships,2022-05-13,,,,Outdoor,https://www.tfrrs.org/results/75158/4559887/Big_Ten_Outdoor_Track__Field_Championships/400-Meters,TFRRS all_performances
"Kleefeld, Carly",Oregon,Big Ten,400m,2022,4,,,56.55,seconds,OSU PNW Invite,2022-03-19,,,,Outdoor,https://www.tfrrs.org/results/70820/4427194/OSU_PNW_Invite/400-Meters,TFRRS all_performances
"Ramsay, McKenna",Oregon,Big Ten,400m,2022,4,,,55.89,seconds,OSU PNW Invite,2022-03-19,,,,Outdoor,https://www.tfrrs.org/results/70820/4427194/OSU_PNW_Invite/400-Meters,TFRRS all_performances
"Wright, Katriina",Oregon,Big Ten,400m,2022,1,,,53.31,seconds,62nd Annual Mt. SAC Relays (Collegiate),2022-04-13,,,,Outdoor,https://www.tfrrs.org/results/72999/4504198/62nd_Annual_Mt_SAC_Relays_Collegiate/400-Meters,TFRRS all_performances
"Clayton, Ella",Oregon,Big Ten,400m,2022,1,,,53.19,seconds,Oregon Relays (College/Pro/Una),2022-04-22,,,,Outdoor,https://www.tfrrs.org/results/73107/4520398/Oregon_Relays_College_Pro_Una/400-Meters,TFRRS all_performances
"Hall, Shaniya",Oregon,Big Ten,400m,2022,1,,,54.38,seconds,Oregon Relays (College/Pro/Una),2022-04-22,,,,Outdoor,https://www.tfrrs.org/results/73107/4520398/Oregon_Relays_College_Pro_Una/400-Meters,TFRRS all_performances
"Webster, Alexandra",Oregon,Big Ten,400m,2022,2,,,57.13,seconds,Oregon Relays (College/Pro/Una),2022-04-22,,,,Outdoor,https://www.tfrrs.org/results/73107/4520398/Oregon_Relays_College_Pro_Una/400-Meters,TFRRS all_performances
"Clayton, Ella",Oregon,Big Ten,400m,2022,1,,,52.04,seconds,Pac-12 Track & Field Championships,2022-05-13,,,,Outdoor,https://www.tfrrs.org/results/74310/4560238/Pac-12_Track__Field_Championships/400-Meters,TFRRS all_performances
"Clayton, Ella",Oregon,Big Ten,400m,2022,1,,,53.09,seconds,Pac-12 Track & Field Championships,2022-05-13,,,,Outdoor,https://www.tfrrs.org/results/74310/4560238/Pac-12_Track__Field_Championships/400-Meters,TFRRS all_performances
"Wright, Katriina",Oregon,Big Ten,400m,2022,1,,,52.60,seconds,Pac-12 Track & Field Championships,2022-05-13,,,,Outdoor,https://www.tfrrs.org/results/74310/4560238/Pac-12_Track__Field_Championships/400-Meters,TFRRS all_performances
"Wright, Katriina",Oregon,Big Ten,400m,2022,1,,,53.66,seconds,Pac-12 Track & Field Championships,2022-05-13,,,,Outdoor,https://www.tfrrs.org/results/74310/4560238/Pac-12_Track__Field_Championships/400-Meters,TFRRS all_performances
"Clayton, Ella",Oregon,Big Ten,400m,2022,1,,,52.87,seconds,NCAA West Preliminary Round,2022-05-25,,,,Outdoor,https://www.tfrrs.org/results/75211/4565979/NCAA_West_Preliminary_Round/400-Meters,TFRRS all_performances
"Clayton, Ella",Oregon,Big Ten,400m,2022,1,,,53.03,seconds,NCAA West Preliminary Round,2022-05-25,,,,Outdoor,https://www.tfrrs.org/results/75211/4565979/NCAA_West_Preliminary_Round/400-Meters,TFRRS all_performances
"Wright, Katriina",Oregon,Big Ten,400m,2022,1,,,53.12,seconds,NCAA West Preliminary Round,2022-05-25,,,,Outdoor,https://www.tfrrs.org/results/75211/4565979/NCAA_West_Preliminary_Round/400-Meters,TFRRS all_performances
"Wright, Katriina",Oregon,Big Ten,400m,2022,1,,,53.22,seconds,NCAA West Preliminary Round,2022-05-25,,,,Outdoor,https://www.tfrrs.org/results/75211/4565979/NCAA_West_Preliminary_Round/400-Meters,TFRRS all_performances
"Brown, Janiah",USC,Big Ten,400m,2022,2,,,56.54,seconds,Beach Opener 2022,2022-03-04,,,,Outdoor,https://www.tfrrs.org/results/71028/4405939/Beach_Opener_2022/400-Meters,TFRRS all_performances
"Russell, Jemima",USC,Big Ten,400m,2022,4,,,59.32,seconds,Beach Opener 2022,2022-03-04,,,,Outdoor,https://www.tfrrs.org/results/71028/4405939/Beach_Opener_2022/400-Meters,TFRRS all_performances
"Brewer, Alyssa",USC,Big Ten,400m,2022,4,,,57.44,seconds,Trojan Invite,2022-03-18,,,,Outdoor,https://www.tfrrs.org/results/72420/4425965/Trojan_Invite/400-Meters,TFRRS all_performances
"Lear, Bailey",USC,Big Ten,400m,2022,4,,,52.95,seconds,Trojan Invite,2022-03-18,,,,Outdoor,https://www.tfrrs.org/results/72420/4425965/Trojan_Invite/400-Meters,TFRRS all_performances
"Brown, Janiah",USC,Big Ten,400m,2022,2,,,56.06,seconds,Stanford Invitational,2022-04-01,,,,Outdoor,https://www.tfrrs.org/results/71984/4464260/Stanford_Invitational/400-Meters,TFRRS all_performances
"Bernard-Joseph, Breanna",USC,Big Ten,400m,2022,4,,,54.72,seconds,2022 UCSD Triton Invitational (College/University),2022-04-08,,,,Outdoor,https://www.tfrrs.org/results/72372/4485914/2022_UCSD_Triton_Invitational_College_University/400-Meters,TFRRS all_performances
"Lear, Bailey",USC,Big Ten,400m,2022,4,,,53.39,seconds,2022 UCSD Triton Invitational (College/University),2022-04-08,,,,Outdoor,https://www.tfrrs.org/results/72372/4485914/2022_UCSD_Triton_Invitational_College_University/400-Meters,TFRRS all_performances
"Serville, Rae-Anne",USC,Big Ten,400m,2022,3,,,54.66,seconds,2022 UCSD Triton Invitational (College/University),2022-04-08,,,,Outdoor,https://www.tfrrs.org/results/72372/4485914/2022_UCSD_Triton_Invitational_College_University/400-Meters,TFRRS all_performances
"Simmons, Maci",USC,Big Ten,400m,2022,1,,,57.98,seconds,2022 UCSD Triton Invitational (College/University),2022-04-08,,,,Outdoor,https://www.tfrrs.org/results/72372/4485914/2022_UCSD_Triton_Invitational_College_University/400-Meters,TFRRS all_performances
"Ford, Jan'Taijah",USC,Big Ten,400m,2022,3,,,52.03,seconds,62nd Annual Mt. SAC Relays (Collegiate),2022-04-13,,,,Outdoor,https://www.tfrrs.org/results/72999/4504198/62nd_Annual_Mt_SAC_Relays_Collegiate/400-Meters,TFRRS all_performances
"Lear, Bailey",USC,Big Ten,400m,2022,4,,,52.51,seconds,62nd Annual Mt. SAC Relays (Collegiate),2022-04-13,,,,Outdoor,https://www.tfrrs.org/results/72999/4504198/62nd_Annual_Mt_SAC_Relays_Collegiate/400-Meters,TFRRS all_performances
"Brown, Janiah",USC,Big Ten,400m,2022,2,,,56.89,seconds,Chris Rinne Twilight,2022-04-22,,,,Outdoor,https://www.tfrrs.org/results/73504/4515186/Chris_Rinne_Twilight/400-Meters,TFRRS all_performances
"Lear, Bailey",USC,Big Ten,400m,2022,4,,,53.82,seconds,Chris Rinne Twilight,2022-04-22,,,,Outdoor,https://www.tfrrs.org/results/73504/4515186/Chris_Rinne_Twilight/400-Meters,TFRRS all_performances
"Russell, Jemima",USC,Big Ten,400m,2022,4,,,58.59,seconds,Chris Rinne Twilight,2022-04-22,,,,Outdoor,https://www.tfrrs.org/results/73504/4515186/Chris_Rinne_Twilight/400-Meters,TFRRS all_performances
"Ford, Jan'Taijah",USC,Big Ten,400m,2022,2,,,52.77,seconds,USC vs. UCLA,2022-04-30,,,,Outdoor,https://www.tfrrs.org/results/73574/4539745/USC_vs_UCLA_/400-Meters,TFRRS all_performances
"Harris, Kimberly",USC,Big Ten,400m,2022,2,,,55.10,seconds,USC vs. UCLA,2022-04-30,,,,Outdoor,https://www.tfrrs.org/results/73574/4539745/USC_vs_UCLA_/400-Meters,TFRRS all_performances
"Lear, Bailey",USC,Big Ten,400m,2022,4,,,53.03,seconds,USC vs. UCLA,2022-04-30,,,,Outdoor,https://www.tfrrs.org/results/73574/4539745/USC_vs_UCLA_/400-Meters,TFRRS all_performances
"Ford, Jan'Taijah",USC,Big Ten,400m,2022,2,,,51.22,seconds,Pac-12 Track & Field Championships,2022-05-13,,,,Outdoor,https://www.tfrrs.org/results/74310/4560238/Pac-12_Track__Field_Championships/400-Meters,TFRRS all_performances
"Ford, Jan'Taijah",USC,Big Ten,400m,2022,2,,,52.38,seconds,Pac-12 Track & Field Championships,2022-05-13,,,,Outdoor,https://www.tfrrs.org/results/74310/4560238/Pac-12_Track__Field_Championships/400-Meters,TFRRS all_performances
"Harris, Kimberly",USC,Big Ten,400m,2022,2,,,53.77,seconds,Pac-12 Track & Field Championships,2022-05-13,,,,Outdoor,https://www.tfrrs.org/results/74310/4560238/Pac-12_Track__Field_Championships/400-Meters,TFRRS all_performances
"Harris, Kimberly",USC,Big Ten,400m,2022,2,,,54.50,seconds,Pac-12 Track & Field Championships,2022-05-13,,,,Outdoor,https://www.tfrrs.org/results/74310/4560238/Pac-12_Track__Field_Championships/400-Meters,TFRRS all_performances
"Lear, Bailey",USC,Big Ten,400m,2022,4,,,51.76,seconds,Pac-12 Track & Field Championships,2022-05-13,,,,Outdoor,https://www.tfrrs.org/results/74310/4560238/Pac-12_Track__Field_Championships/400-Meters,TFRRS all_performances
"Lear, Bailey",USC,Big Ten,400m,2022,4,,,52.73,seconds,Pac-12 Track & Field Championships,2022-05-13,,,,Outdoor,https://www.tfrrs.org/results/74310/4560238/Pac-12_Track__Field_Championships/400-Meters,TFRRS all_performances
"Ford, Jan'Taijah",USC,Big Ten,400m,2022,2,,,51.87,seconds,NCAA West Preliminary Round,2022-05-25,,,,Outdoor,https://www.tfrrs.org/results/75211/4565979/NCAA_West_Preliminary_Round/400-Meters,TFRRS all_performances
"Ford, Jan'Taijah",USC,Big Ten,400m,2022,2,,,52.85,seconds,NCAA West Preliminary Round,2022-05-25,,,,Outdoor,https://www.tfrrs.org/results/75211/4565979/NCAA_West_Preliminary_Round/400-Meters,TFRRS all_performances
"Lear, Bailey",USC,Big Ten,400m,2022,4,,,52.07,seconds,NCAA West Preliminary Round,2022-05-25,,,,Outdoor,https://www.tfrrs.org/results/75211/4565979/NCAA_West_Preliminary_Round/400-Meters,TFRRS all_performances
"Lear, Bailey",USC,Big Ten,400m,2022,4,,,52.45,seconds,NCAA West Preliminary Round,2022-05-25,,,,Outdoor,https://www.tfrrs.org/results/75211/4565979/NCAA_West_Preliminary_Round/400-Meters,TFRRS all_performances
"Ford, Jan'Taijah",USC,Big Ten,400m,2022,2,,,52.26,seconds,NCAA Division I Outdoor Track & Field Championships,2022-06-08,,,,Outdoor,https://www.tfrrs.org/results/75224/4567521/NCAA_Division_I_Outdoor_Track__Field_Championships/400-Meters,TFRRS all_performances
"Lear, Bailey",USC,Big Ten,400m,2022,4,,,51.87,seconds,NCAA Division I Outdoor Track & Field Championships,2022-06-08,,,,Outdoor,https://www.tfrrs.org/results/75224/4567521/NCAA_Division_I_Outdoor_Track__Field_Championships/400-Meters,TFRRS all_performances
"Gersch, Victoria",Washington,Big Ten,400m,2022,4,,,54.66,seconds,Raleigh Relays,2022-03-24,,,,Outdoor,https://www.tfrrs.org/results/73808/4441008/Raleigh_Relays/400-Meters,TFRRS all_performances
"Ribera, Olivia",Washington,Big Ten,400m,2022,4,,,58.76,seconds,Raleigh Relays,2022-03-24,,,,Outdoor,https://www.tfrrs.org/results/73808/4441008/Raleigh_Relays/400-Meters,TFRRS all_performances
"Gersch, Victoria",Washington,Big Ten,400m,2022,4,,,54.53,seconds,West Coast Relays,2022-03-31,,,,Outdoor,https://www.tfrrs.org/results/72319/4459115/West_Coast_Relays/400-Meters,TFRRS all_performances
"Gersch, Victoria",Washington,Big Ten,400m,2022,4,,,54.20,seconds,62nd Annual Mt. SAC Relays (Collegiate),2022-04-13,,,,Outdoor,https://www.tfrrs.org/results/72999/4504198/62nd_Annual_Mt_SAC_Relays_Collegiate/400-Meters,TFRRS all_performances
"Ribera, Olivia",Washington,Big Ten,400m,2022,4,,,54.97,seconds,62nd Annual Mt. SAC Relays (Collegiate),2022-04-13,,,,Outdoor,https://www.tfrrs.org/results/72999/4504198/62nd_Annual_Mt_SAC_Relays_Collegiate/400-Meters,TFRRS all_performances
"Preigh, Marlena",Washington,Big Ten,400m,2022,2,,,59.07,seconds,WSU-UW Dual,2022-04-22,,,,Outdoor,https://www.tfrrs.org/results/74635/4514270/WSU-UW_Dual/400-Meters,TFRRS all_performances
"Thomas, Carley",Washington,Big Ten,400m,2022,2,,,56.67,seconds,WSU-UW Dual,2022-04-22,,,,Outdoor,https://www.tfrrs.org/results/74635/4514270/WSU-UW_Dual/400-Meters,TFRRS all_performances
"Gersch, Victoria",Washington,Big Ten,400m,2022,4,,,56.85,seconds,Pac-12 Track & Field Championships,2022-05-13,,,,Outdoor,https://www.tfrrs.org/results/74310/4560238/Pac-12_Track__Field_Championships/400-Meters,TFRRS all_performances
"Gersch, Victoria",Washington,Big Ten,400m,2022,4,,,56.64,seconds,NCAA West Preliminary Round,2022-05-25,,,,Outdoor,https://www.tfrrs.org/results/75211/4565979/NCAA_West_Preliminary_Round/400-Meters,TFRRS all_performances
"O'Neill, Maddie",Alabama,SEC,400m,2022,1,,,1:01.47,seconds,LSU Joe May Invitational,2022-04-09,,,,Outdoor,https://www.tfrrs.org/results/74133/4482456/LSU_Joe_May_Invitational/400-Meters,TFRRS all_performances
"Obi, Amarachukwu",Alabama,SEC,400m,2022,2,,,54.10,seconds,LSU Joe May Invitational,2022-04-09,,,,Outdoor,https://www.tfrrs.org/results/74133/4482456/LSU_Joe_May_Invitational/400-Meters,TFRRS all_performances
"Smith, Victoya",Alabama,SEC,400m,2022,1,,,59.72,seconds,LSU Joe May Invitational,2022-04-09,,,,Outdoor,https://www.tfrrs.org/results/74133/4482456/LSU_Joe_May_Invitational/400-Meters,TFRRS all_performances
"Spicer, Chanice",Alabama,SEC,400m,2022,1,,,56.15,seconds,LSU Joe May Invitational,2022-04-09,,,,Outdoor,https://www.tfrrs.org/results/74133/4482456/LSU_Joe_May_Invitational/400-Meters,TFRRS all_performances
"Milani, Sydney",Alabama,SEC,400m,2022,3,,,56.85,seconds,UF Tom Jones Memorial,2022-04-15,,,,Outdoor,https://www.tfrrs.org/results/73497/4502570/UF_Tom_Jones_Memorial/400-Meters,TFRRS all_performances
"Obi, Amarachukwu",Alabama,SEC,400m,2022,2,,,53.38,seconds,UF Tom Jones Memorial,2022-04-15,,,,Outdoor,https://www.tfrrs.org/results/73497/4502570/UF_Tom_Jones_Memorial/400-Meters,TFRRS all_performances
"Spicer, Chanice",Alabama,SEC,400m,2022,1,,,55.62,seconds,UF Tom Jones Memorial,2022-04-15,,,,Outdoor,https://www.tfrrs.org/results/73497/4502570/UF_Tom_Jones_Memorial/400-Meters,TFRRS all_performances
"Mosley, Christal",Alabama,SEC,400m,2022,3,,,53.12,seconds,Crimson Tide Invitational,2022-04-22,,,,Outdoor,https://www.tfrrs.org/results/74765/4519345/Crimson_Tide_Invitational/400-Meters,TFRRS all_performances
"O'Neill, Maddie",Alabama,SEC,400m,2022,1,,,58.96,seconds,Crimson Tide Invitational,2022-04-22,,,,Outdoor,https://www.tfrrs.org/results/74765/4519345/Crimson_Tide_Invitational/400-Meters,TFRRS all_performances
"Obi, Amarachukwu",Alabama,SEC,400m,2022,2,,,54.10,seconds,Crimson Tide Invitational,2022-04-22,,,,Outdoor,https://www.tfrrs.org/results/74765/4519345/Crimson_Tide_Invitational/400-Meters,TFRRS all_performances
"Mosley, Christal",Alabama,SEC,400m,2022,3,,,53.70,seconds,LSU Invitational,2022-04-30,,,,Outdoor,https://www.tfrrs.org/results/74135/4536432/LSU_Invitational/400-Meters,TFRRS all_performances
"Spicer, Chanice",Alabama,SEC,400m,2022,1,,,55.79,seconds,LSU Invitational,2022-04-30,,,,Outdoor,https://www.tfrrs.org/results/74135/4536432/LSU_Invitational/400-Meters,TFRRS all_performances
"Mosley, Christal",Alabama,SEC,400m,2022,3,,,53.87,seconds,SEC Outdoor Track & Field Championships,2022-05-12,,,,Outdoor,https://www.tfrrs.org/results/74844/4557146/SEC_Outdoor_Track__Field_Championships/400-Meters,TFRRS all_performances
"Obi, Amarachukwu",Alabama,SEC,400m,2022,2,,,53.36,seconds,SEC Outdoor Track & Field Championships,2022-05-12,,,,Outdoor,https://www.tfrrs.org/results/74844/4557146/SEC_Outdoor_Track__Field_Championships/400-Meters,TFRRS all_performances
"Spicer, Chanice",Alabama,SEC,400m,2022,1,,,56.90,seconds,SEC Outdoor Track & Field Championships,2022-05-12,,,,Outdoor,https://www.tfrrs.org/results/74844/4557146/SEC_Outdoor_Track__Field_Championships/400-Meters,TFRRS all_performances
"Mosley, Christal",Alabama,SEC,400m,2022,3,,,53.38,seconds,NCAA East Preliminary Round,2022-05-25,,,,Outdoor,https://www.tfrrs.org/results/75213/4566146/NCAA_East_Preliminary_Round/400-Meters,TFRRS all_performances
"Obi, Amarachukwu",Alabama,SEC,400m,2022,2,,,52.98,seconds,NCAA East Preliminary Round,2022-05-25,,,,Outdoor,https://www.tfrrs.org/results/75213/4566146/NCAA_East_Preliminary_Round/400-Meters,TFRRS all_performances
"Obi, Amarachukwu",Alabama,SEC,400m,2022,2,,,53.32,seconds,NCAA East Preliminary Round,2022-05-25,,,,Outdoor,https://www.tfrrs.org/results/75213/4566146/NCAA_East_Preliminary_Round/400-Meters,TFRRS all_performances
"Anderson, Doneisha",Florida,SEC,400m,2022,3,,,54.32,seconds,Florida Relays,2022-03-31,,,,Outdoor,https://www.tfrrs.org/results/72948/4463895/Florida_Relays/400-Meters,TFRRS all_performances
"Diggs, Talitha",Florida,SEC,400m,2022,2,,,51.93,seconds,UF Tom Jones Memorial,2022-04-15,,,,Outdoor,https://www.tfrrs.org/results/73497/4502570/UF_Tom_Jones_Memorial/400-Meters,TFRRS all_performances
"Lester, Sterling",Florida,SEC,400m,2022,3,,,53.46,seconds,UF Tom Jones Memorial,2022-04-15,,,,Outdoor,https://www.tfrrs.org/results/73497/4502570/UF_Tom_Jones_Memorial/400-Meters,TFRRS all_performances
"Tate, Caitlan",Florida,SEC,400m,2022,4,,,53.71,seconds,UF Tom Jones Memorial,2022-04-15,,,,Outdoor,https://www.tfrrs.org/results/73497/4502570/UF_Tom_Jones_Memorial/400-Meters,TFRRS all_performances
"Anderson, Doneisha",Florida,SEC,400m,2022,3,,,54.05,seconds,LSU Invitational,2022-04-30,,,,Outdoor,https://www.tfrrs.org/results/74135/4536432/LSU_Invitational/400-Meters,TFRRS all_performances
"Lester, Sterling",Florida,SEC,400m,2022,3,,,53.13,seconds,LSU Invitational,2022-04-30,,,,Outdoor,https://www.tfrrs.org/results/74135/4536432/LSU_Invitational/400-Meters,TFRRS all_performances
"Manson, Taylor",Florida,SEC,400m,2022,4,,,52.35,seconds,LSU Invitational,2022-04-30,,,,Outdoor,https://www.tfrrs.org/results/74135/4536432/LSU_Invitational/400-Meters,TFRRS all_performances
"Tate, Caitlan",Florida,SEC,400m,2022,4,,,53.44,seconds,LSU Invitational,2022-04-30,,,,Outdoor,https://www.tfrrs.org/results/74135/4536432/LSU_Invitational/400-Meters,TFRRS all_performances
"Anderson, Doneisha",Florida,SEC,400m,2022,3,,,53.66,seconds,SEC Outdoor Track & Field Championships,2022-05-12,,,,Outdoor,https://www.tfrrs.org/results/74844/4557146/SEC_Outdoor_Track__Field_Championships/400-Meters,TFRRS all_performances
"Diggs, Talitha",Florida,SEC,400m,2022,2,,,51.24,seconds,SEC Outdoor Track & Field Championships,2022-05-12,,,,Outdoor,https://www.tfrrs.org/results/74844/4557146/SEC_Outdoor_Track__Field_Championships/400-Meters,TFRRS all_performances
"Diggs, Talitha",Florida,SEC,400m,2022,2,,,51.75,seconds,SEC Outdoor Track & Field Championships,2022-05-12,,,,Outdoor,https://www.tfrrs.org/results/74844/4557146/SEC_Outdoor_Track__Field_Championships/400-Meters,TFRRS all_performances
"Manson, Taylor",Florida,SEC,400m,2022,4,,,52.86,seconds,SEC Outdoor Track & Field Championships,2022-05-12,,,,Outdoor,https://www.tfrrs.org/results/74844/4557146/SEC_Outdoor_Track__Field_Championships/400-Meters,TFRRS all_performances
"Tate, Caitlan",Florida,SEC,400m,2022,4,,,54.07,seconds,SEC Outdoor Track & Field Championships,2022-05-12,,,,Outdoor,https://www.tfrrs.org/results/74844/4557146/SEC_Outdoor_Track__Field_Championships/400-Meters,TFRRS all_performances
"Anderson, Doneisha",Florida,SEC,400m,2022,3,,,53.68,seconds,NCAA East Preliminary Round,2022-05-25,,,,Outdoor,https://www.tfrrs.org/results/75213/4566146/NCAA_East_Preliminary_Round/400-Meters,TFRRS all_performances
"Diggs, Talitha",Florida,SEC,400m,2022,2,,,51.22,seconds,NCAA East Preliminary Round,2022-05-25,,,,Outdoor,https://www.tfrrs.org/results/75213/4566146/NCAA_East_Preliminary_Round/400-Meters,TFRRS all_performances
"Diggs, Talitha",Florida,SEC,400m,2022,2,,,51.82,seconds,NCAA East Preliminary Round,2022-05-25,,,,Outdoor,https://www.tfrrs.org/results/75213/4566146/NCAA_East_Preliminary_Round/400-Meters,TFRRS all_performances
"Lester, Sterling",Florida,SEC,400m,2022,3,,,53.23,seconds,NCAA East Preliminary Round,2022-05-25,,,,Outdoor,https://www.tfrrs.org/results/75213/4566146/NCAA_East_Preliminary_Round/400-Meters,TFRRS all_performances
"Lester, Sterling",Florida,SEC,400m,2022,3,,,53.58,seconds,NCAA East Preliminary Round,2022-05-25,,,,Outdoor,https://www.tfrrs.org/results/75213/4566146/NCAA_East_Preliminary_Round/400-Meters,TFRRS all_performances
"Manson, Taylor",Florida,SEC,400m,2022,4,,,51.77,seconds,NCAA East Preliminary Round,2022-05-25,,,,Outdoor,https://www.tfrrs.org/results/75213/4566146/NCAA_East_Preliminary_Round/400-Meters,TFRRS all_performances
"Manson, Taylor",Florida,SEC,400m,2022,4,,,52.53,seconds,NCAA East Preliminary Round,2022-05-25,,,,Outdoor,https://www.tfrrs.org/results/75213/4566146/NCAA_East_Preliminary_Round/400-Meters,TFRRS all_performances
"Tate, Caitlan",Florida,SEC,400m,2022,4,,,52.84,seconds,NCAA East Preliminary Round,2022-05-25,,,,Outdoor,https://www.tfrrs.org/results/75213/4566146/NCAA_East_Preliminary_Round/400-Meters,TFRRS all_performances
"Tate, Caitlan",Florida,SEC,400m,2022,4,,,52.99,seconds,NCAA East Preliminary Round,2022-05-25,,,,Outdoor,https://www.tfrrs.org/results/75213/4566146/NCAA_East_Preliminary_Round/400-Meters,TFRRS all_performances
"Diggs, Talitha",Florida,SEC,400m,2022,2,,,49.99,seconds,NCAA Division I Outdoor Track & Field Championships,2022-06-08,,,,Outdoor,https://www.tfrrs.org/results/75224/4567521/NCAA_Division_I_Outdoor_Track__Field_Championships/400-Meters,TFRRS all_performances
"Diggs, Talitha",Florida,SEC,400m,2022,2,,,50.08,seconds,NCAA Division I Outdoor Track & Field Championships,2022-06-08,,,,Outdoor,https://www.tfrrs.org/results/75224/4567521/NCAA_Division_I_Outdoor_Track__Field_Championships/400-Meters,TFRRS all_performances
"Manson, Taylor",Florida,SEC,400m,2022,4,,,51.65,seconds,NCAA Division I Outdoor Track & Field Championships,2022-06-08,,,,Outdoor,https://www.tfrrs.org/results/75224/4567521/NCAA_Division_I_Outdoor_Track__Field_Championships/400-Meters,TFRRS all_performances
"Jackson, Destiny",Georgia,SEC,400m,2022,3,,,54.14,seconds,Georgia Tech Yellow Jacket Invitational,2022-03-18,,,,Outdoor,https://www.tfrrs.org/results/73542/4425685/Georgia_Tech_Yellow_Jacket_Invitational/400-Meters,TFRRS all_performances
"McClintock, Halle",Georgia,SEC,400m,2022,4,,,56.24,seconds,Georgia Tech Yellow Jacket Invitational,2022-03-18,,,,Outdoor,https://www.tfrrs.org/results/73542/4425685/Georgia_Tech_Yellow_Jacket_Invitational/400-Meters,TFRRS all_performances
"Jackson, Destiny",Georgia,SEC,400m,2022,3,,,54.26,seconds,Georgia Tech Invitational,2022-04-22,,,,Outdoor,https://www.tfrrs.org/results/74751/4516396/Georgia_Tech_Invitational/400-Meters,TFRRS all_performances
"Jackson, Destiny",Georgia,SEC,400m,2022,3,,,54.27,seconds,Torrin Lawrence Memorial Invite,2022-04-29,,,,Outdoor,https://www.tfrrs.org/results/74967/4535932/Torrin_Lawrence_Memorial_Invite/400-Meters,TFRRS all_performances
"McClintock, Halle",Georgia,SEC,400m,2022,4,,,56.16,seconds,Torrin Lawrence Memorial Invite,2022-04-29,,,,Outdoor,https://www.tfrrs.org/results/74967/4535932/Torrin_Lawrence_Memorial_Invite/400-Meters,TFRRS all_performances
"Jackson, Destiny",Georgia,SEC,400m,2022,3,,,55.53,seconds,SEC Outdoor Track & Field Championships,2022-05-12,,,,Outdoor,https://www.tfrrs.org/results/74844/4557146/SEC_Outdoor_Track__Field_Championships/400-Meters,TFRRS all_performances
"McClennon, Dynasty",Kentucky,SEC,400m,2022,1,,,55.88,seconds,Black and Gold Invite,2022-03-18,,,,Outdoor,https://www.tfrrs.org/results/72780/4425351/Black_and_Gold_Invite/400-Meters,TFRRS all_performances
"Holmes, Alexis",Kentucky,SEC,400m,2022,3,,,51.94,seconds,Florida Relays,2022-03-31,,,,Outdoor,https://www.tfrrs.org/results/72948/4463895/Florida_Relays/400-Meters,TFRRS all_performances
"McClennon, Dynasty",Kentucky,SEC,400m,2022,1,,,55.38,seconds,Florida Relays,2022-03-31,,,,Outdoor,https://www.tfrrs.org/results/72948/4463895/Florida_Relays/400-Meters,TFRRS all_performances
"Moss, Megan",Kentucky,SEC,400m,2022,2,,,53.08,seconds,Florida Relays,2022-03-31,,,,Outdoor,https://www.tfrrs.org/results/72948/4463895/Florida_Relays/400-Meters,TFRRS all_performances
"Jackson, Jasmine",Kentucky,SEC,400m,2022,1,,,1:01.09,seconds,2022 Oliver Nikoloff Invitational,2022-04-01,,,,Outdoor,https://www.tfrrs.org/results/73312/4461635/2022_Oliver_Nikoloff_Invitational_/400-Meters,TFRRS all_performances
"McClennon, Dynasty",Kentucky,SEC,400m,2022,1,,,55.73,seconds,LSU Joe May Invitational,2022-04-09,,,,Outdoor,https://www.tfrrs.org/results/74133/4482456/LSU_Joe_May_Invitational/400-Meters,TFRRS all_performances
"Moss, Megan",Kentucky,SEC,400m,2022,2,,,52.90,seconds,LSU Joe May Invitational,2022-04-09,,,,Outdoor,https://www.tfrrs.org/results/74133/4482456/LSU_Joe_May_Invitational/400-Meters,TFRRS all_performances
"Holmes, Alexis",Kentucky,SEC,400m,2022,3,,,51.54,seconds,2022 Kentucky Track & Field Invitational,2022-04-22,,,,Outdoor,https://www.tfrrs.org/results/70609/4516833/2022_Kentucky_Track__Field_Invitational/400-Meters,TFRRS all_performances
"Moss, Megan",Kentucky,SEC,400m,2022,2,,,52.23,seconds,2022 Kentucky Track & Field Invitational,2022-04-22,,,,Outdoor,https://www.tfrrs.org/results/70609/4516833/2022_Kentucky_Track__Field_Invitational/400-Meters,TFRRS all_performances
"Holmes, Alexis",Kentucky,SEC,400m,2022,3,,,50.74,seconds,SEC Outdoor Track & Field Championships,2022-05-12,,,,Outdoor,https://www.tfrrs.org/results/74844/4557146/SEC_Outdoor_Track__Field_Championships/400-Meters,TFRRS all_performances
"Holmes, Alexis",Kentucky,SEC,400m,2022,3,,,51.92,seconds,SEC Outdoor Track & Field Championships,2022-05-12,,,,Outdoor,https://www.tfrrs.org/results/74844/4557146/SEC_Outdoor_Track__Field_Championships/400-Meters,TFRRS all_performances
"Moss, Megan",Kentucky,SEC,400m,2022,2,,,52.70,seconds,SEC Outdoor Track & Field Championships,2022-05-12,,,,Outdoor,https://www.tfrrs.org/results/74844/4557146/SEC_Outdoor_Track__Field_Championships/400-Meters,TFRRS all_performances
"Holmes, Alexis",Kentucky,SEC,400m,2022,3,,,51.24,seconds,NCAA East Preliminary Round,2022-05-25,,,,Outdoor,https://www.tfrrs.org/results/75213/4566146/NCAA_East_Preliminary_Round/400-Meters,TFRRS all_performances
"Holmes, Alexis",Kentucky,SEC,400m,2022,3,,,51.65,seconds,NCAA East Preliminary Round,2022-05-25,,,,Outdoor,https://www.tfrrs.org/results/75213/4566146/NCAA_East_Preliminary_Round/400-Meters,TFRRS all_performances
"Moss, Megan",Kentucky,SEC,400m,2022,2,,,52.07,seconds,NCAA East Preliminary Round,2022-05-25,,,,Outdoor,https://www.tfrrs.org/results/75213/4566146/NCAA_East_Preliminary_Round/400-Meters,TFRRS all_performances
"Moss, Megan",Kentucky,SEC,400m,2022,2,,,52.14,seconds,NCAA East Preliminary Round,2022-05-25,,,,Outdoor,https://www.tfrrs.org/results/75213/4566146/NCAA_East_Preliminary_Round/400-Meters,TFRRS all_performances
"Holmes, Alexis",Kentucky,SEC,400m,2022,3,,,50.71,seconds,NCAA Division I Outdoor Track & Field Championships,2022-06-08,,,,Outdoor,https://www.tfrrs.org/results/75224/4567521/NCAA_Division_I_Outdoor_Track__Field_Championships/400-Meters,TFRRS all_performances
"Holmes, Alexis",Kentucky,SEC,400m,2022,3,,,50.75,seconds,NCAA Division I Outdoor Track & Field Championships,2022-06-08,,,,Outdoor,https://www.tfrrs.org/results/75224/4567521/NCAA_Division_I_Outdoor_Track__Field_Championships/400-Meters,TFRRS all_performances
"Moss, Megan",Kentucky,SEC,400m,2022,2,,,51.73,seconds,NCAA Division I Outdoor Track & Field Championships,2022-06-08,,,,Outdoor,https://www.tfrrs.org/results/75224/4567521/NCAA_Division_I_Outdoor_Track__Field_Championships/400-Meters,TFRRS all_performances
"Johnson, Alysia",South Carolina,SEC,400m,2022,2,,,53.63,seconds,Tiger Track Classic 2022,2022-03-18,,,,Outdoor,https://www.tfrrs.org/results/70529/4425961/Tiger_Track_Classic_2022/400-Meters,TFRRS all_performances
"Nagbe, Pearl",South Carolina,SEC,400m,2022,2,,,54.99,seconds,Tiger Track Classic 2022,2022-03-18,,,,Outdoor,https://www.tfrrs.org/results/70529/4425961/Tiger_Track_Classic_2022/400-Meters,TFRRS all_performances
"Dunmore, Makenzie",South Carolina,SEC,400m,2022,4,,,52.38,seconds,Weems Baskin Relays,2022-03-25,,,,Outdoor,https://www.tfrrs.org/results/73088/4440082/Weems_Baskin_Relays/400-Meters,TFRRS all_performances
"Frank, Angel",South Carolina,SEC,400m,2022,2,,,54.00,seconds,Weems Baskin Relays,2022-03-25,,,,Outdoor,https://www.tfrrs.org/results/73088/4440082/Weems_Baskin_Relays/400-Meters,TFRRS all_performances
"Davis , Stephanie",South Carolina,SEC,400m,2022,4,,,52.11,seconds,Gamecock Invitational,2022-04-16,,,,Outdoor,https://www.tfrrs.org/results/73089/4503353/Gamecock_Invitational_/400-Meters,TFRRS all_performances
"Dunmore, Makenzie",South Carolina,SEC,400m,2022,4,,,52.20,seconds,Gamecock Invitational,2022-04-16,,,,Outdoor,https://www.tfrrs.org/results/73089/4503353/Gamecock_Invitational_/400-Meters,TFRRS all_performances
"Frank, Angel",South Carolina,SEC,400m,2022,2,,,53.14,seconds,Gamecock Invitational,2022-04-16,,,,Outdoor,https://www.tfrrs.org/results/73089/4503353/Gamecock_Invitational_/400-Meters,TFRRS all_performances
"Johnson, Alysia",South Carolina,SEC,400m,2022,2,,,52.41,seconds,Gamecock Invitational,2022-04-16,,,,Outdoor,https://www.tfrrs.org/results/73089/4503353/Gamecock_Invitational_/400-Meters,TFRRS all_performances
"Pyatt , Aaliyah",South Carolina,SEC,400m,2022,1,,,53.42,seconds,Gamecock Invitational,2022-04-16,,,,Outdoor,https://www.tfrrs.org/results/73089/4503353/Gamecock_Invitational_/400-Meters,TFRRS all_performances
"Davis , Stephanie",South Carolina,SEC,400m,2022,4,,,52.05,seconds,UofSC Open,2022-04-23,,,,Outdoor,https://www.tfrrs.org/results/73095/4518990/UofSC_Open/400-Meters,TFRRS all_performances
"Dunmore, Makenzie",South Carolina,SEC,400m,2022,4,,,51.96,seconds,UofSC Open,2022-04-23,,,,Outdoor,https://www.tfrrs.org/results/73095/4518990/UofSC_Open/400-Meters,TFRRS all_performances
"Nagbe, Pearl",South Carolina,SEC,400m,2022,2,,,54.54,seconds,UofSC Open,2022-04-23,,,,Outdoor,https://www.tfrrs.org/results/73095/4518990/UofSC_Open/400-Meters,TFRRS all_performances
"Pyatt , Aaliyah",South Carolina,SEC,400m,2022,1,,,54.00,seconds,UofSC Open,2022-04-23,,,,Outdoor,https://www.tfrrs.org/results/73095/4518990/UofSC_Open/400-Meters,TFRRS all_performances
"Reckling, Briana",South Carolina,SEC,400m,2022,4,,,58.73,seconds,UofSC Open,2022-04-23,,,,Outdoor,https://www.tfrrs.org/results/73095/4518990/UofSC_Open/400-Meters,TFRRS all_performances
"Registre, Jahnile",South Carolina,SEC,400m,2022,1,,,53.47,seconds,UofSC Open,2022-04-23,,,,Outdoor,https://www.tfrrs.org/results/73095/4518990/UofSC_Open/400-Meters,TFRRS all_performances
"Davis , Stephanie",South Carolina,SEC,400m,2022,4,,,52.70,seconds,SEC Outdoor Track & Field Championships,2022-05-12,,,,Outdoor,https://www.tfrrs.org/results/74844/4557146/SEC_Outdoor_Track__Field_Championships/400-Meters,TFRRS all_performances
"Dunmore, Makenzie",South Carolina,SEC,400m,2022,4,,,51.70,seconds,SEC Outdoor Track & Field Championships,2022-05-12,,,,Outdoor,https://www.tfrrs.org/results/74844/4557146/SEC_Outdoor_Track__Field_Championships/400-Meters,TFRRS all_performances
"Dunmore, Makenzie",South Carolina,SEC,400m,2022,4,,,52.59,seconds,SEC Outdoor Track & Field Championships,2022-05-12,,,,Outdoor,https://www.tfrrs.org/results/74844/4557146/SEC_Outdoor_Track__Field_Championships/400-Meters,TFRRS all_performances
"Frank, Angel",South Carolina,SEC,400m,2022,2,,,53.78,seconds,SEC Outdoor Track & Field Championships,2022-05-12,,,,Outdoor,https://www.tfrrs.org/results/74844/4557146/SEC_Outdoor_Track__Field_Championships/400-Meters,TFRRS all_performances
"Nagbe, Pearl",South Carolina,SEC,400m,2022,2,,,55.52,seconds,SEC Outdoor Track & Field Championships,2022-05-12,,,,Outdoor,https://www.tfrrs.org/results/74844/4557146/SEC_Outdoor_Track__Field_Championships/400-Meters,TFRRS all_performances
"Pyatt , Aaliyah",South Carolina,SEC,400m,2022,1,,,53.67,seconds,SEC Outdoor Track & Field Championships,2022-05-12,,,,Outdoor,https://www.tfrrs.org/results/74844/4557146/SEC_Outdoor_Track__Field_Championships/400-Meters,TFRRS all_performances
"Registre, Jahnile",South Carolina,SEC,400m,2022,1,,,53.85,seconds,SEC Outdoor Track & Field Championships,2022-05-12,,,,Outdoor,https://www.tfrrs.org/results/74844/4557146/SEC_Outdoor_Track__Field_Championships/400-Meters,TFRRS all_performances
"Davis , Stephanie",South Carolina,SEC,400m,2022,4,,,52.01,seconds,NCAA East Preliminary Round,2022-05-25,,,,Outdoor,https://www.tfrrs.org/results/75213/4566146/NCAA_East_Preliminary_Round/400-Meters,TFRRS all_performances
"Davis , Stephanie",South Carolina,SEC,400m,2022,4,,,52.58,seconds,NCAA East Preliminary Round,2022-05-25,,,,Outdoor,https://www.tfrrs.org/results/75213/4566146/NCAA_East_Preliminary_Round/400-Meters,TFRRS all_performances
"Dunmore, Makenzie",South Carolina,SEC,400m,2022,4,,,51.84,seconds,NCAA East Preliminary Round,2022-05-25,,,,Outdoor,https://www.tfrrs.org/results/75213/4566146/NCAA_East_Preliminary_Round/400-Meters,TFRRS all_performances
"Dunmore, Makenzie",South Carolina,SEC,400m,2022,4,,,51.90,seconds,NCAA East Preliminary Round,2022-05-25,,,,Outdoor,https://www.tfrrs.org/results/75213/4566146/NCAA_East_Preliminary_Round/400-Meters,TFRRS all_performances
"Frank, Angel",South Carolina,SEC,400m,2022,2,,,53.45,seconds,NCAA East Preliminary Round,2022-05-25,,,,Outdoor,https://www.tfrrs.org/results/75213/4566146/NCAA_East_Preliminary_Round/400-Meters,TFRRS all_performances
"Pyatt , Aaliyah",South Carolina,SEC,400m,2022,1,,,53.28,seconds,NCAA East Preliminary Round,2022-05-25,,,,Outdoor,https://www.tfrrs.org/results/75213/4566146/NCAA_East_Preliminary_Round/400-Meters,TFRRS all_performances
"Pyatt , Aaliyah",South Carolina,SEC,400m,2022,1,,,53.47,seconds,NCAA East Preliminary Round,2022-05-25,,,,Outdoor,https://www.tfrrs.org/results/75213/4566146/NCAA_East_Preliminary_Round/400-Meters,TFRRS all_performances
"Registre, Jahnile",South Carolina,SEC,400m,2022,1,,,55.17,seconds,NCAA East Preliminary Round,2022-05-25,,,,Outdoor,https://www.tfrrs.org/results/75213/4566146/NCAA_East_Preliminary_Round/400-Meters,TFRRS all_performances
"Dunmore, Makenzie",South Carolina,SEC,400m,2022,4,,,51.62,seconds,NCAA Division I Outdoor Track & Field Championships,2022-06-08,,,,Outdoor,https://www.tfrrs.org/results/75224/4567521/NCAA_Division_I_Outdoor_Track__Field_Championships/400-Meters,TFRRS all_performances
"Dunmore, Makenzie",South Carolina,SEC,400m,2022,4,,,54.73,seconds,NCAA Division I Outdoor Track & Field Championships,2022-06-08,,,,Outdoor,https://www.tfrrs.org/results/75224/4567521/NCAA_Division_I_Outdoor_Track__Field_Championships/400-Meters,TFRRS all_performances
"Disher, Leah",Clemson,ACC,400m,2023,4,,,59.72,s,Yellow Jacket Invitational,2023-03-17,,,,Outdoor,https://www.tfrrs.org/results/78633/4769217/Yellow_Jacket_Invitational/400-Meters,TFRRS all_performances
"Green, Kayan",Clemson,ACC,400m,2023,2,,,55.59,s,Yellow Jacket Invitational,2023-03-17,,,,Outdoor,https://www.tfrrs.org/results/78633/4769217/Yellow_Jacket_Invitational/400-Meters,TFRRS all_performances
"McLean, Jessica",Clemson,ACC,400m,2023,1,,,56.40,s,Yellow Jacket Invitational,2023-03-17,,,,Outdoor,https://www.tfrrs.org/results/78633/4769217/Yellow_Jacket_Invitational/400-Meters,TFRRS all_performances
"Sumner, Brynne",Clemson,ACC,400m,2023,2,,,56.23,s,Yellow Jacket Invitational,2023-03-17,,,,Outdoor,https://www.tfrrs.org/results/78633/4769217/Yellow_Jacket_Invitational/400-Meters,TFRRS all_performances
"Williams, Courtney",Clemson,ACC,400m,2023,3,,,54.84,s,Yellow Jacket Invitational,2023-03-17,,,,Outdoor,https://www.tfrrs.org/results/78633/4769217/Yellow_Jacket_Invitational/400-Meters,TFRRS all_performances
"Gadson, Ken'naria",Clemson,ACC,400m,2023,3,,,53.15,s,Knights Invite,2023-03-24,,,,Outdoor,https://www.tfrrs.org/results/77633/4746305/Knights_Invite/400-Meters,TFRRS all_performances
"Graham, Lashanna",Clemson,ACC,400m,2023,3,,,55.12,s,Knights Invite,2023-03-24,,,,Outdoor,https://www.tfrrs.org/results/77633/4746305/Knights_Invite/400-Meters,TFRRS all_performances
"Osher, Mackenzie",Clemson,ACC,400m,2023,2,,,57.15,s,UF Tom Jones Memorial,2023-04-14,,,,Outdoor,https://www.tfrrs.org/results/78102/4824405/UF_Tom_Jones_Memorial/400-Meters,TFRRS all_performances
"Thompson, Kenya",Clemson,ACC,400m,2023,2,,,57.02,s,UF Tom Jones Memorial,2023-04-14,,,,Outdoor,https://www.tfrrs.org/results/78102/4824405/UF_Tom_Jones_Memorial/400-Meters,TFRRS all_performances
"Williams, Courtney",Clemson,ACC,400m,2023,3,,,53.85,s,UF Tom Jones Memorial,2023-04-14,,,,Outdoor,https://www.tfrrs.org/results/78102/4824405/UF_Tom_Jones_Memorial/400-Meters,TFRRS all_performances
"Gadson, Ken'naria",Clemson,ACC,400m,2023,3,,,53.26,s,USC Open Outdoor 2023,2023-04-22,,,,Outdoor,https://www.tfrrs.org/results/76412/4855759/USC_Open_Outdoor_2023/400-Meters,TFRRS all_performances
"Graham, Lashanna",Clemson,ACC,400m,2023,3,,,52.97,s,USC Open Outdoor 2023,2023-04-22,,,,Outdoor,https://www.tfrrs.org/results/76412/4855759/USC_Open_Outdoor_2023/400-Meters,TFRRS all_performances
"Green, Kayan",Clemson,ACC,400m,2023,2,,,55.92,s,USC Open Outdoor 2023,2023-04-22,,,,Outdoor,https://www.tfrrs.org/results/76412/4855759/USC_Open_Outdoor_2023/400-Meters,TFRRS all_performances
"McLean, Jessica",Clemson,ACC,400m,2023,1,,,56.44,s,USC Open Outdoor 2023,2023-04-22,,,,Outdoor,https://www.tfrrs.org/results/76412/4855759/USC_Open_Outdoor_2023/400-Meters,TFRRS all_performances
"Sumner, Brynne",Clemson,ACC,400m,2023,2,,,56.37,s,USC Open Outdoor 2023,2023-04-22,,,,Outdoor,https://www.tfrrs.org/results/76412/4855759/USC_Open_Outdoor_2023/400-Meters,TFRRS all_performances
"Thompson, Kenya",Clemson,ACC,400m,2023,2,,,56.58,s,USC Open Outdoor 2023,2023-04-22,,,,Outdoor,https://www.tfrrs.org/results/76412/4855759/USC_Open_Outdoor_2023/400-Meters,TFRRS all_performances
"Gadson, Ken'naria",Clemson,ACC,400m,2023,3,,,53.06,s,ACC Outdoor Track & Field Championships,2023-05-11,,,,Outdoor,https://www.tfrrs.org/results/81191/4928822/ACC_Outdoor_Track__Field_Championships/400-Meters,TFRRS all_performances
"Gadson, Ken'naria",Clemson,ACC,400m,2023,3,,,53.08,s,ACC Outdoor Track & Field Championships,2023-05-11,,,,Outdoor,https://www.tfrrs.org/results/81191/4928822/ACC_Outdoor_Track__Field_Championships/400-Meters,TFRRS all_performances
"Green, Kayan",Clemson,ACC,400m,2023,2,,,55.47,s,ACC Outdoor Track & Field Championships,2023-05-11,,,,Outdoor,https://www.tfrrs.org/results/81191/4928822/ACC_Outdoor_Track__Field_Championships/400-Meters,TFRRS all_performances
"Thompson, Kenya",Clemson,ACC,400m,2023,2,,,54.12,s,ACC Outdoor Track & Field Championships,2023-05-11,,,,Outdoor,https://www.tfrrs.org/results/81191/4928822/ACC_Outdoor_Track__Field_Championships/400-Meters,TFRRS all_performances
"Bowen, Rylee",Duke,ACC,400m,2023,4,,,1:01.31,s,Alan Connie Shamrock Invitational,2023-03-16,,,,Outdoor,https://www.tfrrs.org/results/75548/4733576/Alan_Connie_Shamrock_Invitational/400-Meters,TFRRS all_performances
"Dietz, Madison",Duke,ACC,400m,2023,1,,,59.08,s,Alan Connie Shamrock Invitational,2023-03-16,,,,Outdoor,https://www.tfrrs.org/results/75548/4733576/Alan_Connie_Shamrock_Invitational/400-Meters,TFRRS all_performances
"Ekeigwe, Kiara",Duke,ACC,400m,2023,4,,,1:00.05,s,Alan Connie Shamrock Invitational,2023-03-16,,,,Outdoor,https://www.tfrrs.org/results/75548/4733576/Alan_Connie_Shamrock_Invitational/400-Meters,TFRRS all_performances
"Gragg, Arianna",Duke,ACC,400m,2023,4,,,56.13,s,Alan Connie Shamrock Invitational,2023-03-16,,,,Outdoor,https://www.tfrrs.org/results/75548/4733576/Alan_Connie_Shamrock_Invitational/400-Meters,TFRRS all_performances
"Mulder, Madison",Duke,ACC,400m,2023,4,,,55.45,s,Alan Connie Shamrock Invitational,2023-03-16,,,,Outdoor,https://www.tfrrs.org/results/75548/4733576/Alan_Connie_Shamrock_Invitational/400-Meters,TFRRS all_performances
"Sims, Meredith",Duke,ACC,400m,2023,2,,,57.73,s,Alan Connie Shamrock Invitational,2023-03-16,,,,Outdoor,https://www.tfrrs.org/results/75548/4733576/Alan_Connie_Shamrock_Invitational/400-Meters,TFRRS all_performances
"Tarpeh, Jorhdyn",Duke,ACC,400m,2023,1,,,1:00.94,s,Alan Connie Shamrock Invitational,2023-03-16,,,,Outdoor,https://www.tfrrs.org/results/75548/4733576/Alan_Connie_Shamrock_Invitational/400-Meters,TFRRS all_performances
"Crean, Jenna",Duke,ACC,400m,2023,3,,,54.38,s,Raleigh Relays,2023-03-23,,,,Outdoor,https://www.tfrrs.org/results/78810/4756273/Raleigh_Relays/400-Meters,TFRRS all_performances
"Dietz, Madison",Duke,ACC,400m,2023,1,,,59.14,s,Raleigh Relays,2023-03-23,,,,Outdoor,https://www.tfrrs.org/results/78810/4756273/Raleigh_Relays/400-Meters,TFRRS all_performances
"Ekeigwe, Kiara",Duke,ACC,400m,2023,4,,,58.55,s,Raleigh Relays,2023-03-23,,,,Outdoor,https://www.tfrrs.org/results/78810/4756273/Raleigh_Relays/400-Meters,TFRRS all_performances
"Mulder, Madison",Duke,ACC,400m,2023,4,,,53.94,s,Raleigh Relays,2023-03-23,,,,Outdoor,https://www.tfrrs.org/results/78810/4756273/Raleigh_Relays/400-Meters,TFRRS all_performances
"Sims, Meredith",Duke,ACC,400m,2023,2,,,56.29,s,Raleigh Relays,2023-03-23,,,,Outdoor,https://www.tfrrs.org/results/78810/4756273/Raleigh_Relays/400-Meters,TFRRS all_performances
"Tolbert, Lauren",Duke,ACC,400m,2023,1,,,52.83,s,Raleigh Relays,2023-03-23,,,,Outdoor,https://www.tfrrs.org/results/78810/4756273/Raleigh_Relays/400-Meters,TFRRS all_performances
"King, Carly",Duke,ACC,400m,2023,3,,,54.53,s,Vertklasse,2023-03-31,,,,Outdoor,https://www.tfrrs.org/results/77636/4765545/Vertklasse/400-Meters,TFRRS all_performances
"Dietz, Madison",Duke,ACC,400m,2023,1,,,58.18,s,Duke Invitational,2023-04-06,,,,Outdoor,https://www.tfrrs.org/results/79646/4805363/Duke_Invitational/400-Meters,TFRRS all_performances
"Jackson, Julia",Duke,ACC,400m,2023,1,,,53.46,s,Duke Invitational,2023-04-06,,,,Outdoor,https://www.tfrrs.org/results/79646/4805363/Duke_Invitational/400-Meters,TFRRS all_performances
"Mulder, Madison",Duke,ACC,400m,2023,4,,,54.20,s,Duke Invitational,2023-04-06,,,,Outdoor,https://www.tfrrs.org/results/79646/4805363/Duke_Invitational/400-Meters,TFRRS all_performances
"Jackson, Julia",Duke,ACC,400m,2023,1,,,52.73,s,63rd Annual Mt. SAC Relays,2023-04-12,,,,Outdoor,https://www.tfrrs.org/results/77931/4826994/63rd_Annual_Mt_SAC_Relays/400-Meters,TFRRS all_performances
"King, Carly",Duke,ACC,400m,2023,3,,,54.65,s,63rd Annual Mt. SAC Relays,2023-04-12,,,,Outdoor,https://www.tfrrs.org/results/77931/4826994/63rd_Annual_Mt_SAC_Relays/400-Meters,TFRRS all_performances
"McGinnis, Megan",Duke,ACC,400m,2023,2,,,52.06,s,63rd Annual Mt. SAC Relays,2023-04-12,,,,Outdoor,https://www.tfrrs.org/results/77931/4826994/63rd_Annual_Mt_SAC_Relays/400-Meters,TFRRS all_performances
"Mulder, Madison",Duke,ACC,400m,2023,4,,,53.87,s,63rd Annual Mt. SAC Relays,2023-04-12,,,,Outdoor,https://www.tfrrs.org/results/77931/4826994/63rd_Annual_Mt_SAC_Relays/400-Meters,TFRRS all_performances
"Tolbert, Lauren",Duke,ACC,400m,2023,1,,,52.88,s,63rd Annual Mt. SAC Relays,2023-04-12,,,,Outdoor,https://www.tfrrs.org/results/77931/4827138/63rd_Annual_Mt_SAC_Relays/400-Meters,TFRRS all_performances
"Dietz, Madison",Duke,ACC,400m,2023,1,,,57.64,s,Wake Forest Invitational,2023-04-21,,,,Outdoor,https://www.tfrrs.org/results/80368/4901697/Wake_Forest_Invitational/400-Meters,TFRRS all_performances
"Ekeigwe, Kiara",Duke,ACC,400m,2023,4,,,1:00.10,s,Wake Forest Invitational,2023-04-21,,,,Outdoor,https://www.tfrrs.org/results/80368/4901697/Wake_Forest_Invitational/400-Meters,TFRRS all_performances
"Onuoha, Amarachi",Duke,ACC,400m,2023,2,,,56.54,s,Wake Forest Invitational,2023-04-21,,,,Outdoor,https://www.tfrrs.org/results/80368/4901697/Wake_Forest_Invitational/400-Meters,TFRRS all_performances
"Crean, Jenna",Duke,ACC,400m,2023,3,,,55.28,s,Charlotte Invitational 2023,2023-04-28,,,,Outdoor,https://www.tfrrs.org/results/79037/4881295/Charlotte_Invitational_2023/400-Meters,TFRRS all_performances
"King, Carly",Duke,ACC,400m,2023,3,,,54.06,s,Charlotte Invitational 2023,2023-04-28,,,,Outdoor,https://www.tfrrs.org/results/79037/4881295/Charlotte_Invitational_2023/400-Meters,TFRRS all_performances
"Jackson, Julia",Duke,ACC,400m,2023,1,,,52.36,s,ACC Outdoor Track & Field Championships,2023-05-11,,,,Outdoor,https://www.tfrrs.org/results/81191/4928822/ACC_Outdoor_Track__Field_Championships/400-Meters,TFRRS all_performances
"Jackson, Julia",Duke,ACC,400m,2023,1,,,52.80,s,ACC Outdoor Track & Field Championships,2023-05-11,,,,Outdoor,https://www.tfrrs.org/results/81191/4928822/ACC_Outdoor_Track__Field_Championships/400-Meters,TFRRS all_performances
"King, Carly",Duke,ACC,400m,2023,3,,,53.14,s,ACC Outdoor Track & Field Championships,2023-05-11,,,,Outdoor,https://www.tfrrs.org/results/81191/4928822/ACC_Outdoor_Track__Field_Championships/400-Meters,TFRRS all_performances
"McGinnis, Megan",Duke,ACC,400m,2023,2,,,51.43,s,ACC Outdoor Track & Field Championships,2023-05-11,,,,Outdoor,https://www.tfrrs.org/results/81191/4928822/ACC_Outdoor_Track__Field_Championships/400-Meters,TFRRS all_performances
"McGinnis, Megan",Duke,ACC,400m,2023,2,,,52.34,s,ACC Outdoor Track & Field Championships,2023-05-11,,,,Outdoor,https://www.tfrrs.org/results/81191/4928822/ACC_Outdoor_Track__Field_Championships/400-Meters,TFRRS all_performances
"Mulder, Madison",Duke,ACC,400m,2023,4,,,53.64,s,ACC Outdoor Track & Field Championships,2023-05-11,,,,Outdoor,https://www.tfrrs.org/results/81191/4928822/ACC_Outdoor_Track__Field_Championships/400-Meters,TFRRS all_performances
"Tolbert, Lauren",Duke,ACC,400m,2023,1,,,52.67,s,ACC Outdoor Track & Field Championships,2023-05-11,,,,Outdoor,https://www.tfrrs.org/results/81191/4928822/ACC_Outdoor_Track__Field_Championships/400-Meters,TFRRS all_performances
"Tolbert, Lauren",Duke,ACC,400m,2023,1,,,52.98,s,ACC Outdoor Track & Field Championships,2023-05-11,,,,Outdoor,https://www.tfrrs.org/results/81191/4928822/ACC_Outdoor_Track__Field_Championships/400-Meters,TFRRS all_performances
"Jackson, Julia",Duke,ACC,400m,2023,1,,,53.03,s,NCAA East Preliminary Round,2023-05-25,,,,Outdoor,https://www.tfrrs.org/results/81274/4936808/NCAA_East_Preliminary_Round/400-Meters,TFRRS all_performances
"Jackson, Julia",Duke,ACC,400m,2023,1,,,53.31,s,NCAA East Preliminary Round,2023-05-25,,,,Outdoor,https://www.tfrrs.org/results/81274/4936808/NCAA_East_Preliminary_Round/400-Meters,TFRRS all_performances
"King, Carly",Duke,ACC,400m,2023,3,,,53.64,s,NCAA East Preliminary Round,2023-05-25,,,,Outdoor,https://www.tfrrs.org/results/81274/4936808/NCAA_East_Preliminary_Round/400-Meters,TFRRS all_performances
"McGinnis, Megan",Duke,ACC,400m,2023,2,,,51.79,s,NCAA East Preliminary Round,2023-05-25,,,,Outdoor,https://www.tfrrs.org/results/81274/4936808/NCAA_East_Preliminary_Round/400-Meters,TFRRS all_performances
"McGinnis, Megan",Duke,ACC,400m,2023,2,,,52.36,s,NCAA East Preliminary Round,2023-05-25,,,,Outdoor,https://www.tfrrs.org/results/81274/4936808/NCAA_East_Preliminary_Round/400-Meters,TFRRS all_performances
"Mulder, Madison",Duke,ACC,400m,2023,4,,,54.46,s,NCAA East Preliminary Round,2023-05-25,,,,Outdoor,https://www.tfrrs.org/results/81274/4936808/NCAA_East_Preliminary_Round/400-Meters,TFRRS all_performances
"McGinnis, Megan",Duke,ACC,400m,2023,2,,,51.30,s,NCAA Division I Outdoor Track & Field Championships,2023-06-07,,,,Outdoor,https://www.tfrrs.org/results/81300/4938121/NCAA_Division_I_Outdoor_Track__Field_Championships/400-Meters,TFRRS all_performances
"Petit-Pointe, Michelle",Florida State,ACC,400m,2023,2,,,57.31,s,FSU Relays (College),2023-03-23,,,,Outdoor,https://www.tfrrs.org/results/78847/4769169/FSU_Relays_College/400-Meters,TFRRS all_performances
"Klein, Ava",Florida State,ACC,400m,2023,3,,,56.58,s,UF Tom Jones Memorial,2023-04-14,,,,Outdoor,https://www.tfrrs.org/results/78102/4824405/UF_Tom_Jones_Memorial/400-Meters,TFRRS all_performances
"Petit-Pointe, Michelle",Florida State,ACC,400m,2023,2,,,57.01,s,UF Tom Jones Memorial,2023-04-14,,,,Outdoor,https://www.tfrrs.org/results/78102/4824405/UF_Tom_Jones_Memorial/400-Meters,TFRRS all_performances
"Banks, Faith",Florida State,ACC,400m,2023,4,,,53.24,s,LSU Alumni Gold,2023-04-22,,,,Outdoor,https://www.tfrrs.org/results/78405/4853731/LSU_Alumni_Gold/400-Meters,TFRRS all_performances
"Banks, Faith",Florida State,ACC,400m,2023,4,,,53.33,s,UNF East Coast Relays,2023-04-28,,,,Outdoor,https://www.tfrrs.org/results/75449/4878637/UNF_East_Coast_Relays/400-Meters,TFRRS all_performances
"Petit-Pointe, Michelle",Florida State,ACC,400m,2023,2,,,56.33,s,UNF East Coast Relays,2023-04-28,,,,Outdoor,https://www.tfrrs.org/results/75449/4878637/UNF_East_Coast_Relays/400-Meters,TFRRS all_performances
"Wilson, Tyra",Florida State,ACC,400m,2023,2,,,54.92,s,UNF East Coast Relays,2023-04-28,,,,Outdoor,https://www.tfrrs.org/results/75449/4878637/UNF_East_Coast_Relays/400-Meters,TFRRS all_performances
"Banks, Faith",Florida State,ACC,400m,2023,4,,,53.26,s,ACC Outdoor Track & Field Championships,2023-05-11,,,,Outdoor,https://www.tfrrs.org/results/81191/4928822/ACC_Outdoor_Track__Field_Championships/400-Meters,TFRRS all_performances
"Banks, Faith",Florida State,ACC,400m,2023,4,,,53.47,s,NCAA East Preliminary Round,2023-05-25,,,,Outdoor,https://www.tfrrs.org/results/81274/4936808/NCAA_East_Preliminary_Round/400-Meters,TFRRS all_performances
"Banks, Faith",Florida State,ACC,400m,2023,4,,,54.64,s,NCAA East Preliminary Round,2023-05-25,,,,Outdoor,https://www.tfrrs.org/results/81274/4936808/NCAA_East_Preliminary_Round/400-Meters,TFRRS all_performances
"Peisner, Camille",Stanford,ACC,400m,2023,2,,,57.45,s,Cardinal Classic,2023-03-18,,,,Outdoor,https://www.tfrrs.org/results/77088/4735160/Cardinal_Classic/400-Meters,TFRRS all_performances
"Tovkach, Anna",Stanford,ACC,400m,2023,4,,,55.92,s,Cardinal Classic,2023-03-18,,,,Outdoor,https://www.tfrrs.org/results/77088/4735160/Cardinal_Classic/400-Meters,TFRRS all_performances
"Wilson, Hannah",Stanford,ACC,400m,2023,2,,,1:01.88,s,Cardinal Classic,2023-03-18,,,,Outdoor,https://www.tfrrs.org/results/77088/4735160/Cardinal_Classic/400-Meters,TFRRS all_performances
"Wright, Cydney",Stanford,ACC,400m,2023,1,,,53.63,s,Cardinal Classic,2023-03-18,,,,Outdoor,https://www.tfrrs.org/results/77088/4735160/Cardinal_Classic/400-Meters,TFRRS all_performances
"James, Taylor",Stanford,ACC,400m,2023,1,,,56.41,s,Stanford Invitational,2023-03-31,,,,Outdoor,https://www.tfrrs.org/results/77089/4767561/Stanford_Invitational/400-Meters,TFRRS all_performances
"Peisner, Camille",Stanford,ACC,400m,2023,2,,,56.81,s,Stanford Invitational,2023-03-31,,,,Outdoor,https://www.tfrrs.org/results/77089/4767561/Stanford_Invitational/400-Meters,TFRRS all_performances
"Price, Trinity",Stanford,ACC,400m,2023,2,,,55.51,s,Stanford Invitational,2023-03-31,,,,Outdoor,https://www.tfrrs.org/results/77089/4767561/Stanford_Invitational/400-Meters,TFRRS all_performances
"Whittaker, Juliette",Stanford,ACC,400m,2023,1,,,53.74,s,Stanford Invitational,2023-03-31,,,,Outdoor,https://www.tfrrs.org/results/77089/4767561/Stanford_Invitational/400-Meters,TFRRS all_performances
"Wright, Cydney",Stanford,ACC,400m,2023,1,,,53.78,s,Stanford Invitational,2023-03-31,,,,Outdoor,https://www.tfrrs.org/results/77089/4767561/Stanford_Invitational/400-Meters,TFRRS all_performances
"Olomu, Megan",Stanford,ACC,400m,2023,2,,,59.36,s,2023 Brutus Hamilton,2023-04-08,,,,Outdoor,https://www.tfrrs.org/results/77969/4799097/2023_Brutus_Hamilton/400-Meters,TFRRS all_performances
"Peisner, Camille",Stanford,ACC,400m,2023,2,,,57.04,s,2023 Brutus Hamilton,2023-04-08,,,,Outdoor,https://www.tfrrs.org/results/77969/4799097/2023_Brutus_Hamilton/400-Meters,TFRRS all_performances
"Peisner, Camille",Stanford,ACC,400m,2023,2,,,56.36,s,63rd Annual Mt. SAC Relays,2023-04-12,,,,Outdoor,https://www.tfrrs.org/results/77931/4826994/63rd_Annual_Mt_SAC_Relays/400-Meters,TFRRS all_performances
"Price, Trinity",Stanford,ACC,400m,2023,2,,,55.70,s,63rd Annual Mt. SAC Relays,2023-04-12,,,,Outdoor,https://www.tfrrs.org/results/77931/4826994/63rd_Annual_Mt_SAC_Relays/400-Meters,TFRRS all_performances
"Valmon, Maya",Stanford,ACC,400m,2023,2,,,52.72,s,63rd Annual Mt. SAC Relays,2023-04-12,,,,Outdoor,https://www.tfrrs.org/results/77931/4826994/63rd_Annual_Mt_SAC_Relays/400-Meters,TFRRS all_performances
"Peisner, Camille",Stanford,ACC,400m,2023,2,,,56.75,s,Payton Jordan Invitational,2023-04-21,,,,Outdoor,https://www.tfrrs.org/results/77607/4853745/Payton_Jordan_Invitational/400-Meters,TFRRS all_performances
"Thomas, Samantha",Stanford,ACC,400m,2023,3,,,54.94,s,Payton Jordan Invitational,2023-04-21,,,,Outdoor,https://www.tfrrs.org/results/77607/4853745/Payton_Jordan_Invitational/400-Meters,TFRRS all_performances
"Peisner, Camille",Stanford,ACC,400m,2023,2,,,57.24,s,The 128th Big Meet,2023-04-29,,,,Outdoor,https://www.tfrrs.org/results/77976/4880230/The_128th_Big_Meet/400-Meters,TFRRS all_performances
"Valmon, Maya",Stanford,ACC,400m,2023,2,,,52.07,s,The 128th Big Meet,2023-04-29,,,,Outdoor,https://www.tfrrs.org/results/77976/4880230/The_128th_Big_Meet/400-Meters,TFRRS all_performances
"Willis, Roisin",Stanford,ACC,400m,2023,1,,,53.41,s,The 128th Big Meet,2023-04-29,,,,Outdoor,https://www.tfrrs.org/results/77976/4880230/The_128th_Big_Meet/400-Meters,TFRRS all_performances
"Wright, Cydney",Stanford,ACC,400m,2023,1,,,53.02,s,The 128th Big Meet,2023-04-29,,,,Outdoor,https://www.tfrrs.org/results/77976/4880230/The_128th_Big_Meet/400-Meters,TFRRS all_performances
"Valmon, Maya",Stanford,ACC,400m,2023,2,,,51.71,s,Pac-12 Track & Field Championships,2023-05-12,,,,Outdoor,https://www.tfrrs.org/results/79702/4929197/Pac-12_Track__Field_Championships/400-Meters,TFRRS all_performances
"Valmon, Maya",Stanford,ACC,400m,2023,2,,,52.97,s,Pac-12 Track & Field Championships,2023-05-12,,,,Outdoor,https://www.tfrrs.org/results/79702/4929197/Pac-12_Track__Field_Championships/400-Meters,TFRRS all_performances
"Wright, Cydney",Stanford,ACC,400m,2023,1,,,54.04,s,Pac-12 Track & Field Championships,2023-05-12,,,,Outdoor,https://www.tfrrs.org/results/79702/4929197/Pac-12_Track__Field_Championships/400-Meters,TFRRS all_performances
"Valmon, Maya",Stanford,ACC,400m,2023,2,,,51.99,s,NCAA West Preliminary Round,2023-05-24,,,,Outdoor,https://www.tfrrs.org/results/81275/4936765/NCAA_West_Preliminary_Round/400-Meters,TFRRS all_performances
"Valmon, Maya",Stanford,ACC,400m,2023,2,,,52.24,s,NCAA West Preliminary Round,2023-05-24,,,,Outdoor,https://www.tfrrs.org/results/81275/4936765/NCAA_West_Preliminary_Round/400-Meters,TFRRS all_performances
"Akpan, Sophia",Virginia,ACC,400m,2023,1,,,59.92,s,Raleigh Relays,2023-03-23,,,,Outdoor,https://www.tfrrs.org/results/78810/4756273/Raleigh_Relays/400-Meters,TFRRS all_performances
"Comella, Abby",Virginia,ACC,400m,2023,3,,,58.30,s,Raleigh Relays,2023-03-23,,,,Outdoor,https://www.tfrrs.org/results/78810/4756273/Raleigh_Relays/400-Meters,TFRRS all_performances
"Sabbakhan, Alahna",Virginia,ACC,400m,2023,3,,,56.83,s,Raleigh Relays,2023-03-23,,,,Outdoor,https://www.tfrrs.org/results/78810/4756273/Raleigh_Relays/400-Meters,TFRRS all_performances
"Boostani, Aryana",Virginia,ACC,400m,2023,1,,,1:00.35,s,Virginia Quadrangular,2023-04-01,,,,Outdoor,https://www.tfrrs.org/results/79185/4766989/Virginia_Quadrangular/400-Meters,TFRRS all_performances
"Comella, Abby",Virginia,ACC,400m,2023,3,,,58.42,s,Virginia Quadrangular,2023-04-01,,,,Outdoor,https://www.tfrrs.org/results/79185/4766989/Virginia_Quadrangular/400-Meters,TFRRS all_performances
"Sabbakhan, Alahna",Virginia,ACC,400m,2023,3,,,57.27,s,Virginia Quadrangular,2023-04-01,,,,Outdoor,https://www.tfrrs.org/results/79185/4766989/Virginia_Quadrangular/400-Meters,TFRRS all_performances
"Seeland, Esther",Virginia,ACC,400m,2023,3,,,58.88,s,Virginia Quadrangular,2023-04-01,,,,Outdoor,https://www.tfrrs.org/results/79185/4766989/Virginia_Quadrangular/400-Meters,TFRRS all_performances
"Sabbakhan, Alahna",Virginia,ACC,400m,2023,3,,,56.03,s,Spec Towns - Torrin Lawrence Invitational,2023-04-06,,,,Outdoor,https://www.tfrrs.org/results/79636/4805218/Spec_Towns_-_Torrin_Lawrence_Invitational/400-Meters,TFRRS all_performances
"Comella, Abby",Virginia,ACC,400m,2023,3,,,57.84,s,Virginia Grand Prix,2023-04-15,,,,Outdoor,https://www.tfrrs.org/results/80039/4825727/Virginia_Grand_Prix/400-Meters,TFRRS all_performances
"Sabbakhan, Alahna",Virginia,ACC,400m,2023,3,,,56.27,s,Virginia Grand Prix,2023-04-15,,,,Outdoor,https://www.tfrrs.org/results/80039/4825727/Virginia_Grand_Prix/400-Meters,TFRRS all_performances
"Comella, Abby",Virginia,ACC,400m,2023,3,,,58.59,s,Virginia Challenge,2023-04-20,,,,Outdoor,https://www.tfrrs.org/results/80367/4855121/Virginia_Challenge/400-Meters,TFRRS all_performances
"Sabbakhan, Alahna",Virginia,ACC,400m,2023,3,,,56.03,s,Virginia Challenge,2023-04-20,,,,Outdoor,https://www.tfrrs.org/results/80367/4855121/Virginia_Challenge/400-Meters,TFRRS all_performances
"Comella, Abby",Virginia,ACC,400m,2023,3,,,57.50,s,Virginia High Performance,2023-04-30,,,,Outdoor,https://www.tfrrs.org/results/80832/4889503/Virginia_High_Performance/400-Meters,TFRRS all_performances
"Comella, Abby",Virginia,ACC,400m,2023,3,,,58.01,s,ACC Outdoor Track & Field Championships,2023-05-11,,,,Outdoor,https://www.tfrrs.org/results/81191/4928822/ACC_Outdoor_Track__Field_Championships/400-Meters,TFRRS all_performances
"Sabbakhan, Alahna",Virginia,ACC,400m,2023,3,,,54.67,s,ACC Outdoor Track & Field Championships,2023-05-11,,,,Outdoor,https://www.tfrrs.org/results/81191/4928822/ACC_Outdoor_Track__Field_Championships/400-Meters,TFRRS all_performances
"Sanchez Nunez, Antonia",Arizona,Big 12,400m,2023,1,,,56.85,seconds,Island Relays Bahamas,2023-03-17,,,,Outdoor,https://www.tfrrs.org/results/78004/4735473/Island_Relays_Bahamas/400-Meters,TFRRS all_performances
"Aguilar-Perez, Camila",Arizona,Big 12,400m,2023,1,,,55.35,seconds,2023 Willie Williams Classic/Dave Murray Distance Carnival,2023-03-24,,,,Outdoor,https://www.tfrrs.org/results/76355/4747893/_2023_Willie_Williams_Classic_Dave_Murray_Distance_Carnival/400-Meters,TFRRS all_performances
"Montgomery, Athena",Arizona,Big 12,400m,2023,4,,,57.96,seconds,2023 Willie Williams Classic/Dave Murray Distance Carnival,2023-03-24,,,,Outdoor,https://www.tfrrs.org/results/76355/4747893/_2023_Willie_Williams_Classic_Dave_Murray_Distance_Carnival/400-Meters,TFRRS all_performances
"Sanchez Nunez, Antonia",Arizona,Big 12,400m,2023,1,,,55.39,seconds,2023 Willie Williams Classic/Dave Murray Distance Carnival,2023-03-24,,,,Outdoor,https://www.tfrrs.org/results/76355/4747893/_2023_Willie_Williams_Classic_Dave_Murray_Distance_Carnival/400-Meters,TFRRS all_performances
"Aguilar-Perez, Camila",Arizona,Big 12,400m,2023,1,,,55.56,seconds,Jim Click Shootout 2023 Multi,2023-04-06,,,,Outdoor,https://www.tfrrs.org/results/76356/4799476/_Jim_Click_Shootout_2023_Multi/400-Meters,TFRRS all_performances
"Aguilar-Perez, Camila",Arizona,Big 12,400m,2023,,,,55.80,seconds,63rd Annual Mt. SAC Relays,2023-04-12,,,,Outdoor,https://www.tfrrs.org/results/77931/4826994/63rd_Annual_Mt_SAC_Relays/400-Meters,TFRRS all_performances
"Aguilar-Perez, Camila",Arizona,Big 12,400m,2023,1,,,55.54,seconds,Desert Heat Classic 2023,2023-04-29,,,,Outdoor,https://www.tfrrs.org/results/76358/4881902/_Desert_Heat_Classic_2023/400-Meters,TFRRS all_performances
"Aguilar-Perez, Camila",Arizona,Big 12,400m,2023,1,,,57.61,seconds,Pac-12 Track & Field Championships,2023-05-12,,,,Outdoor,https://www.tfrrs.org/results/79702/4929197/Pac-12_Track__Field_Championships/400-Meters,TFRRS all_performances
"Hawkins , Kira",BYU,Big 12,400m,2023,1,,,1:01.82,seconds,2023 Utah-WSU Spring Classic,2023-04-07,,,,Outdoor,https://www.tfrrs.org/results/78325/4800292/2023_Utah-WSU_Spring_Classic/400-Meters,TFRRS all_performances
"Oblad, Sami",BYU,Big 12,400m,2023,3,,,56.75,seconds,Trojan Invite,2023-04-07,,,,Outdoor,https://www.tfrrs.org/results/76990/4797046/Trojan_Invite/400-Meters,TFRRS all_performances
"Pontius, Brilee",BYU,Big 12,400m,2023,2,,,55.50,seconds,Trojan Invite,2023-04-07,,,,Outdoor,https://www.tfrrs.org/results/76990/4797046/Trojan_Invite/400-Meters,TFRRS all_performances
"Barber, Marianne",BYU,Big 12,400m,2023,1,,,54.46,seconds,2023 BYU Robison Invitational,2023-04-19,,,,Outdoor,https://www.tfrrs.org/results/80716/4897816/2023_BYU_Robison_Invitational/400-Meters,TFRRS all_performances
"Hawkins, Kira",BYU,Big 12,400m,2023,1,,,1:00.66,seconds,2023 BYU Robison Invitational,2023-04-19,,,,Outdoor,https://www.tfrrs.org/results/80716/4897816/2023_BYU_Robison_Invitational/400-Meters,TFRRS all_performances
"Oblad, Sami",BYU,Big 12,400m,2023,3,,,55.21,seconds,2023 BYU Robison Invitational,2023-04-19,,,,Outdoor,https://www.tfrrs.org/results/80716/4897816/2023_BYU_Robison_Invitational/400-Meters,TFRRS all_performances
"Pontius, Brilee",BYU,Big 12,400m,2023,2,,,55.24,seconds,2023 BYU Robison Invitational,2023-04-19,,,,Outdoor,https://www.tfrrs.org/results/80716/4897816/2023_BYU_Robison_Invitational/400-Meters,TFRRS all_performances
"Seymour, Claire",BYU,Big 12,400m,2023,4,,,53.90,seconds,2023 BYU Robison Invitational,2023-04-19,,,,Outdoor,https://www.tfrrs.org/results/80716/4897816/2023_BYU_Robison_Invitational/400-Meters,TFRRS all_performances
"Oblad, Sami",BYU,Big 12,400m,2023,3,,,56.37,seconds,Desert Heat Classic 2023,2023-04-29,,,,Outdoor,https://www.tfrrs.org/results/76358/4881902/_Desert_Heat_Classic_2023/400-Meters,TFRRS all_performances
"Pontius, Brilee",BYU,Big 12,400m,2023,2,,,54.81,seconds,Desert Heat Classic 2023,2023-04-29,,,,Outdoor,https://www.tfrrs.org/results/76358/4881902/_Desert_Heat_Classic_2023/400-Meters,TFRRS all_performances
"Bingham, Kathryn",BYU,Big 12,400m,2023,3,,,58.30,seconds,BYU Cougar Invitational,2023-05-12,,,,Outdoor,https://www.tfrrs.org/results/81215/4928526/BYU_Cougar_Invitational/400-Meters,TFRRS all_performances
"Hawkins, Kira",BYU,Big 12,400m,2023,1,,,59.28,seconds,BYU Cougar Invitational,2023-05-12,,,,Outdoor,https://www.tfrrs.org/results/81215/4928526/BYU_Cougar_Invitational/400-Meters,TFRRS all_performances
"Oblad, Sami",BYU,Big 12,400m,2023,3,,,54.85,seconds,BYU Cougar Invitational,2023-05-12,,,,Outdoor,https://www.tfrrs.org/results/81215/4928526/BYU_Cougar_Invitational/400-Meters,TFRRS all_performances
"Ayers, Mariah",Baylor,Big 12,400m,2023,3,,,53.32,seconds,Clyde Hart Classic,2023-03-24,,,,Outdoor,https://www.tfrrs.org/results/75340/4747655/Clyde_Hart_Classic/400-Meters,TFRRS all_performances
"Kennard, Kourtney",Baylor,Big 12,400m,2023,2,,,59.36,seconds,Clyde Hart Classic,2023-03-24,,,,Outdoor,https://www.tfrrs.org/results/75340/4747655/Clyde_Hart_Classic/400-Meters,TFRRS all_performances
"Williams, Lily",Baylor,Big 12,400m,2023,2,,,54.27,seconds,Clyde Hart Classic,2023-03-24,,,,Outdoor,https://www.tfrrs.org/results/75340/4747655/Clyde_Hart_Classic/400-Meters,TFRRS all_performances
"Ayers, Mariah",Baylor,Big 12,400m,2023,3,,,52.25,seconds,UF Tom Jones Memorial,2023-04-14,,,,Outdoor,https://www.tfrrs.org/results/78102/4824405/UF_Tom_Jones_Memorial/400-Meters,TFRRS all_performances
"Francis, Kavia",Baylor,Big 12,400m,2023,2,,,55.39,seconds,UF Tom Jones Memorial,2023-04-14,,,,Outdoor,https://www.tfrrs.org/results/78102/4824405/UF_Tom_Jones_Memorial/400-Meters,TFRRS all_performances
"Nse Uko, Imaobong",Baylor,Big 12,400m,2023,2,,,52.10,seconds,UF Tom Jones Memorial,2023-04-14,,,,Outdoor,https://www.tfrrs.org/results/78102/4824405/UF_Tom_Jones_Memorial/400-Meters,TFRRS all_performances
"Nse Uko, Imaobong",Baylor,Big 12,400m,2023,2,,,51.66,seconds,Michael Johnson Invitational,2023-04-21,,,,Outdoor,https://www.tfrrs.org/results/75342/4853633/Michael_Johnson_Invitational/400-Meters,TFRRS all_performances
"Nse Uko, Imaobong",Baylor,Big 12,400m,2023,2,,,51.89,seconds,LSU Invitational,2023-04-29,,,,Outdoor,https://www.tfrrs.org/results/78407/4880389/LSU_Invitational/400-Meters,TFRRS all_performances
"Ayers, Mariah",Baylor,Big 12,400m,2023,3,,,52.11,seconds,Big 12 Outdoor Track & Field Championships,2023-05-12,,,,Outdoor,https://www.tfrrs.org/results/79703/4926704/Big_12_Outdoor_Track__Field_Championships/400-Meters,TFRRS all_performances
"Ayers, Mariah",Baylor,Big 12,400m,2023,3,,,52.19,seconds,Big 12 Outdoor Track & Field Championships,2023-05-12,,,,Outdoor,https://www.tfrrs.org/results/79703/4926704/Big_12_Outdoor_Track__Field_Championships/400-Meters,TFRRS all_performances
"Francis, Kavia",Baylor,Big 12,400m,2023,2,,,55.07,seconds,Big 12 Outdoor Track & Field Championships,2023-05-12,,,,Outdoor,https://www.tfrrs.org/results/79703/4926704/Big_12_Outdoor_Track__Field_Championships/400-Meters,TFRRS all_performances
"Nse Uko, Imaobong",Baylor,Big 12,400m,2023,2,,,52.13,seconds,Big 12 Outdoor Track & Field Championships,2023-05-12,,,,Outdoor,https://www.tfrrs.org/results/79703/4926704/Big_12_Outdoor_Track__Field_Championships/400-Meters,TFRRS all_performances
"Nse Uko, Imaobong",Baylor,Big 12,400m,2023,2,,,52.20,seconds,Big 12 Outdoor Track & Field Championships,2023-05-12,,,,Outdoor,https://www.tfrrs.org/results/79703/4926704/Big_12_Outdoor_Track__Field_Championships/400-Meters,TFRRS all_performances
"Nse Uko, Imaobong",Baylor,Big 12,400m,2023,2,,,51.51,seconds,NCAA West Preliminary Round,2023-05-24,,,,Outdoor,https://www.tfrrs.org/results/81275/4936765/NCAA_West_Preliminary_Round/400-Meters,TFRRS all_performances
"Nse Uko, Imaobong",Baylor,Big 12,400m,2023,2,,,51.86,seconds,NCAA West Preliminary Round,2023-05-24,,,,Outdoor,https://www.tfrrs.org/results/81275/4936765/NCAA_West_Preliminary_Round/400-Meters,TFRRS all_performances
"Nse Uko, Imaobong",Baylor,Big 12,400m,2023,2,,,51.71,seconds,Trackwired Arkansas Grand Prix,2023-06-23,,,,Outdoor,https://www.tfrrs.org/results/81278/4938717/Trackwired_Arkansas_Grand_Prix/400-Meters,TFRRS all_performances
"Amos, Zakiyah",Iowa State,Big 12,400m,2023,4,,,54.49,seconds,UCF Black and Gold Invite,2023-03-17,,,,Outdoor,https://www.tfrrs.org/results/77632/4732590/UCF_Black_and_Gold_Invite/400-Meters,TFRRS all_performances
"Christianson, Kinsey",Iowa State,Big 12,400m,2023,1,,,59.28,seconds,UCF Black and Gold Invite,2023-03-17,,,,Outdoor,https://www.tfrrs.org/results/77632/4732590/UCF_Black_and_Gold_Invite/400-Meters,TFRRS all_performances
"Clark, Makayla",Iowa State,Big 12,400m,2023,1,,,56.57,seconds,UCF Black and Gold Invite,2023-03-17,,,,Outdoor,https://www.tfrrs.org/results/77632/4732590/UCF_Black_and_Gold_Invite/400-Meters,TFRRS all_performances
"Joseph, Rachel",Iowa State,Big 12,400m,2023,1,,,53.72,seconds,Beach Invitational 2023,2023-04-14,,,,Outdoor,https://www.tfrrs.org/results/77073/4826833/Beach_Invitational_2023/400-Meters,TFRRS all_performances
"Amos, Zakiyah",Iowa State,Big 12,400m,2023,4,,,55.23,seconds,Desert Heat Classic 2023,2023-04-29,,,,Outdoor,https://www.tfrrs.org/results/76358/4881902/_Desert_Heat_Classic_2023/400-Meters,TFRRS all_performances
"Joseph, Rachel",Iowa State,Big 12,400m,2023,1,,,52.36,seconds,Desert Heat Classic 2023,2023-04-29,,,,Outdoor,https://www.tfrrs.org/results/76358/4881902/_Desert_Heat_Classic_2023/400-Meters,TFRRS all_performances
"Barnes, Bria",Iowa State,Big 12,400m,2023,3,,,53.80,seconds,Iowa State Alumni Meet,2023-05-06,,,,Outdoor,https://www.tfrrs.org/results/81059/4909040/Iowa_State_Alumni_Meet/400-Meters,TFRRS all_performances
"Barnes, Bria",Iowa State,Big 12,400m,2023,3,,,55.33,seconds,Big 12 Outdoor Track & Field Championships,2023-05-12,,,,Outdoor,https://www.tfrrs.org/results/79703/4926704/Big_12_Outdoor_Track__Field_Championships/400-Meters,TFRRS all_performances
"Joseph, Rachel",Iowa State,Big 12,400m,2023,1,,,54.24,seconds,Big 12 Outdoor Track & Field Championships,2023-05-12,,,,Outdoor,https://www.tfrrs.org/results/79703/4926704/Big_12_Outdoor_Track__Field_Championships/400-Meters,TFRRS all_performances
"Joseph, Rachel",Iowa State,Big 12,400m,2023,1,,,53.14,seconds,NCAA West Preliminary Round,2023-05-24,,,,Outdoor,https://www.tfrrs.org/results/81275/4936765/NCAA_West_Preliminary_Round/400-Meters,TFRRS all_performances
"Arendt, Fanny",Texas Tech,Big 12,400m,2023,2,,,56.65,seconds,Wes Kittley Invitational,2023-03-17,,,,Outdoor,https://www.tfrrs.org/results/77411/4734075/Wes_Kittley_Invitational/400-Meters,TFRRS all_performances
"Tyler, Torrye",Texas Tech,Big 12,400m,2023,2,,,57.49,seconds,Wes Kittley Invitational,2023-03-17,,,,Outdoor,https://www.tfrrs.org/results/77411/4734075/Wes_Kittley_Invitational/400-Meters,TFRRS all_performances
"Arendt, Fanny",Texas Tech,Big 12,400m,2023,2,,,56.45,seconds,TTU Masked Rider,2023-03-24,,,,Outdoor,https://www.tfrrs.org/results/78880/4748714/TTU_Masked_Rider/400-Meters,TFRRS all_performances
"Land, Macklynn",Texas Tech,Big 12,400m,2023,1,,,57.80,seconds,TTU Masked Rider,2023-03-24,,,,Outdoor,https://www.tfrrs.org/results/78880/4748714/TTU_Masked_Rider/400-Meters,TFRRS all_performances
"Umoibang, Mercy",Texas Tech,Big 12,400m,2023,1,,,56.98,seconds,TTU Masked Rider,2023-03-24,,,,Outdoor,https://www.tfrrs.org/results/78880/4748714/TTU_Masked_Rider/400-Meters,TFRRS all_performances
"Land, Macklynn",Texas Tech,Big 12,400m,2023,1,,,57.09,seconds,Jim Click Shootout 2023 Multi,2023-04-06,,,,Outdoor,https://www.tfrrs.org/results/76356/4799476/_Jim_Click_Shootout_2023_Multi/400-Meters,TFRRS all_performances
"Tyler, Torrye",Texas Tech,Big 12,400m,2023,2,,,57.59,seconds,Jim Click Shootout 2023 Multi,2023-04-06,,,,Outdoor,https://www.tfrrs.org/results/76356/4799476/_Jim_Click_Shootout_2023_Multi/400-Meters,TFRRS all_performances
"Umoibang, Mercy",Texas Tech,Big 12,400m,2023,1,,,56.89,seconds,Jim Click Shootout 2023 Multi,2023-04-06,,,,Outdoor,https://www.tfrrs.org/results/76356/4799476/_Jim_Click_Shootout_2023_Multi/400-Meters,TFRRS all_performances
"Dubarry-Gay, Nayanna",Texas Tech,Big 12,400m,2023,3,,,54.59,seconds,UF Tom Jones Memorial,2023-04-14,,,,Outdoor,https://www.tfrrs.org/results/78102/4824405/UF_Tom_Jones_Memorial/400-Meters,TFRRS all_performances
"Dumas, Zariere",Texas Tech,Big 12,400m,2023,2,,,55.39,seconds,UF Tom Jones Memorial,2023-04-14,,,,Outdoor,https://www.tfrrs.org/results/78102/4824405/UF_Tom_Jones_Memorial/400-Meters,TFRRS all_performances
"Dubarry-Gay, Nayanna",Texas Tech,Big 12,400m,2023,3,,,55.04,seconds,Michael Johnson Invitational,2023-04-21,,,,Outdoor,https://www.tfrrs.org/results/75342/4853633/Michael_Johnson_Invitational/400-Meters,TFRRS all_performances
"Dumas, Zariere",Texas Tech,Big 12,400m,2023,2,,,55.50,seconds,Michael Johnson Invitational,2023-04-21,,,,Outdoor,https://www.tfrrs.org/results/75342/4853633/Michael_Johnson_Invitational/400-Meters,TFRRS all_performances
"Jackson, Le-Taija",Texas Tech,Big 12,400m,2023,3,,,56.01,seconds,Michael Johnson Invitational,2023-04-21,,,,Outdoor,https://www.tfrrs.org/results/75342/4853633/Michael_Johnson_Invitational/400-Meters,TFRRS all_performances
"Bock, Emma",Texas Tech,Big 12,400m,2023,1,,,56.89,seconds,Corky/Crofoot Shootout,2023-04-28,,,,Outdoor,https://www.tfrrs.org/results/80804/4888721/Corky_Crofoot_Shootout/400-Meters,TFRRS all_performances
"Dubarry-Gay, Nayanna",Texas Tech,Big 12,400m,2023,3,,,54.25,seconds,Corky/Crofoot Shootout,2023-04-28,,,,Outdoor,https://www.tfrrs.org/results/80804/4888721/Corky_Crofoot_Shootout/400-Meters,TFRRS all_performances
"Dumas, Zariere",Texas Tech,Big 12,400m,2023,2,,,55.45,seconds,Corky/Crofoot Shootout,2023-04-28,,,,Outdoor,https://www.tfrrs.org/results/80804/4888721/Corky_Crofoot_Shootout/400-Meters,TFRRS all_performances
"Umoibang, Mercy",Texas Tech,Big 12,400m,2023,1,,,55.81,seconds,Corky/Crofoot Shootout,2023-04-28,,,,Outdoor,https://www.tfrrs.org/results/80804/4888721/Corky_Crofoot_Shootout/400-Meters,TFRRS all_performances
"Dubarry-Gay, Nayanna",Texas Tech,Big 12,400m,2023,3,,,53.54,seconds,Big 12 Outdoor Track & Field Championships,2023-05-12,,,,Outdoor,https://www.tfrrs.org/results/79703/4926704/Big_12_Outdoor_Track__Field_Championships/400-Meters,TFRRS all_performances
"Dubarry-Gay, Nayanna",Texas Tech,Big 12,400m,2023,3,,,53.80,seconds,Big 12 Outdoor Track & Field Championships,2023-05-12,,,,Outdoor,https://www.tfrrs.org/results/79703/4926704/Big_12_Outdoor_Track__Field_Championships/400-Meters,TFRRS all_performances
"Dumas, Zariere",Texas Tech,Big 12,400m,2023,2,,,54.05,seconds,Big 12 Outdoor Track & Field Championships,2023-05-12,,,,Outdoor,https://www.tfrrs.org/results/79703/4926704/Big_12_Outdoor_Track__Field_Championships/400-Meters,TFRRS all_performances
"Umoibang, Mercy",Texas Tech,Big 12,400m,2023,1,,,54.96,seconds,Big 12 Outdoor Track & Field Championships,2023-05-12,,,,Outdoor,https://www.tfrrs.org/results/79703/4926704/Big_12_Outdoor_Track__Field_Championships/400-Meters,TFRRS all_performances
"Dubarry-Gay, Nayanna",Texas Tech,Big 12,400m,2023,3,,,54.92,seconds,NCAA West Preliminary Round,2023-05-24,,,,Outdoor,https://www.tfrrs.org/results/81275/4936765/NCAA_West_Preliminary_Round/400-Meters,TFRRS all_performances
"Hardamon, Madison",Illinois,Big Ten,400m,2023,1,,,56.03,seconds,RaferJohnson/Jackie Joyner-Kersee Collegiate,2023-03-25,,,,Outdoor,https://www.tfrrs.org/results/78348/4749356/RaferJohnson_Jackie_Joyner-Kersee_Collegiate/400-Meters,TFRRS all_performances
"Hardamon, Madison",Illinois,Big Ten,400m,2023,1,,,56.14,seconds,Fighting Illini Challenge,2023-04-08,,,,Outdoor,https://www.tfrrs.org/results/77863/4798915/Fighting_Illini_Challenge/400-Meters,TFRRS all_performances
"Oliver, Ashley",Illinois,Big Ten,400m,2023,1,,,56.65,seconds,Fighting Illini Challenge,2023-04-08,,,,Outdoor,https://www.tfrrs.org/results/77863/4798915/Fighting_Illini_Challenge/400-Meters,TFRRS all_performances
"Oliver, Ashley",Illinois,Big Ten,400m,2023,1,,,57.59,seconds,Gary Wieneke Memorial,2023-04-21,,,,Outdoor,https://www.tfrrs.org/results/78093/4851843/Gary_Wieneke_Memorial/400-Meters,TFRRS all_performances
"Brown, Lotavia",Nebraska,Big Ten,400m,2023,2,,,1:00.41,seconds,Jim Click Shootout 2023 Multi,2023-04-06,,,,Outdoor,https://www.tfrrs.org/results/76356/4799476/_Jim_Click_Shootout_2023_Multi/400-Meters,TFRRS all_performances
"Walker, Meghan",Nebraska,Big Ten,400m,2023,1,,,56.13,seconds,Jim Click Shootout 2023 Multi,2023-04-06,,,,Outdoor,https://www.tfrrs.org/results/76356/4799476/_Jim_Click_Shootout_2023_Multi/400-Meters,TFRRS all_performances
"Moore, Karlie",Nebraska,Big Ten,400m,2023,3,,,57.11,seconds,Michael Johnson Invitational,2023-04-21,,,,Outdoor,https://www.tfrrs.org/results/75342/4853633/Michael_Johnson_Invitational/400-Meters,TFRRS all_performances
"Walker, Meghan",Nebraska,Big Ten,400m,2023,1,,,56.92,seconds,Michael Johnson Invitational,2023-04-21,,,,Outdoor,https://www.tfrrs.org/results/75342/4853633/Michael_Johnson_Invitational/400-Meters,TFRRS all_performances
"Walker, Meghan",Nebraska,Big Ten,400m,2023,1,,,56.38,seconds,Drake Relays,2023-04-26,,,,Outdoor,https://www.tfrrs.org/results/80800/4890133/Drake_Relays/400-Meters,TFRRS all_performances
"Pfannenstiel, Marie",Nebraska,Big Ten,400m,2023,2,,,1:02.47,seconds,2023 Prairie Wolf Invite,2023-04-28,,,,Outdoor,https://www.tfrrs.org/results/80799/4897525/2023_Prairie_Wolf_Invite/400-Meters,TFRRS all_performances
"Dutton, Emma",Nebraska,Big Ten,400m,2023,1,,,1:01.50,seconds,KSU Ward Haylett,2023-05-06,,,,Outdoor,https://www.tfrrs.org/results/80148/4907680/KSU_Ward_Haylett/400-Meters,TFRRS all_performances
"Walker, Meghan",Nebraska,Big Ten,400m,2023,1,,,56.72,seconds,KSU Ward Haylett,2023-05-06,,,,Outdoor,https://www.tfrrs.org/results/80148/4907680/KSU_Ward_Haylett/400-Meters,TFRRS all_performances
"Walsh, Nieve",Nebraska,Big Ten,400m,2023,2,,,59.00,seconds,KSU Ward Haylett,2023-05-06,,,,Outdoor,https://www.tfrrs.org/results/80148/4907680/KSU_Ward_Haylett/400-Meters,TFRRS all_performances
"Clayton, Ella",Oregon,Big Ten,400m,2023,,,,52.70,seconds,63rd Annual Mt. SAC Relays,2023-04-12,,,,Outdoor,https://www.tfrrs.org/results/77931/4827138/63rd_Annual_Mt_SAC_Relays/400-Meters,TFRRS all_performances
"Hall, Shaniya",Oregon,Big Ten,400m,2023,,,,53.25,seconds,63rd Annual Mt. SAC Relays,2023-04-12,,,,Outdoor,https://www.tfrrs.org/results/77931/4826994/63rd_Annual_Mt_SAC_Relays/400-Meters,TFRRS all_performances
"Wright, Katriina",Oregon,Big Ten,400m,2023,,,,53.76,seconds,63rd Annual Mt. SAC Relays,2023-04-12,,,,Outdoor,https://www.tfrrs.org/results/77931/4826994/63rd_Annual_Mt_SAC_Relays/400-Meters,TFRRS all_performances
"Blake, Jordyn",Oregon,Big Ten,400m,2023,3,,,57.07,seconds,Desert Heat Classic 2023,2023-04-29,,,,Outdoor,https://www.tfrrs.org/results/76358/4881902/_Desert_Heat_Classic_2023/400-Meters,TFRRS all_performances
"Clayton, Ella",Oregon,Big Ten,400m,2023,2,,,52.57,seconds,Desert Heat Classic 2023,2023-04-29,,,,Outdoor,https://www.tfrrs.org/results/76358/4881902/_Desert_Heat_Classic_2023/400-Meters,TFRRS all_performances
"Hall, Shaniya",Oregon,Big Ten,400m,2023,2,,,53.09,seconds,Desert Heat Classic 2023,2023-04-29,,,,Outdoor,https://www.tfrrs.org/results/76358/4881902/_Desert_Heat_Classic_2023/400-Meters,TFRRS all_performances
"Wright, Katriina",Oregon,Big Ten,400m,2023,2,,,52.59,seconds,Desert Heat Classic 2023,2023-04-29,,,,Outdoor,https://www.tfrrs.org/results/76358/4881902/_Desert_Heat_Classic_2023/400-Meters,TFRRS all_performances
"Blake, Jordyn",Oregon,Big Ten,400m,2023,3,,,56.80,seconds,Oregon Twilight,2023-05-05,,,,Outdoor,https://www.tfrrs.org/results/78671/4906669/Oregon_Twilight/400-Meters,TFRRS all_performances
"Grebo, Shana",Oregon,Big Ten,400m,2023,2,,,52.95,seconds,Oregon Twilight,2023-05-05,,,,Outdoor,https://www.tfrrs.org/results/78671/4906669/Oregon_Twilight/400-Meters,TFRRS all_performances
"Clayton, Ella",Oregon,Big Ten,400m,2023,2,,,51.92,seconds,Pac-12 Track & Field Championships,2023-05-12,,,,Outdoor,https://www.tfrrs.org/results/79702/4929197/Pac-12_Track__Field_Championships/400-Meters,TFRRS all_performances
"Clayton, Ella",Oregon,Big Ten,400m,2023,2,,,52.55,seconds,Pac-12 Track & Field Championships,2023-05-12,,,,Outdoor,https://www.tfrrs.org/results/79702/4929197/Pac-12_Track__Field_Championships/400-Meters,TFRRS all_performances
"Wright, Katriina",Oregon,Big Ten,400m,2023,2,,,52.39,seconds,Pac-12 Track & Field Championships,2023-05-12,,,,Outdoor,https://www.tfrrs.org/results/79702/4929197/Pac-12_Track__Field_Championships/400-Meters,TFRRS all_performances
"Wright, Katriina",Oregon,Big Ten,400m,2023,2,,,52.97,seconds,Pac-12 Track & Field Championships,2023-05-12,,,,Outdoor,https://www.tfrrs.org/results/79702/4929197/Pac-12_Track__Field_Championships/400-Meters,TFRRS all_performances
"Clayton, Ella",Oregon,Big Ten,400m,2023,2,,,51.96,seconds,NCAA West Preliminary Round,2023-05-24,,,,Outdoor,https://www.tfrrs.org/results/81275/4936765/NCAA_West_Preliminary_Round/400-Meters,TFRRS all_performances
"Clayton, Ella",Oregon,Big Ten,400m,2023,2,,,52.69,seconds,NCAA West Preliminary Round,2023-05-24,,,,Outdoor,https://www.tfrrs.org/results/81275/4936765/NCAA_West_Preliminary_Round/400-Meters,TFRRS all_performances
"Wright, Katriina",Oregon,Big Ten,400m,2023,2,,,52.52,seconds,NCAA West Preliminary Round,2023-05-24,,,,Outdoor,https://www.tfrrs.org/results/81275/4936765/NCAA_West_Preliminary_Round/400-Meters,TFRRS all_performances
"Wright, Katriina",Oregon,Big Ten,400m,2023,2,,,53.20,seconds,NCAA West Preliminary Round,2023-05-24,,,,Outdoor,https://www.tfrrs.org/results/81275/4936765/NCAA_West_Preliminary_Round/400-Meters,TFRRS all_performances
"Harris, Kimberly",USC,Big Ten,400m,2023,3,,,53.74,seconds,44th Aztec Invitational,2023-03-23,,,,Outdoor,https://www.tfrrs.org/results/77705/4749143/44th_Aztec_Invitational/400-Meters,TFRRS all_performances
"Lear, Bailey",USC,Big Ten,400m,2023,4,,,52.76,seconds,44th Aztec Invitational,2023-03-23,,,,Outdoor,https://www.tfrrs.org/results/77705/4749143/44th_Aztec_Invitational/400-Meters,TFRRS all_performances
"John, Yemi",USC,Big Ten,400m,2023,1,,,52.42,seconds,Pepsi Florida Relays,2023-03-31,,,,Outdoor,https://www.tfrrs.org/results/77662/4765405/Pepsi_Florida_Relays/400-Meters,TFRRS all_performances
"Lear, Bailey",USC,Big Ten,400m,2023,4,,,51.69,seconds,Pepsi Florida Relays,2023-03-31,,,,Outdoor,https://www.tfrrs.org/results/77662/4765405/Pepsi_Florida_Relays/400-Meters,TFRRS all_performances
"John, Yemi",USC,Big Ten,400m,2023,1,,,51.77,seconds,Trojan Invite,2023-04-07,,,,Outdoor,https://www.tfrrs.org/results/76990/4797046/Trojan_Invite/400-Meters,TFRRS all_performances
"Lear, Bailey",USC,Big Ten,400m,2023,4,,,51.82,seconds,Trojan Invite,2023-04-07,,,,Outdoor,https://www.tfrrs.org/results/76990/4797046/Trojan_Invite/400-Meters,TFRRS all_performances
"Maccagnini, Gigi",USC,Big Ten,400m,2023,2,,,56.25,seconds,Trojan Invite,2023-04-07,,,,Outdoor,https://www.tfrrs.org/results/76990/4797046/Trojan_Invite/400-Meters,TFRRS all_performances
"Harris, Kimberly",USC,Big Ten,400m,2023,4,,,52.82,seconds,63rd Annual Mt. SAC Relays,2023-04-12,,,,Outdoor,https://www.tfrrs.org/results/77931/4826994/63rd_Annual_Mt_SAC_Relays/400-Meters,TFRRS all_performances
"John, Yemi",USC,Big Ten,400m,2023,,,,51.87,seconds,63rd Annual Mt. SAC Relays,2023-04-12,,,,Outdoor,https://www.tfrrs.org/results/77931/4827138/63rd_Annual_Mt_SAC_Relays/400-Meters,TFRRS all_performances
"Jones, Jan'Taijah",USC,Big Ten,400m,2023,,,,51.06,seconds,63rd Annual Mt. SAC Relays,2023-04-12,,,,Outdoor,https://www.tfrrs.org/results/77931/4827138/63rd_Annual_Mt_SAC_Relays/400-Meters,TFRRS all_performances
"Lear, Bailey",USC,Big Ten,400m,2023,4,,,51.89,seconds,63rd Annual Mt. SAC Relays,2023-04-12,,,,Outdoor,https://www.tfrrs.org/results/77931/4827138/63rd_Annual_Mt_SAC_Relays/400-Meters,TFRRS all_performances
"Mallard, Christine",USC,Big Ten,400m,2023,,,,52.25,seconds,63rd Annual Mt. SAC Relays,2023-04-12,,,,Outdoor,https://www.tfrrs.org/results/77931/4826994/63rd_Annual_Mt_SAC_Relays/400-Meters,TFRRS all_performances
"John, Yemi",USC,Big Ten,400m,2023,1,,,52.50,seconds,UCLA v USC Dual Meet,2023-04-30,,,,Outdoor,https://www.tfrrs.org/results/78670/4889475/UCLA_v_USC_Dual_Meet/400-Meters,TFRRS all_performances
"Jones, Jan'Taijah",USC,Big Ten,400m,2023,3,,,51.81,seconds,UCLA v USC Dual Meet,2023-04-30,,,,Outdoor,https://www.tfrrs.org/results/78670/4889475/UCLA_v_USC_Dual_Meet/400-Meters,TFRRS all_performances
"Lear, Bailey",USC,Big Ten,400m,2023,4,,,51.93,seconds,UCLA v USC Dual Meet,2023-04-30,,,,Outdoor,https://www.tfrrs.org/results/78670/4889475/UCLA_v_USC_Dual_Meet/400-Meters,TFRRS all_performances
"Cenci, Takiya",USC,Big Ten,400m,2023,1,,,55.78,seconds,Pac-12 Track & Field Championships,2023-05-12,,,,Outdoor,https://www.tfrrs.org/results/79702/4929197/Pac-12_Track__Field_Championships/400-Meters,TFRRS all_performances
"John, Yemi",USC,Big Ten,400m,2023,1,,,51.83,seconds,Pac-12 Track & Field Championships,2023-05-12,,,,Outdoor,https://www.tfrrs.org/results/79702/4929197/Pac-12_Track__Field_Championships/400-Meters,TFRRS all_performances
"John, Yemi",USC,Big Ten,400m,2023,1,,,52.52,seconds,Pac-12 Track & Field Championships,2023-05-12,,,,Outdoor,https://www.tfrrs.org/results/79702/4929197/Pac-12_Track__Field_Championships/400-Meters,TFRRS all_performances
"Jones, Jan'Taijah",USC,Big Ten,400m,2023,3,,,50.44,seconds,Pac-12 Track & Field Championships,2023-05-12,,,,Outdoor,https://www.tfrrs.org/results/79702/4929197/Pac-12_Track__Field_Championships/400-Meters,TFRRS all_performances
"Jones, Jan'Taijah",USC,Big Ten,400m,2023,3,,,51.21,seconds,Pac-12 Track & Field Championships,2023-05-12,,,,Outdoor,https://www.tfrrs.org/results/79702/4929197/Pac-12_Track__Field_Championships/400-Meters,TFRRS all_performances
"Lear, Bailey",USC,Big Ten,400m,2023,4,,,51.11,seconds,Pac-12 Track & Field Championships,2023-05-12,,,,Outdoor,https://www.tfrrs.org/results/79702/4929197/Pac-12_Track__Field_Championships/400-Meters,TFRRS all_performances
"Lear, Bailey",USC,Big Ten,400m,2023,4,,,52.12,seconds,Pac-12 Track & Field Championships,2023-05-12,,,,Outdoor,https://www.tfrrs.org/results/79702/4929197/Pac-12_Track__Field_Championships/400-Meters,TFRRS all_performances
"Mallard, Christine",USC,Big Ten,400m,2023,1,,,51.41,seconds,Pac-12 Track & Field Championships,2023-05-12,,,,Outdoor,https://www.tfrrs.org/results/79702/4929197/Pac-12_Track__Field_Championships/400-Meters,TFRRS all_performances
"Mallard, Christine",USC,Big Ten,400m,2023,1,,,52.28,seconds,Pac-12 Track & Field Championships,2023-05-12,,,,Outdoor,https://www.tfrrs.org/results/79702/4929197/Pac-12_Track__Field_Championships/400-Meters,TFRRS all_performances
"John, Yemi",USC,Big Ten,400m,2023,1,,,51.20,seconds,NCAA West Preliminary Round,2023-05-24,,,,Outdoor,https://www.tfrrs.org/results/81275/4936765/NCAA_West_Preliminary_Round/400-Meters,TFRRS all_performances
"John, Yemi",USC,Big Ten,400m,2023,1,,,51.77,seconds,NCAA West Preliminary Round,2023-05-24,,,,Outdoor,https://www.tfrrs.org/results/81275/4936765/NCAA_West_Preliminary_Round/400-Meters,TFRRS all_performances
"Jones, Jan'Taijah",USC,Big Ten,400m,2023,3,,,50.80,seconds,NCAA West Preliminary Round,2023-05-24,,,,Outdoor,https://www.tfrrs.org/results/81275/4936765/NCAA_West_Preliminary_Round/400-Meters,TFRRS all_performances
"Jones, Jan'Taijah",USC,Big Ten,400m,2023,3,,,51.38,seconds,NCAA West Preliminary Round,2023-05-24,,,,Outdoor,https://www.tfrrs.org/results/81275/4936765/NCAA_West_Preliminary_Round/400-Meters,TFRRS all_performances
"Lear, Bailey",USC,Big Ten,400m,2023,4,,,51.11,seconds,NCAA West Preliminary Round,2023-05-24,,,,Outdoor,https://www.tfrrs.org/results/81275/4936765/NCAA_West_Preliminary_Round/400-Meters,TFRRS all_performances
"Lear, Bailey",USC,Big Ten,400m,2023,4,,,52.05,seconds,NCAA West Preliminary Round,2023-05-24,,,,Outdoor,https://www.tfrrs.org/results/81275/4936765/NCAA_West_Preliminary_Round/400-Meters,TFRRS all_performances
"Mallard, Christine",USC,Big Ten,400m,2023,1,,,51.81,seconds,NCAA West Preliminary Round,2023-05-24,,,,Outdoor,https://www.tfrrs.org/results/81275/4936765/NCAA_West_Preliminary_Round/400-Meters,TFRRS all_performances
"Mallard, Christine",USC,Big Ten,400m,2023,1,,,53.00,seconds,NCAA West Preliminary Round,2023-05-24,,,,Outdoor,https://www.tfrrs.org/results/81275/4936765/NCAA_West_Preliminary_Round/400-Meters,TFRRS all_performances
"John, Yemi",USC,Big Ten,400m,2023,1,,,51.42,seconds,NCAA Division I Outdoor Track & Field Championships,2023-06-07,,,,Outdoor,https://www.tfrrs.org/results/81300/4938121/NCAA_Division_I_Outdoor_Track__Field_Championships/400-Meters,TFRRS all_performances
"Jones, Jan'Taijah",USC,Big Ten,400m,2023,3,,,50.31,seconds,NCAA Division I Outdoor Track & Field Championships,2023-06-07,,,,Outdoor,https://www.tfrrs.org/results/81300/4938121/NCAA_Division_I_Outdoor_Track__Field_Championships/400-Meters,TFRRS all_performances
"Jones, Jan'Taijah",USC,Big Ten,400m,2023,3,,,51.15,seconds,NCAA Division I Outdoor Track & Field Championships,2023-06-07,,,,Outdoor,https://www.tfrrs.org/results/81300/4938121/NCAA_Division_I_Outdoor_Track__Field_Championships/400-Meters,TFRRS all_performances
"Lear, Bailey",USC,Big Ten,400m,2023,4,,,51.55,seconds,NCAA Division I Outdoor Track & Field Championships,2023-06-07,,,,Outdoor,https://www.tfrrs.org/results/81300/4938121/NCAA_Division_I_Outdoor_Track__Field_Championships/400-Meters,TFRRS all_performances
"Terrell, Anna",Washington,Big Ten,400m,2023,1,,,56.31,seconds,44th Aztec Invitational,2023-03-23,,,,Outdoor,https://www.tfrrs.org/results/77705/4749143/44th_Aztec_Invitational/400-Meters,TFRRS all_performances
"Terrell, Anna",Washington,Big Ten,400m,2023,,,,56.19,seconds,63rd Annual Mt. SAC Relays,2023-04-12,,,,Outdoor,https://www.tfrrs.org/results/77931/4826994/63rd_Annual_Mt_SAC_Relays/400-Meters,TFRRS all_performances
"Conteh, Margaret",Alabama,SEC,400m,2023,1,,,54.62,seconds,UF Tom Jones Memorial,2023-04-14,,,,Outdoor,https://www.tfrrs.org/results/78102/4824405/UF_Tom_Jones_Memorial/400-Meters,TFRRS all_performances
"Ballard, Na'Taja",Alabama,SEC,400m,2023,2,,,54.01,seconds,Crimson Tide Invitational,2023-04-21,,,,Outdoor,https://www.tfrrs.org/results/80387/4854804/Crimson_Tide_Invitational/400-Meters,TFRRS all_performances
"Conteh, Margaret",Alabama,SEC,400m,2023,1,,,55.16,seconds,Crimson Tide Invitational,2023-04-21,,,,Outdoor,https://www.tfrrs.org/results/80387/4854804/Crimson_Tide_Invitational/400-Meters,TFRRS all_performances
"Obi, Amarachukwu",Alabama,SEC,400m,2023,3,,,54.99,seconds,Crimson Tide Invitational,2023-04-21,,,,Outdoor,https://www.tfrrs.org/results/80387/4854804/Crimson_Tide_Invitational/400-Meters,TFRRS all_performances
"Conteh, Margaret",Alabama,SEC,400m,2023,1,,,56.11,seconds,LSU Invitational,2023-04-29,,,,Outdoor,https://www.tfrrs.org/results/78407/4880389/LSU_Invitational/400-Meters,TFRRS all_performances
"Obi, Amarachukwu",Alabama,SEC,400m,2023,3,,,55.70,seconds,LSU Invitational,2023-04-29,,,,Outdoor,https://www.tfrrs.org/results/78407/4880389/LSU_Invitational/400-Meters,TFRRS all_performances
"Spicer, Chanice",Alabama,SEC,400m,2023,2,,,56.67,seconds,LSU Invitational,2023-04-29,,,,Outdoor,https://www.tfrrs.org/results/78407/4880389/LSU_Invitational/400-Meters,TFRRS all_performances
"Conteh, Margaret",Alabama,SEC,400m,2023,1,,,56.62,seconds,SEC Outdoor Track & Field Championships,2023-05-11,,,,Outdoor,https://www.tfrrs.org/results/80833/4923403/SEC_Outdoor_Track__Field_Championships/400-Meters,TFRRS all_performances
"Obi, Amarachukwu",Alabama,SEC,400m,2023,3,,,54.65,seconds,SEC Outdoor Track & Field Championships,2023-05-11,,,,Outdoor,https://www.tfrrs.org/results/80833/4923403/SEC_Outdoor_Track__Field_Championships/400-Meters,TFRRS all_performances
"Spicer, Chanice",Alabama,SEC,400m,2023,2,,,57.09,seconds,SEC Outdoor Track & Field Championships,2023-05-11,,,,Outdoor,https://www.tfrrs.org/results/80833/4923403/SEC_Outdoor_Track__Field_Championships/400-Meters,TFRRS all_performances
"Davis, Kayla",Florida,SEC,400m,2023,1,,,55.03,seconds,Pepsi Florida Relays,2023-03-31,,,,Outdoor,https://www.tfrrs.org/results/77662/4765405/Pepsi_Florida_Relays/400-Meters,TFRRS all_performances
"Elliott, Ramiah",Florida,SEC,400m,2023,1,,,53.38,seconds,Pepsi Florida Relays,2023-03-31,,,,Outdoor,https://www.tfrrs.org/results/77662/4765405/Pepsi_Florida_Relays/400-Meters,TFRRS all_performances
"Davis, Kayla",Florida,SEC,400m,2023,1,,,53.95,seconds,UF Tom Jones Memorial,2023-04-14,,,,Outdoor,https://www.tfrrs.org/results/78102/4824405/UF_Tom_Jones_Memorial/400-Meters,TFRRS all_performances
"Davis, Kayla",Florida,SEC,400m,2023,1,,,55.11,seconds,LSU Invitational,2023-04-29,,,,Outdoor,https://www.tfrrs.org/results/78407/4880389/LSU_Invitational/400-Meters,TFRRS all_performances
"Diggs, Talitha",Florida,SEC,400m,2023,3,,,51.51,seconds,LSU Invitational,2023-04-29,,,,Outdoor,https://www.tfrrs.org/results/78407/4880389/LSU_Invitational/400-Meters,TFRRS all_performances
"Elliott, Ramiah",Florida,SEC,400m,2023,1,,,54.08,seconds,LSU Invitational,2023-04-29,,,,Outdoor,https://www.tfrrs.org/results/78407/4880389/LSU_Invitational/400-Meters,TFRRS all_performances
"Davis, Kayla",Florida,SEC,400m,2023,1,,,53.55,seconds,SEC Outdoor Track & Field Championships,2023-05-11,,,,Outdoor,https://www.tfrrs.org/results/80833/4923403/SEC_Outdoor_Track__Field_Championships/400-Meters,TFRRS all_performances
"Diggs, Talitha",Florida,SEC,400m,2023,3,,,50.74,seconds,SEC Outdoor Track & Field Championships,2023-05-11,,,,Outdoor,https://www.tfrrs.org/results/80833/4923403/SEC_Outdoor_Track__Field_Championships/400-Meters,TFRRS all_performances
"Diggs, Talitha",Florida,SEC,400m,2023,3,,,50.78,seconds,SEC Outdoor Track & Field Championships,2023-05-11,,,,Outdoor,https://www.tfrrs.org/results/80833/4923403/SEC_Outdoor_Track__Field_Championships/400-Meters,TFRRS all_performances
"Owens, Laila",Florida,SEC,400m,2023,3,,,53.33,seconds,SEC Outdoor Track & Field Championships,2023-05-11,,,,Outdoor,https://www.tfrrs.org/results/80833/4923403/SEC_Outdoor_Track__Field_Championships/400-Meters,TFRRS all_performances
"Davis, Kayla",Florida,SEC,400m,2023,1,,,54.83,seconds,NCAA East Preliminary Round,2023-05-25,,,,Outdoor,https://www.tfrrs.org/results/81274/4936808/NCAA_East_Preliminary_Round/400-Meters,TFRRS all_performances
"Diggs, Talitha",Florida,SEC,400m,2023,3,,,51.07,seconds,NCAA East Preliminary Round,2023-05-25,,,,Outdoor,https://www.tfrrs.org/results/81274/4936808/NCAA_East_Preliminary_Round/400-Meters,TFRRS all_performances
"Diggs, Talitha",Florida,SEC,400m,2023,3,,,51.78,seconds,NCAA East Preliminary Round,2023-05-25,,,,Outdoor,https://www.tfrrs.org/results/81274/4936808/NCAA_East_Preliminary_Round/400-Meters,TFRRS all_performances
"Elliott, Ramiah",Florida,SEC,400m,2023,1,,,53.84,seconds,NCAA East Preliminary Round,2023-05-25,,,,Outdoor,https://www.tfrrs.org/results/81274/4936808/NCAA_East_Preliminary_Round/400-Meters,TFRRS all_performances
"Owens, Laila",Florida,SEC,400m,2023,3,,,53.43,seconds,NCAA East Preliminary Round,2023-05-25,,,,Outdoor,https://www.tfrrs.org/results/81274/4936808/NCAA_East_Preliminary_Round/400-Meters,TFRRS all_performances
"Diggs, Talitha",Florida,SEC,400m,2023,3,,,50.35,seconds,NCAA Division I Outdoor Track & Field Championships,2023-06-07,,,,Outdoor,https://www.tfrrs.org/results/81300/4938121/NCAA_Division_I_Outdoor_Track__Field_Championships/400-Meters,TFRRS all_performances
"Diggs, Talitha",Florida,SEC,400m,2023,3,,,50.93,seconds,NCAA Division I Outdoor Track & Field Championships,2023-06-07,,,,Outdoor,https://www.tfrrs.org/results/81300/4938121/NCAA_Division_I_Outdoor_Track__Field_Championships/400-Meters,TFRRS all_performances
"Tate, Haley",Georgia,SEC,400m,2023,1,,,55.61,seconds,Yellow Jacket Invitational,2023-03-17,,,,Outdoor,https://www.tfrrs.org/results/78633/4769217/Yellow_Jacket_Invitational/400-Meters,TFRRS all_performances
"Tate, Haley",Georgia,SEC,400m,2023,1,,,55.61,seconds,Yellow Jacket Invitational,2023-03-17/2023-03-18,,3rd,,Outdoor,https://georgiadogs.com/documents/download/2023/3/28/2023_Women_Outdoor_Results.pdf,legacy_source_needs_review
"Butler, Aaliyah",Georgia,SEC,400m,2023,1,,,52.31,seconds,Spec Towns - Torrin Lawrence Invitational,2023-04-06,,,,Outdoor,https://www.tfrrs.org/results/79636/4805218/Spec_Towns_-_Torrin_Lawrence_Invitational/400-Meters,TFRRS all_performances
"Murphy, Hali",Georgia,SEC,400m,2023,1,,,54.84,seconds,Spec Towns - Torrin Lawrence Invitational,2023-04-06,,,,Outdoor,https://www.tfrrs.org/results/79636/4805218/Spec_Towns_-_Torrin_Lawrence_Invitational/400-Meters,TFRRS all_performances
"Tate, Haley",Georgia,SEC,400m,2023,1,,,53.43,seconds,Spec Towns - Torrin Lawrence Invitational,2023-04-06,,,,Outdoor,https://www.tfrrs.org/results/79636/4805218/Spec_Towns_-_Torrin_Lawrence_Invitational/400-Meters,TFRRS all_performances
"Butler, Aaliyah",Georgia,SEC,400m,2023,1,,,52.31,seconds,Spec/Torrin Inv.,2023-04-06/2023-04-07,,1st,,Outdoor,https://georgiadogs.com/documents/download/2023/3/28/2023_Women_Outdoor_Results.pdf,legacy_source_needs_review
"Murphy, Hali",Georgia,SEC,400m,2023,1,,,54.84,seconds,Spec/Torrin Inv.,2023-04-06/2023-04-07,,3rd,,Outdoor,https://georgiadogs.com/documents/download/2023/3/28/2023_Women_Outdoor_Results.pdf,legacy_source_needs_review
"Tate, Haley",Georgia,SEC,400m,2023,1,,,53.43,seconds,Spec/Torrin Inv.,2023-04-06/2023-04-07,,2nd,,Outdoor,https://georgiadogs.com/documents/download/2023/3/28/2023_Women_Outdoor_Results.pdf,legacy_source_needs_review
"Butler, Aaliyah",Georgia,SEC,400m,2023,2,,,52.59,seconds,63rd Annual Mt. SAC Relays,2023-04-12,,,,Outdoor,https://www.tfrrs.org/results/77931/4826994/63rd_Annual_Mt_SAC_Relays/400-Meters,TFRRS all_performances
"Tate, Haley",Georgia,SEC,400m,2023,2,,,54.26,seconds,63rd Annual Mt. SAC Relays,2023-04-12,,,,Outdoor,https://www.tfrrs.org/results/77931/4826994/63rd_Annual_Mt_SAC_Relays/400-Meters,TFRRS all_performances
"Butler, Aaliyah",Georgia,SEC,400m,2023,1,,,52.59,seconds,Mt. SAC Relays,2023-04-13/2023-04-15,,4th,,Outdoor,https://georgiadogs.com/documents/download/2023/3/28/2023_Women_Outdoor_Results.pdf,legacy_source_needs_review
"Tate, Haley",Georgia,SEC,400m,2023,1,,,54.26,seconds,Mt. SAC Relays,2023-04-13/2023-04-15,,20th,,Outdoor,https://georgiadogs.com/documents/download/2023/3/28/2023_Women_Outdoor_Results.pdf,legacy_source_needs_review
"Butler, Aaliyah",Georgia,SEC,400m,2023,1,,,52.81,seconds,Georgia Tech Invitational,2023-04-21,,,,Outdoor,https://www.tfrrs.org/results/80375/4852108/Georgia_Tech_Invitational/400-Meters,TFRRS all_performances
"Murphy, Hali",Georgia,SEC,400m,2023,1,,,55.51,seconds,Georgia Tech Invitational,2023-04-21,,,,Outdoor,https://www.tfrrs.org/results/80375/4852108/Georgia_Tech_Invitational/400-Meters,TFRRS all_performances
"Butler, Aaliyah",Georgia,SEC,400m,2023,1,,,52.81,seconds,GT Invite,2023-04-21/2023-04-22,,1st,,Outdoor,https://georgiadogs.com/documents/download/2023/3/28/2023_Women_Outdoor_Results.pdf,legacy_source_needs_review
"Murphy, Hali",Georgia,SEC,400m,2023,1,,,55.51,seconds,GT Invite,2023-04-21/2023-04-22,,6th,,Outdoor,https://georgiadogs.com/documents/download/2023/3/28/2023_Women_Outdoor_Results.pdf,legacy_source_needs_review
"Butler, Aaliyah",Georgia,SEC,400m,2023,1,,,51.32,seconds,SEC Outdoor Track & Field Championships,2023-05-11,,,,Outdoor,https://www.tfrrs.org/results/80833/4923403/SEC_Outdoor_Track__Field_Championships/400-Meters,TFRRS all_performances
"Butler, Aaliyah",Georgia,SEC,400m,2023,1,,,51.39,seconds,SEC Outdoor Track & Field Championships,2023-05-11,,,,Outdoor,https://www.tfrrs.org/results/80833/4923403/SEC_Outdoor_Track__Field_Championships/400-Meters,TFRRS all_performances
"Butler, Aaliyah",Georgia,SEC,400m,2023,1,,,51.32,seconds,SEC Champs.,2023-05-11/2023-05-13,F,5th,,Outdoor,https://georgiadogs.com/documents/download/2023/3/28/2023_Women_Outdoor_Results.pdf,legacy_source_needs_review
"Butler, Aaliyah",Georgia,SEC,400m,2023,1,,,51.39,seconds,SEC Champs.,2023-05-11/2023-05-13,P,7th,,Outdoor,https://georgiadogs.com/documents/download/2023/3/28/2023_Women_Outdoor_Results.pdf,legacy_source_needs_review
"Butler, Aaliyah",Georgia,SEC,400m,2023,1,,,52.23,seconds,NCAA East Prelims,2023-05-24/2023-05-27,Q,4th,,Outdoor,https://georgiadogs.com/documents/download/2023/3/28/2023_Women_Outdoor_Results.pdf,legacy_source_needs_review
"Butler, Aaliyah",Georgia,SEC,400m,2023,1,,,52.49,seconds,NCAA East Prelims,2023-05-24/2023-05-27,FR,6th,,Outdoor,https://georgiadogs.com/documents/download/2023/3/28/2023_Women_Outdoor_Results.pdf,legacy_source_needs_review
"Butler, Aaliyah",Georgia,SEC,400m,2023,1,,,52.23,seconds,NCAA East Preliminary Round,2023-05-25,,,,Outdoor,https://www.tfrrs.org/results/81274/4936808/NCAA_East_Preliminary_Round/400-Meters,TFRRS all_performances
"Butler, Aaliyah",Georgia,SEC,400m,2023,1,,,52.49,seconds,NCAA East Preliminary Round,2023-05-25,,,,Outdoor,https://www.tfrrs.org/results/81274/4936808/NCAA_East_Preliminary_Round/400-Meters,TFRRS all_performances
"Butler, Aaliyah",Georgia,SEC,400m,2023,1,,,51.66,seconds,NCAA Division I Outdoor Track & Field Championships,2023-06-07,,,,Outdoor,https://www.tfrrs.org/results/81300/4938121/NCAA_Division_I_Outdoor_Track__Field_Championships/400-Meters,TFRRS all_performances
"Butler, Aaliyah",Georgia,SEC,400m,2023,1,,,51.66,seconds,NCAA Champs.,2023-06-07/2023-06-10,P,16th,,Outdoor,https://georgiadogs.com/documents/download/2023/3/28/2023_Women_Outdoor_Results.pdf,legacy_source_needs_review
"Davis, Karimah",Kentucky,SEC,400m,2023,4,,,53.74,seconds,UCF Black and Gold Invite,2023-03-17,,,,Outdoor,https://www.tfrrs.org/results/77632/4732590/UCF_Black_and_Gold_Invite/400-Meters,TFRRS all_performances
"Miles, Dajour",Kentucky,SEC,400m,2023,3,,,52.99,seconds,UCF Black and Gold Invite,2023-03-17,,,,Outdoor,https://www.tfrrs.org/results/77632/4732590/UCF_Black_and_Gold_Invite/400-Meters,TFRRS all_performances
"Mobley, Mahogany",Kentucky,SEC,400m,2023,1,,,56.12,seconds,UCF Black and Gold Invite,2023-03-17,,,,Outdoor,https://www.tfrrs.org/results/77632/4732590/UCF_Black_and_Gold_Invite/400-Meters,TFRRS all_performances
"Moss, Megan",Kentucky,SEC,400m,2023,3,,,54.35,seconds,UCF Black and Gold Invite,2023-03-17,,,,Outdoor,https://www.tfrrs.org/results/77632/4732590/UCF_Black_and_Gold_Invite/400-Meters,TFRRS all_performances
"Simms, Seven",Kentucky,SEC,400m,2023,2,,,56.60,seconds,UCF Black and Gold Invite,2023-03-17,,,,Outdoor,https://www.tfrrs.org/results/77632/4732590/UCF_Black_and_Gold_Invite/400-Meters,TFRRS all_performances
"Wallace, Reynei",Kentucky,SEC,400m,2023,3,,,55.88,seconds,UCF Black and Gold Invite,2023-03-17,,,,Outdoor,https://www.tfrrs.org/results/77632/4732590/UCF_Black_and_Gold_Invite/400-Meters,TFRRS all_performances
"Moss, Megan",Kentucky,SEC,400m,2023,3,,,53.68,seconds,UF Tom Jones Memorial,2023-04-14,,,,Outdoor,https://www.tfrrs.org/results/78102/4824405/UF_Tom_Jones_Memorial/400-Meters,TFRRS all_performances
"Miles, Dajour",Kentucky,SEC,400m,2023,3,,,53.17,seconds,Michael Johnson Invitational,2023-04-21,,,,Outdoor,https://www.tfrrs.org/results/75342/4853633/Michael_Johnson_Invitational/400-Meters,TFRRS all_performances
"Mobley, Mahogany",Kentucky,SEC,400m,2023,1,,,58.28,seconds,Michael Johnson Invitational,2023-04-21,,,,Outdoor,https://www.tfrrs.org/results/75342/4853633/Michael_Johnson_Invitational/400-Meters,TFRRS all_performances
"Moss, Megan",Kentucky,SEC,400m,2023,3,,,52.55,seconds,Michael Johnson Invitational,2023-04-21,,,,Outdoor,https://www.tfrrs.org/results/75342/4853633/Michael_Johnson_Invitational/400-Meters,TFRRS all_performances
"Simms, Seven",Kentucky,SEC,400m,2023,2,,,55.90,seconds,Michael Johnson Invitational,2023-04-21,,,,Outdoor,https://www.tfrrs.org/results/75342/4853633/Michael_Johnson_Invitational/400-Meters,TFRRS all_performances
"Wallace, Reynei",Kentucky,SEC,400m,2023,3,,,56.19,seconds,Michael Johnson Invitational,2023-04-21,,,,Outdoor,https://www.tfrrs.org/results/75342/4853633/Michael_Johnson_Invitational/400-Meters,TFRRS all_performances
"Cornelius, Patrice",Kentucky,SEC,400m,2023,2,,,1:03.10,seconds,2023 Jim Green Track & Field Invitational,2023-04-28,,,,Outdoor,https://www.tfrrs.org/results/78802/4889063/2023_Jim_Green_Track__Field_Invitational/400-Meters,TFRRS all_performances
"Davis, Karimah",Kentucky,SEC,400m,2023,4,,,52.51,seconds,2023 Jim Green Track & Field Invitational,2023-04-28,,,,Outdoor,https://www.tfrrs.org/results/78802/4889063/2023_Jim_Green_Track__Field_Invitational/400-Meters,TFRRS all_performances
"Hutchison, Katelyn",Kentucky,SEC,400m,2023,4,,,59.05,seconds,2023 Jim Green Track & Field Invitational,2023-04-28,,,,Outdoor,https://www.tfrrs.org/results/78802/4889063/2023_Jim_Green_Track__Field_Invitational/400-Meters,TFRRS all_performances
"Mobley, Mahogany",Kentucky,SEC,400m,2023,1,,,58.01,seconds,2023 Jim Green Track & Field Invitational,2023-04-28,,,,Outdoor,https://www.tfrrs.org/results/78802/4889063/2023_Jim_Green_Track__Field_Invitational/400-Meters,TFRRS all_performances
"Moss, Megan",Kentucky,SEC,400m,2023,3,,,53.34,seconds,2023 Jim Green Track & Field Invitational,2023-04-28,,,,Outdoor,https://www.tfrrs.org/results/78802/4889063/2023_Jim_Green_Track__Field_Invitational/400-Meters,TFRRS all_performances
"Simms, Seven",Kentucky,SEC,400m,2023,2,,,57.67,seconds,2023 Jim Green Track & Field Invitational,2023-04-28,,,,Outdoor,https://www.tfrrs.org/results/78802/4889063/2023_Jim_Green_Track__Field_Invitational/400-Meters,TFRRS all_performances
"Moss, Megan",Kentucky,SEC,400m,2023,3,,,53.33,seconds,SEC Outdoor Track & Field Championships,2023-05-11,,,,Outdoor,https://www.tfrrs.org/results/80833/4923403/SEC_Outdoor_Track__Field_Championships/400-Meters,TFRRS all_performances
"Moss, Megan",Kentucky,SEC,400m,2023,3,,,53.87,seconds,NCAA East Preliminary Round,2023-05-25,,,,Outdoor,https://www.tfrrs.org/results/81274/4936808/NCAA_East_Preliminary_Round/400-Meters,TFRRS all_performances
"Francis , Aalliyah",South Carolina,SEC,400m,2023,2,,,53.29,seconds,Island Relays Bahamas,2023-03-17,,,,Outdoor,https://www.tfrrs.org/results/78004/4735473/Island_Relays_Bahamas/400-Meters,TFRRS all_performances
"Johnson, Alysia",South Carolina,SEC,400m,2023,3,,,54.99,seconds,Island Relays Bahamas,2023-03-17,,,,Outdoor,https://www.tfrrs.org/results/78004/4735473/Island_Relays_Bahamas/400-Meters,TFRRS all_performances
"Registre, Jahnile",South Carolina,SEC,400m,2023,2,,,53.28,seconds,Island Relays Bahamas,2023-03-17,,,,Outdoor,https://www.tfrrs.org/results/78004/4735473/Island_Relays_Bahamas/400-Meters,TFRRS all_performances
"Chelangat, Sylvia",South Carolina,SEC,400m,2023,1,,,54.30,seconds,Weems Baskin Relays 2023,2023-03-24,,,,Outdoor,https://www.tfrrs.org/results/76410/4746800/Weems_Baskin_Relays_2023/400-Meters,TFRRS all_performances
"Registre, Jahnile",South Carolina,SEC,400m,2023,2,,,53.68,seconds,Pepsi Florida Relays,2023-03-31,,,,Outdoor,https://www.tfrrs.org/results/77662/4765405/Pepsi_Florida_Relays/400-Meters,TFRRS all_performances
"Frank, Angel",South Carolina,SEC,400m,2023,3,,,53.34,seconds,UF Tom Jones Memorial,2023-04-14,,,,Outdoor,https://www.tfrrs.org/results/78102/4824405/UF_Tom_Jones_Memorial/400-Meters,TFRRS all_performances
"Registre, Jahnile",South Carolina,SEC,400m,2023,2,,,52.91,seconds,UF Tom Jones Memorial,2023-04-14,,,,Outdoor,https://www.tfrrs.org/results/78102/4824405/UF_Tom_Jones_Memorial/400-Meters,TFRRS all_performances
"Francis , Aalliyah",South Carolina,SEC,400m,2023,2,,,53.26,seconds,USC Open Outdoor 2023,2023-04-22,,,,Outdoor,https://www.tfrrs.org/results/76412/4855759/USC_Open_Outdoor_2023/400-Meters,TFRRS all_performances
"Frank, Angel",South Carolina,SEC,400m,2023,3,,,54.28,seconds,USC Open Outdoor 2023,2023-04-22,,,,Outdoor,https://www.tfrrs.org/results/76412/4855759/USC_Open_Outdoor_2023/400-Meters,TFRRS all_performances
"Registre, Jahnile",South Carolina,SEC,400m,2023,2,,,52.86,seconds,USC Open Outdoor 2023,2023-04-22,,,,Outdoor,https://www.tfrrs.org/results/76412/4855759/USC_Open_Outdoor_2023/400-Meters,TFRRS all_performances
"Francis , Aalliyah",South Carolina,SEC,400m,2023,2,,,53.73,seconds,SEC Outdoor Track & Field Championships,2023-05-11,,,,Outdoor,https://www.tfrrs.org/results/80833/4923403/SEC_Outdoor_Track__Field_Championships/400-Meters,TFRRS all_performances
"Frank, Angel",South Carolina,SEC,400m,2023,3,,,53.87,seconds,SEC Outdoor Track & Field Championships,2023-05-11,,,,Outdoor,https://www.tfrrs.org/results/80833/4923403/SEC_Outdoor_Track__Field_Championships/400-Meters,TFRRS all_performances
"Registre, Jahnile",South Carolina,SEC,400m,2023,2,,,53.55,seconds,SEC Outdoor Track & Field Championships,2023-05-11,,,,Outdoor,https://www.tfrrs.org/results/80833/4923403/SEC_Outdoor_Track__Field_Championships/400-Meters,TFRRS all_performances
"McLean, Jessica",Clemson,ACC,400m,2024,2,,,56.44,s,UCF Black & Gold Invite,2024-03-15,,,,Outdoor,https://www.tfrrs.org/results/81397/5112713/UCF_Black__Gold_Invite/400-Meters,TFRRS all_performances
"Thompson, Kenya",Clemson,ACC,400m,2024,3,,,55.27,s,UCF Black & Gold Invite,2024-03-15,,,,Outdoor,https://www.tfrrs.org/results/81397/5112713/UCF_Black__Gold_Invite/400-Meters,TFRRS all_performances
"Williams, Courtney",Clemson,ACC,400m,2024,4,,,53.81,s,UCF Black & Gold Invite,2024-03-15,,,,Outdoor,https://www.tfrrs.org/results/81397/5112713/UCF_Black__Gold_Invite/400-Meters,TFRRS all_performances
"Dixon, Jodi Ann",Clemson,ACC,400m,2024,3,,,59.39,s,UCF Knights Invite,2024-03-22,,,,Outdoor,https://www.tfrrs.org/results/81665/5127770/UCF_Knights_Invite/400-Meters,TFRRS all_performances
"Gadson, Ken'naria",Clemson,ACC,400m,2024,4,,,52.78,s,UCF Knights Invite,2024-03-22,,,,Outdoor,https://www.tfrrs.org/results/81665/5127770/UCF_Knights_Invite/400-Meters,TFRRS all_performances
"Myrie, Ockera",Clemson,ACC,400m,2024,4,,,56.90,s,UCF Knights Invite,2024-03-22,,,,Outdoor,https://www.tfrrs.org/results/81665/5127770/UCF_Knights_Invite/400-Meters,TFRRS all_performances
"Nebel, Isabelle",Clemson,ACC,400m,2024,1,,,1:02.44,s,UCF Knights Invite,2024-03-22,,,,Outdoor,https://www.tfrrs.org/results/81665/5127770/UCF_Knights_Invite/400-Meters,TFRRS all_performances
"Osher, Mackenzie",Clemson,ACC,400m,2024,3,,,54.27,s,UCF Knights Invite,2024-03-22,,,,Outdoor,https://www.tfrrs.org/results/81665/5127770/UCF_Knights_Invite/400-Meters,TFRRS all_performances
"Thompson, Kenya",Clemson,ACC,400m,2024,3,,,56.12,s,UCF Knights Invite,2024-03-22,,,,Outdoor,https://www.tfrrs.org/results/81665/5127770/UCF_Knights_Invite/400-Meters,TFRRS all_performances
"Osher, Mackenzie",Clemson,ACC,400m,2024,3,,,53.81,s,Tom Jones Memorial Invitational,2024-04-12,,,,Outdoor,https://www.tfrrs.org/results/85961/5199019/Tom_Jones_Memorial_Invitational/400-Meters,TFRRS all_performances
"Williams, Courtney",Clemson,ACC,400m,2024,4,,,53.22,s,Tom Jones Memorial Invitational,2024-04-12,,,,Outdoor,https://www.tfrrs.org/results/85961/5199019/Tom_Jones_Memorial_Invitational/400-Meters,TFRRS all_performances
"Gadson, Ken'naria",Clemson,ACC,400m,2024,4,,,51.59,s,USC Outdoor Open,2024-04-20,,,,Outdoor,https://www.tfrrs.org/results/85539/5220052/USC_Outdoor_Open/400-Meters,TFRRS all_performances
"Kapoor, Isabelle",Clemson,ACC,400m,2024,3,,,1:05.60,s,USC Outdoor Open,2024-04-20,,,,Outdoor,https://www.tfrrs.org/results/85539/5220052/USC_Outdoor_Open/400-Meters,TFRRS all_performances
"Williams, Courtney",Clemson,ACC,400m,2024,4,,,53.50,s,USC Outdoor Open,2024-04-20,,,,Outdoor,https://www.tfrrs.org/results/85539/5220052/USC_Outdoor_Open/400-Meters,TFRRS all_performances
"Gadson, Ken'naria",Clemson,ACC,400m,2024,4,,,52.51,s,ACC Outdoor Track & Field Championships,2024-05-09,,,,Outdoor,https://www.tfrrs.org/results/86920/5278870/ACC_Outdoor_Track__Field_Championships/400-Meters,TFRRS all_performances
"Gadson, Ken'naria",Clemson,ACC,400m,2024,4,,,52.68,s,ACC Outdoor Track & Field Championships,2024-05-09,,,,Outdoor,https://www.tfrrs.org/results/86920/5278870/ACC_Outdoor_Track__Field_Championships/400-Meters,TFRRS all_performances
"Osher, Mackenzie",Clemson,ACC,400m,2024,3,,,54.01,s,ACC Outdoor Track & Field Championships,2024-05-09,,,,Outdoor,https://www.tfrrs.org/results/86920/5278870/ACC_Outdoor_Track__Field_Championships/400-Meters,TFRRS all_performances
"Osher, Mackenzie",Clemson,ACC,400m,2024,3,,,54.05,s,ACC Outdoor Track & Field Championships,2024-05-09,,,,Outdoor,https://www.tfrrs.org/results/86920/5278870/ACC_Outdoor_Track__Field_Championships/400-Meters,TFRRS all_performances
"Williams, Courtney",Clemson,ACC,400m,2024,4,,,53.17,s,ACC Outdoor Track & Field Championships,2024-05-09,,,,Outdoor,https://www.tfrrs.org/results/86920/5278870/ACC_Outdoor_Track__Field_Championships/400-Meters,TFRRS all_performances
"Williams, Courtney",Clemson,ACC,400m,2024,4,,,53.36,s,ACC Outdoor Track & Field Championships,2024-05-09,,,,Outdoor,https://www.tfrrs.org/results/86920/5278870/ACC_Outdoor_Track__Field_Championships/400-Meters,TFRRS all_performances
"Williams, Courtney",Clemson,ACC,400m,2024,4,,,52.35,s,NCAA East First Round,2024-05-22,,,,Outdoor,https://www.tfrrs.org/results/86997/5284560/NCAA_East_First_Round/400-Meters,TFRRS all_performances
"Williams, Courtney",Clemson,ACC,400m,2024,4,,,52.91,s,NCAA East First Round,2024-05-22,,,,Outdoor,https://www.tfrrs.org/results/86997/5284560/NCAA_East_First_Round/400-Meters,TFRRS all_performances
"McGinnis, Megan",Duke,ACC,400m,2024,3,,,53.93,s,Hurricane Collegiate Invite,2024-03-23,,,,Outdoor,https://www.tfrrs.org/results/84947/5225228/Hurricane_Collegiate_Invite_/400-Meters,TFRRS all_performances
"Tolbert, Lauren",Duke,ACC,400m,2024,2,,,53.08,s,Hurricane Collegiate Invite,2024-03-23,,,,Outdoor,https://www.tfrrs.org/results/84947/5225228/Hurricane_Collegiate_Invite_/400-Meters,TFRRS all_performances
"Wallenstrom, Samantha",Duke,ACC,400m,2024,2,,,56.83,s,Hurricane Collegiate Invite,2024-03-23,,,,Outdoor,https://www.tfrrs.org/results/84947/5225228/Hurricane_Collegiate_Invite_/400-Meters,TFRRS all_performances
"Dietz, Madison",Duke,ACC,400m,2024,2,,,59.01,s,Raleigh Relays,2024-03-28,,,,Outdoor,https://www.tfrrs.org/results/85174/5146926/Raleigh_Relays/400-Meters,TFRRS all_performances
"Jackson, Julia",Duke,ACC,400m,2024,2,,,53.33,s,Raleigh Relays,2024-03-28,,,,Outdoor,https://www.tfrrs.org/results/85174/5146926/Raleigh_Relays/400-Meters,TFRRS all_performances
"McGinnis, Megan",Duke,ACC,400m,2024,3,,,54.45,s,Raleigh Relays,2024-03-28,,,,Outdoor,https://www.tfrrs.org/results/85174/5146926/Raleigh_Relays/400-Meters,TFRRS all_performances
"Sims, Meredith",Duke,ACC,400m,2024,3,,,57.05,s,Raleigh Relays,2024-03-28,,,,Outdoor,https://www.tfrrs.org/results/85174/5146926/Raleigh_Relays/400-Meters,TFRRS all_performances
"Tarpeh, Jorhdyn",Duke,ACC,400m,2024,2,,,59.47,s,Raleigh Relays,2024-03-28,,,,Outdoor,https://www.tfrrs.org/results/85174/5146926/Raleigh_Relays/400-Meters,TFRRS all_performances
"Tolbert, Lauren",Duke,ACC,400m,2024,2,,,52.82,s,Raleigh Relays,2024-03-28,,,,Outdoor,https://www.tfrrs.org/results/85174/5146926/Raleigh_Relays/400-Meters,TFRRS all_performances
"Wallenstrom, Samantha",Duke,ACC,400m,2024,2,,,56.63,s,Raleigh Relays,2024-03-28,,,,Outdoor,https://www.tfrrs.org/results/85174/5146926/Raleigh_Relays/400-Meters,TFRRS all_performances
"Jackson, Julia",Duke,ACC,400m,2024,2,,,52.61,s,Duke Invitational,2024-04-11,,,,Outdoor,https://www.tfrrs.org/results/81886/5192029/Duke_Invitational/400-Meters,TFRRS all_performances
"McGinnis, Megan",Duke,ACC,400m,2024,3,,,52.47,s,Duke Invitational,2024-04-11,,,,Outdoor,https://www.tfrrs.org/results/81886/5192029/Duke_Invitational/400-Meters,TFRRS all_performances
"Tolbert, Lauren",Duke,ACC,400m,2024,2,,,52.19,s,Duke Invitational,2024-04-11,,,,Outdoor,https://www.tfrrs.org/results/81886/5192029/Duke_Invitational/400-Meters,TFRRS all_performances
"Wallenstrom, Samantha",Duke,ACC,400m,2024,2,,,55.65,s,Duke Invitational,2024-04-11,,,,Outdoor,https://www.tfrrs.org/results/81886/5192029/Duke_Invitational/400-Meters,TFRRS all_performances
"Doane, Maddy",Duke,ACC,400m,2024,4,,,54.35,s,Wake Forest Invitational,2024-04-19,,,,Outdoor,https://www.tfrrs.org/results/86254/5223296/Wake_Forest_Invitational/400-Meters,TFRRS all_performances
"Williams, Hailey",Duke,ACC,400m,2024,4,,,56.12,s,Wake Forest Invitational,2024-04-19,,,,Outdoor,https://www.tfrrs.org/results/86254/5223296/Wake_Forest_Invitational/400-Meters,TFRRS all_performances
"Doane, Maddy",Duke,ACC,400m,2024,4,,,54.26,s,ACC Outdoor Track & Field Championships,2024-05-09,,,,Outdoor,https://www.tfrrs.org/results/86920/5278870/ACC_Outdoor_Track__Field_Championships/400-Meters,TFRRS all_performances
"Jackson, Julia",Duke,ACC,400m,2024,2,,,53.82,s,ACC Outdoor Track & Field Championships,2024-05-09,,,,Outdoor,https://www.tfrrs.org/results/86920/5278870/ACC_Outdoor_Track__Field_Championships/400-Meters,TFRRS all_performances
"Jackson, Julia",Duke,ACC,400m,2024,2,,,53.88,s,ACC Outdoor Track & Field Championships,2024-05-09,,,,Outdoor,https://www.tfrrs.org/results/86920/5278870/ACC_Outdoor_Track__Field_Championships/400-Meters,TFRRS all_performances
"McGinnis, Megan",Duke,ACC,400m,2024,3,,,53.33,s,ACC Outdoor Track & Field Championships,2024-05-09,,,,Outdoor,https://www.tfrrs.org/results/86920/5278870/ACC_Outdoor_Track__Field_Championships/400-Meters,TFRRS all_performances
"McGinnis, Megan",Duke,ACC,400m,2024,3,,,53.42,s,ACC Outdoor Track & Field Championships,2024-05-09,,,,Outdoor,https://www.tfrrs.org/results/86920/5278870/ACC_Outdoor_Track__Field_Championships/400-Meters,TFRRS all_performances
"Sims, Meredith",Duke,ACC,400m,2024,3,,,55.33,s,ACC Outdoor Track & Field Championships,2024-05-09,,,,Outdoor,https://www.tfrrs.org/results/86920/5278870/ACC_Outdoor_Track__Field_Championships/400-Meters,TFRRS all_performances
"Tolbert, Lauren",Duke,ACC,400m,2024,2,,,52.00,s,ACC Outdoor Track & Field Championships,2024-05-09,,,,Outdoor,https://www.tfrrs.org/results/86920/5278870/ACC_Outdoor_Track__Field_Championships/400-Meters,TFRRS all_performances
"Tolbert, Lauren",Duke,ACC,400m,2024,2,,,52.72,s,ACC Outdoor Track & Field Championships,2024-05-09,,,,Outdoor,https://www.tfrrs.org/results/86920/5278870/ACC_Outdoor_Track__Field_Championships/400-Meters,TFRRS all_performances
"Jackson, Julia",Duke,ACC,400m,2024,2,,,53.04,s,NCAA East First Round,2024-05-22,,,,Outdoor,https://www.tfrrs.org/results/86997/5284560/NCAA_East_First_Round/400-Meters,TFRRS all_performances
"Jackson, Julia",Duke,ACC,400m,2024,2,,,53.63,s,NCAA East First Round,2024-05-22,,,,Outdoor,https://www.tfrrs.org/results/86997/5284560/NCAA_East_First_Round/400-Meters,TFRRS all_performances
"McGinnis, Megan",Duke,ACC,400m,2024,3,,,53.21,s,NCAA East First Round,2024-05-22,,,,Outdoor,https://www.tfrrs.org/results/86997/5284560/NCAA_East_First_Round/400-Meters,TFRRS all_performances
"McGinnis, Megan",Duke,ACC,400m,2024,3,,,53.45,s,NCAA East First Round,2024-05-22,,,,Outdoor,https://www.tfrrs.org/results/86997/5284560/NCAA_East_First_Round/400-Meters,TFRRS all_performances
"Liburd, Kaelyaah",Florida State,ACC,400m,2024,1,,,56.57,s,Tom Jones Memorial Invitational,2024-04-12,,,,Outdoor,https://www.tfrrs.org/results/85961/5199003/Tom_Jones_Memorial_Invitational/400-Meters,TFRRS all_performances
"Liburd, Kaelyaah",Florida State,ACC,400m,2024,1,,,55.44,s,LSU Invitational,2024-04-27,,,,Outdoor,https://www.tfrrs.org/results/84133/5240916/LSU_Invitational/400-Meters,TFRRS all_performances
"Wilson, Tyra",Florida State,ACC,400m,2024,3,,,54.52,s,LSU Invitational,2024-04-27,,,,Outdoor,https://www.tfrrs.org/results/84133/5240916/LSU_Invitational/400-Meters,TFRRS all_performances
"Liburd, Kaelyaah",Florida State,ACC,400m,2024,1,,,54.36,s,ACC Outdoor Track & Field Championships,2024-05-09,,,,Outdoor,https://www.tfrrs.org/results/86920/5278870/ACC_Outdoor_Track__Field_Championships/400-Meters,TFRRS all_performances
"Hinton, Sage",Stanford,ACC,400m,2024,1,,,56.59,s,2024 Hornet Invite,2024-03-15,,,,Outdoor,https://www.tfrrs.org/results/83555/5115031/2024_Hornet_Invite/400-Meters,TFRRS all_performances
"Peisner, Camille",Stanford,ACC,400m,2024,3,,,57.53,s,2024 Hornet Invite,2024-03-15,,,,Outdoor,https://www.tfrrs.org/results/83555/5115031/2024_Hornet_Invite/400-Meters,TFRRS all_performances
"Hinton, Sage",Stanford,ACC,400m,2024,1,,,56.66,s,Stanford Invitational,2024-03-29,,,,Outdoor,https://www.tfrrs.org/results/83461/5148871/Stanford_Invitational/400-Meters,TFRRS all_performances
"Peters, Cate",Stanford,ACC,400m,2024,1,,,56.56,s,Stanford Invitational,2024-03-29,,,,Outdoor,https://www.tfrrs.org/results/83461/5148871/Stanford_Invitational/400-Meters,TFRRS all_performances
"Valmon, Maya",Stanford,ACC,400m,2024,3,,,54.13,s,Stanford Invitational,2024-03-29,,,,Outdoor,https://www.tfrrs.org/results/83461/5148871/Stanford_Invitational/400-Meters,TFRRS all_performances
"Willis, Roisin",Stanford,ACC,400m,2024,2,,,53.90,s,Stanford Invitational,2024-03-29,,,,Outdoor,https://www.tfrrs.org/results/83461/5148871/Stanford_Invitational/400-Meters,TFRRS all_performances
"Hinton, Sage",Stanford,ACC,400m,2024,1,,,56.09,s,64th Annual Mt. SAC Relays,2024-04-17,,,,Outdoor,https://www.tfrrs.org/results/84352/5221450/64th_Annual_Mt_SAC_Relays/400-Meters,TFRRS all_performances
"Peters, Cate",Stanford,ACC,400m,2024,1,,,55.56,s,64th Annual Mt. SAC Relays,2024-04-17,,,,Outdoor,https://www.tfrrs.org/results/84352/5221450/64th_Annual_Mt_SAC_Relays/400-Meters,TFRRS all_performances
"Wright, Cydney",Stanford,ACC,400m,2024,2,,,52.71,s,64th Annual Mt. SAC Relays,2024-04-17,,,,Outdoor,https://www.tfrrs.org/results/84352/5221450/64th_Annual_Mt_SAC_Relays/400-Meters,TFRRS all_performances
"Peters, Cate",Stanford,ACC,400m,2024,1,,,54.87,s,Payton Jordan Invitational,2024-04-26,,,,Outdoor,https://www.tfrrs.org/results/83818/5238627/Payton_Jordan_Invitational/400-Meters,TFRRS all_performances
"Thomas, Samantha",Stanford,ACC,400m,2024,4,,,55.42,s,Payton Jordan Invitational,2024-04-26,,,,Outdoor,https://www.tfrrs.org/results/83818/5238627/Payton_Jordan_Invitational/400-Meters,TFRRS all_performances
"Valmon, Maya",Stanford,ACC,400m,2024,3,,,53.52,s,Payton Jordan Invitational,2024-04-26,,,,Outdoor,https://www.tfrrs.org/results/83818/5238627/Payton_Jordan_Invitational/400-Meters,TFRRS all_performances
"Hinton, Sage",Stanford,ACC,400m,2024,1,,,55.50,s,Stanford vs Cal Big Meet,2024-04-30,,,,Outdoor,https://www.tfrrs.org/results/86314/5253383/Stanford_vs_Cal_Big_Meet/400-Meters,TFRRS all_performances
"Peters, Cate",Stanford,ACC,400m,2024,1,,,56.02,s,Stanford vs Cal Big Meet,2024-04-30,,,,Outdoor,https://www.tfrrs.org/results/86314/5253383/Stanford_vs_Cal_Big_Meet/400-Meters,TFRRS all_performances
"Valmon, Maya",Stanford,ACC,400m,2024,3,,,53.61,s,Stanford vs Cal Big Meet,2024-04-30,,,,Outdoor,https://www.tfrrs.org/results/86314/5253383/Stanford_vs_Cal_Big_Meet/400-Meters,TFRRS all_performances
"Willis, Roisin",Stanford,ACC,400m,2024,2,,,53.55,s,Stanford vs Cal Big Meet,2024-04-30,,,,Outdoor,https://www.tfrrs.org/results/86314/5253383/Stanford_vs_Cal_Big_Meet/400-Meters,TFRRS all_performances
"Peters, Cate",Stanford,ACC,400m,2024,1,,,56.36,s,PAC-12 Track and Field Championships,2024-05-10,,,,Outdoor,https://www.tfrrs.org/results/83706/5277464/PAC-12_Track_and_Field_Championships/400-Meters,TFRRS all_performances
"Valmon, Maya",Stanford,ACC,400m,2024,3,,,54.13,s,PAC-12 Track and Field Championships,2024-05-10,,,,Outdoor,https://www.tfrrs.org/results/83706/5277464/PAC-12_Track_and_Field_Championships/400-Meters,TFRRS all_performances
"Wright, Cydney",Stanford,ACC,400m,2024,2,,,52.51,s,PAC-12 Track and Field Championships,2024-05-10,,,,Outdoor,https://www.tfrrs.org/results/83706/5277464/PAC-12_Track_and_Field_Championships/400-Meters,TFRRS all_performances
"Wright, Cydney",Stanford,ACC,400m,2024,2,,,52.54,s,PAC-12 Track and Field Championships,2024-05-10,,,,Outdoor,https://www.tfrrs.org/results/83706/5277464/PAC-12_Track_and_Field_Championships/400-Meters,TFRRS all_performances
"Valmon, Maya",Stanford,ACC,400m,2024,3,,,53.30,s,NCAA West First Round,2024-05-22,,,,Outdoor,https://www.tfrrs.org/results/86989/5284402/NCAA_West_First_Round/400-Meters,TFRRS all_performances
"Daniels, Tori",Virginia,ACC,400m,2024,1,,,59.67,s,Virginia Opener,2024-03-23,,,,Outdoor,https://www.tfrrs.org/results/84945/5129850/Virginia_Opener/400-Meters,TFRRS all_performances
"Fletcher, Ariel",Virginia,ACC,400m,2024,1,,,57.21,s,Virginia Opener,2024-03-23,,,,Outdoor,https://www.tfrrs.org/results/84945/5129850/Virginia_Opener/400-Meters,TFRRS all_performances
"Fletcher, Ariel",Virginia,ACC,400m,2024,1,,,56.20,s,Raleigh Relays,2024-03-28,,,,Outdoor,https://www.tfrrs.org/results/85174/5146926/Raleigh_Relays/400-Meters,TFRRS all_performances
"Fletcher, Ariel",Virginia,ACC,400m,2024,1,,,55.03,s,VertKlasse Meeting,2024-04-05,,,,Outdoor,https://www.tfrrs.org/results/85654/5173163/VertKlasse_Meeting/400-Meters,TFRRS all_performances
"Daniels, Tori",Virginia,ACC,400m,2024,1,,,58.91,s,Virginia Grand Prix,2024-04-12,,,,Outdoor,https://www.tfrrs.org/results/85958/5192090/Virginia_Grand_Prix/400-Meters,TFRRS all_performances
"Fletcher, Ariel",Virginia,ACC,400m,2024,1,,,55.24,s,Virginia Grand Prix,2024-04-12,,,,Outdoor,https://www.tfrrs.org/results/85958/5192090/Virginia_Grand_Prix/400-Meters,TFRRS all_performances
"Parenchuk, Anzhelika",Virginia,ACC,400m,2024,4,,,55.71,s,Virginia Grand Prix,2024-04-12,,,,Outdoor,https://www.tfrrs.org/results/85958/5192090/Virginia_Grand_Prix/400-Meters,TFRRS all_performances
"Daniels, Tori",Virginia,ACC,400m,2024,1,,,59.22,s,Virginia Challenge,2024-04-19,,,,Outdoor,https://www.tfrrs.org/results/86255/5218646/Virginia_Challenge/400-Meters,TFRRS all_performances
"Fletcher, Ariel",Virginia,ACC,400m,2024,1,,,55.15,s,Virginia Challenge,2024-04-19,,,,Outdoor,https://www.tfrrs.org/results/86255/5218646/Virginia_Challenge/400-Meters,TFRRS all_performances
"Parenchuk, Anzhelika",Virginia,ACC,400m,2024,4,,,55.22,s,Virginia Challenge,2024-04-19,,,,Outdoor,https://www.tfrrs.org/results/86255/5218646/Virginia_Challenge/400-Meters,TFRRS all_performances
"Parenchuk, Anzhelika",Virginia,ACC,400m,2024,4,,,55.32,s,Virginia High Performance,2024-04-28,,,,Outdoor,https://www.tfrrs.org/results/84590/5245429/Virginia_High_Performance/400-Meters,TFRRS all_performances
"Fletcher, Ariel",Virginia,ACC,400m,2024,1,,,55.24,s,ACC Outdoor Track & Field Championships,2024-05-09,,,,Outdoor,https://www.tfrrs.org/results/86920/5278870/ACC_Outdoor_Track__Field_Championships/400-Meters,TFRRS all_performances
"Aguilar-Perez, Camila",Arizona,Big 12,400m,2024,2,,,54.23,seconds,2024 Arizona Spring Break Fiesta,2024-03-16,,,,Outdoor,https://www.tfrrs.org/results/81574/5113952/2024_Arizona_Spring_Break_Fiesta/400-Meters,TFRRS all_performances
"Simms, Ava",Arizona,Big 12,400m,2024,1,,,54.74,seconds,2024 Arizona Spring Break Fiesta,2024-03-16,,,,Outdoor,https://www.tfrrs.org/results/81574/5113952/2024_Arizona_Spring_Break_Fiesta/400-Meters,TFRRS all_performances
"Hall, Keilee",Arizona,Big 12,400m,2024,1,,,56.23,seconds,2024 Willie Williams Classic,2024-03-22,,,,Outdoor,https://www.tfrrs.org/results/81575/5128201/_2024_Willie_Williams_Classic/400-Meters,TFRRS all_performances
"Montgomery, Athena",Arizona,Big 12,400m,2024,4,,,58.08,seconds,2024 Willie Williams Classic,2024-03-22,,,,Outdoor,https://www.tfrrs.org/results/81575/5128201/_2024_Willie_Williams_Classic/400-Meters,TFRRS all_performances
"Sanchez Nunez, Antonia",Arizona,Big 12,400m,2024,2,,,54.80,seconds,2024 Willie Williams Classic,2024-03-22,,,,Outdoor,https://www.tfrrs.org/results/81575/5128201/_2024_Willie_Williams_Classic/400-Meters,TFRRS all_performances
"Simms, Ava",Arizona,Big 12,400m,2024,1,,,53.83,seconds,2024 Willie Williams Classic,2024-03-22,,,,Outdoor,https://www.tfrrs.org/results/81575/5128201/_2024_Willie_Williams_Classic/400-Meters,TFRRS all_performances
"Aguilar-Perez, Camila",Arizona,Big 12,400m,2024,2,,,54.05,seconds,2024 Jim Click Shootout,2024-04-05,,,,Outdoor,https://www.tfrrs.org/results/81577/5171507/_2024_Jim_Click_Shootout/400-Meters,TFRRS all_performances
"Simms, Ava",Arizona,Big 12,400m,2024,1,,,54.41,seconds,2024 Jim Click Shootout,2024-04-05,,,,Outdoor,https://www.tfrrs.org/results/81577/5171507/_2024_Jim_Click_Shootout/400-Meters,TFRRS all_performances
"Aguilar-Perez, Camila",Arizona,Big 12,400m,2024,2,,,54.56,seconds,64th Annual Mt. SAC Relays,2024-04-17,,,,Outdoor,https://www.tfrrs.org/results/84352/5221450/64th_Annual_Mt_SAC_Relays/400-Meters,TFRRS all_performances
"Simms, Ava",Arizona,Big 12,400m,2024,1,,,56.35,seconds,64th Annual Mt. SAC Relays,2024-04-17,,,,Outdoor,https://www.tfrrs.org/results/84352/5221450/64th_Annual_Mt_SAC_Relays/400-Meters,TFRRS all_performances
"Aguilar-Perez, Camila",Arizona,Big 12,400m,2024,2,,,54.13,seconds,Desert Heat Classic 2024,2024-04-27,,,,Outdoor,https://www.tfrrs.org/results/81578/5242999/_Desert_Heat_Classic_2024/400-Meters,TFRRS all_performances
"Simms, Ava",Arizona,Big 12,400m,2024,1,,,54.35,seconds,Desert Heat Classic 2024,2024-04-27,,,,Outdoor,https://www.tfrrs.org/results/81578/5242999/_Desert_Heat_Classic_2024/400-Meters,TFRRS all_performances
"Aguilar-Perez, Camila",Arizona,Big 12,400m,2024,2,,,54.09,seconds,PAC-12 Track and Field Championships,2024-05-10,,,,Outdoor,https://www.tfrrs.org/results/83706/5277464/PAC-12_Track_and_Field_Championships/400-Meters,TFRRS all_performances
"Simms, Ava",Arizona,Big 12,400m,2024,1,,,54.27,seconds,PAC-12 Track and Field Championships,2024-05-10,,,,Outdoor,https://www.tfrrs.org/results/83706/5277464/PAC-12_Track_and_Field_Championships/400-Meters,TFRRS all_performances
"Simms, Ava",Arizona,Big 12,400m,2024,1,,,54.79,seconds,NCAA West First Round,2024-05-22,,,,Outdoor,https://www.tfrrs.org/results/86989/5284402/NCAA_West_First_Round/400-Meters,TFRRS all_performances
"Bingham, Kathryn",BYU,Big 12,400m,2024,4,,,1:00.85,seconds,Weber State Spring Classic,2024-04-05,,,,Outdoor,https://www.tfrrs.org/results/84593/5166413/Weber_State_Spring_Classic/400-Meters,TFRRS all_performances
"Ellis- Dalley, Emily",BYU,Big 12,400m,2024,2,,,55.78,seconds,64th Annual Mt. SAC Relays,2024-04-17,,,,Outdoor,https://www.tfrrs.org/results/84352/5221450/64th_Annual_Mt_SAC_Relays/400-Meters,TFRRS all_performances
"Hart, Annalise",BYU,Big 12,400m,2024,3,,,54.37,seconds,64th Annual Mt. SAC Relays,2024-04-17,,,,Outdoor,https://www.tfrrs.org/results/84352/5221450/64th_Annual_Mt_SAC_Relays/400-Meters,TFRRS all_performances
"Oblad, Sami",BYU,Big 12,400m,2024,3,,,53.66,seconds,64th Annual Mt. SAC Relays,2024-04-17,,,,Outdoor,https://www.tfrrs.org/results/84352/5221450/64th_Annual_Mt_SAC_Relays/400-Meters,TFRRS all_performances
"Ellis- Dalley, Emily",BYU,Big 12,400m,2024,2,,,55.78,seconds,2024 BYU Robison Invitational,2024-04-25,,,,Outdoor,https://www.tfrrs.org/results/84592/5242865/2024_BYU_Robison_Invitational/400-Meters,TFRRS all_performances
"Oblad, Sami",BYU,Big 12,400m,2024,3,,,53.26,seconds,2024 BYU Robison Invitational,2024-04-25,,,,Outdoor,https://www.tfrrs.org/results/84592/5242865/2024_BYU_Robison_Invitational/400-Meters,TFRRS all_performances
"Ellis- Dalley, Emily",BYU,Big 12,400m,2024,2,,,56.61,seconds,Big 12 Outdoor Track & Field Championship,2024-05-09,,,,Outdoor,https://www.tfrrs.org/results/82314/5276146/Big_12_Outdoor_Track__Field_Championship/400-Meters,TFRRS all_performances
"Oblad, Sami",BYU,Big 12,400m,2024,3,,,53.32,seconds,Big 12 Outdoor Track & Field Championship,2024-05-09,,,,Outdoor,https://www.tfrrs.org/results/82314/5276146/Big_12_Outdoor_Track__Field_Championship/400-Meters,TFRRS all_performances
"Oblad, Sami",BYU,Big 12,400m,2024,3,,,52.35,seconds,NCAA West First Round,2024-05-22,,,,Outdoor,https://www.tfrrs.org/results/86989/5284402/NCAA_West_First_Round/400-Meters,TFRRS all_performances
"Oblad, Sami",BYU,Big 12,400m,2024,3,,,52.51,seconds,NCAA West First Round,2024-05-22,,,,Outdoor,https://www.tfrrs.org/results/86989/5284402/NCAA_West_First_Round/400-Meters,TFRRS all_performances
"Williams, Lily",Baylor,Big 12,400m,2024,4,,,1:03.60,seconds,Clyde Hart Classic,2024-03-22,,,,Outdoor,https://www.tfrrs.org/results/81450/5129001/Clyde_Hart_Classic/400-Meters,TFRRS all_performances
"Williamson, Audrey",Baylor,Big 12,400m,2024,3,,,1:00.23,seconds,Clyde Hart Classic,2024-03-22,,,,Outdoor,https://www.tfrrs.org/results/81450/5129001/Clyde_Hart_Classic/400-Meters,TFRRS all_performances
"Lucero, Serafima",Baylor,Big 12,400m,2024,1,,,57.32,seconds,LSU Battle on the Bayou,2024-03-29,,,,Outdoor,https://www.tfrrs.org/results/84130/5145894/LSU_Battle_on_the_Bayou/400-Meters,TFRRS all_performances
"Nse Uko, Imaobong",Baylor,Big 12,400m,2024,3,,,55.37,seconds,LSU Battle on the Bayou,2024-03-29,,,,Outdoor,https://www.tfrrs.org/results/84130/5145894/LSU_Battle_on_the_Bayou/400-Meters,TFRRS all_performances
"Williamson, Audrey",Baylor,Big 12,400m,2024,3,,,1:00.08,seconds,LSU Battle on the Bayou,2024-03-29,,,,Outdoor,https://www.tfrrs.org/results/84130/5145894/LSU_Battle_on_the_Bayou/400-Meters,TFRRS all_performances
"Gryne, Jasmine",Baylor,Big 12,400m,2024,3,,,55.26,seconds,Tom Jones Memorial Invitational,2024-04-12,,,,Outdoor,https://www.tfrrs.org/results/85961/5199003/Tom_Jones_Memorial_Invitational/400-Meters,TFRRS all_performances
"Lucero, Serafima",Baylor,Big 12,400m,2024,1,,,57.78,seconds,Tom Jones Memorial Invitational,2024-04-12,,,,Outdoor,https://www.tfrrs.org/results/85961/5199003/Tom_Jones_Memorial_Invitational/400-Meters,TFRRS all_performances
"Nse Uko, Imaobong",Baylor,Big 12,400m,2024,3,,,55.13,seconds,Tom Jones Memorial Invitational,2024-04-12,,,,Outdoor,https://www.tfrrs.org/results/85961/5199019/Tom_Jones_Memorial_Invitational/400-Meters,TFRRS all_performances
"Kennard, Kourtney",Baylor,Big 12,400m,2024,4,,,59.95,seconds,Michael Johnson Invitational,2024-04-19,,,,Outdoor,https://www.tfrrs.org/results/81449/5219298/Michael_Johnson_Invitational/400-Meters,TFRRS all_performances
"Sergeant, Summer",Baylor,Big 12,400m,2024,3,,,56.70,seconds,Michael Johnson Invitational,2024-04-19,,,,Outdoor,https://www.tfrrs.org/results/81449/5219298/Michael_Johnson_Invitational/400-Meters,TFRRS all_performances
"Williamson, Audrey",Baylor,Big 12,400m,2024,3,,,1:00.68,seconds,Michael Johnson Invitational,2024-04-19,,,,Outdoor,https://www.tfrrs.org/results/81449/5219298/Michael_Johnson_Invitational/400-Meters,TFRRS all_performances
"Nse Uko, Imaobong",Baylor,Big 12,400m,2024,3,,,53.17,seconds,Desert Heat Classic 2024,2024-04-27,,,,Outdoor,https://www.tfrrs.org/results/81578/5242999/_Desert_Heat_Classic_2024/400-Meters,TFRRS all_performances
"Sergeant, Summer",Baylor,Big 12,400m,2024,3,,,56.95,seconds,Desert Heat Classic 2024,2024-04-27,,,,Outdoor,https://www.tfrrs.org/results/81578/5242999/_Desert_Heat_Classic_2024/400-Meters,TFRRS all_performances
"Nse Uko, Imaobong",Baylor,Big 12,400m,2024,3,,,53.08,seconds,Big 12 Outdoor Track & Field Championship,2024-05-09,,,,Outdoor,https://www.tfrrs.org/results/82314/5276146/Big_12_Outdoor_Track__Field_Championship/400-Meters,TFRRS all_performances
"Sergeant, Summer",Baylor,Big 12,400m,2024,3,,,55.31,seconds,Big 12 Outdoor Track & Field Championship,2024-05-09,,,,Outdoor,https://www.tfrrs.org/results/82314/5276146/Big_12_Outdoor_Track__Field_Championship/400-Meters,TFRRS all_performances
"Nse Uko, Imaobong",Baylor,Big 12,400m,2024,3,,,52.22,seconds,NCAA West First Round,2024-05-22,,,,Outdoor,https://www.tfrrs.org/results/86989/5284402/NCAA_West_First_Round/400-Meters,TFRRS all_performances
"Nse Uko, Imaobong",Baylor,Big 12,400m,2024,3,,,52.40,seconds,NCAA West First Round,2024-05-22,,,,Outdoor,https://www.tfrrs.org/results/86989/5284402/NCAA_West_First_Round/400-Meters,TFRRS all_performances
"Joseph, Rachel",Iowa State,Big 12,400m,2024,2,,,52.21,seconds,USF Bulls Alumni Invitational,2024-03-15,,,,Outdoor,https://www.tfrrs.org/results/82252/5112598/USF_Bulls_Alumni_Invitational/400-Meters,TFRRS all_performances
"Barnes, Bria",Iowa State,Big 12,400m,2024,4,,,56.10,seconds,Hurricane Alumni Invitational,2024-04-05,,,,Outdoor,https://www.tfrrs.org/results/85657/5225091/Hurricane_Alumni_Invitational/400-Meters,TFRRS all_performances
"Hubbard, Camryn",Iowa State,Big 12,400m,2024,1,,,57.48,seconds,Hurricane Alumni Invitational,2024-04-05,,,,Outdoor,https://www.tfrrs.org/results/85657/5225091/Hurricane_Alumni_Invitational/400-Meters,TFRRS all_performances
"Moon, Cameron",Iowa State,Big 12,400m,2024,1,,,57.60,seconds,Jim Duncan Invitational,2024-04-12,,,,Outdoor,https://www.tfrrs.org/results/85948/5188848/Jim_Duncan_Invitational/400-Meters,TFRRS all_performances
"Joseph, Rachel",Iowa State,Big 12,400m,2024,2,,,51.63,seconds,John McDonnell Invitational,2024-04-18,,,,Outdoor,https://www.tfrrs.org/results/84752/5215697/John_McDonnell_Invitational/400-Meters,TFRRS all_performances
"Moon, Cameron",Iowa State,Big 12,400m,2024,1,,,57.87,seconds,John McDonnell Invitational,2024-04-18,,,,Outdoor,https://www.tfrrs.org/results/84752/5215697/John_McDonnell_Invitational/400-Meters,TFRRS all_performances
"Moon, Cameron",Iowa State,Big 12,400m,2024,1,,,57.36,seconds,ISU Alumni Invitational,2024-05-03,,,,Outdoor,https://www.tfrrs.org/results/86824/5259971/ISU_Alumni_Invitational/400-Meters,TFRRS all_performances
"Joseph, Rachel",Iowa State,Big 12,400m,2024,2,,,51.56,seconds,NCAA Division I Outdoor Track & Field Championships,2024-05-05,,,,Outdoor,https://www.tfrrs.org/results/87017/5286189/NCAA_Division_I_Outdoor_Track__Field_Championships/400-Meters,TFRRS all_performances
"Joseph, Rachel",Iowa State,Big 12,400m,2024,2,,,51.60,seconds,Big 12 Outdoor Track & Field Championship,2024-05-09,,,,Outdoor,https://www.tfrrs.org/results/82314/5276146/Big_12_Outdoor_Track__Field_Championship/400-Meters,TFRRS all_performances
"Joseph, Rachel",Iowa State,Big 12,400m,2024,2,,,51.38,seconds,NCAA West First Round,2024-05-22,,,,Outdoor,https://www.tfrrs.org/results/86989/5284402/NCAA_West_First_Round/400-Meters,TFRRS all_performances
"Joseph, Rachel",Iowa State,Big 12,400m,2024,2,,,51.77,seconds,NCAA West First Round,2024-05-22,,,,Outdoor,https://www.tfrrs.org/results/86989/5284402/NCAA_West_First_Round/400-Meters,TFRRS all_performances
"Jones, Kayla",Texas Tech,Big 12,400m,2024,3,,,57.15,seconds,ACU Wes Kittley Invitational,2024-03-15,,,,Outdoor,https://www.tfrrs.org/results/83709/5114535/ACU_Wes_Kittley_Invitational/400-Meters,TFRRS all_performances
"Bock, Emma",Texas Tech,Big 12,400m,2024,2,,,57.94,seconds,Masked Rider Open,2024-03-22,,,,Outdoor,https://www.tfrrs.org/results/84946/5137063/Masked_Rider_Open/400-Meters,TFRRS all_performances
"Jones, Kayla",Texas Tech,Big 12,400m,2024,3,,,55.81,seconds,Masked Rider Open,2024-03-22,,,,Outdoor,https://www.tfrrs.org/results/84946/5137063/Masked_Rider_Open/400-Meters,TFRRS all_performances
"Dumas, Zariere",Texas Tech,Big 12,400m,2024,3,,,55.07,seconds,Tom Jones Memorial Invitational,2024-04-12,,,,Outdoor,https://www.tfrrs.org/results/85961/5199019/Tom_Jones_Memorial_Invitational/400-Meters,TFRRS all_performances
"Umoibang, Mercy",Texas Tech,Big 12,400m,2024,2,,,54.43,seconds,Tom Jones Memorial Invitational,2024-04-12,,,,Outdoor,https://www.tfrrs.org/results/85961/5199003/Tom_Jones_Memorial_Invitational/400-Meters,TFRRS all_performances
"Dumas, Zariere",Texas Tech,Big 12,400m,2024,3,,,56.12,seconds,Corky/Crofoot Shootout,2024-04-26,,,,Outdoor,https://www.tfrrs.org/results/86553/5246650/Corky_Crofoot_Shootout/400-Meters,TFRRS all_performances
"Umoibang, Mercy",Texas Tech,Big 12,400m,2024,2,,,54.93,seconds,Corky/Crofoot Shootout,2024-04-26,,,,Outdoor,https://www.tfrrs.org/results/86553/5246650/Corky_Crofoot_Shootout/400-Meters,TFRRS all_performances
"Dumas, Zariere",Texas Tech,Big 12,400m,2024,3,,,55.40,seconds,Big 12 Outdoor Track & Field Championship,2024-05-09,,,,Outdoor,https://www.tfrrs.org/results/82314/5276146/Big_12_Outdoor_Track__Field_Championship/400-Meters,TFRRS all_performances
"Umoibang, Mercy",Texas Tech,Big 12,400m,2024,2,,,54.50,seconds,Big 12 Outdoor Track & Field Championship,2024-05-09,,,,Outdoor,https://www.tfrrs.org/results/82314/5276146/Big_12_Outdoor_Track__Field_Championship/400-Meters,TFRRS all_performances
"Hardamon, Madison",Illinois,Big Ten,400m,2024,2,,,56.95,seconds,Hurricane Invitational,2024-03-15,,,,Outdoor,https://www.tfrrs.org/results/84682/5114868/Hurricane_Invitational/400-Meters,TFRRS all_performances
"McDowell, Jessica",Illinois,Big Ten,400m,2024,3,,,51.41,seconds,Pepsi Florida Relays,2024-03-29,,,,Outdoor,https://www.tfrrs.org/results/83593/5148536/Pepsi_Florida_Relays/400-Meters,TFRRS all_performances
"Hardamon, Madison",Illinois,Big Ten,400m,2024,2,,,56.86,seconds,Gary Wieneke Memorial,2024-04-13,,,,Outdoor,https://www.tfrrs.org/results/84503/5193615/Gary_Wieneke_Memorial_/400-Meters,TFRRS all_performances
"McDowell, Jessica",Illinois,Big Ten,400m,2024,3,,,51.96,seconds,64th Annual Mt. SAC Relays,2024-04-17,,,,Outdoor,https://www.tfrrs.org/results/84352/5221484/64th_Annual_Mt_SAC_Relays/400-Meters,TFRRS all_performances
"Hardamon, Madison",Illinois,Big Ten,400m,2024,2,,,57.20,seconds,Fighting Illini Tune-Up,2024-05-04,,,,Outdoor,https://www.tfrrs.org/results/86077/5262371/Fighting_Illini_Tune-Up_/400-Meters,TFRRS all_performances
"Oliver, Ashley",Illinois,Big Ten,400m,2024,2,,,59.54,seconds,Fighting Illini Tune-Up,2024-05-04,,,,Outdoor,https://www.tfrrs.org/results/86077/5262371/Fighting_Illini_Tune-Up_/400-Meters,TFRRS all_performances
"McDowell, Jessica",Illinois,Big Ten,400m,2024,3,,,50.98,seconds,NCAA Division I Outdoor Track & Field Championships,2024-05-05,,,,Outdoor,https://www.tfrrs.org/results/87017/5286189/NCAA_Division_I_Outdoor_Track__Field_Championships/400-Meters,TFRRS all_performances
"McDowell, Jessica",Illinois,Big Ten,400m,2024,3,,,51.35,seconds,NCAA Division I Outdoor Track & Field Championships,2024-05-05,,,,Outdoor,https://www.tfrrs.org/results/87017/5286189/NCAA_Division_I_Outdoor_Track__Field_Championships/400-Meters,TFRRS all_performances
"McDowell, Jessica",Illinois,Big Ten,400m,2024,3,,,51.73,seconds,Big Ten Outdoor Championships,2024-05-10,,,,Outdoor,https://www.tfrrs.org/results/86945/5277354/Big_Ten_Outdoor_Championships/400-Meters,TFRRS all_performances
"McDowell, Jessica",Illinois,Big Ten,400m,2024,3,,,52.51,seconds,Big Ten Outdoor Championships,2024-05-10,,,,Outdoor,https://www.tfrrs.org/results/86945/5277354/Big_Ten_Outdoor_Championships/400-Meters,TFRRS all_performances
"McDowell, Jessica",Illinois,Big Ten,400m,2024,3,,,51.02,seconds,NCAA West First Round,2024-05-22,,,,Outdoor,https://www.tfrrs.org/results/86989/5284402/NCAA_West_First_Round/400-Meters,TFRRS all_performances
"McDowell, Jessica",Illinois,Big Ten,400m,2024,3,,,51.41,seconds,NCAA West First Round,2024-05-22,,,,Outdoor,https://www.tfrrs.org/results/86989/5284402/NCAA_West_First_Round/400-Meters,TFRRS all_performances
"Walker, Meghan",Nebraska,Big Ten,400m,2024,2,,,55.35,seconds,Pepsi Florida Relays,2024-03-29,,,,Outdoor,https://www.tfrrs.org/results/83593/5148536/Pepsi_Florida_Relays/400-Meters,TFRRS all_performances
"Moore, Karlie",Nebraska,Big Ten,400m,2024,4,,,59.61,seconds,Michael Johnson Invitational,2024-04-19,,,,Outdoor,https://www.tfrrs.org/results/81449/5219298/Michael_Johnson_Invitational/400-Meters,TFRRS all_performances
"Walker, Meghan",Nebraska,Big Ten,400m,2024,2,,,56.01,seconds,Michael Johnson Invitational,2024-04-19,,,,Outdoor,https://www.tfrrs.org/results/81449/5219298/Michael_Johnson_Invitational/400-Meters,TFRRS all_performances
"Walker, Meghan",Nebraska,Big Ten,400m,2024,2,,,55.60,seconds,114th Drake Relays,2024-04-24,,,,Outdoor,https://www.tfrrs.org/results/84215/5243225/114th_Drake_Relays/400-Meters,TFRRS all_performances
"Pfannenstiel, Marie",Nebraska,Big Ten,400m,2024,2,,,58.66,seconds,Wichita State Shocker Open,2024-05-03,,,,Outdoor,https://www.tfrrs.org/results/84237/5259775/Wichita_State_Shocker_Open/400-Meters,TFRRS all_performances
"Walker, Meghan",Nebraska,Big Ten,400m,2024,2,,,55.47,seconds,Big Ten Outdoor Championships,2024-05-10,,,,Outdoor,https://www.tfrrs.org/results/86945/5277354/Big_Ten_Outdoor_Championships/400-Meters,TFRRS all_performances
"Doht-Barron, Lakely",Oregon,Big Ten,400m,2024,1,,,55.75,seconds,45th Aztec Invitational,2024-03-22,,,,Outdoor,https://www.tfrrs.org/results/83606/5129734/45th_Aztec_Invitational/400-Meters,TFRRS all_performances
"Doht-Barron, Lakely",Oregon,Big Ten,400m,2024,1,,,55.66,seconds,Brutus Hamilton 2024,2024-04-06,,,,Outdoor,https://www.tfrrs.org/results/81521/5172167/Brutus_Hamilton_2024/400-Meters,TFRRS all_performances
"Wright, Katriina",Oregon,Big Ten,400m,2024,3,,,53.07,seconds,Brutus Hamilton 2024,2024-04-06,,,,Outdoor,https://www.tfrrs.org/results/81521/5172167/Brutus_Hamilton_2024/400-Meters,TFRRS all_performances
"Doht-Barron, Lakely",Oregon,Big Ten,400m,2024,1,,,54.06,seconds,64th Annual Mt. SAC Relays,2024-04-17,,,,Outdoor,https://www.tfrrs.org/results/84352/5221450/64th_Annual_Mt_SAC_Relays/400-Meters,TFRRS all_performances
"Wright, Katriina",Oregon,Big Ten,400m,2024,3,,,54.05,seconds,64th Annual Mt. SAC Relays,2024-04-17,,,,Outdoor,https://www.tfrrs.org/results/84352/5221484/64th_Annual_Mt_SAC_Relays/400-Meters,TFRRS all_performances
"Clayton, Ella",Oregon,Big Ten,400m,2024,3,,,53.16,seconds,Desert Heat Classic 2024,2024-04-27,,,,Outdoor,https://www.tfrrs.org/results/81578/5242999/_Desert_Heat_Classic_2024/400-Meters,TFRRS all_performances
"Doht-Barron, Lakely",Oregon,Big Ten,400m,2024,1,,,54.78,seconds,Desert Heat Classic 2024,2024-04-27,,,,Outdoor,https://www.tfrrs.org/results/81578/5242999/_Desert_Heat_Classic_2024/400-Meters,TFRRS all_performances
"Clayton, Ella",Oregon,Big Ten,400m,2024,3,,,52.64,seconds,PAC-12 Track and Field Championships,2024-05-10,,,,Outdoor,https://www.tfrrs.org/results/83706/5277464/PAC-12_Track_and_Field_Championships/400-Meters,TFRRS all_performances
"Clayton, Ella",Oregon,Big Ten,400m,2024,3,,,52.96,seconds,PAC-12 Track and Field Championships,2024-05-10,,,,Outdoor,https://www.tfrrs.org/results/83706/5277464/PAC-12_Track_and_Field_Championships/400-Meters,TFRRS all_performances
"Doht-Barron, Lakely",Oregon,Big Ten,400m,2024,1,,,54.11,seconds,PAC-12 Track and Field Championships,2024-05-10,,,,Outdoor,https://www.tfrrs.org/results/83706/5277464/PAC-12_Track_and_Field_Championships/400-Meters,TFRRS all_performances
"Wright, Katriina",Oregon,Big Ten,400m,2024,3,,,52.57,seconds,PAC-12 Track and Field Championships,2024-05-10,,,,Outdoor,https://www.tfrrs.org/results/83706/5277464/PAC-12_Track_and_Field_Championships/400-Meters,TFRRS all_performances
"Wright, Katriina",Oregon,Big Ten,400m,2024,3,,,52.79,seconds,PAC-12 Track and Field Championships,2024-05-10,,,,Outdoor,https://www.tfrrs.org/results/83706/5277464/PAC-12_Track_and_Field_Championships/400-Meters,TFRRS all_performances
"Clayton, Ella",Oregon,Big Ten,400m,2024,3,,,52.49,seconds,NCAA West First Round,2024-05-22,,,,Outdoor,https://www.tfrrs.org/results/86989/5284402/NCAA_West_First_Round/400-Meters,TFRRS all_performances
"Clayton, Ella",Oregon,Big Ten,400m,2024,3,,,52.51,seconds,NCAA West First Round,2024-05-22,,,,Outdoor,https://www.tfrrs.org/results/86989/5284402/NCAA_West_First_Round/400-Meters,TFRRS all_performances
"Wright, Katriina",Oregon,Big Ten,400m,2024,3,,,52.44,seconds,NCAA West First Round,2024-05-22,,,,Outdoor,https://www.tfrrs.org/results/86989/5284402/NCAA_West_First_Round/400-Meters,TFRRS all_performances
"Wright, Katriina",Oregon,Big Ten,400m,2024,3,,,53.28,seconds,NCAA West First Round,2024-05-22,,,,Outdoor,https://www.tfrrs.org/results/86989/5284402/NCAA_West_First_Round/400-Meters,TFRRS all_performances
"Blockburger, Alyssa",USC,Big Ten,400m,2024,4,,,55.95,seconds,Beach Opener 2024,2024-03-01,,,,Outdoor,https://www.tfrrs.org/results/81676/5089219/Beach_Opener_2024/400-Meters,TFRRS all_performances
"Maccagnini, Gigi",USC,Big Ten,400m,2024,3,,,56.98,seconds,Beach Opener 2024,2024-03-01,,,,Outdoor,https://www.tfrrs.org/results/81676/5089219/Beach_Opener_2024/400-Meters,TFRRS all_performances
"Serville, Rae-Anne",USC,Big Ten,400m,2024,4,,,54.32,seconds,Beach Opener 2024,2024-03-01,,,,Outdoor,https://www.tfrrs.org/results/81676/5089219/Beach_Opener_2024/400-Meters,TFRRS all_performances
"Cenci, Takiya",USC,Big Ten,400m,2024,2,,,54.23,seconds,Trojan Invite,2024-03-22,,,,Outdoor,https://www.tfrrs.org/results/83310/5128009/Trojan_Invite/400-Meters,TFRRS all_performances
"Cenci, Takiya",USC,Big Ten,400m,2024,2,,,53.42,seconds,Pepsi Florida Relays,2024-03-29,,,,Outdoor,https://www.tfrrs.org/results/83593/5148536/Pepsi_Florida_Relays/400-Meters,TFRRS all_performances
"Jones, Jan'Taijah",USC,Big Ten,400m,2024,4,,,51.59,seconds,Pepsi Florida Relays,2024-03-29,,,,Outdoor,https://www.tfrrs.org/results/83593/5148536/Pepsi_Florida_Relays/400-Meters,TFRRS all_performances
"Cenci, Takiya",USC,Big Ten,400m,2024,2,,,54.39,seconds,44 Farms Team Invitational,2024-04-05,,,,Outdoor,https://www.tfrrs.org/results/85635/5177680/44_Farms_Team_Invitational/400-Meters,TFRRS all_performances
"John, Yemi",USC,Big Ten,400m,2024,2,,,52.13,seconds,44 Farms Team Invitational,2024-04-05,,,,Outdoor,https://www.tfrrs.org/results/85635/5177680/44_Farms_Team_Invitational/400-Meters,TFRRS all_performances
"Cenci, Takiya",USC,Big Ten,400m,2024,2,,,53.79,seconds,64th Annual Mt. SAC Relays,2024-04-17,,,,Outdoor,https://www.tfrrs.org/results/84352/5221450/64th_Annual_Mt_SAC_Relays/400-Meters,TFRRS all_performances
"John, Yemi",USC,Big Ten,400m,2024,2,,,51.67,seconds,64th Annual Mt. SAC Relays,2024-04-17,,,,Outdoor,https://www.tfrrs.org/results/84352/5221484/64th_Annual_Mt_SAC_Relays/400-Meters,TFRRS all_performances
"Jones, Jan'Taijah",USC,Big Ten,400m,2024,4,,,51.71,seconds,64th Annual Mt. SAC Relays,2024-04-17,,,,Outdoor,https://www.tfrrs.org/results/84352/5221484/64th_Annual_Mt_SAC_Relays/400-Meters,TFRRS all_performances
"Whyte, Madison",USC,Big Ten,400m,2024,1,,,51.77,seconds,64th Annual Mt. SAC Relays,2024-04-17,,,,Outdoor,https://www.tfrrs.org/results/84352/5221484/64th_Annual_Mt_SAC_Relays/400-Meters,TFRRS all_performances
"Cenci, Takiya",USC,Big Ten,400m,2024,2,,,53.67,seconds,UCLA vs. USC Dual 2024,2024-04-27,,,,Outdoor,https://www.tfrrs.org/results/85649/5244835/UCLA_vs_USC_Dual_2024/400-Meters,TFRRS all_performances
"Jones, Jan'Taijah",USC,Big Ten,400m,2024,4,,,51.94,seconds,UCLA vs. USC Dual 2024,2024-04-27,,,,Outdoor,https://www.tfrrs.org/results/85649/5244835/UCLA_vs_USC_Dual_2024/400-Meters,TFRRS all_performances
"Whyte, Madison",USC,Big Ten,400m,2024,1,,,51.74,seconds,UCLA vs. USC Dual 2024,2024-04-27,,,,Outdoor,https://www.tfrrs.org/results/85649/5244835/UCLA_vs_USC_Dual_2024/400-Meters,TFRRS all_performances
"John, Yemi",USC,Big Ten,400m,2024,2,,,51.71,seconds,NCAA Division I Outdoor Track & Field Championships,2024-05-05,,,,Outdoor,https://www.tfrrs.org/results/87017/5286189/NCAA_Division_I_Outdoor_Track__Field_Championships/400-Meters,TFRRS all_performances
"Jones, Jan'Taijah",USC,Big Ten,400m,2024,4,,,50.77,seconds,NCAA Division I Outdoor Track & Field Championships,2024-05-05,,,,Outdoor,https://www.tfrrs.org/results/87017/5286189/NCAA_Division_I_Outdoor_Track__Field_Championships/400-Meters,TFRRS all_performances
"Jones, Jan'Taijah",USC,Big Ten,400m,2024,4,,,50.88,seconds,NCAA Division I Outdoor Track & Field Championships,2024-05-05,,,,Outdoor,https://www.tfrrs.org/results/87017/5286189/NCAA_Division_I_Outdoor_Track__Field_Championships/400-Meters,TFRRS all_performances
"Cenci, Takiya",USC,Big Ten,400m,2024,2,,,54.05,seconds,PAC-12 Track and Field Championships,2024-05-10,,,,Outdoor,https://www.tfrrs.org/results/83706/5277464/PAC-12_Track_and_Field_Championships/400-Meters,TFRRS all_performances
"John, Yemi",USC,Big Ten,400m,2024,2,,,51.85,seconds,PAC-12 Track and Field Championships,2024-05-10,,,,Outdoor,https://www.tfrrs.org/results/83706/5277464/PAC-12_Track_and_Field_Championships/400-Meters,TFRRS all_performances
"John, Yemi",USC,Big Ten,400m,2024,2,,,52.26,seconds,PAC-12 Track and Field Championships,2024-05-10,,,,Outdoor,https://www.tfrrs.org/results/83706/5277464/PAC-12_Track_and_Field_Championships/400-Meters,TFRRS all_performances
"Jones, Jan'Taijah",USC,Big Ten,400m,2024,4,,,51.07,seconds,PAC-12 Track and Field Championships,2024-05-10,,,,Outdoor,https://www.tfrrs.org/results/83706/5277464/PAC-12_Track_and_Field_Championships/400-Meters,TFRRS all_performances
"Jones, Jan'Taijah",USC,Big Ten,400m,2024,4,,,52.24,seconds,PAC-12 Track and Field Championships,2024-05-10,,,,Outdoor,https://www.tfrrs.org/results/83706/5277464/PAC-12_Track_and_Field_Championships/400-Meters,TFRRS all_performances
"Whyte, Madison",USC,Big Ten,400m,2024,1,,,52.25,seconds,PAC-12 Track and Field Championships,2024-05-10,,,,Outdoor,https://www.tfrrs.org/results/83706/5277464/PAC-12_Track_and_Field_Championships/400-Meters,TFRRS all_performances
"Whyte, Madison",USC,Big Ten,400m,2024,1,,,52.44,seconds,PAC-12 Track and Field Championships,2024-05-10,,,,Outdoor,https://www.tfrrs.org/results/83706/5277464/PAC-12_Track_and_Field_Championships/400-Meters,TFRRS all_performances
"Cenci, Takiya",USC,Big Ten,400m,2024,2,,,54.37,seconds,NCAA West First Round,2024-05-22,,,,Outdoor,https://www.tfrrs.org/results/86989/5284402/NCAA_West_First_Round/400-Meters,TFRRS all_performances
"John, Yemi",USC,Big Ten,400m,2024,2,,,51.60,seconds,NCAA West First Round,2024-05-22,,,,Outdoor,https://www.tfrrs.org/results/86989/5284402/NCAA_West_First_Round/400-Meters,TFRRS all_performances
"John, Yemi",USC,Big Ten,400m,2024,2,,,51.78,seconds,NCAA West First Round,2024-05-22,,,,Outdoor,https://www.tfrrs.org/results/86989/5284402/NCAA_West_First_Round/400-Meters,TFRRS all_performances
"Jones, Jan'Taijah",USC,Big Ten,400m,2024,4,,,51.11,seconds,NCAA West First Round,2024-05-22,,,,Outdoor,https://www.tfrrs.org/results/86989/5284402/NCAA_West_First_Round/400-Meters,TFRRS all_performances
"Jones, Jan'Taijah",USC,Big Ten,400m,2024,4,,,51.48,seconds,NCAA West First Round,2024-05-22,,,,Outdoor,https://www.tfrrs.org/results/86989/5284402/NCAA_West_First_Round/400-Meters,TFRRS all_performances
"Conteh, Margaret",Alabama,SEC,400m,2024,3,,,56.86,seconds,LSU Battle on the Bayou,2024-03-29,,,,Outdoor,https://www.tfrrs.org/results/84130/5145894/LSU_Battle_on_the_Bayou/400-Meters,TFRRS all_performances
"Conteh, Margaret",Alabama,SEC,400m,2024,3,,,57.58,seconds,Tom Jones Memorial Invitational,2024-04-12,,,,Outdoor,https://www.tfrrs.org/results/85961/5199003/Tom_Jones_Memorial_Invitational/400-Meters,TFRRS all_performances
"Conteh, Margaret",Alabama,SEC,400m,2024,3,,,55.01,seconds,Desert Heat Classic 2024,2024-04-27,,,,Outdoor,https://www.tfrrs.org/results/81578/5242999/_Desert_Heat_Classic_2024/400-Meters,TFRRS all_performances
"Conteh, Margaret",Alabama,SEC,400m,2024,3,,,54.21,seconds,SEC Outdoor Track & Field Championships,2024-05-09,,,,Outdoor,https://www.tfrrs.org/results/85812/5273725/SEC_Outdoor_Track__Field_Championships/400-Meters,TFRRS all_performances
"Butler, Aaliyah",Georgia,SEC,400m,2024,2,,,51.22,seconds,LSU Battle on the Bayou,2024-03-29,,,,Outdoor,https://www.tfrrs.org/results/84130/5145894/LSU_Battle_on_the_Bayou/400-Meters,TFRRS all_performances
"Harris, Sydney",Georgia,SEC,400m,2024,1,,,53.85,seconds,LSU Battle on the Bayou,2024-03-29,,,,Outdoor,https://www.tfrrs.org/results/84130/5145894/LSU_Battle_on_the_Bayou/400-Meters,TFRRS all_performances
"Tate, Haley",Georgia,SEC,400m,2024,2,,,53.22,seconds,LSU Battle on the Bayou,2024-03-29,,,,Outdoor,https://www.tfrrs.org/results/84130/5145894/LSU_Battle_on_the_Bayou/400-Meters,TFRRS all_performances
"Butler, Aaliyah",Georgia,SEC,400m,2024,2,,,50.05,seconds,Tom Jones Memorial Invitational,2024-04-12,,,,Outdoor,https://www.tfrrs.org/results/85961/5199019/Tom_Jones_Memorial_Invitational/400-Meters,TFRRS all_performances
"Harris, Sydney",Georgia,SEC,400m,2024,1,,,54.11,seconds,Tom Jones Memorial Invitational,2024-04-12,,,,Outdoor,https://www.tfrrs.org/results/85961/5199019/Tom_Jones_Memorial_Invitational/400-Meters,TFRRS all_performances
"Tate, Haley",Georgia,SEC,400m,2024,2,,,52.83,seconds,Tom Jones Memorial Invitational,2024-04-12,,,,Outdoor,https://www.tfrrs.org/results/85961/5199019/Tom_Jones_Memorial_Invitational/400-Meters,TFRRS all_performances
"Gayle, Kieley",Georgia,SEC,400m,2024,3,,,57.55,seconds,Georgia Tech Invitational,2024-04-19,,,,Outdoor,https://www.tfrrs.org/results/86277/5219604/Georgia_Tech_Invitational/400-Meters,TFRRS all_performances
"Harris, Kimberly",Georgia,SEC,400m,2024,4,,,52.12,seconds,Georgia Tech Invitational,2024-04-19,,,,Outdoor,https://www.tfrrs.org/results/86277/5219604/Georgia_Tech_Invitational/400-Meters,TFRRS all_performances
"Harris, Kimberly",Georgia,SEC,400m,2024,4,,,51.94,seconds,LSU Invitational,2024-04-27,,,,Outdoor,https://www.tfrrs.org/results/84133/5240916/LSU_Invitational/400-Meters,TFRRS all_performances
"Harris, Sydney",Georgia,SEC,400m,2024,1,,,53.22,seconds,LSU Invitational,2024-04-27,,,,Outdoor,https://www.tfrrs.org/results/84133/5240916/LSU_Invitational/400-Meters,TFRRS all_performances
"Tate, Haley",Georgia,SEC,400m,2024,2,,,53.77,seconds,LSU Invitational,2024-04-27,,,,Outdoor,https://www.tfrrs.org/results/84133/5240916/LSU_Invitational/400-Meters,TFRRS all_performances
"Butler, Aaliyah",Georgia,SEC,400m,2024,2,,,51.64,seconds,NCAA Division I Outdoor Track & Field Championships,2024-05-05,,,,Outdoor,https://www.tfrrs.org/results/87017/5286189/NCAA_Division_I_Outdoor_Track__Field_Championships/400-Meters,TFRRS all_performances
"Harris, Kimberly",Georgia,SEC,400m,2024,4,,,51.52,seconds,NCAA Division I Outdoor Track & Field Championships,2024-05-05,,,,Outdoor,https://www.tfrrs.org/results/87017/5286189/NCAA_Division_I_Outdoor_Track__Field_Championships/400-Meters,TFRRS all_performances
"Butler, Aaliyah",Georgia,SEC,400m,2024,2,,,49.79,seconds,SEC Outdoor Track & Field Championships,2024-05-09,,,,Outdoor,https://www.tfrrs.org/results/85812/5273725/SEC_Outdoor_Track__Field_Championships/400-Meters,TFRRS all_performances
"Butler, Aaliyah",Georgia,SEC,400m,2024,2,,,50.39,seconds,SEC Outdoor Track & Field Championships,2024-05-09,,,,Outdoor,https://www.tfrrs.org/results/85812/5273725/SEC_Outdoor_Track__Field_Championships/400-Meters,TFRRS all_performances
"Harris, Kimberly",Georgia,SEC,400m,2024,4,,,51.23,seconds,SEC Outdoor Track & Field Championships,2024-05-09,,,,Outdoor,https://www.tfrrs.org/results/85812/5273725/SEC_Outdoor_Track__Field_Championships/400-Meters,TFRRS all_performances
"Harris, Kimberly",Georgia,SEC,400m,2024,4,,,51.75,seconds,SEC Outdoor Track & Field Championships,2024-05-09,,,,Outdoor,https://www.tfrrs.org/results/85812/5273725/SEC_Outdoor_Track__Field_Championships/400-Meters,TFRRS all_performances
"Harris, Sydney",Georgia,SEC,400m,2024,1,,,53.38,seconds,SEC Outdoor Track & Field Championships,2024-05-09,,,,Outdoor,https://www.tfrrs.org/results/85812/5273725/SEC_Outdoor_Track__Field_Championships/400-Meters,TFRRS all_performances
"Tate, Haley",Georgia,SEC,400m,2024,2,,,52.75,seconds,SEC Outdoor Track & Field Championships,2024-05-09,,,,Outdoor,https://www.tfrrs.org/results/85812/5273725/SEC_Outdoor_Track__Field_Championships/400-Meters,TFRRS all_performances
"Butler, Aaliyah",Georgia,SEC,400m,2024,2,,,50.30,seconds,NCAA East First Round,2024-05-22,,,,Outdoor,https://www.tfrrs.org/results/86997/5284560/NCAA_East_First_Round/400-Meters,TFRRS all_performances
"Butler, Aaliyah",Georgia,SEC,400m,2024,2,,,51.68,seconds,NCAA East First Round,2024-05-22,,,,Outdoor,https://www.tfrrs.org/results/86997/5284560/NCAA_East_First_Round/400-Meters,TFRRS all_performances
"Harris, Kimberly",Georgia,SEC,400m,2024,4,,,51.43,seconds,NCAA East First Round,2024-05-22,,,,Outdoor,https://www.tfrrs.org/results/86997/5284560/NCAA_East_First_Round/400-Meters,TFRRS all_performances
"Harris, Kimberly",Georgia,SEC,400m,2024,4,,,51.54,seconds,NCAA East First Round,2024-05-22,,,,Outdoor,https://www.tfrrs.org/results/86997/5284560/NCAA_East_First_Round/400-Meters,TFRRS all_performances
"Harris, Sydney",Georgia,SEC,400m,2024,1,,,53.48,seconds,NCAA East First Round,2024-05-22,,,,Outdoor,https://www.tfrrs.org/results/86997/5284560/NCAA_East_First_Round/400-Meters,TFRRS all_performances
"Tate, Haley",Georgia,SEC,400m,2024,2,,,53.04,seconds,NCAA East First Round,2024-05-22,,,,Outdoor,https://www.tfrrs.org/results/86997/5284560/NCAA_East_First_Round/400-Meters,TFRRS all_performances
"Tate, Haley",Georgia,SEC,400m,2024,2,,,53.45,seconds,NCAA East First Round,2024-05-22,,,,Outdoor,https://www.tfrrs.org/results/86997/5284560/NCAA_East_First_Round/400-Meters,TFRRS all_performances
"Butler, Aaliyah",Georgia,SEC,400m,2024,2,,,51.64,seconds,NCAA Division I Outdoor Track & Field Championships,2024-06-05,Semifinal,14,,Outdoor,https://www.tfrrs.org/athletes/8235200/Georgia/Aaliyah_Butler.html,legacy_source_needs_review
"Harris, Kimberly",Georgia,SEC,400m,2024,4,,,51.52,seconds,NCAA Division I Outdoor Track & Field Championships,2024-06-05,Semifinal,12,,Outdoor,https://tf.tfrrs.org/athletes/8709500/Georgia/Kimberly_Harris.html,legacy_source_needs_review
"Johnson, Alysia",Kentucky,SEC,400m,2024,3,,,53.36,seconds,USF Bulls Alumni Invitational,2024-03-15,,,,Outdoor,https://www.tfrrs.org/results/82252/5112598/USF_Bulls_Alumni_Invitational/400-Meters,TFRRS all_performances
"Martin, Jania",Kentucky,SEC,400m,2024,4,,,52.75,seconds,USF Bulls Alumni Invitational,2024-03-15,,,,Outdoor,https://www.tfrrs.org/results/82252/5112598/USF_Bulls_Alumni_Invitational/400-Meters,TFRRS all_performances
"Hutchison, Katelyn",Kentucky,SEC,400m,2024,4,,,58.41,seconds,EKU spring invitational,2024-03-22,,,,Outdoor,https://www.tfrrs.org/results/84100/5130361/EKU_spring_invitational/400-Meters,TFRRS all_performances
"McClellan, JahQueen",Kentucky,SEC,400m,2024,1,,,58.48,seconds,EKU spring invitational,2024-03-22,,,,Outdoor,https://www.tfrrs.org/results/84100/5130361/EKU_spring_invitational/400-Meters,TFRRS all_performances
"Mobley, Mahogany",Kentucky,SEC,400m,2024,4,,,57.52,seconds,EKU spring invitational,2024-03-22,,,,Outdoor,https://www.tfrrs.org/results/84100/5130361/EKU_spring_invitational/400-Meters,TFRRS all_performances
"Simms, Seven",Kentucky,SEC,400m,2024,3,,,57.60,seconds,EKU spring invitational,2024-03-22,,,,Outdoor,https://www.tfrrs.org/results/84100/5130361/EKU_spring_invitational/400-Meters,TFRRS all_performances
"Wallace, Reynei",Kentucky,SEC,400m,2024,4,,,56.36,seconds,EKU spring invitational,2024-03-22,,,,Outdoor,https://www.tfrrs.org/results/84100/5130361/EKU_spring_invitational/400-Meters,TFRRS all_performances
"Alexander, Ava",Kentucky,SEC,400m,2024,1,,,57.58,seconds,LSU Battle on the Bayou,2024-03-29,,,,Outdoor,https://www.tfrrs.org/results/84130/5145894/LSU_Battle_on_the_Bayou/400-Meters,TFRRS all_performances
"Johnson, Alysia",Kentucky,SEC,400m,2024,3,,,52.63,seconds,LSU Battle on the Bayou,2024-03-29,,,,Outdoor,https://www.tfrrs.org/results/84130/5145894/LSU_Battle_on_the_Bayou/400-Meters,TFRRS all_performances
"Martin, Jania",Kentucky,SEC,400m,2024,4,,,52.51,seconds,LSU Battle on the Bayou,2024-03-29,,,,Outdoor,https://www.tfrrs.org/results/84130/5145894/LSU_Battle_on_the_Bayou/400-Meters,TFRRS all_performances
"McAnnuff, Oneika",Kentucky,SEC,400m,2024,1,,,52.98,seconds,LSU Battle on the Bayou,2024-03-29,Final,7,,Outdoor,https://www.tfrrs.org/athletes/8680451/Kentucky/Oneika_McAnnuff.html,legacy_source_needs_review
"McAnnuff, Onieka",Kentucky,SEC,400m,2024,1,,,52.98,seconds,LSU Battle on the Bayou,2024-03-29,,,,Outdoor,https://www.tfrrs.org/results/84130/5145894/LSU_Battle_on_the_Bayou/400-Meters,TFRRS all_performances
"McAnnuff, Oneika",Kentucky,SEC,400m,2024,1,,,53.19,seconds,Tom Jones Memorial Invitational,2024-04-12,Final,22,,Outdoor,https://www.tfrrs.org/athletes/8680451/Kentucky/Oneika_McAnnuff.html,legacy_source_needs_review
"McAnnuff, Onieka",Kentucky,SEC,400m,2024,1,,,53.19,seconds,Tom Jones Memorial Invitational,2024-04-12,,,,Outdoor,https://www.tfrrs.org/results/85961/5199019/Tom_Jones_Memorial_Invitational/400-Meters,TFRRS all_performances
"Mobley, Mahogany",Kentucky,SEC,400m,2024,4,,,57.19,seconds,Tom Jones Memorial Invitational,2024-04-12,,,,Outdoor,https://www.tfrrs.org/results/85961/5199003/Tom_Jones_Memorial_Invitational/400-Meters,TFRRS all_performances
"Hutchison, Katelyn",Kentucky,SEC,400m,2024,4,,,58.62,seconds,2024 Jim Green Invitational,2024-04-19,,,,Outdoor,https://www.tfrrs.org/results/81771/5219342/2024_Jim_Green_Invitational/400-Meters,TFRRS all_performances
"Johnson, Cha'iel",Kentucky,SEC,400m,2024,1,,,54.72,seconds,2024 Jim Green Invitational,2024-04-19,,,,Outdoor,https://www.tfrrs.org/results/81771/5219342/2024_Jim_Green_Invitational/400-Meters,TFRRS all_performances
"Martin, Jania",Kentucky,SEC,400m,2024,4,,,54.18,seconds,2024 Jim Green Invitational,2024-04-19,,,,Outdoor,https://www.tfrrs.org/results/81771/5219342/2024_Jim_Green_Invitational/400-Meters,TFRRS all_performances
"McAnnuff, Oneika",Kentucky,SEC,400m,2024,1,,,52.98,seconds,2024 Jim Green Invitational,2024-04-19,Final,1,,Outdoor,https://www.tfrrs.org/athletes/8680451/Kentucky/Oneika_McAnnuff.html,legacy_source_needs_review
"McAnnuff, Onieka",Kentucky,SEC,400m,2024,1,,,52.98,seconds,2024 Jim Green Invitational,2024-04-19,,,,Outdoor,https://www.tfrrs.org/results/81771/5219342/2024_Jim_Green_Invitational/400-Meters,TFRRS all_performances
"McClellan, JahQueen",Kentucky,SEC,400m,2024,1,,,56.39,seconds,2024 Jim Green Invitational,2024-04-19,,,,Outdoor,https://www.tfrrs.org/results/81771/5219342/2024_Jim_Green_Invitational/400-Meters,TFRRS all_performances
"Mobley, Mahogany",Kentucky,SEC,400m,2024,4,,,56.50,seconds,2024 Jim Green Invitational,2024-04-19,,,,Outdoor,https://www.tfrrs.org/results/81771/5219342/2024_Jim_Green_Invitational/400-Meters,TFRRS all_performances
"Simms, Seven",Kentucky,SEC,400m,2024,3,,,58.05,seconds,2024 Jim Green Invitational,2024-04-19,,,,Outdoor,https://www.tfrrs.org/results/81771/5219342/2024_Jim_Green_Invitational/400-Meters,TFRRS all_performances
"Wallace, Reynei",Kentucky,SEC,400m,2024,4,,,55.40,seconds,2024 Jim Green Invitational,2024-04-19,,,,Outdoor,https://www.tfrrs.org/results/81771/5219342/2024_Jim_Green_Invitational/400-Meters,TFRRS all_performances
"Martin, Jania",Kentucky,SEC,400m,2024,4,,,53.67,seconds,NCAA Division I Outdoor Track & Field Championships,2024-05-05,,,,Outdoor,https://www.tfrrs.org/results/87017/5286189/NCAA_Division_I_Outdoor_Track__Field_Championships/400-Meters,TFRRS all_performances
"Martin, Jania",Kentucky,SEC,400m,2024,4,,,53.91,seconds,SEC Outdoor Track & Field Championships,2024-05-09,,,,Outdoor,https://www.tfrrs.org/results/85812/5273725/SEC_Outdoor_Track__Field_Championships/400-Meters,TFRRS all_performances
"McAnnuff, Oneika",Kentucky,SEC,400m,2024,1,,,52.46,seconds,SEC Outdoor Track & Field Championships,2024-05-09,,,,Outdoor,https://www.tfrrs.org/results/85812/5273725/SEC_Outdoor_Track__Field_Championships/400-Meters,TFRRS all_performances
"Wallace, Reynei",Kentucky,SEC,400m,2024,4,,,55.24,seconds,SEC Outdoor Track & Field Championships,2024-05-09,,,,Outdoor,https://www.tfrrs.org/results/85812/5273725/SEC_Outdoor_Track__Field_Championships/400-Meters,TFRRS all_performances
"Martin, Jania",Kentucky,SEC,400m,2024,4,,,51.71,seconds,NCAA East First Round,2024-05-22,,,,Outdoor,https://www.tfrrs.org/results/86997/5284560/NCAA_East_First_Round/400-Meters,TFRRS all_performances
"Martin, Jania",Kentucky,SEC,400m,2024,4,,,52.61,seconds,NCAA East First Round,2024-05-22,,,,Outdoor,https://www.tfrrs.org/results/86997/5284560/NCAA_East_First_Round/400-Meters,TFRRS all_performances
"McAnnuff, Oneika",Kentucky,SEC,400m,2024,1,,,51.70,seconds,NCAA East First Round,2024-05-22,,,,Outdoor,https://www.tfrrs.org/results/86997/5284560/NCAA_East_First_Round/400-Meters,TFRRS all_performances
"McAnnuff, Oneika",Kentucky,SEC,400m,2024,1,,,52.63,seconds,NCAA East First Round,2024-05-22,,,,Outdoor,https://www.tfrrs.org/results/86997/5284560/NCAA_East_First_Round/400-Meters,TFRRS all_performances
"Martin, Jania",Kentucky,SEC,400m,2024,4,,,53.67,seconds,NCAA Division I Outdoor Track & Field Championships,2024-06-05,Semifinal,23,,Outdoor,https://www.tfrrs.org/athletes/7002162/Texas_AM/Jania_Martin.html,legacy_source_needs_review
"McAnnuff, Oneika",Kentucky,SEC,400m,2024,1,,,FS,seconds,NCAA Division I Outdoor Track & Field Championships,2024-06-05,Semifinal,,,Outdoor,https://www.tfrrs.org/athletes/8680451/Kentucky/Oneika_McAnnuff.html,legacy_source_needs_review
"Francis , Aalliyah",South Carolina,SEC,400m,2024,3,,,54.74,seconds,Alan Connie Shamrock Invitational,2024-03-14,,,,Outdoor,https://www.tfrrs.org/results/83388/5113245/Alan_Connie_Shamrock_Invitational/400-Meters,TFRRS all_performances
"Chelangat, Sylvia",South Carolina,SEC,400m,2024,2,,,54.87,seconds,Weems Baskin Invitational 24,2024-03-22,,,,Outdoor,https://www.tfrrs.org/results/84349/5128071/Weems_Baskin_Invitational_24/400-Meters,TFRRS all_performances
"Ford, JaMeesia",South Carolina,SEC,400m,2024,1,,,51.16,seconds,Weems Baskin Invitational 24,2024-03-22,,,,Outdoor,https://www.tfrrs.org/results/84349/5128071/Weems_Baskin_Invitational_24/400-Meters,TFRRS all_performances
"Registre, Jahnile",South Carolina,SEC,400m,2024,3,,,54.27,seconds,Weems Baskin Invitational 24,2024-03-22,,,,Outdoor,https://www.tfrrs.org/results/84349/5128071/Weems_Baskin_Invitational_24/400-Meters,TFRRS all_performances
"Francis , Aalliyah",South Carolina,SEC,400m,2024,3,,,52.99,seconds,Pepsi Florida Relays,2024-03-29,,,,Outdoor,https://www.tfrrs.org/results/83593/5148536/Pepsi_Florida_Relays/400-Meters,TFRRS all_performances
"Lindley, Ashton",South Carolina,SEC,400m,2024,2,,,57.70,seconds,Gamecock Invitational 2024,2024-04-06,,,,Outdoor,https://www.tfrrs.org/results/84888/5169645/Gamecock_Invitational_2024/400-Meters,TFRRS all_performances
"Registre, Jahnile",South Carolina,SEC,400m,2024,3,,,53.99,seconds,Gamecock Invitational 2024,2024-04-06,,,,Outdoor,https://www.tfrrs.org/results/84888/5169645/Gamecock_Invitational_2024/400-Meters,TFRRS all_performances
"Akins, Zaya",South Carolina,SEC,400m,2024,1,,,52.14,seconds,Tom Jones Memorial Invitational,2024-04-12,,,,Outdoor,https://www.tfrrs.org/results/85961/5199019/Tom_Jones_Memorial_Invitational/400-Meters,TFRRS all_performances
"Ford, JaMeesia",South Carolina,SEC,400m,2024,1,,,50.81,seconds,Tom Jones Memorial Invitational,2024-04-12,,,,Outdoor,https://www.tfrrs.org/results/85961/5199019/Tom_Jones_Memorial_Invitational/400-Meters,TFRRS all_performances
"Francis, Aalliyah",South Carolina,SEC,400m,2024,3,,,56.24,seconds,Tom Jones Memorial Invitational,2024-04-12,,,,Outdoor,https://www.tfrrs.org/results/85961/5199019/Tom_Jones_Memorial_Invitational/400-Meters,TFRRS all_performances
"Registre, Jahnile",South Carolina,SEC,400m,2024,3,,,52.35,seconds,Tom Jones Memorial Invitational,2024-04-12,,,,Outdoor,https://www.tfrrs.org/results/85961/5199019/Tom_Jones_Memorial_Invitational/400-Meters,TFRRS all_performances
"Lindley, Ashton",South Carolina,SEC,400m,2024,2,,,56.28,seconds,USC Outdoor Open,2024-04-20,,,,Outdoor,https://www.tfrrs.org/results/85539/5220052/USC_Outdoor_Open/400-Meters,TFRRS all_performances
"Registre, Jahnile",South Carolina,SEC,400m,2024,3,,,53.01,seconds,USC Outdoor Open,2024-04-20,,,,Outdoor,https://www.tfrrs.org/results/85539/5220052/USC_Outdoor_Open/400-Meters,TFRRS all_performances
"Akins, Zaya",South Carolina,SEC,400m,2024,1,,,51.83,seconds,2024 Charlotte Invitational,2024-04-26,,,,Outdoor,https://www.tfrrs.org/results/85877/5240209/2024_Charlotte_Invitational/400-Meters,TFRRS all_performances
"Chelangat, Sylvia",South Carolina,SEC,400m,2024,2,,,53.00,seconds,2024 Charlotte Invitational,2024-04-26,,,,Outdoor,https://www.tfrrs.org/results/85877/5240209/2024_Charlotte_Invitational/400-Meters,TFRRS all_performances
"Registre, Jahnile",South Carolina,SEC,400m,2024,3,,,53.71,seconds,2024 Charlotte Invitational,2024-04-26,,,,Outdoor,https://www.tfrrs.org/results/85877/5240209/2024_Charlotte_Invitational/400-Meters,TFRRS all_performances
"Akins, Zaya",South Carolina,SEC,400m,2024,1,,,52.36,seconds,NCAA Division I Outdoor Track & Field Championships,2024-05-05,,,,Outdoor,https://www.tfrrs.org/results/87017/5286189/NCAA_Division_I_Outdoor_Track__Field_Championships/400-Meters,TFRRS all_performances
"Akins, Zaya",South Carolina,SEC,400m,2024,1,,,51.98,seconds,SEC Outdoor Track & Field Championships,2024-05-09,,,,Outdoor,https://www.tfrrs.org/results/85812/5273725/SEC_Outdoor_Track__Field_Championships/400-Meters,TFRRS all_performances
"Registre, Jahnile",South Carolina,SEC,400m,2024,3,,,53.59,seconds,SEC Outdoor Track & Field Championships,2024-05-09,,,,Outdoor,https://www.tfrrs.org/results/85812/5273725/SEC_Outdoor_Track__Field_Championships/400-Meters,TFRRS all_performances
"Akins, Zaya",South Carolina,SEC,400m,2024,1,,,51.33,seconds,NCAA East First Round,2024-05-22,,,,Outdoor,https://www.tfrrs.org/results/86997/5284560/NCAA_East_First_Round/400-Meters,TFRRS all_performances
"Akins, Zaya",South Carolina,SEC,400m,2024,1,,,52.42,seconds,NCAA East First Round,2024-05-22,,,,Outdoor,https://www.tfrrs.org/results/86997/5284560/NCAA_East_First_Round/400-Meters,TFRRS all_performances
"Registre, Jahnile",South Carolina,SEC,400m,2024,3,,,52.96,seconds,NCAA East First Round,2024-05-22,,,,Outdoor,https://www.tfrrs.org/results/86997/5284560/NCAA_East_First_Round/400-Meters,TFRRS all_performances
"Registre, Jahnile",South Carolina,SEC,400m,2024,3,,,53.98,seconds,NCAA East First Round,2024-05-22,,,,Outdoor,https://www.tfrrs.org/results/86997/5284560/NCAA_East_First_Round/400-Meters,TFRRS all_performances
"Akins, Zaya",South Carolina,SEC,400m,2024,1,,,52.36,seconds,NCAA Division I Outdoor Track & Field Championships,2024-06-06,Semifinal,20,,Outdoor,https://www.tfrrs.org/athletes/8675919/South_Carolina/Zaya_Akins.html,legacy_source_needs_review
"Dixon, JodyAnn",Clemson,ACC,400m,2025,4,,,54.14,s,UCF Black & Gold Challenge,2025-03-21,,,,Outdoor,https://www.tfrrs.org/results/87054/5462774/UCF_Black__Gold_Challenge/400-Meters,TFRRS all_performances
"Fulton, Ashley",Clemson,ACC,400m,2025,1,,,58.85,s,UCF Black & Gold Challenge,2025-03-21,,,,Outdoor,https://www.tfrrs.org/results/87054/5462774/UCF_Black__Gold_Challenge/400-Meters,TFRRS all_performances
"Nebel, Isabelle",Clemson,ACC,400m,2025,2,,,55.39,s,UCF Black & Gold Challenge,2025-03-21,,,,Outdoor,https://www.tfrrs.org/results/87054/5462774/UCF_Black__Gold_Challenge/400-Meters,TFRRS all_performances
"Thompson, Kenya",Clemson,ACC,400m,2025,4,,,54.38,s,UCF Black & Gold Challenge,2025-03-21,,,,Outdoor,https://www.tfrrs.org/results/87054/5462774/UCF_Black__Gold_Challenge/400-Meters,TFRRS all_performances
"Williams, Shanque",Clemson,ACC,400m,2025,1,,,52.75,s,UCF Black & Gold Challenge,2025-03-21,,,,Outdoor,https://www.tfrrs.org/results/87054/5462774/UCF_Black__Gold_Challenge/400-Meters,TFRRS all_performances
"Fulton, Ashley",Clemson,ACC,400m,2025,1,,,57.62,s,Duke Invitational,2025-04-10,,,,Outdoor,https://www.tfrrs.org/results/87447/5540759/Duke_Invitational/400-Meters,TFRRS all_performances
"Williams, Shanque",Clemson,ACC,400m,2025,1,,,53.92,s,Duke Invitational,2025-04-10,,,,Outdoor,https://www.tfrrs.org/results/87447/5540759/Duke_Invitational/400-Meters,TFRRS all_performances
"Osher, Mackenzie",Clemson,ACC,400m,2025,4,,,54.29,s,Tom Jones Invitational,2025-04-18,,,,Outdoor,https://www.tfrrs.org/results/91823/5651934/Tom_Jones_Invitational/400-Meters,TFRRS all_performances
"Thompson, Kenya",Clemson,ACC,400m,2025,4,,,56.87,s,Tom Jones Invitational,2025-04-18,,,,Outdoor,https://www.tfrrs.org/results/91823/5651934/Tom_Jones_Invitational/400-Meters,TFRRS all_performances
"Williams, Shanque",Clemson,ACC,400m,2025,1,,,51.49,s,Tom Jones Invitational,2025-04-18,,,,Outdoor,https://www.tfrrs.org/results/91823/5651936/Tom_Jones_Invitational/400-Meters,TFRRS all_performances
"Fulton, Ashley",Clemson,ACC,400m,2025,1,,,56.12,s,Duke Twilight,2025-05-04,,,,Outdoor,https://www.tfrrs.org/results/87449/5626910/Duke_Twilight/400-Meters,TFRRS all_performances
"Osher, Mackenzie",Clemson,ACC,400m,2025,4,,,54.90,s,Duke Twilight,2025-05-04,,,,Outdoor,https://www.tfrrs.org/results/87449/5626910/Duke_Twilight/400-Meters,TFRRS all_performances
"Thompson, Kenya",Clemson,ACC,400m,2025,4,,,55.04,s,Duke Twilight,2025-05-04,,,,Outdoor,https://www.tfrrs.org/results/87449/5626910/Duke_Twilight/400-Meters,TFRRS all_performances
"Osher, Mackenzie",Clemson,ACC,400m,2025,4,,,55.07,s,ACC Outdoor Track & Field Championships,2025-05-15,,,,Outdoor,https://www.tfrrs.org/results/91057/5659283/ACC_Outdoor_Track__Field_Championships/400-Meters,TFRRS all_performances
"Williams, Shanque",Clemson,ACC,400m,2025,1,,,52.69,s,ACC Outdoor Track & Field Championships,2025-05-15,,,,Outdoor,https://www.tfrrs.org/results/91057/5659283/ACC_Outdoor_Track__Field_Championships/400-Meters,TFRRS all_performances
"Williams, Shanque",Clemson,ACC,400m,2025,1,,,53.58,s,ACC Outdoor Track & Field Championships,2025-05-15,,,,Outdoor,https://www.tfrrs.org/results/91057/5659283/ACC_Outdoor_Track__Field_Championships/400-Meters,TFRRS all_performances
"Williams, Shanque",Clemson,ACC,400m,2025,1,,,52.73,s,NCAA Division I East First Round,2025-05-28,,,,Outdoor,https://www.tfrrs.org/results/92620/5669363/NCAA_Division_I_East_First_Round/400-Meters,TFRRS all_performances
"Dietz, Madison",Duke,ACC,400m,2025,4,,,56.92,s,Raleigh Relays,2025-03-27,,,,Outdoor,https://www.tfrrs.org/results/88921/5479544/Raleigh_Relays/400-Meters,TFRRS all_performances
"Garozzo, Aliya",Duke,ACC,400m,2025,4,,,52.54,s,Raleigh Relays,2025-03-27,,,,Outdoor,https://www.tfrrs.org/results/88921/5479544/Raleigh_Relays/400-Meters,TFRRS all_performances
"Gomm, Ally",Duke,ACC,400m,2025,4,,,54.05,s,Raleigh Relays,2025-03-27,,,,Outdoor,https://www.tfrrs.org/results/88921/5479544/Raleigh_Relays/400-Meters,TFRRS all_performances
"Jackson, Julia",Duke,ACC,400m,2025,3,,,53.70,s,Raleigh Relays,2025-03-27,,,,Outdoor,https://www.tfrrs.org/results/88921/5479544/Raleigh_Relays/400-Meters,TFRRS all_performances
"Tarpeh, Jorhdyn",Duke,ACC,400m,2025,3,,,59.01,s,Raleigh Relays,2025-03-27,,,,Outdoor,https://www.tfrrs.org/results/88921/5479544/Raleigh_Relays/400-Meters,TFRRS all_performances
"Tolbert, Lauren",Duke,ACC,400m,2025,3,,,51.86,s,Raleigh Relays,2025-03-27,,,,Outdoor,https://www.tfrrs.org/results/88921/5479544/Raleigh_Relays/400-Meters,TFRRS all_performances
"Wimbish, Amber",Duke,ACC,400m,2025,1,,,55.49,s,Raleigh Relays,2025-03-27,,,,Outdoor,https://www.tfrrs.org/results/88921/5479544/Raleigh_Relays/400-Meters,TFRRS all_performances
"Jackson, Julia",Duke,ACC,400m,2025,3,,,53.16,s,2025 Jim Click Shootout & Multis,2025-04-04,,,,Outdoor,https://www.tfrrs.org/results/89574/5511352/_2025_Jim_Click_Shootout__Multis/400-Meters,TFRRS all_performances
"McGinnis, Megan",Duke,ACC,400m,2025,4,,,52.63,s,2025 Jim Click Shootout & Multis,2025-04-04,,,,Outdoor,https://www.tfrrs.org/results/89574/5511352/_2025_Jim_Click_Shootout__Multis/400-Meters,TFRRS all_performances
"Royce, Emily",Duke,ACC,400m,2025,1,,,55.80,s,2025 Jim Click Shootout & Multis,2025-04-04,,,,Outdoor,https://www.tfrrs.org/results/89574/5511352/_2025_Jim_Click_Shootout__Multis/400-Meters,TFRRS all_performances
"Baker, Braelyn",Duke,ACC,400m,2025,1,,,53.13,s,Duke Invitational,2025-04-10,,,,Outdoor,https://www.tfrrs.org/results/87447/5540759/Duke_Invitational/400-Meters,TFRRS all_performances
"Jackson, Julia",Duke,ACC,400m,2025,3,,,53.28,s,Duke Invitational,2025-04-10,,,,Outdoor,https://www.tfrrs.org/results/87447/5540759/Duke_Invitational/400-Meters,TFRRS all_performances
"Tolbert, Lauren",Duke,ACC,400m,2025,3,,,51.83,s,Duke Invitational,2025-04-10,,,,Outdoor,https://www.tfrrs.org/results/87447/5540759/Duke_Invitational/400-Meters,TFRRS all_performances
"Jackson, Julia",Duke,ACC,400m,2025,3,,,53.51,s,65th Annual Mt. SAC Relays,2025-04-18,,,,Outdoor,https://www.tfrrs.org/results/89926/5573930/65th_Annual_Mt_SAC_Relays/400-Meters,TFRRS all_performances
"McGinnis, Megan",Duke,ACC,400m,2025,4,,,52.98,s,65th Annual Mt. SAC Relays,2025-04-18,,,,Outdoor,https://www.tfrrs.org/results/89926/5573930/65th_Annual_Mt_SAC_Relays/400-Meters,TFRRS all_performances
"Tolbert, Lauren",Duke,ACC,400m,2025,3,,,51.72,s,65th Annual Mt. SAC Relays,2025-04-18,,,,Outdoor,https://www.tfrrs.org/results/89926/5573930/65th_Annual_Mt_SAC_Relays/400-Meters,TFRRS all_performances
"Royce, Emily",Duke,ACC,400m,2025,1,,,56.26,s,2025 Charlotte Invitational,2025-04-25,,,,Outdoor,https://www.tfrrs.org/results/90756/5605923/2025_Charlotte_Invitational/400-Meters,TFRRS all_performances
"Jackson, Julia",Duke,ACC,400m,2025,3,,,52.58,s,Duke Twilight,2025-05-04,,,,Outdoor,https://www.tfrrs.org/results/87449/5626910/Duke_Twilight/400-Meters,TFRRS all_performances
"Baker, Braelyn",Duke,ACC,400m,2025,1,,,51.69,s,ACC Outdoor Track & Field Championships,2025-05-15,,,,Outdoor,https://www.tfrrs.org/results/91057/5659283/ACC_Outdoor_Track__Field_Championships/400-Meters,TFRRS all_performances
"Baker, Braelyn",Duke,ACC,400m,2025,1,,,52.20,s,ACC Outdoor Track & Field Championships,2025-05-15,,,,Outdoor,https://www.tfrrs.org/results/91057/5659283/ACC_Outdoor_Track__Field_Championships/400-Meters,TFRRS all_performances
"Jackson, Julia",Duke,ACC,400m,2025,3,,,53.03,s,ACC Outdoor Track & Field Championships,2025-05-15,,,,Outdoor,https://www.tfrrs.org/results/91057/5659283/ACC_Outdoor_Track__Field_Championships/400-Meters,TFRRS all_performances
"Jackson, Julia",Duke,ACC,400m,2025,3,,,53.56,s,ACC Outdoor Track & Field Championships,2025-05-15,,,,Outdoor,https://www.tfrrs.org/results/91057/5659283/ACC_Outdoor_Track__Field_Championships/400-Meters,TFRRS all_performances
"McGinnis, Megan",Duke,ACC,400m,2025,4,,,53.29,s,ACC Outdoor Track & Field Championships,2025-05-15,,,,Outdoor,https://www.tfrrs.org/results/91057/5659283/ACC_Outdoor_Track__Field_Championships/400-Meters,TFRRS all_performances
"Jackson, Julia",Duke,ACC,400m,2025,3,,,52.99,s,NCAA Division I East First Round,2025-05-28,,,,Outdoor,https://www.tfrrs.org/results/92620/5669363/NCAA_Division_I_East_First_Round/400-Meters,TFRRS all_performances
"McGinnis, Megan",Duke,ACC,400m,2025,4,,,52.71,s,NCAA Division I East First Round,2025-05-28,,,,Outdoor,https://www.tfrrs.org/results/92620/5669363/NCAA_Division_I_East_First_Round/400-Meters,TFRRS all_performances
"McGinnis, Megan",Duke,ACC,400m,2025,4,,,53.11,s,NCAA Division I East First Round,2025-05-28,,,,Outdoor,https://www.tfrrs.org/results/92620/5669363/NCAA_Division_I_East_First_Round/400-Meters,TFRRS all_performances
"Francis, Jaden",Florida State,ACC,400m,2025,3,,,56.00,s,Terry Long FSU Relays,2025-03-27,,,,Outdoor,https://www.tfrrs.org/results/90740/5483734/Terry_Long_FSU_Relays/400-Meters,TFRRS all_performances
"Ferguson, Takiyah",Florida State,ACC,400m,2025,1,,,54.38,s,LSU Alumni Gold,2025-04-26,,,,Outdoor,https://www.tfrrs.org/results/89964/5598077/LSU_Alumni_Gold/400-Meters,TFRRS all_performances
"Green, Alyia",Florida State,ACC,400m,2025,3,,,52.78,s,LSU Alumni Gold,2025-04-26,,,,Outdoor,https://www.tfrrs.org/results/89964/5598077/LSU_Alumni_Gold/400-Meters,TFRRS all_performances
"Liburd, Kaelyaah",Florida State,ACC,400m,2025,2,,,51.95,s,LSU Alumni Gold,2025-04-26,,,,Outdoor,https://www.tfrrs.org/results/89964/5598077/LSU_Alumni_Gold/400-Meters,TFRRS all_performances
"Ferguson, Takiyah",Florida State,ACC,400m,2025,1,,,54.27,s,East Coast Relays,2025-05-02,,,,Outdoor,https://www.tfrrs.org/results/87164/5621806/East_Coast_Relays/400-Meters,TFRRS all_performances
"Green, Alyia",Florida State,ACC,400m,2025,3,,,53.80,s,East Coast Relays,2025-05-02,,,,Outdoor,https://www.tfrrs.org/results/87164/5621806/East_Coast_Relays/400-Meters,TFRRS all_performances
"Liburd, Kaelyaah",Florida State,ACC,400m,2025,2,,,52.10,s,East Coast Relays,2025-05-02,,,,Outdoor,https://www.tfrrs.org/results/87164/5621806/East_Coast_Relays/400-Meters,TFRRS all_performances
"Ferguson, Takiyah",Florida State,ACC,400m,2025,1,,,55.02,s,ACC Outdoor Track & Field Championships,2025-05-15,,,,Outdoor,https://www.tfrrs.org/results/91057/5659283/ACC_Outdoor_Track__Field_Championships/400-Meters,TFRRS all_performances
"Liburd, Kaelyaah",Florida State,ACC,400m,2025,2,,,51.73,s,ACC Outdoor Track & Field Championships,2025-05-15,,,,Outdoor,https://www.tfrrs.org/results/91057/5659283/ACC_Outdoor_Track__Field_Championships/400-Meters,TFRRS all_performances
"Liburd, Kaelyaah",Florida State,ACC,400m,2025,2,,,51.31,s,NCAA Division I East First Round,2025-05-28,,,,Outdoor,https://www.tfrrs.org/results/92620/5669363/NCAA_Division_I_East_First_Round/400-Meters,TFRRS all_performances
"Liburd, Kaelyaah",Florida State,ACC,400m,2025,2,,,51.43,s,NCAA Division I East First Round,2025-05-28,,,,Outdoor,https://www.tfrrs.org/results/92620/5669363/NCAA_Division_I_East_First_Round/400-Meters,TFRRS all_performances
"Liburd, Kaelyaah",Florida State,ACC,400m,2025,2,,,51.35,s,NCAA Division I Outdoor Track & Field Championships,2025-06-11,,,,Outdoor,https://www.tfrrs.org/results/92668/5672540/NCAA_Division_I_Outdoor_Track__Field_Championships/400-Meters,TFRRS all_performances
"Liburd, Kaelyaah",Florida State,ACC,400m,2025,2,,,51.69,s,NCAA Division I Outdoor Track & Field Championships,2025-06-11,,,,Outdoor,https://www.tfrrs.org/results/92668/5672540/NCAA_Division_I_Outdoor_Track__Field_Championships/400-Meters,TFRRS all_performances
"Duran, Sevilla",Stanford,ACC,400m,2025,4,,,57.56,s,Sacramento State Hornet Invite,2025-03-21,,,,Outdoor,https://www.tfrrs.org/results/89297/5465091/Sacramento_State_Hornet_Invite/400-Meters,TFRRS all_performances
"Hinton, Sage",Stanford,ACC,400m,2025,2,,,55.19,s,Sacramento State Hornet Invite,2025-03-21,,,,Outdoor,https://www.tfrrs.org/results/89297/5465091/Sacramento_State_Hornet_Invite/400-Meters,TFRRS all_performances
"Nelson, Rachel",Stanford,ACC,400m,2025,2,,,57.54,s,Sacramento State Hornet Invite,2025-03-21,,,,Outdoor,https://www.tfrrs.org/results/89297/5465091/Sacramento_State_Hornet_Invite/400-Meters,TFRRS all_performances
"Peisner, Camille",Stanford,ACC,400m,2025,4,,,57.41,s,Sacramento State Hornet Invite,2025-03-21,,,,Outdoor,https://www.tfrrs.org/results/89297/5465091/Sacramento_State_Hornet_Invite/400-Meters,TFRRS all_performances
"Hinton, Sage",Stanford,ACC,400m,2025,2,,,54.76,s,Stanford Invitational,2025-04-04,,,,Outdoor,https://www.tfrrs.org/results/89628/5515844/Stanford_Invitational/400-Meters,TFRRS all_performances
"Nelson, Rachel",Stanford,ACC,400m,2025,2,,,56.41,s,Stanford Invitational,2025-04-04,,,,Outdoor,https://www.tfrrs.org/results/89628/5515844/Stanford_Invitational/400-Meters,TFRRS all_performances
"Peisner, Camille",Stanford,ACC,400m,2025,4,,,56.49,s,Stanford Invitational,2025-04-04,,,,Outdoor,https://www.tfrrs.org/results/89628/5515844/Stanford_Invitational/400-Meters,TFRRS all_performances
"Peters, Cate",Stanford,ACC,400m,2025,2,,,56.43,s,Stanford Invitational,2025-04-04,,,,Outdoor,https://www.tfrrs.org/results/89628/5515844/Stanford_Invitational/400-Meters,TFRRS all_performances
"Hinton, Sage",Stanford,ACC,400m,2025,2,,,55.51,s,65th Annual Mt. SAC Relays,2025-04-18,,,,Outdoor,https://www.tfrrs.org/results/89926/5573901/65th_Annual_Mt_SAC_Relays/400-Meters,TFRRS all_performances
"Peisner, Camille",Stanford,ACC,400m,2025,4,,,56.20,s,65th Annual Mt. SAC Relays,2025-04-18,,,,Outdoor,https://www.tfrrs.org/results/89926/5573901/65th_Annual_Mt_SAC_Relays/400-Meters,TFRRS all_performances
"Peters, Cate",Stanford,ACC,400m,2025,2,,,56.62,s,65th Annual Mt. SAC Relays,2025-04-18,,,,Outdoor,https://www.tfrrs.org/results/89926/5573901/65th_Annual_Mt_SAC_Relays/400-Meters,TFRRS all_performances
"Hinton, Sage",Stanford,ACC,400m,2025,2,,,55.65,s,Payton Jordan Invitational,2025-04-25,,,,Outdoor,https://www.tfrrs.org/results/89850/5596378/Payton_Jordan_Invitational/400-Meters,TFRRS all_performances
"Peisner, Camille",Stanford,ACC,400m,2025,4,,,57.50,s,Payton Jordan Invitational,2025-04-25,,,,Outdoor,https://www.tfrrs.org/results/89850/5596378/Payton_Jordan_Invitational/400-Meters,TFRRS all_performances
"Peters, Cate",Stanford,ACC,400m,2025,2,,,56.04,s,Payton Jordan Invitational,2025-04-25,,,,Outdoor,https://www.tfrrs.org/results/89850/5596378/Payton_Jordan_Invitational/400-Meters,TFRRS all_performances
"Willis, Roisin",Stanford,ACC,400m,2025,3,,,52.89,s,Payton Jordan Invitational,2025-04-25,,,,Outdoor,https://www.tfrrs.org/results/89850/5596378/Payton_Jordan_Invitational/400-Meters,TFRRS all_performances
"Hinton, Sage",Stanford,ACC,400m,2025,2,,,54.93,s,The 130th Big Meet,2025-05-03,,,,Outdoor,https://www.tfrrs.org/results/87405/5623375/The_130th_Big_Meet/400-Meters,TFRRS all_performances
"Peisner, Camille",Stanford,ACC,400m,2025,4,,,56.52,s,The 130th Big Meet,2025-05-03,,,,Outdoor,https://www.tfrrs.org/results/87405/5623375/The_130th_Big_Meet/400-Meters,TFRRS all_performances
"Peters, Cate",Stanford,ACC,400m,2025,2,,,55.60,s,The 130th Big Meet,2025-05-03,,,,Outdoor,https://www.tfrrs.org/results/87405/5623375/The_130th_Big_Meet/400-Meters,TFRRS all_performances
"Willis, Roisin",Stanford,ACC,400m,2025,3,,,53.15,s,The 130th Big Meet,2025-05-03,,,,Outdoor,https://www.tfrrs.org/results/87405/5623375/The_130th_Big_Meet/400-Meters,TFRRS all_performances
"Hinton, Sage",Stanford,ACC,400m,2025,2,,,54.98,s,ACC Outdoor Track & Field Championships,2025-05-15,,,,Outdoor,https://www.tfrrs.org/results/91057/5659283/ACC_Outdoor_Track__Field_Championships/400-Meters,TFRRS all_performances
"Daniels, Tori",Virginia,ACC,400m,2025,2,,,58.25,s,Virginia Opener,2025-03-22,,,,Outdoor,https://www.tfrrs.org/results/89679/5463224/Virginia_Opener/400-Meters,TFRRS all_performances
"Fletcher, Ariel",Virginia,ACC,400m,2025,2,,,55.34,s,Virginia Opener,2025-03-22,,,,Outdoor,https://www.tfrrs.org/results/89679/5463224/Virginia_Opener/400-Meters,TFRRS all_performances
"Swift, Kaela",Virginia,ACC,400m,2025,1,,,57.15,s,Virginia Opener,2025-03-22,,,,Outdoor,https://www.tfrrs.org/results/89679/5463224/Virginia_Opener/400-Meters,TFRRS all_performances
"Fletcher, Ariel",Virginia,ACC,400m,2025,2,,,54.80,s,Raleigh Relays,2025-03-27,,,,Outdoor,https://www.tfrrs.org/results/88921/5479544/Raleigh_Relays/400-Meters,TFRRS all_performances
"Swift, Kaela",Virginia,ACC,400m,2025,1,,,58.94,s,Raleigh Relays,2025-03-27,,,,Outdoor,https://www.tfrrs.org/results/88921/5479544/Raleigh_Relays/400-Meters,TFRRS all_performances
"Daniels, Tori",Virginia,ACC,400m,2025,2,,,58.36,s,2025 Colonial Relays,2025-04-03,,,,Outdoor,https://www.tfrrs.org/results/89414/5509540/2025_Colonial_Relays/400-Meters,TFRRS all_performances
"Fletcher, Ariel",Virginia,ACC,400m,2025,2,,,54.69,s,Duke Invitational,2025-04-10,,,,Outdoor,https://www.tfrrs.org/results/87447/5540759/Duke_Invitational/400-Meters,TFRRS all_performances
"Daniels, Tori",Virginia,ACC,400m,2025,2,,,57.20,s,Virginia Challenge,2025-04-18,,,,Outdoor,https://www.tfrrs.org/results/89685/5571467/Virginia_Challenge/400-Meters,TFRRS all_performances
"Fletcher, Ariel",Virginia,ACC,400m,2025,2,,,55.08,s,Virginia Challenge,2025-04-18,,,,Outdoor,https://www.tfrrs.org/results/89685/5571467/Virginia_Challenge/400-Meters,TFRRS all_performances
"Swift, Kaela",Virginia,ACC,400m,2025,1,,,57.19,s,Virginia Challenge,2025-04-18,,,,Outdoor,https://www.tfrrs.org/results/89685/5571467/Virginia_Challenge/400-Meters,TFRRS all_performances
"Daniels, Tori",Virginia,ACC,400m,2025,2,,,58.35,s,Virginia High Performance,2025-04-27,,,,Outdoor,https://www.tfrrs.org/results/89686/5602985/Virginia_High_Performance/400-Meters,TFRRS all_performances
"Fletcher, Ariel",Virginia,ACC,400m,2025,2,,,54.19,s,Virginia High Performance,2025-04-27,,,,Outdoor,https://www.tfrrs.org/results/89686/5602985/Virginia_High_Performance/400-Meters,TFRRS all_performances
"Aguilar-Perez, Camila",Arizona,Big 12,400m,2025,4,,,55.26,seconds,Arizona Spring Break Fiesta,2025-03-08,,,,Outdoor,https://www.tfrrs.org/results/89403/5435855/Arizona_Spring_Break_Fiesta/400-Meters,TFRRS all_performances
"Hall, Keilee",Arizona,Big 12,400m,2025,2,,,56.75,seconds,Arizona Spring Break Fiesta,2025-03-08,,,,Outdoor,https://www.tfrrs.org/results/89403/5435855/Arizona_Spring_Break_Fiesta/400-Meters,TFRRS all_performances
"Nordman, Brooke",Arizona,Big 12,400m,2025,2,,,55.86,seconds,Arizona Spring Break Fiesta,2025-03-08,,,,Outdoor,https://www.tfrrs.org/results/89403/5435855/Arizona_Spring_Break_Fiesta/400-Meters,TFRRS all_performances
"Sanchez Nunez, Antonia",Arizona,Big 12,400m,2025,3,,,56.42,seconds,Arizona Spring Break Fiesta,2025-03-08,,,,Outdoor,https://www.tfrrs.org/results/89403/5435855/Arizona_Spring_Break_Fiesta/400-Meters,TFRRS all_performances
"Simms, Ava",Arizona,Big 12,400m,2025,2,,,53.65,seconds,Arizona Spring Break Fiesta,2025-03-08,,,,Outdoor,https://www.tfrrs.org/results/89403/5435855/Arizona_Spring_Break_Fiesta/400-Meters,TFRRS all_performances
"Woods, Cecelia",Arizona,Big 12,400m,2025,2,,,58.37,seconds,Arizona Spring Break Fiesta,2025-03-08,,,,Outdoor,https://www.tfrrs.org/results/89403/5435855/Arizona_Spring_Break_Fiesta/400-Meters,TFRRS all_performances
"Aguilar-Perez, Camila",Arizona,Big 12,400m,2025,4,,,56.13,seconds,2025 Willie Williams Classic,2025-03-21,,,,Outdoor,https://www.tfrrs.org/results/89572/5463809/2025_Willie_Williams_Classic/400-Meters,TFRRS all_performances
"Nordman, Brooke",Arizona,Big 12,400m,2025,2,,,55.83,seconds,2025 Willie Williams Classic,2025-03-21,,,,Outdoor,https://www.tfrrs.org/results/89572/5463809/2025_Willie_Williams_Classic/400-Meters,TFRRS all_performances
"Sanchez Nunez, Antonia",Arizona,Big 12,400m,2025,3,,,53.56,seconds,2025 Willie Williams Classic,2025-03-21,,,,Outdoor,https://www.tfrrs.org/results/89572/5463809/2025_Willie_Williams_Classic/400-Meters,TFRRS all_performances
"Simms, Ava",Arizona,Big 12,400m,2025,2,,,52.93,seconds,2025 Willie Williams Classic,2025-03-21,,,,Outdoor,https://www.tfrrs.org/results/89572/5463809/2025_Willie_Williams_Classic/400-Meters,TFRRS all_performances
"Woods, Cecelia",Arizona,Big 12,400m,2025,2,,,57.61,seconds,2025 Willie Williams Classic,2025-03-21,,,,Outdoor,https://www.tfrrs.org/results/89572/5463809/2025_Willie_Williams_Classic/400-Meters,TFRRS all_performances
"Aguilar-Perez, Camila",Arizona,Big 12,400m,2025,4,,,54.44,seconds,2025 Jim Click Shootout & Multis,2025-04-04,,,,Outdoor,https://www.tfrrs.org/results/89574/5511352/_2025_Jim_Click_Shootout__Multis/400-Meters,TFRRS all_performances
"Simms, Ava",Arizona,Big 12,400m,2025,2,,,53.21,seconds,2025 Jim Click Shootout & Multis,2025-04-04,,,,Outdoor,https://www.tfrrs.org/results/89574/5511352/_2025_Jim_Click_Shootout__Multis/400-Meters,TFRRS all_performances
"Aguilar-Perez, Camila",Arizona,Big 12,400m,2025,4,,,56.55,seconds,65th Annual Mt. SAC Relays,2025-04-18,,,,Outdoor,https://www.tfrrs.org/results/89926/5573901/65th_Annual_Mt_SAC_Relays/400-Meters,TFRRS all_performances
"Hall, Keilee",Arizona,Big 12,400m,2025,2,,,55.68,seconds,65th Annual Mt. SAC Relays,2025-04-18,,,,Outdoor,https://www.tfrrs.org/results/89926/5573901/65th_Annual_Mt_SAC_Relays/400-Meters,TFRRS all_performances
"Aguilar-Perez, Camila",Arizona,Big 12,400m,2025,4,,,54.99,seconds,2025 Desert Heat Classic,2025-05-03,,,,Outdoor,https://www.tfrrs.org/results/89575/5624850/2025_Desert_Heat_Classic_/400-Meters,TFRRS all_performances
"Simms, Ava",Arizona,Big 12,400m,2025,2,,,52.41,seconds,2025 Desert Heat Classic,2025-05-03,,,,Outdoor,https://www.tfrrs.org/results/89575/5624850/2025_Desert_Heat_Classic_/400-Meters,TFRRS all_performances
"Aguilar-Perez, Camila",Arizona,Big 12,400m,2025,4,,,55.73,seconds,Big 12 Outdoor Track & Field Championships,2025-05-15,,,,Outdoor,https://www.tfrrs.org/results/92590/5661303/Big_12_Outdoor_Track__Field_Championships/400-Meters,TFRRS all_performances
"Simms, Ava",Arizona,Big 12,400m,2025,2,,,53.17,seconds,Big 12 Outdoor Track & Field Championships,2025-05-15,,,,Outdoor,https://www.tfrrs.org/results/92590/5661303/Big_12_Outdoor_Track__Field_Championships/400-Meters,TFRRS all_performances
"Simms, Ava",Arizona,Big 12,400m,2025,2,,,53.52,seconds,Big 12 Outdoor Track & Field Championships,2025-05-15,,,,Outdoor,https://www.tfrrs.org/results/92590/5661303/Big_12_Outdoor_Track__Field_Championships/400-Meters,TFRRS all_performances
"Simms, Ava",Arizona,Big 12,400m,2025,2,,,52.47,seconds,NCAA Division I West First Round,2025-05-28,,,,Outdoor,https://www.tfrrs.org/results/92621/5669916/NCAA_Division_I_West_First_Round/400-Meters,TFRRS all_performances
"Simms, Ava",Arizona,Big 12,400m,2025,2,,,53.32,seconds,NCAA Division I West First Round,2025-05-28,,,,Outdoor,https://www.tfrrs.org/results/92621/5669916/NCAA_Division_I_West_First_Round/400-Meters,TFRRS all_performances
"Ellis- Dalley, Emily",BYU,Big 12,400m,2025,4,,,55.21,seconds,2025 Willie Williams Classic,2025-03-21,,,,Outdoor,https://www.tfrrs.org/results/89572/5463809/2025_Willie_Williams_Classic/400-Meters,TFRRS all_performances
"Anderson, Bria",BYU,Big 12,400m,2025,1,,,59.64,seconds,Stanford Invitational,2025-04-04,,,,Outdoor,https://www.tfrrs.org/results/89628/5515844/Stanford_Invitational/400-Meters,TFRRS all_performances
"Jessen, Elyse",BYU,Big 12,400m,2025,2,,,58.85,seconds,Stanford Invitational,2025-04-04,,,,Outdoor,https://www.tfrrs.org/results/89628/5515844/Stanford_Invitational/400-Meters,TFRRS all_performances
"Olsen, Kylie",BYU,Big 12,400m,2025,2,,,56.69,seconds,Stanford Invitational,2025-04-04,,,,Outdoor,https://www.tfrrs.org/results/89628/5515844/Stanford_Invitational/400-Meters,TFRRS all_performances
"Ellis- Dalley, Emily",BYU,Big 12,400m,2025,4,,,55.06,seconds,2025 Weber State Spring Classic,2025-04-11,,,,Outdoor,https://www.tfrrs.org/results/90140/5537877/2025_Weber_State_Spring_Classic/400-Meters,TFRRS all_performances
"Nuttal, Annie",BYU,Big 12,400m,2025,1,,,57.43,seconds,2025 Weber State Spring Classic,2025-04-11,,,,Outdoor,https://www.tfrrs.org/results/90140/5537877/2025_Weber_State_Spring_Classic/400-Meters,TFRRS all_performances
"Taggart, Madelynne",BYU,Big 12,400m,2025,2,,,57.76,seconds,2025 Weber State Spring Classic,2025-04-11,,,,Outdoor,https://www.tfrrs.org/results/90140/5537877/2025_Weber_State_Spring_Classic/400-Meters,TFRRS all_performances
"Ellis- Dalley, Emily",BYU,Big 12,400m,2025,4,,,54.81,seconds,65th Annual Mt. SAC Relays,2025-04-18,,,,Outdoor,https://www.tfrrs.org/results/89926/5573901/65th_Annual_Mt_SAC_Relays/400-Meters,TFRRS all_performances
"Oblad, Sami",BYU,Big 12,400m,2025,4,,,51.79,seconds,65th Annual Mt. SAC Relays,2025-04-18,,,,Outdoor,https://www.tfrrs.org/results/89926/5573930/65th_Annual_Mt_SAC_Relays/400-Meters,TFRRS all_performances
"Ellis- Dalley, Emily",BYU,Big 12,400m,2025,4,,,53.77,seconds,2025 BYU Robison Invitational,2025-04-30,,,,Outdoor,https://www.tfrrs.org/results/89706/5625255/2025_BYU_Robison_Invitational/400-Meters,TFRRS all_performances
"Nuttal, Annie",BYU,Big 12,400m,2025,1,,,56.37,seconds,2025 BYU Robison Invitational,2025-04-30,,,,Outdoor,https://www.tfrrs.org/results/89706/5625255/2025_BYU_Robison_Invitational/400-Meters,TFRRS all_performances
"Oblad, Sami",BYU,Big 12,400m,2025,4,,,50.49,seconds,2025 BYU Robison Invitational,2025-04-30,,,,Outdoor,https://www.tfrrs.org/results/89706/5625255/2025_BYU_Robison_Invitational/400-Meters,TFRRS all_performances
"Taggart, Madelynne",BYU,Big 12,400m,2025,2,,,57.25,seconds,2025 BYU Robison Invitational,2025-04-30,,,,Outdoor,https://www.tfrrs.org/results/89706/5625255/2025_BYU_Robison_Invitational/400-Meters,TFRRS all_performances
"Ellis- Dalley, Emily",BYU,Big 12,400m,2025,4,,,54.58,seconds,Big 12 Outdoor Track & Field Championships,2025-05-15,,,,Outdoor,https://www.tfrrs.org/results/92590/5661303/Big_12_Outdoor_Track__Field_Championships/400-Meters,TFRRS all_performances
"Oblad, Sami",BYU,Big 12,400m,2025,4,,,51.87,seconds,Big 12 Outdoor Track & Field Championships,2025-05-15,,,,Outdoor,https://www.tfrrs.org/results/92590/5661303/Big_12_Outdoor_Track__Field_Championships/400-Meters,TFRRS all_performances
"Oblad, Sami",BYU,Big 12,400m,2025,4,,,52.91,seconds,Big 12 Outdoor Track & Field Championships,2025-05-15,,,,Outdoor,https://www.tfrrs.org/results/92590/5661303/Big_12_Outdoor_Track__Field_Championships/400-Meters,TFRRS all_performances
"Oblad, Sami",BYU,Big 12,400m,2025,4,,,50.96,seconds,NCAA Division I West First Round,2025-05-28,,,,Outdoor,https://www.tfrrs.org/results/92621/5669916/NCAA_Division_I_West_First_Round/400-Meters,TFRRS all_performances
"Oblad, Sami",BYU,Big 12,400m,2025,4,,,51.29,seconds,NCAA Division I West First Round,2025-05-28,,,,Outdoor,https://www.tfrrs.org/results/92621/5669916/NCAA_Division_I_West_First_Round/400-Meters,TFRRS all_performances
"Oblad, Sami",BYU,Big 12,400m,2025,4,,,51.20,seconds,NCAA Division I Outdoor Track & Field Championships,2025-06-11,,,,Outdoor,https://www.tfrrs.org/results/92668/5672540/NCAA_Division_I_Outdoor_Track__Field_Championships/400-Meters,TFRRS all_performances
"Oblad, Sami",BYU,Big 12,400m,2025,4,,,51.57,seconds,NCAA Division I Outdoor Track & Field Championships,2025-06-11,,,,Outdoor,https://www.tfrrs.org/results/92668/5672540/NCAA_Division_I_Outdoor_Track__Field_Championships/400-Meters,TFRRS all_performances
"Ayers, Mariah",Baylor,Big 12,400m,2025,4,,,56.87,seconds,Clyde Hart Classic,2025-03-22,,,,Outdoor,https://www.tfrrs.org/results/88269/5464185/Clyde_Hart_Classic/400-Meters,TFRRS all_performances
"Benton, Lucy",Baylor,Big 12,400m,2025,1,,,1:01.53,seconds,Clyde Hart Classic,2025-03-22,,,,Outdoor,https://www.tfrrs.org/results/88269/5464185/Clyde_Hart_Classic/400-Meters,TFRRS all_performances
"Gryne, Jasmine",Baylor,Big 12,400m,2025,4,,,56.63,seconds,LSU Battle on the Bayou,2025-03-28,,,,Outdoor,https://www.tfrrs.org/results/89962/5486974/LSU_Battle_on_the_Bayou/400-Meters,TFRRS all_performances
"Kinchen, Aaryona",Baylor,Big 12,400m,2025,1,,,54.62,seconds,LSU Battle on the Bayou,2025-03-28,,,,Outdoor,https://www.tfrrs.org/results/89962/5486974/LSU_Battle_on_the_Bayou/400-Meters,TFRRS all_performances
"Mathew, Sameena",Baylor,Big 12,400m,2025,1,,,55.24,seconds,LSU Battle on the Bayou,2025-03-28,,,,Outdoor,https://www.tfrrs.org/results/89962/5486974/LSU_Battle_on_the_Bayou/400-Meters,TFRRS all_performances
"Sergeant, Summer",Baylor,Big 12,400m,2025,4,,,54.35,seconds,LSU Battle on the Bayou,2025-03-28,,,,Outdoor,https://www.tfrrs.org/results/89962/5486974/LSU_Battle_on_the_Bayou/400-Meters,TFRRS all_performances
"Gryne, Jasmine",Baylor,Big 12,400m,2025,4,,,55.62,seconds,Florida Relays,2025-04-04,,,,Outdoor,https://www.tfrrs.org/results/91170/5650395/Florida_Relays/400-Meters,TFRRS all_performances
"Kinchen, Aaryona",Baylor,Big 12,400m,2025,1,,,54.58,seconds,Florida Relays,2025-04-04,,,,Outdoor,https://www.tfrrs.org/results/91170/5650395/Florida_Relays/400-Meters,TFRRS all_performances
"Mathew, Sameena",Baylor,Big 12,400m,2025,1,,,55.55,seconds,Florida Relays,2025-04-04,,,,Outdoor,https://www.tfrrs.org/results/91170/5650395/Florida_Relays/400-Meters,TFRRS all_performances
"Sergeant, Summer",Baylor,Big 12,400m,2025,4,,,55.34,seconds,Florida Relays,2025-04-04,,,,Outdoor,https://www.tfrrs.org/results/91170/5650395/Florida_Relays/400-Meters,TFRRS all_performances
"Ayers, Mariah",Baylor,Big 12,400m,2025,4,,,54.36,seconds,Michael Johnson Invitational,2025-04-18,,,,Outdoor,https://www.tfrrs.org/results/88270/5572638/Michael_Johnson_Invitational/400-Meters,TFRRS all_performances
"Kinchen, Aaryona",Baylor,Big 12,400m,2025,1,,,55.37,seconds,Michael Johnson Invitational,2025-04-18,,,,Outdoor,https://www.tfrrs.org/results/88270/5572638/Michael_Johnson_Invitational/400-Meters,TFRRS all_performances
"Mathew, Sameena",Baylor,Big 12,400m,2025,1,,,57.23,seconds,Michael Johnson Invitational,2025-04-18,,,,Outdoor,https://www.tfrrs.org/results/88270/5572638/Michael_Johnson_Invitational/400-Meters,TFRRS all_performances
"Sergeant, Summer",Baylor,Big 12,400m,2025,4,,,54.42,seconds,Michael Johnson Invitational,2025-04-18,,,,Outdoor,https://www.tfrrs.org/results/88270/5572638/Michael_Johnson_Invitational/400-Meters,TFRRS all_performances
"Ayers, Mariah",Baylor,Big 12,400m,2025,4,,,57.05,seconds,UCF Knights Invite,2025-04-25,,,,Outdoor,https://www.tfrrs.org/results/87082/5597465/UCF_Knights_Invite/400-Meters,TFRRS all_performances
"Gryne, Jasmine",Baylor,Big 12,400m,2025,4,,,55.20,seconds,UCF Knights Invite,2025-04-25,,,,Outdoor,https://www.tfrrs.org/results/87082/5597465/UCF_Knights_Invite/400-Meters,TFRRS all_performances
"Kelley, Tiriah",Baylor,Big 12,400m,2025,3,,,54.02,seconds,UCF Knights Invite,2025-04-25,,,,Outdoor,https://www.tfrrs.org/results/87082/5597465/UCF_Knights_Invite/400-Meters,TFRRS all_performances
"Kinchen, Aaryona",Baylor,Big 12,400m,2025,1,,,54.32,seconds,UCF Knights Invite,2025-04-25,,,,Outdoor,https://www.tfrrs.org/results/87082/5597465/UCF_Knights_Invite/400-Meters,TFRRS all_performances
"Mathew, Sameena",Baylor,Big 12,400m,2025,1,,,54.88,seconds,UCF Knights Invite,2025-04-25,,,,Outdoor,https://www.tfrrs.org/results/87082/5597465/UCF_Knights_Invite/400-Meters,TFRRS all_performances
"Sergeant, Summer",Baylor,Big 12,400m,2025,4,,,54.22,seconds,UCF Knights Invite,2025-04-25,,,,Outdoor,https://www.tfrrs.org/results/87082/5597465/UCF_Knights_Invite/400-Meters,TFRRS all_performances
"Taylor, Calisha",Baylor,Big 12,400m,2025,4,,,52.91,seconds,UCF Knights Invite,2025-04-25,,,,Outdoor,https://www.tfrrs.org/results/87082/5597465/UCF_Knights_Invite/400-Meters,TFRRS all_performances
"Kinchen, Aaryona",Baylor,Big 12,400m,2025,1,,,55.18,seconds,2025 Texas A&M Alumni Muster Invitational,2025-05-03,,,,Outdoor,https://www.tfrrs.org/results/87414/5623572/2025_Texas_AM_Alumni_Muster_Invitational/400-Meters,TFRRS all_performances
"Mathew, Sameena",Baylor,Big 12,400m,2025,1,,,55.35,seconds,2025 Texas A&M Alumni Muster Invitational,2025-05-03,,,,Outdoor,https://www.tfrrs.org/results/87414/5623572/2025_Texas_AM_Alumni_Muster_Invitational/400-Meters,TFRRS all_performances
"Sergeant, Summer",Baylor,Big 12,400m,2025,4,,,55.06,seconds,2025 Texas A&M Alumni Muster Invitational,2025-05-03,,,,Outdoor,https://www.tfrrs.org/results/87414/5623572/2025_Texas_AM_Alumni_Muster_Invitational/400-Meters,TFRRS all_performances
"Ayers, Mariah",Baylor,Big 12,400m,2025,4,,,55.09,seconds,Big 12 Outdoor Track & Field Championships,2025-05-15,,,,Outdoor,https://www.tfrrs.org/results/92590/5661303/Big_12_Outdoor_Track__Field_Championships/400-Meters,TFRRS all_performances
"Kinchen, Aaryona",Baylor,Big 12,400m,2025,1,,,55.34,seconds,Big 12 Outdoor Track & Field Championships,2025-05-15,,,,Outdoor,https://www.tfrrs.org/results/92590/5661303/Big_12_Outdoor_Track__Field_Championships/400-Meters,TFRRS all_performances
"Mathew, Sameena",Baylor,Big 12,400m,2025,1,,,56.33,seconds,Big 12 Outdoor Track & Field Championships,2025-05-15,,,,Outdoor,https://www.tfrrs.org/results/92590/5661303/Big_12_Outdoor_Track__Field_Championships/400-Meters,TFRRS all_performances
"Sergeant, Summer",Baylor,Big 12,400m,2025,4,,,54.05,seconds,Big 12 Outdoor Track & Field Championships,2025-05-15,,,,Outdoor,https://www.tfrrs.org/results/92590/5661303/Big_12_Outdoor_Track__Field_Championships/400-Meters,TFRRS all_performances
"Sergeant, Summer",Baylor,Big 12,400m,2025,4,,,54.12,seconds,Big 12 Outdoor Track & Field Championships,2025-05-15,,,,Outdoor,https://www.tfrrs.org/results/92590/5661303/Big_12_Outdoor_Track__Field_Championships/400-Meters,TFRRS all_performances
"David, Karynne",Iowa State,Big 12,400m,2025,1,,,56.79,seconds,Terry Long FSU Relays,2025-03-27,,,,Outdoor,https://www.tfrrs.org/results/90740/5483734/Terry_Long_FSU_Relays/400-Meters,TFRRS all_performances
"Moon, Cameron",Iowa State,Big 12,400m,2025,2,,,58.64,seconds,Terry Long FSU Relays,2025-03-27,,,,Outdoor,https://www.tfrrs.org/results/90740/5483734/Terry_Long_FSU_Relays/400-Meters,TFRRS all_performances
"Sandvig, Brooklyn",Iowa State,Big 12,400m,2025,2,,,55.79,seconds,Terry Long FSU Relays,2025-03-27,,,,Outdoor,https://www.tfrrs.org/results/90740/5483734/Terry_Long_FSU_Relays/400-Meters,TFRRS all_performances
"David, Karynne",Iowa State,Big 12,400m,2025,1,,,55.59,seconds,Jim Duncan Invitational,2025-04-11,,,,Outdoor,https://www.tfrrs.org/results/91467/5538168/Jim_Duncan_Invitational/400-Meters,TFRRS all_performances
"Joseph, Rachel",Iowa State,Big 12,400m,2025,3,,,51.10,seconds,2025 Texas A&M 44 Farms Team Invitational,2025-04-11,,,,Outdoor,https://www.tfrrs.org/results/87412/5544838/2025_Texas_AM_44_Farms_Team_Invitational/400-Meters,TFRRS all_performances
"Lynch, Ellie",Iowa State,Big 12,400m,2025,1,,,1:00.21,seconds,Jim Duncan Invitational,2025-04-11,,,,Outdoor,https://www.tfrrs.org/results/91467/5538168/Jim_Duncan_Invitational/400-Meters,TFRRS all_performances
"Moon, Cameron",Iowa State,Big 12,400m,2025,2,,,56.73,seconds,Jim Duncan Invitational,2025-04-11,,,,Outdoor,https://www.tfrrs.org/results/91467/5538168/Jim_Duncan_Invitational/400-Meters,TFRRS all_performances
"David, Karynne",Iowa State,Big 12,400m,2025,1,,,58.24,seconds,2025 Desert Heat Classic,2025-05-03,,,,Outdoor,https://www.tfrrs.org/results/89575/5624850/2025_Desert_Heat_Classic_/400-Meters,TFRRS all_performances
"Joseph, Rachel",Iowa State,Big 12,400m,2025,3,,,50.79,seconds,2025 Desert Heat Classic,2025-05-03,,,,Outdoor,https://www.tfrrs.org/results/89575/5624850/2025_Desert_Heat_Classic_/400-Meters,TFRRS all_performances
"Moon, Cameron",Iowa State,Big 12,400m,2025,2,,,57.94,seconds,2025 Desert Heat Classic,2025-05-03,,,,Outdoor,https://www.tfrrs.org/results/89575/5624850/2025_Desert_Heat_Classic_/400-Meters,TFRRS all_performances
"David, Karynne",Iowa State,Big 12,400m,2025,1,,,54.96,seconds,Cyclone Twilight,2025-05-09,,,,Outdoor,https://www.tfrrs.org/results/92434/5646061/Cyclone_Twilight/400-Meters,TFRRS all_performances
"Hubbard, Camryn",Iowa State,Big 12,400m,2025,2,,,55.32,seconds,Cyclone Twilight,2025-05-09,,,,Outdoor,https://www.tfrrs.org/results/92434/5646061/Cyclone_Twilight/400-Meters,TFRRS all_performances
"Lynch, Ellie",Iowa State,Big 12,400m,2025,1,,,1:00.41,seconds,Cyclone Twilight,2025-05-09,,,,Outdoor,https://www.tfrrs.org/results/92434/5646061/Cyclone_Twilight/400-Meters,TFRRS all_performances
"Moon, Cameron",Iowa State,Big 12,400m,2025,2,,,56.27,seconds,Cyclone Twilight,2025-05-09,,,,Outdoor,https://www.tfrrs.org/results/92434/5646061/Cyclone_Twilight/400-Meters,TFRRS all_performances
"Joseph, Rachel",Iowa State,Big 12,400m,2025,3,,,50.81,seconds,Big 12 Outdoor Track & Field Championships,2025-05-15,,,,Outdoor,https://www.tfrrs.org/results/92590/5661303/Big_12_Outdoor_Track__Field_Championships/400-Meters,TFRRS all_performances
"Joseph, Rachel",Iowa State,Big 12,400m,2025,3,,,51.21,seconds,Big 12 Outdoor Track & Field Championships,2025-05-15,,,,Outdoor,https://www.tfrrs.org/results/92590/5661303/Big_12_Outdoor_Track__Field_Championships/400-Meters,TFRRS all_performances
"Joseph, Rachel",Iowa State,Big 12,400m,2025,3,,,50.66,seconds,NCAA Division I West First Round,2025-05-28,,,,Outdoor,https://www.tfrrs.org/results/92621/5669916/NCAA_Division_I_West_First_Round/400-Meters,TFRRS all_performances
"Joseph, Rachel",Iowa State,Big 12,400m,2025,3,,,50.95,seconds,NCAA Division I West First Round,2025-05-28,,,,Outdoor,https://www.tfrrs.org/results/92621/5669916/NCAA_Division_I_West_First_Round/400-Meters,TFRRS all_performances
"Joseph, Rachel",Iowa State,Big 12,400m,2025,3,,,50.77,seconds,NCAA Division I Outdoor Track & Field Championships,2025-06-11,,,,Outdoor,https://www.tfrrs.org/results/92668/5672540/NCAA_Division_I_Outdoor_Track__Field_Championships/400-Meters,TFRRS all_performances
"Joseph, Rachel",Iowa State,Big 12,400m,2025,3,,,51.36,seconds,NCAA Division I Outdoor Track & Field Championships,2025-06-11,,,,Outdoor,https://www.tfrrs.org/results/92668/5672540/NCAA_Division_I_Outdoor_Track__Field_Championships/400-Meters,TFRRS all_performances
"Arendt, Fanny",Texas Tech,Big 12,400m,2025,3,,,54.25,seconds,Texas Tech Masked Rider,2025-04-03,,,,Outdoor,https://www.tfrrs.org/results/91113/5557551/Texas_Tech_Masked_Rider/400-Meters,TFRRS all_performances
"Umoibang, Mercy",Texas Tech,Big 12,400m,2025,3,,,55.36,seconds,2025 Texas Invitational,2025-04-24,,,,Outdoor,https://www.tfrrs.org/results/91283/5594952/2025_Texas_Invitational/400-Meters,TFRRS all_performances
"Arendt, Fanny",Texas Tech,Big 12,400m,2025,3,,,52.84,seconds,Texas Tech Corky/Crofoot Shootout,2025-05-01,,,,Outdoor,https://www.tfrrs.org/results/92291/5626590/Texas_Tech_Corky_Crofoot_Shootout/400-Meters,TFRRS all_performances
"Kelley, Mekenze",Texas Tech,Big 12,400m,2025,3,,,54.50,seconds,Texas Tech Corky/Crofoot Shootout,2025-05-01,,,,Outdoor,https://www.tfrrs.org/results/92291/5626590/Texas_Tech_Corky_Crofoot_Shootout/400-Meters,TFRRS all_performances
"Kelley, Mekenze",Texas Tech,Big 12,400m,2025,3,,,52.15,seconds,Big 12 Outdoor Track & Field Championships,2025-05-15,,,,Outdoor,https://www.tfrrs.org/results/92590/5661303/Big_12_Outdoor_Track__Field_Championships/400-Meters,TFRRS all_performances
"Kelley, Mekenze",Texas Tech,Big 12,400m,2025,3,,,53.08,seconds,Big 12 Outdoor Track & Field Championships,2025-05-15,,,,Outdoor,https://www.tfrrs.org/results/92590/5661303/Big_12_Outdoor_Track__Field_Championships/400-Meters,TFRRS all_performances
"Kelley, Mekenze",Texas Tech,Big 12,400m,2025,3,,,52.34,seconds,NCAA Division I West First Round,2025-05-28,,,,Outdoor,https://www.tfrrs.org/results/92621/5669916/NCAA_Division_I_West_First_Round/400-Meters,TFRRS all_performances
"Kelley, Mekenze",Texas Tech,Big 12,400m,2025,3,,,52.50,seconds,NCAA Division I West First Round,2025-05-28,,,,Outdoor,https://www.tfrrs.org/results/92621/5669916/NCAA_Division_I_West_First_Round/400-Meters,TFRRS all_performances
"Belquist, Kelsie",Nebraska,Big Ten,400m,2025,1,,,54.40,seconds,Florida Relays,2025-04-04,,,,Outdoor,https://www.tfrrs.org/results/91170/5650395/Florida_Relays/400-Meters,TFRRS all_performances
"Pecora, Rebecca",Nebraska,Big Ten,400m,2025,4,,,1:00.81,seconds,2025 Prairie Wolf Outdoor Invitational,2025-04-26,,,,Outdoor,https://www.tfrrs.org/results/92094/5599800/2025_Prairie_Wolf_Outdoor_Invitational/400-Meters,TFRRS all_performances
"Belquist, Kelsie",Nebraska,Big Ten,400m,2025,1,,,53.54,seconds,2025 Desert Heat Classic,2025-05-03,,,,Outdoor,https://www.tfrrs.org/results/89575/5624850/2025_Desert_Heat_Classic_/400-Meters,TFRRS all_performances
"Pecora, Rebecca",Nebraska,Big Ten,400m,2025,4,,,58.29,seconds,Ward Haylett Invitational,2025-05-09,,,,Outdoor,https://www.tfrrs.org/results/87880/5641944/Ward_Haylett_Invitational/400-Meters,TFRRS all_performances
"Belquist, Kelsie",Nebraska,Big Ten,400m,2025,1,,,54.18,seconds,Big Ten Outdoor Track & Field Championships,2025-05-16,,,,Outdoor,https://www.tfrrs.org/results/92594/5664526/Big_Ten_Outdoor_Track__Field_Championships/400-Meters,TFRRS all_performances
"Belquist, Kelsie",Nebraska,Big Ten,400m,2025,1,,,52.99,seconds,NCAA Division I West First Round,2025-05-28,,,,Outdoor,https://www.tfrrs.org/results/92621/5669916/NCAA_Division_I_West_First_Round/400-Meters,TFRRS all_performances
"Belquist, Kelsie",Nebraska,Big Ten,400m,2025,1,,,53.33,seconds,NCAA Division I West First Round,2025-05-28,,,,Outdoor,https://www.tfrrs.org/results/92621/5669916/NCAA_Division_I_West_First_Round/400-Meters,TFRRS all_performances
"Kannon, Madyson",Oregon,Big Ten,400m,2025,2,,,1:03.21,seconds,2025 Oregon Preview,2025-03-21,,,,Outdoor,https://www.tfrrs.org/results/89521/5464968/2025_Oregon_Preview/400-Meters,TFRRS all_performances
"Taylor, Annaleise",Oregon,Big Ten,400m,2025,1,,,59.27,seconds,2025 Oregon Preview,2025-03-21,,,,Outdoor,https://www.tfrrs.org/results/89521/5464968/2025_Oregon_Preview/400-Meters,TFRRS all_performances
"Clayton, Ella",Oregon,Big Ten,400m,2025,4,,,53.08,seconds,Battle at the Beach,2025-04-04,,,,Outdoor,https://www.tfrrs.org/results/89904/5506937/Battle_at_the_Beach/400-Meters,TFRRS all_performances
"Clayton, Ella",Oregon,Big Ten,400m,2025,4,,,53.63,seconds,2025 Oregon Team Invite,2025-04-18,,,,Outdoor,https://www.tfrrs.org/results/89637/5573632/2025_Oregon_Team_Invite/400-Meters,TFRRS all_performances
"Doht-Barron, Lakely",Oregon,Big Ten,400m,2025,2,,,57.35,seconds,2025 Oregon Team Invite,2025-04-18,,,,Outdoor,https://www.tfrrs.org/results/89637/5573632/2025_Oregon_Team_Invite/400-Meters,TFRRS all_performances
"Clayton, Ella",Oregon,Big Ten,400m,2025,4,,,51.64,seconds,2025 Desert Heat Classic,2025-05-03,,,,Outdoor,https://www.tfrrs.org/results/89575/5624850/2025_Desert_Heat_Classic_/400-Meters,TFRRS all_performances
"Doht-Barron, Lakely",Oregon,Big Ten,400m,2025,2,,,55.44,seconds,2025 Desert Heat Classic,2025-05-03,,,,Outdoor,https://www.tfrrs.org/results/89575/5624850/2025_Desert_Heat_Classic_/400-Meters,TFRRS all_performances
"Clayton, Ella",Oregon,Big Ten,400m,2025,4,,,53.00,seconds,Big Ten Outdoor Track & Field Championships,2025-05-16,,,,Outdoor,https://www.tfrrs.org/results/92594/5664526/Big_Ten_Outdoor_Track__Field_Championships/400-Meters,TFRRS all_performances
"Clayton, Ella",Oregon,Big Ten,400m,2025,4,,,53.27,seconds,Big Ten Outdoor Track & Field Championships,2025-05-16,,,,Outdoor,https://www.tfrrs.org/results/92594/5664526/Big_Ten_Outdoor_Track__Field_Championships/400-Meters,TFRRS all_performances
"Cenci, Takiya",USC,Big Ten,400m,2025,3,,,54.52,seconds,Trojan Invite,2025-03-21,,,,Outdoor,https://www.tfrrs.org/results/89833/5463118/Trojan_Invite/400-Meters,TFRRS all_performances
"Cenci, Takiya",USC,Big Ten,400m,2025,3,,,55.16,seconds,LSU Battle on the Bayou,2025-03-28,,,,Outdoor,https://www.tfrrs.org/results/89962/5486974/LSU_Battle_on_the_Bayou/400-Meters,TFRRS all_performances
"John, Yemi",USC,Big Ten,400m,2025,3,,,51.70,seconds,LSU Battle on the Bayou,2025-03-28,,,,Outdoor,https://www.tfrrs.org/results/89962/5486974/LSU_Battle_on_the_Bayou/400-Meters,TFRRS all_performances
"Scott, Maira",USC,Big Ten,400m,2025,1,,,55.00,seconds,LSU Battle on the Bayou,2025-03-28,,,,Outdoor,https://www.tfrrs.org/results/89962/5486974/LSU_Battle_on_the_Bayou/400-Meters,TFRRS all_performances
"Whyte, Madison",USC,Big Ten,400m,2025,2,,,50.91,seconds,LSU Battle on the Bayou,2025-03-28,,,,Outdoor,https://www.tfrrs.org/results/89962/5486974/LSU_Battle_on_the_Bayou/400-Meters,TFRRS all_performances
"John, Yemi",USC,Big Ten,400m,2025,3,,,51.31,seconds,2025 Texas A&M 44 Farms Team Invitational,2025-04-11,,,,Outdoor,https://www.tfrrs.org/results/87412/5544838/2025_Texas_AM_44_Farms_Team_Invitational/400-Meters,TFRRS all_performances
"Whyte, Madison",USC,Big Ten,400m,2025,2,,,50.91,seconds,2025 Texas A&M 44 Farms Team Invitational,2025-04-11,,,,Outdoor,https://www.tfrrs.org/results/87412/5544838/2025_Texas_AM_44_Farms_Team_Invitational/400-Meters,TFRRS all_performances
"Cenci, Takiya",USC,Big Ten,400m,2025,3,,,54.64,seconds,USC vs UCLA,2025-05-04,,,,Outdoor,https://www.tfrrs.org/results/89912/5626177/USC_vs_UCLA/400-Meters,TFRRS all_performances
"John, Yemi",USC,Big Ten,400m,2025,3,,,51.01,seconds,USC vs UCLA,2025-05-04,,,,Outdoor,https://www.tfrrs.org/results/89912/5626177/USC_vs_UCLA/400-Meters,TFRRS all_performances
"Mallard, Christine",USC,Big Ten,400m,2025,3,,,52.54,seconds,USC vs UCLA,2025-05-04,,,,Outdoor,https://www.tfrrs.org/results/89912/5626177/USC_vs_UCLA/400-Meters,TFRRS all_performances
"Whyte, Madison",USC,Big Ten,400m,2025,2,,,50.78,seconds,USC vs UCLA,2025-05-04,,,,Outdoor,https://www.tfrrs.org/results/89912/5626177/USC_vs_UCLA/400-Meters,TFRRS all_performances
"John, Yemi",USC,Big Ten,400m,2025,3,,,51.54,seconds,Big Ten Outdoor Track & Field Championships,2025-05-16,,,,Outdoor,https://www.tfrrs.org/results/92594/5664526/Big_Ten_Outdoor_Track__Field_Championships/400-Meters,TFRRS all_performances
"John, Yemi",USC,Big Ten,400m,2025,3,,,52.60,seconds,Big Ten Outdoor Track & Field Championships,2025-05-16,,,,Outdoor,https://www.tfrrs.org/results/92594/5664526/Big_Ten_Outdoor_Track__Field_Championships/400-Meters,TFRRS all_performances
"Mallard, Christine",USC,Big Ten,400m,2025,3,,,53.28,seconds,Big Ten Outdoor Track & Field Championships,2025-05-16,,,,Outdoor,https://www.tfrrs.org/results/92594/5664526/Big_Ten_Outdoor_Track__Field_Championships/400-Meters,TFRRS all_performances
"Mallard, Christine",USC,Big Ten,400m,2025,3,,,53.61,seconds,Big Ten Outdoor Track & Field Championships,2025-05-16,,,,Outdoor,https://www.tfrrs.org/results/92594/5664526/Big_Ten_Outdoor_Track__Field_Championships/400-Meters,TFRRS all_performances
"Whyte, Madison",USC,Big Ten,400m,2025,2,,,51.40,seconds,Big Ten Outdoor Track & Field Championships,2025-05-16,,,,Outdoor,https://www.tfrrs.org/results/92594/5664526/Big_Ten_Outdoor_Track__Field_Championships/400-Meters,TFRRS all_performances
"Whyte, Madison",USC,Big Ten,400m,2025,2,,,53.08,seconds,Big Ten Outdoor Track & Field Championships,2025-05-16,,,,Outdoor,https://www.tfrrs.org/results/92594/5664526/Big_Ten_Outdoor_Track__Field_Championships/400-Meters,TFRRS all_performances
"John, Yemi",USC,Big Ten,400m,2025,3,,,50.79,seconds,NCAA Division I West First Round,2025-05-28,,,,Outdoor,https://www.tfrrs.org/results/92621/5669916/NCAA_Division_I_West_First_Round/400-Meters,TFRRS all_performances
"John, Yemi",USC,Big Ten,400m,2025,3,,,51.14,seconds,NCAA Division I West First Round,2025-05-28,,,,Outdoor,https://www.tfrrs.org/results/92621/5669916/NCAA_Division_I_West_First_Round/400-Meters,TFRRS all_performances
"Mallard, Christine",USC,Big Ten,400m,2025,3,,,52.04,seconds,NCAA Division I West First Round,2025-05-28,,,,Outdoor,https://www.tfrrs.org/results/92621/5669916/NCAA_Division_I_West_First_Round/400-Meters,TFRRS all_performances
"Mallard, Christine",USC,Big Ten,400m,2025,3,,,54.55,seconds,NCAA Division I West First Round,2025-05-28,,,,Outdoor,https://www.tfrrs.org/results/92621/5669916/NCAA_Division_I_West_First_Round/400-Meters,TFRRS all_performances
"John, Yemi",USC,Big Ten,400m,2025,3,,,51.41,seconds,NCAA Division I Outdoor Track & Field Championships,2025-06-11,,,,Outdoor,https://www.tfrrs.org/results/92668/5672540/NCAA_Division_I_Outdoor_Track__Field_Championships/400-Meters,TFRRS all_performances
"Coe, Jo'Lissa",Alabama,SEC,400m,2025,1,,,58.57,seconds,2025 Bulldog Alumni Relays,2025-03-20,,,,Outdoor,https://www.tfrrs.org/results/89563/5463480/2025_Bulldog_Alumni_Relays/400-Meters,TFRRS all_performances
"Penn, Quincy",Florida,SEC,400m,2025,2,,,53.03,seconds,Florida Relays,2025-04-04,,,,Outdoor,https://www.tfrrs.org/results/91170/5650395/Florida_Relays/400-Meters,TFRRS all_performances
"Penn, Quincy",Florida,SEC,400m,2025,2,,,54.06,seconds,SEC Outdoor Track & Field Championships,2025-05-15,,,,Outdoor,https://www.tfrrs.org/results/92589/5664581/SEC_Outdoor_Track__Field_Championships/400-Meters,TFRRS all_performances
"Tate, Haley",Georgia,SEC,400m,2025,3,,,52.97,seconds,Florida Relays,2025-04-04,,,,Outdoor,https://www.tfrrs.org/results/91170/5650395/Florida_Relays/400-Meters,TFRRS all_performances
"Butler, Aaliyah",Georgia,SEC,400m,2025,3,,,49.44,seconds,Tom Jones Invitational,2025-04-18,,,,Outdoor,https://www.tfrrs.org/results/91823/5651936/Tom_Jones_Invitational/400-Meters,TFRRS all_performances
"Harris, Sydney",Georgia,SEC,400m,2025,2,,,54.44,seconds,Tom Jones Invitational,2025-04-18,,,,Outdoor,https://www.tfrrs.org/results/91823/5651934/Tom_Jones_Invitational/400-Meters,TFRRS all_performances
"Oakley, Dejanea",Georgia,SEC,400m,2025,3,,,50.35,seconds,Tom Jones Invitational,2025-04-18,,,,Outdoor,https://www.tfrrs.org/results/91823/5651936/Tom_Jones_Invitational/400-Meters,TFRRS all_performances
"Tate, Haley",Georgia,SEC,400m,2025,3,,,53.02,seconds,Tom Jones Invitational,2025-04-18,,,,Outdoor,https://www.tfrrs.org/results/91823/5651936/Tom_Jones_Invitational/400-Meters,TFRRS all_performances
"Harris, Sydney",Georgia,SEC,400m,2025,2,,,53.51,seconds,2025 Tiger Track Classic,2025-04-26,,,,Outdoor,https://www.tfrrs.org/results/91230/5598524/2025_Tiger_Track_Classic/400-Meters,TFRRS all_performances
"Tate, Haley",Georgia,SEC,400m,2025,3,,,53.57,seconds,2025 Tiger Track Classic,2025-04-26,,,,Outdoor,https://www.tfrrs.org/results/91230/5598524/2025_Tiger_Track_Classic/400-Meters,TFRRS all_performances
"Harris, Sydney",Georgia,SEC,400m,2025,2,,,54.09,seconds,LSU Invitational,2025-05-03,,,,Outdoor,https://www.tfrrs.org/results/89969/5621991/LSU_Invitational/400-Meters,TFRRS all_performances
"Oakley, Dejanea",Georgia,SEC,400m,2025,3,,,51.20,seconds,LSU Invitational,2025-05-03,,,,Outdoor,https://www.tfrrs.org/results/89969/5621991/LSU_Invitational/400-Meters,TFRRS all_performances
"Tate, Haley",Georgia,SEC,400m,2025,3,,,53.67,seconds,LSU Invitational,2025-05-03,,,,Outdoor,https://www.tfrrs.org/results/89969/5621991/LSU_Invitational/400-Meters,TFRRS all_performances
"Butler, Aaliyah",Georgia,SEC,400m,2025,3,,,50.36,seconds,SEC Outdoor Track & Field Championships,2025-05-15,,,,Outdoor,https://www.tfrrs.org/results/92589/5664581/SEC_Outdoor_Track__Field_Championships/400-Meters,TFRRS all_performances
"Butler, Aaliyah",Georgia,SEC,400m,2025,3,,,51.27,seconds,SEC Outdoor Track & Field Championships,2025-05-15,,,,Outdoor,https://www.tfrrs.org/results/92589/5664581/SEC_Outdoor_Track__Field_Championships/400-Meters,TFRRS all_performances
"Harris, Sydney",Georgia,SEC,400m,2025,2,,,54.42,seconds,SEC Outdoor Track & Field Championships,2025-05-15,,,,Outdoor,https://www.tfrrs.org/results/92589/5664581/SEC_Outdoor_Track__Field_Championships/400-Meters,TFRRS all_performances
"Oakley, Dejanea",Georgia,SEC,400m,2025,3,,,51.15,seconds,SEC Outdoor Track & Field Championships,2025-05-15,,,,Outdoor,https://www.tfrrs.org/results/92589/5664581/SEC_Outdoor_Track__Field_Championships/400-Meters,TFRRS all_performances
"Oakley, Dejanea",Georgia,SEC,400m,2025,3,,,51.34,seconds,SEC Outdoor Track & Field Championships,2025-05-15,,,,Outdoor,https://www.tfrrs.org/results/92589/5664581/SEC_Outdoor_Track__Field_Championships/400-Meters,TFRRS all_performances
"Tate, Haley",Georgia,SEC,400m,2025,3,,,53.70,seconds,SEC Outdoor Track & Field Championships,2025-05-15,,,,Outdoor,https://www.tfrrs.org/results/92589/5664581/SEC_Outdoor_Track__Field_Championships/400-Meters,TFRRS all_performances
"Butler, Aaliyah",Georgia,SEC,400m,2025,3,,,50.68,seconds,NCAA Division I East First Round,2025-05-28,,,,Outdoor,https://www.tfrrs.org/results/92620/5669363/NCAA_Division_I_East_First_Round/400-Meters,TFRRS all_performances
"Butler, Aaliyah",Georgia,SEC,400m,2025,3,,,51.21,seconds,NCAA Division I East First Round,2025-05-28,,,,Outdoor,https://www.tfrrs.org/results/92620/5669363/NCAA_Division_I_East_First_Round/400-Meters,TFRRS all_performances
"Oakley, Dejanea",Georgia,SEC,400m,2025,3,,,50.70,seconds,NCAA Division I East First Round,2025-05-28,,,,Outdoor,https://www.tfrrs.org/results/92620/5669363/NCAA_Division_I_East_First_Round/400-Meters,TFRRS all_performances
"Oakley, Dejanea",Georgia,SEC,400m,2025,3,,,51.15,seconds,NCAA Division I East First Round,2025-05-28,,,,Outdoor,https://www.tfrrs.org/results/92620/5669363/NCAA_Division_I_East_First_Round/400-Meters,TFRRS all_performances
"Tate, Haley",Georgia,SEC,400m,2025,3,,,54.01,seconds,NCAA Division I East First Round,2025-05-28,,,,Outdoor,https://www.tfrrs.org/results/92620/5669363/NCAA_Division_I_East_First_Round/400-Meters,TFRRS all_performances
"Butler, Aaliyah",Georgia,SEC,400m,2025,3,,,49.26,seconds,NCAA Division I Outdoor Track & Field Championships,2025-06-11,,,,Outdoor,https://www.tfrrs.org/results/92668/5672540/NCAA_Division_I_Outdoor_Track__Field_Championships/400-Meters,TFRRS all_performances
"Butler, Aaliyah",Georgia,SEC,400m,2025,3,,,50.16,seconds,NCAA Division I Outdoor Track & Field Championships,2025-06-11,,,,Outdoor,https://www.tfrrs.org/results/92668/5672540/NCAA_Division_I_Outdoor_Track__Field_Championships/400-Meters,TFRRS all_performances
"Oakley, Dejanea",Georgia,SEC,400m,2025,3,,,49.65,seconds,NCAA Division I Outdoor Track & Field Championships,2025-06-11,,,,Outdoor,https://www.tfrrs.org/results/92668/5672540/NCAA_Division_I_Outdoor_Track__Field_Championships/400-Meters,TFRRS all_performances
"Oakley, Dejanea",Georgia,SEC,400m,2025,3,,,50.18,seconds,NCAA Division I Outdoor Track & Field Championships,2025-06-11,,,,Outdoor,https://www.tfrrs.org/results/92668/5672540/NCAA_Division_I_Outdoor_Track__Field_Championships/400-Meters,TFRRS all_performances
"McClellan, JahQueen",Kentucky,SEC,400m,2025,2,,,54.61,seconds,Cumberlands Early Season Meet,2025-03-14,,,,Outdoor,https://www.tfrrs.org/results/89868/5446562/Cumberlands_Early_Season_Meet/400-Meters,TFRRS all_performances
"Johnson, Alysia",Kentucky,SEC,400m,2025,4,,,53.21,seconds,UCF Black & Gold Challenge,2025-03-21,,,,Outdoor,https://www.tfrrs.org/results/87054/5462774/UCF_Black__Gold_Challenge/400-Meters,TFRRS all_performances
"Johnson, Cha'iel",Kentucky,SEC,400m,2025,2,,,54.38,seconds,UCF Black & Gold Challenge,2025-03-21,,,,Outdoor,https://www.tfrrs.org/results/87054/5462774/UCF_Black__Gold_Challenge/400-Meters,TFRRS all_performances
"McClellan, JahQueen",Kentucky,SEC,400m,2025,2,,,55.40,seconds,UCF Black & Gold Challenge,2025-03-21,,,,Outdoor,https://www.tfrrs.org/results/87054/5462774/UCF_Black__Gold_Challenge/400-Meters,TFRRS all_performances
"Bradley, A'Laji",Kentucky,SEC,400m,2025,1,,,54.24,seconds,2025 Jim Click Shootout & Multis,2025-04-04,,,,Outdoor,https://www.tfrrs.org/results/89574/5511352/_2025_Jim_Click_Shootout__Multis/400-Meters,TFRRS all_performances
"Johnson, Alysia",Kentucky,SEC,400m,2025,4,,,52.82,seconds,2025 Jim Click Shootout & Multis,2025-04-04,,,,Outdoor,https://www.tfrrs.org/results/89574/5511352/_2025_Jim_Click_Shootout__Multis/400-Meters,TFRRS all_performances
"McAnnuff, Oneika",Kentucky,SEC,400m,2025,2,,,51.96,seconds,2025 Jim Click Shootout & Multis,2025-04-04,,,,Outdoor,https://www.tfrrs.org/results/89574/5511352/_2025_Jim_Click_Shootout__Multis/400-Meters,TFRRS all_performances
"McClellan, JahQueen",Kentucky,SEC,400m,2025,2,,,55.00,seconds,2025 Jim Click Shootout & Multis,2025-04-04,,,,Outdoor,https://www.tfrrs.org/results/89574/5511352/_2025_Jim_Click_Shootout__Multis/400-Meters,TFRRS all_performances
"Bradley, A'Laji",Kentucky,SEC,400m,2025,1,,,54.11,seconds,Tom Jones Invitational,2025-04-18,,,,Outdoor,https://www.tfrrs.org/results/91823/5651934/Tom_Jones_Invitational/400-Meters,TFRRS all_performances
"Johnson, Alysia",Kentucky,SEC,400m,2025,4,,,51.78,seconds,Tom Jones Invitational,2025-04-18,,,,Outdoor,https://www.tfrrs.org/results/91823/5651936/Tom_Jones_Invitational/400-Meters,TFRRS all_performances
"McAnnuff, Oneika",Kentucky,SEC,400m,2025,2,,,52.27,seconds,Tom Jones Invitational,2025-04-18,,,,Outdoor,https://www.tfrrs.org/results/91823/5651936/Tom_Jones_Invitational/400-Meters,TFRRS all_performances
"McClellan, JahQueen",Kentucky,SEC,400m,2025,2,,,53.95,seconds,Tom Jones Invitational,2025-04-18,,,,Outdoor,https://www.tfrrs.org/results/91823/5651934/Tom_Jones_Invitational/400-Meters,TFRRS all_performances
"Bradley, A'Laji",Kentucky,SEC,400m,2025,1,,,54.03,seconds,Jim Green Invitational,2025-05-02,,,,Outdoor,https://www.tfrrs.org/results/92296/5630345/Jim_Green_Invitational/400-Meters,TFRRS all_performances
"Johnson, Alysia",Kentucky,SEC,400m,2025,4,,,52.17,seconds,Jim Green Invitational,2025-05-02,,,,Outdoor,https://www.tfrrs.org/results/92296/5630345/Jim_Green_Invitational/400-Meters,TFRRS all_performances
"McAnnuff, Oneika",Kentucky,SEC,400m,2025,2,,,52.37,seconds,Jim Green Invitational,2025-05-02,,,,Outdoor,https://www.tfrrs.org/results/92296/5630345/Jim_Green_Invitational/400-Meters,TFRRS all_performances
"McClellan, JahQueen",Kentucky,SEC,400m,2025,2,,,55.13,seconds,Jim Green Invitational,2025-05-02,,,,Outdoor,https://www.tfrrs.org/results/92296/5630345/Jim_Green_Invitational/400-Meters,TFRRS all_performances
"Bradley, A'Laji",Kentucky,SEC,400m,2025,1,,,52.71,seconds,SEC Outdoor Track & Field Championships,2025-05-15,,,,Outdoor,https://www.tfrrs.org/results/92589/5664581/SEC_Outdoor_Track__Field_Championships/400-Meters,TFRRS all_performances
"Johnson, Alysia",Kentucky,SEC,400m,2025,4,,,51.91,seconds,SEC Outdoor Track & Field Championships,2025-05-15,,,,Outdoor,https://www.tfrrs.org/results/92589/5664581/SEC_Outdoor_Track__Field_Championships/400-Meters,TFRRS all_performances
"Johnson, Alysia",Kentucky,SEC,400m,2025,4,,,53.43,seconds,SEC Outdoor Track & Field Championships,2025-05-15,,,,Outdoor,https://www.tfrrs.org/results/92589/5664581/SEC_Outdoor_Track__Field_Championships/400-Meters,TFRRS all_performances
"McAnnuff, Oneika",Kentucky,SEC,400m,2025,2,,,53.12,seconds,SEC Outdoor Track & Field Championships,2025-05-15,,,,Outdoor,https://www.tfrrs.org/results/92589/5664581/SEC_Outdoor_Track__Field_Championships/400-Meters,TFRRS all_performances
"McClellan, JahQueen",Kentucky,SEC,400m,2025,2,,,53.67,seconds,SEC Outdoor Track & Field Championships,2025-05-15,,,,Outdoor,https://www.tfrrs.org/results/92589/5664581/SEC_Outdoor_Track__Field_Championships/400-Meters,TFRRS all_performances
"Bradley, A'Laji",Kentucky,SEC,400m,2025,1,,,55.02,seconds,NCAA Division I East First Round,2025-05-28,,,,Outdoor,https://www.tfrrs.org/results/92620/5669363/NCAA_Division_I_East_First_Round/400-Meters,TFRRS all_performances
"Johnson, Alysia",Kentucky,SEC,400m,2025,4,,,51.53,seconds,NCAA Division I East First Round,2025-05-28,,,,Outdoor,https://www.tfrrs.org/results/92620/5669363/NCAA_Division_I_East_First_Round/400-Meters,TFRRS all_performances
"Johnson, Alysia",Kentucky,SEC,400m,2025,4,,,52.45,seconds,NCAA Division I East First Round,2025-05-28,,,,Outdoor,https://www.tfrrs.org/results/92620/5669363/NCAA_Division_I_East_First_Round/400-Meters,TFRRS all_performances
"Ford, JaMeesia",South Carolina,SEC,400m,2025,2,,,50.43,seconds,Florida Relays,2025-04-04,,,,Outdoor,https://www.tfrrs.org/results/91170/5650395/Florida_Relays/400-Meters,TFRRS all_performances
"Hamilton, Joslyn",South Carolina,SEC,400m,2025,1,,,55.75,seconds,Florida Relays,2025-04-04,,,,Outdoor,https://www.tfrrs.org/results/91170/5650395/Florida_Relays/400-Meters,TFRRS all_performances
"Akins, Zaya",South Carolina,SEC,400m,2025,2,,,51.45,seconds,Gamecock Invite 2025,2025-04-12,,,,Outdoor,https://www.tfrrs.org/results/89590/5541098/Gamecock_Invite_2025/400-Meters,TFRRS all_performances
"Chelangat, Sylvia",South Carolina,SEC,400m,2025,3,,,54.06,seconds,Gamecock Invite 2025,2025-04-12,,,,Outdoor,https://www.tfrrs.org/results/89590/5541098/Gamecock_Invite_2025/400-Meters,TFRRS all_performances
"Hamilton, Joslyn",South Carolina,SEC,400m,2025,1,,,55.77,seconds,Gamecock Invite 2025,2025-04-12,,,,Outdoor,https://www.tfrrs.org/results/89590/5541098/Gamecock_Invite_2025/400-Meters,TFRRS all_performances
"Rivas, Imani",South Carolina,SEC,400m,2025,4,,,57.57,seconds,Gamecock Invite 2025,2025-04-12,,,,Outdoor,https://www.tfrrs.org/results/89590/5541098/Gamecock_Invite_2025/400-Meters,TFRRS all_performances
"Akins, Zaya",South Carolina,SEC,400m,2025,2,,,52.38,seconds,2025 Charlotte Invitational,2025-04-25,,,,Outdoor,https://www.tfrrs.org/results/90756/5605923/2025_Charlotte_Invitational/400-Meters,TFRRS all_performances
"Ford, JaMeesia",South Carolina,SEC,400m,2025,2,,,51.09,seconds,2025 Charlotte Invitational,2025-04-25,,,,Outdoor,https://www.tfrrs.org/results/90756/5605923/2025_Charlotte_Invitational/400-Meters,TFRRS all_performances
"Akins, Zaya",South Carolina,SEC,400m,2025,2,,,51.34,seconds,East Coast Relays,2025-05-02,,,,Outdoor,https://www.tfrrs.org/results/87164/5621806/East_Coast_Relays/400-Meters,TFRRS all_performances
"Akins, Zaya",South Carolina,SEC,400m,2025,2,,,51.96,seconds,SEC Outdoor Track & Field Championships,2025-05-15,,,,Outdoor,https://www.tfrrs.org/results/92589/5664581/SEC_Outdoor_Track__Field_Championships/400-Meters,TFRRS all_performances
"Akins, Zaya",South Carolina,SEC,400m,2025,2,,,52.33,seconds,SEC Outdoor Track & Field Championships,2025-05-15,,,,Outdoor,https://www.tfrrs.org/results/92589/5664581/SEC_Outdoor_Track__Field_Championships/400-Meters,TFRRS all_performances
"Akins, Zaya",South Carolina,SEC,400m,2025,2,,,51.56,seconds,NCAA Division I East First Round,2025-05-28,,,,Outdoor,https://www.tfrrs.org/results/92620/5669363/NCAA_Division_I_East_First_Round/400-Meters,TFRRS all_performances
"Akins, Zaya",South Carolina,SEC,400m,2025,2,,,51.77,seconds,NCAA Division I East First Round,2025-05-28,,,,Outdoor,https://www.tfrrs.org/results/92620/5669363/NCAA_Division_I_East_First_Round/400-Meters,TFRRS all_performances
"Akins, Zaya",South Carolina,SEC,400m,2025,2,,,51.40,seconds,NCAA Division I Outdoor Track & Field Championships,2025-06-11,,,,Outdoor,https://www.tfrrs.org/results/92668/5672540/NCAA_Division_I_Outdoor_Track__Field_Championships/400-Meters,TFRRS all_performances
"Buelow, Brynn",Clemson,ACC,400m,2026,1,,,54.82,s,UCF Black & Gold Challenge,2026-03-20,,,,Outdoor,https://www.tfrrs.org/results/92770/5856947/UCF_Black__Gold_Challenge/400-Meters,TFRRS all_performances
"Spoor, Danya",Clemson,ACC,400m,2026,1,,,56.60,s,UCF Black & Gold Challenge,2026-03-20,,,,Outdoor,https://www.tfrrs.org/results/92770/5856947/UCF_Black__Gold_Challenge/400-Meters,TFRRS all_performances
"Williams, Shanque",Clemson,ACC,400m,2026,2,,,55.42,s,UCF Black & Gold Challenge,2026-03-20,,,,Outdoor,https://www.tfrrs.org/results/92770/5856947/UCF_Black__Gold_Challenge/400-Meters,TFRRS all_performances
"Buelow, Brynn",Clemson,ACC,400m,2026,1,,,53.64,s,Tom Jones Memorial,2026-04-16,,,,Outdoor,https://www.tfrrs.org/results/96536/5940561/Tom_Jones_Memorial/400-Meters,TFRRS all_performances
"Williams, Shanque",Clemson,ACC,400m,2026,2,,,52.21,s,Tom Jones Memorial,2026-04-16,,,,Outdoor,https://www.tfrrs.org/results/96536/5940563/Tom_Jones_Memorial/400-Meters,TFRRS all_performances
"Clarke Giddings, Shaneal",Clemson,ACC,400m,2026,3,,,55.25,s,Duke Twilight,2026-05-03,,,,Outdoor,https://www.tfrrs.org/results/94718/5980827/Duke_Twilight/400-Meters,TFRRS all_performances
"Buelow, Brynn",Clemson,ACC,400m,2026,1,,,54.74,s,2026 ACC Outdoor Track & Field Championships,2026-05-14,,,,Outdoor,https://www.tfrrs.org/results/95975/5999287/2026_ACC_Outdoor_Track__Field_Championships/400-Meters,TFRRS all_performances
"Williams, Shanque",Clemson,ACC,400m,2026,2,,,53.12,s,2026 ACC Outdoor Track & Field Championships,2026-05-14,,,,Outdoor,https://www.tfrrs.org/results/95975/5999287/2026_ACC_Outdoor_Track__Field_Championships/400-Meters,TFRRS all_performances
"Williams, Shanque",Clemson,ACC,400m,2026,2,,,53.24,s,2026 ACC Outdoor Track & Field Championships,2026-05-14,,,,Outdoor,https://www.tfrrs.org/results/95975/5999287/2026_ACC_Outdoor_Track__Field_Championships/400-Meters,TFRRS all_performances
"Williams, Shanque",Clemson,ACC,400m,2026,2,,,52.77,s,NCAA Division I East First Rounds,2026-05-27,,,,Outdoor,https://www.tfrrs.org/results/96716/6004543/NCAA_Division_I_East_First_Rounds/400-Meters,TFRRS all_performances
"Goggans, Bailey",Duke,ACC,400m,2026,4,,,54.88,s,Bob Davidson Team Challenge presented by Norris Woody,2026-03-20,,,,Outdoor,https://www.tfrrs.org/results/94247/5860350/Bob_Davidson_Team_Challenge_presented_by_Norris_Woody/400-Meters,TFRRS all_performances
"Wimbish, Amber",Duke,ACC,400m,2026,2,,,54.32,s,Bob Davidson Team Challenge presented by Norris Woody,2026-03-20,,,,Outdoor,https://www.tfrrs.org/results/94247/5860350/Bob_Davidson_Team_Challenge_presented_by_Norris_Woody/400-Meters,TFRRS all_performances
"Aska, Taylor",Duke,ACC,400m,2026,1,,,54.31,s,Raleigh Relays,2026-03-26,,,,Outdoor,https://www.tfrrs.org/results/94354/5877083/Raleigh_Relays/400-Meters,TFRRS all_performances
"Baker, Braelyn",Duke,ACC,400m,2026,2,,,50.80,s,Raleigh Relays,2026-03-26,,,,Outdoor,https://www.tfrrs.org/results/94354/5877083/Raleigh_Relays/400-Meters,TFRRS all_performances
"Tarpeh, Johrdyn",Duke,ACC,400m,2026,4,,,57.26,s,Raleigh Relays,2026-03-26,,,,Outdoor,https://www.tfrrs.org/results/94354/5877083/Raleigh_Relays/400-Meters,TFRRS all_performances
"Tolbert, Lauren",Duke,ACC,400m,2026,4,,,51.30,s,Raleigh Relays,2026-03-26,,,,Outdoor,https://www.tfrrs.org/results/94354/5877083/Raleigh_Relays/400-Meters,TFRRS all_performances
"Wallenstrom, Samantha",Duke,ACC,400m,2026,4,,,58.05,s,Raleigh Relays,2026-03-26,,,,Outdoor,https://www.tfrrs.org/results/94354/5877083/Raleigh_Relays/400-Meters,TFRRS all_performances
"Wimbish, Amber",Duke,ACC,400m,2026,2,,,54.05,s,Raleigh Relays,2026-03-26,,,,Outdoor,https://www.tfrrs.org/results/94354/5877083/Raleigh_Relays/400-Meters,TFRRS all_performances
"Aska, Taylor",Duke,ACC,400m,2026,1,,,56.51,s,Duke Invitational,2026-04-10,,,,Outdoor,https://www.tfrrs.org/results/94715/5980683/Duke_Invitational/400-Meters,TFRRS all_performances
"Jackson, Julia",Duke,ACC,400m,2026,4,,,53.25,s,Duke Invitational,2026-04-10,,,,Outdoor,https://www.tfrrs.org/results/94715/5980683/Duke_Invitational/400-Meters,TFRRS all_performances
"Aska, Taylor",Duke,ACC,400m,2026,1,,,55.17,s,Tom Jones Memorial,2026-04-16,,,,Outdoor,https://www.tfrrs.org/results/96536/5940561/Tom_Jones_Memorial/400-Meters,TFRRS all_performances
"Jackson, Julia",Duke,ACC,400m,2026,4,,,53.21,s,Tom Jones Memorial,2026-04-16,,,,Outdoor,https://www.tfrrs.org/results/96536/5940563/Tom_Jones_Memorial/400-Meters,TFRRS all_performances
"Wilson, Arabella",Duke,ACC,400m,2026,1,,,54.69,s,Tom Jones Memorial,2026-04-16,,,,Outdoor,https://www.tfrrs.org/results/96536/5940561/Tom_Jones_Memorial/400-Meters,TFRRS all_performances
"Wimbish, Amber",Duke,ACC,400m,2026,2,,,55.00,s,Tom Jones Memorial,2026-04-16,,,,Outdoor,https://www.tfrrs.org/results/96536/5940561/Tom_Jones_Memorial/400-Meters,TFRRS all_performances
"Aska, Taylor",Duke,ACC,400m,2026,1,,,55.22,s,Duke Twilight,2026-05-03,,,,Outdoor,https://www.tfrrs.org/results/94718/5980827/Duke_Twilight/400-Meters,TFRRS all_performances
"Baker, Braelyn",Duke,ACC,400m,2026,2,,,51.41,s,2026 ACC Outdoor Track & Field Championships,2026-05-14,,,,Outdoor,https://www.tfrrs.org/results/95975/5999287/2026_ACC_Outdoor_Track__Field_Championships/400-Meters,TFRRS all_performances
"Baker, Braelyn",Duke,ACC,400m,2026,2,,,52.03,s,2026 ACC Outdoor Track & Field Championships,2026-05-14,,,,Outdoor,https://www.tfrrs.org/results/95975/5999287/2026_ACC_Outdoor_Track__Field_Championships/400-Meters,TFRRS all_performances
"Jackson, Julia",Duke,ACC,400m,2026,4,,,55.36,s,2026 ACC Outdoor Track & Field Championships,2026-05-14,,,,Outdoor,https://www.tfrrs.org/results/95975/5999287/2026_ACC_Outdoor_Track__Field_Championships/400-Meters,TFRRS all_performances
"Baker, Braelyn",Duke,ACC,400m,2026,2,,,50.89,s,NCAA Division I East First Rounds,2026-05-27,,,,Outdoor,https://www.tfrrs.org/results/96716/6004543/NCAA_Division_I_East_First_Rounds/400-Meters,TFRRS all_performances
"Baker, Braelyn",Duke,ACC,400m,2026,2,,,51.62,s,NCAA Division I East First Rounds,2026-05-27,,,,Outdoor,https://www.tfrrs.org/results/96716/6004543/NCAA_Division_I_East_First_Rounds/400-Meters,TFRRS all_performances
"Baker, Braelyn",Duke,ACC,400m,2026,2,,,51.15,s,NCAA Division I Outdoor Track & Field Championships,2026-06-10,,,,Outdoor,https://www.tfrrs.org/results/96875/6005718/NCAA_Division_I_Outdoor_Track__Field_Championships/400-Meters,TFRRS all_performances
"Baker, Braelyn",Duke,ACC,400m,2026,2,,,51.67,s,NCAA Division I Outdoor Track & Field Championships,2026-06-10,,,,Outdoor,https://www.tfrrs.org/results/96875/6005718/NCAA_Division_I_Outdoor_Track__Field_Championships/400-Meters,TFRRS all_performances
"Liburd, Kaelyaah",Florida State,ACC,400m,2026,3,,,53.74,s,2026 ACC Outdoor Track & Field Championships,2026-05-14,,,,Outdoor,https://www.tfrrs.org/results/95975/5999287/2026_ACC_Outdoor_Track__Field_Championships/400-Meters,TFRRS all_performances
"Liburd, Kaelyaah",Florida State,ACC,400m,2026,3,,,57.52,s,2026 ACC Outdoor Track & Field Championships,2026-05-14,,,,Outdoor,https://www.tfrrs.org/results/95975/5999287/2026_ACC_Outdoor_Track__Field_Championships/400-Meters,TFRRS all_performances
"Hinton, Sage",Stanford,ACC,400m,2026,3,,,55.36,s,Cal Invitational 2026,2026-03-20,,,,Outdoor,https://www.tfrrs.org/results/95597/5859311/Cal_Invitational_2026/400-Meters,TFRRS all_performances
"Rutherford, Hannah",Stanford,ACC,400m,2026,1,,,54.98,s,Cal Invitational 2026,2026-03-20,,,,Outdoor,https://www.tfrrs.org/results/95597/5859311/Cal_Invitational_2026/400-Meters,TFRRS all_performances
"Hinton, Sage",Stanford,ACC,400m,2026,3,,,55.33,s,Stanford Invitational,2026-04-03,,,,Outdoor,https://www.tfrrs.org/results/95354/5900590/Stanford_Invitational/400-Meters,TFRRS all_performances
"Peters, Cate",Stanford,ACC,400m,2026,3,,,56.20,s,Stanford Invitational,2026-04-03,,,,Outdoor,https://www.tfrrs.org/results/95354/5900590/Stanford_Invitational/400-Meters,TFRRS all_performances
"Rutherford, Hannah",Stanford,ACC,400m,2026,1,,,55.37,s,Stanford Invitational,2026-04-03,,,,Outdoor,https://www.tfrrs.org/results/95354/5900590/Stanford_Invitational/400-Meters,TFRRS all_performances
"Hinton, Sage",Stanford,ACC,400m,2026,3,,,56.25,s,The 131st Big Meet,2026-04-11,,,,Outdoor,https://www.tfrrs.org/results/95706/5929127/The_131st_Big_Meet/400-Meters,TFRRS all_performances
"Littlewood, Catherine",Stanford,ACC,400m,2026,2,,,59.97,s,The 131st Big Meet,2026-04-11,,,,Outdoor,https://www.tfrrs.org/results/95706/5929127/The_131st_Big_Meet/400-Meters,TFRRS all_performances
"Peters, Cate",Stanford,ACC,400m,2026,3,,,56.06,s,The 131st Big Meet,2026-04-11,,,,Outdoor,https://www.tfrrs.org/results/95706/5929127/The_131st_Big_Meet/400-Meters,TFRRS all_performances
"Rutherford, Hannah",Stanford,ACC,400m,2026,1,,,57.20,s,The 131st Big Meet,2026-04-11,,,,Outdoor,https://www.tfrrs.org/results/95706/5929127/The_131st_Big_Meet/400-Meters,TFRRS all_performances
"Whittaker, Juliette",Stanford,ACC,400m,2026,4,,,53.99,s,The 131st Big Meet,2026-04-11,,,,Outdoor,https://www.tfrrs.org/results/95706/5929127/The_131st_Big_Meet/400-Meters,TFRRS all_performances
"Hinton, Sage",Stanford,ACC,400m,2026,3,,,55.34,s,66th Annual Mt. SAC Relays,2026-04-15,,,,Outdoor,https://www.tfrrs.org/results/95455/5966527/66th_Annual_Mt_SAC_Relays/400-Meters,TFRRS all_performances
"Peters, Cate",Stanford,ACC,400m,2026,3,,,56.44,s,66th Annual Mt. SAC Relays,2026-04-15,,,,Outdoor,https://www.tfrrs.org/results/95455/5966527/66th_Annual_Mt_SAC_Relays/400-Meters,TFRRS all_performances
"Rutherford, Hannah",Stanford,ACC,400m,2026,1,,,55.40,s,66th Annual Mt. SAC Relays,2026-04-15,,,,Outdoor,https://www.tfrrs.org/results/95455/5966527/66th_Annual_Mt_SAC_Relays/400-Meters,TFRRS all_performances
"Hinton, Sage",Stanford,ACC,400m,2026,3,,,54.99,s,Payton Jordan Invitational,2026-05-01,,,,Outdoor,https://www.tfrrs.org/results/95567/5984691/Payton_Jordan_Invitational/400-Meters,TFRRS all_performances
"Peters, Cate",Stanford,ACC,400m,2026,3,,,55.89,s,Payton Jordan Invitational,2026-05-01,,,,Outdoor,https://www.tfrrs.org/results/95567/5984691/Payton_Jordan_Invitational/400-Meters,TFRRS all_performances
"Rutherford, Hannah",Stanford,ACC,400m,2026,1,,,55.10,s,Payton Jordan Invitational,2026-05-01,,,,Outdoor,https://www.tfrrs.org/results/95567/5984691/Payton_Jordan_Invitational/400-Meters,TFRRS all_performances
"Daniels, Tori",Virginia,ACC,400m,2026,3,,,58.94,s,Virginia Opener,2026-03-21,,,,Outdoor,https://www.tfrrs.org/results/95485/5857669/Virginia_Opener/400-Meters,TFRRS all_performances
"Fletcher, Ariel",Virginia,ACC,400m,2026,3,,,55.12,s,Virginia Opener,2026-03-21,,,,Outdoor,https://www.tfrrs.org/results/95485/5857669/Virginia_Opener/400-Meters,TFRRS all_performances
"Boateng, Amanda",Virginia,ACC,400m,2026,2,,,1:00.04,s,Virginia Grand Prix,2026-04-03,,,,Outdoor,https://www.tfrrs.org/results/95486/5893361/Virginia_Grand_Prix/400-Meters,TFRRS all_performances
"Daniels, Tori",Virginia,ACC,400m,2026,3,,,1:01.05,s,Virginia Grand Prix,2026-04-03,,,,Outdoor,https://www.tfrrs.org/results/95486/5893361/Virginia_Grand_Prix/400-Meters,TFRRS all_performances
"Drakeford, Brooke'Lyn",Virginia,ACC,400m,2026,3,,,55.58,s,Virginia Grand Prix,2026-04-03,,,,Outdoor,https://www.tfrrs.org/results/95486/5893361/Virginia_Grand_Prix/400-Meters,TFRRS all_performances
"Fletcher, Ariel",Virginia,ACC,400m,2026,3,,,54.35,s,Virginia Grand Prix,2026-04-03,,,,Outdoor,https://www.tfrrs.org/results/95486/5893361/Virginia_Grand_Prix/400-Meters,TFRRS all_performances
"Swift, Kaela",Virginia,ACC,400m,2026,2,,,56.97,s,Virginia Grand Prix,2026-04-03,,,,Outdoor,https://www.tfrrs.org/results/95486/5893361/Virginia_Grand_Prix/400-Meters,TFRRS all_performances
"Fletcher, Ariel",Virginia,ACC,400m,2026,3,,,54.57,s,Duke Invitational,2026-04-10,,,,Outdoor,https://www.tfrrs.org/results/94715/5980683/Duke_Invitational/400-Meters,TFRRS all_performances
"Fletcher, Ariel",Virginia,ACC,400m,2026,3,,,53.76,s,Virginia Challenge,2026-04-17,,,,Outdoor,https://www.tfrrs.org/results/95487/5942908/Virginia_Challenge/400-Meters,TFRRS all_performances
"Fletcher, Ariel",Virginia,ACC,400m,2026,3,,,54.13,s,2026 ACC Outdoor Track & Field Championships,2026-05-14,,,,Outdoor,https://www.tfrrs.org/results/95975/5999287/2026_ACC_Outdoor_Track__Field_Championships/400-Meters,TFRRS all_performances
"Fletcher, Ariel",Virginia,ACC,400m,2026,3,,,54.81,s,2026 ACC Outdoor Track & Field Championships,2026-05-14,,,,Outdoor,https://www.tfrrs.org/results/95975/5999287/2026_ACC_Outdoor_Track__Field_Championships/400-Meters,TFRRS all_performances
"Aguilar-Perez, Camila",Arizona,Big 12,400m,2026,4,,,55.94,seconds,Dual In the Desert,2026-04-11,,,,Outdoor,https://www.tfrrs.org/results/96197/5937175/Dual_In_the_Desert/400-Meters,TFRRS all_performances
"Lyons, Brooke",Arizona,Big 12,400m,2026,3,,,53.29,seconds,Dual In the Desert,2026-04-11,,,,Outdoor,https://www.tfrrs.org/results/96197/5937175/Dual_In_the_Desert/400-Meters,TFRRS all_performances
"Aguilar-Perez, Camila",Arizona,Big 12,400m,2026,4,,,56.11,seconds,66th Annual Mt. SAC Relays,2026-04-15,,,,Outdoor,https://www.tfrrs.org/results/95455/5966527/66th_Annual_Mt_SAC_Relays/400-Meters,TFRRS all_performances
"Nordman, Brooke",Arizona,Big 12,400m,2026,3,,,55.48,seconds,66th Annual Mt. SAC Relays,2026-04-15,,,,Outdoor,https://www.tfrrs.org/results/95455/5966527/66th_Annual_Mt_SAC_Relays/400-Meters,TFRRS all_performances
"Aguilar-Perez, Camila",Arizona,Big 12,400m,2026,4,,,55.39,seconds,Desert Heat Classic,2026-05-02,,,,Outdoor,https://www.tfrrs.org/results/96521/5999905/Desert_Heat_Classic/400-Meters,TFRRS all_performances
"Aguilar-Perez, Camila",Arizona,Big 12,400m,2026,4,,,56.48,seconds,Big 12 Outdoor Track & Field Championships,2026-05-14,,,,Outdoor,https://www.tfrrs.org/results/94673/5999840/Big_12_Outdoor_Track__Field_Championships/400-Meters,TFRRS all_performances
"McEuen, Kali",BYU,Big 12,400m,2026,4,,,54.90,seconds,Utah Tech Invitational,2026-03-21,,,,Outdoor,https://www.tfrrs.org/results/94597/5862667/Utah_Tech_Invitational/400-Meters,TFRRS all_performances
"Rasmussen, Paje",BYU,Big 12,400m,2026,3,,,54.06,seconds,Utah Tech Invitational,2026-03-21,,,,Outdoor,https://www.tfrrs.org/results/94597/5862667/Utah_Tech_Invitational/400-Meters,TFRRS all_performances
"Barber, Marianne",BYU,Big 12,400m,2026,2,,,53.51,seconds,Trojan Invite,2026-03-27,,,,Outdoor,https://www.tfrrs.org/results/95520/5875992/Trojan_Invite/400-Meters,TFRRS all_performances
"Hasler, Cambria",BYU,Big 12,400m,2026,1,,,56.37,seconds,Trojan Invite,2026-03-27,,,,Outdoor,https://www.tfrrs.org/results/95520/5875992/Trojan_Invite/400-Meters,TFRRS all_performances
"Hasler, Cambria",BYU,Big 12,400m,2026,1,,,55.57,seconds,Beach Invitational,2026-04-17,,,,Outdoor,https://www.tfrrs.org/results/95723/5946347/Beach_Invitational_/400-Meters,TFRRS all_performances
"Hasler, Cambria",BYU,Big 12,400m,2026,1,,,54.72,seconds,Aggie Invitational,2026-04-24,,,,Outdoor,https://www.tfrrs.org/results/95003/5973424/Aggie_Invitational/400-Meters,TFRRS all_performances
"Hasler, Cambria",BYU,Big 12,400m,2026,1,,,53.85,seconds,2026 BYU Robison Invitational,2026-04-29,,,,Outdoor,https://www.tfrrs.org/results/95275/5977300/2026_BYU_Robison_Invitational/400-Meters,TFRRS all_performances
"Barber, Marianne",BYU,Big 12,400m,2026,2,,,53.57,seconds,Big 12 Outdoor Track & Field Championships,2026-05-14,,,,Outdoor,https://www.tfrrs.org/results/94673/5999840/Big_12_Outdoor_Track__Field_Championships/400-Meters,TFRRS all_performances
"Hasler, Cambria",BYU,Big 12,400m,2026,1,,,54.13,seconds,Big 12 Outdoor Track & Field Championships,2026-05-14,,,,Outdoor,https://www.tfrrs.org/results/94673/5999840/Big_12_Outdoor_Track__Field_Championships/400-Meters,TFRRS all_performances
"Jones, Alyssa",Baylor,Big 12,400m,2026,1,,,55.23,seconds,TCU Alumni Invitational,2026-03-20,,,,Outdoor,https://www.tfrrs.org/results/93600/5860148/TCU_Alumni_Invitational/400-Meters,TFRRS all_performances
"Browne, Mackenize",Baylor,Big 12,400m,2026,3,,,57.33,seconds,Clyde Hart Classic,2026-03-27,,,,Outdoor,https://www.tfrrs.org/results/92784/5903934/Clyde_Hart_Classic/400-Meters,TFRRS all_performances
"Mathew, Sameena",Baylor,Big 12,400m,2026,2,,,56.05,seconds,Clyde Hart Classic,2026-03-27,,,,Outdoor,https://www.tfrrs.org/results/92784/5903934/Clyde_Hart_Classic/400-Meters,TFRRS all_performances
"Browne, Mackenize",Baylor,Big 12,400m,2026,3,,,56.53,seconds,Baylor Invitational,2026-04-10,,,,Outdoor,https://www.tfrrs.org/results/92815/5913086/Baylor_Invitational/400-Meters,TFRRS all_performances
"Kinchen, Aaryona",Baylor,Big 12,400m,2026,2,,,54.94,seconds,Baylor Invitational,2026-04-10,,,,Outdoor,https://www.tfrrs.org/results/92815/5913086/Baylor_Invitational/400-Meters,TFRRS all_performances
"Mathew, Sameena",Baylor,Big 12,400m,2026,2,,,56.35,seconds,Baylor Invitational,2026-04-10,,,,Outdoor,https://www.tfrrs.org/results/92815/5913086/Baylor_Invitational/400-Meters,TFRRS all_performances
"Yourish, Cymia",Baylor,Big 12,400m,2026,1,,,56.66,seconds,Baylor Invitational,2026-04-10,,,,Outdoor,https://www.tfrrs.org/results/92815/5913086/Baylor_Invitational/400-Meters,TFRRS all_performances
"Kinchen, Aaryona",Baylor,Big 12,400m,2026,2,,,54.98,seconds,Tom Jones Memorial,2026-04-16,,,,Outdoor,https://www.tfrrs.org/results/96536/5940561/Tom_Jones_Memorial/400-Meters,TFRRS all_performances
"Edwards, Jada",Baylor,Big 12,400m,2026,1,,,54.46,seconds,Michael Johnson Invitational,2026-04-24,,,,Outdoor,https://www.tfrrs.org/results/92814/5961970/Michael_Johnson_Invitational/400-Meters,TFRRS all_performances
"Kinchen, Aaryona",Baylor,Big 12,400m,2026,2,,,55.65,seconds,Michael Johnson Invitational,2026-04-24,,,,Outdoor,https://www.tfrrs.org/results/92814/5961970/Michael_Johnson_Invitational/400-Meters,TFRRS all_performances
"Mathew, Sameena",Baylor,Big 12,400m,2026,2,,,56.59,seconds,Michael Johnson Invitational,2026-04-24,,,,Outdoor,https://www.tfrrs.org/results/92814/5961970/Michael_Johnson_Invitational/400-Meters,TFRRS all_performances
"Yourish, Cymia",Baylor,Big 12,400m,2026,1,,,56.13,seconds,Michael Johnson Invitational,2026-04-24,,,,Outdoor,https://www.tfrrs.org/results/92814/5961970/Michael_Johnson_Invitational/400-Meters,TFRRS all_performances
"Browne, Mackenize",Baylor,Big 12,400m,2026,3,,,57.18,seconds,2026 Alumni Muster,2026-05-01,,,,Outdoor,https://www.tfrrs.org/results/95784/5977259/2026_Alumni_Muster/400-Meters,TFRRS all_performances
"Edwards, Jada",Baylor,Big 12,400m,2026,1,,,53.55,seconds,2026 Alumni Muster,2026-05-01,,,,Outdoor,https://www.tfrrs.org/results/95784/5977259/2026_Alumni_Muster/400-Meters,TFRRS all_performances
"Jones, Alyssa",Baylor,Big 12,400m,2026,1,,,53.92,seconds,2026 Alumni Muster,2026-05-01,,,,Outdoor,https://www.tfrrs.org/results/95784/5977259/2026_Alumni_Muster/400-Meters,TFRRS all_performances
"Mathew, Sameena",Baylor,Big 12,400m,2026,2,,,56.37,seconds,2026 Alumni Muster,2026-05-01,,,,Outdoor,https://www.tfrrs.org/results/95784/5977259/2026_Alumni_Muster/400-Meters,TFRRS all_performances
"Edwards, Jada",Baylor,Big 12,400m,2026,1,,,54.36,seconds,Big 12 Outdoor Track & Field Championships,2026-05-14,,,,Outdoor,https://www.tfrrs.org/results/94673/5999840/Big_12_Outdoor_Track__Field_Championships/400-Meters,TFRRS all_performances
"Jones, Alyssa",Baylor,Big 12,400m,2026,1,,,54.98,seconds,Big 12 Outdoor Track & Field Championships,2026-05-14,,,,Outdoor,https://www.tfrrs.org/results/94673/5999840/Big_12_Outdoor_Track__Field_Championships/400-Meters,TFRRS all_performances
"Kinchen, Aaryona",Baylor,Big 12,400m,2026,2,,,55.70,seconds,Big 12 Outdoor Track & Field Championships,2026-05-14,,,,Outdoor,https://www.tfrrs.org/results/94673/5999840/Big_12_Outdoor_Track__Field_Championships/400-Meters,TFRRS all_performances
"David, Karynne",Iowa State,Big 12,400m,2026,2,,,56.83,seconds,Clyde Hart Classic,2026-03-27,,,,Outdoor,https://www.tfrrs.org/results/92784/5903934/Clyde_Hart_Classic/400-Meters,TFRRS all_performances
"Moon, Cameron",Iowa State,Big 12,400m,2026,3,,,58.14,seconds,Clyde Hart Classic,2026-03-27,,,,Outdoor,https://www.tfrrs.org/results/92784/5903934/Clyde_Hart_Classic/400-Meters,TFRRS all_performances
"Sandvig, Brooklyn",Iowa State,Big 12,400m,2026,3,,,56.86,seconds,Clyde Hart Classic,2026-03-27,,,,Outdoor,https://www.tfrrs.org/results/92784/5903934/Clyde_Hart_Classic/400-Meters,TFRRS all_performances
"David, Karynne",Iowa State,Big 12,400m,2026,2,,,55.41,seconds,Jim Duncan Invitational,2026-04-10,,,,Outdoor,https://www.tfrrs.org/results/96367/5924664/Jim_Duncan_Invitational/400-Meters,TFRRS all_performances
"Moon, Cameron",Iowa State,Big 12,400m,2026,3,,,57.43,seconds,Jim Duncan Invitational,2026-04-10,,,,Outdoor,https://www.tfrrs.org/results/96367/5924664/Jim_Duncan_Invitational/400-Meters,TFRRS all_performances
"Sandvig, Brooklyn",Iowa State,Big 12,400m,2026,3,,,56.63,seconds,Jim Duncan Invitational,2026-04-10,,,,Outdoor,https://www.tfrrs.org/results/96367/5924664/Jim_Duncan_Invitational/400-Meters,TFRRS all_performances
"Joseph, Rachel",Iowa State,Big 12,400m,2026,4,,,50.98,seconds,66th Annual Mt. SAC Relays,2026-04-15,,,,Outdoor,https://www.tfrrs.org/results/95455/5966568/66th_Annual_Mt_SAC_Relays/400-Meters,TFRRS all_performances
"David, Karynne",Iowa State,Big 12,400m,2026,2,,,55.03,seconds,2026 Alumni Muster,2026-05-01,,,,Outdoor,https://www.tfrrs.org/results/95784/5977259/2026_Alumni_Muster/400-Meters,TFRRS all_performances
"Joseph, Rachel",Iowa State,Big 12,400m,2026,4,,,50.55,seconds,2026 Alumni Muster,2026-05-01,,,,Outdoor,https://www.tfrrs.org/results/95784/5977259/2026_Alumni_Muster/400-Meters,TFRRS all_performances
"Moon, Cameron",Iowa State,Big 12,400m,2026,3,,,57.00,seconds,2026 Alumni Muster,2026-05-01,,,,Outdoor,https://www.tfrrs.org/results/95784/5977259/2026_Alumni_Muster/400-Meters,TFRRS all_performances
"David, Karynne",Iowa State,Big 12,400m,2026,2,,,55.18,seconds,Cyclone Twilight 2026,2026-05-08,,,,Outdoor,https://www.tfrrs.org/results/96810/5992344/Cyclone_Twilight_2026/400-Meters,TFRRS all_performances
"Moon, Cameron",Iowa State,Big 12,400m,2026,3,,,56.47,seconds,Cyclone Twilight 2026,2026-05-08,,,,Outdoor,https://www.tfrrs.org/results/96810/5992344/Cyclone_Twilight_2026/400-Meters,TFRRS all_performances
"Joseph, Rachel",Iowa State,Big 12,400m,2026,4,,,50.08,seconds,Big 12 Outdoor Track & Field Championships,2026-05-14,,,,Outdoor,https://www.tfrrs.org/results/94673/5999840/Big_12_Outdoor_Track__Field_Championships/400-Meters,TFRRS all_performances
"Joseph, Rachel",Iowa State,Big 12,400m,2026,4,,,50.49,seconds,Big 12 Outdoor Track & Field Championships,2026-05-14,,,,Outdoor,https://www.tfrrs.org/results/94673/5999840/Big_12_Outdoor_Track__Field_Championships/400-Meters,TFRRS all_performances
"Joseph, Rachel",Iowa State,Big 12,400m,2026,4,,,50.25,seconds,NCAA Division I West First Rounds,2026-05-27,,,,Outdoor,https://www.tfrrs.org/results/96717/6004609/NCAA_Division_I_West_First_Rounds/400-Meters,TFRRS all_performances
"Joseph, Rachel",Iowa State,Big 12,400m,2026,4,,,50.32,seconds,NCAA Division I West First Rounds,2026-05-27,,,,Outdoor,https://www.tfrrs.org/results/96717/6004609/NCAA_Division_I_West_First_Rounds/400-Meters,TFRRS all_performances
"Joseph, Rachel",Iowa State,Big 12,400m,2026,4,,,50.82,seconds,NCAA Division I Outdoor Track & Field Championships,2026-06-10,,,,Outdoor,https://www.tfrrs.org/results/96875/6005718/NCAA_Division_I_Outdoor_Track__Field_Championships/400-Meters,TFRRS all_performances
"Joseph, Rachel",Iowa State,Big 12,400m,2026,4,,,50.97,seconds,NCAA Division I Outdoor Track & Field Championships,2026-06-10,,,,Outdoor,https://www.tfrrs.org/results/96875/6005718/NCAA_Division_I_Outdoor_Track__Field_Championships/400-Meters,TFRRS all_performances
"Robinson, Jailah",Texas Tech,Big 12,400m,2026,1,,,56.64,seconds,Masked Rider Open,2026-03-26,,,,Outdoor,https://www.tfrrs.org/results/96010/5868304/Masked_Rider_Open/400-Meters,TFRRS all_performances
"Farrington, Collinique",Texas Tech,Big 12,400m,2026,4,,,52.80,seconds,Tom Jones Memorial,2026-04-16,,,,Outdoor,https://www.tfrrs.org/results/96536/5940563/Tom_Jones_Memorial/400-Meters,TFRRS all_performances
"Kelley, Mekenze",Texas Tech,Big 12,400m,2026,4,,,53.53,seconds,Tom Jones Memorial,2026-04-16,,,,Outdoor,https://www.tfrrs.org/results/96536/5940563/Tom_Jones_Memorial/400-Meters,TFRRS all_performances
"Omli, Harli",Texas Tech,Big 12,400m,2026,1,,,56.97,seconds,Tom Jones Memorial,2026-04-16,,,,Outdoor,https://www.tfrrs.org/results/96536/5940561/Tom_Jones_Memorial/400-Meters,TFRRS all_performances
"Robinson, Jailah",Texas Tech,Big 12,400m,2026,1,,,55.55,seconds,Michael Johnson Invitational,2026-04-24,,,,Outdoor,https://www.tfrrs.org/results/92814/5961970/Michael_Johnson_Invitational/400-Meters,TFRRS all_performances
"Arendt, Fanny",Texas Tech,Big 12,400m,2026,4,,,53.36,seconds,Corky/Crofoot Shootout,2026-04-30,,,,Outdoor,https://www.tfrrs.org/results/96729/5971267/Corky_Crofoot_Shootout/400-Meters,TFRRS all_performances
"Balde, Vanessa",Texas Tech,Big 12,400m,2026,4,,,53.13,seconds,Corky/Crofoot Shootout,2026-04-30,,,,Outdoor,https://www.tfrrs.org/results/96729/5971267/Corky_Crofoot_Shootout/400-Meters,TFRRS all_performances
"Umoibang, Mercy",Texas Tech,Big 12,400m,2026,4,,,56.34,seconds,Corky/Crofoot Shootout,2026-04-30,,,,Outdoor,https://www.tfrrs.org/results/96729/5971267/Corky_Crofoot_Shootout/400-Meters,TFRRS all_performances
"Farrington, Collinique",Texas Tech,Big 12,400m,2026,4,,,51.85,seconds,Big 12 Outdoor Track & Field Championships,2026-05-14,,,,Outdoor,https://www.tfrrs.org/results/94673/5999840/Big_12_Outdoor_Track__Field_Championships/400-Meters,TFRRS all_performances
"Farrington, Collinique",Texas Tech,Big 12,400m,2026,4,,,51.99,seconds,Big 12 Outdoor Track & Field Championships,2026-05-14,,,,Outdoor,https://www.tfrrs.org/results/94673/5999840/Big_12_Outdoor_Track__Field_Championships/400-Meters,TFRRS all_performances
"Kelley, Mekenze",Texas Tech,Big 12,400m,2026,4,,,52.17,seconds,Big 12 Outdoor Track & Field Championships,2026-05-14,,,,Outdoor,https://www.tfrrs.org/results/94673/5999840/Big_12_Outdoor_Track__Field_Championships/400-Meters,TFRRS all_performances
"Kelley, Mekenze",Texas Tech,Big 12,400m,2026,4,,,52.35,seconds,Big 12 Outdoor Track & Field Championships,2026-05-14,,,,Outdoor,https://www.tfrrs.org/results/94673/5999840/Big_12_Outdoor_Track__Field_Championships/400-Meters,TFRRS all_performances
"Robinson, Jailah",Texas Tech,Big 12,400m,2026,1,,,54.72,seconds,Big 12 Outdoor Track & Field Championships,2026-05-14,,,,Outdoor,https://www.tfrrs.org/results/94673/5999840/Big_12_Outdoor_Track__Field_Championships/400-Meters,TFRRS all_performances
"Farrington, Collinique",Texas Tech,Big 12,400m,2026,4,,,51.89,seconds,NCAA Division I West First Rounds,2026-05-27,,,,Outdoor,https://www.tfrrs.org/results/96717/6004609/NCAA_Division_I_West_First_Rounds/400-Meters,TFRRS all_performances
"Farrington, Collinique",Texas Tech,Big 12,400m,2026,4,,,52.30,seconds,NCAA Division I West First Rounds,2026-05-27,,,,Outdoor,https://www.tfrrs.org/results/96717/6004609/NCAA_Division_I_West_First_Rounds/400-Meters,TFRRS all_performances
"Kelley, Mekenze",Texas Tech,Big 12,400m,2026,4,,,52.69,seconds,NCAA Division I West First Rounds,2026-05-27,,,,Outdoor,https://www.tfrrs.org/results/96717/6004609/NCAA_Division_I_West_First_Rounds/400-Meters,TFRRS all_performances
"Farrington, Collinique",Texas Tech,Big 12,400m,2026,4,,,51.96,seconds,NCAA Division I Outdoor Track & Field Championships,2026-06-10,,,,Outdoor,https://www.tfrrs.org/results/96875/6005718/NCAA_Division_I_Outdoor_Track__Field_Championships/400-Meters,TFRRS all_performances
"Annan, Bridget",Illinois,Big Ten,400m,2026,3,,,57.12,seconds,Illini Tune-Up,2026-05-08,,,,Outdoor,https://www.tfrrs.org/results/96684/5988651/Illini_Tune-Up/400-Meters,TFRRS all_performances
"Oliver, Ashley",Illinois,Big Ten,400m,2026,4,,,55.28,seconds,Illini Tune-Up,2026-05-08,,,,Outdoor,https://www.tfrrs.org/results/96684/5988651/Illini_Tune-Up/400-Meters,TFRRS all_performances
"Medina, Luciana",Nebraska,Big Ten,400m,2026,2,,,57.17,seconds,Husker Spring Kick-Off,2026-04-03,,,,Outdoor,https://www.tfrrs.org/results/95763/5894896/Husker_Spring_Kick-Off/400-Meters,TFRRS all_performances
"Artley, Abrielle",Nebraska,Big Ten,400m,2026,3,,,53.30,seconds,Spec Towns Invitational,2026-04-09,,,,Outdoor,https://www.tfrrs.org/results/96380/5924738/Spec_Towns_Invitational/400-Meters,TFRRS all_performances
"Belquist, Kelsie",Nebraska,Big Ten,400m,2026,2,,,52.41,seconds,Spec Towns Invitational,2026-04-09,,,,Outdoor,https://www.tfrrs.org/results/96380/5924738/Spec_Towns_Invitational/400-Meters,TFRRS all_performances
"Artley, Abrielle",Nebraska,Big Ten,400m,2026,3,,,52.55,seconds,Desert Heat Classic,2026-05-02,,,,Outdoor,https://www.tfrrs.org/results/96521/5999905/Desert_Heat_Classic/400-Meters,TFRRS all_performances
"Massiah, Sakena",Nebraska,Big Ten,400m,2026,4,,,53.95,seconds,Desert Heat Classic,2026-05-02,,,,Outdoor,https://www.tfrrs.org/results/96521/5999905/Desert_Heat_Classic/400-Meters,TFRRS all_performances
"Medina, Luciana",Nebraska,Big Ten,400m,2026,2,,,56.38,seconds,Desert Heat Classic,2026-05-02,,,,Outdoor,https://www.tfrrs.org/results/96521/5999905/Desert_Heat_Classic/400-Meters,TFRRS all_performances
"Medina, Luciana",Nebraska,Big Ten,400m,2026,2,,,55.61,seconds,Nebraska Spring Tune-Up,2026-05-08,,,,Outdoor,https://www.tfrrs.org/results/96807/5993435/Nebraska_Spring_Tune-Up/400-Meters,TFRRS all_performances
"Massiah, Sakena",Nebraska,Big Ten,400m,2026,4,,,54.21,seconds,2026 Big Ten Outdoor Track & Field Championships,2026-05-15,,,,Outdoor,https://www.tfrrs.org/results/96121/6000072/2026_Big_Ten_Outdoor_Track__Field_Championships/400-Meters,TFRRS all_performances
"Doht-Barron, Lakely",Oregon,Big Ten,400m,2026,3,,,53.98,seconds,UNLV Rebel Elite (Roster Only),2026-04-03,,,,Outdoor,https://www.tfrrs.org/results/95841/5901919/UNLV_Rebel_Elite_Roster_Only/400-Meters,TFRRS all_performances
"Doht-Barron, Lakely",Oregon,Big Ten,400m,2026,3,,,54.36,seconds,Oregon Team Invitational,2026-04-17,,,,Outdoor,https://www.tfrrs.org/results/96113/5993736/Oregon_Team_Invitational/400-Meters,TFRRS all_performances
"Doht-Barron, Lakely",Oregon,Big Ten,400m,2026,3,,,52.71,seconds,Desert Heat Classic,2026-05-02,,,,Outdoor,https://www.tfrrs.org/results/96521/5999905/Desert_Heat_Classic/400-Meters,TFRRS all_performances
"Doht-Barron, Lakely",Oregon,Big Ten,400m,2026,3,,,52.69,seconds,2026 Big Ten Outdoor Track & Field Championships,2026-05-15,,,,Outdoor,https://www.tfrrs.org/results/96121/6000072/2026_Big_Ten_Outdoor_Track__Field_Championships/400-Meters,TFRRS all_performances
"Doht-Barron, Lakely",Oregon,Big Ten,400m,2026,3,,,52.97,seconds,NCAA Division I West First Rounds,2026-05-27,,,,Outdoor,https://www.tfrrs.org/results/96717/6004609/NCAA_Division_I_West_First_Rounds/400-Meters,TFRRS all_performances
"Cenci, Takiya",USC,Big Ten,400m,2026,4,,,53.80,seconds,Trojan Invite,2026-03-27,,,,Outdoor,https://www.tfrrs.org/results/95520/5875992/Trojan_Invite/400-Meters,TFRRS all_performances
"Mosby, Madison",USC,Big Ten,400m,2026,1,,,52.92,seconds,Trojan Invite,2026-03-27,,,,Outdoor,https://www.tfrrs.org/results/95520/5875992/Trojan_Invite/400-Meters,TFRRS all_performances
"Cenci, Takiya",USC,Big Ten,400m,2026,4,,,53.09,seconds,LSU Battle on the Bayou,2026-04-03,,,,Outdoor,https://www.tfrrs.org/results/93386/5904418/_LSU_Battle_on_the_Bayou/400-Meters,TFRRS all_performances
"Mosby, Madison",USC,Big Ten,400m,2026,1,,,54.03,seconds,LSU Battle on the Bayou,2026-04-03,,,,Outdoor,https://www.tfrrs.org/results/93386/5904418/_LSU_Battle_on_the_Bayou/400-Meters,TFRRS all_performances
"Whyte, Madison",USC,Big Ten,400m,2026,3,,,50.06,seconds,LSU Battle on the Bayou,2026-04-03,,,,Outdoor,https://www.tfrrs.org/results/93386/5904418/_LSU_Battle_on_the_Bayou/400-Meters,TFRRS all_performances
"Cenci, Takiya",USC,Big Ten,400m,2026,4,,,52.59,seconds,66th Annual Mt. SAC Relays,2026-04-15,,,,Outdoor,https://www.tfrrs.org/results/95455/5966527/66th_Annual_Mt_SAC_Relays/400-Meters,TFRRS all_performances
"Mosby, Madison",USC,Big Ten,400m,2026,1,,,53.08,seconds,66th Annual Mt. SAC Relays,2026-04-15,,,,Outdoor,https://www.tfrrs.org/results/95455/5966568/66th_Annual_Mt_SAC_Relays/400-Meters,TFRRS all_performances
"Trepagnier, Joelle",USC,Big Ten,400m,2026,1,,,53.45,seconds,66th Annual Mt. SAC Relays,2026-04-15,,,,Outdoor,https://www.tfrrs.org/results/95455/5966527/66th_Annual_Mt_SAC_Relays/400-Meters,TFRRS all_performances
"Whyte, Madison",USC,Big Ten,400m,2026,3,,,49.64,seconds,66th Annual Mt. SAC Relays,2026-04-15,,,,Outdoor,https://www.tfrrs.org/results/95455/5966568/66th_Annual_Mt_SAC_Relays/400-Meters,TFRRS all_performances
"Duarte, Isabella",USC,Big Ten,400m,2026,3,,,59.81,seconds,2026 Bryan Clay Invitational,2026-04-16,,,,Outdoor,https://www.tfrrs.org/results/94628/5952851/2026_Bryan_Clay_Invitational/400-Meters,TFRRS all_performances
"Cenci, Takiya",USC,Big Ten,400m,2026,4,,,52.60,seconds,USC v. UCLA Dual Meet,2026-05-02,,,,Outdoor,https://www.tfrrs.org/results/96454/5980196/USC_v_UCLA_Dual_Meet/400-Meters,TFRRS all_performances
"Mallard, Christine",USC,Big Ten,400m,2026,4,,,51.66,seconds,USC v. UCLA Dual Meet,2026-05-02,,,,Outdoor,https://www.tfrrs.org/results/96454/5980196/USC_v_UCLA_Dual_Meet/400-Meters,TFRRS all_performances
"Mosby, Madison",USC,Big Ten,400m,2026,1,,,52.58,seconds,USC v. UCLA Dual Meet,2026-05-02,,,,Outdoor,https://www.tfrrs.org/results/96454/5980196/USC_v_UCLA_Dual_Meet/400-Meters,TFRRS all_performances
"Trepagnier, Joelle",USC,Big Ten,400m,2026,1,,,52.50,seconds,USC v. UCLA Dual Meet,2026-05-02,,,,Outdoor,https://www.tfrrs.org/results/96454/5980196/USC_v_UCLA_Dual_Meet/400-Meters,TFRRS all_performances
"Whyte, Madison",USC,Big Ten,400m,2026,3,,,50.78,seconds,USC v. UCLA Dual Meet,2026-05-02,,,,Outdoor,https://www.tfrrs.org/results/96454/5980196/USC_v_UCLA_Dual_Meet/400-Meters,TFRRS all_performances
"Cenci, Takiya",USC,Big Ten,400m,2026,4,,,52.89,seconds,2026 Big Ten Outdoor Track & Field Championships,2026-05-15,,,,Outdoor,https://www.tfrrs.org/results/96121/6000072/2026_Big_Ten_Outdoor_Track__Field_Championships/400-Meters,TFRRS all_performances
"Mallard, Christine",USC,Big Ten,400m,2026,4,,,52.86,seconds,2026 Big Ten Outdoor Track & Field Championships,2026-05-15,,,,Outdoor,https://www.tfrrs.org/results/96121/6000072/2026_Big_Ten_Outdoor_Track__Field_Championships/400-Meters,TFRRS all_performances
"Mosby, Madison",USC,Big Ten,400m,2026,1,,,54.90,seconds,2026 Big Ten Outdoor Track & Field Championships,2026-05-15,,,,Outdoor,https://www.tfrrs.org/results/96121/6000072/2026_Big_Ten_Outdoor_Track__Field_Championships/400-Meters,TFRRS all_performances
"Trepagnier, Joelle",USC,Big Ten,400m,2026,1,,,53.37,seconds,2026 Big Ten Outdoor Track & Field Championships,2026-05-15,,,,Outdoor,https://www.tfrrs.org/results/96121/6000072/2026_Big_Ten_Outdoor_Track__Field_Championships/400-Meters,TFRRS all_performances
"Whyte, Madison",USC,Big Ten,400m,2026,3,,,51.01,seconds,2026 Big Ten Outdoor Track & Field Championships,2026-05-15,,,,Outdoor,https://www.tfrrs.org/results/96121/6000072/2026_Big_Ten_Outdoor_Track__Field_Championships/400-Meters,TFRRS all_performances
"Whyte, Madison",USC,Big Ten,400m,2026,3,,,52.00,seconds,2026 Big Ten Outdoor Track & Field Championships,2026-05-15,,,,Outdoor,https://www.tfrrs.org/results/96121/6000072/2026_Big_Ten_Outdoor_Track__Field_Championships/400-Meters,TFRRS all_performances
"Cenci, Takiya",USC,Big Ten,400m,2026,4,,,53.23,seconds,NCAA Division I West First Rounds,2026-05-27,,,,Outdoor,https://www.tfrrs.org/results/96717/6004609/NCAA_Division_I_West_First_Rounds/400-Meters,TFRRS all_performances
"Mosby, Madison",USC,Big Ten,400m,2026,1,,,53.62,seconds,NCAA Division I West First Rounds,2026-05-27,,,,Outdoor,https://www.tfrrs.org/results/96717/6004609/NCAA_Division_I_West_First_Rounds/400-Meters,TFRRS all_performances
"Trepagnier, Joelle",USC,Big Ten,400m,2026,1,,,52.36,seconds,NCAA Division I West First Rounds,2026-05-27,,,,Outdoor,https://www.tfrrs.org/results/96717/6004609/NCAA_Division_I_West_First_Rounds/400-Meters,TFRRS all_performances
"Trepagnier, Joelle",USC,Big Ten,400m,2026,1,,,52.83,seconds,NCAA Division I West First Rounds,2026-05-27,,,,Outdoor,https://www.tfrrs.org/results/96717/6004609/NCAA_Division_I_West_First_Rounds/400-Meters,TFRRS all_performances
"Whyte, Madison",USC,Big Ten,400m,2026,3,,,50.03,seconds,NCAA Division I West First Rounds,2026-05-27,,,,Outdoor,https://www.tfrrs.org/results/96717/6004609/NCAA_Division_I_West_First_Rounds/400-Meters,TFRRS all_performances
"Whyte, Madison",USC,Big Ten,400m,2026,3,,,51.88,seconds,NCAA Division I West First Rounds,2026-05-27,,,,Outdoor,https://www.tfrrs.org/results/96717/6004609/NCAA_Division_I_West_First_Rounds/400-Meters,TFRRS all_performances
"Whyte, Madison",USC,Big Ten,400m,2026,3,,,48.97,seconds,NCAA Division I Outdoor Track & Field Championships,2026-06-10,,,,Outdoor,https://www.tfrrs.org/results/96875/6005718/NCAA_Division_I_Outdoor_Track__Field_Championships/400-Meters,TFRRS all_performances
"Whyte, Madison",USC,Big Ten,400m,2026,3,,,50.73,seconds,NCAA Division I Outdoor Track & Field Championships,2026-06-10,,,,Outdoor,https://www.tfrrs.org/results/96875/6005718/NCAA_Division_I_Outdoor_Track__Field_Championships/400-Meters,TFRRS all_performances
"Gardley, Mikayla",Washington,Big Ten,400m,2026,2,,,59.19,seconds,Stanford Invitational,2026-04-03,,,,Outdoor,https://www.tfrrs.org/results/95354/5900590/Stanford_Invitational/400-Meters,TFRRS all_performances
"Symon, Chloe",Washington,Big Ten,400m,2026,1,,,55.61,seconds,2026 Bryan Clay Invitational,2026-04-16,,,,Outdoor,https://www.tfrrs.org/results/94628/5952851/2026_Bryan_Clay_Invitational/400-Meters,TFRRS all_performances
"Flanagan, Macauley",Alabama,SEC,400m,2026,1,,,55.73,seconds,LSU Battle on the Bayou,2026-04-03,,,,Outdoor,https://www.tfrrs.org/results/93386/5904418/_LSU_Battle_on_the_Bayou/400-Meters,TFRRS all_performances
"Flanagan, Macauley",Alabama,SEC,400m,2026,1,,,55.11,seconds,Crimson Tide Invitational,2026-04-10,,,,Outdoor,https://www.tfrrs.org/results/96368/5914677/Crimson_Tide_Invitational/400-Meters,TFRRS all_performances
"Rizzo, Gianna",Alabama,SEC,400m,2026,1,,,55.78,seconds,Crimson Tide Invitational,2026-04-10,,,,Outdoor,https://www.tfrrs.org/results/96368/5914677/Crimson_Tide_Invitational/400-Meters,TFRRS all_performances
"Flanagan, Macauley",Alabama,SEC,400m,2026,1,,,55.00,seconds,2026 Tiger Track Classic,2026-04-25,,,,Outdoor,https://www.tfrrs.org/results/95835/5958606/2026_Tiger_Track_Classic/400-Meters,TFRRS all_performances
"Rizzo, Gianna",Alabama,SEC,400m,2026,1,,,54.92,seconds,2026 Tiger Track Classic,2026-04-25,,,,Outdoor,https://www.tfrrs.org/results/95835/5958606/2026_Tiger_Track_Classic/400-Meters,TFRRS all_performances
"Campbell, Malia",Florida,SEC,400m,2026,1,,,53.26,seconds,2026 Pepsi Florida Relays,2026-04-03,,,,Outdoor,https://www.tfrrs.org/results/95329/6002554/2026_Pepsi_Florida_Relays/400-Meters,TFRRS all_performances
"Penn, Quincy",Florida,SEC,400m,2026,3,,,52.13,seconds,2026 Pepsi Florida Relays,2026-04-03,,,,Outdoor,https://www.tfrrs.org/results/95329/6002554/2026_Pepsi_Florida_Relays/400-Meters,TFRRS all_performances
"Wright, Marianna",Florida,SEC,400m,2026,1,,,55.00,seconds,2026 Pepsi Florida Relays,2026-04-03,,,,Outdoor,https://www.tfrrs.org/results/95329/6002554/2026_Pepsi_Florida_Relays/400-Meters,TFRRS all_performances
"Campbell, Malia",Florida,SEC,400m,2026,1,,,54.11,seconds,Tom Jones Memorial,2026-04-16,,,,Outdoor,https://www.tfrrs.org/results/96536/5940563/Tom_Jones_Memorial/400-Meters,TFRRS all_performances
"Cox, Tyra",Florida,SEC,400m,2026,1,,,51.54,seconds,Tom Jones Memorial,2026-04-16,,,,Outdoor,https://www.tfrrs.org/results/96536/5940563/Tom_Jones_Memorial/400-Meters,TFRRS all_performances
"Penn, Quincy",Florida,SEC,400m,2026,3,,,52.30,seconds,Tom Jones Memorial,2026-04-16,,,,Outdoor,https://www.tfrrs.org/results/96536/5940563/Tom_Jones_Memorial/400-Meters,TFRRS all_performances
"Campbell, Malia",Florida,SEC,400m,2026,1,,,54.11,seconds,2026 East Coast Relays,2026-05-01,,,,Outdoor,https://www.tfrrs.org/results/93606/5982325/2026_East_Coast_Relays/400-Meters,TFRRS all_performances
"Sutton, Sydney",Florida,SEC,400m,2026,1,,,52.14,seconds,2026 East Coast Relays,2026-05-01,,,,Outdoor,https://www.tfrrs.org/results/93606/5982325/2026_East_Coast_Relays/400-Meters,TFRRS all_performances
"Campbell, Malia",Florida,SEC,400m,2026,1,,,53.13,seconds,SEC Outdoor T&F Championships 2026,2026-05-14,,,,Outdoor,https://www.tfrrs.org/results/96148/6006027/SEC_Outdoor_TF_Championships_2026/400-Meters,TFRRS all_performances
"Cox, Tyra",Florida,SEC,400m,2026,1,,,52.50,seconds,SEC Outdoor T&F Championships 2026,2026-05-14,,,,Outdoor,https://www.tfrrs.org/results/96148/6006027/SEC_Outdoor_TF_Championships_2026/400-Meters,TFRRS all_performances
"Penn, Quincy",Florida,SEC,400m,2026,3,,,50.93,seconds,SEC Outdoor T&F Championships 2026,2026-05-14,,,,Outdoor,https://www.tfrrs.org/results/96148/6006027/SEC_Outdoor_TF_Championships_2026/400-Meters,TFRRS all_performances
"Penn, Quincy",Florida,SEC,400m,2026,3,,,51.27,seconds,SEC Outdoor T&F Championships 2026,2026-05-14,,,,Outdoor,https://www.tfrrs.org/results/96148/6006027/SEC_Outdoor_TF_Championships_2026/400-Meters,TFRRS all_performances
"Sutton, Sydney",Florida,SEC,400m,2026,1,,,53.72,seconds,SEC Outdoor T&F Championships 2026,2026-05-14,,,,Outdoor,https://www.tfrrs.org/results/96148/6006027/SEC_Outdoor_TF_Championships_2026/400-Meters,TFRRS all_performances
"Penn, Quincy",Florida,SEC,400m,2026,3,,,50.78,seconds,NCAA Division I East First Rounds,2026-05-27,,,,Outdoor,https://www.tfrrs.org/results/96716/6004543/NCAA_Division_I_East_First_Rounds/400-Meters,TFRRS all_performances
"Penn, Quincy",Florida,SEC,400m,2026,3,,,51.14,seconds,NCAA Division I East First Rounds,2026-05-27,,,,Outdoor,https://www.tfrrs.org/results/96716/6004543/NCAA_Division_I_East_First_Rounds/400-Meters,TFRRS all_performances
"Sutton, Sydney",Florida,SEC,400m,2026,1,,,51.33,seconds,NCAA Division I East First Rounds,2026-05-27,,,,Outdoor,https://www.tfrrs.org/results/96716/6004543/NCAA_Division_I_East_First_Rounds/400-Meters,TFRRS all_performances
"Sutton, Sydney",Florida,SEC,400m,2026,1,,,51.94,seconds,NCAA Division I East First Rounds,2026-05-27,,,,Outdoor,https://www.tfrrs.org/results/96716/6004543/NCAA_Division_I_East_First_Rounds/400-Meters,TFRRS all_performances
"Penn, Quincy",Florida,SEC,400m,2026,3,,,51.33,seconds,NCAA Division I Outdoor Track & Field Championships,2026-06-10,,,,Outdoor,https://www.tfrrs.org/results/96875/6005718/NCAA_Division_I_Outdoor_Track__Field_Championships/400-Meters,TFRRS all_performances
"Frederick, Sole",Georgia,SEC,400m,2026,2,,,52.21,s,Hurricane Invite,2026-03-21,,,,Outdoor,https://georgiadogs.com/documents/download/2026/3/23/2026_Women_Outdoor_Results.pdf,legacy_source_needs_review
"Hodge, Adaejah",Georgia,SEC,400m,2026,1,,,51.24,s,Hurricane Invite,2026-03-21,,,,Outdoor,https://georgiadogs.com/documents/download/2026/3/23/2026_Women_Outdoor_Results.pdf,legacy_source_needs_review
"Springer, Tianna",Georgia,SEC,400m,2026,1,,,51.74,s,Hurricane Invite,2026-03-21,,,,Outdoor,https://georgiadogs.com/documents/download/2026/3/23/2026_Women_Outdoor_Results.pdf,legacy_source_needs_review
"Frederick, Sole",Georgia,SEC,400m,2026,2,,,52.21,seconds,Hurricane Collegiate Invitational,2026-03-27,,,,Outdoor,https://www.tfrrs.org/results/96094/5876066/Hurricane_Collegiate_Invitational/400-Meters,TFRRS all_performances
"Hodge, Adaejah",Georgia,SEC,400m,2026,1,,,51.24,seconds,Hurricane Collegiate Invitational,2026-03-27,,,,Outdoor,https://www.tfrrs.org/results/96094/5876066/Hurricane_Collegiate_Invitational/400-Meters,TFRRS all_performances
"Springer, Tianna",Georgia,SEC,400m,2026,1,,,51.74,seconds,Hurricane Collegiate Invitational,2026-03-27,,,,Outdoor,https://www.tfrrs.org/results/96094/5876066/Hurricane_Collegiate_Invitational/400-Meters,TFRRS all_performances
"Brazzell, Skylar",Georgia,SEC,400m,2026,1,,,52.36,seconds,LSU Battle on the Bayou,2026-04-03,,,,Outdoor,https://www.tfrrs.org/results/93386/5904418/_LSU_Battle_on_the_Bayou/400-Meters,TFRRS all_performances
"Foote, Shaquena",Georgia,SEC,400m,2026,4,,,50.88,seconds,LSU Battle on the Bayou,2026-04-03,,,,Outdoor,https://www.tfrrs.org/results/93386/5904418/_LSU_Battle_on_the_Bayou/400-Meters,TFRRS all_performances
"Harris, Sydney",Georgia,SEC,400m,2026,3,,,53.13,seconds,LSU Battle on the Bayou,2026-04-03,,,,Outdoor,https://www.tfrrs.org/results/93386/5904418/_LSU_Battle_on_the_Bayou/400-Meters,TFRRS all_performances
"Maisvorewa, Vimbayi",Georgia,SEC,400m,2026,4,,,51.71,seconds,LSU Battle on the Bayou,2026-04-03,,,,Outdoor,https://www.tfrrs.org/results/93386/5904418/_LSU_Battle_on_the_Bayou/400-Meters,TFRRS all_performances
"Raye, Xenia",Georgia,SEC,400m,2026,1,,,54.34,seconds,LSU Battle on the Bayou,2026-04-03,,,,Outdoor,https://www.tfrrs.org/results/93386/5904418/_LSU_Battle_on_the_Bayou/400-Meters,TFRRS all_performances
"Frederick, Sole",Georgia,SEC,400m,2026,2,,,51.97,seconds,Spec Towns Invitational,2026-04-09,,,,Outdoor,https://www.tfrrs.org/results/96380/5924738/Spec_Towns_Invitational/400-Meters,TFRRS all_performances
"Maisvorewa, Vimbayi",Georgia,SEC,400m,2026,4,,,51.66,seconds,Spec Towns Invitational,2026-04-09,,,,Outdoor,https://www.tfrrs.org/results/96380/5924738/Spec_Towns_Invitational/400-Meters,TFRRS all_performances
"Raye, Xenia",Georgia,SEC,400m,2026,1,,,53.92,seconds,Spec Towns Invitational,2026-04-09,,,,Outdoor,https://www.tfrrs.org/results/96380/5924738/Spec_Towns_Invitational/400-Meters,TFRRS all_performances
"Foote, Shaquena",Georgia,SEC,400m,2026,4,,,50.62,seconds,Tom Jones Memorial,2026-04-16,,,,Outdoor,https://www.tfrrs.org/results/96536/5940563/Tom_Jones_Memorial/400-Meters,TFRRS all_performances
"Frederick, Sole",Georgia,SEC,400m,2026,2,,,52.32,seconds,Tom Jones Memorial,2026-04-16,,,,Outdoor,https://www.tfrrs.org/results/96536/5940563/Tom_Jones_Memorial/400-Meters,TFRRS all_performances
"Harris, Sydney",Georgia,SEC,400m,2026,3,,,52.35,seconds,Tom Jones Memorial,2026-04-16,,,,Outdoor,https://www.tfrrs.org/results/96536/5940561/Tom_Jones_Memorial/400-Meters,TFRRS all_performances
"Oakley, Dejanea",Georgia,SEC,400m,2026,4,,,50.55,seconds,Tom Jones Memorial,2026-04-16,,,,Outdoor,https://www.tfrrs.org/results/96536/5940563/Tom_Jones_Memorial/400-Meters,TFRRS all_performances
"Raye, Xenia",Georgia,SEC,400m,2026,1,,,54.43,seconds,Tom Jones Memorial,2026-04-16,,,,Outdoor,https://www.tfrrs.org/results/96536/5940561/Tom_Jones_Memorial/400-Meters,TFRRS all_performances
"Springer, Tianna",Georgia,SEC,400m,2026,1,,,51.69,seconds,Tom Jones Memorial,2026-04-16,,,,Outdoor,https://www.tfrrs.org/results/96536/5940563/Tom_Jones_Memorial/400-Meters,TFRRS all_performances
"Brazzell, Skylar",Georgia,SEC,400m,2026,1,,,53.39,seconds,Torrin Lawrence Memorial,2026-05-01,,,,Outdoor,https://www.tfrrs.org/results/96742/5983438/Torrin_Lawrence_Memorial/400-Meters,TFRRS all_performances
"Foote, Shaquena",Georgia,SEC,400m,2026,4,,,50.76,seconds,Torrin Lawrence Memorial,2026-05-01,,,,Outdoor,https://www.tfrrs.org/results/96742/5983438/Torrin_Lawrence_Memorial/400-Meters,TFRRS all_performances
"Harris, Sydney",Georgia,SEC,400m,2026,3,,,53.05,seconds,Torrin Lawrence Memorial,2026-05-01,,,,Outdoor,https://www.tfrrs.org/results/96742/5983438/Torrin_Lawrence_Memorial/400-Meters,TFRRS all_performances
"Maisvorewa, Vimbayi",Georgia,SEC,400m,2026,4,,,51.75,seconds,Torrin Lawrence Memorial,2026-05-01,,,,Outdoor,https://www.tfrrs.org/results/96742/5983438/Torrin_Lawrence_Memorial/400-Meters,TFRRS all_performances
"Oakley, Dejanea",Georgia,SEC,400m,2026,4,,,50.56,seconds,Torrin Lawrence Memorial,2026-05-01,,,,Outdoor,https://www.tfrrs.org/results/96742/5983438/Torrin_Lawrence_Memorial/400-Meters,TFRRS all_performances
"Raye, Xenia",Georgia,SEC,400m,2026,1,,,54.75,seconds,Torrin Lawrence Memorial,2026-05-01,,,,Outdoor,https://www.tfrrs.org/results/96742/5983438/Torrin_Lawrence_Memorial/400-Meters,TFRRS all_performances
"Springer, Tianna",Georgia,SEC,400m,2026,1,,,52.52,seconds,Torrin Lawrence Memorial,2026-05-01,,,,Outdoor,https://www.tfrrs.org/results/96742/5983438/Torrin_Lawrence_Memorial/400-Meters,TFRRS all_performances
"Brazzell, Skylar",Georgia,SEC,400m,2026,1,,,52.74,seconds,SEC Outdoor T&F Championships 2026,2026-05-14,,,,Outdoor,https://www.tfrrs.org/results/96148/6006027/SEC_Outdoor_TF_Championships_2026/400-Meters,TFRRS all_performances
"Foote, Shaquena",Georgia,SEC,400m,2026,4,,,50.87,seconds,SEC Outdoor T&F Championships 2026,2026-05-14,,,,Outdoor,https://www.tfrrs.org/results/96148/6006027/SEC_Outdoor_TF_Championships_2026/400-Meters,TFRRS all_performances
"Foote, Shaquena",Georgia,SEC,400m,2026,4,,,51.02,seconds,SEC Outdoor T&F Championships 2026,2026-05-14,,,,Outdoor,https://www.tfrrs.org/results/96148/6006027/SEC_Outdoor_TF_Championships_2026/400-Meters,TFRRS all_performances
"Frederick, Sole",Georgia,SEC,400m,2026,2,,,51.88,seconds,SEC Outdoor T&F Championships 2026,2026-05-14,,,,Outdoor,https://www.tfrrs.org/results/96148/6006027/SEC_Outdoor_TF_Championships_2026/400-Meters,TFRRS all_performances
"Harris, Sydney",Georgia,SEC,400m,2026,3,,,53.21,seconds,SEC Outdoor T&F Championships 2026,2026-05-14,,,,Outdoor,https://www.tfrrs.org/results/96148/6006027/SEC_Outdoor_TF_Championships_2026/400-Meters,TFRRS all_performances
"Maisvorewa, Vimbayi",Georgia,SEC,400m,2026,4,,,52.25,seconds,SEC Outdoor T&F Championships 2026,2026-05-14,,,,Outdoor,https://www.tfrrs.org/results/96148/6006027/SEC_Outdoor_TF_Championships_2026/400-Meters,TFRRS all_performances
"Oakley, Dejanea",Georgia,SEC,400m,2026,4,,,48.92,seconds,SEC Outdoor T&F Championships 2026,2026-05-14,,,,Outdoor,https://www.tfrrs.org/results/96148/6006027/SEC_Outdoor_TF_Championships_2026/400-Meters,TFRRS all_performances
"Oakley, Dejanea",Georgia,SEC,400m,2026,4,,,50.15,seconds,SEC Outdoor T&F Championships 2026,2026-05-14,,,,Outdoor,https://www.tfrrs.org/results/96148/6006027/SEC_Outdoor_TF_Championships_2026/400-Meters,TFRRS all_performances
"Raye, Xenia",Georgia,SEC,400m,2026,1,,,53.62,seconds,SEC Outdoor T&F Championships 2026,2026-05-14,,,,Outdoor,https://www.tfrrs.org/results/96148/6006027/SEC_Outdoor_TF_Championships_2026/400-Meters,TFRRS all_performances
"Springer, Tianna",Georgia,SEC,400m,2026,1,,,52.46,seconds,SEC Outdoor T&F Championships 2026,2026-05-14,,,,Outdoor,https://www.tfrrs.org/results/96148/6006027/SEC_Outdoor_TF_Championships_2026/400-Meters,TFRRS all_performances
"Brazzell, Skylar",Georgia,SEC,400m,2026,1,,,52.40,seconds,NCAA Division I East First Rounds,2026-05-27,,,,Outdoor,https://www.tfrrs.org/results/96716/6004543/NCAA_Division_I_East_First_Rounds/400-Meters,TFRRS all_performances
"Foote, Shaquena",Georgia,SEC,400m,2026,4,,,52.29,seconds,NCAA Division I East First Rounds,2026-05-27,,,,Outdoor,https://www.tfrrs.org/results/96716/6004543/NCAA_Division_I_East_First_Rounds/400-Meters,TFRRS all_performances
"Frederick, Sole",Georgia,SEC,400m,2026,2,,,52.31,seconds,NCAA Division I East First Rounds,2026-05-27,,,,Outdoor,https://www.tfrrs.org/results/96716/6004543/NCAA_Division_I_East_First_Rounds/400-Meters,TFRRS all_performances
"Harris, Sydney",Georgia,SEC,400m,2026,3,,,52.90,seconds,NCAA Division I East First Rounds,2026-05-27,,,,Outdoor,https://www.tfrrs.org/results/96716/6004543/NCAA_Division_I_East_First_Rounds/400-Meters,TFRRS all_performances
"Maisvorewa, Vimbayi",Georgia,SEC,400m,2026,4,,,51.42,seconds,NCAA Division I East First Rounds,2026-05-27,,,,Outdoor,https://www.tfrrs.org/results/96716/6004543/NCAA_Division_I_East_First_Rounds/400-Meters,TFRRS all_performances
"Maisvorewa, Vimbayi",Georgia,SEC,400m,2026,4,,,51.44,seconds,NCAA Division I East First Rounds,2026-05-27,,,,Outdoor,https://www.tfrrs.org/results/96716/6004543/NCAA_Division_I_East_First_Rounds/400-Meters,TFRRS all_performances
"Oakley, Dejanea",Georgia,SEC,400m,2026,4,,,49.48,seconds,NCAA Division I East First Rounds,2026-05-27,,,,Outdoor,https://www.tfrrs.org/results/96716/6004543/NCAA_Division_I_East_First_Rounds/400-Meters,TFRRS all_performances
"Oakley, Dejanea",Georgia,SEC,400m,2026,4,,,50.60,seconds,NCAA Division I East First Rounds,2026-05-27,,,,Outdoor,https://www.tfrrs.org/results/96716/6004543/NCAA_Division_I_East_First_Rounds/400-Meters,TFRRS all_performances
"Springer, Tianna",Georgia,SEC,400m,2026,1,,,51.82,seconds,NCAA Division I East First Rounds,2026-05-27,,,,Outdoor,https://www.tfrrs.org/results/96716/6004543/NCAA_Division_I_East_First_Rounds/400-Meters,TFRRS all_performances
"Springer, Tianna",Georgia,SEC,400m,2026,1,,,51.84,seconds,NCAA Division I East First Rounds,2026-05-27,,,,Outdoor,https://www.tfrrs.org/results/96716/6004543/NCAA_Division_I_East_First_Rounds/400-Meters,TFRRS all_performances
"Oakley, Dejanea",Georgia,SEC,400m,2026,4,,,48.79,seconds,NCAA Division I Outdoor Track & Field Championships,2026-06-10,,,,Outdoor,https://www.tfrrs.org/results/96875/6005718/NCAA_Division_I_Outdoor_Track__Field_Championships/400-Meters,TFRRS all_performances
"Oakley, Dejanea",Georgia,SEC,400m,2026,4,,,49.93,seconds,NCAA Division I Outdoor Track & Field Championships,2026-06-10,,,,Outdoor,https://www.tfrrs.org/results/96875/6005718/NCAA_Division_I_Outdoor_Track__Field_Championships/400-Meters,TFRRS all_performances
"Davis, Tressia",Kentucky,SEC,400m,2026,1,,,56.27,seconds,UCF Black & Gold Challenge,2026-03-20,,,,Outdoor,https://www.tfrrs.org/results/92770/5856947/UCF_Black__Gold_Challenge/400-Meters,TFRRS all_performances
"McClellan, JahQueen",Kentucky,SEC,400m,2026,3,,,54.02,seconds,UCF Black & Gold Challenge,2026-03-20,,,,Outdoor,https://www.tfrrs.org/results/92770/5856947/UCF_Black__Gold_Challenge/400-Meters,TFRRS all_performances
"Bradley, A'Laji",Kentucky,SEC,400m,2026,2,,,51.92,seconds,Tennessee Invite,2026-04-10,,,,Outdoor,https://www.tfrrs.org/results/95672/5932035/Tennessee_Invite/400-Meters,TFRRS all_performances
"McClellan, JahQueen",Kentucky,SEC,400m,2026,3,,,53.61,seconds,Tennessee Invite,2026-04-10,,,,Outdoor,https://www.tfrrs.org/results/95672/5932035/Tennessee_Invite/400-Meters,TFRRS all_performances
"Bradley, A'Laji",Kentucky,SEC,400m,2026,2,,,51.15,seconds,Tom Jones Memorial,2026-04-16,,,,Outdoor,https://www.tfrrs.org/results/96536/5940563/Tom_Jones_Memorial/400-Meters,TFRRS all_performances
"Douglas, Hannah",Kentucky,SEC,400m,2026,4,,,51.31,seconds,Tom Jones Memorial,2026-04-16,,,,Outdoor,https://www.tfrrs.org/results/96536/5940563/Tom_Jones_Memorial/400-Meters,TFRRS all_performances
"Johnson, Cha'iel",Kentucky,SEC,400m,2026,3,,,53.54,seconds,Tom Jones Memorial,2026-04-16,,,,Outdoor,https://www.tfrrs.org/results/96536/5940561/Tom_Jones_Memorial/400-Meters,TFRRS all_performances
"McClellan, JahQueen",Kentucky,SEC,400m,2026,3,,,53.21,seconds,Tom Jones Memorial,2026-04-16,,,,Outdoor,https://www.tfrrs.org/results/96536/5940561/Tom_Jones_Memorial/400-Meters,TFRRS all_performances
"Onyepunuka, Stacey",Kentucky,SEC,400m,2026,2,,,55.11,seconds,Tom Jones Memorial,2026-04-16,,,,Outdoor,https://www.tfrrs.org/results/96536/5940561/Tom_Jones_Memorial/400-Meters,TFRRS all_performances
"Davis, Tressia",Kentucky,SEC,400m,2026,1,,,54.07,seconds,Jim Green Invitational,2026-05-01,,,,Outdoor,https://www.tfrrs.org/results/96741/5975324/Jim_Green_Invitational/400-Meters,TFRRS all_performances
"Johnson, Cha'iel",Kentucky,SEC,400m,2026,3,,,53.20,seconds,Jim Green Invitational,2026-05-01,,,,Outdoor,https://www.tfrrs.org/results/96741/5975324/Jim_Green_Invitational/400-Meters,TFRRS all_performances
"McClellan, JahQueen",Kentucky,SEC,400m,2026,3,,,53.27,seconds,Jim Green Invitational,2026-05-01,,,,Outdoor,https://www.tfrrs.org/results/96741/5975324/Jim_Green_Invitational/400-Meters,TFRRS all_performances
"Bradley, A'Laji",Kentucky,SEC,400m,2026,2,,,51.40,seconds,SEC Outdoor T&F Championships 2026,2026-05-14,,,,Outdoor,https://www.tfrrs.org/results/96148/6006027/SEC_Outdoor_TF_Championships_2026/400-Meters,TFRRS all_performances
"Douglas, Hannah",Kentucky,SEC,400m,2026,4,,,50.81,seconds,SEC Outdoor T&F Championships 2026,2026-05-14,,,,Outdoor,https://www.tfrrs.org/results/96148/6006027/SEC_Outdoor_TF_Championships_2026/400-Meters,TFRRS all_performances
"Douglas, Hannah",Kentucky,SEC,400m,2026,4,,,50.99,seconds,SEC Outdoor T&F Championships 2026,2026-05-14,,,,Outdoor,https://www.tfrrs.org/results/96148/6006027/SEC_Outdoor_TF_Championships_2026/400-Meters,TFRRS all_performances
"Johnson, Cha'iel",Kentucky,SEC,400m,2026,3,,,57.01,seconds,SEC Outdoor T&F Championships 2026,2026-05-14,,,,Outdoor,https://www.tfrrs.org/results/96148/6006027/SEC_Outdoor_TF_Championships_2026/400-Meters,TFRRS all_performances
"McClellan, JahQueen",Kentucky,SEC,400m,2026,3,,,54.27,seconds,SEC Outdoor T&F Championships 2026,2026-05-14,,,,Outdoor,https://www.tfrrs.org/results/96148/6006027/SEC_Outdoor_TF_Championships_2026/400-Meters,TFRRS all_performances
"Bradley, A'Laji",Kentucky,SEC,400m,2026,2,,,51.55,seconds,NCAA Division I East First Rounds,2026-05-27,,,,Outdoor,https://www.tfrrs.org/results/96716/6004543/NCAA_Division_I_East_First_Rounds/400-Meters,TFRRS all_performances
"Bradley, A'Laji",Kentucky,SEC,400m,2026,2,,,51.56,seconds,NCAA Division I East First Rounds,2026-05-27,,,,Outdoor,https://www.tfrrs.org/results/96716/6004543/NCAA_Division_I_East_First_Rounds/400-Meters,TFRRS all_performances
"Douglas, Hannah",Kentucky,SEC,400m,2026,4,,,50.88,seconds,NCAA Division I East First Rounds,2026-05-27,,,,Outdoor,https://www.tfrrs.org/results/96716/6004543/NCAA_Division_I_East_First_Rounds/400-Meters,TFRRS all_performances
"Douglas, Hannah",Kentucky,SEC,400m,2026,4,,,51.22,seconds,NCAA Division I East First Rounds,2026-05-27,,,,Outdoor,https://www.tfrrs.org/results/96716/6004543/NCAA_Division_I_East_First_Rounds/400-Meters,TFRRS all_performances
"Douglas, Hannah",Kentucky,SEC,400m,2026,4,,,52.68,seconds,NCAA Division I Outdoor Track & Field Championships,2026-06-10,,,,Outdoor,https://www.tfrrs.org/results/96875/6005718/NCAA_Division_I_Outdoor_Track__Field_Championships/400-Meters,TFRRS all_performances
"Akins, Zaya",South Carolina,SEC,400m,2026,3,,,51.43,seconds,Raleigh Relays,2026-03-26,,,,Outdoor,https://www.tfrrs.org/results/94354/5877083/Raleigh_Relays/400-Meters,TFRRS all_performances
"Ford, JaMeesia",South Carolina,SEC,400m,2026,3,,,52.08,seconds,Raleigh Relays,2026-03-26,,,,Outdoor,https://www.tfrrs.org/results/94354/5877083/Raleigh_Relays/400-Meters,TFRRS all_performances
"Garrett, Akala",South Carolina,SEC,400m,2026,3,,,52.16,seconds,Raleigh Relays,2026-03-26,,,,Outdoor,https://www.tfrrs.org/results/94354/5877083/Raleigh_Relays/400-Meters,TFRRS all_performances
"Akins, Zaya",South Carolina,SEC,400m,2026,3,,,52.04,seconds,2026 Pepsi Florida Relays,2026-04-03,,,,Outdoor,https://www.tfrrs.org/results/95329/6002554/2026_Pepsi_Florida_Relays/400-Meters,TFRRS all_performances
"Akins, Zaya",South Carolina,SEC,400m,2026,3,,,52.94,seconds,Tom Jones Memorial,2026-04-16,,,,Outdoor,https://www.tfrrs.org/results/96536/5940563/Tom_Jones_Memorial/400-Meters,TFRRS all_performances
"Chelangat, Sylvia",South Carolina,SEC,400m,2026,4,,,54.43,seconds,Wake Forest Invitational,2026-04-16,,,,Outdoor,https://www.tfrrs.org/results/92801/5980977/Wake_Forest_Invitational/400-Meters,TFRRS all_performances
"Ford, JaMeesia",South Carolina,SEC,400m,2026,3,,,50.25,seconds,SEC Outdoor T&F Championships 2026,2026-05-14,,,,Outdoor,https://www.tfrrs.org/results/96148/6006027/SEC_Outdoor_TF_Championships_2026/400-Meters,TFRRS all_performances
"Ford, JaMeesia",South Carolina,SEC,400m,2026,3,,,50.44,seconds,SEC Outdoor T&F Championships 2026,2026-05-14,,,,Outdoor,https://www.tfrrs.org/results/96148/6006027/SEC_Outdoor_TF_Championships_2026/400-Meters,TFRRS all_performances
