athlete,school,conference,event,season,class_year,birth_date,age_at_meet,performance,unit,meet,meet_date,round,place,wind,indoor_outdoor,source_url,data_status
"Amsterdam, Iana",Clemson,ACC,Long Jump,2016,3,,,5.34,m,Alan Connie Shamrock Invitational,2016-03-17,,,0.5,Outdoor,https://www.tfrrs.org/results/42962/2717516/Alan_Connie_Shamrock_Invitational/Long-Jump,TFRRS all_performances
"Amsterdam, Iana",Clemson,ACC,Long Jump,2016,3,,,5.20,m,Georgia Tech Yellow Jacket Invitational,2016-03-25,,,1.0,Outdoor,https://www.tfrrs.org/results/44155/2737354/Georgia_Tech_Yellow_Jacket_Invitational/Long-Jump,TFRRS all_performances
"Amsterdam, Iana",Clemson,ACC,Long Jump,2016,3,,,5.46,m,Tiger Track Classic,2016-04-08,,,1.4,Outdoor,https://www.tfrrs.org/results/41484/2782465/Tiger_Track_Classic/Long-Jump,TFRRS all_performances
"Land, Mimi",Clemson,ACC,Long Jump,2016,4,,,5.72,m,Tiger Track Classic,2016-04-08,,,0.8,Outdoor,https://www.tfrrs.org/results/41484/2782465/Tiger_Track_Classic/Long-Jump,TFRRS all_performances
"Terrell, Anasterasia",Clemson,ACC,Long Jump,2016,3,,,5.75,m,Tiger Track Classic,2016-04-08,,,0.1,Outdoor,https://www.tfrrs.org/results/41484/2782465/Tiger_Track_Classic/Long-Jump,TFRRS all_performances
"Land, Mimi",Clemson,ACC,Long Jump,2016,4,,,5.71,m,LSU Alumni Gold,2016-04-23,,,1.1,Outdoor,https://www.tfrrs.org/results/41857/2824960/LSU_Alumni_Gold/Long-Jump,TFRRS all_performances
"Terrell, Anasterasia",Clemson,ACC,Long Jump,2016,3,,,5.52,m,LSU Alumni Gold,2016-04-23,,,1.6,Outdoor,https://www.tfrrs.org/results/41857/2824960/LSU_Alumni_Gold/Long-Jump,TFRRS all_performances
"Terrell, Anasterasia",Clemson,ACC,Long Jump,2016,3,,,5.69,m,Georgia Invitational,2016-04-30,,,0.5,Outdoor,https://www.tfrrs.org/results/43403/2847093/Georgia_Invitational_/Long-Jump,TFRRS all_performances
"Amsterdam, Iana",Clemson,ACC,Long Jump,2016,3,,,5.98,m,ACC Championships,2016-05-13,,,1.2,Outdoor,https://www.tfrrs.org/results/46634/2876445/ACC_Championships/Long-Jump,TFRRS all_performances
"Land, Mimi",Clemson,ACC,Long Jump,2016,4,,,6.10,m,ACC Championships,2016-05-13,,,0.9,Outdoor,https://www.tfrrs.org/results/46634/2876445/ACC_Championships/Long-Jump,TFRRS all_performances
"Terrell, Anasterasia",Clemson,ACC,Long Jump,2016,3,,,5.77,m,ACC Championships,2016-05-13,,,0.2,Outdoor,https://www.tfrrs.org/results/46634/2876445/ACC_Championships/Long-Jump,TFRRS all_performances
"Land, Mimi",Clemson,ACC,Long Jump,2016,4,,,6.19,m,NCAA Division I - East Preliminary Round,2016-05-26,,,0.8,Outdoor,https://www.tfrrs.org/results/46682/2882923/NCAA_Division_I_-_East_Preliminary_Round/Long-Jump,TFRRS all_performances
"Land, Mimi",Clemson,ACC,Long Jump,2016,4,,,6.15,m,NCAA Division I Track & Field Championships,2016-06-08,,,1.2,Outdoor,https://www.tfrrs.org/results/46699/2884173/NCAA_Division_I_Track__Field_Championships/Long-Jump,TFRRS all_performances
"Lemmons, Jaida",Duke,ACC,Long Jump,2016,1,,,4.89,m,Raleigh Relays,2016-03-25,,,0.6,Outdoor,https://www.tfrrs.org/results/44884/2738545/Raleigh_Relays/Long-Jump,TFRRS all_performances
"Johonnot, Karli",Duke,ACC,Long Jump,2016,4,,,5.68,m,Battle of the Blues,2016-04-01,,,0.5,Outdoor,https://www.tfrrs.org/results/45230/2758795/Battle_of_the_Blues/Long-Jump,TFRRS all_performances
"Panton, Domonique",Duke,ACC,Long Jump,2016,1,,,5.11,m,Battle of the Blues,2016-04-01,,,0.5,Outdoor,https://www.tfrrs.org/results/45230/2758795/Battle_of_the_Blues/Long-Jump,TFRRS all_performances
"Lemmons, Jaida",Duke,ACC,Long Jump,2016,1,,,5.30,m,Spec Towns Invitational 2016,2016-04-08,,,-1.2,Outdoor,https://www.tfrrs.org/results/42363/2780616/Spec_Towns_Invitational_2016/Long-Jump,TFRRS all_performances
"Maslowski, Teddi",Duke,ACC,Long Jump,2016,4,,,5.78,m,Mt. SAC Relays/CA Invitational Multi Events,2016-04-13,,,0.1,Outdoor,https://www.tfrrs.org/results/43242/2854297/Mt_SAC_Relays_CA_Invitational_Multi_Events/Long-Jump,TFRRS all_performances
"Lemmons, Jaida",Duke,ACC,Long Jump,2016,1,,,5.09,m,ACC Championships,2016-05-13,,,0.5,Outdoor,https://www.tfrrs.org/results/46634/2876443/ACC_Championships/Long-Jump,TFRRS all_performances
"Maslowski, Teddi",Duke,ACC,Long Jump,2016,4,,,5.72,m,ACC Championships,2016-05-13,,,-0.7,Outdoor,https://www.tfrrs.org/results/46634/2876443/ACC_Championships/Long-Jump,TFRRS all_performances
"Maslowski, Teddi",Duke,ACC,Long Jump,2016,4,,,5.81,m,NCAA Division I Track & Field Championships,2016-06-08,,,-0.3,Outdoor,https://www.tfrrs.org/results/46699/2884638/NCAA_Division_I_Track__Field_Championships/Long-Jump,TFRRS all_performances
"Freeman, Der'Renae",Florida State,ACC,Long Jump,2016,4,,,6.21,m,Florida State Relays,2016-03-25,,,-0.5,Outdoor,https://www.tfrrs.org/results/44862/2735554/Florida_State_Relays/Long-Jump,TFRRS all_performances
"Sadeiko, Grete",Florida State,ACC,Long Jump,2016,3,,,5.97,m,2016 Nike Clyde Littlefield Texas Relays,2016-03-30,,,1.1,Outdoor,https://www.tfrrs.org/results/43409/2836087/2016_Nike_Clyde_Littlefield_Texas_Relays/Long-Jump,TFRRS all_performances
"Freeman, Der'Renae",Florida State,ACC,Long Jump,2016,4,,,6.29,m,Florida Relays,2016-03-31,,,0.8,Outdoor,https://www.tfrrs.org/results/43368/2772288/Florida_Relays/Long-Jump,TFRRS all_performances
"Farrington, Melissa-Maree",Florida State,ACC,Long Jump,2016,3,,,5.79,m,Rafer Johnson-Jackie Joyner Kersee Invitational,2016-04-09,,,-0.1,Outdoor,https://www.tfrrs.org/results/43382/2783977/Rafer_Johnson-Jackie_Joyner_Kersee_Invitational/Long-Jump,TFRRS all_performances
"Freeman, Der'Renae",Florida State,ACC,Long Jump,2016,4,,,6.08,m,Rafer Johnson-Jackie Joyner Kersee Invitational,2016-04-09,,,-0.3,Outdoor,https://www.tfrrs.org/results/43382/2783977/Rafer_Johnson-Jackie_Joyner_Kersee_Invitational/Long-Jump,TFRRS all_performances
"Petrokaite, Jogaile",Florida State,ACC,Long Jump,2016,2,,,6.05,m,Rafer Johnson-Jackie Joyner Kersee Invitational,2016-04-09,,,-1.8,Outdoor,https://www.tfrrs.org/results/43382/2783977/Rafer_Johnson-Jackie_Joyner_Kersee_Invitational/Long-Jump,TFRRS all_performances
"Farrington, Melissa-Maree",Florida State,ACC,Long Jump,2016,3,,,5.72,m,Charlotte Invitational,2016-04-15,,,0.6,Outdoor,https://www.tfrrs.org/results/44246/2816392/Charlotte_Invitational/Long-Jump,TFRRS all_performances
"Petrokaite, Jogaile",Florida State,ACC,Long Jump,2016,2,,,6.40,m,Seminole Invitational,2016-04-15,,,0.2,Outdoor,https://www.tfrrs.org/results/45850/2803075/Seminole_Invitational/Long-Jump,TFRRS all_performances
"Sadeiko, Grete",Florida State,ACC,Long Jump,2016,3,,,5.82,m,UF Tom Jones Memorial,2016-04-22,,,1.1,Outdoor,https://www.tfrrs.org/results/43370/2822286/UF_Tom_Jones_Memorial/Long-Jump,TFRRS all_performances
"Farrington, Melissa-Maree",Florida State,ACC,Long Jump,2016,3,,,5.84,m,UNF Twilight,2016-05-04,,,0.5,Outdoor,https://www.tfrrs.org/results/41906/2858128/UNF_Twilight_/Long-Jump,TFRRS all_performances
"Petrokaite, Jogaile",Florida State,ACC,Long Jump,2016,2,,,6.17,m,UNF Twilight,2016-05-04,,,0.3,Outdoor,https://www.tfrrs.org/results/41906/2858128/UNF_Twilight_/Long-Jump,TFRRS all_performances
"Farrington, Melissa-Maree",Florida State,ACC,Long Jump,2016,3,,,5.88,m,ACC Championships,2016-05-13,,,0.8,Outdoor,https://www.tfrrs.org/results/46634/2876443/ACC_Championships/Long-Jump,TFRRS all_performances
"Freeman, Der'Renae",Florida State,ACC,Long Jump,2016,4,,,6.54,m,ACC Championships,2016-05-13,,,-0.3,Outdoor,https://www.tfrrs.org/results/46634/2876445/ACC_Championships/Long-Jump,TFRRS all_performances
"Petrokaite, Jogaile",Florida State,ACC,Long Jump,2016,2,,,6.50,m,ACC Championships,2016-05-13,,,-0.8,Outdoor,https://www.tfrrs.org/results/46634/2876445/ACC_Championships/Long-Jump,TFRRS all_performances
"Sadeiko, Grete",Florida State,ACC,Long Jump,2016,3,,,5.58,m,ACC Championships,2016-05-13,,,1.7,Outdoor,https://www.tfrrs.org/results/46634/2876443/ACC_Championships/Long-Jump,TFRRS all_performances
"Freeman, Der'Renae",Florida State,ACC,Long Jump,2016,4,,,6.30,m,NCAA Division I - East Preliminary Round,2016-05-26,,,+0.0,Outdoor,https://www.tfrrs.org/results/46682/2882923/NCAA_Division_I_-_East_Preliminary_Round/Long-Jump,TFRRS all_performances
"Petrokaite, Jogaile",Florida State,ACC,Long Jump,2016,2,,,6.29,m,NCAA Division I - East Preliminary Round,2016-05-26,,,0.7,Outdoor,https://www.tfrrs.org/results/46682/2882923/NCAA_Division_I_-_East_Preliminary_Round/Long-Jump,TFRRS all_performances
"Sadeiko, Grete",Florida State,ACC,Long Jump,2016,3,,,5.86,m,NCAA Division I - East Preliminary Round,2016-05-26,,,-0.5,Outdoor,https://www.tfrrs.org/results/46682/2882923/NCAA_Division_I_-_East_Preliminary_Round/Long-Jump,TFRRS all_performances
"Freeman, Der'Renae",Florida State,ACC,Long Jump,2016,4,,,6.14,m,NCAA Division I Track & Field Championships,2016-06-08,,,-0.3,Outdoor,https://www.tfrrs.org/results/46699/2884173/NCAA_Division_I_Track__Field_Championships/Long-Jump,TFRRS all_performances
"Petrokaite, Jogaile",Florida State,ACC,Long Jump,2016,2,,,6.18,m,NCAA Division I Track & Field Championships,2016-06-08,,,-1.0,Outdoor,https://www.tfrrs.org/results/46699/2884173/NCAA_Division_I_Track__Field_Championships/Long-Jump,TFRRS all_performances
"Sadeiko, Grete",Florida State,ACC,Long Jump,2016,3,,,5.89,m,NCAA Division I Track & Field Championships,2016-06-08,,,1.2,Outdoor,https://www.tfrrs.org/results/46699/2884638/NCAA_Division_I_Track__Field_Championships/Long-Jump,TFRRS all_performances
"Forbes, Carla",Stanford,ACC,Long Jump,2016,2,,,5.52,m,Stanford Invitational,2016-04-01,,,1.9,Outdoor,https://www.tfrrs.org/results/45256/2762451/Stanford_Invitational/Long-Jump,TFRRS all_performances
"Gayles, Daryth",Stanford,ACC,Long Jump,2016,2,,,5.85,m,Stanford Invitational,2016-04-01,,,0.9,Outdoor,https://www.tfrrs.org/results/45256/2762451/Stanford_Invitational/Long-Jump,TFRRS all_performances
"Kwiatkowski, Marisa",Stanford,ACC,Long Jump,2016,2,,,5.65,m,Stanford Invitational,2016-04-01,,5,2.9,Outdoor,https://gostanford.com/news/2016/04/1/a-winning-debut,legacy_source_needs_review
"Gayles, Daryth",Stanford,ACC,Long Jump,2016,2,,,5.66,m,The Big Meet -Cal vs. Stanford,2016-04-09,,,0.2,Outdoor,https://www.tfrrs.org/results/45589/2781829/The_Big_Meet_-Cal_vs_Stanford/Long-Jump,TFRRS all_performances
"Kwiatkowski, Marisa",Stanford,ACC,Long Jump,2016,2,,,5.72,m,The Big Meet -Cal vs. Stanford,2016-04-09,,,0.6,Outdoor,https://www.tfrrs.org/results/45589/2781829/The_Big_Meet_-Cal_vs_Stanford/Long-Jump,TFRRS all_performances
"Gayles, Daryth",Stanford,ACC,Long Jump,2016,2,,,6.14,m,Michael Johnson Classic,2016-04-23,,,1.8,Outdoor,https://www.tfrrs.org/results/45651/2826997/Michael_Johnson_Classic/Long-Jump,TFRRS all_performances
"Kwiatkowski, Marisa",Stanford,ACC,Long Jump,2016,2,,,5.71,m,Michael Johnson Classic,2016-04-23,,,1.8,Outdoor,https://www.tfrrs.org/results/45651/2826997/Michael_Johnson_Classic/Long-Jump,TFRRS all_performances
"Gayles, Daryth",Stanford,ACC,Long Jump,2016,2,,,6.08,m,Payton Jordan Invitational,2016-05-01,,,0.9,Outdoor,https://www.tfrrs.org/results/46369/2847805/Payton_Jordan_Invitational/Long-Jump,TFRRS all_performances
"Gayles, Daryth",Stanford,ACC,Long Jump,2016,2,,,5.70,m,Pac-12 Outdoor Track & Field Championships,2016-05-14,,,0.6,Outdoor,https://www.tfrrs.org/results/45708/2877300/Pac-12_Outdoor_Track__Field_Championships/Long-Jump,TFRRS all_performances
"Kwiatkowski, Marisa",Stanford,ACC,Long Jump,2016,2,,,5.45,m,Pac-12 Outdoor Track & Field Championships,2016-05-14,,,1.2,Outdoor,https://www.tfrrs.org/results/45708/2877300/Pac-12_Outdoor_Track__Field_Championships/Long-Jump,TFRRS all_performances
"Gayles, Daryth",Stanford,ACC,Long Jump,2016,2,,,5.93,m,NCAA Division I - West Preliminary Round,2016-05-26,,,+0.0,Outdoor,https://www.tfrrs.org/results/46681/2882654/NCAA_Division_I_-_West_Preliminary_Round/Long-Jump,TFRRS all_performances
"Barron, Mia",Virginia,ACC,Long Jump,2016,1,,,5.76,m,2016 Fred Hardy Invitational,2016-03-25,,,+0.0,Outdoor,https://www.tfrrs.org/results/42673/2737964/2016_Fred_Hardy_Invitational/Long-Jump,TFRRS all_performances
"Barron, Mia",Virginia,ACC,Long Jump,2016,1,,,5.75,m,Florida Relays,2016-03-31,,,0.9,Outdoor,https://www.tfrrs.org/results/43368/2772285/Florida_Relays/Long-Jump,TFRRS all_performances
"Barron, Mia",Virginia,ACC,Long Jump,2016,1,,,5.50,m,Virginia Quad Meet,2016-04-08,,,-0.3,Outdoor,https://www.tfrrs.org/results/45572/2778499/Virginia_Quad_Meet/Long-Jump,TFRRS all_performances
"Barron, Mia",Virginia,ACC,Long Jump,2016,1,,,6.22,m,Virginia Challenge,2016-04-22,,,1.3,Outdoor,https://www.tfrrs.org/results/46108/2827851/Virginia_Challenge/Long-Jump,TFRRS all_performances
"Caldwell, Jessica",Virginia,ACC,Long Jump,2016,4,,,5.11,m,Virginia Challenge,2016-04-22,,,1.5,Outdoor,https://www.tfrrs.org/results/46108/2827893/Virginia_Challenge/Long-Jump,TFRRS all_performances
"Herran, Alana",Virginia,ACC,Long Jump,2016,1,,,5.37,m,Virginia Challenge,2016-04-22,,,0.6,Outdoor,https://www.tfrrs.org/results/46108/2846911/Virginia_Challenge/Long-Jump,TFRRS all_performances
"Barron, Mia",Virginia,ACC,Long Jump,2016,1,,,4.54,m,ACC Championships,2016-05-13,,,-1.1,Outdoor,https://www.tfrrs.org/results/46634/2876445/ACC_Championships/Long-Jump,TFRRS all_performances
"Barron, Mia",Virginia,ACC,Long Jump,2016,1,,,5.93,m,NCAA Division I - East Preliminary Round,2016-05-26,,,0.2,Outdoor,https://www.tfrrs.org/results/46682/2882923/NCAA_Division_I_-_East_Preliminary_Round/Long-Jump,TFRRS all_performances
"Hicks, Traci",Arizona,Big 12,Long Jump,2016,4,,,5.78,m,Jim Bush Collegiate Invitational,2016-03-22,,,1.3,Outdoor,https://www.tfrrs.org/results/43380/2728640/Jim_Bush_Collegiate_Invitational/Long-Jump,TFRRS all_performances
"Thompson, Alyssa",Arizona,Big 12,Long Jump,2016,3,,,5.18,m,Jim Bush Collegiate Invitational,2016-03-22,,,-1.0,Outdoor,https://www.tfrrs.org/results/43380/2728640/Jim_Bush_Collegiate_Invitational/Long-Jump,TFRRS all_performances
"Bonds, Tiana",Arizona,Big 12,Long Jump,2016,2,,,5.50,m,Stanford Invitational,2016-04-01,,,2.0,Outdoor,https://www.tfrrs.org/results/45256/2762451/Stanford_Invitational/Long-Jump,TFRRS all_performances
"Thompson, Alyssa",Arizona,Big 12,Long Jump,2016,3,,,5.73,m,Stanford Invitational,2016-04-01,,,1.8,Outdoor,https://www.tfrrs.org/results/45256/2762451/Stanford_Invitational/Long-Jump,TFRRS all_performances
"Bonds, Tiana",Arizona,Big 12,Long Jump,2016,2,,,5.67,m,Jim Click Shootout,2016-04-09,,,0.5,Outdoor,https://www.tfrrs.org/results/44804/2781543/Jim_Click_Shootout/Long-Jump,TFRRS all_performances
"Thompson, Alyssa",Arizona,Big 12,Long Jump,2016,3,,,5.83,m,Jim Click Shootout,2016-04-09,,,0.8,Outdoor,https://www.tfrrs.org/results/44804/2781543/Jim_Click_Shootout/Long-Jump,TFRRS all_performances
"Thompson, Alyssa",Arizona,Big 12,Long Jump,2016,3,,,5.42,m,LSU Alumni Gold,2016-04-23,,,1.5,Outdoor,https://www.tfrrs.org/results/41857/2824960/LSU_Alumni_Gold/Long-Jump,TFRRS all_performances
"Hicks, Traci",Arizona,Big 12,Long Jump,2016,4,,,6.06,m,2016 Duel in the Desert,2016-04-30,,,2.0,Outdoor,https://www.tfrrs.org/results/45969/2845959/2016_Duel_in_the_Desert/Long-Jump,TFRRS all_performances
"Williams, Brittni",Arizona,Big 12,Long Jump,2016,1,,,4.28,m,2016 Duel in the Desert,2016-04-30,,,1.0,Outdoor,https://www.tfrrs.org/results/45969/2845959/2016_Duel_in_the_Desert/Long-Jump,TFRRS all_performances
"Bonds, Tiana",Arizona,Big 12,Long Jump,2016,2,,,5.39,m,Pac-12 Combined Events Championships,2016-05-07,,,0.2,Outdoor,https://www.tfrrs.org/results/45707/2865735/Pac-12_Combined_Events_Championships/Long-Jump,TFRRS all_performances
"Thompson, Alyssa",Arizona,Big 12,Long Jump,2016,3,,,5.67,m,Pac-12 Combined Events Championships,2016-05-07,,,-0.2,Outdoor,https://www.tfrrs.org/results/45707/2865735/Pac-12_Combined_Events_Championships/Long-Jump,TFRRS all_performances
"Bonds, Tiana",Arizona,Big 12,Long Jump,2016,2,,,5.39,m,Pac-12 Outdoor Track & Field Championships,2016-05-14,,,0.2,Outdoor,https://www.tfrrs.org/results/45708/2877310/Pac-12_Outdoor_Track__Field_Championships/Long-Jump,TFRRS all_performances
"Hicks, Traci",Arizona,Big 12,Long Jump,2016,4,,,5.61,m,Pac-12 Outdoor Track & Field Championships,2016-05-14,,,1.4,Outdoor,https://www.tfrrs.org/results/45708/2877300/Pac-12_Outdoor_Track__Field_Championships/Long-Jump,TFRRS all_performances
"Thompson, Alyssa",Arizona,Big 12,Long Jump,2016,3,,,5.72,m,Pac-12 Outdoor Track & Field Championships,2016-05-14,,,0.6,Outdoor,https://www.tfrrs.org/results/45708/2877300/Pac-12_Outdoor_Track__Field_Championships/Long-Jump,TFRRS all_performances
"Thompson, Alyssa",Arizona,Big 12,Long Jump,2016,3,,,5.67,m,Pac-12 Outdoor Track & Field Championships,2016-05-14,,,-0.2,Outdoor,https://www.tfrrs.org/results/45708/2877310/Pac-12_Outdoor_Track__Field_Championships/Long-Jump,TFRRS all_performances
"Hicks, Traci",Arizona,Big 12,Long Jump,2016,4,,,6.01,m,NCAA Division I - West Preliminary Round,2016-05-26,,,+0.0,Outdoor,https://www.tfrrs.org/results/46681/2882654/NCAA_Division_I_-_West_Preliminary_Round/Long-Jump,TFRRS all_performances
"Thompson, Alyssa",Arizona,Big 12,Long Jump,2016,3,,,6.07,m,NCAA Division I Track & Field Championships,2016-06-08,,,0.9,Outdoor,https://www.tfrrs.org/results/46699/2884638/NCAA_Division_I_Track__Field_Championships/Long-Jump,TFRRS all_performances
"Merkley, Erin",BYU,Big 12,Long Jump,2016,4,,,4.97,m,UNLV Invitational and Sheila Tarr Multis,2016-03-17,,,0.9,Outdoor,https://www.tfrrs.org/results/41655/2717801/UNLV_Invitational_and_Sheila_Tarr_Multis/Long-Jump,TFRRS all_performances
"Richardson, Chloe",BYU,Big 12,Long Jump,2016,3,,,5.34,m,Trojan Invitational,2016-03-18,,,+0.0,Outdoor,https://www.tfrrs.org/results/44543/2718366/Trojan_Invitational/Long-Jump,TFRRS all_performances
"Dixon, Kiyana",BYU,Big 12,Long Jump,2016,1,,,4.81,m,38th Annual Aztec Open,2016-03-25,,,0.9,Outdoor,https://www.tfrrs.org/results/45755/2793412/38th_Annual_Aztec_Open/Long-Jump,TFRRS all_performances
"Jackson, ShyAndrea",BYU,Big 12,Long Jump,2016,2,,,5.38,m,38th Annual Aztec Open,2016-03-25,,,1.9,Outdoor,https://www.tfrrs.org/results/45755/2793412/38th_Annual_Aztec_Open/Long-Jump,TFRRS all_performances
"Dixon, Kiyana",BYU,Big 12,Long Jump,2016,1,,,5.11,m,2016 UVU Collegiate Invite,2016-04-01,,,+0.0,Outdoor,https://www.tfrrs.org/results/45215/2762352/2016_UVU_Collegiate_Invite/Long-Jump,TFRRS all_performances
"Folsom, Halley",BYU,Big 12,Long Jump,2016,1,,,4.59,m,2016 UVU Collegiate Invite,2016-04-01,,,+0.0,Outdoor,https://www.tfrrs.org/results/45215/2762352/2016_UVU_Collegiate_Invite/Long-Jump,TFRRS all_performances
"Jackson, ShyAndrea",BYU,Big 12,Long Jump,2016,2,,,4.48,m,2016 UVU Collegiate Invite,2016-04-01,,,+0.0,Outdoor,https://www.tfrrs.org/results/45215/2762352/2016_UVU_Collegiate_Invite/Long-Jump,TFRRS all_performances
"Richardson, Chloe",BYU,Big 12,Long Jump,2016,3,,,5.35,m,2016 UVU Collegiate Invite,2016-04-01,,,+0.0,Outdoor,https://www.tfrrs.org/results/45215/2762352/2016_UVU_Collegiate_Invite/Long-Jump,TFRRS all_performances
"Spencer, Chelse",BYU,Big 12,Long Jump,2016,4,,,4.78,m,2016 UVU Collegiate Invite,2016-04-01,,,1.8,Outdoor,https://www.tfrrs.org/results/45215/2762352/2016_UVU_Collegiate_Invite/Long-Jump,TFRRS all_performances
"Folsom, Halley",BYU,Big 12,Long Jump,2016,1,,,5.11,m,Utah Spring Classic,2016-04-08,,,0.1,Outdoor,https://www.tfrrs.org/results/45576/2779088/Utah_Spring_Classic/Long-Jump,TFRRS all_performances
"Jackson, ShyAndrea",BYU,Big 12,Long Jump,2016,2,,,5.51,m,Utah Spring Classic,2016-04-08,,,0.1,Outdoor,https://www.tfrrs.org/results/45576/2779088/Utah_Spring_Classic/Long-Jump,TFRRS all_performances
"Richardson, Chloe",BYU,Big 12,Long Jump,2016,3,,,5.61,m,Utah Spring Classic,2016-04-08,,,0.9,Outdoor,https://www.tfrrs.org/results/45576/2779088/Utah_Spring_Classic/Long-Jump,TFRRS all_performances
"Spencer, Chelse",BYU,Big 12,Long Jump,2016,4,,,4.96,m,Utah Spring Classic,2016-04-08,,,0.1,Outdoor,https://www.tfrrs.org/results/45576/2779088/Utah_Spring_Classic/Long-Jump,TFRRS all_performances
"Dixon, Kiyana",BYU,Big 12,Long Jump,2016,1,,,4.87,m,2016 BYU Robison Invitational,2016-04-21,,,1.4,Outdoor,https://www.tfrrs.org/results/46095/2832455/2016_BYU_Robison_Invitational/Long-Jump,TFRRS all_performances
"Folsom, Halley",BYU,Big 12,Long Jump,2016,1,,,4.84,m,2016 BYU Robison Invitational,2016-04-21,,,-1.2,Outdoor,https://www.tfrrs.org/results/46095/2846943/2016_BYU_Robison_Invitational/Long-Jump,TFRRS all_performances
"Jackson, ShyAndrea",BYU,Big 12,Long Jump,2016,2,,,5.41,m,2016 BYU Robison Invitational,2016-04-21,,,1.3,Outdoor,https://www.tfrrs.org/results/46095/2832455/2016_BYU_Robison_Invitational/Long-Jump,TFRRS all_performances
"Merkley, Erin",BYU,Big 12,Long Jump,2016,4,,,5.27,m,2016 BYU Robison Invitational,2016-04-21,,,0.5,Outdoor,https://www.tfrrs.org/results/46095/2846943/2016_BYU_Robison_Invitational/Long-Jump,TFRRS all_performances
"Dixon, Kiyana",BYU,Big 12,Long Jump,2016,1,,,5.10,m,Border Clash 2016,2016-04-29,,,1.0,Outdoor,https://www.tfrrs.org/results/44123/2847298/Border_Clash_2016/Long-Jump,TFRRS all_performances
"Folsom, Halley",BYU,Big 12,Long Jump,2016,1,,,4.96,m,Border Clash 2016,2016-04-29,,,1.5,Outdoor,https://www.tfrrs.org/results/44123/2847298/Border_Clash_2016/Long-Jump,TFRRS all_performances
"Jackson, ShyAndrea",BYU,Big 12,Long Jump,2016,2,,,5.63,m,Border Clash 2016,2016-04-29,,,1.1,Outdoor,https://www.tfrrs.org/results/44123/2847298/Border_Clash_2016/Long-Jump,TFRRS all_performances
"Richardson, Chloe",BYU,Big 12,Long Jump,2016,3,,,5.57,m,Border Clash 2016,2016-04-29,,,1.8,Outdoor,https://www.tfrrs.org/results/44123/2847298/Border_Clash_2016/Long-Jump,TFRRS all_performances
"Spencer, Chelse",BYU,Big 12,Long Jump,2016,4,,,5.48,m,Border Clash 2016,2016-04-29,,,0.8,Outdoor,https://www.tfrrs.org/results/44123/2847298/Border_Clash_2016/Long-Jump,TFRRS all_performances
"Dixon, Kiyana",BYU,Big 12,Long Jump,2016,1,,,4.51,m,Weber State Twilight Meet 2016,2016-05-04,,,+0.0,Outdoor,https://www.tfrrs.org/results/45923/2856990/Weber_State_Twilight_Meet_2016/Long-Jump,TFRRS all_performances
"Richardson, Chloe",BYU,Big 12,Long Jump,2016,3,,,5.67,m,Weber State Twilight Meet 2016,2016-05-04,,,0.7,Outdoor,https://www.tfrrs.org/results/45923/2856990/Weber_State_Twilight_Meet_2016/Long-Jump,TFRRS all_performances
"Spencer, Chelse",BYU,Big 12,Long Jump,2016,4,,,5.35,m,Weber State Twilight Meet 2016,2016-05-04,,,0.8,Outdoor,https://www.tfrrs.org/results/45923/2856990/Weber_State_Twilight_Meet_2016/Long-Jump,TFRRS all_performances
"Jackson, ShyAndrea",BYU,Big 12,Long Jump,2016,2,,,5.73,m,2016 Oxy Invitational (College/University),2016-05-07,,,+0.0,Outdoor,https://www.tfrrs.org/results/41646/2864479/2016_Oxy_Invitational_College_University/Long-Jump,TFRRS all_performances
"Richardson, Chloe",BYU,Big 12,Long Jump,2016,3,,,5.40,m,2016 Oxy Invitational (College/University),2016-05-07,,,1.3,Outdoor,https://www.tfrrs.org/results/41646/2864479/2016_Oxy_Invitational_College_University/Long-Jump,TFRRS all_performances
"Folsom, Halley",BYU,Big 12,Long Jump,2016,1,,,5.37,m,2016 BYU Cougar Invitational,2016-05-12,,,+0.0,Outdoor,https://www.tfrrs.org/results/46609/2872732/2016_BYU_Cougar_Invitational/Long-Jump,TFRRS all_performances
"Jackson, ShyAndrea",BYU,Big 12,Long Jump,2016,2,,,5.66,m,2016 BYU Cougar Invitational,2016-05-12,,,1.1,Outdoor,https://www.tfrrs.org/results/46609/2872716/2016_BYU_Cougar_Invitational/Long-Jump,TFRRS all_performances
"Kurywchak, Danylle",Baylor,Big 12,Long Jump,2016,4,,,5.45,m,Big 12 Outdoor Track & Field Championships,2016-05-13,,,1.5,Outdoor,https://www.tfrrs.org/results/45751/2876757/Big_12_Outdoor_Track__Field_Championships/Long-Jump,TFRRS all_performances
"Schminke, Bailey",Iowa State,Big 12,Long Jump,2016,1,,,4.98,m,University of Tulsa Duels,2016-03-18,,,1.8,Outdoor,https://www.tfrrs.org/results/44538/2717553/University_of_Tulsa_Duels/Long-Jump,TFRRS all_performances
"Storm, Kaci",Iowa State,Big 12,Long Jump,2016,3,,,5.64,m,University of Tulsa Duels,2016-03-18,,,1.8,Outdoor,https://www.tfrrs.org/results/44538/2717553/University_of_Tulsa_Duels/Long-Jump,TFRRS all_performances
"Whigham, Emma",Iowa State,Big 12,Long Jump,2016,1,,,5.57,m,University of Tulsa Duels,2016-03-18,,,0.8,Outdoor,https://www.tfrrs.org/results/44538/2717553/University_of_Tulsa_Duels/Long-Jump,TFRRS all_performances
"Whigham, Emma",Iowa State,Big 12,Long Jump,2016,1,,,5.14,m,Stanford Invitational,2016-04-01,,,-1.1,Outdoor,https://www.tfrrs.org/results/45256/2762494/Stanford_Invitational/Long-Jump,TFRRS all_performances
"Luque, Jhoanmy",Iowa State,Big 12,Long Jump,2016,2,,,6.24,m,37th Annual Sun Angel Classic,2016-04-08,,,-0.7,Outdoor,https://www.tfrrs.org/results/45599/2783312/37th_Annual_Sun_Angel_Classic/Long-Jump,TFRRS all_performances
"Storm, Kaci",Iowa State,Big 12,Long Jump,2016,3,,,5.42,m,Jim Click Shootout,2016-04-09,,,+0.0,Outdoor,https://www.tfrrs.org/results/44804/2781543/Jim_Click_Shootout/Long-Jump,TFRRS all_performances
"Whigham, Emma",Iowa State,Big 12,Long Jump,2016,1,,,5.44,m,Jim Click Shootout,2016-04-09,,,0.7,Outdoor,https://www.tfrrs.org/results/44804/2781543/Jim_Click_Shootout/Long-Jump,TFRRS all_performances
"Luque, Jhoanmy",Iowa State,Big 12,Long Jump,2016,2,,,6.25,m,LSU Alumni Gold,2016-04-23,,,1.2,Outdoor,https://www.tfrrs.org/results/41857/2825001/LSU_Alumni_Gold/Long-Jump,TFRRS all_performances
"Storm, Kaci",Iowa State,Big 12,Long Jump,2016,3,,,5.55,m,Musco Twilight,2016-04-23,,,0.7,Outdoor,https://www.tfrrs.org/results/46100/2826743/Musco_Twilight/Long-Jump,TFRRS all_performances
"Whigham, Emma",Iowa State,Big 12,Long Jump,2016,1,,,5.31,m,Musco Twilight,2016-04-23,,,1.7,Outdoor,https://www.tfrrs.org/results/46100/2826743/Musco_Twilight/Long-Jump,TFRRS all_performances
"Luque, Jhoanmy",Iowa State,Big 12,Long Jump,2016,2,,,6.18,m,2016 Drake Relays presented by Hy-Vee,2016-04-27,,,+0.0,Outdoor,https://www.tfrrs.org/results/46333/2843991/2016_Drake_Relays_presented_by_Hy-Vee/Long-Jump,TFRRS all_performances
"Storm, Kaci",Iowa State,Big 12,Long Jump,2016,3,,,5.31,m,2016 Drake Relays presented by Hy-Vee,2016-04-27,,,+0.0,Outdoor,https://www.tfrrs.org/results/46333/2844001/2016_Drake_Relays_presented_by_Hy-Vee/Long-Jump,TFRRS all_performances
"Whigham, Emma",Iowa State,Big 12,Long Jump,2016,1,,,4.95,m,2016 Drake Relays presented by Hy-Vee,2016-04-27,,,1.5,Outdoor,https://www.tfrrs.org/results/46333/2844001/2016_Drake_Relays_presented_by_Hy-Vee/Long-Jump,TFRRS all_performances
"Luque, Jhoanmy",Iowa State,Big 12,Long Jump,2016,2,,,6.22,m,Big 12 Outdoor Track & Field Championships,2016-05-13,,,0.8,Outdoor,https://www.tfrrs.org/results/45751/2876757/Big_12_Outdoor_Track__Field_Championships/Long-Jump,TFRRS all_performances
"Luque, Jhoanmy",Iowa State,Big 12,Long Jump,2016,2,,,6.22,m,NCAA Division I - West Preliminary Round,2016-05-26,,,+0.0,Outdoor,https://www.tfrrs.org/results/46681/2882654/NCAA_Division_I_-_West_Preliminary_Round/Long-Jump,TFRRS all_performances
"Luque, Jhoanmy",Iowa State,Big 12,Long Jump,2016,2,,,6.20,m,NCAA Division I Track & Field Championships,2016-06-08,,,0.3,Outdoor,https://www.tfrrs.org/results/46699/2884173/NCAA_Division_I_Track__Field_Championships/Long-Jump,TFRRS all_performances
"Hinton, Kaylee",Texas Tech,Big 12,Long Jump,2016,1,,,5.69,m,TCU Invitational,2016-03-17,,,-1.3,Outdoor,https://www.tfrrs.org/results/43159/2715454/TCU_Invitational_/Long-Jump,TFRRS all_performances
"Jackson, Gionna",Texas Tech,Big 12,Long Jump,2016,4,,,5.83,m,TCU Invitational,2016-03-17,,,-4.1,Outdoor,https://www.tfrrs.org/results/43159/2715454/TCU_Invitational_/Long-Jump,TFRRS all_performances
"Morgan, Andi",Texas Tech,Big 12,Long Jump,2016,3,,,5.09,m,TCU Invitational,2016-03-17,,,-3.4,Outdoor,https://www.tfrrs.org/results/43159/2715454/TCU_Invitational_/Long-Jump,TFRRS all_performances
"Nesmith, Amani",Texas Tech,Big 12,Long Jump,2016,3,,,5.68,m,TCU Invitational,2016-03-17,,,-0.8,Outdoor,https://www.tfrrs.org/results/43159/2715454/TCU_Invitational_/Long-Jump,TFRRS all_performances
"Stewart, Shanice",Texas Tech,Big 12,Long Jump,2016,4,,,6.07,m,TCU Invitational,2016-03-17,,,-1.9,Outdoor,https://www.tfrrs.org/results/43159/2715454/TCU_Invitational_/Long-Jump,TFRRS all_performances
"Thompson, Natalie",Texas Tech,Big 12,Long Jump,2016,4,,,5.04,m,TCU Invitational,2016-03-17,,,-2.8,Outdoor,https://www.tfrrs.org/results/43159/2715454/TCU_Invitational_/Long-Jump,TFRRS all_performances
"Hinton, Kaylee",Texas Tech,Big 12,Long Jump,2016,1,,,5.98,m,Texas Tech Open,2016-03-24,,,1.6,Outdoor,https://www.tfrrs.org/results/44315/2733598/Texas_Tech_Open/Long-Jump,TFRRS all_performances
"Latham, Viershanie",Texas Tech,Big 12,Long Jump,2016,3,,,6.01,m,Texas Tech Open,2016-03-24,,,+0.0,Outdoor,https://www.tfrrs.org/results/44315/2733598/Texas_Tech_Open/Long-Jump,TFRRS all_performances
"Morgan, Andi",Texas Tech,Big 12,Long Jump,2016,3,,,5.60,m,Texas Tech Open,2016-03-24,,,0.4,Outdoor,https://www.tfrrs.org/results/44315/2733598/Texas_Tech_Open/Long-Jump,TFRRS all_performances
"Nesmith, Amani",Texas Tech,Big 12,Long Jump,2016,3,,,6.05,m,Texas Tech Open,2016-03-24,,,1.2,Outdoor,https://www.tfrrs.org/results/44315/2733598/Texas_Tech_Open/Long-Jump,TFRRS all_performances
"Thompson, Natalie",Texas Tech,Big 12,Long Jump,2016,4,,,5.50,m,Texas Tech Open,2016-03-24,,,1.3,Outdoor,https://www.tfrrs.org/results/44315/2733598/Texas_Tech_Open/Long-Jump,TFRRS all_performances
"Hinton, Kaylee",Texas Tech,Big 12,Long Jump,2016,1,,,5.88,m,2016 Nike Clyde Littlefield Texas Relays,2016-03-30,,,1.7,Outdoor,https://www.tfrrs.org/results/43409/2836087/2016_Nike_Clyde_Littlefield_Texas_Relays/Long-Jump,TFRRS all_performances
"Jackson, Gionna",Texas Tech,Big 12,Long Jump,2016,4,,,6.16,m,2016 Nike Clyde Littlefield Texas Relays,2016-03-30,,,0.7,Outdoor,https://www.tfrrs.org/results/43409/2758950/2016_Nike_Clyde_Littlefield_Texas_Relays/Long-Jump,TFRRS all_performances
"Latham, Viershanie",Texas Tech,Big 12,Long Jump,2016,3,,,5.85,m,2016 Nike Clyde Littlefield Texas Relays,2016-03-30,,,1.2,Outdoor,https://www.tfrrs.org/results/43409/2758950/2016_Nike_Clyde_Littlefield_Texas_Relays/Long-Jump,TFRRS all_performances
"Nesmith, Amani",Texas Tech,Big 12,Long Jump,2016,3,,,5.47,m,2016 Nike Clyde Littlefield Texas Relays,2016-03-30,,,1.8,Outdoor,https://www.tfrrs.org/results/43409/2759037/2016_Nike_Clyde_Littlefield_Texas_Relays/Long-Jump,TFRRS all_performances
"Thompson, Natalie",Texas Tech,Big 12,Long Jump,2016,4,,,5.24,m,2016 Nike Clyde Littlefield Texas Relays,2016-03-30,,,1.2,Outdoor,https://www.tfrrs.org/results/43409/2836087/2016_Nike_Clyde_Littlefield_Texas_Relays/Long-Jump,TFRRS all_performances
"Hinton, Kaylee",Texas Tech,Big 12,Long Jump,2016,1,,,5.89,m,Kansas Relays,2016-04-20,,,0.5,Outdoor,https://www.tfrrs.org/results/46104/2827405/Kansas_Relays/Long-Jump,TFRRS all_performances
"Morgan, Andi",Texas Tech,Big 12,Long Jump,2016,3,,,5.00,m,Kansas Relays,2016-04-20,,,0.3,Outdoor,https://www.tfrrs.org/results/46104/2827405/Kansas_Relays/Long-Jump,TFRRS all_performances
"Thompson, Natalie",Texas Tech,Big 12,Long Jump,2016,4,,,5.01,m,Kansas Relays,2016-04-20,,,-0.4,Outdoor,https://www.tfrrs.org/results/46104/2827405/Kansas_Relays/Long-Jump,TFRRS all_performances
"Latham, Viershanie",Texas Tech,Big 12,Long Jump,2016,3,,,6.14,m,Michael Johnson Classic,2016-04-23,,,1.7,Outdoor,https://www.tfrrs.org/results/45651/2826997/Michael_Johnson_Classic/Long-Jump,TFRRS all_performances
"Nesmith, Amani",Texas Tech,Big 12,Long Jump,2016,3,,,6.13,m,Michael Johnson Classic,2016-04-23,,,1.6,Outdoor,https://www.tfrrs.org/results/45651/2826997/Michael_Johnson_Classic/Long-Jump,TFRRS all_performances
"Hinton, Kaylee",Texas Tech,Big 12,Long Jump,2016,1,,,5.51,m,2016 Drake Relays presented by Hy-Vee,2016-04-27,,,+0.0,Outdoor,https://www.tfrrs.org/results/46333/2843991/2016_Drake_Relays_presented_by_Hy-Vee/Long-Jump,TFRRS all_performances
"Hinton, Kaylee",Texas Tech,Big 12,Long Jump,2016,1,,,5.72,m,ACU Oliver Jackson Twilight Meet,2016-04-27,,,0.6,Outdoor,https://www.tfrrs.org/results/45930/2838627/ACU_Oliver_Jackson_Twilight_Meet/Long-Jump,TFRRS all_performances
"Jackson, Gionna",Texas Tech,Big 12,Long Jump,2016,4,,,5.85,m,2016 Drake Relays presented by Hy-Vee,2016-04-27,,,0.7,Outdoor,https://www.tfrrs.org/results/46333/2843991/2016_Drake_Relays_presented_by_Hy-Vee/Long-Jump,TFRRS all_performances
"Jackson, Gionna",Texas Tech,Big 12,Long Jump,2016,4,,,6.16,m,ACU Oliver Jackson Twilight Meet,2016-04-27,,,0.6,Outdoor,https://www.tfrrs.org/results/45930/2838627/ACU_Oliver_Jackson_Twilight_Meet/Long-Jump,TFRRS all_performances
"Latham, Viershanie",Texas Tech,Big 12,Long Jump,2016,3,,,5.85,m,2016 Drake Relays presented by Hy-Vee,2016-04-27,,,1.9,Outdoor,https://www.tfrrs.org/results/46333/2843991/2016_Drake_Relays_presented_by_Hy-Vee/Long-Jump,TFRRS all_performances
"Morgan, Andi",Texas Tech,Big 12,Long Jump,2016,3,,,5.51,m,ACU Oliver Jackson Twilight Meet,2016-04-27,,,+0.0,Outdoor,https://www.tfrrs.org/results/45930/2838627/ACU_Oliver_Jackson_Twilight_Meet/Long-Jump,TFRRS all_performances
"Nesmith, Amani",Texas Tech,Big 12,Long Jump,2016,3,,,6.05,m,2016 Drake Relays presented by Hy-Vee,2016-04-27,,,1.7,Outdoor,https://www.tfrrs.org/results/46333/2843991/2016_Drake_Relays_presented_by_Hy-Vee/Long-Jump,TFRRS all_performances
"Nesmith, Amani",Texas Tech,Big 12,Long Jump,2016,3,,,6.11,m,ACU Oliver Jackson Twilight Meet,2016-04-27,,,0.7,Outdoor,https://www.tfrrs.org/results/45930/2838627/ACU_Oliver_Jackson_Twilight_Meet/Long-Jump,TFRRS all_performances
"Latham, Viershanie",Texas Tech,Big 12,Long Jump,2016,3,,,5.93,m,Texas Tech Masked Rider Open,2016-05-06,,,1.0,Outdoor,https://www.tfrrs.org/results/44317/2860156/Texas_Tech_Masked_Rider_Open/Long-Jump,TFRRS all_performances
"Hinton, Kaylee",Texas Tech,Big 12,Long Jump,2016,1,,,5.72,m,Big 12 Outdoor Track & Field Championships,2016-05-13,,,1.6,Outdoor,https://www.tfrrs.org/results/45751/2876757/Big_12_Outdoor_Track__Field_Championships/Long-Jump,TFRRS all_performances
"Jackson, Gionna",Texas Tech,Big 12,Long Jump,2016,4,,,5.81,m,Big 12 Outdoor Track & Field Championships,2016-05-13,,,0.5,Outdoor,https://www.tfrrs.org/results/45751/2876757/Big_12_Outdoor_Track__Field_Championships/Long-Jump,TFRRS all_performances
"Latham, Viershanie",Texas Tech,Big 12,Long Jump,2016,3,,,6.10,m,Big 12 Outdoor Track & Field Championships,2016-05-13,,,2.0,Outdoor,https://www.tfrrs.org/results/45751/2876757/Big_12_Outdoor_Track__Field_Championships/Long-Jump,TFRRS all_performances
"Nesmith, Amani",Texas Tech,Big 12,Long Jump,2016,3,,,5.73,m,Big 12 Outdoor Track & Field Championships,2016-05-13,,,1.3,Outdoor,https://www.tfrrs.org/results/45751/2876757/Big_12_Outdoor_Track__Field_Championships/Long-Jump,TFRRS all_performances
"Hinton, Kaylee",Texas Tech,Big 12,Long Jump,2016,1,,,5.75,m,NCAA Division I - West Preliminary Round,2016-05-26,,,+0.0,Outdoor,https://www.tfrrs.org/results/46681/2882654/NCAA_Division_I_-_West_Preliminary_Round/Long-Jump,TFRRS all_performances
"Jackson, Gionna",Texas Tech,Big 12,Long Jump,2016,4,,,5.89,m,NCAA Division I - West Preliminary Round,2016-05-26,,,+0.0,Outdoor,https://www.tfrrs.org/results/46681/2882654/NCAA_Division_I_-_West_Preliminary_Round/Long-Jump,TFRRS all_performances
"Latham, Viershanie",Texas Tech,Big 12,Long Jump,2016,3,,,5.96,m,NCAA Division I - West Preliminary Round,2016-05-26,,,+0.0,Outdoor,https://www.tfrrs.org/results/46681/2882654/NCAA_Division_I_-_West_Preliminary_Round/Long-Jump,TFRRS all_performances
"Nesmith, Amani",Texas Tech,Big 12,Long Jump,2016,3,,,5.91,m,NCAA Division I - West Preliminary Round,2016-05-26,,,+0.0,Outdoor,https://www.tfrrs.org/results/46681/2882654/NCAA_Division_I_-_West_Preliminary_Round/Long-Jump,TFRRS all_performances
"Driver, Briana",Illinois,Big Ten,Long Jump,2016,1,,,5.46,m,Baldy Castillo Invitational,2016-03-18,,,0.1,Outdoor,https://www.tfrrs.org/results/44544/2718705/Baldy_Castillo_Invitational/Long-Jump,TFRRS all_performances
"Rogers, Janile",Illinois,Big Ten,Long Jump,2016,1,,,5.62,m,Baldy Castillo Invitational,2016-03-18,,,+0.0,Outdoor,https://www.tfrrs.org/results/44544/2718705/Baldy_Castillo_Invitational/Long-Jump,TFRRS all_performances
"Driver, Briana",Illinois,Big Ten,Long Jump,2016,1,,,5.27,m,Vanderbilt Black and Gold Invitational,2016-03-25,,,0.2,Outdoor,https://www.tfrrs.org/results/44883/2738365/Vanderbilt_Black_and_Gold_Invitational/Long-Jump,TFRRS all_performances
"Hargrove, Sade",Illinois,Big Ten,Long Jump,2016,1,,,5.51,m,Vanderbilt Black and Gold Invitational,2016-03-25,,,+0.0,Outdoor,https://www.tfrrs.org/results/44883/2738365/Vanderbilt_Black_and_Gold_Invitational/Long-Jump,TFRRS all_performances
"Driver, Briana",Illinois,Big Ten,Long Jump,2016,1,,,5.72,m,EIU Big Blue Classic 2016,2016-03-31,,,0.6,Outdoor,https://www.tfrrs.org/results/45237/2760768/EIU_Big_Blue_Classic_2016/Long-Jump,TFRRS all_performances
"Hargrove, Sade",Illinois,Big Ten,Long Jump,2016,1,,,5.41,m,EIU Big Blue Classic 2016,2016-03-31,,,0.5,Outdoor,https://www.tfrrs.org/results/45237/2760768/EIU_Big_Blue_Classic_2016/Long-Jump,TFRRS all_performances
"Rogers, Janile",Illinois,Big Ten,Long Jump,2016,1,,,5.68,m,EIU Big Blue Classic 2016,2016-03-31,,,1.6,Outdoor,https://www.tfrrs.org/results/45237/2760768/EIU_Big_Blue_Classic_2016/Long-Jump,TFRRS all_performances
"Driver, Briana",Illinois,Big Ten,Long Jump,2016,1,,,5.52,m,UCF vs Illinois Dual,2016-04-09,,,1.0,Outdoor,https://www.tfrrs.org/results/44793/2782428/UCF_vs_Illinois_Dual_/Long-Jump,TFRRS all_performances
"Rogers, Janile",Illinois,Big Ten,Long Jump,2016,1,,,5.41,m,UCF vs Illinois Dual,2016-04-09,,,1.0,Outdoor,https://www.tfrrs.org/results/44793/2782428/UCF_vs_Illinois_Dual_/Long-Jump,TFRRS all_performances
"Driver, Briana",Illinois,Big Ten,Long Jump,2016,1,,,5.68,m,Illinois Twilight,2016-04-23,,,0.6,Outdoor,https://www.tfrrs.org/results/42201/2827820/Illinois_Twilight/Long-Jump,TFRRS all_performances
"Rogers, Janile",Illinois,Big Ten,Long Jump,2016,1,,,5.57,m,Illinois Twilight,2016-04-23,,,0.1,Outdoor,https://www.tfrrs.org/results/42201/2827820/Illinois_Twilight/Long-Jump,TFRRS all_performances
"Rogers, Janile",Illinois,Big Ten,Long Jump,2016,1,,,5.35,m,2016 Drake Relays presented by Hy-Vee,2016-04-27,,,1.5,Outdoor,https://www.tfrrs.org/results/46333/2843991/2016_Drake_Relays_presented_by_Hy-Vee/Long-Jump,TFRRS all_performances
"Driver, Briana",Illinois,Big Ten,Long Jump,2016,1,,,5.76,m,Big Ten Conference Outdoor Track & Field Championships,2016-05-13,,,0.9,Outdoor,https://www.tfrrs.org/results/45804/2876203/Big_Ten_Conference_Outdoor_Track__Field_Championships/Long-Jump,TFRRS all_performances
"Czuth, Reka",Nebraska,Big Ten,Long Jump,2016,2,,,5.81,m,Pac-12 vs Big 10 Invitational,2016-03-25,,,+0.0,Outdoor,https://www.tfrrs.org/results/44896/2740092/Pac-12_vs_Big_10_Invitational/Long-Jump,TFRRS all_performances
"Heck, Kari",Nebraska,Big Ten,Long Jump,2016,4,,,5.85,m,Pac-12 vs Big 10 Invitational,2016-03-25,,,0.3,Outdoor,https://www.tfrrs.org/results/44896/2740092/Pac-12_vs_Big_10_Invitational/Long-Jump,TFRRS all_performances
"Jones, Danielle",Nebraska,Big Ten,Long Jump,2016,3,,,5.63,m,Pac-12 vs Big 10 Invitational,2016-03-25,,,1.8,Outdoor,https://www.tfrrs.org/results/44896/2740092/Pac-12_vs_Big_10_Invitational/Long-Jump,TFRRS all_performances
"McCoy, Jazmin",Nebraska,Big Ten,Long Jump,2016,3,,,5.86,m,Pac-12 vs Big 10 Invitational,2016-03-25,,,+0.0,Outdoor,https://www.tfrrs.org/results/44896/2740092/Pac-12_vs_Big_10_Invitational/Long-Jump,TFRRS all_performances
"Mercurio, Angela",Nebraska,Big Ten,Long Jump,2016,2,,,5.35,m,Pac-12 vs Big 10 Invitational,2016-03-25,,,+0.0,Outdoor,https://www.tfrrs.org/results/44896/2740092/Pac-12_vs_Big_10_Invitational/Long-Jump,TFRRS all_performances
"Williams, Tierra",Nebraska,Big Ten,Long Jump,2016,3,,,6.21,m,Pac-12 vs Big 10 Invitational,2016-03-25,,,0.2,Outdoor,https://www.tfrrs.org/results/44896/2740092/Pac-12_vs_Big_10_Invitational/Long-Jump,TFRRS all_performances
"Heck, Kari",Nebraska,Big Ten,Long Jump,2016,4,,,5.85,m,2016 Husker Spring Invitational,2016-04-09,,,-1.4,Outdoor,https://www.tfrrs.org/results/42046/2782128/2016_Husker_Spring_Invitational/Long-Jump,TFRRS all_performances
"Pieri, Morgan",Nebraska,Big Ten,Long Jump,2016,1,,,5.25,m,2016 Husker Spring Invitational,2016-04-09,,,1.5,Outdoor,https://www.tfrrs.org/results/42046/2782128/2016_Husker_Spring_Invitational/Long-Jump,TFRRS all_performances
"Williams, Tierra",Nebraska,Big Ten,Long Jump,2016,3,,,6.21,m,2016 Husker Spring Invitational,2016-04-09,,,-2.7,Outdoor,https://www.tfrrs.org/results/42046/2782128/2016_Husker_Spring_Invitational/Long-Jump,TFRRS all_performances
"Czuth, Reka",Nebraska,Big Ten,Long Jump,2016,2,,,6.08,m,Texas Invitational,2016-04-16,,,1.7,Outdoor,https://www.tfrrs.org/results/45298/2804121/Texas_Invitational/Long-Jump,TFRRS all_performances
"Heck, Kari",Nebraska,Big Ten,Long Jump,2016,4,,,5.98,m,Texas Invitational,2016-04-16,,,1.7,Outdoor,https://www.tfrrs.org/results/45298/2804121/Texas_Invitational/Long-Jump,TFRRS all_performances
"Jones, Danielle",Nebraska,Big Ten,Long Jump,2016,3,,,5.61,m,Texas Invitational,2016-04-16,,,0.5,Outdoor,https://www.tfrrs.org/results/45298/2804121/Texas_Invitational/Long-Jump,TFRRS all_performances
"McCoy, Jazmin",Nebraska,Big Ten,Long Jump,2016,3,,,6.05,m,Texas Invitational,2016-04-16,,,0.7,Outdoor,https://www.tfrrs.org/results/45298/2804121/Texas_Invitational/Long-Jump,TFRRS all_performances
"Luken, Hailey",Nebraska,Big Ten,Long Jump,2016,1,,,4.70,m,Kansas Relays,2016-04-20,,,1.8,Outdoor,https://www.tfrrs.org/results/46104/2827405/Kansas_Relays/Long-Jump,TFRRS all_performances
"Pieri, Morgan",Nebraska,Big Ten,Long Jump,2016,1,,,5.05,m,Kansas Relays,2016-04-20,,,1.9,Outdoor,https://www.tfrrs.org/results/46104/2827405/Kansas_Relays/Long-Jump,TFRRS all_performances
"Simmons, Lamisha",Nebraska,Big Ten,Long Jump,2016,1,,,4.82,m,Kansas Relays,2016-04-20,,,1.1,Outdoor,https://www.tfrrs.org/results/46104/2827405/Kansas_Relays/Long-Jump,TFRRS all_performances
"Heck, Kari",Nebraska,Big Ten,Long Jump,2016,4,,,5.90,m,2016 Drake Relays presented by Hy-Vee,2016-04-27,,,0.1,Outdoor,https://www.tfrrs.org/results/46333/2843991/2016_Drake_Relays_presented_by_Hy-Vee/Long-Jump,TFRRS all_performances
"McCoy, Jazmin",Nebraska,Big Ten,Long Jump,2016,3,,,5.90,m,2016 Drake Relays presented by Hy-Vee,2016-04-27,,,1.9,Outdoor,https://www.tfrrs.org/results/46333/2843991/2016_Drake_Relays_presented_by_Hy-Vee/Long-Jump,TFRRS all_performances
"Jones, Danielle",Nebraska,Big Ten,Long Jump,2016,3,,,5.55,m,NWU Spring Invitational,2016-04-28,,,2.0,Outdoor,https://www.tfrrs.org/results/46308/2840962/NWU_Spring_Invitational/Long-Jump,TFRRS all_performances
"Luken, Hailey",Nebraska,Big Ten,Long Jump,2016,1,,,4.90,m,NWU Spring Invitational,2016-04-28,,,1.3,Outdoor,https://www.tfrrs.org/results/46308/2840962/NWU_Spring_Invitational/Long-Jump,TFRRS all_performances
"Carden, Kelley",Nebraska,Big Ten,Long Jump,2016,2,,,4.89,m,2016 Nebraska Invitational,2016-05-07,,,-0.8,Outdoor,https://www.tfrrs.org/results/42048/2863272/2016_Nebraska_Invitational/Long-Jump,TFRRS all_performances
"Czuth, Reka",Nebraska,Big Ten,Long Jump,2016,2,,,5.92,m,2016 Nebraska Invitational,2016-05-07,,,-0.5,Outdoor,https://www.tfrrs.org/results/42048/2863272/2016_Nebraska_Invitational/Long-Jump,TFRRS all_performances
"Heck, Kari",Nebraska,Big Ten,Long Jump,2016,4,,,5.92,m,2016 Nebraska Invitational,2016-05-07,,,0.1,Outdoor,https://www.tfrrs.org/results/42048/2863272/2016_Nebraska_Invitational/Long-Jump,TFRRS all_performances
"McCoy, Jazmin",Nebraska,Big Ten,Long Jump,2016,3,,,6.14,m,2016 Nebraska Invitational,2016-05-07,,,0.3,Outdoor,https://www.tfrrs.org/results/42048/2863272/2016_Nebraska_Invitational/Long-Jump,TFRRS all_performances
"Pieri, Morgan",Nebraska,Big Ten,Long Jump,2016,1,,,5.20,m,2016 Nebraska Invitational,2016-05-07,,,1.7,Outdoor,https://www.tfrrs.org/results/42048/2863272/2016_Nebraska_Invitational/Long-Jump,TFRRS all_performances
"Williams, Tierra",Nebraska,Big Ten,Long Jump,2016,3,,,6.44,m,2016 Nebraska Invitational,2016-05-07,,,-1.1,Outdoor,https://www.tfrrs.org/results/42048/2863272/2016_Nebraska_Invitational/Long-Jump,TFRRS all_performances
"Czuth, Reka",Nebraska,Big Ten,Long Jump,2016,2,,,6.16,m,Big Ten Conference Outdoor Track & Field Championships,2016-05-13,,,1.9,Outdoor,https://www.tfrrs.org/results/45804/2876203/Big_Ten_Conference_Outdoor_Track__Field_Championships/Long-Jump,TFRRS all_performances
"Heck, Kari",Nebraska,Big Ten,Long Jump,2016,4,,,6.03,m,Big Ten Conference Outdoor Track & Field Championships,2016-05-13,,,1.0,Outdoor,https://www.tfrrs.org/results/45804/2876203/Big_Ten_Conference_Outdoor_Track__Field_Championships/Long-Jump,TFRRS all_performances
"McCoy, Jazmin",Nebraska,Big Ten,Long Jump,2016,3,,,5.74,m,Big Ten Conference Outdoor Track & Field Championships,2016-05-13,,,0.5,Outdoor,https://www.tfrrs.org/results/45804/2876203/Big_Ten_Conference_Outdoor_Track__Field_Championships/Long-Jump,TFRRS all_performances
"Williams, Tierra",Nebraska,Big Ten,Long Jump,2016,3,,,6.40,m,Big Ten Conference Outdoor Track & Field Championships,2016-05-13,,,1.6,Outdoor,https://www.tfrrs.org/results/45804/2876203/Big_Ten_Conference_Outdoor_Track__Field_Championships/Long-Jump,TFRRS all_performances
"Czuth, Reka",Nebraska,Big Ten,Long Jump,2016,2,,,5.99,m,NCAA Division I - West Preliminary Round,2016-05-26,,,+0.0,Outdoor,https://www.tfrrs.org/results/46681/2882654/NCAA_Division_I_-_West_Preliminary_Round/Long-Jump,TFRRS all_performances
"Heck, Kari",Nebraska,Big Ten,Long Jump,2016,4,,,5.74,m,NCAA Division I - West Preliminary Round,2016-05-26,,,+0.0,Outdoor,https://www.tfrrs.org/results/46681/2882654/NCAA_Division_I_-_West_Preliminary_Round/Long-Jump,TFRRS all_performances
"McCoy, Jazmin",Nebraska,Big Ten,Long Jump,2016,3,,,6.01,m,NCAA Division I - West Preliminary Round,2016-05-26,,,+0.0,Outdoor,https://www.tfrrs.org/results/46681/2882654/NCAA_Division_I_-_West_Preliminary_Round/Long-Jump,TFRRS all_performances
"Williams, Tierra",Nebraska,Big Ten,Long Jump,2016,3,,,6.41,m,NCAA Division I - West Preliminary Round,2016-05-26,,,+0.0,Outdoor,https://www.tfrrs.org/results/46681/2882654/NCAA_Division_I_-_West_Preliminary_Round/Long-Jump,TFRRS all_performances
"McCoy, Jazmin",Nebraska,Big Ten,Long Jump,2016,3,,,5.91,m,NCAA Division I Track & Field Championships,2016-06-08,,,-0.3,Outdoor,https://www.tfrrs.org/results/46699/2884173/NCAA_Division_I_Track__Field_Championships/Long-Jump,TFRRS all_performances
"Williams, Tierra",Nebraska,Big Ten,Long Jump,2016,3,,,6.15,m,NCAA Division I Track & Field Championships,2016-06-08,,,-0.8,Outdoor,https://www.tfrrs.org/results/46699/2884173/NCAA_Division_I_Track__Field_Championships/Long-Jump,TFRRS all_performances
"Varela, Madelayne",Oregon,Big Ten,Long Jump,2016,3,,,5.20,m,Pepsi Invitational,2016-04-09,,,2.0,Outdoor,https://www.tfrrs.org/results/43371/2781364/Pepsi_Invitational/Long-Jump,TFRRS all_performances
"Varela, Madelayne",Oregon,Big Ten,Long Jump,2016,3,,,5.57,m,Oregon Relays,2016-04-15,,,1.3,Outdoor,https://www.tfrrs.org/results/43373/2806332/Oregon_Relays/Long-Jump,TFRRS all_performances
"Varela, Madelayne",Oregon,Big Ten,Long Jump,2016,3,,,3.59,m,Oregon Twilight,2016-05-06,,,1.8,Outdoor,https://www.tfrrs.org/results/43374/2859770/Oregon_Twilight/Long-Jump,TFRRS all_performances
"Todd, Jasmine",Oregon,Big Ten,Long Jump,2016,3,,,6.27,m,Pac-12 Outdoor Track & Field Championships,2016-05-14,,,1.3,Outdoor,https://www.tfrrs.org/results/45708/2877300/Pac-12_Outdoor_Track__Field_Championships/Long-Jump,TFRRS all_performances
"Graham, Jasmyne",USC,Big Ten,Long Jump,2016,1,,,5.71,m,Trojan Invitational,2016-03-18,,,-0.1,Outdoor,https://www.tfrrs.org/results/44543/2718366/Trojan_Invitational/Long-Jump,TFRRS all_performances
"Graham, Jasmyne",USC,Big Ten,Long Jump,2016,1,,,5.53,m,Power Conference Cardinal & Gold,2016-03-25,,,0.7,Outdoor,https://www.tfrrs.org/results/44866/2738938/Power_Conference_Cardinal__Gold/Long-Jump,TFRRS all_performances
"Lopes, Lyndsey",USC,Big Ten,Long Jump,2016,1,,,5.54,m,Power Conference Cardinal & Gold,2016-03-25,,,1.5,Outdoor,https://www.tfrrs.org/results/44866/2738938/Power_Conference_Cardinal__Gold/Long-Jump,TFRRS all_performances
"Iuel, Amalie",USC,Big Ten,Long Jump,2016,3,,,6.04,m,Sam Adams Combined Events,2016-04-01,,,+0.0,Outdoor,https://www.tfrrs.org/results/43720/2761194/Sam_Adams_Combined_Events_/Long-Jump,TFRRS all_performances
"Lopes, Lyndsey",USC,Big Ten,Long Jump,2016,1,,,5.43,m,California Collegiate Invitational,2016-04-02,,,0.7,Outdoor,https://www.tfrrs.org/results/43934/2760517/California_Collegiate_Invitational/Long-Jump,TFRRS all_performances
"Graham, Jasmyne",USC,Big Ten,Long Jump,2016,1,,,5.98,m,Pepsi Invitational,2016-04-09,,,1.4,Outdoor,https://www.tfrrs.org/results/43371/2781364/Pepsi_Invitational/Long-Jump,TFRRS all_performances
"Jones, Margaux",USC,Big Ten,Long Jump,2016,1,,,6.26,m,Pepsi Invitational,2016-04-09,,,1.2,Outdoor,https://www.tfrrs.org/results/43371/2781364/Pepsi_Invitational/Long-Jump,TFRRS all_performances
"Graham, Jasmyne",USC,Big Ten,Long Jump,2016,2,,,5.74,m,Mt. SAC Relays,2016-04-14,,,-1.2,Outdoor,https://www.tfrrs.org/results/45871/2806945/Mt_SAC_Relays/Long-Jump,TFRRS all_performances
"Iuel, Amalie",USC,Big Ten,Long Jump,2016,4,,,5.94,m,Mt. SAC Relays,2016-04-14,,,-2.3,Outdoor,https://www.tfrrs.org/results/45871/2806945/Mt_SAC_Relays/Long-Jump,TFRRS all_performances
"Jones, Margaux",USC,Big Ten,Long Jump,2016,2,,,6.34,m,Mt. SAC Relays,2016-04-14,,,1.4,Outdoor,https://www.tfrrs.org/results/45871/2806883/Mt_SAC_Relays/Long-Jump,TFRRS all_performances
"Richards, Madisen",USC,Big Ten,Long Jump,2016,3,,,5.56,m,Mt. SAC Relays,2016-04-14,,,1.9,Outdoor,https://www.tfrrs.org/results/45871/2806883/Mt_SAC_Relays/Long-Jump,TFRRS all_performances
"Richards, Madisen",USC,Big Ten,Long Jump,2016,,,,5.81,m,2016 Triton Invitational,2016-04-22,,,1.6,Outdoor,https://www.tfrrs.org/results/42844/2827528/2016_Triton_Invitational/Long-Jump,TFRRS all_performances
"Faulknor, Alexis",USC,Big Ten,Long Jump,2016,4,,,6.19,m,UCLA vs. USC Dual Meet,2016-05-01,,,-1.0,Outdoor,https://www.tfrrs.org/results/43384/2847238/UCLA_vs_USC_Dual_Meet/Long-Jump,TFRRS all_performances
"Graham, Jasmyne",USC,Big Ten,Long Jump,2016,1,,,5.93,m,UCLA vs. USC Dual Meet,2016-05-01,,,-2.1,Outdoor,https://www.tfrrs.org/results/43384/2847238/UCLA_vs_USC_Dual_Meet/Long-Jump,TFRRS all_performances
"Jones, Margaux",USC,Big Ten,Long Jump,2016,1,,,6.16,m,UCLA vs. USC Dual Meet,2016-05-01,,,-0.5,Outdoor,https://www.tfrrs.org/results/43384/2847238/UCLA_vs_USC_Dual_Meet/Long-Jump,TFRRS all_performances
"Richards, Madisen",USC,Big Ten,Long Jump,2016,2,,,5.77,m,UCLA vs. USC Dual Meet,2016-05-01,,,+0.0,Outdoor,https://www.tfrrs.org/results/43384/2847238/UCLA_vs_USC_Dual_Meet/Long-Jump,TFRRS all_performances
"Iuel, Amalie",USC,Big Ten,Long Jump,2016,3,,,5.89,m,Pac-12 Combined Events Championships,2016-05-07,,,-1.1,Outdoor,https://www.tfrrs.org/results/45707/2865735/Pac-12_Combined_Events_Championships/Long-Jump,TFRRS all_performances
"Lopes, Lyndsey",USC,Big Ten,Long Jump,2016,1,,,5.25,m,Pac-12 Combined Events Championships,2016-05-07,,,-1.5,Outdoor,https://www.tfrrs.org/results/45707/2865735/Pac-12_Combined_Events_Championships/Long-Jump,TFRRS all_performances
"Faulknor, Alexis",USC,Big Ten,Long Jump,2016,4,,,5.95,m,Pac-12 Outdoor Track & Field Championships,2016-05-14,,,-0.5,Outdoor,https://www.tfrrs.org/results/45708/2877300/Pac-12_Outdoor_Track__Field_Championships/Long-Jump,TFRRS all_performances
"Graham, Jasmyne",USC,Big Ten,Long Jump,2016,1,,,5.80,m,Pac-12 Outdoor Track & Field Championships,2016-05-14,,,0.8,Outdoor,https://www.tfrrs.org/results/45708/2877300/Pac-12_Outdoor_Track__Field_Championships/Long-Jump,TFRRS all_performances
"Iuel, Amalie",USC,Big Ten,Long Jump,2016,3,,,5.89,m,Pac-12 Outdoor Track & Field Championships,2016-05-14,,,-1.1,Outdoor,https://www.tfrrs.org/results/45708/2877310/Pac-12_Outdoor_Track__Field_Championships/Long-Jump,TFRRS all_performances
"Jones, Margaux",USC,Big Ten,Long Jump,2016,1,,,6.22,m,Pac-12 Outdoor Track & Field Championships,2016-05-14,,,-0.1,Outdoor,https://www.tfrrs.org/results/45708/2877300/Pac-12_Outdoor_Track__Field_Championships/Long-Jump,TFRRS all_performances
"Lopes, Lyndsey",USC,Big Ten,Long Jump,2016,1,,,5.25,m,Pac-12 Outdoor Track & Field Championships,2016-05-14,,,-1.5,Outdoor,https://www.tfrrs.org/results/45708/2877310/Pac-12_Outdoor_Track__Field_Championships/Long-Jump,TFRRS all_performances
"Lopes, Lyndsey",USC,Big Ten,Long Jump,2016,1,,,5.34,m,Pac-12 Outdoor Track & Field Championships,2016-05-14,,,1.2,Outdoor,https://www.tfrrs.org/results/45708/2877300/Pac-12_Outdoor_Track__Field_Championships/Long-Jump,TFRRS all_performances
"Richards, Madisen",USC,Big Ten,Long Jump,2016,2,,,5.47,m,Pac-12 Outdoor Track & Field Championships,2016-05-14,,,1.7,Outdoor,https://www.tfrrs.org/results/45708/2877300/Pac-12_Outdoor_Track__Field_Championships/Long-Jump,TFRRS all_performances
"Faulknor, Alexis",USC,Big Ten,Long Jump,2016,4,,,6.02,m,NCAA Division I - West Preliminary Round,2016-05-26,,,+0.0,Outdoor,https://www.tfrrs.org/results/46681/2882654/NCAA_Division_I_-_West_Preliminary_Round/Long-Jump,TFRRS all_performances
"Jones, Margaux",USC,Big Ten,Long Jump,2016,1,,,6.20,m,NCAA Division I - West Preliminary Round,2016-05-26,,,+0.0,Outdoor,https://www.tfrrs.org/results/46681/2882654/NCAA_Division_I_-_West_Preliminary_Round/Long-Jump,TFRRS all_performances
"Faulknor, Alexis",USC,Big Ten,Long Jump,2016,4,,,6.21,m,NCAA Division I Track & Field Championships,2016-06-08,,,-0.2,Outdoor,https://www.tfrrs.org/results/46699/2884173/NCAA_Division_I_Track__Field_Championships/Long-Jump,TFRRS all_performances
"Jones, Margaux",USC,Big Ten,Long Jump,2016,1,,,6.23,m,NCAA Division I Track & Field Championships,2016-06-08,,,-0.8,Outdoor,https://www.tfrrs.org/results/46699/2884173/NCAA_Division_I_Track__Field_Championships/Long-Jump,TFRRS all_performances
"Adler, Kate",Washington,Big Ten,Long Jump,2016,2,,,5.45,m,Pac-12 vs Big 10 Invitational,2016-03-25,,,0.8,Outdoor,https://www.tfrrs.org/results/44896/2740092/Pac-12_vs_Big_10_Invitational/Long-Jump,TFRRS all_performances
"Bouyer, Kennadi",Washington,Big Ten,Long Jump,2016,3,,,5.70,m,Pac-12 vs Big 10 Invitational,2016-03-25,,,+0.0,Outdoor,https://www.tfrrs.org/results/44896/2740092/Pac-12_vs_Big_10_Invitational/Long-Jump,TFRRS all_performances
"Smith, C.J.",Washington,Big Ten,Long Jump,2016,4,,,5.53,m,Pac-12 vs Big 10 Invitational,2016-03-25,,,1.7,Outdoor,https://www.tfrrs.org/results/44896/2740092/Pac-12_vs_Big_10_Invitational/Long-Jump,TFRRS all_performances
"Adler, Kate",Washington,Big Ten,Long Jump,2016,2,,,5.51,m,Pepsi Invitational,2016-04-09,,,1.4,Outdoor,https://www.tfrrs.org/results/43371/2781364/Pepsi_Invitational/Long-Jump,TFRRS all_performances
"Bouyer, Kennadi",Washington,Big Ten,Long Jump,2016,3,,,5.75,m,Pepsi Invitational,2016-04-09,,,1.9,Outdoor,https://www.tfrrs.org/results/43371/2781364/Pepsi_Invitational/Long-Jump,TFRRS all_performances
"Budinich, Ericka",Washington,Big Ten,Long Jump,2016,1,,,5.28,m,Mt. SAC Relays/CA Invitational Multi Events,2016-04-13,,,+0.0,Outdoor,https://www.tfrrs.org/results/43242/2854304/Mt_SAC_Relays_CA_Invitational_Multi_Events/Long-Jump,TFRRS all_performances
"Smith, C.J.",Washington,Big Ten,Long Jump,2016,4,,,5.40,m,Mt. SAC Relays/CA Invitational Multi Events,2016-04-13,,,-0.3,Outdoor,https://www.tfrrs.org/results/43242/2854304/Mt_SAC_Relays_CA_Invitational_Multi_Events/Long-Jump,TFRRS all_performances
"Adler, Kate",Washington,Big Ten,Long Jump,2016,2,,,5.59,m,Beach Invitational,2016-04-15,,,1.0,Outdoor,https://www.tfrrs.org/results/45870/2809525/Beach_Invitational/Long-Jump,TFRRS all_performances
"Adler, Kate",Washington,Big Ten,Long Jump,2016,2,,,5.70,m,WSU-UW Dual Meet,2016-04-23,,,0.3,Outdoor,https://www.tfrrs.org/results/44391/2827781/_WSU-UW_Dual_Meet/Long-Jump,TFRRS all_performances
"Baron, Ciana",Washington,Big Ten,Long Jump,2016,3,,,4.55,m,WSU-UW Dual Meet,2016-04-23,,,1.6,Outdoor,https://www.tfrrs.org/results/44391/2827781/_WSU-UW_Dual_Meet/Long-Jump,TFRRS all_performances
"Bouyer, Kennadi",Washington,Big Ten,Long Jump,2016,3,,,5.96,m,WSU-UW Dual Meet,2016-04-23,,,1.1,Outdoor,https://www.tfrrs.org/results/44391/2827781/_WSU-UW_Dual_Meet/Long-Jump,TFRRS all_performances
"Budinich, Ericka",Washington,Big Ten,Long Jump,2016,1,,,5.29,m,WSU-UW Dual Meet,2016-04-23,,,1.2,Outdoor,https://www.tfrrs.org/results/44391/2827781/_WSU-UW_Dual_Meet/Long-Jump,TFRRS all_performances
"Coker, Alanna",Washington,Big Ten,Long Jump,2016,3,,,5.29,m,WSU-UW Dual Meet,2016-04-23,,,0.6,Outdoor,https://www.tfrrs.org/results/44391/2827781/_WSU-UW_Dual_Meet/Long-Jump,TFRRS all_performances
"Smith, C.J.",Washington,Big Ten,Long Jump,2016,4,,,5.14,m,WSU-UW Dual Meet,2016-04-23,,,0.2,Outdoor,https://www.tfrrs.org/results/44391/2827781/_WSU-UW_Dual_Meet/Long-Jump,TFRRS all_performances
"Baron, Ciana",Washington,Big Ten,Long Jump,2016,3,,,4.59,m,Ken Shannon Invitational,2016-04-30,,,0.1,Outdoor,https://www.tfrrs.org/results/44401/2844550/Ken_Shannon_Invitational/Long-Jump,TFRRS all_performances
"Smith, C.J.",Washington,Big Ten,Long Jump,2016,4,,,5.33,m,Pac-12 Combined Events Championships,2016-05-07,,,0.3,Outdoor,https://www.tfrrs.org/results/45707/2865735/Pac-12_Combined_Events_Championships/Long-Jump,TFRRS all_performances
"Bouyer, Kennadi",Washington,Big Ten,Long Jump,2016,3,,,5.95,m,Pac-12 Outdoor Track & Field Championships,2016-05-14,,,0.4,Outdoor,https://www.tfrrs.org/results/45708/2877300/Pac-12_Outdoor_Track__Field_Championships/Long-Jump,TFRRS all_performances
"Smith, C.J.",Washington,Big Ten,Long Jump,2016,4,,,5.33,m,Pac-12 Outdoor Track & Field Championships,2016-05-14,,,0.3,Outdoor,https://www.tfrrs.org/results/45708/2877310/Pac-12_Outdoor_Track__Field_Championships/Long-Jump,TFRRS all_performances
"Bouyer, Kennadi",Washington,Big Ten,Long Jump,2016,3,,,5.49,m,NCAA Division I - West Preliminary Round,2016-05-26,,,+0.0,Outdoor,https://www.tfrrs.org/results/46681/2882654/NCAA_Division_I_-_West_Preliminary_Round/Long-Jump,TFRRS all_performances
"Dent, Lacey",Alabama,SEC,Long Jump,2016,4,,,5.84,m,Alabama Relays,2016-03-17,,,0.2,Outdoor,https://www.tfrrs.org/results/44542/2717975/Alabama_Relays/Long-Jump,TFRRS all_performances
"Dent, Lacey",Alabama,SEC,Long Jump,2016,4,,,5.78,m,Florida State Relays,2016-03-25,,,-0.4,Outdoor,https://www.tfrrs.org/results/44862/2735554/Florida_State_Relays/Long-Jump,TFRRS all_performances
"Fotopoulou , Filippa",Alabama,SEC,Long Jump,2016,2,,,6.02,m,Florida Relays,2016-03-31,,,0.3,Outdoor,https://www.tfrrs.org/results/43368/2772285/Florida_Relays/Long-Jump,TFRRS all_performances
"Williams, Kiara",Alabama,SEC,Long Jump,2016,1,,,6.02,m,Florida Relays,2016-03-31,,,+0.0,Outdoor,https://www.tfrrs.org/results/43368/2772285/Florida_Relays/Long-Jump,TFRRS all_performances
"Burks, Quanesha",Alabama,SEC,Long Jump,2016,3,,,6.44,m,LSU Battle on the Bayou,2016-04-09,,,1.2,Outdoor,https://www.tfrrs.org/results/41856/2780878/LSU_Battle_on_the_Bayou/Long-Jump,TFRRS all_performances
"Dent, Lacey",Alabama,SEC,Long Jump,2016,4,,,6.06,m,LSU Battle on the Bayou,2016-04-09,,,1.0,Outdoor,https://www.tfrrs.org/results/41856/2780878/LSU_Battle_on_the_Bayou/Long-Jump,TFRRS all_performances
"Fotopoulou , Filippa",Alabama,SEC,Long Jump,2016,2,,,5.72,m,LSU Battle on the Bayou,2016-04-09,,,1.3,Outdoor,https://www.tfrrs.org/results/41856/2780878/LSU_Battle_on_the_Bayou/Long-Jump,TFRRS all_performances
"Williams, Kiara",Alabama,SEC,Long Jump,2016,1,,,5.79,m,LSU Battle on the Bayou,2016-04-09,,,1.2,Outdoor,https://www.tfrrs.org/results/41856/2780878/LSU_Battle_on_the_Bayou/Long-Jump,TFRRS all_performances
"Burks, Quanesha",Alabama,SEC,Long Jump,2016,3,,,6.76,m,War Eagle Invitational,2016-04-22,,,1.7,Outdoor,https://www.tfrrs.org/results/41485/2825675/War_Eagle_Invitational/Long-Jump,TFRRS all_performances
"Dent, Lacey",Alabama,SEC,Long Jump,2016,4,,,5.92,m,War Eagle Invitational,2016-04-22,,,1.1,Outdoor,https://www.tfrrs.org/results/41485/2825675/War_Eagle_Invitational/Long-Jump,TFRRS all_performances
"Fotopoulou , Filippa",Alabama,SEC,Long Jump,2016,2,,,5.93,m,War Eagle Invitational,2016-04-22,,,1.1,Outdoor,https://www.tfrrs.org/results/41485/2825675/War_Eagle_Invitational/Long-Jump,TFRRS all_performances
"Williams, Kiara",Alabama,SEC,Long Jump,2016,1,,,5.89,m,War Eagle Invitational,2016-04-22,,,0.2,Outdoor,https://www.tfrrs.org/results/41485/2825675/War_Eagle_Invitational/Long-Jump,TFRRS all_performances
"Burks, Quanesha",Alabama,SEC,Long Jump,2016,3,,,6.76,meters,LSU Invitational,2016-04-30,Final,,3.7,Outdoor,https://www.tfrrs.org/athletes/4638071/Alabama/Quanesha_Burks.html,legacy_source_needs_review
"Dent, Lacey",Alabama,SEC,Long Jump,2016,4,,,6.10,m,LSU Invitational,2016-04-30,,,1.9,Outdoor,https://www.tfrrs.org/results/41858/2844753/LSU_Invitational/Long-Jump,TFRRS all_performances
"Fotopoulou , Filippa",Alabama,SEC,Long Jump,2016,2,,,5.83,m,LSU Invitational,2016-04-30,,,1.6,Outdoor,https://www.tfrrs.org/results/41858/2844753/LSU_Invitational/Long-Jump,TFRRS all_performances
"Williams, Kiara",Alabama,SEC,Long Jump,2016,1,,,5.61,meters,LSU Invitational,2016-04-30,Final,,3.1,Outdoor,https://www.tfrrs.org/athletes/5610043/Alabama/Kiara_Williams,legacy_source_needs_review
"Burks, Quanesha",Alabama,SEC,Long Jump,2016,3,,,6.77,m,SEC Championships,2016-05-12,,,-0.4,Outdoor,https://www.tfrrs.org/results/46617/2874031/SEC_Championships/Long-Jump,TFRRS all_performances
"Dent, Lacey",Alabama,SEC,Long Jump,2016,4,,,5.96,m,SEC Championships,2016-05-12,,,0.8,Outdoor,https://www.tfrrs.org/results/46617/2874031/SEC_Championships/Long-Jump,TFRRS all_performances
"Fotopoulou , Filippa",Alabama,SEC,Long Jump,2016,2,,,6.10,m,SEC Championships,2016-05-12,,,1.4,Outdoor,https://www.tfrrs.org/results/46617/2874031/SEC_Championships/Long-Jump,TFRRS all_performances
"Williams, Kiara",Alabama,SEC,Long Jump,2016,1,,,5.16,m,SEC Championships,2016-05-12,,,-1.6,Outdoor,https://www.tfrrs.org/results/46617/2874031/SEC_Championships/Long-Jump,TFRRS all_performances
"Burks, Quanesha",Alabama,SEC,Long Jump,2016,3,,,6.43,m,NCAA Division I - East Preliminary Round,2016-05-26,,,0.3,Outdoor,https://www.tfrrs.org/results/46682/2882923/NCAA_Division_I_-_East_Preliminary_Round/Long-Jump,TFRRS all_performances
"Dent, Lacey",Alabama,SEC,Long Jump,2016,4,,,5.63,m,NCAA Division I - East Preliminary Round,2016-05-26,,,0.1,Outdoor,https://www.tfrrs.org/results/46682/2882923/NCAA_Division_I_-_East_Preliminary_Round/Long-Jump,TFRRS all_performances
"Fotopoulou , Filippa",Alabama,SEC,Long Jump,2016,2,,,5.93,m,NCAA Division I - East Preliminary Round,2016-05-26,,,0.3,Outdoor,https://www.tfrrs.org/results/46682/2882923/NCAA_Division_I_-_East_Preliminary_Round/Long-Jump,TFRRS all_performances
"Burks, Quanesha",Alabama,SEC,Long Jump,2016,3,,,6.52,m,NCAA Division I Track & Field Championships,2016-06-08,,,-0.4,Outdoor,https://www.tfrrs.org/results/46699/2884173/NCAA_Division_I_Track__Field_Championships/Long-Jump,TFRRS all_performances
"McQueen, Darrielle",Florida,SEC,Long Jump,2016,2,,,6.35,m,Power Conference Cardinal & Gold,2016-03-25,,,0.8,Outdoor,https://www.tfrrs.org/results/44866/2738938/Power_Conference_Cardinal__Gold/Long-Jump,TFRRS all_performances
"Rushing, Kimani",Florida,SEC,Long Jump,2016,1,,,5.99,m,Power Conference Cardinal & Gold,2016-03-25,,,1.5,Outdoor,https://www.tfrrs.org/results/44866/2738938/Power_Conference_Cardinal__Gold/Long-Jump,TFRRS all_performances
"Rushing, Kimani",Florida,SEC,Long Jump,2016,1,,,FOUL,meters,Florida Relays,2016-03-31,Final,,,Outdoor,https://www.tfrrs.org/athletes/5651836/Florida/Kimani_Rushing,legacy_source_needs_review
"David, Yanis",Florida,SEC,Long Jump,2016,1,,,6.27,m,UF Tom Jones Memorial,2016-04-22,,,0.7,Outdoor,https://www.tfrrs.org/results/43370/2822286/UF_Tom_Jones_Memorial/Long-Jump,TFRRS all_performances
"McQueen, Darrielle",Florida,SEC,Long Jump,2016,2,,,6.28,m,UF Tom Jones Memorial,2016-04-22,,,1.6,Outdoor,https://www.tfrrs.org/results/43370/2822286/UF_Tom_Jones_Memorial/Long-Jump,TFRRS all_performances
"Rushing, Kimani",Florida,SEC,Long Jump,2016,1,,,5.87,meters,LSU Invitational,2016-04-30,Final,8,5.3,Outdoor,https://www.tfrrs.org/athletes/5651836/Florida/Kimani_Rushing,legacy_source_needs_review
"David, Yanis",Florida,SEC,Long Jump,2016,1,,,6.31,m,SEC Championships,2016-05-12,,,-0.8,Outdoor,https://www.tfrrs.org/results/46617/2874031/SEC_Championships/Long-Jump,TFRRS all_performances
"McQueen, Darrielle",Florida,SEC,Long Jump,2016,2,,,6.06,m,SEC Championships,2016-05-12,,,1.0,Outdoor,https://www.tfrrs.org/results/46617/2874031/SEC_Championships/Long-Jump,TFRRS all_performances
"Rushing, Kimani",Florida,SEC,Long Jump,2016,1,,,5.74,m,SEC Championships,2016-05-12,,,1.7,Outdoor,https://www.tfrrs.org/results/46617/2874031/SEC_Championships/Long-Jump,TFRRS all_performances
"David, Yanis",Florida,SEC,Long Jump,2016,1,,,6.24,m,NCAA Division I - East Preliminary Round,2016-05-26,,,0.2,Outdoor,https://www.tfrrs.org/results/46682/2882923/NCAA_Division_I_-_East_Preliminary_Round/Long-Jump,TFRRS all_performances
"McQueen, Darrielle",Florida,SEC,Long Jump,2016,2,,,6.20,m,NCAA Division I - East Preliminary Round,2016-05-26,,,0.2,Outdoor,https://www.tfrrs.org/results/46682/2882923/NCAA_Division_I_-_East_Preliminary_Round/Long-Jump,TFRRS all_performances
"David, Yanis",Florida,SEC,Long Jump,2016,1,,,6.26,m,NCAA Division I Track & Field Championships,2016-06-08,,,-0.6,Outdoor,https://www.tfrrs.org/results/46699/2884173/NCAA_Division_I_Track__Field_Championships/Long-Jump,TFRRS all_performances
"McQueen, Darrielle",Florida,SEC,Long Jump,2016,2,,,6.31,m,NCAA Division I Track & Field Championships,2016-06-08,,,0.1,Outdoor,https://www.tfrrs.org/results/46699/2884173/NCAA_Division_I_Track__Field_Championships/Long-Jump,TFRRS all_performances
"Terry, Mary",Georgia,SEC,Long Jump,2016,1,,,5.31,m,Bulldog Decathlon-Heptathlon,2016-04-06,,,1.5,Outdoor,https://www.tfrrs.org/results/42362/2813759/Bulldog_Decathlon-Heptathlon/Long-Jump,TFRRS all_performances
"Williams, Kendell",Georgia,SEC,Long Jump,2016,3,,,3.83,m,Bulldog Decathlon-Heptathlon,2016-04-06,,,1.4,Outdoor,https://www.tfrrs.org/results/42362/2813759/Bulldog_Decathlon-Heptathlon/Long-Jump,TFRRS all_performances
"Fagan, Madeline",Georgia,SEC,Long Jump,2016,2,,,5.81,m,Georgia Invitational,2016-04-30,,,+0.0,Outdoor,https://www.tfrrs.org/results/43403/2847093/Georgia_Invitational_/Long-Jump,TFRRS all_performances
Mady Fagan,Georgia,SEC,Long Jump,2016,2,,,5.81,meters,Georgia Invitational,2016-04-30,Final,8,+0.0,Outdoor,https://www.tfrrs.org/athletes/5094248/Georgia/Madeline__Fagan.html,legacy_source_needs_review
"Orji, Keturah",Georgia,SEC,Long Jump,2016,2,,,6.55,m,Georgia Invitational,2016-04-30,,,0.6,Outdoor,https://www.tfrrs.org/results/43403/2847093/Georgia_Invitational_/Long-Jump,TFRRS all_performances
"Porter, Chanice",Georgia,SEC,Long Jump,2016,4,,,6.44,m,Georgia Invitational,2016-04-30,,,+0.0,Outdoor,https://www.tfrrs.org/results/43403/2847093/Georgia_Invitational_/Long-Jump,TFRRS all_performances
"Williams, Kendell",Georgia,SEC,Long Jump,2016,3,,,6.36,m,Georgia Invitational,2016-04-30,,,2.0,Outdoor,https://www.tfrrs.org/results/43403/2847093/Georgia_Invitational_/Long-Jump,TFRRS all_performances
"Lyles, Torrenzia",Georgia,SEC,Long Jump,2016,4,,,5.76,m,SEC Championships,2016-05-12,,,1.1,Outdoor,https://www.tfrrs.org/results/46617/2874031/SEC_Championships/Long-Jump,TFRRS all_performances
"Orji, Keturah",Georgia,SEC,Long Jump,2016,2,,,6.48,m,SEC Championships,2016-05-12,,,0.9,Outdoor,https://www.tfrrs.org/results/46617/2874031/SEC_Championships/Long-Jump,TFRRS all_performances
"Porter, Chanice",Georgia,SEC,Long Jump,2016,4,,,6.60,m,SEC Championships,2016-05-12,,,0.1,Outdoor,https://www.tfrrs.org/results/46617/2874031/SEC_Championships/Long-Jump,TFRRS all_performances
"Williams, Kendell",Georgia,SEC,Long Jump,2016,3,,,6.03,m,SEC Championships,2016-05-12,,,1.2,Outdoor,https://www.tfrrs.org/results/46617/2874031/SEC_Championships/Long-Jump,TFRRS all_performances
"Orji, Keturah",Georgia,SEC,Long Jump,2016,2,,,6.62,m,NCAA Division I - East Preliminary Round,2016-05-26,,,-0.4,Outdoor,https://www.tfrrs.org/results/46682/2882923/NCAA_Division_I_-_East_Preliminary_Round/Long-Jump,TFRRS all_performances
"Porter, Chanice",Georgia,SEC,Long Jump,2016,4,,,6.35,m,NCAA Division I - East Preliminary Round,2016-05-26,,,0.7,Outdoor,https://www.tfrrs.org/results/46682/2882923/NCAA_Division_I_-_East_Preliminary_Round/Long-Jump,TFRRS all_performances
"Orji, Keturah",Georgia,SEC,Long Jump,2016,2,,,6.29,m,NCAA Division I Track & Field Championships,2016-06-08,,,0.3,Outdoor,https://www.tfrrs.org/results/46699/2884173/NCAA_Division_I_Track__Field_Championships/Long-Jump,TFRRS all_performances
"Porter, Chanice",Georgia,SEC,Long Jump,2016,4,,,6.67,m,NCAA Division I Track & Field Championships,2016-06-08,,,-0.5,Outdoor,https://www.tfrrs.org/results/46699/2884173/NCAA_Division_I_Track__Field_Championships/Long-Jump,TFRRS all_performances
"Williams, Kendell",Georgia,SEC,Long Jump,2016,3,,,6.13,m,NCAA Division I Track & Field Championships,2016-06-08,,,0.1,Outdoor,https://www.tfrrs.org/results/46699/2884638/NCAA_Division_I_Track__Field_Championships/Long-Jump,TFRRS all_performances
"Carter , Destiny",Kentucky,SEC,Long Jump,2016,3,,,6.24,m,Baldy Castillo Invitational,2016-03-18,,,1.2,Outdoor,https://www.tfrrs.org/results/44544/2718705/Baldy_Castillo_Invitational/Long-Jump,TFRRS all_performances
"Taylor, Kaitlyn",Kentucky,SEC,Long Jump,2016,4,,,5.77,m,Baldy Castillo Invitational,2016-03-18,,,1.0,Outdoor,https://www.tfrrs.org/results/44544/2718705/Baldy_Castillo_Invitational/Long-Jump,TFRRS all_performances
"Carter , Destiny",Kentucky,SEC,Long Jump,2016,3,,,5.79,m,Florida Relays,2016-03-31,,,1.5,Outdoor,https://www.tfrrs.org/results/43368/2772288/Florida_Relays/Long-Jump,TFRRS all_performances
"Ebwea-Bile, Marie-Josee",Kentucky,SEC,Long Jump,2016,1,,,5.84,m,Florida Relays,2016-03-31,,,+0.0,Outdoor,https://www.tfrrs.org/results/43368/2772288/Florida_Relays/Long-Jump,TFRRS all_performances
"Ebwea-Bile, Marie-Josee",Kentucky,SEC,Long Jump,2016,1,,,5.80,m,Spec Towns Invitational 2016,2016-04-08,,,1.7,Outdoor,https://www.tfrrs.org/results/42363/2780616/Spec_Towns_Invitational_2016/Long-Jump,TFRRS all_performances
"Saunders, Sha'Keela",Kentucky,SEC,Long Jump,2016,3,,,6.40,m,Spec Towns Invitational 2016,2016-04-08,,,1.6,Outdoor,https://www.tfrrs.org/results/42363/2780616/Spec_Towns_Invitational_2016/Long-Jump,TFRRS all_performances
"Taylor, Kaitlyn",Kentucky,SEC,Long Jump,2016,4,,,5.62,m,Spec Towns Invitational 2016,2016-04-08,,,1.2,Outdoor,https://www.tfrrs.org/results/42363/2780616/Spec_Towns_Invitational_2016/Long-Jump,TFRRS all_performances
"Carter , Destiny",Kentucky,SEC,Long Jump,2016,3,,,6.51,m,Virginia Challenge,2016-04-22,,,1.3,Outdoor,https://www.tfrrs.org/results/46108/2827851/Virginia_Challenge/Long-Jump,TFRRS all_performances
"Ebwea-Bile, Marie-Josee",Kentucky,SEC,Long Jump,2016,1,,,6.13,m,Virginia Challenge,2016-04-22,,,+0.0,Outdoor,https://www.tfrrs.org/results/46108/2827851/Virginia_Challenge/Long-Jump,TFRRS all_performances
"Saunders, Sha'Keela",Kentucky,SEC,Long Jump,2016,3,,,6.51,m,Virginia Challenge,2016-04-22,,,-1.2,Outdoor,https://www.tfrrs.org/results/46108/2827851/Virginia_Challenge/Long-Jump,TFRRS all_performances
"Taylor, Kaitlyn",Kentucky,SEC,Long Jump,2016,4,,,5.56,m,Virginia Challenge,2016-04-22,,,0.7,Outdoor,https://www.tfrrs.org/results/46108/2827893/Virginia_Challenge/Long-Jump,TFRRS all_performances
"Ebwea-Bile, Marie-Josee",Kentucky,SEC,Long Jump,2016,1,,,5.80,m,LSU Invitational,2016-04-30,,,1.5,Outdoor,https://www.tfrrs.org/results/41858/2844753/LSU_Invitational/Long-Jump,TFRRS all_performances
"Saunders, Sha'Keela",Kentucky,SEC,Long Jump,2016,3,,,6.66,meters,LSU Invitational,2016-04-30,Final,2,3.4,Outdoor,https://www.tfrrs.org/athletes/4177198/Kentucky/Sha%27Keela_Saunders.html,legacy_source_needs_review
"Asemota, Donatella",Kentucky,SEC,Long Jump,2016,1,,,5.66,m,2016 Kentucky Relays (College),2016-05-07,,,0.8,Outdoor,https://www.tfrrs.org/results/41612/2862279/2016_Kentucky_Relays_College/Long-Jump,TFRRS all_performances
"Asemota, Fendi",Kentucky,SEC,Long Jump,2016,1,,,5.31,m,2016 Kentucky Relays (College),2016-05-07,,,1.5,Outdoor,https://www.tfrrs.org/results/41612/2862279/2016_Kentucky_Relays_College/Long-Jump,TFRRS all_performances
"Taylor, Kaitlyn",Kentucky,SEC,Long Jump,2016,4,,,5.74,m,2016 Kentucky Relays (College),2016-05-07,,,1.2,Outdoor,https://www.tfrrs.org/results/41612/2862279/2016_Kentucky_Relays_College/Long-Jump,TFRRS all_performances
"Carter , Destiny",Kentucky,SEC,Long Jump,2016,3,,,6.26,m,SEC Championships,2016-05-12,,,1.3,Outdoor,https://www.tfrrs.org/results/46617/2874031/SEC_Championships/Long-Jump,TFRRS all_performances
"Saunders, Sha'Keela",Kentucky,SEC,Long Jump,2016,3,,,6.61,m,SEC Championships,2016-05-12,,,0.6,Outdoor,https://www.tfrrs.org/results/46617/2874031/SEC_Championships/Long-Jump,TFRRS all_performances
Marie-Josee Ebwea Bile,Kentucky,SEC,Long Jump,2016,2,,,FOUL,meters,SEC Championships,2016-05-13,Final,,,Outdoor,https://ukathletics.com/news/2016/05/15/5737f844e4b0d4bb9c0d2d35-131468459359485500/,legacy_source_needs_review
"Carter , Destiny",Kentucky,SEC,Long Jump,2016,3,,,5.86,m,NCAA Division I - East Preliminary Round,2016-05-26,,,-0.4,Outdoor,https://www.tfrrs.org/results/46682/2882923/NCAA_Division_I_-_East_Preliminary_Round/Long-Jump,TFRRS all_performances
"Ebwea-Bile, Marie-Josee",Kentucky,SEC,Long Jump,2016,1,,,5.31,m,NCAA Division I - East Preliminary Round,2016-05-26,,,0.2,Outdoor,https://www.tfrrs.org/results/46682/2882923/NCAA_Division_I_-_East_Preliminary_Round/Long-Jump,TFRRS all_performances
"Saunders, Sha'Keela",Kentucky,SEC,Long Jump,2016,3,,,6.00,m,NCAA Division I - East Preliminary Round,2016-05-26,,,1.4,Outdoor,https://www.tfrrs.org/results/46682/2882923/NCAA_Division_I_-_East_Preliminary_Round/Long-Jump,TFRRS all_performances
"Davis, Chalese",South Carolina,SEC,Long Jump,2016,4,,,5.89,m,Alan Connie Shamrock Invitational,2016-03-17,,,1.2,Outdoor,https://www.tfrrs.org/results/42962/2717516/Alan_Connie_Shamrock_Invitational/Long-Jump,TFRRS all_performances
"Graham, Sarah",South Carolina,SEC,Long Jump,2016,4,,,5.12,m,Alan Connie Shamrock Invitational,2016-03-17,,,0.6,Outdoor,https://www.tfrrs.org/results/42962/2735595/Alan_Connie_Shamrock_Invitational/Long-Jump,TFRRS all_performances
"Murphy, Alexis",South Carolina,SEC,Long Jump,2016,4,,,5.79,m,Alan Connie Shamrock Invitational,2016-03-17,,,0.8,Outdoor,https://www.tfrrs.org/results/42962/2717516/Alan_Connie_Shamrock_Invitational/Long-Jump,TFRRS all_performances
"Parks, Milan",South Carolina,SEC,Long Jump,2016,1,,,5.66,m,Alan Connie Shamrock Invitational,2016-03-17,,,0.6,Outdoor,https://www.tfrrs.org/results/42962/2717516/Alan_Connie_Shamrock_Invitational/Long-Jump,TFRRS all_performances
"Stanley, Makyla",South Carolina,SEC,Long Jump,2016,1,,,5.53,m,Alan Connie Shamrock Invitational,2016-03-17,,,+0.0,Outdoor,https://www.tfrrs.org/results/42962/2717516/Alan_Connie_Shamrock_Invitational/Long-Jump,TFRRS all_performances
"Davis, Chalese",South Carolina,SEC,Long Jump,2016,4,,,5.94,m,Georgia Tech Yellow Jacket Invitational,2016-03-25,,,0.5,Outdoor,https://www.tfrrs.org/results/44155/2737354/Georgia_Tech_Yellow_Jacket_Invitational/Long-Jump,TFRRS all_performances
"Dicks, Natasha",South Carolina,SEC,Long Jump,2016,3,,,5.72,m,Georgia Tech Yellow Jacket Invitational,2016-03-25,,,0.3,Outdoor,https://www.tfrrs.org/results/44155/2737354/Georgia_Tech_Yellow_Jacket_Invitational/Long-Jump,TFRRS all_performances
"Graham, Sarah",South Carolina,SEC,Long Jump,2016,4,,,5.40,m,Georgia Tech Yellow Jacket Invitational,2016-03-25,,,1.4,Outdoor,https://www.tfrrs.org/results/44155/2737354/Georgia_Tech_Yellow_Jacket_Invitational/Long-Jump,TFRRS all_performances
"Murphy, Alexis",South Carolina,SEC,Long Jump,2016,4,,,5.88,m,Georgia Tech Yellow Jacket Invitational,2016-03-25,,,1.6,Outdoor,https://www.tfrrs.org/results/44155/2737354/Georgia_Tech_Yellow_Jacket_Invitational/Long-Jump,TFRRS all_performances
"Stanley, Makyla",South Carolina,SEC,Long Jump,2016,1,,,5.42,m,Georgia Tech Yellow Jacket Invitational,2016-03-25,,,1.2,Outdoor,https://www.tfrrs.org/results/44155/2737354/Georgia_Tech_Yellow_Jacket_Invitational/Long-Jump,TFRRS all_performances
"Davis, Chalese",South Carolina,SEC,Long Jump,2016,4,,,5.77,m,Florida Relays,2016-03-31,,,+0.0,Outdoor,https://www.tfrrs.org/results/43368/2772285/Florida_Relays/Long-Jump,TFRRS all_performances
"Dicks, Natasha",South Carolina,SEC,Long Jump,2016,3,,,5.87,m,Florida Relays,2016-03-31,,,+0.0,Outdoor,https://www.tfrrs.org/results/43368/2772285/Florida_Relays/Long-Jump,TFRRS all_performances
"Murphy, Alexis",South Carolina,SEC,Long Jump,2016,4,,,5.91,m,Florida Relays,2016-03-31,,,0.6,Outdoor,https://www.tfrrs.org/results/43368/2772288/Florida_Relays/Long-Jump,TFRRS all_performances
"Graham, Sarah",South Carolina,SEC,Long Jump,2016,4,,,5.53,m,Bulldog Decathlon-Heptathlon,2016-04-06,,,-2.2,Outdoor,https://www.tfrrs.org/results/42362/2813759/Bulldog_Decathlon-Heptathlon/Long-Jump,TFRRS all_performances
"Davis, Chalese",South Carolina,SEC,Long Jump,2016,4,,,5.77,m,Spec Towns Invitational 2016,2016-04-08,,,0.7,Outdoor,https://www.tfrrs.org/results/42363/2780616/Spec_Towns_Invitational_2016/Long-Jump,TFRRS all_performances
"Dicks, Natasha",South Carolina,SEC,Long Jump,2016,3,,,5.90,m,Spec Towns Invitational 2016,2016-04-08,,,0.7,Outdoor,https://www.tfrrs.org/results/42363/2780616/Spec_Towns_Invitational_2016/Long-Jump,TFRRS all_performances
"Murphy, Alexis",South Carolina,SEC,Long Jump,2016,4,,,5.63,m,Spec Towns Invitational 2016,2016-04-08,,,+0.0,Outdoor,https://www.tfrrs.org/results/42363/2780616/Spec_Towns_Invitational_2016/Long-Jump,TFRRS all_performances
"Stanley, Makyla",South Carolina,SEC,Long Jump,2016,1,,,5.34,m,Spec Towns Invitational 2016,2016-04-08,,,1.7,Outdoor,https://www.tfrrs.org/results/42363/2780616/Spec_Towns_Invitational_2016/Long-Jump,TFRRS all_performances
"Davis, Chalese",South Carolina,SEC,Long Jump,2016,4,,,5.89,m,Seminole Invitational,2016-04-15,,,1.1,Outdoor,https://www.tfrrs.org/results/45850/2803075/Seminole_Invitational/Long-Jump,TFRRS all_performances
"Dicks, Natasha",South Carolina,SEC,Long Jump,2016,3,,,6.01,m,Seminole Invitational,2016-04-15,,,1.2,Outdoor,https://www.tfrrs.org/results/45850/2803075/Seminole_Invitational/Long-Jump,TFRRS all_performances
"Murphy, Alexis",South Carolina,SEC,Long Jump,2016,4,,,5.87,m,Seminole Invitational,2016-04-15,,,-0.2,Outdoor,https://www.tfrrs.org/results/45850/2803075/Seminole_Invitational/Long-Jump,TFRRS all_performances
"Stanley, Makyla",South Carolina,SEC,Long Jump,2016,1,,,5.59,m,Seminole Invitational,2016-04-15,,,0.6,Outdoor,https://www.tfrrs.org/results/45850/2803075/Seminole_Invitational/Long-Jump,TFRRS all_performances
"Davis, Chalese",South Carolina,SEC,Long Jump,2016,4,,,5.57,m,Penn Relays,2016-04-28,,,-0.1,Outdoor,https://www.tfrrs.org/results/46385/2848653/Penn_Relays/Long-Jump,TFRRS all_performances
"Dicks, Natasha",South Carolina,SEC,Long Jump,2016,3,,,5.89,m,Penn Relays,2016-04-28,,,1.9,Outdoor,https://www.tfrrs.org/results/46385/2848653/Penn_Relays/Long-Jump,TFRRS all_performances
"Davis, Chalese",South Carolina,SEC,Long Jump,2016,4,,,5.94,m,SEC Championships,2016-05-12,,,1.9,Outdoor,https://www.tfrrs.org/results/46617/2874031/SEC_Championships/Long-Jump,TFRRS all_performances
"Dicks, Natasha",South Carolina,SEC,Long Jump,2016,3,,,5.59,m,SEC Championships,2016-05-12,,,-1.0,Outdoor,https://www.tfrrs.org/results/46617/2874031/SEC_Championships/Long-Jump,TFRRS all_performances
"Graham, Sarah",South Carolina,SEC,Long Jump,2016,4,,,5.35,m,SEC Championships,2016-05-12,,,-3.1,Outdoor,https://www.tfrrs.org/results/46617/2875726/SEC_Championships/Long-Jump,TFRRS all_performances
"Stanley, Makyla",South Carolina,SEC,Long Jump,2016,1,,,5.62,m,SEC Championships,2016-05-12,,,2.0,Outdoor,https://www.tfrrs.org/results/46617/2874031/SEC_Championships/Long-Jump,TFRRS all_performances
"Johnson, Valerie",Clemson,ACC,Long Jump,2017,2,,,5.60,m,Charlotte 49er Classic,2017-03-16,,,1.3,Outdoor,https://www.tfrrs.org/results/49797/3035894/Charlotte_49er_Classic/Long-Jump,TFRRS all_performances
"Collins, Angelica",Clemson,ACC,Long Jump,2017,3,,,5.70,m,Miami Hurricane Collegiate Invitational,2017-03-25,,,-0.8,Outdoor,https://www.tfrrs.org/results/46899/3053282/Miami_Hurricane_Collegiate_Invitational/Long-Jump,TFRRS all_performances
"Collins, Angelica",Clemson,ACC,Long Jump,2017,3,,,6.08,m,2017 90th Clyde Littlefield Texas Relays,2017-03-29,,,1.1,Outdoor,https://www.tfrrs.org/results/48669/3075296/2017_90th_Clyde_Littlefield_Texas_Relays/Long-Jump,TFRRS all_performances
"Amsterdam, Iana",Clemson,ACC,Long Jump,2017,4,,,5.86,m,Spec Towns Invitational,2017-04-07,,,2.0,Outdoor,https://www.tfrrs.org/results/50860/3101809/Spec_Towns_Invitational/Long-Jump,TFRRS all_performances
"Johnson, Valerie",Clemson,ACC,Long Jump,2017,2,,,5.35,m,Spec Towns Invitational,2017-04-07,,,0.1,Outdoor,https://www.tfrrs.org/results/50860/3101809/Spec_Towns_Invitational/Long-Jump,TFRRS all_performances
"Terrell, Anasterasia",Clemson,ACC,Long Jump,2017,4,,,5.63,m,Spec Towns Invitational,2017-04-07,,,1.3,Outdoor,https://www.tfrrs.org/results/50860/3101809/Spec_Towns_Invitational/Long-Jump,TFRRS all_performances
"Collins, Angelica",Clemson,ACC,Long Jump,2017,3,,,5.93,m,LSU Alumni Gold,2017-04-22,,,0.5,Outdoor,https://www.tfrrs.org/results/47400/3140935/LSU_Alumni_Gold/Long-Jump,TFRRS all_performances
"Amsterdam, Iana",Clemson,ACC,Long Jump,2017,4,,,6.10,m,Penn Relays,2017-04-27,,,2.0,Outdoor,https://www.tfrrs.org/results/51632/3163734/Penn_Relays/Long-Jump,TFRRS all_performances
"Amsterdam, Iana",Clemson,ACC,Long Jump,2017,4,,,6.06,m,ACC Outdoor Track & Field Championships,2017-05-12,,,0.9,Outdoor,https://www.tfrrs.org/results/51674/3191847/ACC_Outdoor_Track__Field_Championships/Long-Jump,TFRRS all_performances
"Collins, Angelica",Clemson,ACC,Long Jump,2017,3,,,6.16,m,ACC Outdoor Track & Field Championships,2017-05-12,,,1.1,Outdoor,https://www.tfrrs.org/results/51674/3191847/ACC_Outdoor_Track__Field_Championships/Long-Jump,TFRRS all_performances
"Collins, Angelica",Clemson,ACC,Long Jump,2017,3,,,5.84,m,NCAA Division I East Preliminary Round,2017-05-25,,,0.4,Outdoor,https://www.tfrrs.org/results/51920/3197604/NCAA_Division_I_East_Preliminary_Round/Long-Jump,TFRRS all_performances
"Lemmons, Jaida",Duke,ACC,Long Jump,2017,2,,,5.79,m,Battle of the Blues,2017-04-01,,,0.1,Outdoor,https://www.tfrrs.org/results/50487/3075701/Battle_of_the_Blues/Long-Jump,TFRRS all_performances
"Murphy, Sydnei",Duke,ACC,Long Jump,2017,1,,,6.41,m,Battle of the Blues,2017-04-01,,,-0.1,Outdoor,https://www.tfrrs.org/results/50487/3075701/Battle_of_the_Blues/Long-Jump,TFRRS all_performances
"Murphy, Sydnei",Duke,ACC,Long Jump,2017,1,,,6.13,m,Beach Invitational,2017-04-14,,,+0.0,Outdoor,https://www.tfrrs.org/results/51137/3123780/Beach_Invitational/Long-Jump,TFRRS all_performances
"Murphy, Sydnei",Duke,ACC,Long Jump,2017,1,,,6.04,m,Penn Relays,2017-04-27,,,+0.0,Outdoor,https://www.tfrrs.org/results/51632/3170396/Penn_Relays/Long-Jump,TFRRS all_performances
"Lemmons, Jaida",Duke,ACC,Long Jump,2017,2,,,5.63,m,Virginia Grand Prix,2017-04-29,,,1.6,Outdoor,https://www.tfrrs.org/results/51624/3162901/Virginia_Grand_Prix/Long-Jump,TFRRS all_performances
"Lemmons, Jaida",Duke,ACC,Long Jump,2017,2,,,5.83,m,ACC Outdoor Track & Field Championships,2017-05-12,,,0.7,Outdoor,https://www.tfrrs.org/results/51674/3191845/ACC_Outdoor_Track__Field_Championships/Long-Jump,TFRRS all_performances
"Murphy, Sydnei",Duke,ACC,Long Jump,2017,1,,,6.16,m,ACC Outdoor Track & Field Championships,2017-05-12,,,0.5,Outdoor,https://www.tfrrs.org/results/51674/3191847/ACC_Outdoor_Track__Field_Championships/Long-Jump,TFRRS all_performances
"Murphy, Sydnei",Duke,ACC,Long Jump,2017,1,,,6.14,m,NCAA Division I East Preliminary Round,2017-05-25,,,1.2,Outdoor,https://www.tfrrs.org/results/51920/3197604/NCAA_Division_I_East_Preliminary_Round/Long-Jump,TFRRS all_performances
"Farrington, Melissa-Maree",Florida State,ACC,Long Jump,2017,4,,,5.56,m,Tennessee Relays,2017-04-06,,,1.6,Outdoor,https://www.tfrrs.org/results/49376/3096492/Tennessee_Relays/Long-Jump,TFRRS all_performances
"Petrokaite, Jogaile",Florida State,ACC,Long Jump,2017,3,,,6.02,m,Tennessee Relays,2017-04-06,,,0.3,Outdoor,https://www.tfrrs.org/results/49376/3096492/Tennessee_Relays/Long-Jump,TFRRS all_performances
"Petrokaite, Jogaile",Florida State,ACC,Long Jump,2017,3,,,6.30,m,Stanford Cardinal Classic,2017-04-22,,,2.4,Outdoor,https://www.tfrrs.org/athletes/5156407,legacy_source_needs_review
"Farrington, Melissa-Maree",Florida State,ACC,Long Jump,2017,4,,,5.88,m,UF Tom Jones Memorial,2017-04-28,,,1.6,Outdoor,https://www.tfrrs.org/results/50650/3158928/UF_Tom_Jones_Memorial/Long-Jump,TFRRS all_performances
"Petrokaite, Jogaile",Florida State,ACC,Long Jump,2017,3,,,6.07,m,Seminole Twilight,2017-05-05,,,+0.0,Outdoor,https://www.tfrrs.org/results/51776/3174646/Seminole_Twilight/Long-Jump,TFRRS all_performances
"Farrington, Melissa-Maree",Florida State,ACC,Long Jump,2017,4,,,6.04,m,ACC Outdoor Track & Field Championships,2017-05-12,,,1.2,Outdoor,https://www.tfrrs.org/results/51674/3191845/ACC_Outdoor_Track__Field_Championships/Long-Jump,TFRRS all_performances
"Petrokaite, Jogaile",Florida State,ACC,Long Jump,2017,3,,,6.17,m,ACC Outdoor Track & Field Championships,2017-05-12,,,0.1,Outdoor,https://www.tfrrs.org/results/51674/3191847/ACC_Outdoor_Track__Field_Championships/Long-Jump,TFRRS all_performances
"Petrokaite, Jogaile",Florida State,ACC,Long Jump,2017,3,,,6.25,m,NCAA Division I East Preliminary Round,2017-05-25,,,1.4,Outdoor,https://www.tfrrs.org/results/51920/3197604/NCAA_Division_I_East_Preliminary_Round/Long-Jump,TFRRS all_performances
"Gayles, Daryth",Stanford,ACC,Long Jump,2017,3,,,5.46,m,Sacramento State Hornet Invitational,2017-03-17,,,0.2,Outdoor,https://www.tfrrs.org/results/48334/3037313/Sacramento_State_Hornet_Invitational/Long-Jump,TFRRS all_performances
"Gayles, Daryth",Stanford,ACC,Long Jump,2017,3,,,6.07,m,Stanford Invitational,2017-03-31,,,-0.2,Outdoor,https://www.tfrrs.org/results/50496/3077238/Stanford_Invitational/Long-Jump,TFRRS all_performances
"Kwiatkowski, Marisa",Stanford,ACC,Long Jump,2017,3,,,5.67,m,Stanford Invitational,2017-03-31,,,0.5,Outdoor,https://www.tfrrs.org/results/50496/3077276/Stanford_Invitational/Long-Jump,TFRRS all_performances
"Gayles, Daryth",Stanford,ACC,Long Jump,2017,3,,,5.41,m,The Big Meet,2017-04-08,,,0.8,Outdoor,https://www.tfrrs.org/results/50537/3100530/The_Big_Meet/Long-Jump,TFRRS all_performances
"Kwiatkowski, Marisa",Stanford,ACC,Long Jump,2017,3,,,4.42,m,The Big Meet,2017-04-08,,,1.8,Outdoor,https://www.tfrrs.org/results/50537/3100530/The_Big_Meet/Long-Jump,TFRRS all_performances
"Gayles, Daryth",Stanford,ACC,Long Jump,2017,3,,,5.87,m,Stanford Cardinal Classic,2017-04-21,,,1.5,Outdoor,https://www.tfrrs.org/results/51367/3143859/Stanford_Cardinal_Classic/Long-Jump,TFRRS all_performances
"Kwiatkowski, Marisa",Stanford,ACC,Long Jump,2017,3,,,5.75,m,Stanford Cardinal Classic,2017-04-21,,,1.9,Outdoor,https://www.tfrrs.org/results/51367/3143859/Stanford_Cardinal_Classic/Long-Jump,TFRRS all_performances
"Gayles, Daryth",Stanford,ACC,Long Jump,2017,3,,,6.03,m,Longhorn Invitational,2017-04-28,,,1.4,Outdoor,https://www.tfrrs.org/results/48676/3161486/Longhorn_Invitational/Long-Jump,TFRRS all_performances
"Kwiatkowski, Marisa",Stanford,ACC,Long Jump,2017,3,,,5.57,m,Longhorn Invitational,2017-04-28,,,1.9,Outdoor,https://www.tfrrs.org/results/48676/3161486/Longhorn_Invitational/Long-Jump,TFRRS all_performances
"Gayles, Daryth",Stanford,ACC,Long Jump,2017,3,,,5.54,m,Pac-12 Championships,2017-05-13,,,1.8,Outdoor,https://www.tfrrs.org/results/51891/3191906/Pac-12_Championships/Long-Jump,TFRRS all_performances
"Gayles, Daryth",Stanford,ACC,Long Jump,2017,3,,,5.74,m,NCAA Division I West Preliminary Round,2017-05-27,Final,40,,Outdoor,https://gostanford.com/sports/track-field/roster/season/2017-18/player/daryth-gayles,legacy_source_needs_review
"Barron, Mia",Virginia,ACC,Long Jump,2017,2,,,5.98,m,Miami Hurricane Collegiate Invitational,2017-03-25,,,-1.8,Outdoor,https://www.tfrrs.org/results/46899/3053282/Miami_Hurricane_Collegiate_Invitational/Long-Jump,TFRRS all_performances
"McKee, Kelly",Virginia,ACC,Long Jump,2017,2,,,5.80,m,Miami Hurricane Collegiate Invitational,2017-03-25,,,-1.7,Outdoor,https://www.tfrrs.org/results/46899/3053282/Miami_Hurricane_Collegiate_Invitational/Long-Jump,TFRRS all_performances
"Barron, Mia",Virginia,ACC,Long Jump,2017,2,,,5.88,m,Virginia Quad,2017-04-08,,,-0.2,Outdoor,https://www.tfrrs.org/results/50828/3097713/Virginia_Quad/Long-Jump,TFRRS all_performances
"McKee, Kelly",Virginia,ACC,Long Jump,2017,2,,,5.76,m,Virginia Quad,2017-04-08,,,-0.3,Outdoor,https://www.tfrrs.org/results/50828/3097713/Virginia_Quad/Long-Jump,TFRRS all_performances
"Barron, Mia",Virginia,ACC,Long Jump,2017,2,,,6.08,m,Virginia Challenge,2017-04-21,,,0.7,Outdoor,https://www.tfrrs.org/results/51364/3143629/Virginia_Challenge/Long-Jump,TFRRS all_performances
"Herran, Alana",Virginia,ACC,Long Jump,2017,2,,,5.65,m,Virginia Challenge,2017-04-21,,,1.2,Outdoor,https://www.tfrrs.org/results/51364/3143661/Virginia_Challenge/Long-Jump,TFRRS all_performances
"McKee, Kelly",Virginia,ACC,Long Jump,2017,2,,,5.83,m,Virginia Challenge,2017-04-21,,,1.1,Outdoor,https://www.tfrrs.org/results/51364/3143629/Virginia_Challenge/Long-Jump,TFRRS all_performances
"Sullivan, Holly",Virginia,ACC,Long Jump,2017,3,,,5.69,m,Virginia Challenge,2017-04-21,,,1.6,Outdoor,https://www.tfrrs.org/results/51364/3155263/Virginia_Challenge/Long-Jump,TFRRS all_performances
"Barron, Mia",Virginia,ACC,Long Jump,2017,2,,,6.07,m,Virginia Grand Prix,2017-04-29,,,1.7,Outdoor,https://www.tfrrs.org/results/51624/3162901/Virginia_Grand_Prix/Long-Jump,TFRRS all_performances
"Herran, Alana",Virginia,ACC,Long Jump,2017,2,,,5.47,m,Virginia Grand Prix,2017-04-29,,,1.7,Outdoor,https://www.tfrrs.org/results/51624/3162901/Virginia_Grand_Prix/Long-Jump,TFRRS all_performances
"McKee, Kelly",Virginia,ACC,Long Jump,2017,2,,,5.87,m,Virginia Grand Prix,2017-04-29,,,1.3,Outdoor,https://www.tfrrs.org/results/51624/3162901/Virginia_Grand_Prix/Long-Jump,TFRRS all_performances
"Barron, Mia",Virginia,ACC,Long Jump,2017,2,,,5.87,m,ACC Outdoor Track & Field Championships,2017-05-12,,,-0.4,Outdoor,https://www.tfrrs.org/results/51674/3191847/ACC_Outdoor_Track__Field_Championships/Long-Jump,TFRRS all_performances
"McKee, Kelly",Virginia,ACC,Long Jump,2017,2,,,5.79,m,ACC Outdoor Track & Field Championships,2017-05-12,,,1.0,Outdoor,https://www.tfrrs.org/results/51674/3191847/ACC_Outdoor_Track__Field_Championships/Long-Jump,TFRRS all_performances
"Sullivan, Holly",Virginia,ACC,Long Jump,2017,3,,,5.72,m,ACC Outdoor Track & Field Championships,2017-05-12,,,0.9,Outdoor,https://www.tfrrs.org/results/51674/3191845/ACC_Outdoor_Track__Field_Championships/Long-Jump,TFRRS all_performances
"Hagens, Lisanne",Arizona,Big 12,Long Jump,2017,3,,,5.76,m,Duel In The Desert- ASU vs Arizona,2017-04-28,,,+0.0,Outdoor,https://www.tfrrs.org/results/51627/3163273/Duel_In_The_Desert-_ASU_vs_Arizona/Long-Jump,TFRRS all_performances
"Hawthorne, Chandra",Arizona,Big 12,Long Jump,2017,2,,,5.25,m,Duel In The Desert- ASU vs Arizona,2017-04-28,,,+0.0,Outdoor,https://www.tfrrs.org/results/51627/3163273/Duel_In_The_Desert-_ASU_vs_Arizona/Long-Jump,TFRRS all_performances
"Williams, Brittni",Arizona,Big 12,Long Jump,2017,2,,,4.95,m,Duel In The Desert- ASU vs Arizona,2017-04-28,,,1.3,Outdoor,https://www.tfrrs.org/results/51627/3163273/Duel_In_The_Desert-_ASU_vs_Arizona/Long-Jump,TFRRS all_performances
"Folsom, Halley",BYU,Big 12,Long Jump,2017,2,,,4.80,m,UNLV Invitational and Sheila Tarr Multis,2017-03-16,,,0.2,Outdoor,https://www.tfrrs.org/results/47830/3113488/UNLV_Invitational_and_Sheila_Tarr_Multis/Long-Jump,TFRRS all_performances
"Long, Ellyana",BYU,Big 12,Long Jump,2017,1,,,4.87,m,UNLV Invitational and Sheila Tarr Multis,2017-03-16,,,+0.0,Outdoor,https://www.tfrrs.org/results/47830/3036657/UNLV_Invitational_and_Sheila_Tarr_Multis/Long-Jump,TFRRS all_performances
"Yetter, Lindsay",BYU,Big 12,Long Jump,2017,1,,,5.43,m,UNLV Invitational and Sheila Tarr Multis,2017-03-16,,,0.6,Outdoor,https://www.tfrrs.org/results/47830/3113488/UNLV_Invitational_and_Sheila_Tarr_Multis/Long-Jump,TFRRS all_performances
"Dixon, Kiyana",BYU,Big 12,Long Jump,2017,2,,,5.06,m,Trojan Invitational,2017-03-17,,,0.2,Outdoor,https://www.tfrrs.org/results/48842/3036918/Trojan_Invitational/Long-Jump,TFRRS all_performances
"Hadley, Chloe",BYU,Big 12,Long Jump,2017,4,,,5.40,m,Trojan Invitational,2017-03-17,,,+0.0,Outdoor,https://www.tfrrs.org/results/48842/3036918/Trojan_Invitational/Long-Jump,TFRRS all_performances
"Jackson, ShyAndrea",BYU,Big 12,Long Jump,2017,3,,,5.04,m,Trojan Invitational,2017-03-17,,,0.4,Outdoor,https://www.tfrrs.org/results/48842/3036918/Trojan_Invitational/Long-Jump,TFRRS all_performances
"Hadley, Chloe",BYU,Big 12,Long Jump,2017,4,,,5.18,m,2017 UVU Collegiate Invitational,2017-03-31,,,1.6,Outdoor,https://www.tfrrs.org/results/50494/3076962/2017_UVU_Collegiate_Invitational/Long-Jump,TFRRS all_performances
"Jackson, ShyAndrea",BYU,Big 12,Long Jump,2017,3,,,5.22,m,2017 UVU Collegiate Invitational,2017-03-31,,,1.2,Outdoor,https://www.tfrrs.org/results/50494/3076962/2017_UVU_Collegiate_Invitational/Long-Jump,TFRRS all_performances
"Miller, Keesha",BYU,Big 12,Long Jump,2017,2,,,5.28,m,2017 UVU Collegiate Invitational,2017-03-31,,,1.1,Outdoor,https://www.tfrrs.org/results/50494/3076962/2017_UVU_Collegiate_Invitational/Long-Jump,TFRRS all_performances
"Hadley, Chloe",BYU,Big 12,Long Jump,2017,4,,,5.38,m,38th Sun Angel Classic,2017-04-06,,,1.2,Outdoor,https://www.tfrrs.org/results/50850/3101040/38th_Sun_Angel_Classic/Long-Jump,TFRRS all_performances
"Miller, Keesha",BYU,Big 12,Long Jump,2017,2,,,5.06,m,38th Sun Angel Classic,2017-04-06,,,+0.0,Outdoor,https://www.tfrrs.org/results/50850/3101040/38th_Sun_Angel_Classic/Long-Jump,TFRRS all_performances
"Jackson, ShyAndrea",BYU,Big 12,Long Jump,2017,3,,,5.40,m,2017 BYU Robison Invitational,2017-04-27,,,+0.0,Outdoor,https://www.tfrrs.org/results/51626/3166684/2017_BYU_Robison_Invitational/Long-Jump,TFRRS all_performances
"Hadley, Chloe",BYU,Big 12,Long Jump,2017,4,,,5.67,m,2017 Oxy Invitational,2017-05-06,,,0.1,Outdoor,https://www.tfrrs.org/results/47548/3179102/2017_Oxy_Invitational/Long-Jump,TFRRS all_performances
"Jackson, ShyAndrea",BYU,Big 12,Long Jump,2017,3,,,5.42,m,2017 Oxy Invitational,2017-05-06,,,1.4,Outdoor,https://www.tfrrs.org/results/47548/3179102/2017_Oxy_Invitational/Long-Jump,TFRRS all_performances
"Folsom, Halley",BYU,Big 12,Long Jump,2017,2,,,5.26,m,2017 BYU Cougar Invitational,2017-05-12,,,+0.0,Outdoor,https://www.tfrrs.org/results/51875/3192276/2017_BYU_Cougar_Invitational/Long-Jump,TFRRS all_performances
"Jackson, ShyAndrea",BYU,Big 12,Long Jump,2017,3,,,5.45,m,2017 BYU Cougar Invitational,2017-05-12,,,2.0,Outdoor,https://www.tfrrs.org/results/51875/3189794/2017_BYU_Cougar_Invitational/Long-Jump,TFRRS all_performances
"Yetter, Lindsay",BYU,Big 12,Long Jump,2017,1,,,5.55,m,2017 BYU Cougar Invitational,2017-05-12,,,+0.0,Outdoor,https://www.tfrrs.org/results/51875/3192276/2017_BYU_Cougar_Invitational/Long-Jump,TFRRS all_performances
"Fisher, Jacinta",Baylor,Big 12,Long Jump,2017,1,,,5.35,m,2017 TCU Invitational,2017-03-17,,,1.1,Outdoor,https://www.tfrrs.org/results/48448/3035804/2017_TCU_Invitational/Long-Jump,TFRRS all_performances
"Grandcolas, Carlyn",Baylor,Big 12,Long Jump,2017,4,,,5.32,m,Roadrunner Invitational,2017-03-23,,,1.2,Outdoor,https://www.tfrrs.org/results/49293/3055176/Roadrunner_Invitational/Long-Jump,TFRRS all_performances
"Richardson, Brianna",Baylor,Big 12,Long Jump,2017,4,,,5.67,m,Roadrunner Invitational,2017-03-23,,,0.9,Outdoor,https://www.tfrrs.org/results/49293/3055176/Roadrunner_Invitational/Long-Jump,TFRRS all_performances
"Pfeiffer, Jenna",Baylor,Big 12,Long Jump,2017,4,,,5.44,m,2017 90th Clyde Littlefield Texas Relays,2017-03-29,,,-0.6,Outdoor,https://www.tfrrs.org/results/48669/3171996/2017_90th_Clyde_Littlefield_Texas_Relays/Long-Jump,TFRRS all_performances
"Grandcolas, Carlyn",Baylor,Big 12,Long Jump,2017,4,,,5.39,m,Big 12 Outdoor Track & Field Championships,2017-05-12,,,1.1,Outdoor,https://www.tfrrs.org/results/51401/3192103/Big_12_Outdoor_Track__Field_Championships/Long-Jump,TFRRS all_performances
"Pfeiffer, Jenna",Baylor,Big 12,Long Jump,2017,4,,,5.44,m,NCAA Division I Outdoor Track & Field Championships,2017-06-07,,,1.7,Outdoor,https://www.tfrrs.org/results/51935/3199342/NCAA_Division_I_Outdoor_Track__Field_Championships/Long-Jump,TFRRS all_performances
"Frazier, Tasha",Iowa State,Big 12,Long Jump,2017,3,,,5.38,m,Tulsa Duels,2017-03-17,,,1.4,Outdoor,https://www.tfrrs.org/results/49796/3035603/Tulsa_Duels/Long-Jump,TFRRS all_performances
"McCorkle, Allanah",Iowa State,Big 12,Long Jump,2017,4,,,6.08,m,Tulsa Duels,2017-03-17,,,1.9,Outdoor,https://www.tfrrs.org/results/49796/3035603/Tulsa_Duels/Long-Jump,TFRRS all_performances
"Spurgeon, Carsyn",Iowa State,Big 12,Long Jump,2017,1,,,5.83,m,Tulsa Duels,2017-03-17,,,0.8,Outdoor,https://www.tfrrs.org/results/49796/3035603/Tulsa_Duels/Long-Jump,TFRRS all_performances
"Frazier, Tasha",Iowa State,Big 12,Long Jump,2017,3,,,5.77,m,Stanford Invitational,2017-03-31,,,-0.3,Outdoor,https://www.tfrrs.org/results/50496/3077238/Stanford_Invitational/Long-Jump,TFRRS all_performances
"McCorkle, Allanah",Iowa State,Big 12,Long Jump,2017,4,,,6.13,m,Stanford Invitational,2017-03-31,,,1.7,Outdoor,https://www.tfrrs.org/results/50496/3077238/Stanford_Invitational/Long-Jump,TFRRS all_performances
"Spurgeon, Carsyn",Iowa State,Big 12,Long Jump,2017,1,,,5.17,m,Stanford Invitational,2017-03-31,,,+0.0,Outdoor,https://www.tfrrs.org/results/50496/3077238/Stanford_Invitational/Long-Jump,TFRRS all_performances
"Frazier, Tasha",Iowa State,Big 12,Long Jump,2017,3,,,5.66,m,38th Sun Angel Classic,2017-04-06,,,+0.0,Outdoor,https://www.tfrrs.org/results/50850/3101040/38th_Sun_Angel_Classic/Long-Jump,TFRRS all_performances
"Luque, Jhoanmy",Iowa State,Big 12,Long Jump,2017,3,,,5.99,m,38th Sun Angel Classic,2017-04-06,,,+0.0,Outdoor,https://www.tfrrs.org/results/50850/3101040/38th_Sun_Angel_Classic/Long-Jump,TFRRS all_performances
"McCorkle, Allanah",Iowa State,Big 12,Long Jump,2017,4,,,5.98,m,38th Sun Angel Classic,2017-04-06,,,+0.0,Outdoor,https://www.tfrrs.org/results/50850/3101040/38th_Sun_Angel_Classic/Long-Jump,TFRRS all_performances
"Spurgeon, Carsyn",Iowa State,Big 12,Long Jump,2017,1,,,5.28,m,38th Sun Angel Classic,2017-04-06,,,0.4,Outdoor,https://www.tfrrs.org/results/50850/3101040/38th_Sun_Angel_Classic/Long-Jump,TFRRS all_performances
"Whigham, Emma",Iowa State,Big 12,Long Jump,2017,2,,,5.58,m,Jim Click Shootout,2017-04-08,,,1.4,Outdoor,https://www.tfrrs.org/results/49902/3142611/Jim_Click_Shootout/Long-Jump,TFRRS all_performances
"Frazier, Tasha",Iowa State,Big 12,Long Jump,2017,3,,,5.16,m,Musco Twilight,2017-04-22,,,1.5,Outdoor,https://www.tfrrs.org/results/51365/3143742/Musco_Twilight/Long-Jump,TFRRS all_performances
"Luque, Jhoanmy",Iowa State,Big 12,Long Jump,2017,3,,,6.26,m,Musco Twilight,2017-04-22,,,1.6,Outdoor,https://www.tfrrs.org/results/51365/3143742/Musco_Twilight/Long-Jump,TFRRS all_performances
"McCorkle, Allanah",Iowa State,Big 12,Long Jump,2017,4,,,6.10,m,Musco Twilight,2017-04-22,,,1.9,Outdoor,https://www.tfrrs.org/results/51365/3143742/Musco_Twilight/Long-Jump,TFRRS all_performances
"Whigham, Emma",Iowa State,Big 12,Long Jump,2017,2,,,5.67,m,Musco Twilight,2017-04-22,,,1.9,Outdoor,https://www.tfrrs.org/results/51365/3143742/Musco_Twilight/Long-Jump,TFRRS all_performances
"Luque, Jhoanmy",Iowa State,Big 12,Long Jump,2017,3,,,6.12,m,2017 Drake Relays presented by Hy-Vee,2017-04-26,,,1.6,Outdoor,https://www.tfrrs.org/results/51616/3161218/2017_Drake_Relays_presented_by_Hy-Vee/Long-Jump,TFRRS all_performances
"McCorkle, Allanah",Iowa State,Big 12,Long Jump,2017,4,,,5.95,m,2017 Drake Relays presented by Hy-Vee,2017-04-26,,,1.2,Outdoor,https://www.tfrrs.org/results/51616/3161218/2017_Drake_Relays_presented_by_Hy-Vee/Long-Jump,TFRRS all_performances
"Whigham, Emma",Iowa State,Big 12,Long Jump,2017,2,,,5.37,m,2017 Drake Relays presented by Hy-Vee,2017-04-26,,,0.2,Outdoor,https://www.tfrrs.org/results/51616/3161230/2017_Drake_Relays_presented_by_Hy-Vee/Long-Jump,TFRRS all_performances
"Frazier, Tasha",Iowa State,Big 12,Long Jump,2017,3,,,5.57,m,2017 Nebraska Invitational,2017-05-06,,,0.1,Outdoor,https://www.tfrrs.org/results/47645/3177977/2017_Nebraska_Invitational/Long-Jump,TFRRS all_performances
"Luque, Jhoanmy",Iowa State,Big 12,Long Jump,2017,3,,,6.38,m,Big 12 Outdoor Track & Field Championships,2017-05-12,,,1.5,Outdoor,https://www.tfrrs.org/results/51401/3192090/Big_12_Outdoor_Track__Field_Championships/Long-Jump,TFRRS all_performances
"Luque, Jhoanmy",Iowa State,Big 12,Long Jump,2017,3,,,6.58,m,NCAA Division I West Preliminary Round,2017-05-25,,,1.7,Outdoor,https://www.tfrrs.org/results/51921/3197644/NCAA_Division_I_West_Preliminary_Round/Long-Jump,TFRRS all_performances
"McCorkle, Allanah",Iowa State,Big 12,Long Jump,2017,4,,,6.31,m,NCAA Division I West Preliminary Round,2017-05-25,,,2.0,Outdoor,https://www.tfrrs.org/results/51921/3197644/NCAA_Division_I_West_Preliminary_Round/Long-Jump,TFRRS all_performances
"Luque, Jhoanmy",Iowa State,Big 12,Long Jump,2017,3,,,6.54,m,NCAA Division I Outdoor Track & Field Championships,2017-06-07,,,0.3,Outdoor,https://www.tfrrs.org/results/51935/3199108/NCAA_Division_I_Outdoor_Track__Field_Championships/Long-Jump,TFRRS all_performances
"McCorkle, Allanah",Iowa State,Big 12,Long Jump,2017,4,,,6.16,m,NCAA Division I Outdoor Track & Field Championships,2017-06-07,,,0.7,Outdoor,https://www.tfrrs.org/results/51935/3199108/NCAA_Division_I_Outdoor_Track__Field_Championships/Long-Jump,TFRRS all_performances
"Alli, Zuliat",Texas Tech,Big 12,Long Jump,2017,1,,,5.75,m,UTSA Invitational,2017-03-17,,,1.7,Outdoor,https://www.tfrrs.org/results/49273/3037356/UTSA_Invitational/Long-Jump,TFRRS all_performances
"Hinton, Kaylee",Texas Tech,Big 12,Long Jump,2017,2,,,6.02,m,UTSA Invitational,2017-03-17,,,1.3,Outdoor,https://www.tfrrs.org/results/49273/3037356/UTSA_Invitational/Long-Jump,TFRRS all_performances
"Murrell, Talajah",Texas Tech,Big 12,Long Jump,2017,2,,,5.39,m,UTSA Invitational,2017-03-17,,,0.8,Outdoor,https://www.tfrrs.org/results/49273/3037356/UTSA_Invitational/Long-Jump,TFRRS all_performances
"Nesmith, Amani",Texas Tech,Big 12,Long Jump,2017,4,,,5.77,m,UTSA Invitational,2017-03-17,,,0.7,Outdoor,https://www.tfrrs.org/results/49273/3037356/UTSA_Invitational/Long-Jump,TFRRS all_performances
"Njoku, Rose",Texas Tech,Big 12,Long Jump,2017,1,,,5.23,m,UTSA Invitational,2017-03-17,,,1.0,Outdoor,https://www.tfrrs.org/results/49273/3037356/UTSA_Invitational/Long-Jump,TFRRS all_performances
"Revell, Paetyn",Texas Tech,Big 12,Long Jump,2017,3,,,5.51,m,UTSA Invitational,2017-03-17,,,1.6,Outdoor,https://www.tfrrs.org/results/49273/3037356/UTSA_Invitational/Long-Jump,TFRRS all_performances
"Walker, Ivy",Texas Tech,Big 12,Long Jump,2017,1,,,5.77,m,UTSA Invitational,2017-03-17,,,1.5,Outdoor,https://www.tfrrs.org/results/49273/3037356/UTSA_Invitational/Long-Jump,TFRRS all_performances
"Alli, Zuliat",Texas Tech,Big 12,Long Jump,2017,1,,,5.80,m,Wes Kittley Invitational,2017-03-24,,,1.5,Outdoor,https://www.tfrrs.org/results/49664/3056866/Wes_Kittley_Invitational/Long-Jump,TFRRS all_performances
"Murrell, Talajah",Texas Tech,Big 12,Long Jump,2017,2,,,5.57,m,Wes Kittley Invitational,2017-03-24,,,1.9,Outdoor,https://www.tfrrs.org/results/49664/3056866/Wes_Kittley_Invitational/Long-Jump,TFRRS all_performances
"Nesmith, Amani",Texas Tech,Big 12,Long Jump,2017,4,,,5.89,m,Wes Kittley Invitational,2017-03-24,,,1.8,Outdoor,https://www.tfrrs.org/results/49664/3056866/Wes_Kittley_Invitational/Long-Jump,TFRRS all_performances
"Njoku, Rose",Texas Tech,Big 12,Long Jump,2017,1,,,4.65,m,Wes Kittley Invitational,2017-03-24,,,1.0,Outdoor,https://www.tfrrs.org/results/49664/3192146/Wes_Kittley_Invitational/Long-Jump,TFRRS all_performances
"Revell, Paetyn",Texas Tech,Big 12,Long Jump,2017,3,,,5.50,m,Wes Kittley Invitational,2017-03-24,,,+0.0,Outdoor,https://www.tfrrs.org/results/49664/3056866/Wes_Kittley_Invitational/Long-Jump,TFRRS all_performances
"Walker, Ivy",Texas Tech,Big 12,Long Jump,2017,1,,,5.79,m,Wes Kittley Invitational,2017-03-24,,,1.1,Outdoor,https://www.tfrrs.org/results/49664/3056866/Wes_Kittley_Invitational/Long-Jump,TFRRS all_performances
"Latham, Viershanie",Texas Tech,Big 12,Long Jump,2017,4,,,5.98,m,2017 90th Clyde Littlefield Texas Relays,2017-03-29,,,1.8,Outdoor,https://www.tfrrs.org/results/48669/3075296/2017_90th_Clyde_Littlefield_Texas_Relays/Long-Jump,TFRRS all_performances
"Alli, Zuliat",Texas Tech,Big 12,Long Jump,2017,1,,,5.61,m,38th Sun Angel Classic,2017-04-06,,,1.0,Outdoor,https://www.tfrrs.org/results/50850/3101040/38th_Sun_Angel_Classic/Long-Jump,TFRRS all_performances
"Latham, Viershanie",Texas Tech,Big 12,Long Jump,2017,4,,,5.87,m,38th Sun Angel Classic,2017-04-06,,,0.7,Outdoor,https://www.tfrrs.org/results/50850/3101040/38th_Sun_Angel_Classic/Long-Jump,TFRRS all_performances
"Nesmith, Amani",Texas Tech,Big 12,Long Jump,2017,4,,,5.12,m,38th Sun Angel Classic,2017-04-06,,,1.8,Outdoor,https://www.tfrrs.org/results/50850/3101040/38th_Sun_Angel_Classic/Long-Jump,TFRRS all_performances
"Walker, Ivy",Texas Tech,Big 12,Long Jump,2017,1,,,5.51,m,38th Sun Angel Classic,2017-04-06,,,+0.0,Outdoor,https://www.tfrrs.org/results/50850/3101040/38th_Sun_Angel_Classic/Long-Jump,TFRRS all_performances
"Alli, Zuliat",Texas Tech,Big 12,Long Jump,2017,1,,,6.00,m,2017 Horned Frog Invitational,2017-04-15,,,2.0,Outdoor,https://www.tfrrs.org/results/49110/3122770/2017_Horned_Frog_Invitational/Long-Jump,TFRRS all_performances
"Hinton, Kaylee",Texas Tech,Big 12,Long Jump,2017,2,,,6.27,m,2017 Horned Frog Invitational,2017-04-15,,,1.9,Outdoor,https://www.tfrrs.org/results/49110/3122770/2017_Horned_Frog_Invitational/Long-Jump,TFRRS all_performances
"Murrell, Talajah",Texas Tech,Big 12,Long Jump,2017,2,,,5.80,m,2017 Horned Frog Invitational,2017-04-15,,,1.9,Outdoor,https://www.tfrrs.org/results/49110/3122770/2017_Horned_Frog_Invitational/Long-Jump,TFRRS all_performances
"Hinton, Kaylee",Texas Tech,Big 12,Long Jump,2017,2,,,5.58,m,Kansas Relays,2017-04-19,,,1.6,Outdoor,https://www.tfrrs.org/results/51361/3143309/Kansas_Relays/Long-Jump,TFRRS all_performances
"Alli, Zuliat",Texas Tech,Big 12,Long Jump,2017,1,,,5.65,m,Michael Johnson Invitational,2017-04-22,,,1.9,Outdoor,https://www.tfrrs.org/results/49272/3142961/Michael_Johnson_Invitational/Long-Jump,TFRRS all_performances
"Murrell, Talajah",Texas Tech,Big 12,Long Jump,2017,2,,,5.46,m,Michael Johnson Invitational,2017-04-22,,,1.9,Outdoor,https://www.tfrrs.org/results/49272/3142961/Michael_Johnson_Invitational/Long-Jump,TFRRS all_performances
"Walker, Ivy",Texas Tech,Big 12,Long Jump,2017,1,,,5.02,m,Michael Johnson Invitational,2017-04-22,,,0.8,Outdoor,https://www.tfrrs.org/results/49272/3142961/Michael_Johnson_Invitational/Long-Jump,TFRRS all_performances
"Alli, Zuliat",Texas Tech,Big 12,Long Jump,2017,1,,,5.92,m,Texas Tech Red Raider Shoot-Out,2017-04-28,,,1.1,Outdoor,https://www.tfrrs.org/results/48624/3163556/Texas_Tech_Red_Raider_Shoot-Out/Long-Jump,TFRRS all_performances
"Latham, Viershanie",Texas Tech,Big 12,Long Jump,2017,4,,,6.25,m,Texas Tech Red Raider Shoot-Out,2017-04-28,,,1.3,Outdoor,https://www.tfrrs.org/results/48624/3163556/Texas_Tech_Red_Raider_Shoot-Out/Long-Jump,TFRRS all_performances
"Murrell, Talajah",Texas Tech,Big 12,Long Jump,2017,2,,,5.82,m,Texas Tech Red Raider Shoot-Out,2017-04-28,,,1.4,Outdoor,https://www.tfrrs.org/results/48624/3163556/Texas_Tech_Red_Raider_Shoot-Out/Long-Jump,TFRRS all_performances
"Alli, Zuliat",Texas Tech,Big 12,Long Jump,2017,1,,,5.91,m,Big 12 Outdoor Track & Field Championships,2017-05-12,,,1.8,Outdoor,https://www.tfrrs.org/results/51401/3192090/Big_12_Outdoor_Track__Field_Championships/Long-Jump,TFRRS all_performances
"Latham, Viershanie",Texas Tech,Big 12,Long Jump,2017,4,,,5.91,m,Big 12 Outdoor Track & Field Championships,2017-05-12,,,1.7,Outdoor,https://www.tfrrs.org/results/51401/3192090/Big_12_Outdoor_Track__Field_Championships/Long-Jump,TFRRS all_performances
"Njoku, Rose",Texas Tech,Big 12,Long Jump,2017,1,,,4.68,m,Big 12 Outdoor Track & Field Championships,2017-05-12,,,2.0,Outdoor,https://www.tfrrs.org/results/51401/3192103/Big_12_Outdoor_Track__Field_Championships/Long-Jump,TFRRS all_performances
"Hinton, Kaylee",Texas Tech,Big 12,Long Jump,2017,2,,,5.61,m,NCAA Division I West Preliminary Round,2017-05-25,,,1.9,Outdoor,https://www.tfrrs.org/results/51921/3197644/NCAA_Division_I_West_Preliminary_Round/Long-Jump,TFRRS all_performances
"Latham, Viershanie",Texas Tech,Big 12,Long Jump,2017,4,,,6.09,m,NCAA Division I West Preliminary Round,2017-05-25,,,1.5,Outdoor,https://www.tfrrs.org/results/51921/3197644/NCAA_Division_I_West_Preliminary_Round/Long-Jump,TFRRS all_performances
"Alli, Zuliat",Texas Tech,Big 12,Long Jump,2017,1,,,5.73,m,NCAA Division I Outdoor Track & Field Championships,2017-06-07,,,+0.0,Outdoor,https://www.tfrrs.org/results/51935/3199108/NCAA_Division_I_Outdoor_Track__Field_Championships/Long-Jump,TFRRS all_performances
"Hinton, Kaylee",Texas Tech,Big 12,Long Jump,2017,2,,,5.93,m,NCAA Division I Outdoor Track & Field Championships,2017-06-07,,,1.7,Outdoor,https://www.tfrrs.org/results/51935/3199342/NCAA_Division_I_Outdoor_Track__Field_Championships/Long-Jump,TFRRS all_performances
"Latham, Viershanie",Texas Tech,Big 12,Long Jump,2017,4,,,5.90,m,NCAA Division I Outdoor Track & Field Championships,2017-06-07,,,0.8,Outdoor,https://www.tfrrs.org/results/51935/3199108/NCAA_Division_I_Outdoor_Track__Field_Championships/Long-Jump,TFRRS all_performances
"Kendziera, Brenda",Illinois,Big Ten,Long Jump,2017,1,,,4.95,m,Charlotte 49er Classic,2017-03-16,,,1.1,Outdoor,https://www.tfrrs.org/results/49797/3035894/Charlotte_49er_Classic/Long-Jump,TFRRS all_performances
"Driver, Briana",Illinois,Big Ten,Long Jump,2017,2,,,5.61,m,Weems Baskin Invitational,2017-03-24,,,1.3,Outdoor,https://www.tfrrs.org/results/50135/3055429/Weems_Baskin_Invitational/Long-Jump,TFRRS all_performances
"Kendziera, Brenda",Illinois,Big Ten,Long Jump,2017,1,,,5.09,m,Weems Baskin Invitational,2017-03-24,,,2.0,Outdoor,https://www.tfrrs.org/results/50135/3055434/Weems_Baskin_Invitational/Long-Jump,TFRRS all_performances
"Rogers, Janile",Illinois,Big Ten,Long Jump,2017,3,,,5.63,m,Weems Baskin Invitational,2017-03-24,,,1.5,Outdoor,https://www.tfrrs.org/results/50135/3055429/Weems_Baskin_Invitational/Long-Jump,TFRRS all_performances
"Driver, Briana",Illinois,Big Ten,Long Jump,2017,2,,,5.45,m,Gamecock Invitational,2017-04-15,,,2.0,Outdoor,https://www.tfrrs.org/results/48465/3121601/Gamecock_Invitational/Long-Jump,TFRRS all_performances
"Rogers, Janile",Illinois,Big Ten,Long Jump,2017,3,,,5.68,m,Gamecock Invitational,2017-04-15,,,0.9,Outdoor,https://www.tfrrs.org/results/48465/3121601/Gamecock_Invitational/Long-Jump,TFRRS all_performances
"Driver, Briana",Illinois,Big Ten,Long Jump,2017,2,,,5.94,m,Illinois Twilight,2017-04-22,,,0.6,Outdoor,https://www.tfrrs.org/results/46789/3144002/Illinois_Twilight/Long-Jump,TFRRS all_performances
"Rogers, Janile",Illinois,Big Ten,Long Jump,2017,3,,,5.67,m,Illinois Twilight,2017-04-22,,,0.9,Outdoor,https://www.tfrrs.org/results/46789/3144002/Illinois_Twilight/Long-Jump,TFRRS all_performances
"Driver, Briana",Illinois,Big Ten,Long Jump,2017,2,,,5.35,m,2017 Drake Relays presented by Hy-Vee,2017-04-26,,,0.7,Outdoor,https://www.tfrrs.org/results/51616/3161218/2017_Drake_Relays_presented_by_Hy-Vee/Long-Jump,TFRRS all_performances
"Rogers, Janile",Illinois,Big Ten,Long Jump,2017,3,,,5.73,m,2017 Drake Relays presented by Hy-Vee,2017-04-26,,,1.3,Outdoor,https://www.tfrrs.org/results/51616/3161218/2017_Drake_Relays_presented_by_Hy-Vee/Long-Jump,TFRRS all_performances
"Driver, Briana",Illinois,Big Ten,Long Jump,2017,2,,,5.69,m,Big Ten Outdoor Championships,2017-05-12,,,+0.0,Outdoor,https://www.tfrrs.org/results/51888/3191498/Big_Ten_Outdoor_Championships/Long-Jump,TFRRS all_performances
"Rogers, Janile",Illinois,Big Ten,Long Jump,2017,3,,,5.74,m,Big Ten Outdoor Championships,2017-05-12,,,+0.0,Outdoor,https://www.tfrrs.org/results/51888/3191498/Big_Ten_Outdoor_Championships/Long-Jump,TFRRS all_performances
"McCoy, Jazmin",Nebraska,Big Ten,Long Jump,2017,4,,,4.29,m,Pac-12 vs Big-10 Invitational,2017-03-24,,,+0.0,Outdoor,https://www.tfrrs.org/results/50133/3055322/Pac-12_vs_Big-10_Invitational/Long-Jump,TFRRS all_performances
"Eskridge, Briana",Nebraska,Big Ten,Long Jump,2017,1,,,5.50,m,2017 Husker Spring Invitational,2017-04-08,,,0.4,Outdoor,https://www.tfrrs.org/results/47644/3098248/2017_Husker_Spring_Invitational/Long-Jump,TFRRS all_performances
"Horacek, Payton",Nebraska,Big Ten,Long Jump,2017,3,,,5.56,m,2017 Husker Spring Invitational,2017-04-08,,,0.5,Outdoor,https://www.tfrrs.org/results/47644/3098248/2017_Husker_Spring_Invitational/Long-Jump,TFRRS all_performances
"Lewis, Raynesha",Nebraska,Big Ten,Long Jump,2017,1,,,6.12,m,2017 Husker Spring Invitational,2017-04-08,,,0.3,Outdoor,https://www.tfrrs.org/results/47644/3098248/2017_Husker_Spring_Invitational/Long-Jump,TFRRS all_performances
"Mercurio, Angela",Nebraska,Big Ten,Long Jump,2017,3,,,5.67,m,2017 Husker Spring Invitational,2017-04-08,,,0.2,Outdoor,https://www.tfrrs.org/results/47644/3098248/2017_Husker_Spring_Invitational/Long-Jump,TFRRS all_performances
"Williams, Tierra",Nebraska,Big Ten,Long Jump,2017,4,,,6.28,m,2017 Husker Spring Invitational,2017-04-08,,,1.6,Outdoor,https://www.tfrrs.org/results/47644/3098248/2017_Husker_Spring_Invitational/Long-Jump,TFRRS all_performances
"Eskridge, Briana",Nebraska,Big Ten,Long Jump,2017,1,,,4.29,m,Wichita State KT Woodman Classic,2017-04-14,,,0.4,Outdoor,https://www.tfrrs.org/results/49843/3122451/Wichita_State_KT_Woodman_Classic/Long-Jump,TFRRS all_performances
"Lewis, Raynesha",Nebraska,Big Ten,Long Jump,2017,1,,,6.00,m,Wichita State KT Woodman Classic,2017-04-14,,,1.9,Outdoor,https://www.tfrrs.org/results/49843/3122451/Wichita_State_KT_Woodman_Classic/Long-Jump,TFRRS all_performances
"Mercurio, Angela",Nebraska,Big Ten,Long Jump,2017,3,,,5.87,m,Wichita State KT Woodman Classic,2017-04-14,,,1.0,Outdoor,https://www.tfrrs.org/results/49843/3122451/Wichita_State_KT_Woodman_Classic/Long-Jump,TFRRS all_performances
"Czuth, Reka",Nebraska,Big Ten,Long Jump,2017,3,,,6.10,m,John Jacobs Invitational,2017-04-21,,,1.0,Outdoor,https://www.tfrrs.org/results/51362/3143448/John_Jacobs_Invitational/Long-Jump,TFRRS all_performances
"Horacek, Payton",Nebraska,Big Ten,Long Jump,2017,3,,,5.49,m,John Jacobs Invitational,2017-04-21,,,1.7,Outdoor,https://www.tfrrs.org/results/51362/3143448/John_Jacobs_Invitational/Long-Jump,TFRRS all_performances
"Lewis, Raynesha",Nebraska,Big Ten,Long Jump,2017,1,,,6.07,m,John Jacobs Invitational,2017-04-21,,,1.9,Outdoor,https://www.tfrrs.org/results/51362/3143448/John_Jacobs_Invitational/Long-Jump,TFRRS all_performances
"Mercurio, Angela",Nebraska,Big Ten,Long Jump,2017,3,,,5.69,m,John Jacobs Invitational,2017-04-21,,,2.0,Outdoor,https://www.tfrrs.org/results/51362/3143448/John_Jacobs_Invitational/Long-Jump,TFRRS all_performances
"Lewis, Raynesha",Nebraska,Big Ten,Long Jump,2017,1,,,5.69,m,Texas Tech Red Raider Shoot-Out,2017-04-28,,,1.9,Outdoor,https://www.tfrrs.org/results/48624/3163556/Texas_Tech_Red_Raider_Shoot-Out/Long-Jump,TFRRS all_performances
"Horacek, Payton",Nebraska,Big Ten,Long Jump,2017,3,,,5.57,m,2017 Nebraska Invitational,2017-05-06,,,0.7,Outdoor,https://www.tfrrs.org/results/47645/3177977/2017_Nebraska_Invitational/Long-Jump,TFRRS all_performances
"Mercurio, Angela",Nebraska,Big Ten,Long Jump,2017,3,,,5.60,m,2017 Nebraska Invitational,2017-05-06,,,0.6,Outdoor,https://www.tfrrs.org/results/47645/3177977/2017_Nebraska_Invitational/Long-Jump,TFRRS all_performances
"Williams, Tierra",Nebraska,Big Ten,Long Jump,2017,4,,,6.34,m,2017 Nebraska Invitational,2017-05-06,,,1.1,Outdoor,https://www.tfrrs.org/results/47645/3177977/2017_Nebraska_Invitational/Long-Jump,TFRRS all_performances
"Eskridge, Briana",Nebraska,Big Ten,Long Jump,2017,1,,,5.66,m,Big Ten Outdoor Championships,2017-05-12,,,+0.0,Outdoor,https://www.tfrrs.org/results/51888/3191498/Big_Ten_Outdoor_Championships/Long-Jump,TFRRS all_performances
"Horacek, Payton",Nebraska,Big Ten,Long Jump,2017,3,,,5.08,m,Big Ten Outdoor Championships,2017-05-12,,,0.2,Outdoor,https://www.tfrrs.org/results/51888/3191642/Big_Ten_Outdoor_Championships/Long-Jump,TFRRS all_performances
"Lewis, Raynesha",Nebraska,Big Ten,Long Jump,2017,1,,,6.14,m,Big Ten Outdoor Championships,2017-05-12,,,0.7,Outdoor,https://www.tfrrs.org/results/51888/3191498/Big_Ten_Outdoor_Championships/Long-Jump,TFRRS all_performances
"Williams, Tierra",Nebraska,Big Ten,Long Jump,2017,4,,,6.28,m,Big Ten Outdoor Championships,2017-05-12,,,0.6,Outdoor,https://www.tfrrs.org/results/51888/3191498/Big_Ten_Outdoor_Championships/Long-Jump,TFRRS all_performances
"Williams, Tierra",Nebraska,Big Ten,Long Jump,2017,4,,,6.45,m,NCAA Division I West Preliminary Round,2017-05-25,,,1.6,Outdoor,https://www.tfrrs.org/results/51921/3197644/NCAA_Division_I_West_Preliminary_Round/Long-Jump,TFRRS all_performances
"Williams, Tierra",Nebraska,Big Ten,Long Jump,2017,4,,,6.33,m,NCAA Division I Outdoor Track & Field Championships,2017-06-07,,,-0.9,Outdoor,https://www.tfrrs.org/results/51935/3199108/NCAA_Division_I_Outdoor_Track__Field_Championships/Long-Jump,TFRRS all_performances
"Cook, Chaquinn",Oregon,Big Ten,Long Jump,2017,2,,,6.15,m,Florida Relays,2017-03-30,,,1.9,Outdoor,https://www.tfrrs.org/results/48929/3076603/Florida_Relays/Long-Jump,TFRRS all_performances
"Foster, Rhesa",Oregon,Big Ten,Long Jump,2017,1,,,5.68,m,Florida Relays,2017-03-30,,,-1.6,Outdoor,https://www.tfrrs.org/results/48929/3076606/Florida_Relays/Long-Jump,TFRRS all_performances
"Foster, Rhesa",Oregon,Big Ten,Long Jump,2017,1,,,6.08,m,Mt. SAC Relays,2017-04-13,,,-2.7,Outdoor,https://www.tfrrs.org/results/51129/3123087/Mt_SAC_Relays/Long-Jump,TFRRS all_performances
"Foster, Rhesa",Oregon,Big Ten,Long Jump,2017,1,,,6.01,m,Oregon State University High Performance,2017-04-28,,,0.4,Outdoor,https://www.tfrrs.org/results/48540/3162672/Oregon_State_University_High_Performance/Long-Jump,TFRRS all_performances
"Cook, Chaquinn",Oregon,Big Ten,Long Jump,2017,2,,,5.87,m,Pac-12 Championships,2017-05-13,,,1.0,Outdoor,https://www.tfrrs.org/results/51891/3191906/Pac-12_Championships/Long-Jump,TFRRS all_performances
"Foster, Rhesa",Oregon,Big Ten,Long Jump,2017,1,,,6.26,m,Pac-12 Championships,2017-05-13,,,1.1,Outdoor,https://www.tfrrs.org/results/51891/3191906/Pac-12_Championships/Long-Jump,TFRRS all_performances
"Foster, Rhesa",Oregon,Big Ten,Long Jump,2017,1,,,5.91,m,NCAA Division I Outdoor Track & Field Championships,2017-06-07,,,-0.2,Outdoor,https://www.tfrrs.org/results/51935/3199108/NCAA_Division_I_Outdoor_Track__Field_Championships/Long-Jump,TFRRS all_performances
"Harmon-Thomas, Alexa",USC,Big Ten,Long Jump,2017,2,,,5.53,m,Trojan Invitational,2017-03-17,,,+0.0,Outdoor,https://www.tfrrs.org/results/48842/3036918/Trojan_Invitational/Long-Jump,TFRRS all_performances
"Jones, Margaux",USC,Big Ten,Long Jump,2017,2,,,6.08,m,Trojan Invitational,2017-03-17,,,-0.1,Outdoor,https://www.tfrrs.org/results/48842/3036918/Trojan_Invitational/Long-Jump,TFRRS all_performances
"Lopes, Lyndsey",USC,Big Ten,Long Jump,2017,2,,,5.58,m,Trojan Invitational,2017-03-17,,,-0.1,Outdoor,https://www.tfrrs.org/results/48842/3036918/Trojan_Invitational/Long-Jump,TFRRS all_performances
"Lopes, Lyndsey",USC,Big Ten,Long Jump,2017,2,,,5.79,m,Westmont Classic With Jim Klein Combined Events,2017-03-23,,,0.4,Outdoor,https://www.tfrrs.org/results/48005/3107135/Westmont_Classic_With_Jim_Klein_Combined_Events/Long-Jump,TFRRS all_performances
"Harmon-Thomas, Alexa",USC,Big Ten,Long Jump,2017,2,,,5.73,m,39th Annual Aztec Invitational,2017-03-24,,,2.0,Outdoor,https://www.tfrrs.org/results/48789/3054530/39th_Annual_Aztec_Invitational/Long-Jump,TFRRS all_performances
"Jones, Margaux",USC,Big Ten,Long Jump,2017,2,,,6.06,m,39th Annual Aztec Invitational,2017-03-24,,,1.0,Outdoor,https://www.tfrrs.org/results/48789/3054530/39th_Annual_Aztec_Invitational/Long-Jump,TFRRS all_performances
"Richards, Madisen",USC,Big Ten,Long Jump,2017,3,,,5.96,m,39th Annual Aztec Invitational,2017-03-24,,,1.7,Outdoor,https://www.tfrrs.org/results/48789/3054530/39th_Annual_Aztec_Invitational/Long-Jump,TFRRS all_performances
"Jones, Margaux",USC,Big Ten,Long Jump,2017,2,,,6.18,m,2017 90th Clyde Littlefield Texas Relays,2017-03-29,,,1.6,Outdoor,https://www.tfrrs.org/results/48669/3075210/2017_90th_Clyde_Littlefield_Texas_Relays/Long-Jump,TFRRS all_performances
"Richards, Madisen",USC,Big Ten,Long Jump,2017,3,,,6.00,m,2017 90th Clyde Littlefield Texas Relays,2017-03-29,,,1.5,Outdoor,https://www.tfrrs.org/results/48669/3075296/2017_90th_Clyde_Littlefield_Texas_Relays/Long-Jump,TFRRS all_performances
"Harmon-Thomas, Alexa",USC,Big Ten,Long Jump,2017,2,,,5.55,m,LSU Battle on the Bayou,2017-04-08,,,-0.2,Outdoor,https://www.tfrrs.org/results/47399/3096400/LSU_Battle_on_the_Bayou/Long-Jump,TFRRS all_performances
"Jones, Margaux",USC,Big Ten,Long Jump,2017,2,,,6.10,m,LSU Battle on the Bayou,2017-04-08,,,1.0,Outdoor,https://www.tfrrs.org/results/47399/3096400/LSU_Battle_on_the_Bayou/Long-Jump,TFRRS all_performances
"Lopes, Lyndsey",USC,Big Ten,Long Jump,2017,2,,,5.60,m,LSU Battle on the Bayou,2017-04-08,,,0.2,Outdoor,https://www.tfrrs.org/results/47399/3096400/LSU_Battle_on_the_Bayou/Long-Jump,TFRRS all_performances
"Richards, Madisen",USC,Big Ten,Long Jump,2017,3,,,5.31,m,LSU Battle on the Bayou,2017-04-08,,,-1.2,Outdoor,https://www.tfrrs.org/results/47399/3096400/LSU_Battle_on_the_Bayou/Long-Jump,TFRRS all_performances
"Richards, Madisen",USC,Big Ten,Long Jump,2017,3,,,5.95,m,Mt. SAC Relays,2017-04-13,,,1.5,Outdoor,https://www.tfrrs.org/results/51129/3123150/Mt_SAC_Relays/Long-Jump,TFRRS all_performances
"Jones, Margaux",USC,Big Ten,Long Jump,2017,2,,,6.31,m,Beach Invitational,2017-04-14,,,+0.0,Outdoor,https://www.tfrrs.org/results/51137/3123780/Beach_Invitational/Long-Jump,TFRRS all_performances
"Harmon-Thomas, Alexa",USC,Big Ten,Long Jump,2017,2,,,5.70,m,USC vs. UCLA,2017-04-29,,,-0.2,Outdoor,https://www.tfrrs.org/results/51638/3164128/USC_vs_UCLA/Long-Jump,TFRRS all_performances
"Jones, Margaux",USC,Big Ten,Long Jump,2017,2,,,6.24,m,USC vs. UCLA,2017-04-29,,,1.2,Outdoor,https://www.tfrrs.org/results/51638/3164128/USC_vs_UCLA/Long-Jump,TFRRS all_performances
"Lopes, Lyndsey",USC,Big Ten,Long Jump,2017,2,,,5.91,m,USC vs. UCLA,2017-04-29,,,-0.8,Outdoor,https://www.tfrrs.org/results/51638/3164128/USC_vs_UCLA/Long-Jump,TFRRS all_performances
"Richards, Madisen",USC,Big Ten,Long Jump,2017,3,,,5.94,m,USC vs. UCLA,2017-04-29,,,0.5,Outdoor,https://www.tfrrs.org/results/51638/3164128/USC_vs_UCLA/Long-Jump,TFRRS all_performances
"Harmon-Thomas, Alexa",USC,Big Ten,Long Jump,2017,2,,,5.74,m,2017 Pac-12 Combined Events Championships,2017-05-06,,,1.3,Outdoor,https://www.tfrrs.org/results/50778/3180519/2017_Pac-12_Combined_Events_Championships/Long-Jump,TFRRS all_performances
"Lopes, Lyndsey",USC,Big Ten,Long Jump,2017,2,,,5.58,m,2017 Pac-12 Combined Events Championships,2017-05-06,,,0.4,Outdoor,https://www.tfrrs.org/results/50778/3180519/2017_Pac-12_Combined_Events_Championships/Long-Jump,TFRRS all_performances
"Harmon-Thomas, Alexa",USC,Big Ten,Long Jump,2017,2,,,5.74,m,Pac-12 Championships,2017-05-13,,,1.3,Outdoor,https://www.tfrrs.org/results/51891/3191904/Pac-12_Championships/Long-Jump,TFRRS all_performances
"Jones, Margaux",USC,Big Ten,Long Jump,2017,2,,,6.11,m,Pac-12 Championships,2017-05-13,,,1.3,Outdoor,https://www.tfrrs.org/results/51891/3191906/Pac-12_Championships/Long-Jump,TFRRS all_performances
"Lopes, Lyndsey",USC,Big Ten,Long Jump,2017,2,,,5.58,m,Pac-12 Championships,2017-05-13,,,0.4,Outdoor,https://www.tfrrs.org/results/51891/3191904/Pac-12_Championships/Long-Jump,TFRRS all_performances
"Lopes, Lyndsey",USC,Big Ten,Long Jump,2017,2,,,5.79,m,Pac-12 Championships,2017-05-13,,,1.6,Outdoor,https://www.tfrrs.org/results/51891/3191906/Pac-12_Championships/Long-Jump,TFRRS all_performances
"Richards, Madisen",USC,Big Ten,Long Jump,2017,3,,,5.82,m,Pac-12 Championships,2017-05-13,,,0.4,Outdoor,https://www.tfrrs.org/results/51891/3191906/Pac-12_Championships/Long-Jump,TFRRS all_performances
"Jones, Margaux",USC,Big Ten,Long Jump,2017,2,,,6.16,m,NCAA Division I West Preliminary Round,2017-05-25,,,1.6,Outdoor,https://www.tfrrs.org/results/51921/3197644/NCAA_Division_I_West_Preliminary_Round/Long-Jump,TFRRS all_performances
"Richards, Madisen",USC,Big Ten,Long Jump,2017,3,,,5.96,m,NCAA Division I West Preliminary Round,2017-05-25,,,1.7,Outdoor,https://www.tfrrs.org/results/51921/3197644/NCAA_Division_I_West_Preliminary_Round/Long-Jump,TFRRS all_performances
"Adler, Kate",Washington,Big Ten,Long Jump,2017,4,,,5.55,m,Trojan Invitational,2017-03-17,,,-1.1,Outdoor,https://www.tfrrs.org/results/48842/3036918/Trojan_Invitational/Long-Jump,TFRRS all_performances
"Coker, Alanna",Washington,Big Ten,Long Jump,2017,4,,,5.21,m,Trojan Invitational,2017-03-17,,,-0.3,Outdoor,https://www.tfrrs.org/results/48842/3036918/Trojan_Invitational/Long-Jump,TFRRS all_performances
"Lester, Carly",Washington,Big Ten,Long Jump,2017,2,,,4.92,m,Trojan Invitational,2017-03-17,,,0.5,Outdoor,https://www.tfrrs.org/results/48842/3036918/Trojan_Invitational/Long-Jump,TFRRS all_performances
"Budinich, Ericka",Washington,Big Ten,Long Jump,2017,3,,,5.12,m,Doris Heritage Distance Festival,2017-03-25,,,0.4,Outdoor,https://www.tfrrs.org/results/49572/3057803/Doris_Heritage_Distance_Festival/Long-Jump,TFRRS all_performances
"Jones-Toutant, Elinor",Washington,Big Ten,Long Jump,2017,1,,,5.00,m,Doris Heritage Distance Festival,2017-03-25,,,0.2,Outdoor,https://www.tfrrs.org/results/49572/3057803/Doris_Heritage_Distance_Festival/Long-Jump,TFRRS all_performances
"Adler, Kate",Washington,Big Ten,Long Jump,2017,4,,,5.54,m,Stanford Invitational,2017-03-31,,,0.1,Outdoor,https://www.tfrrs.org/results/50496/3077238/Stanford_Invitational/Long-Jump,TFRRS all_performances
"Lester, Carly",Washington,Big Ten,Long Jump,2017,2,,,5.03,m,Mt. SAC Relays/CA Invitational Multi Events,2017-04-12,,,1.6,Outdoor,https://www.tfrrs.org/results/48974/3124432/Mt_SAC_Relays_CA_Invitational_Multi_Events/Long-Jump,TFRRS all_performances
"Adler, Kate",Washington,Big Ten,Long Jump,2017,4,,,5.36,m,Beach Invitational,2017-04-14,,,+0.0,Outdoor,https://www.tfrrs.org/results/51137/3123780/Beach_Invitational/Long-Jump,TFRRS all_performances
"Adler, Kate",Washington,Big Ten,Long Jump,2017,4,,,5.63,m,2017 UW v. WSU Dual,2017-04-23,,,-0.6,Outdoor,https://www.tfrrs.org/results/50424/3146205/2017_UW_v_WSU_Dual_/Long-Jump,TFRRS all_performances
"Bouyer, Kennadi",Washington,Big Ten,Long Jump,2017,4,,,5.89,m,2017 UW v. WSU Dual,2017-04-23,,,-0.9,Outdoor,https://www.tfrrs.org/results/50424/3146205/2017_UW_v_WSU_Dual_/Long-Jump,TFRRS all_performances
"Budinich, Ericka",Washington,Big Ten,Long Jump,2017,3,,,4.99,m,2017 UW v. WSU Dual,2017-04-23,,,+0.0,Outdoor,https://www.tfrrs.org/results/50424/3146205/2017_UW_v_WSU_Dual_/Long-Jump,TFRRS all_performances
"Jones-Toutant, Elinor",Washington,Big Ten,Long Jump,2017,1,,,4.85,m,2017 UW v. WSU Dual,2017-04-23,,,-0.8,Outdoor,https://www.tfrrs.org/results/50424/3146205/2017_UW_v_WSU_Dual_/Long-Jump,TFRRS all_performances
"Adler, Kate",Washington,Big Ten,Long Jump,2017,4,,,5.57,m,2017 Ken Shannon Invitational,2017-05-05,,,1.4,Outdoor,https://www.tfrrs.org/results/50368/3178276/2017_Ken_Shannon_Invitational/Long-Jump,TFRRS all_performances
"Bouyer, Kennadi",Washington,Big Ten,Long Jump,2017,4,,,5.72,m,2017 Ken Shannon Invitational,2017-05-05,,,1.1,Outdoor,https://www.tfrrs.org/results/50368/3178276/2017_Ken_Shannon_Invitational/Long-Jump,TFRRS all_performances
"Budinich, Ericka",Washington,Big Ten,Long Jump,2017,3,,,5.11,m,2017 Ken Shannon Invitational,2017-05-05,,,1.0,Outdoor,https://www.tfrrs.org/results/50368/3178276/2017_Ken_Shannon_Invitational/Long-Jump,TFRRS all_performances
"Bouyer, Kennadi",Washington,Big Ten,Long Jump,2017,4,,,5.55,m,Pac-12 Championships,2017-05-13,,,1.5,Outdoor,https://www.tfrrs.org/results/51891/3191906/Pac-12_Championships/Long-Jump,TFRRS all_performances
"Fotopoulou , Filippa",Alabama,SEC,Long Jump,2017,3,,,6.21,m,2017 Bulldog Relays,2017-03-17,,,1.8,Outdoor,https://www.tfrrs.org/results/49084/3039054/2017_Bulldog_Relays/Long-Jump,TFRRS all_performances
"Williams, Kiara",Alabama,SEC,Long Jump,2017,2,,,5.87,m,2017 Bulldog Relays,2017-03-17,,,1.3,Outdoor,https://www.tfrrs.org/results/49084/3039054/2017_Bulldog_Relays/Long-Jump,TFRRS all_performances
"Williams, Kiara",Alabama,SEC,Long Jump,2017,2,,,5.77,m,FSU Relays,2017-03-24,,,1.4,Outdoor,https://www.tfrrs.org/results/50136/3055460/FSU_Relays/Long-Jump,TFRRS all_performances
"Williams, Kiara",Alabama,SEC,Long Jump,2017,2,,,5.84,m,Florida Relays,2017-03-30,,,-0.9,Outdoor,https://www.tfrrs.org/results/48929/3076603/Florida_Relays/Long-Jump,TFRRS all_performances
"Fotopoulou , Filippa",Alabama,SEC,Long Jump,2017,3,,,6.31,m,Crimson Tide Invitational,2017-04-07,,,1.5,Outdoor,https://www.tfrrs.org/results/50834/3099043/Crimson_Tide_Invitational/Long-Jump,TFRRS all_performances
"Williams, Kiara",Alabama,SEC,Long Jump,2017,2,,,5.90,m,Crimson Tide Invitational,2017-04-07,,,0.9,Outdoor,https://www.tfrrs.org/results/50834/3099043/Crimson_Tide_Invitational/Long-Jump,TFRRS all_performances
"Burks, Quanesha",Alabama,SEC,Long Jump,2017,4,,,6.44,m,Jim Bush Collegiate Invitational,2017-04-15,,,1.2,Outdoor,https://www.tfrrs.org/results/49208/3122223/Jim_Bush_Collegiate_Invitational/Long-Jump,TFRRS all_performances
"Williams, Kiara",Alabama,SEC,Long Jump,2017,2,,,5.88,m,Jim Bush Collegiate Invitational,2017-04-15,,,1.4,Outdoor,https://www.tfrrs.org/results/49208/3122223/Jim_Bush_Collegiate_Invitational/Long-Jump,TFRRS all_performances
"Burks, Quanesha",Alabama,SEC,Long Jump,2017,4,,,6.72,m,War Eagle Invititaional,2017-04-21,,,1.9,Outdoor,https://www.tfrrs.org/results/46827/3142765/War_Eagle_Invititaional/Long-Jump,TFRRS all_performances
"Burks, Quanesha",Alabama,SEC,Long Jump,2017,4,,,6.77,m,SEC Relays,2017-04-28,,,1.3,Outdoor,https://www.tfrrs.org/results/47401/3160498/SEC_Relays/Long-Jump,TFRRS all_performances
"Fotopoulou , Filippa",Alabama,SEC,Long Jump,2017,3,,,6.18,m,SEC Relays,2017-04-28,,,1.9,Outdoor,https://www.tfrrs.org/results/47401/3160498/SEC_Relays/Long-Jump,TFRRS all_performances
"Williams, Kiara",Alabama,SEC,Long Jump,2017,2,,,6.00,m,SEC Relays,2017-04-28,,,1.0,Outdoor,https://www.tfrrs.org/results/47401/3160498/SEC_Relays/Long-Jump,TFRRS all_performances
"Burks, Quanesha",Alabama,SEC,Long Jump,2017,4,,,6.82,m,SEC Outdoor Track & Field Championships,2017-05-11,,,0.2,Outdoor,https://www.tfrrs.org/results/51877/3190133/SEC_Outdoor_Track__Field_Championships/Long-Jump,TFRRS all_performances
"Fotopoulou , Filippa",Alabama,SEC,Long Jump,2017,3,,,6.20,m,SEC Outdoor Track & Field Championships,2017-05-11,,,-0.6,Outdoor,https://www.tfrrs.org/results/51877/3190133/SEC_Outdoor_Track__Field_Championships/Long-Jump,TFRRS all_performances
"Williams, Kiara",Alabama,SEC,Long Jump,2017,2,,,6.10,m,SEC Outdoor Track & Field Championships,2017-05-11,,,0.7,Outdoor,https://www.tfrrs.org/results/51877/3190133/SEC_Outdoor_Track__Field_Championships/Long-Jump,TFRRS all_performances
"Burks, Quanesha",Alabama,SEC,Long Jump,2017,4,,,6.68,m,NCAA Division I East Preliminary Round,2017-05-25,,,-0.1,Outdoor,https://www.tfrrs.org/results/51920/3197604/NCAA_Division_I_East_Preliminary_Round/Long-Jump,TFRRS all_performances
"Fotopoulou , Filippa",Alabama,SEC,Long Jump,2017,3,,,6.33,m,NCAA Division I East Preliminary Round,2017-05-25,,,0.5,Outdoor,https://www.tfrrs.org/results/51920/3197604/NCAA_Division_I_East_Preliminary_Round/Long-Jump,TFRRS all_performances
"Williams, Kiara",Alabama,SEC,Long Jump,2017,2,,,6.04,m,NCAA Division I East Preliminary Round,2017-05-25,,,-0.2,Outdoor,https://www.tfrrs.org/results/51920/3197604/NCAA_Division_I_East_Preliminary_Round/Long-Jump,TFRRS all_performances
"Burks, Quanesha",Alabama,SEC,Long Jump,2017,4,,,6.27,m,NCAA Division I Outdoor Track & Field Championships,2017-06-07,,,-2.2,Outdoor,https://www.tfrrs.org/results/51935/3199108/NCAA_Division_I_Outdoor_Track__Field_Championships/Long-Jump,TFRRS all_performances
"Fotopoulou , Filippa",Alabama,SEC,Long Jump,2017,3,,,5.93,m,NCAA Division I Outdoor Track & Field Championships,2017-06-07,,,+0.0,Outdoor,https://www.tfrrs.org/results/51935/3199108/NCAA_Division_I_Outdoor_Track__Field_Championships/Long-Jump,TFRRS all_performances
"David, Yanis",Florida,SEC,Long Jump,2017,2,,,6.41,m,Miami Hurricane Collegiate Invitational,2017-03-25,,,-4.0,Outdoor,https://www.tfrrs.org/results/46899/3053282/Miami_Hurricane_Collegiate_Invitational/Long-Jump,TFRRS all_performances
"McQueen, Darrielle",Florida,SEC,Long Jump,2017,3,,,6.49,m,Miami Hurricane Collegiate Invitational,2017-03-25,,,-3.8,Outdoor,https://www.tfrrs.org/results/46899/3053282/Miami_Hurricane_Collegiate_Invitational/Long-Jump,TFRRS all_performances
Asa Garcia,Florida,SEC,Long Jump,2017,2,,,NM,meters,Florida Relays,2017-04-01,Final,,,Outdoor,https://floridagators.com/news/2017/4/1/track-and-field-success-all-around-for-gators-as-pepsi-florida-relays-continue,legacy_source_needs_review
"David, Yanis",Florida,SEC,Long Jump,2017,2,,,6.45,m,UF Tom Jones Memorial,2017-04-28,,,1.3,Outdoor,https://www.tfrrs.org/results/50650/3158928/UF_Tom_Jones_Memorial/Long-Jump,TFRRS all_performances
"McQueen, Darrielle",Florida,SEC,Long Jump,2017,3,,,6.51,m,UF Tom Jones Memorial,2017-04-28,,,1.4,Outdoor,https://www.tfrrs.org/results/50650/3158928/UF_Tom_Jones_Memorial/Long-Jump,TFRRS all_performances
"David, Yanis",Florida,SEC,Long Jump,2017,2,,,6.40,m,SEC Outdoor Track & Field Championships,2017-05-11,,,-0.6,Outdoor,https://www.tfrrs.org/results/51877/3190133/SEC_Outdoor_Track__Field_Championships/Long-Jump,TFRRS all_performances
"McQueen, Darrielle",Florida,SEC,Long Jump,2017,3,,,6.21,m,SEC Outdoor Track & Field Championships,2017-05-11,,,0.7,Outdoor,https://www.tfrrs.org/results/51877/3190133/SEC_Outdoor_Track__Field_Championships/Long-Jump,TFRRS all_performances
"David, Yanis",Florida,SEC,Long Jump,2017,2,,,6.39,m,NCAA Division I East Preliminary Round,2017-05-25,,,0.5,Outdoor,https://www.tfrrs.org/results/51920/3197604/NCAA_Division_I_East_Preliminary_Round/Long-Jump,TFRRS all_performances
"McQueen, Darrielle",Florida,SEC,Long Jump,2017,3,,,6.55,m,NCAA Division I East Preliminary Round,2017-05-25,,,0.1,Outdoor,https://www.tfrrs.org/results/51920/3197604/NCAA_Division_I_East_Preliminary_Round/Long-Jump,TFRRS all_performances
"David, Yanis",Florida,SEC,Long Jump,2017,2,,,6.01,m,NCAA Division I Outdoor Track & Field Championships,2017-06-07,,,-1.1,Outdoor,https://www.tfrrs.org/results/51935/3199108/NCAA_Division_I_Outdoor_Track__Field_Championships/Long-Jump,TFRRS all_performances
"McQueen, Darrielle",Florida,SEC,Long Jump,2017,3,,,6.33,m,NCAA Division I Outdoor Track & Field Championships,2017-06-07,,,-1.4,Outdoor,https://www.tfrrs.org/results/51935/3199108/NCAA_Division_I_Outdoor_Track__Field_Championships/Long-Jump,TFRRS all_performances
"Grauvogel, Louisa",Georgia,SEC,Long Jump,2017,1,,,5.65,m,Spec Towns Invitational,2017-04-07,,,-1.1,Outdoor,https://www.tfrrs.org/results/50860/3126035/Spec_Towns_Invitational/Long-Jump,TFRRS all_performances
"Hall, Kate",Georgia,SEC,Long Jump,2017,1,,,6.55,m,Spec Towns Invitational,2017-04-07,,,1.0,Outdoor,https://www.tfrrs.org/results/50860/3101809/Spec_Towns_Invitational/Long-Jump,TFRRS all_performances
"Johnson, Aliyah",Georgia,SEC,Long Jump,2017,2,,,5.56,m,Spec Towns Invitational,2017-04-07,,,-0.3,Outdoor,https://www.tfrrs.org/results/50860/3126035/Spec_Towns_Invitational/Long-Jump,TFRRS all_performances
"Terry, Mary",Georgia,SEC,Long Jump,2017,2,,,5.32,m,Spec Towns Invitational,2017-04-07,,,0.3,Outdoor,https://www.tfrrs.org/results/50860/3126035/Spec_Towns_Invitational/Long-Jump,TFRRS all_performances
"Williams, Kendell",Georgia,SEC,Long Jump,2017,4,,,6.35,m,Spec Towns Invitational,2017-04-07,,,-0.3,Outdoor,https://www.tfrrs.org/results/50860/3126035/Spec_Towns_Invitational/Long-Jump,TFRRS all_performances
"Grauvogel, Louisa",Georgia,SEC,Long Jump,2017,1,,,5.65,meters,Bulldog Decathlon/Heptathlon,2017-04-08,Heptathlon,,,Outdoor,https://georgiadogs.com/documents/download/2017/5/31/2017_Women_Outdoor_Results.pdf,legacy_source_needs_review
"Johnson, Aliyah",Georgia,SEC,Long Jump,2017,2,,,5.56,meters,Bulldog Decathlon/Heptathlon,2017-04-08,Heptathlon,,,Outdoor,https://georgiadogs.com/documents/download/2017/5/31/2017_Women_Outdoor_Results.pdf,legacy_source_needs_review
"Kopp, Makenzi",Georgia,SEC,Long Jump,2017,1,,,4.30,meters,Bulldog Decathlon/Heptathlon,2017-04-08,Heptathlon,,,Outdoor,https://georgiadogs.com/documents/download/2017/5/31/2017_Women_Outdoor_Results.pdf,legacy_source_needs_review
"Terry, Mary",Georgia,SEC,Long Jump,2017,2,,,5.32,meters,Bulldog Decathlon/Heptathlon,2017-04-08,Heptathlon,,,Outdoor,https://georgiadogs.com/documents/download/2017/5/31/2017_Women_Outdoor_Results.pdf,legacy_source_needs_review
"Williams, Kendell",Georgia,SEC,Long Jump,2017,4,,,6.35,meters,Bulldog Decathlon/Heptathlon,2017-04-08,Heptathlon,,,Outdoor,https://georgiadogs.com/documents/download/2017/5/31/2017_Women_Outdoor_Results.pdf,legacy_source_needs_review
"Grauvogel, Louisa",Georgia,SEC,Long Jump,2017,1,,,5.50,m,Virginia Challenge,2017-04-21,,,0.3,Outdoor,https://www.tfrrs.org/results/51364/3143661/Virginia_Challenge/Long-Jump,TFRRS all_performances
"Grauvogel, Louisa",Georgia,SEC,Long Jump,2017,1,,,5.60,m,Torrin Lawrence Memorial,2017-05-06,,,1.9,Outdoor,https://www.tfrrs.org/results/51785/3176606/Torrin_Lawrence_Memorial/Long-Jump,TFRRS all_performances
"Hall, Kate",Georgia,SEC,Long Jump,2017,1,,,6.53,m,Torrin Lawrence Memorial,2017-05-06,,,1.6,Outdoor,https://www.tfrrs.org/results/51785/3176606/Torrin_Lawrence_Memorial/Long-Jump,TFRRS all_performances
"Orji, Keturah",Georgia,SEC,Long Jump,2017,3,,,6.39,m,Torrin Lawrence Memorial,2017-05-06,,,0.9,Outdoor,https://www.tfrrs.org/results/51785/3176606/Torrin_Lawrence_Memorial/Long-Jump,TFRRS all_performances
"Williams, Kendell",Georgia,SEC,Long Jump,2017,4,,,6.38,m,Torrin Lawrence Memorial,2017-05-06,,,1.8,Outdoor,https://www.tfrrs.org/results/51785/3176606/Torrin_Lawrence_Memorial/Long-Jump,TFRRS all_performances
"Grauvogel, Louisa",Georgia,SEC,Long Jump,2017,1,,,5.30,m,SEC Outdoor Track & Field Championships,2017-05-11,,,1.1,Outdoor,https://www.tfrrs.org/results/51877/3192382/SEC_Outdoor_Track__Field_Championships/Long-Jump,TFRRS all_performances
"Hall, Kate",Georgia,SEC,Long Jump,2017,1,,,6.56,m,SEC Outdoor Track & Field Championships,2017-05-11,,,0.1,Outdoor,https://www.tfrrs.org/results/51877/3190133/SEC_Outdoor_Track__Field_Championships/Long-Jump,TFRRS all_performances
"Orji, Keturah",Georgia,SEC,Long Jump,2017,3,,,6.44,m,SEC Outdoor Track & Field Championships,2017-05-11,,,1.4,Outdoor,https://www.tfrrs.org/results/51877/3190133/SEC_Outdoor_Track__Field_Championships/Long-Jump,TFRRS all_performances
"Williams, Kendell",Georgia,SEC,Long Jump,2017,4,,,6.37,m,SEC Outdoor Track & Field Championships,2017-05-11,,,-1.0,Outdoor,https://www.tfrrs.org/results/51877/3190133/SEC_Outdoor_Track__Field_Championships/Long-Jump,TFRRS all_performances
"Hall, Kate",Georgia,SEC,Long Jump,2017,1,,,6.68,m,NCAA Division I East Preliminary Round,2017-05-25,,,+0.0,Outdoor,https://www.tfrrs.org/results/51920/3197604/NCAA_Division_I_East_Preliminary_Round/Long-Jump,TFRRS all_performances
"Orji, Keturah",Georgia,SEC,Long Jump,2017,3,,,6.59,m,NCAA Division I East Preliminary Round,2017-05-25,,,1.1,Outdoor,https://www.tfrrs.org/results/51920/3197604/NCAA_Division_I_East_Preliminary_Round/Long-Jump,TFRRS all_performances
"Hall, Kate",Georgia,SEC,Long Jump,2017,1,,,6.73,m,NCAA Division I Outdoor Track & Field Championships,2017-06-07,,,-0.6,Outdoor,https://www.tfrrs.org/results/51935/3199108/NCAA_Division_I_Outdoor_Track__Field_Championships/Long-Jump,TFRRS all_performances
"Orji, Keturah",Georgia,SEC,Long Jump,2017,3,,,6.38,m,NCAA Division I Outdoor Track & Field Championships,2017-06-07,,,-0.9,Outdoor,https://www.tfrrs.org/results/51935/3199108/NCAA_Division_I_Outdoor_Track__Field_Championships/Long-Jump,TFRRS all_performances
"Williams, Kendell",Georgia,SEC,Long Jump,2017,4,,,6.27,m,NCAA Division I Outdoor Track & Field Championships,2017-06-07,,,+0.0,Outdoor,https://www.tfrrs.org/results/51935/3199342/NCAA_Division_I_Outdoor_Track__Field_Championships/Long-Jump,TFRRS all_performances
"Ebwea-Bile, Marie-Josee",Kentucky,SEC,Long Jump,2017,2,,,5.80,m,Baldy Castillo Invitational,2017-03-17,,,0.9,Outdoor,https://www.tfrrs.org/results/49820/3038114/Baldy_Castillo_Invitational/Long-Jump,TFRRS all_performances
Marie-Josee Ebwea-Excel,Kentucky,SEC,Long Jump,2017,3,,,5.80,meters,Baldy Castillo Invitational,2017-03-18,Final,4.0,0.9,Outdoor,https://www.tfrrs.org/athletes/5602989/Kentucky/Marie-Josee_Ebwea-Excel.html,legacy_source_needs_review
"Ebwea-Bile, Marie-Josee",Kentucky,SEC,Long Jump,2017,2,,,5.85,m,Florida Relays,2017-03-30,,,+0.0,Outdoor,https://www.tfrrs.org/results/48929/3076603/Florida_Relays/Long-Jump,TFRRS all_performances
Marie-Josee Ebwea-Excel,Kentucky,SEC,Long Jump,2017,3,,,6.00,meters,Florida Relays,2017-03-31,Final,2.0,2.3,Outdoor,https://www.tfrrs.org/athletes/5602989/Kentucky/Marie-Josee_Ebwea-Excel.html,legacy_source_needs_review
"Saunders, Sha'Keela",Kentucky,SEC,Long Jump,2017,4,,,6.52,m,Texas Invitational,2017-04-14,,,1.6,Outdoor,https://www.tfrrs.org/results/48673/3120661/Texas_Invitational/Long-Jump,TFRRS all_performances
Marie-Josee Ebwea-Excel,Kentucky,SEC,Long Jump,2017,3,,,FOUL,meters,Texas Invitational,2017-04-15,Final,,,Outdoor,https://www.tfrrs.org/athletes/5602989/Kentucky/Marie-Josee_Ebwea-Excel.html,legacy_source_needs_review
"Carter , Destiny",Kentucky,SEC,Long Jump,2017,4,,,6.55,m,SEC Relays,2017-04-28,,,0.7,Outdoor,https://www.tfrrs.org/results/47401/3160498/SEC_Relays/Long-Jump,TFRRS all_performances
"Saunders, Sha'Keela",Kentucky,SEC,Long Jump,2017,4,,,6.79,m,SEC Relays,2017-04-28,,,1.2,Outdoor,https://www.tfrrs.org/results/47401/3160498/SEC_Relays/Long-Jump,TFRRS all_performances
"Saunders, Sha'Keela",Kentucky,SEC,Long Jump,2017,4,,,6.75,m,SEC Outdoor Track & Field Championships,2017-05-11,,,0.5,Outdoor,https://www.tfrrs.org/results/51877/3190133/SEC_Outdoor_Track__Field_Championships/Long-Jump,TFRRS all_performances
"Carter , Destiny",Kentucky,SEC,Long Jump,2017,4,,,FOUL,meters,SEC Outdoor Track & Field Championships,2017-05-12,Final,,,Outdoor,https://www.tfrrs.org/athletes/5602986/Kentucky/Destiny_Carter.html,legacy_source_needs_review
"Carter , Destiny",Kentucky,SEC,Long Jump,2017,4,,,6.43,m,NCAA Division I East Preliminary Round,2017-05-25,,,1.4,Outdoor,https://www.tfrrs.org/results/51920/3197604/NCAA_Division_I_East_Preliminary_Round/Long-Jump,TFRRS all_performances
"Saunders, Sha'Keela",Kentucky,SEC,Long Jump,2017,4,,,6.62,m,NCAA Division I East Preliminary Round,2017-05-25,,,1.1,Outdoor,https://www.tfrrs.org/results/51920/3197604/NCAA_Division_I_East_Preliminary_Round/Long-Jump,TFRRS all_performances
"Carter , Destiny",Kentucky,SEC,Long Jump,2017,4,,,6.25,m,NCAA Division I Outdoor Track & Field Championships,2017-06-07,,,-1.3,Outdoor,https://www.tfrrs.org/results/51935/3199108/NCAA_Division_I_Outdoor_Track__Field_Championships/Long-Jump,TFRRS all_performances
"Saunders, Sha'Keela",Kentucky,SEC,Long Jump,2017,4,,,6.48,m,NCAA Division I Outdoor Track & Field Championships,2017-06-07,,,0.1,Outdoor,https://www.tfrrs.org/results/51935/3199108/NCAA_Division_I_Outdoor_Track__Field_Championships/Long-Jump,TFRRS all_performances
"Stanley, Makyla",South Carolina,SEC,Long Jump,2017,2,,,5.28,m,Miami Hurricane Invitational,2017-03-17,,,0.9,Outdoor,https://www.tfrrs.org/results/46898/3036609/Miami_Hurricane_Invitational/Long-Jump,TFRRS all_performances
"Sow, Rougui",South Carolina,SEC,Long Jump,2017,2,,,6.46,m,Weems Baskin Invitational,2017-03-24,,,1.7,Outdoor,https://www.tfrrs.org/results/50135/3055429/Weems_Baskin_Invitational/Long-Jump,TFRRS all_performances
"Stanley, Makyla",South Carolina,SEC,Long Jump,2017,2,,,5.86,m,Weems Baskin Invitational,2017-03-24,,,1.5,Outdoor,https://www.tfrrs.org/results/50135/3055429/Weems_Baskin_Invitational/Long-Jump,TFRRS all_performances
"Sow, Rougui",South Carolina,SEC,Long Jump,2017,2,,,6.32,m,Florida Relays,2017-03-30,,,-0.1,Outdoor,https://www.tfrrs.org/results/48929/3076606/Florida_Relays/Long-Jump,TFRRS all_performances
"Dicks, Natasha",South Carolina,SEC,Long Jump,2017,4,,,5.93,m,Spec Towns Invitational,2017-04-07,,,0.9,Outdoor,https://www.tfrrs.org/results/50860/3101809/Spec_Towns_Invitational/Long-Jump,TFRRS all_performances
"Sow, Rougui",South Carolina,SEC,Long Jump,2017,2,,,6.72,m,Spec Towns Invitational,2017-04-07,,,0.7,Outdoor,https://www.tfrrs.org/results/50860/3101809/Spec_Towns_Invitational/Long-Jump,TFRRS all_performances
"Stanley, Makyla",South Carolina,SEC,Long Jump,2017,2,,,5.11,m,Spec Towns Invitational,2017-04-07,,,1.7,Outdoor,https://www.tfrrs.org/results/50860/3101809/Spec_Towns_Invitational/Long-Jump,TFRRS all_performances
"Stanley, Makyla",South Carolina,SEC,Long Jump,2017,2,,,5.57,m,Gamecock Invitational,2017-04-15,,,-1.1,Outdoor,https://www.tfrrs.org/results/48465/3121601/Gamecock_Invitational/Long-Jump,TFRRS all_performances
"Sow, Rougui",South Carolina,SEC,Long Jump,2017,2,,,6.37,m,USC Open,2017-04-22,,,-1.2,Outdoor,https://www.tfrrs.org/results/48464/3143118/USC_Open/Long-Jump,TFRRS all_performances
"Stanley, Makyla",South Carolina,SEC,Long Jump,2017,2,,,5.64,m,USC Open,2017-04-22,,,-1.5,Outdoor,https://www.tfrrs.org/results/48464/3143118/USC_Open/Long-Jump,TFRRS all_performances
"Sow, Rougui",South Carolina,SEC,Long Jump,2017,2,,,6.31,m,Penn Relays,2017-04-27,,,-0.5,Outdoor,https://www.tfrrs.org/results/51632/3170396/Penn_Relays/Long-Jump,TFRRS all_performances
"Sow, Rougui",South Carolina,SEC,Long Jump,2017,2,,,6.69,m,SEC Outdoor Track & Field Championships,2017-05-11,,,0.8,Outdoor,https://www.tfrrs.org/results/51877/3190133/SEC_Outdoor_Track__Field_Championships/Long-Jump,TFRRS all_performances
"Sow, Rougui",South Carolina,SEC,Long Jump,2017,2,,,6.20,m,NCAA Division I East Preliminary Round,2017-05-25,,,0.2,Outdoor,https://www.tfrrs.org/results/51920/3197604/NCAA_Division_I_East_Preliminary_Round/Long-Jump,TFRRS all_performances
"Sow, Rougui",South Carolina,SEC,Long Jump,2017,2,,,6.45,m,NCAA Division I Outdoor Track & Field Championships,2017-06-07,,,0.1,Outdoor,https://www.tfrrs.org/results/51935/3199108/NCAA_Division_I_Outdoor_Track__Field_Championships/Long-Jump,TFRRS all_performances
"Johnson, Valerie",Clemson,ACC,Long Jump,2018,3,,,5.71,m,49er Classic,2018-03-15,,,1.1,Outdoor,https://www.tfrrs.org/results/54961/3348131/49er_Classic/Long-Jump,TFRRS all_performances
"Johnson, Valerie",Clemson,ACC,Long Jump,2018,3,,,5.86,m,UNF Spring Break Invitational,2018-03-23,,,1.7,Outdoor,https://www.tfrrs.org/results/51941/3362689/UNF_Spring_Break_Invitational/Long-Jump,TFRRS all_performances
"White, Harleigh",Clemson,ACC,Long Jump,2018,1,,,5.48,m,UNF Spring Break Invitational,2018-03-23,,,1.5,Outdoor,https://www.tfrrs.org/results/51941/3362689/UNF_Spring_Break_Invitational/Long-Jump,TFRRS all_performances
"Johnson, Valerie",Clemson,ACC,Long Jump,2018,3,,,5.51,m,Crimson Tide Invitational,2018-04-06,,,0.1,Outdoor,https://www.tfrrs.org/results/55889/3403249/Crimson_Tide_Invitational/Long-Jump,TFRRS all_performances
"Johnson, Valerie",Clemson,ACC,Long Jump,2018,3,,,5.74,m,Tiger Track Classic 2018,2018-04-13,,,1.8,Outdoor,https://www.tfrrs.org/results/51956/3427147/Tiger_Track_Classic_2018/Long-Jump,TFRRS all_performances
"White, Harleigh",Clemson,ACC,Long Jump,2018,1,,,5.26,m,Tiger Track Classic 2018,2018-04-13,,,2.0,Outdoor,https://www.tfrrs.org/results/51956/3427147/Tiger_Track_Classic_2018/Long-Jump,TFRRS all_performances
"Johnson, Valerie",Clemson,ACC,Long Jump,2018,3,,,5.85,m,LSU Alumni Gold,2018-04-21,,,1.0,Outdoor,https://www.tfrrs.org/results/52609/3451269/LSU_Alumni_Gold/Long-Jump,TFRRS all_performances
"Johnson, Valerie",Clemson,ACC,Long Jump,2018,3,,,5.61,m,Penn Relays,2018-04-26,,,0.9,Outdoor,https://www.tfrrs.org/results/56767/3476322/Penn_Relays/Long-Jump,TFRRS all_performances
"Johnson, Valerie",Clemson,ACC,Long Jump,2018,3,,,5.47,m,ACC Outdoor Championships,2018-05-10,,,0.5,Outdoor,https://www.tfrrs.org/results/57034/3506474/ACC_Outdoor_Championships/Long-Jump,TFRRS all_performances
"White, Harleigh",Clemson,ACC,Long Jump,2018,1,,,5.38,m,ACC Outdoor Championships,2018-05-10,,,1.0,Outdoor,https://www.tfrrs.org/results/57034/3506474/ACC_Outdoor_Championships/Long-Jump,TFRRS all_performances
"Murphy, Sydnei",Duke,ACC,Long Jump,2018,3,,,5.96,m,Home Depot Clyde Littlefield Texas Relays,2018-03-28,,,2.0,Outdoor,https://www.tfrrs.org/results/53836/3382058/Home_Depot_Clyde_Littlefield_Texas_Relays/Long-Jump,TFRRS all_performances
"Campbell, Kethlin",Duke,ACC,Long Jump,2018,1,,,5.75,m,Battle of the Blues,2018-04-06,,,0.9,Outdoor,https://www.tfrrs.org/results/55868/3401091/Battle_of_the_Blues/Long-Jump,TFRRS all_performances
"Murphy, Sydnei",Duke,ACC,Long Jump,2018,3,,,6.13,m,Battle of the Blues,2018-04-06,,,+0.0,Outdoor,https://www.tfrrs.org/results/55868/3401091/Battle_of_the_Blues/Long-Jump,TFRRS all_performances
"Campbell, Kethlin",Duke,ACC,Long Jump,2018,1,,,5.57,m,Tennessee Relays,2018-04-12,,,0.9,Outdoor,https://www.tfrrs.org/results/54171/3425853/Tennessee_Relays/Long-Jump,TFRRS all_performances
"Murphy, Sydnei",Duke,ACC,Long Jump,2018,3,,,6.07,m,Tennessee Relays,2018-04-12,,,1.9,Outdoor,https://www.tfrrs.org/results/54171/3425853/Tennessee_Relays/Long-Jump,TFRRS all_performances
"Kutzer, Kate",Duke,ACC,Long Jump,2018,1,,,5.30,m,Bryan Clay Invitational,2018-04-19,,,+0.0,Outdoor,https://www.tfrrs.org/results/54070/3482330/Bryan_Clay_Invitational/Long-Jump,TFRRS all_performances
"Lemmons, Jaida",Duke,ACC,Long Jump,2018,3,,,5.78,m,Bryan Clay Invitational,2018-04-19,,,0.7,Outdoor,https://www.tfrrs.org/results/54070/3482337/Bryan_Clay_Invitational/Long-Jump,TFRRS all_performances
"Campbell, Kethlin",Duke,ACC,Long Jump,2018,1,,,4.73,m,Virginia Grand Prix,2018-04-28,,,1.1,Outdoor,https://www.tfrrs.org/results/56771/3478462/Virginia_Grand_Prix/Long-Jump,TFRRS all_performances
"Kutzer, Kate",Duke,ACC,Long Jump,2018,1,,,5.54,m,Virginia Grand Prix,2018-04-28,,,-0.1,Outdoor,https://www.tfrrs.org/results/56771/3478462/Virginia_Grand_Prix/Long-Jump,TFRRS all_performances
"Campbell, Kethlin",Duke,ACC,Long Jump,2018,1,,,5.47,m,ACC Outdoor Championships,2018-05-10,,,0.7,Outdoor,https://www.tfrrs.org/results/57034/3506474/ACC_Outdoor_Championships/Long-Jump,TFRRS all_performances
"Marsh, Erin",Duke,ACC,Long Jump,2018,1,,,4.83,m,ACC Outdoor Championships,2018-05-10,,,1.1,Outdoor,https://www.tfrrs.org/results/57034/3509239/ACC_Outdoor_Championships/Long-Jump,TFRRS all_performances
"Murphy, Sydnei",Duke,ACC,Long Jump,2018,3,,,5.91,m,ACC Outdoor Championships,2018-05-10,,,1.3,Outdoor,https://www.tfrrs.org/results/57034/3506474/ACC_Outdoor_Championships/Long-Jump,TFRRS all_performances
"Gayles, Daryth",Stanford,ACC,Long Jump,2018,4,,,5.91,m,Sacramento State Hornet Invitational,2018-03-16,,,0.7,Outdoor,https://www.tfrrs.org/results/54040/3349194/Sacramento_State_Hornet_Invitational/Long-Jump,TFRRS all_performances
"Gayles, Daryth",Stanford,ACC,Long Jump,2018,4,,,6.12,m,Stanford Invitational,2018-03-30,,,0.9,Outdoor,https://www.tfrrs.org/results/55549/3384196/Stanford_Invitational/Long-Jump,TFRRS all_performances
"Kwiatkowski, Marisa",Stanford,ACC,Long Jump,2018,4,,,5.71,m,Stanford Invitational,2018-03-30,,,1.3,Outdoor,https://www.tfrrs.org/results/55549/3384238/Stanford_Invitational/Long-Jump,TFRRS all_performances
"McGee, Brittany",Stanford,ACC,Long Jump,2018,2,,,5.69,m,Stanford Invitational,2018-03-30,,,-0.2,Outdoor,https://www.tfrrs.org/results/55549/3384238/Stanford_Invitational/Long-Jump,TFRRS all_performances
"Gayles, Daryth",Stanford,ACC,Long Jump,2018,4,,,5.64,m,2018 Big Meet,2018-04-07,,,0.9,Outdoor,https://www.tfrrs.org/results/55524/3405197/2018_Big_Meet/Long-Jump,TFRRS all_performances
"Kwiatkowski, Marisa",Stanford,ACC,Long Jump,2018,4,,,5.62,m,2018 Big Meet,2018-04-07,,,1.1,Outdoor,https://www.tfrrs.org/results/55524/3405197/2018_Big_Meet/Long-Jump,TFRRS all_performances
"McGee, Brittany",Stanford,ACC,Long Jump,2018,2,,,5.93,m,2018 Big Meet,2018-04-07,,,-0.3,Outdoor,https://www.tfrrs.org/results/55524/3405197/2018_Big_Meet/Long-Jump,TFRRS all_performances
"Gayles, Daryth",Stanford,ACC,Long Jump,2018,4,,,5.97,m,2018 Cardinal Classic,2018-04-20,,,+0.0,Outdoor,https://www.tfrrs.org/results/54868/3454390/2018_Cardinal_Classic/Long-Jump,TFRRS all_performances
"Kwiatkowski, Marisa",Stanford,ACC,Long Jump,2018,4,,,5.70,m,2018 Cardinal Classic,2018-04-20,,,+0.0,Outdoor,https://www.tfrrs.org/results/54868/3454390/2018_Cardinal_Classic/Long-Jump,TFRRS all_performances
"Gayles, Daryth",Stanford,ACC,Long Jump,2018,4,,,5.61,m,National Relay Championships,2018-04-27,,,0.6,Outdoor,https://www.tfrrs.org/results/54177/3473049/National_Relay_Championships/Long-Jump,TFRRS all_performances
"Kwiatkowski, Marisa",Stanford,ACC,Long Jump,2018,4,,,5.64,m,National Relay Championships,2018-04-27,,,0.2,Outdoor,https://www.tfrrs.org/results/54177/3473050/National_Relay_Championships/Long-Jump,TFRRS all_performances
"Gayles, Daryth",Stanford,ACC,Long Jump,2018,4,,,5.86,m,2018 Pac-12 Track & Field Championships,2018-05-12,,,1.2,Outdoor,https://www.tfrrs.org/results/55278/3508269/2018_Pac-12_Track__Field_Championships/Long-Jump,TFRRS all_performances
"Gayles, Daryth",Stanford,ACC,Long Jump,2018,4,,,5.74,m,NCAA West Preliminary Round,2018-05-24,,,1.1,Outdoor,https://www.tfrrs.org/results/57100/3515427/NCAA_West_Preliminary_Round/Long-Jump,TFRRS all_performances
"Barron, Mia",Virginia,ACC,Long Jump,2018,3,,,5.86,m,Miami Hurricane Invitational,2018-03-16,,,0.9,Outdoor,https://www.tfrrs.org/results/54142/3350168/Miami_Hurricane_Invitational/Long-Jump,TFRRS all_performances
"Caldwell, Khyasia",Virginia,ACC,Long Jump,2018,1,,,6.05,m,Miami Hurricane Invitational,2018-03-16,,,1.1,Outdoor,https://www.tfrrs.org/results/54142/3350168/Miami_Hurricane_Invitational/Long-Jump,TFRRS all_performances
"Barron, Mia",Virginia,ACC,Long Jump,2018,3,,,5.55,m,Fred Hardy Invitational,2018-03-30,,,+0.0,Outdoor,https://www.tfrrs.org/results/51896/3381002/Fred_Hardy_Invitational/Long-Jump,TFRRS all_performances
"Caldwell, Khyasia",Virginia,ACC,Long Jump,2018,1,,,5.85,m,Fred Hardy Invitational,2018-03-30,,,0.5,Outdoor,https://www.tfrrs.org/results/51896/3381002/Fred_Hardy_Invitational/Long-Jump,TFRRS all_performances
"Caldwell, Khyasia",Virginia,ACC,Long Jump,2018,1,,,6.12,m,"Virginia v. Maryland, Bucknell, Georgetown",2018-04-06,,,1.2,Outdoor,https://www.tfrrs.org/results/55867/3400993/Virginia_v_Maryland_Bucknell_Georgetown/Long-Jump,TFRRS all_performances
"Sullivan, Holly",Virginia,ACC,Long Jump,2018,4,,,5.82,m,"Virginia v. Maryland, Bucknell, Georgetown",2018-04-06,,,2.0,Outdoor,https://www.tfrrs.org/results/55867/3400993/Virginia_v_Maryland_Bucknell_Georgetown/Long-Jump,TFRRS all_performances
"Barron, Mia",Virginia,ACC,Long Jump,2018,3,,,6.08,m,Virginia Challenge,2018-04-20,,,1.6,Outdoor,https://www.tfrrs.org/results/56506/3453833/Virginia_Challenge/Long-Jump,TFRRS all_performances
"Caldwell, Khyasia",Virginia,ACC,Long Jump,2018,1,,,6.02,m,Virginia Challenge,2018-04-20,,,0.2,Outdoor,https://www.tfrrs.org/results/56506/3453833/Virginia_Challenge/Long-Jump,TFRRS all_performances
"McKee, Kelly",Virginia,ACC,Long Jump,2018,3,,,6.12,m,Virginia Challenge,2018-04-20,,,-1.0,Outdoor,https://www.tfrrs.org/results/56506/3453857/Virginia_Challenge/Long-Jump,TFRRS all_performances
"Barron, Mia",Virginia,ACC,Long Jump,2018,3,,,6.06,m,Virginia Grand Prix,2018-04-28,,,1.2,Outdoor,https://www.tfrrs.org/results/56771/3478462/Virginia_Grand_Prix/Long-Jump,TFRRS all_performances
"Caldwell, Khyasia",Virginia,ACC,Long Jump,2018,1,,,6.02,m,Virginia Grand Prix,2018-04-28,,,1.7,Outdoor,https://www.tfrrs.org/results/56771/3478462/Virginia_Grand_Prix/Long-Jump,TFRRS all_performances
"Barron, Mia",Virginia,ACC,Long Jump,2018,3,,,5.86,m,ACC Outdoor Championships,2018-05-10,,,1.8,Outdoor,https://www.tfrrs.org/results/57034/3506474/ACC_Outdoor_Championships/Long-Jump,TFRRS all_performances
"Caldwell, Khyasia",Virginia,ACC,Long Jump,2018,1,,,5.94,m,ACC Outdoor Championships,2018-05-10,,,-0.1,Outdoor,https://www.tfrrs.org/results/57034/3506474/ACC_Outdoor_Championships/Long-Jump,TFRRS all_performances
Khyasia Caldwell-Adams,Virginia,ACC,Long Jump,2018,1,,,6.10,m,ACC Outdoor Championships,2018-05-10,Final,2,2.3,Outdoor,https://accchampionships.runnerspace.com/eprofile.php?do=info&event_id=477&year=2018,legacy_source_needs_review
"McKee, Kelly",Virginia,ACC,Long Jump,2018,3,,,6.08,m,ACC Outdoor Championships,2018-05-10,,,0.7,Outdoor,https://www.tfrrs.org/results/57034/3506474/ACC_Outdoor_Championships/Long-Jump,TFRRS all_performances
"Barron, Mia",Virginia,ACC,Long Jump,2018,3,,,5.81,m,NCAA East Preliminary Round,2018-05-24,,,0.1,Outdoor,https://www.tfrrs.org/results/57099/3515277/NCAA_East_Preliminary_Round/Long-Jump,TFRRS all_performances
"Caldwell, Khyasia",Virginia,ACC,Long Jump,2018,1,,,5.64,m,NCAA East Preliminary Round,2018-05-24,,,-0.3,Outdoor,https://www.tfrrs.org/results/57099/3515277/NCAA_East_Preliminary_Round/Long-Jump,TFRRS all_performances
Khyasia Caldwell-Adams,Virginia,ACC,Long Jump,2018,1,,,5.80,m,NCAA East Preliminary Round,2018-05-24,Final,36,,Outdoor,https://virginiasports.com/news/2018/05/24/knight-advances-to-quarterfinals-on-opening-day-of-ncaa-east-prelims,legacy_source_needs_review
"Hawthorne, Chandra",Arizona,Big 12,Long Jump,2018,2,,,5.33,m,2018 Willie Williams Classic - College/Open,2018-03-16,,,0.6,Outdoor,https://www.tfrrs.org/results/54481/3348338/2018_Willie_Williams_Classic_-_College_Open/Long-Jump,TFRRS all_performances
"Hurst, Aleah",Arizona,Big 12,Long Jump,2018,4,,,5.62,m,2018 Willie Williams Classic - College/Open,2018-03-16,,,1.2,Outdoor,https://www.tfrrs.org/results/54481/3348338/2018_Willie_Williams_Classic_-_College_Open/Long-Jump,TFRRS all_performances
"Hurst, Aleah",Arizona,Big 12,Long Jump,2018,4,,,5.60,m,40th Annual Aztec Invitational,2018-03-24,,,-0.2,Outdoor,https://www.tfrrs.org/results/52948/3366213/40th_Annual_Aztec_Invitational/Long-Jump,TFRRS all_performances
"Thompson, Alyssa",Arizona,Big 12,Long Jump,2018,4,,,6.06,m,40th Annual Aztec Invitational,2018-03-24,,,1.2,Outdoor,https://www.tfrrs.org/results/52948/3366213/40th_Annual_Aztec_Invitational/Long-Jump,TFRRS all_performances
"Thompson, Alyssa",Arizona,Big 12,Long Jump,2018,4,,,5.97,m,Stanford Invitational,2018-03-30,,,1.9,Outdoor,https://www.tfrrs.org/results/55549/3384196/Stanford_Invitational/Long-Jump,TFRRS all_performances
"Hurst, Aleah",Arizona,Big 12,Long Jump,2018,4,,,5.62,m,2018 Jim Click Shootout,2018-04-07,,,1.1,Outdoor,https://www.tfrrs.org/results/55267/3403823/2018_Jim_Click_Shootout/Long-Jump,TFRRS all_performances
"Thompson, Alyssa",Arizona,Big 12,Long Jump,2018,4,,,6.06,m,2018 Jim Click Shootout,2018-04-07,,,+0.0,Outdoor,https://www.tfrrs.org/results/55267/3409685/2018_Jim_Click_Shootout/Long-Jump,TFRRS all_performances
"Hurst, Aleah",Arizona,Big 12,Long Jump,2018,4,,,5.77,m,2018 Desert Heat Classic,2018-04-28,,,0.7,Outdoor,https://www.tfrrs.org/results/56056/3477483/2018_Desert_Heat_Classic/Long-Jump,TFRRS all_performances
"Thompson, Alyssa",Arizona,Big 12,Long Jump,2018,4,,,6.24,m,2018 Desert Heat Classic,2018-04-28,,,1.5,Outdoor,https://www.tfrrs.org/results/56056/3477483/2018_Desert_Heat_Classic/Long-Jump,TFRRS all_performances
"Thompson, Alyssa",Arizona,Big 12,Long Jump,2018,4,,,6.35,m,Pac-12 Combined Events Championships,2018-05-05,,,1.5,Outdoor,https://www.tfrrs.org/results/55279/3496643/Pac-12_Combined_Events_Championships/Long-Jump,TFRRS all_performances
"Thompson, Alyssa",Arizona,Big 12,Long Jump,2018,4,,,6.33,m,2018 Pac-12 Track & Field Championships,2018-05-12,,,1.9,Outdoor,https://www.tfrrs.org/results/55278/3508269/2018_Pac-12_Track__Field_Championships/Long-Jump,TFRRS all_performances
"Thompson, Alyssa",Arizona,Big 12,Long Jump,2018,4,,,6.35,m,2018 Pac-12 Track & Field Championships,2018-05-12,,,1.5,Outdoor,https://www.tfrrs.org/results/55278/3508268/2018_Pac-12_Track__Field_Championships/Long-Jump,TFRRS all_performances
"Thompson, Alyssa",Arizona,Big 12,Long Jump,2018,4,,,5.94,m,NCAA West Preliminary Round,2018-05-24,,,0.5,Outdoor,https://www.tfrrs.org/results/57100/3515427/NCAA_West_Preliminary_Round/Long-Jump,TFRRS all_performances
"Jackson, ShyAndrea",BYU,Big 12,Long Jump,2018,4,,,4.72,m,40th Annual Aztec Open,2018-03-23,,,-1.0,Outdoor,https://www.tfrrs.org/results/52944/3363370/40th_Annual_Aztec_Open/Long-Jump,TFRRS all_performances
"Jackson, ShyAndrea",BYU,Big 12,Long Jump,2018,4,,,4.90,m,40th Annual Aztec Invitational,2018-03-24,,,+0.0,Outdoor,https://www.tfrrs.org/results/52948/3366213/40th_Annual_Aztec_Invitational/Long-Jump,TFRRS all_performances
"Miller, Keesha",BYU,Big 12,Long Jump,2018,3,,,5.07,m,40th Annual Aztec Invitational,2018-03-24,,,0.3,Outdoor,https://www.tfrrs.org/results/52948/3366213/40th_Annual_Aztec_Invitational/Long-Jump,TFRRS all_performances
"Jackson, ShyAndrea",BYU,Big 12,Long Jump,2018,4,,,4.91,m,2018 UVU Collegiate Invitational,2018-03-30,,,+0.0,Outdoor,https://www.tfrrs.org/results/55512/3379996/2018_UVU_Collegiate_Invitational/Long-Jump,TFRRS all_performances
"Jackson, ShyAndrea",BYU,Big 12,Long Jump,2018,4,,,5.10,m,Utah/Weber State Spring Classic - Day 1,2018-04-06,,,-0.1,Outdoor,https://www.tfrrs.org/results/55876/3401673/Utah_Weber_State_Spring_Classic_-_Day_1/Long-Jump,TFRRS all_performances
"Jackson, ShyAndrea",BYU,Big 12,Long Jump,2018,4,,,5.02,m,Mark Faldmo Invitational,2018-04-13,,,+0.0,Outdoor,https://www.tfrrs.org/results/55110/3430782/Mark_Faldmo_Invitational/Long-Jump,TFRRS all_performances
"Brown, Courtney",BYU,Big 12,Long Jump,2018,3,,,4.76,m,2018 BYU Robison Invitational,2018-04-26,,,+0.0,Outdoor,https://www.tfrrs.org/results/56765/3480987/2018_BYU_Robison_Invitational/Long-Jump,TFRRS all_performances
"Jackson, ShyAndrea",BYU,Big 12,Long Jump,2018,4,,,5.09,m,2018 BYU Robison Invitational,2018-04-26,,,+0.0,Outdoor,https://www.tfrrs.org/results/56765/3476071/2018_BYU_Robison_Invitational/Long-Jump,TFRRS all_performances
"Miller, Keesha",BYU,Big 12,Long Jump,2018,3,,,5.43,m,2018 BYU Robison Invitational,2018-04-26,,,+0.0,Outdoor,https://www.tfrrs.org/results/56765/3476071/2018_BYU_Robison_Invitational/Long-Jump,TFRRS all_performances
"Yetter, Lindsay",BYU,Big 12,Long Jump,2018,2,,,5.19,m,2018 BYU Robison Invitational,2018-04-26,,,-1.3,Outdoor,https://www.tfrrs.org/results/56765/3480987/2018_BYU_Robison_Invitational/Long-Jump,TFRRS all_performances
"Fisher, Jacinta",Baylor,Big 12,Long Jump,2018,2,,,5.61,m,2018 TCU Invitational,2018-03-16,,,0.1,Outdoor,https://www.tfrrs.org/results/54129/3347793/2018_TCU_Invitational/Long-Jump,TFRRS all_performances
"Madlock, Alex",Baylor,Big 12,Long Jump,2018,1,,,5.87,m,2018 TCU Invitational,2018-03-16,,,1.4,Outdoor,https://www.tfrrs.org/results/54129/3347793/2018_TCU_Invitational/Long-Jump,TFRRS all_performances
"Pettway, Caira",Baylor,Big 12,Long Jump,2018,1,,,5.76,m,2018 TCU Invitational,2018-03-16,,,0.3,Outdoor,https://www.tfrrs.org/results/54129/3347793/2018_TCU_Invitational/Long-Jump,TFRRS all_performances
"Pettway, Caira",Baylor,Big 12,Long Jump,2018,1,,,5.64,m,Roadrunner Invitational,2018-03-22,,,1.5,Outdoor,https://www.tfrrs.org/results/54583/3365764/Roadrunner_Invitational/Long-Jump,TFRRS all_performances
"Peacock, Tiffani",Baylor,Big 12,Long Jump,2018,1,,,4.43,m,Michael Johnson Invitational,2018-04-21,,,0.6,Outdoor,https://www.tfrrs.org/results/52735/3453330/Michael_Johnson_Invitational/Long-Jump,TFRRS all_performances
"Pettway, Caira",Baylor,Big 12,Long Jump,2018,1,,,5.67,m,Michael Johnson Invitational,2018-04-21,,,0.7,Outdoor,https://www.tfrrs.org/results/52735/3453330/Michael_Johnson_Invitational/Long-Jump,TFRRS all_performances
"Fisher, Jacinta",Baylor,Big 12,Long Jump,2018,2,,,5.34,m,National Relay Championships,2018-04-27,,,+0.0,Outdoor,https://www.tfrrs.org/results/54177/3473050/National_Relay_Championships/Long-Jump,TFRRS all_performances
"Madlock, Alex",Baylor,Big 12,Long Jump,2018,1,,,5.76,m,Big 12 Conference Outdoor Track and Field Championships,2018-05-11,,,2.0,Outdoor,https://www.tfrrs.org/results/56262/3508399/Big_12_Conference_Outdoor_Track_and_Field_Championships/Long-Jump,TFRRS all_performances
"Bartley, Jalaiya",Iowa State,Big 12,Long Jump,2018,1,,,5.63,m,Tulsa Duels,2018-03-16,,,0.9,Outdoor,https://www.tfrrs.org/results/54959/3348003/Tulsa_Duels/Long-Jump,TFRRS all_performances
"Luque, Jhoanmy",Iowa State,Big 12,Long Jump,2018,4,,,6.22,m,Florida Relays,2018-03-29,,,0.1,Outdoor,https://www.tfrrs.org/results/53568/3384023/Florida_Relays/Long-Jump,TFRRS all_performances
"Frazier, Tasha",Iowa State,Big 12,Long Jump,2018,4,,,5.67,m,39th Sun Angel Classic,2018-04-05,,,+0.0,Outdoor,https://www.tfrrs.org/results/55897/3405715/39th_Sun_Angel_Classic/Long-Jump,TFRRS all_performances
"Bartley, Jalaiya",Iowa State,Big 12,Long Jump,2018,1,,,5.16,m,Michael Johnson Invitational,2018-04-21,,,0.6,Outdoor,https://www.tfrrs.org/results/52735/3453330/Michael_Johnson_Invitational/Long-Jump,TFRRS all_performances
"Frazier, Tasha",Iowa State,Big 12,Long Jump,2018,4,,,5.55,m,Michael Johnson Invitational,2018-04-21,,,0.7,Outdoor,https://www.tfrrs.org/results/52735/3453330/Michael_Johnson_Invitational/Long-Jump,TFRRS all_performances
"Luque, Jhoanmy",Iowa State,Big 12,Long Jump,2018,4,,,6.21,m,Michael Johnson Invitational,2018-04-21,,,1.0,Outdoor,https://www.tfrrs.org/results/52735/3453330/Michael_Johnson_Invitational/Long-Jump,TFRRS all_performances
"Frazier, Tasha",Iowa State,Big 12,Long Jump,2018,,,,5.30,m,2018 Drake Relays presented by Hy-Vee,2018-04-25,,,1.4,Outdoor,https://www.tfrrs.org/results/51254/3526347/2018_Drake_Relays_presented_by_Hy-Vee/Long-Jump,TFRRS all_performances
"Frazier, Tasha",Iowa State,Big 12,Long Jump,2018,,,,5.30,m,2018 Drake Relays presented by Hy-Vee,2018-04-25,,,1.4,Outdoor,https://www.tfrrs.org/results/56763/3475311/2018_Drake_Relays_presented_by_Hy-Vee/Long-Jump,TFRRS all_performances
"Luque, Jhoanmy",Iowa State,Big 12,Long Jump,2018,,,,6.38,m,2018 Drake Relays presented by Hy-Vee,2018-04-25,,,+0.0,Outdoor,https://www.tfrrs.org/results/51254/3526347/2018_Drake_Relays_presented_by_Hy-Vee/Long-Jump,TFRRS all_performances
"Luque, Jhoanmy",Iowa State,Big 12,Long Jump,2018,,,,6.38,m,2018 Drake Relays presented by Hy-Vee,2018-04-25,,,+0.0,Outdoor,https://www.tfrrs.org/results/56763/3475311/2018_Drake_Relays_presented_by_Hy-Vee/Long-Jump,TFRRS all_performances
"Luque, Jhoanmy",Iowa State,Big 12,Long Jump,2018,4,,,6.11,m,NCAA West Preliminary Round,2018-05-24,,,+0.0,Outdoor,https://www.tfrrs.org/results/57100/3515427/NCAA_West_Preliminary_Round/Long-Jump,TFRRS all_performances
"Luque, Jhoanmy",Iowa State,Big 12,Long Jump,2018,4,,,6.34,m,NCAA Division I Outdoor Championships,2018-06-06,,,0.1,Outdoor,https://www.tfrrs.org/results/57114/3516383/NCAA_Division_I_Outdoor_Championships/Long-Jump,TFRRS all_performances
"Alli, Zuliat",Texas Tech,Big 12,Long Jump,2018,2,,,6.09,m,UTSA Invitational,2018-03-16,,,2.0,Outdoor,https://www.tfrrs.org/results/54532/3349322/UTSA_Invitational/Long-Jump,TFRRS all_performances
"Cole, Chelsey",Texas Tech,Big 12,Long Jump,2018,1,,,5.90,m,UTSA Invitational,2018-03-16,,,1.8,Outdoor,https://www.tfrrs.org/results/54532/3349322/UTSA_Invitational/Long-Jump,TFRRS all_performances
"Revell, Paetyn",Texas Tech,Big 12,Long Jump,2018,4,,,5.39,m,UTSA Invitational,2018-03-16,,,1.6,Outdoor,https://www.tfrrs.org/results/54532/3349322/UTSA_Invitational/Long-Jump,TFRRS all_performances
"Walker, Ivy",Texas Tech,Big 12,Long Jump,2018,2,,,5.72,m,UTSA Invitational,2018-03-16,,,2.0,Outdoor,https://www.tfrrs.org/results/54532/3349322/UTSA_Invitational/Long-Jump,TFRRS all_performances
"Alli, Zuliat",Texas Tech,Big 12,Long Jump,2018,2,,,6.08,m,ACU Wes Kittley Invitational,2018-03-23,,,1.6,Outdoor,https://www.tfrrs.org/results/54830/3365265/ACU_Wes_Kittley_Invitational/Long-Jump,TFRRS all_performances
"Murrell, Talajah",Texas Tech,Big 12,Long Jump,2018,3,,,5.81,m,ACU Wes Kittley Invitational,2018-03-23,,,1.9,Outdoor,https://www.tfrrs.org/results/54830/3365265/ACU_Wes_Kittley_Invitational/Long-Jump,TFRRS all_performances
"Hinton, Kaylee",Texas Tech,Big 12,Long Jump,2018,3,,,3.91,m,Home Depot Clyde Littlefield Texas Relays,2018-03-28,,,0.9,Outdoor,https://www.tfrrs.org/results/53836/3382058/Home_Depot_Clyde_Littlefield_Texas_Relays/Long-Jump,TFRRS all_performances
"Murrell, Talajah",Texas Tech,Big 12,Long Jump,2018,3,,,5.42,m,Home Depot Clyde Littlefield Texas Relays,2018-03-28,,,1.9,Outdoor,https://www.tfrrs.org/results/53836/3382094/Home_Depot_Clyde_Littlefield_Texas_Relays/Long-Jump,TFRRS all_performances
"Alli, Zuliat",Texas Tech,Big 12,Long Jump,2018,2,,,5.76,m,39th Sun Angel Classic,2018-04-05,,,+0.0,Outdoor,https://www.tfrrs.org/results/55897/3405715/39th_Sun_Angel_Classic/Long-Jump,TFRRS all_performances
"Cole, Chelsey",Texas Tech,Big 12,Long Jump,2018,1,,,5.80,m,39th Sun Angel Classic,2018-04-05,,,-0.3,Outdoor,https://www.tfrrs.org/results/55897/3405715/39th_Sun_Angel_Classic/Long-Jump,TFRRS all_performances
"Murrell, Talajah",Texas Tech,Big 12,Long Jump,2018,3,,,5.60,m,39th Sun Angel Classic,2018-04-05,,,+0.0,Outdoor,https://www.tfrrs.org/results/55897/3405715/39th_Sun_Angel_Classic/Long-Jump,TFRRS all_performances
"Edwards, G'Auna",Texas Tech,Big 12,Long Jump,2018,1,,,5.49,m,2018 Jim Click Shootout,2018-04-07,,,+0.0,Outdoor,https://www.tfrrs.org/results/55267/3409685/2018_Jim_Click_Shootout/Long-Jump,TFRRS all_performances
"Hinton, Kaylee",Texas Tech,Big 12,Long Jump,2018,3,,,5.74,m,2018 Jim Click Shootout,2018-04-07,,,+0.0,Outdoor,https://www.tfrrs.org/results/55267/3409685/2018_Jim_Click_Shootout/Long-Jump,TFRRS all_performances
"Njoku, Rose",Texas Tech,Big 12,Long Jump,2018,2,,,5.04,m,2018 Jim Click Shootout,2018-04-07,,,+0.0,Outdoor,https://www.tfrrs.org/results/55267/3409685/2018_Jim_Click_Shootout/Long-Jump,TFRRS all_performances
"Alli, Zuliat",Texas Tech,Big 12,Long Jump,2018,2,,,5.73,m,Michael Johnson Invitational,2018-04-21,,,0.7,Outdoor,https://www.tfrrs.org/results/52735/3453330/Michael_Johnson_Invitational/Long-Jump,TFRRS all_performances
"Edwards, G'Auna",Texas Tech,Big 12,Long Jump,2018,1,,,5.77,m,Michael Johnson Invitational,2018-04-21,,,1.7,Outdoor,https://www.tfrrs.org/results/52735/3453330/Michael_Johnson_Invitational/Long-Jump,TFRRS all_performances
"Hinton, Kaylee",Texas Tech,Big 12,Long Jump,2018,3,,,5.74,m,Michael Johnson Invitational,2018-04-21,,,1.1,Outdoor,https://www.tfrrs.org/results/52735/3453330/Michael_Johnson_Invitational/Long-Jump,TFRRS all_performances
"Njoku, Rose",Texas Tech,Big 12,Long Jump,2018,2,,,5.35,m,Michael Johnson Invitational,2018-04-21,,,0.6,Outdoor,https://www.tfrrs.org/results/52735/3453330/Michael_Johnson_Invitational/Long-Jump,TFRRS all_performances
"Revell, Paetyn",Texas Tech,Big 12,Long Jump,2018,4,,,5.53,m,Michael Johnson Invitational,2018-04-21,,,0.7,Outdoor,https://www.tfrrs.org/results/52735/3453330/Michael_Johnson_Invitational/Long-Jump,TFRRS all_performances
"Cole, Chelsey",Texas Tech,Big 12,Long Jump,2018,1,,,6.18,m,Texas Tech Corky/Crofoot Shootout,2018-04-27,,,1.9,Outdoor,https://www.tfrrs.org/results/56741/3472135/Texas_Tech_Corky_Crofoot_Shootout/Long-Jump,TFRRS all_performances
"Edwards, G'Auna",Texas Tech,Big 12,Long Jump,2018,1,,,6.32,m,Texas Tech Corky/Crofoot Shootout,2018-04-27,,,1.4,Outdoor,https://www.tfrrs.org/results/56741/3472135/Texas_Tech_Corky_Crofoot_Shootout/Long-Jump,TFRRS all_performances
"Hinton, Kaylee",Texas Tech,Big 12,Long Jump,2018,3,,,6.12,m,Texas Tech Corky/Crofoot Shootout,2018-04-27,,,1.4,Outdoor,https://www.tfrrs.org/results/56741/3472135/Texas_Tech_Corky_Crofoot_Shootout/Long-Jump,TFRRS all_performances
"Revell, Paetyn",Texas Tech,Big 12,Long Jump,2018,4,,,5.29,m,Texas Tech Corky/Crofoot Shootout,2018-04-27,,,+0.0,Outdoor,https://www.tfrrs.org/results/56741/3472135/Texas_Tech_Corky_Crofoot_Shootout/Long-Jump,TFRRS all_performances
"Murrell, Talajah",Texas Tech,Big 12,Long Jump,2018,3,,,5.81,m,Texas Tech Masked Rider Invite,2018-05-05,,,+0.0,Outdoor,https://www.tfrrs.org/results/56949/3495001/Texas_Tech_Masked_Rider_Invite/Long-Jump,TFRRS all_performances
"Cole, Chelsey",Texas Tech,Big 12,Long Jump,2018,1,,,5.52,m,Big 12 Conference Outdoor Track and Field Championships,2018-05-11,,,1.8,Outdoor,https://www.tfrrs.org/results/56262/3508399/Big_12_Conference_Outdoor_Track_and_Field_Championships/Long-Jump,TFRRS all_performances
"Hinton, Kaylee",Texas Tech,Big 12,Long Jump,2018,3,,,5.85,m,Big 12 Conference Outdoor Track and Field Championships,2018-05-11,,,1.9,Outdoor,https://www.tfrrs.org/results/56262/3508399/Big_12_Conference_Outdoor_Track_and_Field_Championships/Long-Jump,TFRRS all_performances
"Walker, Ivy",Texas Tech,Big 12,Long Jump,2018,2,,,6.15,m,Big 12 Conference Outdoor Track and Field Championships,2018-05-11,,,2.0,Outdoor,https://www.tfrrs.org/results/56262/3508399/Big_12_Conference_Outdoor_Track_and_Field_Championships/Long-Jump,TFRRS all_performances
"Alli, Zuliat",Texas Tech,Big 12,Long Jump,2018,2,,,5.79,m,NCAA West Preliminary Round,2018-05-24,,,0.2,Outdoor,https://www.tfrrs.org/results/57100/3515427/NCAA_West_Preliminary_Round/Long-Jump,TFRRS all_performances
"Cole, Chelsey",Texas Tech,Big 12,Long Jump,2018,1,,,5.82,m,NCAA West Preliminary Round,2018-05-24,,,0.8,Outdoor,https://www.tfrrs.org/results/57100/3515427/NCAA_West_Preliminary_Round/Long-Jump,TFRRS all_performances
"Edwards, G'Auna",Texas Tech,Big 12,Long Jump,2018,1,,,5.61,m,NCAA West Preliminary Round,2018-05-24,,,1.9,Outdoor,https://www.tfrrs.org/results/57100/3515427/NCAA_West_Preliminary_Round/Long-Jump,TFRRS all_performances
"Walker, Ivy",Texas Tech,Big 12,Long Jump,2018,2,,,4.23,m,NCAA West Preliminary Round,2018-05-24,,,1.8,Outdoor,https://www.tfrrs.org/results/57100/3515427/NCAA_West_Preliminary_Round/Long-Jump,TFRRS all_performances
"Driver, Briana",Illinois,Big Ten,Long Jump,2018,3,,,5.62,m,SIU Bill Cornell Spring Classic,2018-03-23,,,0.1,Outdoor,https://www.tfrrs.org/results/54701/3364923/SIU_Bill_Cornell_Spring_Classic/Long-Jump,TFRRS all_performances
"Hargrove, Sade",Illinois,Big Ten,Long Jump,2018,3,,,5.23,m,SIU Bill Cornell Spring Classic,2018-03-23,,,+0.0,Outdoor,https://www.tfrrs.org/results/54701/3364923/SIU_Bill_Cornell_Spring_Classic/Long-Jump,TFRRS all_performances
"Kendziera, Brenda",Illinois,Big Ten,Long Jump,2018,2,,,4.79,m,SIU Bill Cornell Spring Classic,2018-03-23,,,+0.0,Outdoor,https://www.tfrrs.org/results/54701/3364923/SIU_Bill_Cornell_Spring_Classic/Long-Jump,TFRRS all_performances
"Rogers, Janile",Illinois,Big Ten,Long Jump,2018,3,,,5.51,m,SIU Bill Cornell Spring Classic,2018-03-23,,,+0.0,Outdoor,https://www.tfrrs.org/results/54701/3364923/SIU_Bill_Cornell_Spring_Classic/Long-Jump,TFRRS all_performances
"Wormack, Wynda",Illinois,Big Ten,Long Jump,2018,1,,,4.82,m,SIU Bill Cornell Spring Classic,2018-03-23,,,+0.0,Outdoor,https://www.tfrrs.org/results/54701/3364923/SIU_Bill_Cornell_Spring_Classic/Long-Jump,TFRRS all_performances
"Driver, Briana",Illinois,Big Ten,Long Jump,2018,3,,,5.87,m,Ole Miss Classic,2018-03-31,,,1.5,Outdoor,https://www.tfrrs.org/results/54839/3381443/Ole_Miss_Classic/Long-Jump,TFRRS all_performances
"Hargrove, Sade",Illinois,Big Ten,Long Jump,2018,3,,,5.36,m,Ole Miss Classic,2018-03-31,,,0.5,Outdoor,https://www.tfrrs.org/results/54839/3381443/Ole_Miss_Classic/Long-Jump,TFRRS all_performances
"Wormack, Wynda",Illinois,Big Ten,Long Jump,2018,1,,,5.24,m,Ole Miss Classic,2018-03-31,,,1.8,Outdoor,https://www.tfrrs.org/results/54839/3381443/Ole_Miss_Classic/Long-Jump,TFRRS all_performances
"Driver, Briana",Illinois,Big Ten,Long Jump,2018,3,,,5.87,m,2018 Jim Click Shootout,2018-04-07,,,1.5,Outdoor,https://www.tfrrs.org/results/55267/3403823/2018_Jim_Click_Shootout/Long-Jump,TFRRS all_performances
"Hargrove, Sade",Illinois,Big Ten,Long Jump,2018,3,,,5.25,m,2018 Jim Click Shootout,2018-04-07,,,0.5,Outdoor,https://www.tfrrs.org/results/55267/3403823/2018_Jim_Click_Shootout/Long-Jump,TFRRS all_performances
"Rogers, Janile",Illinois,Big Ten,Long Jump,2018,3,,,5.67,m,2018 Jim Click Shootout,2018-04-07,,,0.6,Outdoor,https://www.tfrrs.org/results/55267/3403823/2018_Jim_Click_Shootout/Long-Jump,TFRRS all_performances
"Rogers, Janile",Illinois,Big Ten,Long Jump,2018,3,,,5.51,m,Illinois Twilight,2018-04-14,,,1.4,Outdoor,https://www.tfrrs.org/results/54341/3428371/Illinois_Twilight/Long-Jump,TFRRS all_performances
"Wormack, Wynda",Illinois,Big Ten,Long Jump,2018,1,,,5.07,m,Illinois Twilight,2018-04-14,,,2.0,Outdoor,https://www.tfrrs.org/results/54341/3428371/Illinois_Twilight/Long-Jump,TFRRS all_performances
"Driver, Briana",Illinois,Big Ten,Long Jump,2018,3,,,5.73,m,Mt. SAC Relays,2018-04-19,,,1.9,Outdoor,https://www.tfrrs.org/results/56509/3454550/Mt_SAC_Relays/Long-Jump,TFRRS all_performances
"Driver, Briana",Illinois,Big Ten,Long Jump,2018,,,,5.14,m,2018 Drake Relays presented by Hy-Vee,2018-04-25,,,1.1,Outdoor,https://www.tfrrs.org/results/51254/3526347/2018_Drake_Relays_presented_by_Hy-Vee/Long-Jump,TFRRS all_performances
"Driver, Briana",Illinois,Big Ten,Long Jump,2018,,,,5.14,m,2018 Drake Relays presented by Hy-Vee,2018-04-25,,,1.1,Outdoor,https://www.tfrrs.org/results/56763/3475311/2018_Drake_Relays_presented_by_Hy-Vee/Long-Jump,TFRRS all_performances
"Hargrove, Sade",Illinois,Big Ten,Long Jump,2018,,,,4.96,m,2018 Drake Relays presented by Hy-Vee,2018-04-25,,,1.3,Outdoor,https://www.tfrrs.org/results/51254/3526347/2018_Drake_Relays_presented_by_Hy-Vee/Long-Jump,TFRRS all_performances
"Hargrove, Sade",Illinois,Big Ten,Long Jump,2018,,,,4.96,m,2018 Drake Relays presented by Hy-Vee,2018-04-25,,,1.3,Outdoor,https://www.tfrrs.org/results/56763/3475311/2018_Drake_Relays_presented_by_Hy-Vee/Long-Jump,TFRRS all_performances
"Rogers, Janile",Illinois,Big Ten,Long Jump,2018,,,,5.96,m,2018 Drake Relays presented by Hy-Vee,2018-04-25,,,1.9,Outdoor,https://www.tfrrs.org/results/51254/3526347/2018_Drake_Relays_presented_by_Hy-Vee/Long-Jump,TFRRS all_performances
"Rogers, Janile",Illinois,Big Ten,Long Jump,2018,,,,5.96,m,2018 Drake Relays presented by Hy-Vee,2018-04-25,,,1.9,Outdoor,https://www.tfrrs.org/results/56763/3475311/2018_Drake_Relays_presented_by_Hy-Vee/Long-Jump,TFRRS all_performances
"Driver, Briana",Illinois,Big Ten,Long Jump,2018,3,,,5.98,m,Big Ten Championships,2018-05-11,,,-0.1,Outdoor,https://www.tfrrs.org/results/57040/3507815/Big_Ten_Championships/Long-Jump,TFRRS all_performances
"Hargrove, Sade",Illinois,Big Ten,Long Jump,2018,3,,,5.52,m,Big Ten Championships,2018-05-11,,,0.3,Outdoor,https://www.tfrrs.org/results/57040/3507815/Big_Ten_Championships/Long-Jump,TFRRS all_performances
"Rogers, Janile",Illinois,Big Ten,Long Jump,2018,3,,,5.72,m,Big Ten Championships,2018-05-11,,,1.1,Outdoor,https://www.tfrrs.org/results/57040/3507815/Big_Ten_Championships/Long-Jump,TFRRS all_performances
"Lewis, Raynesha",Nebraska,Big Ten,Long Jump,2018,2,,,5.66,m,Pac-12+ vs Big Ten Invitational,2018-03-23,,,+0.0,Outdoor,https://www.tfrrs.org/results/55253/3366195/Pac-12_vs_Big_Ten_Invitational/Long-Jump,TFRRS all_performances
"Turke, Ieva",Nebraska,Big Ten,Long Jump,2018,1,,,5.62,m,Pac-12+ vs Big Ten Invitational,2018-03-23,,,-1.9,Outdoor,https://www.tfrrs.org/results/55253/3366195/Pac-12_vs_Big_Ten_Invitational/Long-Jump,TFRRS all_performances
"Lewis, Raynesha",Nebraska,Big Ten,Long Jump,2018,2,,,6.04,m,Kansas Relays,2018-04-18,,,2.0,Outdoor,https://www.tfrrs.org/results/56497/3452029/Kansas_Relays/Long-Jump,TFRRS all_performances
"Riley, Shylia",Nebraska,Big Ten,Long Jump,2018,3,,,6.17,m,Kansas Relays,2018-04-18,,,1.4,Outdoor,https://www.tfrrs.org/results/56497/3452029/Kansas_Relays/Long-Jump,TFRRS all_performances
"Turke, Ieva",Nebraska,Big Ten,Long Jump,2018,1,,,5.86,m,Kansas Relays,2018-04-18,,,2.0,Outdoor,https://www.tfrrs.org/results/56497/3452029/Kansas_Relays/Long-Jump,TFRRS all_performances
"Tweedy, Shauna",Nebraska,Big Ten,Long Jump,2018,3,,,4.94,m,Kansas Relays,2018-04-18,,,1.9,Outdoor,https://www.tfrrs.org/results/56497/3510947/Kansas_Relays/Long-Jump,TFRRS all_performances
"Riley, Shylia",Nebraska,Big Ten,Long Jump,2018,3,,,6.35,m,Texas Tech Corky/Crofoot Shootout,2018-04-27,,,0.8,Outdoor,https://www.tfrrs.org/results/56741/3472135/Texas_Tech_Corky_Crofoot_Shootout/Long-Jump,TFRRS all_performances
"Turke, Ieva",Nebraska,Big Ten,Long Jump,2018,1,,,6.06,m,Texas Tech Corky/Crofoot Shootout,2018-04-27,,,1.9,Outdoor,https://www.tfrrs.org/results/56741/3472135/Texas_Tech_Corky_Crofoot_Shootout/Long-Jump,TFRRS all_performances
"Riley, Shylia",Nebraska,Big Ten,Long Jump,2018,3,,,6.16,m,2018 Nebraska Invitational,2018-05-05,,,1.0,Outdoor,https://www.tfrrs.org/results/52825/3494185/2018_Nebraska_Invitational/Long-Jump,TFRRS all_performances
"Turke, Ieva",Nebraska,Big Ten,Long Jump,2018,1,,,5.97,m,2018 Nebraska Invitational,2018-05-05,,,-0.5,Outdoor,https://www.tfrrs.org/results/52825/3494185/2018_Nebraska_Invitational/Long-Jump,TFRRS all_performances
"Lewis, Raynesha",Nebraska,Big Ten,Long Jump,2018,2,,,4.73,m,Big Ten Championships,2018-05-11,,,0.9,Outdoor,https://www.tfrrs.org/results/57040/3507815/Big_Ten_Championships/Long-Jump,TFRRS all_performances
"Riley, Shylia",Nebraska,Big Ten,Long Jump,2018,3,,,6.21,m,Big Ten Championships,2018-05-11,,,-0.3,Outdoor,https://www.tfrrs.org/results/57040/3507815/Big_Ten_Championships/Long-Jump,TFRRS all_performances
"Turke, Ieva",Nebraska,Big Ten,Long Jump,2018,1,,,6.27,m,Big Ten Championships,2018-05-11,,,1.2,Outdoor,https://www.tfrrs.org/results/57040/3507815/Big_Ten_Championships/Long-Jump,TFRRS all_performances
"Lewis, Raynesha",Nebraska,Big Ten,Long Jump,2018,2,,,5.74,m,NCAA West Preliminary Round,2018-05-24,,,0.4,Outdoor,https://www.tfrrs.org/results/57100/3515427/NCAA_West_Preliminary_Round/Long-Jump,TFRRS all_performances
"Riley, Shylia",Nebraska,Big Ten,Long Jump,2018,3,,,5.72,m,NCAA West Preliminary Round,2018-05-24,,,0.8,Outdoor,https://www.tfrrs.org/results/57100/3515427/NCAA_West_Preliminary_Round/Long-Jump,TFRRS all_performances
"Turke, Ieva",Nebraska,Big Ten,Long Jump,2018,1,,,5.93,m,NCAA West Preliminary Round,2018-05-24,,,0.3,Outdoor,https://www.tfrrs.org/results/57100/3515427/NCAA_West_Preliminary_Round/Long-Jump,TFRRS all_performances
"Lewis, Raynesha",Nebraska,Big Ten,Long Jump,2018,2,,,6.07,m,NCAA Division I Outdoor Championships,2018-06-06,,,0.1,Outdoor,https://www.tfrrs.org/results/57114/3516383/NCAA_Division_I_Outdoor_Championships/Long-Jump,TFRRS all_performances
"Cook, Chaquinn",Oregon,Big Ten,Long Jump,2018,3,,,6.28,m,40th Annual Aztec Invitational,2018-03-24,,,1.9,Outdoor,https://www.tfrrs.org/results/52948/3366213/40th_Annual_Aztec_Invitational/Long-Jump,TFRRS all_performances
"O'Connor, Kylee",Oregon,Big Ten,Long Jump,2018,4,,,5.12,m,40th Annual Aztec Invitational,2018-03-24,,,0.9,Outdoor,https://www.tfrrs.org/results/52948/3366213/40th_Annual_Aztec_Invitational/Long-Jump,TFRRS all_performances
"Foster, Rhesa",Oregon,Big Ten,Long Jump,2018,2,,,5.77,m,Oregon Pepsi Invitational,2018-04-07,,,1.6,Outdoor,https://www.tfrrs.org/results/54397/3404986/Oregon_Pepsi_Invitational/Long-Jump,TFRRS all_performances
"O'Connor, Kylee",Oregon,Big Ten,Long Jump,2018,4,,,5.00,m,Oregon Pepsi Invitational,2018-04-07,,,1.9,Outdoor,https://www.tfrrs.org/results/54397/3404986/Oregon_Pepsi_Invitational/Long-Jump,TFRRS all_performances
"Cook, Chaquinn",Oregon,Big Ten,Long Jump,2018,3,,,6.09,m,Mt. SAC Relays,2018-04-19,,,0.2,Outdoor,https://www.tfrrs.org/results/56509/3454550/Mt_SAC_Relays/Long-Jump,TFRRS all_performances
"Foster, Rhesa",Oregon,Big Ten,Long Jump,2018,2,,,6.13,m,Mt. SAC Relays,2018-04-19,,,-2.1,Outdoor,https://www.tfrrs.org/results/56509/3454550/Mt_SAC_Relays/Long-Jump,TFRRS all_performances
"McCarrell, Keira",Oregon,Big Ten,Long Jump,2018,1,,,5.13,m,Bryan Clay Invitational,2018-04-19,,,-0.2,Outdoor,https://www.tfrrs.org/results/54070/3482330/Bryan_Clay_Invitational/Long-Jump,TFRRS all_performances
"O'Connor, Kylee",Oregon,Big Ten,Long Jump,2018,4,,,5.62,m,Bryan Clay Invitational,2018-04-19,,,+0.0,Outdoor,https://www.tfrrs.org/results/54070/3482330/Bryan_Clay_Invitational/Long-Jump,TFRRS all_performances
"O'Connor, Kylee",Oregon,Big Ten,Long Jump,2018,4,,,5.44,m,Pac-12 Combined Events Championships,2018-05-05,,,2.0,Outdoor,https://www.tfrrs.org/results/55279/3496643/Pac-12_Combined_Events_Championships/Long-Jump,TFRRS all_performances
"O'Connor, Kylee",Oregon,Big Ten,Long Jump,2018,4,,,5.44,m,2018 Pac-12 Track & Field Championships,2018-05-12,,,2.0,Outdoor,https://www.tfrrs.org/results/55278/3508268/2018_Pac-12_Track__Field_Championships/Long-Jump,TFRRS all_performances
"Foster, Rhesa",Oregon,Big Ten,Long Jump,2018,2,,,6.06,m,NCAA West Preliminary Round,2018-05-24,,,1.2,Outdoor,https://www.tfrrs.org/results/57100/3515427/NCAA_West_Preliminary_Round/Long-Jump,TFRRS all_performances
"Foster, Rhesa",Oregon,Big Ten,Long Jump,2018,2,,,5.55,m,NCAA Division I Outdoor Championships,2018-06-06,,,-1.4,Outdoor,https://www.tfrrs.org/results/57114/3516383/NCAA_Division_I_Outdoor_Championships/Long-Jump,TFRRS all_performances
"Corrin, Courtney",USC,Big Ten,Long Jump,2018,2,,,6.06,m,Beach Opener,2018-03-03,,,+0.0,Outdoor,https://www.tfrrs.org/results/54529/3325439/Beach_Opener/Long-Jump,TFRRS all_performances
"Harmon-Thomas, Alexa",USC,Big Ten,Long Jump,2018,3,,,5.67,m,Beach Opener,2018-03-03,,,0.1,Outdoor,https://www.tfrrs.org/results/54529/3325439/Beach_Opener/Long-Jump,TFRRS all_performances
"Corrin, Courtney",USC,Big Ten,Long Jump,2018,2,,,6.01,m,USC Trojan Invitational,2018-03-16,,,1.0,Outdoor,https://www.tfrrs.org/results/54970/3349814/USC_Trojan_Invitational/Long-Jump,TFRRS all_performances
"Harmon-Thomas, Alexa",USC,Big Ten,Long Jump,2018,3,,,5.80,m,USC Trojan Invitational,2018-03-16,,,0.2,Outdoor,https://www.tfrrs.org/results/54970/3349814/USC_Trojan_Invitational/Long-Jump,TFRRS all_performances
"Richards, Madisen",USC,Big Ten,Long Jump,2018,4,,,6.09,m,USC Trojan Invitational,2018-03-16,,,1.5,Outdoor,https://www.tfrrs.org/results/54970/3349814/USC_Trojan_Invitational/Long-Jump,TFRRS all_performances
"Corrin, Courtney",USC,Big Ten,Long Jump,2018,2,,,6.07,m,USC Power 5 Challenge,2018-03-23,,,0.9,Outdoor,https://www.tfrrs.org/results/55249/3365642/USC_Power_5_Challenge/Long-Jump,TFRRS all_performances
"Harmon-Thomas, Alexa",USC,Big Ten,Long Jump,2018,3,,,5.75,m,USC Power 5 Challenge,2018-03-23,,,+0.0,Outdoor,https://www.tfrrs.org/results/55249/3365642/USC_Power_5_Challenge/Long-Jump,TFRRS all_performances
"Lopes, Lyndsey",USC,Big Ten,Long Jump,2018,3,,,6.04,m,USC Power 5 Challenge,2018-03-23,,,0.4,Outdoor,https://www.tfrrs.org/results/55249/3365642/USC_Power_5_Challenge/Long-Jump,TFRRS all_performances
"Corrin, Courtney",USC,Big Ten,Long Jump,2018,2,,,6.18,m,39th Sun Angel Classic,2018-04-05,,,+0.0,Outdoor,https://www.tfrrs.org/results/55897/3405715/39th_Sun_Angel_Classic/Long-Jump,TFRRS all_performances
"Richards, Madisen",USC,Big Ten,Long Jump,2018,4,,,6.10,m,39th Sun Angel Classic,2018-04-05,,,1.2,Outdoor,https://www.tfrrs.org/results/55897/3405715/39th_Sun_Angel_Classic/Long-Jump,TFRRS all_performances
"Lopes, Lyndsey",USC,Big Ten,Long Jump,2018,3,,,5.43,m,SAM ADAMS COMBINED EVENTS INVITATIONAL,2018-04-06,,,0.4,Outdoor,https://www.tfrrs.org/results/53879/3406004/SAM_ADAMS_COMBINED_EVENTS_INVITATIONAL/Long-Jump,TFRRS all_performances
"Corrin, Courtney",USC,Big Ten,Long Jump,2018,2,,,6.46,m,Beach Invitational,2018-04-20,,,0.3,Outdoor,https://www.tfrrs.org/results/56487/3458675/Beach_Invitational/Long-Jump,TFRRS all_performances
"Harmon-Thomas, Alexa",USC,Big Ten,Long Jump,2018,3,,,4.43,m,Beach Invitational,2018-04-20,,,-0.3,Outdoor,https://www.tfrrs.org/results/56487/3458675/Beach_Invitational/Long-Jump,TFRRS all_performances
"Richards, Madisen",USC,Big Ten,Long Jump,2018,4,,,6.26,m,Beach Invitational,2018-04-20,,,0.3,Outdoor,https://www.tfrrs.org/results/56487/3458675/Beach_Invitational/Long-Jump,TFRRS all_performances
"Corrin, Courtney",USC,Big Ten,Long Jump,2018,2,,,6.34,m,UCLA vs. USC Dual,2018-04-29,,,0.3,Outdoor,https://www.tfrrs.org/results/56382/3479612/UCLA_vs_USC_Dual/Long-Jump,TFRRS all_performances
"Harmon-Thomas, Alexa",USC,Big Ten,Long Jump,2018,3,,,5.74,m,UCLA vs. USC Dual,2018-04-29,,,0.2,Outdoor,https://www.tfrrs.org/results/56382/3479612/UCLA_vs_USC_Dual/Long-Jump,TFRRS all_performances
"Jones, Margaux",USC,Big Ten,Long Jump,2018,3,,,5.90,m,UCLA vs. USC Dual,2018-04-29,,,1.1,Outdoor,https://www.tfrrs.org/results/56382/3479612/UCLA_vs_USC_Dual/Long-Jump,TFRRS all_performances
"Lopes, Lyndsey",USC,Big Ten,Long Jump,2018,3,,,5.97,m,UCLA vs. USC Dual,2018-04-29,,,1.2,Outdoor,https://www.tfrrs.org/results/56382/3479612/UCLA_vs_USC_Dual/Long-Jump,TFRRS all_performances
"Richards, Madisen",USC,Big Ten,Long Jump,2018,4,,,6.34,m,UCLA vs. USC Dual,2018-04-29,,,+0.0,Outdoor,https://www.tfrrs.org/results/56382/3479612/UCLA_vs_USC_Dual/Long-Jump,TFRRS all_performances
"Lopes, Lyndsey",USC,Big Ten,Long Jump,2018,3,,,5.73,m,Pac-12 Combined Events Championships,2018-05-05,,,1.0,Outdoor,https://www.tfrrs.org/results/55279/3496643/Pac-12_Combined_Events_Championships/Long-Jump,TFRRS all_performances
"Corrin, Courtney",USC,Big Ten,Long Jump,2018,2,,,6.39,m,2018 Pac-12 Track & Field Championships,2018-05-12,,,2.0,Outdoor,https://www.tfrrs.org/results/55278/3508269/2018_Pac-12_Track__Field_Championships/Long-Jump,TFRRS all_performances
"Lopes, Lyndsey",USC,Big Ten,Long Jump,2018,3,,,5.73,m,2018 Pac-12 Track & Field Championships,2018-05-12,,,1.0,Outdoor,https://www.tfrrs.org/results/55278/3508268/2018_Pac-12_Track__Field_Championships/Long-Jump,TFRRS all_performances
"Lopes, Lyndsey",USC,Big Ten,Long Jump,2018,3,,,5.92,m,2018 Pac-12 Track & Field Championships,2018-05-12,,,1.8,Outdoor,https://www.tfrrs.org/results/55278/3508269/2018_Pac-12_Track__Field_Championships/Long-Jump,TFRRS all_performances
"Richards, Madisen",USC,Big Ten,Long Jump,2018,4,,,6.34,m,2018 Pac-12 Track & Field Championships,2018-05-12,,,1.9,Outdoor,https://www.tfrrs.org/results/55278/3508269/2018_Pac-12_Track__Field_Championships/Long-Jump,TFRRS all_performances
"Corrin, Courtney",USC,Big Ten,Long Jump,2018,2,,,5.70,m,NCAA West Preliminary Round,2018-05-24,,,2.0,Outdoor,https://www.tfrrs.org/results/57100/3515427/NCAA_West_Preliminary_Round/Long-Jump,TFRRS all_performances
"Richards, Madisen",USC,Big Ten,Long Jump,2018,4,,,6.16,m,NCAA West Preliminary Round,2018-05-24,,,0.3,Outdoor,https://www.tfrrs.org/results/57100/3515427/NCAA_West_Preliminary_Round/Long-Jump,TFRRS all_performances
"Lopes, Lyndsey",USC,Big Ten,Long Jump,2018,3,,,5.59,m,NCAA Division I Outdoor Championships,2018-06-06,,,0.1,Outdoor,https://www.tfrrs.org/results/57114/3516794/NCAA_Division_I_Outdoor_Championships/Long-Jump,TFRRS all_performances
"Richards, Madisen",USC,Big Ten,Long Jump,2018,4,,,6.42,m,NCAA Division I Outdoor Championships,2018-06-06,,,2.0,Outdoor,https://www.tfrrs.org/results/57114/3516383/NCAA_Division_I_Outdoor_Championships/Long-Jump,TFRRS all_performances
"Heath, Jelani",Washington,Big Ten,Long Jump,2018,1,,,5.71,m,USC Trojan Invitational,2018-03-16,,,-0.2,Outdoor,https://www.tfrrs.org/results/54970/3349814/USC_Trojan_Invitational/Long-Jump,TFRRS all_performances
"Rusnak, Hannah",Washington,Big Ten,Long Jump,2018,1,,,5.33,m,USC Trojan Invitational,2018-03-16,,,2.0,Outdoor,https://www.tfrrs.org/results/54970/3349814/USC_Trojan_Invitational/Long-Jump,TFRRS all_performances
"Heath, Jelani",Washington,Big Ten,Long Jump,2018,1,,,5.75,m,Home Depot Clyde Littlefield Texas Relays,2018-03-28,,,2.0,Outdoor,https://www.tfrrs.org/results/53836/3382094/Home_Depot_Clyde_Littlefield_Texas_Relays/Long-Jump,TFRRS all_performances
"Budinich, Ericka",Washington,Big Ten,Long Jump,2018,4,,,5.05,m,Spokane Multi 2018,2018-04-10,,,1.1,Outdoor,https://www.tfrrs.org/results/54831/3508817/Spokane_Multi_2018/Long-Jump,TFRRS all_performances
"Jones-Toutant, Elinor",Washington,Big Ten,Long Jump,2018,2,,,5.22,m,Spokane Multi 2018,2018-04-10,,,1.7,Outdoor,https://www.tfrrs.org/results/54831/3508817/Spokane_Multi_2018/Long-Jump,TFRRS all_performances
"Heath, Jelani",Washington,Big Ten,Long Jump,2018,1,,,5.57,m,Mt. SAC Relays,2018-04-19,,,0.2,Outdoor,https://www.tfrrs.org/results/56509/3454550/Mt_SAC_Relays/Long-Jump,TFRRS all_performances
"Budinich, Ericka",Washington,Big Ten,Long Jump,2018,4,,,5.25,m,WSU-UW Dual,2018-04-28,,,0.3,Outdoor,https://www.tfrrs.org/results/56143/3476179/WSU-UW_Dual/Long-Jump,TFRRS all_performances
"Heath, Jelani",Washington,Big Ten,Long Jump,2018,1,,,5.48,m,WSU-UW Dual,2018-04-28,,,0.9,Outdoor,https://www.tfrrs.org/results/56143/3476179/WSU-UW_Dual/Long-Jump,TFRRS all_performances
"Jones-Toutant, Elinor",Washington,Big Ten,Long Jump,2018,2,,,5.03,m,WSU-UW Dual,2018-04-28,,,0.9,Outdoor,https://www.tfrrs.org/results/56143/3476179/WSU-UW_Dual/Long-Jump,TFRRS all_performances
"Rusnak, Hannah",Washington,Big Ten,Long Jump,2018,1,,,5.25,m,WSU-UW Dual,2018-04-28,,,-0.2,Outdoor,https://www.tfrrs.org/results/56143/3476179/WSU-UW_Dual/Long-Jump,TFRRS all_performances
"Heath, Jelani",Washington,Big Ten,Long Jump,2018,1,,,5.51,m,2018 Ken Shannon Invitational,2018-05-04,,,1.8,Outdoor,https://www.tfrrs.org/results/55603/3494831/2018_Ken_Shannon_Invitational/Long-Jump,TFRRS all_performances
"Heath, Jelani",Washington,Big Ten,Long Jump,2018,1,,,5.77,m,2018 Pac-12 Track & Field Championships,2018-05-12,,,1.1,Outdoor,https://www.tfrrs.org/results/55278/3508269/2018_Pac-12_Track__Field_Championships/Long-Jump,TFRRS all_performances
"Moncrieffe, Tamara",Alabama,SEC,Long Jump,2018,3,,,5.93,m,Samford Alabama Track Challenge 2018,2018-03-23,,,1.6,Outdoor,https://www.tfrrs.org/results/54784/3362440/Samford_Alabama_Track_Challenge_2018/Long-Jump,TFRRS all_performances
"Robinson, Jaimie",Alabama,SEC,Long Jump,2018,1,,,6.15,m,Samford Alabama Track Challenge 2018,2018-03-23,,,1.1,Outdoor,https://www.tfrrs.org/results/54784/3362440/Samford_Alabama_Track_Challenge_2018/Long-Jump,TFRRS all_performances
"Fotopoulou , Filippa",Alabama,SEC,Long Jump,2018,4,,,6.05,m,Crimson Tide Invitational,2018-04-06,,,0.4,Outdoor,https://www.tfrrs.org/results/55889/3403249/Crimson_Tide_Invitational/Long-Jump,TFRRS all_performances
"Williams, Kiara",Alabama,SEC,Long Jump,2018,3,,,5.61,m,Crimson Tide Invitational,2018-04-06,,,-1.3,Outdoor,https://www.tfrrs.org/results/55889/3403249/Crimson_Tide_Invitational/Long-Jump,TFRRS all_performances
"Fotopoulou , Filippa",Alabama,SEC,Long Jump,2018,4,,,6.27,m,UF Tom Jones Memorial,2018-04-13,,,1.6,Outdoor,https://www.tfrrs.org/results/53752/3428951/UF_Tom_Jones_Memorial/Long-Jump,TFRRS all_performances
"Moncrieffe, Tamara",Alabama,SEC,Long Jump,2018,3,,,5.51,m,UF Tom Jones Memorial,2018-04-13,,,1.7,Outdoor,https://www.tfrrs.org/results/53752/3428951/UF_Tom_Jones_Memorial/Long-Jump,TFRRS all_performances
"Robinson, Jaimie",Alabama,SEC,Long Jump,2018,1,,,5.65,m,UF Tom Jones Memorial,2018-04-13,,,0.8,Outdoor,https://www.tfrrs.org/results/53752/3428951/UF_Tom_Jones_Memorial/Long-Jump,TFRRS all_performances
"Williams, Kiara",Alabama,SEC,Long Jump,2018,3,,,6.19,m,UF Tom Jones Memorial,2018-04-13,,,1.7,Outdoor,https://www.tfrrs.org/results/53752/3428951/UF_Tom_Jones_Memorial/Long-Jump,TFRRS all_performances
"Fotopoulou , Filippa",Alabama,SEC,Long Jump,2018,4,,,5.94,m,War Eagle Invitational 2018,2018-04-20,,,-0.7,Outdoor,https://www.tfrrs.org/results/51957/3451971/War_Eagle_Invitational_2018/Long-Jump,TFRRS all_performances
"Moncrieffe, Tamara",Alabama,SEC,Long Jump,2018,3,,,5.79,m,War Eagle Invitational 2018,2018-04-20,,,+0.0,Outdoor,https://www.tfrrs.org/results/51957/3451971/War_Eagle_Invitational_2018/Long-Jump,TFRRS all_performances
"Robinson, Jaimie",Alabama,SEC,Long Jump,2018,1,,,5.65,m,War Eagle Invitational 2018,2018-04-20,,,-1.0,Outdoor,https://www.tfrrs.org/results/51957/3451971/War_Eagle_Invitational_2018/Long-Jump,TFRRS all_performances
"Williams, Kiara",Alabama,SEC,Long Jump,2018,3,,,5.97,m,War Eagle Invitational 2018,2018-04-20,,,-0.9,Outdoor,https://www.tfrrs.org/results/51957/3451971/War_Eagle_Invitational_2018/Long-Jump,TFRRS all_performances
"Fotopoulou , Filippa",Alabama,SEC,Long Jump,2018,4,,,6.13,m,LSU Invitational,2018-04-28,,,1.8,Outdoor,https://www.tfrrs.org/results/52610/3474157/LSU_Invitational/Long-Jump,TFRRS all_performances
"Robinson, Jaimie",Alabama,SEC,Long Jump,2018,1,,,5.94,m,LSU Invitational,2018-04-28,,,1.8,Outdoor,https://www.tfrrs.org/results/52610/3474157/LSU_Invitational/Long-Jump,TFRRS all_performances
"Williams, Kiara",Alabama,SEC,Long Jump,2018,3,,,5.99,m,LSU Invitational,2018-04-28,,,0.5,Outdoor,https://www.tfrrs.org/results/52610/3474157/LSU_Invitational/Long-Jump,TFRRS all_performances
"Fotopoulou , Filippa",Alabama,SEC,Long Jump,2018,4,,,6.20,m,SEC Outdoor Track and Field Championships,2018-05-11,,,+0.0,Outdoor,https://www.tfrrs.org/results/56302/3508656/SEC_Outdoor_Track_and_Field_Championships/Long-Jump,TFRRS all_performances
"Williams, Kiara",Alabama,SEC,Long Jump,2018,3,,,6.35,m,SEC Outdoor Track and Field Championships,2018-05-11,,,0.5,Outdoor,https://www.tfrrs.org/results/56302/3508656/SEC_Outdoor_Track_and_Field_Championships/Long-Jump,TFRRS all_performances
"Fotopoulou , Filippa",Alabama,SEC,Long Jump,2018,4,,,5.94,m,NCAA East Preliminary Round,2018-05-24,,,0.1,Outdoor,https://www.tfrrs.org/results/57099/3515277/NCAA_East_Preliminary_Round/Long-Jump,TFRRS all_performances
"Williams, Kiara",Alabama,SEC,Long Jump,2018,3,,,6.09,m,NCAA East Preliminary Round,2018-05-24,,,+0.0,Outdoor,https://www.tfrrs.org/results/57099/3515277/NCAA_East_Preliminary_Round/Long-Jump,TFRRS all_performances
"Froeynes, Amanda",Florida,SEC,Long Jump,2018,1,,,6.13,m,FSU Relays,2018-03-23,,,0.7,Outdoor,https://www.tfrrs.org/results/55228/3362583/FSU_Relays/Long-Jump,TFRRS all_performances
"McQueen, Darrielle",Florida,SEC,Long Jump,2018,4,,,6.43,m,FSU Relays,2018-03-23,,,1.5,Outdoor,https://www.tfrrs.org/results/55228/3362583/FSU_Relays/Long-Jump,TFRRS all_performances
"Stephens, Nikki",Florida,SEC,Long Jump,2018,1,,,5.76,m,FSU Relays,2018-03-23,,,0.9,Outdoor,https://www.tfrrs.org/results/55228/3362583/FSU_Relays/Long-Jump,TFRRS all_performances
"Stephens, Nikki",Florida,SEC,Long Jump,2018,1,,,5.29,meters,Home Depot Clyde Littlefield Texas Relays,2018-03-28,Heptathlon,18.0,,Outdoor,https://www.tfrrs.org/athletes/8011546,legacy_source_needs_review
"McQueen, Darrielle",Florida,SEC,Long Jump,2018,4,,,6.39,m,Florida Relays,2018-03-29,,,+0.0,Outdoor,https://www.tfrrs.org/results/53568/3384023/Florida_Relays/Long-Jump,TFRRS all_performances
"David, Yanis",Florida,SEC,Long Jump,2018,3,,,6.16,m,UF Tom Jones Memorial,2018-04-13,,,1.8,Outdoor,https://www.tfrrs.org/results/53752/3428951/UF_Tom_Jones_Memorial/Long-Jump,TFRRS all_performances
"McQueen, Darrielle",Florida,SEC,Long Jump,2018,4,,,6.37,m,UF Tom Jones Memorial,2018-04-13,,,1.9,Outdoor,https://www.tfrrs.org/results/53752/3428951/UF_Tom_Jones_Memorial/Long-Jump,TFRRS all_performances
"Stephens, Nikki",Florida,SEC,Long Jump,2018,1,,,5.64,m,UF Tom Jones Memorial,2018-04-13,,,1.5,Outdoor,https://www.tfrrs.org/results/53752/3428951/UF_Tom_Jones_Memorial/Long-Jump,TFRRS all_performances
"David, Yanis",Florida,SEC,Long Jump,2018,3,,,6.33,m,National Relay Championships,2018-04-27,,,1.1,Outdoor,https://www.tfrrs.org/results/54177/3473049/National_Relay_Championships/Long-Jump,TFRRS all_performances
"Froeynes, Amanda",Florida,SEC,Long Jump,2018,1,,,5.91,m,National Relay Championships,2018-04-27,,,+0.0,Outdoor,https://www.tfrrs.org/results/54177/3473049/National_Relay_Championships/Long-Jump,TFRRS all_performances
"McQueen, Darrielle",Florida,SEC,Long Jump,2018,4,,,6.54,m,National Relay Championships,2018-04-27,,,0.3,Outdoor,https://www.tfrrs.org/results/54177/3473049/National_Relay_Championships/Long-Jump,TFRRS all_performances
"David, Yanis",Florida,SEC,Long Jump,2018,3,,,6.67,m,SEC Outdoor Track and Field Championships,2018-05-11,,,0.7,Outdoor,https://www.tfrrs.org/results/56302/3508656/SEC_Outdoor_Track_and_Field_Championships/Long-Jump,TFRRS all_performances
"Froeynes, Amanda",Florida,SEC,Long Jump,2018,1,,,5.86,m,SEC Outdoor Track and Field Championships,2018-05-11,,,1.4,Outdoor,https://www.tfrrs.org/results/56302/3508623/SEC_Outdoor_Track_and_Field_Championships/Long-Jump,TFRRS all_performances
"McQueen, Darrielle",Florida,SEC,Long Jump,2018,4,,,6.65,m,SEC Outdoor Track and Field Championships,2018-05-11,,,1.3,Outdoor,https://www.tfrrs.org/results/56302/3508656/SEC_Outdoor_Track_and_Field_Championships/Long-Jump,TFRRS all_performances
"David, Yanis",Florida,SEC,Long Jump,2018,3,,,6.22,m,NCAA East Preliminary Round,2018-05-24,,,0.5,Outdoor,https://www.tfrrs.org/results/57099/3515277/NCAA_East_Preliminary_Round/Long-Jump,TFRRS all_performances
"Froeynes, Amanda",Florida,SEC,Long Jump,2018,1,,,5.92,m,NCAA East Preliminary Round,2018-05-24,,,1.5,Outdoor,https://www.tfrrs.org/results/57099/3515277/NCAA_East_Preliminary_Round/Long-Jump,TFRRS all_performances
"McQueen, Darrielle",Florida,SEC,Long Jump,2018,4,,,6.22,m,NCAA East Preliminary Round,2018-05-24,,,0.2,Outdoor,https://www.tfrrs.org/results/57099/3515277/NCAA_East_Preliminary_Round/Long-Jump,TFRRS all_performances
"David, Yanis",Florida,SEC,Long Jump,2018,3,,,6.51,m,NCAA Division I Outdoor Championships,2018-06-06,,,-0.4,Outdoor,https://www.tfrrs.org/results/57114/3516383/NCAA_Division_I_Outdoor_Championships/Long-Jump,TFRRS all_performances
"Froeynes, Amanda",Florida,SEC,Long Jump,2018,1,,,5.77,m,NCAA Division I Outdoor Championships,2018-06-06,,,-1.7,Outdoor,https://www.tfrrs.org/results/57114/3516794/NCAA_Division_I_Outdoor_Championships/Long-Jump,TFRRS all_performances
"McQueen, Darrielle",Florida,SEC,Long Jump,2018,4,,,6.61,m,NCAA Division I Outdoor Championships,2018-06-06,,,1.5,Outdoor,https://www.tfrrs.org/results/57114/3516383/NCAA_Division_I_Outdoor_Championships/Long-Jump,TFRRS all_performances
"Davis, Tara",Georgia,SEC,Long Jump,2018,1,,,6.63,m,Spec Towns Invitational,2018-04-06,,,-2.1,Outdoor,https://www.tfrrs.org/results/55891/3403446/Spec_Towns_Invitational/Long-Jump,TFRRS all_performances
"Grauvogel, Louisa",Georgia,SEC,Long Jump,2018,2,,,5.67,m,Spec Towns Invitational,2018-04-06,,,-0.7,Outdoor,https://www.tfrrs.org/results/55891/3435627/Spec_Towns_Invitational/Long-Jump,TFRRS all_performances
"Hall, Kate",Georgia,SEC,Long Jump,2018,2,,,6.54,m,Spec Towns Invitational,2018-04-06,,,-0.3,Outdoor,https://www.tfrrs.org/results/55891/3403446/Spec_Towns_Invitational/Long-Jump,TFRRS all_performances
"Johnson, Aliyah",Georgia,SEC,Long Jump,2018,3,,,5.67,m,Spec Towns Invitational,2018-04-06,,,-0.1,Outdoor,https://www.tfrrs.org/results/55891/3435627/Spec_Towns_Invitational/Long-Jump,TFRRS all_performances
"Orji, Keturah",Georgia,SEC,Long Jump,2018,4,,,6.71,m,Spec Towns Invitational,2018-04-06,,,+0.0,Outdoor,https://www.tfrrs.org/results/55891/3403446/Spec_Towns_Invitational/Long-Jump,TFRRS all_performances
"Terry, Mary",Georgia,SEC,Long Jump,2018,3,,,4.97,m,Spec Towns Invitational,2018-04-06,,,-0.2,Outdoor,https://www.tfrrs.org/results/55891/3435627/Spec_Towns_Invitational/Long-Jump,TFRRS all_performances
"Davis, Tara",Georgia,SEC,Long Jump,2018,1,,,6.63,m,Mt. SAC Relays,2018-04-19,,,1.9,Outdoor,https://www.tfrrs.org/results/56509/3454487/Mt_SAC_Relays/Long-Jump,TFRRS all_performances
"Grauvogel, Louisa",Georgia,SEC,Long Jump,2018,2,,,5.67,m,Mt. SAC Relays,2018-04-19,,,0.8,Outdoor,https://www.tfrrs.org/results/56509/3454550/Mt_SAC_Relays/Long-Jump,TFRRS all_performances
"Hall, Kate",Georgia,SEC,Long Jump,2018,2,,,6.43,m,Mt. SAC Relays,2018-04-19,,,0.9,Outdoor,https://www.tfrrs.org/results/56509/3454487/Mt_SAC_Relays/Long-Jump,TFRRS all_performances
"Grauvogel, Louisa",Georgia,SEC,Long Jump,2018,2,,,6.00,meters,Halle Combined Events,2018-05-05,Heptathlon,2.0,,Outdoor,https://www.tfrrs.org/athletes/6099463/Georgia/Louisa_Grauvogel,legacy_source_needs_review
"Hall, Kate",Georgia,SEC,Long Jump,2018,2,,,6.63,m,Torrin Lawrence Memorial,2018-05-05,,,1.2,Outdoor,https://www.tfrrs.org/results/56933/3492085/Torrin_Lawrence_Memorial/Long-Jump,TFRRS all_performances
"Davis, Tara",Georgia,SEC,Long Jump,2018,1,,,6.13,m,SEC Outdoor Track and Field Championships,2018-05-11,,,+0.0,Outdoor,https://www.tfrrs.org/results/56302/3508656/SEC_Outdoor_Track_and_Field_Championships/Long-Jump,TFRRS all_performances
"Hall, Kate",Georgia,SEC,Long Jump,2018,2,,,6.45,m,SEC Outdoor Track and Field Championships,2018-05-11,,,0.7,Outdoor,https://www.tfrrs.org/results/56302/3508656/SEC_Outdoor_Track_and_Field_Championships/Long-Jump,TFRRS all_performances
"Orji, Keturah",Georgia,SEC,Long Jump,2018,4,,,6.81,m,SEC Outdoor Track and Field Championships,2018-05-11,,,0.8,Outdoor,https://www.tfrrs.org/results/56302/3508656/SEC_Outdoor_Track_and_Field_Championships/Long-Jump,TFRRS all_performances
"Davis, Tara",Georgia,SEC,Long Jump,2018,1,,,6.42,m,NCAA East Preliminary Round,2018-05-24,,,0.1,Outdoor,https://www.tfrrs.org/results/57099/3515277/NCAA_East_Preliminary_Round/Long-Jump,TFRRS all_performances
"Hall, Kate",Georgia,SEC,Long Jump,2018,2,,,6.25,m,NCAA East Preliminary Round,2018-05-24,,,0.2,Outdoor,https://www.tfrrs.org/results/57099/3515277/NCAA_East_Preliminary_Round/Long-Jump,TFRRS all_performances
"Orji, Keturah",Georgia,SEC,Long Jump,2018,4,,,6.40,m,NCAA East Preliminary Round,2018-05-24,,,0.1,Outdoor,https://www.tfrrs.org/results/57099/3515277/NCAA_East_Preliminary_Round/Long-Jump,TFRRS all_performances
"Davis, Tara",Georgia,SEC,Long Jump,2018,1,,,6.45,m,NCAA Division I Outdoor Championships,2018-06-06,,,0.4,Outdoor,https://www.tfrrs.org/results/57114/3516383/NCAA_Division_I_Outdoor_Championships/Long-Jump,TFRRS all_performances
"Grauvogel, Louisa",Georgia,SEC,Long Jump,2018,2,,,5.71,m,NCAA Division I Outdoor Championships,2018-06-06,,,-1.1,Outdoor,https://www.tfrrs.org/results/57114/3516794/NCAA_Division_I_Outdoor_Championships/Long-Jump,TFRRS all_performances
"Hall, Kate",Georgia,SEC,Long Jump,2018,2,,,6.14,m,NCAA Division I Outdoor Championships,2018-06-06,,,0.4,Outdoor,https://www.tfrrs.org/results/57114/3516383/NCAA_Division_I_Outdoor_Championships/Long-Jump,TFRRS all_performances
"Orji, Keturah",Georgia,SEC,Long Jump,2018,4,,,6.67,m,NCAA Division I Outdoor Championships,2018-06-06,,,1.2,Outdoor,https://www.tfrrs.org/results/57114/3516383/NCAA_Division_I_Outdoor_Championships/Long-Jump,TFRRS all_performances
"Coombs , Latavia",Kentucky,SEC,Long Jump,2018,3,,,5.88,m,Florida Relays,2018-03-29,,,+0.0,Outdoor,https://www.tfrrs.org/results/53568/3384020/Florida_Relays/Long-Jump,TFRRS all_performances
"Ebwea-Bile, Marie-Josee",Kentucky,SEC,Long Jump,2018,3,,,6.11,m,Florida Relays,2018-03-29,,,0.2,Outdoor,https://www.tfrrs.org/results/53568/3384023/Florida_Relays/Long-Jump,TFRRS all_performances
Marie-Josee Ebwea-Excel,Kentucky,SEC,Long Jump,2018,4,,,6.11,meters,Florida Relays,2018-03-29,Final,3.0,0.2,Outdoor,https://www.tfrrs.org/athletes/5649580,legacy_source_needs_review
"Coombs , Latavia",Kentucky,SEC,Long Jump,2018,3,,,5.81,m,Tennessee Relays,2018-04-12,,,1.3,Outdoor,https://www.tfrrs.org/results/54171/3425853/Tennessee_Relays/Long-Jump,TFRRS all_performances
Marie-Josee Ebwea-Excel,Kentucky,SEC,Long Jump,2018,4,,,6.32,meters,Tennessee Relays,2018-04-12,Final,2.0,2.5,Outdoor,https://www.tfrrs.org/athletes/5649580,legacy_source_needs_review
"Coombs , Latavia",Kentucky,SEC,Long Jump,2018,3,,,5.89,m,National Relay Championships,2018-04-27,,,1.7,Outdoor,https://www.tfrrs.org/results/54177/3473050/National_Relay_Championships/Long-Jump,TFRRS all_performances
"Ebwea-Bile, Marie-Josee",Kentucky,SEC,Long Jump,2018,3,,,6.18,m,National Relay Championships,2018-04-27,,,1.8,Outdoor,https://www.tfrrs.org/results/54177/3473049/National_Relay_Championships/Long-Jump,TFRRS all_performances
Marie-Josee Ebwea-Excel,Kentucky,SEC,Long Jump,2018,4,,,6.29,meters,National Relay Championships,2018-04-27,Final,4.0,2.2,Outdoor,https://www.tfrrs.org/athletes/5649580,legacy_source_needs_review
"Coombs , Latavia",Kentucky,SEC,Long Jump,2018,3,,,5.86,m,SEC Outdoor Track and Field Championships,2018-05-11,,,1.3,Outdoor,https://www.tfrrs.org/results/56302/3508656/SEC_Outdoor_Track_and_Field_Championships/Long-Jump,TFRRS all_performances
Marie-Josee Ebwea-Excel,Kentucky,SEC,Long Jump,2018,4,,,FOUL,meters,SEC Outdoor Track and Field Championships,2018-05-12,Final,,,Outdoor,https://www.tfrrs.org/athletes/5649580,legacy_source_needs_review
"Ebwea-Bile, Marie-Josee",Kentucky,SEC,Long Jump,2018,3,,,5.96,m,NCAA East Preliminary Round,2018-05-24,,,0.5,Outdoor,https://www.tfrrs.org/results/57099/3515277/NCAA_East_Preliminary_Round/Long-Jump,TFRRS all_performances
Marie-Josee Ebwea-Excel,Kentucky,SEC,Long Jump,2018,4,,,5.96,meters,NCAA East Preliminary Round,2018-05-24,Preliminary,19.0,0.5,Outdoor,https://www.tfrrs.org/athletes/5649580,legacy_source_needs_review
"Stanley, Makyla",South Carolina,SEC,Long Jump,2018,3,,,5.32,m,UCF Black and Gold Challenge,2018-03-16,,,-1.4,Outdoor,https://www.tfrrs.org/results/52465/3347766/UCF_Black_and_Gold_Challenge/Long-Jump,TFRRS all_performances
"Sow, Rougui",South Carolina,SEC,Long Jump,2018,3,,,6.08,m,Weems Baskin Relays,2018-03-23,,,1.7,Outdoor,https://www.tfrrs.org/results/53411/3366136/Weems_Baskin_Relays/Long-Jump,TFRRS all_performances
"Stanley, Makyla",South Carolina,SEC,Long Jump,2018,3,,,6.09,meters,Weems Baskin Relays,2018-03-23,Final,,4.0,Outdoor,https://www.tfrrs.org/athletes/6139893/South_Carolina/Makyla_Stanley,legacy_source_needs_review
"Stanley, Makyla",South Carolina,SEC,Long Jump,2018,3,,,FOUL,meters,Florida Relays,2018-03-29,Final,,,Outdoor,https://www.tfrrs.org/athletes/6139893/South_Carolina/Makyla_Stanley,legacy_source_needs_review
"Sow, Rougui",South Carolina,SEC,Long Jump,2018,3,,,6.55,m,Spec Towns Invitational,2018-04-06,,,-0.1,Outdoor,https://www.tfrrs.org/results/55891/3403446/Spec_Towns_Invitational/Long-Jump,TFRRS all_performances
"Stanley, Makyla",South Carolina,SEC,Long Jump,2018,3,,,5.74,m,Gamecock Invitational,2018-04-07,,,1.2,Outdoor,https://www.tfrrs.org/results/53413/3403700/Gamecock_Invitational/Long-Jump,TFRRS all_performances
"Sow, Rougui",South Carolina,SEC,Long Jump,2018,3,,,6.32,meters,Tennessee Relays,2018-04-12,Final,,3.2,Outdoor,https://gamecocksonline.com/roster/rougui-sow/,legacy_source_needs_review
"Stanley, Makyla",South Carolina,SEC,Long Jump,2018,3,,,5.57,m,Tennessee Relays,2018-04-12,,,1.9,Outdoor,https://www.tfrrs.org/results/54171/3425853/Tennessee_Relays/Long-Jump,TFRRS all_performances
"Stanley, Makyla",South Carolina,SEC,Long Jump,2018,3,,,5.67,m,USC Open,2018-04-21,,,1.1,Outdoor,https://www.tfrrs.org/results/53412/3451824/USC_Open/Long-Jump,TFRRS all_performances
"Fields, Jordan",South Carolina,SEC,Long Jump,2018,1,,,5.32,m,SEC Outdoor Track and Field Championships,2018-05-11,,,+0.0,Outdoor,https://www.tfrrs.org/results/56302/3508623/SEC_Outdoor_Track_and_Field_Championships/Long-Jump,TFRRS all_performances
"Sow, Rougui",South Carolina,SEC,Long Jump,2018,3,,,6.57,m,SEC Outdoor Track and Field Championships,2018-05-11,,,1.2,Outdoor,https://www.tfrrs.org/results/56302/3508656/SEC_Outdoor_Track_and_Field_Championships/Long-Jump,TFRRS all_performances
"Stanley, Makyla",South Carolina,SEC,Long Jump,2018,3,,,5.30,m,SEC Outdoor Track and Field Championships,2018-05-11,,,1.2,Outdoor,https://www.tfrrs.org/results/56302/3508656/SEC_Outdoor_Track_and_Field_Championships/Long-Jump,TFRRS all_performances
"Sow, Rougui",South Carolina,SEC,Long Jump,2018,3,,,6.18,m,NCAA East Preliminary Round,2018-05-24,,,0.2,Outdoor,https://www.tfrrs.org/results/57099/3515277/NCAA_East_Preliminary_Round/Long-Jump,TFRRS all_performances
"Sow, Rougui",South Carolina,SEC,Long Jump,2018,3,,,6.42,m,NCAA Division I Outdoor Championships,2018-06-06,,,0.9,Outdoor,https://www.tfrrs.org/results/57114/3516383/NCAA_Division_I_Outdoor_Championships/Long-Jump,TFRRS all_performances
"White, Harleigh",Clemson,ACC,Long Jump,2019,2,,,5.37,m,North Florida Spring Break Invitational,2019-03-21,,,0.8,Outdoor,https://www.tfrrs.org/results/59177/3697168/North_Florida_Spring_Break_Invitational/Long-Jump,TFRRS all_performances
"Livingston, Kenya",Clemson,ACC,Long Jump,2019,1,,,5.56,m,ACC Championships,2019-05-09,,,0.4,Outdoor,https://www.tfrrs.org/results/62590/3838918/ACC_Championships/Long-Jump,TFRRS all_performances
"Kutzer, Kate",Duke,ACC,Long Jump,2019,2,,,5.74,m,2019 92nd Clyde Littlefield Texas Relays,2019-03-27,,,1.6,Outdoor,https://www.tfrrs.org/results/59286/3835750/2019_92nd_Clyde_Littlefield_Texas_Relays/Long-Jump,TFRRS all_performances
"Marsh, Erin",Duke,ACC,Long Jump,2019,2,,,5.69,m,2019 92nd Clyde Littlefield Texas Relays,2019-03-27,,,+0.0,Outdoor,https://www.tfrrs.org/results/59286/3835750/2019_92nd_Clyde_Littlefield_Texas_Relays/Long-Jump,TFRRS all_performances
"Wakefield, Isabel",Duke,ACC,Long Jump,2019,1,,,5.65,m,2019 92nd Clyde Littlefield Texas Relays,2019-03-27,,,1.6,Outdoor,https://www.tfrrs.org/results/59286/3835750/2019_92nd_Clyde_Littlefield_Texas_Relays/Long-Jump,TFRRS all_performances
"Kutzer, Kate",Duke,ACC,Long Jump,2019,2,,,5.74,m,Texas Relays,2019-03-30,Heptathlon,6,,Outdoor,https://static.goduke.com/custompages/web-docs/track/2018-19/2019trackresults.pdf,legacy_source_needs_review
"Marsh, Erin",Duke,ACC,Long Jump,2019,2,,,5.69,m,Texas Relays,2019-03-30,Heptathlon,8,,Outdoor,https://static.goduke.com/custompages/web-docs/track/2018-19/2019trackresults.pdf,legacy_source_needs_review
"Wakefield, Isabel",Duke,ACC,Long Jump,2019,1,,,5.65,m,Texas Relays,2019-03-30,Heptathlon,10,,Outdoor,https://static.goduke.com/custompages/web-docs/track/2018-19/2019trackresults.pdf,legacy_source_needs_review
"Kutzer, Kate",Duke,ACC,Long Jump,2019,2,,,5.92,m,Battle of the Blues,2019-04-06,,,0.7,Outdoor,https://www.tfrrs.org/results/61484/3743616/Battle_of_the_Blues/Long-Jump,TFRRS all_performances
"Lemmons, Jaida",Duke,ACC,Long Jump,2019,4,,,5.69,m,Battle of the Blues,2019-04-06,,,0.7,Outdoor,https://www.tfrrs.org/results/61484/3743616/Battle_of_the_Blues/Long-Jump,TFRRS all_performances
"Simmons, Kelcie",Duke,ACC,Long Jump,2019,1,,,5.69,m,Battle of the Blues,2019-04-06,,,0.7,Outdoor,https://www.tfrrs.org/results/61484/3743616/Battle_of_the_Blues/Long-Jump,TFRRS all_performances
"Wakefield, Isabel",Duke,ACC,Long Jump,2019,1,,,5.69,m,Battle of the Blues,2019-04-06,,,0.8,Outdoor,https://www.tfrrs.org/results/61484/3743616/Battle_of_the_Blues/Long-Jump,TFRRS all_performances
"Wakefield, Isabel",Duke,ACC,Long Jump,2019,1,,,5.63,m,Tennessee Relays,2019-04-11,,,1.8,Outdoor,https://www.tfrrs.org/results/60654/3767484/Tennessee_Relays/Long-Jump,TFRRS all_performances
"Arbiv, Becky",Duke,ACC,Long Jump,2019,2,,,4.90,m,Duke Invitational,2019-04-19,,,2.0,Outdoor,https://www.tfrrs.org/results/62068/3791511/Duke_Invitational/Long-Jump,TFRRS all_performances
Rivka Arbiv,Duke,ACC,Long Jump,2019,,,,4.90,m,Duke Invitational,2019-04-20,Final,23,,Outdoor,https://static.goduke.com/custompages/web-docs/track/2018-19/2019trackresults.pdf,legacy_source_needs_review
"Marsh, Erin",Duke,ACC,Long Jump,2019,2,,,5.60,m,125th Penn Relays,2019-04-25,,,0.7,Outdoor,https://www.tfrrs.org/results/62328/3813903/125th_Penn_Relays/Long-Jump,TFRRS all_performances
"Kutzer, Kate",Duke,ACC,Long Jump,2019,2,,,5.86,m,ACC Championships,2019-05-09,,,1.8,Outdoor,https://www.tfrrs.org/results/62590/3842092/ACC_Championships/Long-Jump,TFRRS all_performances
"Lemmons, Jaida",Duke,ACC,Long Jump,2019,4,,,5.40,m,ACC Championships,2019-05-09,,,0.2,Outdoor,https://www.tfrrs.org/results/62590/3838918/ACC_Championships/Long-Jump,TFRRS all_performances
"Marsh, Erin",Duke,ACC,Long Jump,2019,2,,,5.91,m,ACC Championships,2019-05-09,,,2.0,Outdoor,https://www.tfrrs.org/results/62590/3842092/ACC_Championships/Long-Jump,TFRRS all_performances
"Marsh, Erin",Duke,ACC,Long Jump,2019,2,,,6.00,m,NCAA Division I Outdoor Track & Field Championships,2019-06-05,,,1.1,Outdoor,https://www.tfrrs.org/results/62668/3851135/NCAA_Division_I_Outdoor_Track__Field_Championships/Long-Jump,TFRRS all_performances
"Marsh, Erin",Duke,ACC,Long Jump,2019,2,,,6.00,m,NCAA Championships,2019-06-08,Heptathlon,7,,Outdoor,https://static.goduke.com/custompages/web-docs/track/2018-19/2019trackresults.pdf,legacy_source_needs_review
"Green, Trentorria",Florida State,ACC,Long Jump,2019,1,,,5.78,m,FSU Relays (College),2019-03-22,,,0.2,Outdoor,https://www.tfrrs.org/results/60843/3696027/FSU_Relays_College/Long-Jump,TFRRS all_performances
"Green, Trentorria",Florida State,ACC,Long Jump,2019,1,,,5.79,m,Crimson Tide Invitational,2019-04-11,,,0.4,Outdoor,https://www.tfrrs.org/results/61791/3763779/Crimson_Tide_Invitational/Long-Jump,TFRRS all_performances
"Petrokaite, Jogaile",Florida State,ACC,Long Jump,2019,4,,,6.13,m,Crimson Tide Invitational,2019-04-11,,,-0.7,Outdoor,https://www.tfrrs.org/results/61791/3763779/Crimson_Tide_Invitational/Long-Jump,TFRRS all_performances
"Sow, Rougui",Florida State,ACC,Long Jump,2019,4,,,6.08,m,Crimson Tide Invitational,2019-04-11,,,0.3,Outdoor,https://www.tfrrs.org/results/61791/3763779/Crimson_Tide_Invitational/Long-Jump,TFRRS all_performances
"Green, Trentorria",Florida State,ACC,Long Jump,2019,1,,,5.83,m,Beach Invitational,2019-04-19,,,1.0,Outdoor,https://www.tfrrs.org/results/62051/3791683/Beach_Invitational/Long-Jump,TFRRS all_performances
"Petrokaite, Jogaile",Florida State,ACC,Long Jump,2019,4,,,6.29,m,Beach Invitational,2019-04-19,,,1.7,Outdoor,https://www.tfrrs.org/results/62051/3791683/Beach_Invitational/Long-Jump,TFRRS all_performances
"Sow, Rougui",Florida State,ACC,Long Jump,2019,4,,,6.33,m,Beach Invitational,2019-04-19,,,0.7,Outdoor,https://www.tfrrs.org/results/62051/3791683/Beach_Invitational/Long-Jump,TFRRS all_performances
"Green, Trentorria",Florida State,ACC,Long Jump,2019,1,,,5.62,m,UF Tom Jones Memorial,2019-04-26,,,0.8,Outdoor,https://www.tfrrs.org/results/57289/3810336/UF_Tom_Jones_Memorial/Long-Jump,TFRRS all_performances
"Sow, Rougui",Florida State,ACC,Long Jump,2019,4,,,6.26,m,UF Tom Jones Memorial,2019-04-26,,,0.3,Outdoor,https://www.tfrrs.org/results/57289/3810336/UF_Tom_Jones_Memorial/Long-Jump,TFRRS all_performances
"Green, Trentorria",Florida State,ACC,Long Jump,2019,1,,,5.95,m,ACC Championships,2019-05-09,,,0.4,Outdoor,https://www.tfrrs.org/results/62590/3838918/ACC_Championships/Long-Jump,TFRRS all_performances
"Petrokaite, Jogaile",Florida State,ACC,Long Jump,2019,4,,,6.44,m,ACC Championships,2019-05-09,,,0.5,Outdoor,https://www.tfrrs.org/results/62590/3838918/ACC_Championships/Long-Jump,TFRRS all_performances
"Sow, Rougui",Florida State,ACC,Long Jump,2019,4,,,6.48,m,ACC Championships,2019-05-09,,,0.3,Outdoor,https://www.tfrrs.org/results/62590/3838918/ACC_Championships/Long-Jump,TFRRS all_performances
"Petrokaite, Jogaile",Florida State,ACC,Long Jump,2019,4,,,6.30,m,NCAA Division I East Region Preliminary Rounds,2019-05-23,,,0.9,Outdoor,https://www.tfrrs.org/results/62650/3849029/NCAA_Division_I_East_Region_Preliminary_Rounds/Long-Jump,TFRRS all_performances
"Sow, Rougui",Florida State,ACC,Long Jump,2019,4,,,6.19,m,NCAA Division I East Region Preliminary Rounds,2019-05-23,,,0.6,Outdoor,https://www.tfrrs.org/results/62650/3849029/NCAA_Division_I_East_Region_Preliminary_Rounds/Long-Jump,TFRRS all_performances
"Petrokaite, Jogaile",Florida State,ACC,Long Jump,2019,4,,,6.39,m,NCAA Division I Outdoor Track & Field Championships,2019-06-05,,,1.1,Outdoor,https://www.tfrrs.org/results/62668/3850652/NCAA_Division_I_Outdoor_Track__Field_Championships/Long-Jump,TFRRS all_performances
"Sow, Rougui",Florida State,ACC,Long Jump,2019,4,,,6.49,m,NCAA Division I Outdoor Track & Field Championships,2019-06-05,,,0.8,Outdoor,https://www.tfrrs.org/results/62668/3850652/NCAA_Division_I_Outdoor_Track__Field_Championships/Long-Jump,TFRRS all_performances
"Braimah, Yinka",Stanford,ACC,Long Jump,2019,1,,,5.58,m,Stanford Invitational,2019-03-29,,,0.2,Outdoor,https://www.tfrrs.org/results/61171/3721577/Stanford_Invitational/Long-Jump,TFRRS all_performances
"Jones, Allie",Stanford,ACC,Long Jump,2019,1,,,5.35,m,Stanford Invitational,2019-03-29,,,1.7,Outdoor,https://www.tfrrs.org/results/61171/3721577/Stanford_Invitational/Long-Jump,TFRRS all_performances
"Jones, Allie",Stanford,ACC,Long Jump,2019,1,,,5.47,m,Big Meet,2019-04-06,,,0.9,Outdoor,https://www.tfrrs.org/results/60840/3746407/Big_Meet/Long-Jump,TFRRS all_performances
"Small, Aria",Stanford,ACC,Long Jump,2019,2,,,6.00,m,Big Meet,2019-04-06,,,1.8,Outdoor,https://www.tfrrs.org/results/60840/3746407/Big_Meet/Long-Jump,TFRRS all_performances
"Jones, Allie",Stanford,ACC,Long Jump,2019,1,,,5.67,m,Bryan Clay Invitational,2019-04-17,,,1.4,Outdoor,https://www.tfrrs.org/results/58368/3818691/Bryan_Clay_Invitational/Long-Jump,TFRRS all_performances
"Braimah, Yinka",Stanford,ACC,Long Jump,2019,1,,,5.36,m,Cardinal Classic,2019-04-19,,,0.7,Outdoor,https://www.tfrrs.org/results/60838/3789588/Cardinal_Classic/Long-Jump,TFRRS all_performances
"Small, Aria",Stanford,ACC,Long Jump,2019,2,,,6.15,m,Cardinal Classic,2019-04-19,,,0.9,Outdoor,https://www.tfrrs.org/results/60838/3789588/Cardinal_Classic/Long-Jump,TFRRS all_performances
"Jones, Allie",Stanford,ACC,Long Jump,2019,1,,,5.11,m,2019 Pac-12 Track & Field Championships,2019-05-04,,,1.9,Outdoor,https://www.tfrrs.org/results/61226/3842857/2019_Pac-12_Track__Field_Championships/Long-Jump,TFRRS all_performances
"Jones, Allie",Stanford,ACC,Long Jump,2019,1,,,5.12,m,2019 Pac-12 Track & Field Championships,2019-05-04,,,-1.2,Outdoor,https://www.tfrrs.org/results/61226/3842482/2019_Pac-12_Track__Field_Championships/Long-Jump,TFRRS all_performances
"Small, Aria",Stanford,ACC,Long Jump,2019,2,,,6.06,m,2019 Pac-12 Track & Field Championships,2019-05-04,,,0.3,Outdoor,https://www.tfrrs.org/results/61226/3842482/2019_Pac-12_Track__Field_Championships/Long-Jump,TFRRS all_performances
"Jones, Allie",Stanford,ACC,Long Jump,2019,1,,,5.11,m,Pac-12 Multis,2019-05-05,Heptathlon,,,Outdoor,https://sidearm.nextgen.sites.s3.us-east-2.amazonaws.com/gostanford.com/documents/2019/6/18/2019_results.pdf,legacy_source_needs_review
"Jones, Allie",Stanford,ACC,Long Jump,2019,1,,,5.12,m,Pac-12 Championships,2019-05-12,Final,29,,Outdoor,https://sidearm.nextgen.sites.s3.us-east-2.amazonaws.com/gostanford.com/documents/2019/6/18/2019_results.pdf,legacy_source_needs_review
"Small, Aria",Stanford,ACC,Long Jump,2019,2,,,5.89,m,NCAA Division I West Region Preliminary Rounds,2019-05-23,,,1.9,Outdoor,https://www.tfrrs.org/results/62651/3849069/NCAA_Division_I_West_Region_Preliminary_Rounds/Long-Jump,TFRRS all_performances
"Barron, Mia",Virginia,ACC,Long Jump,2019,4,,,5.62,m,William & Mary Triangular,2019-03-16,,,1.2,Outdoor,https://www.tfrrs.org/results/57295/3679169/William__Mary_Triangular/Long-Jump,TFRRS all_performances
"McKee, Kelly",Virginia,ACC,Long Jump,2019,4,,,6.05,m,William & Mary Triangular,2019-03-16,,,1.9,Outdoor,https://www.tfrrs.org/results/57295/3679169/William__Mary_Triangular/Long-Jump,TFRRS all_performances
"Rice, Zoe",Virginia,ACC,Long Jump,2019,1,,,5.27,m,William & Mary Triangular,2019-03-16,,,-2.3,Outdoor,https://www.tfrrs.org/results/57295/3679169/William__Mary_Triangular/Long-Jump,TFRRS all_performances
"Abulencia, Mia",Virginia,ACC,Long Jump,2019,1,,,5.31,m,2019 Fred Hardy Invitational,2019-03-29,,,1.2,Outdoor,https://www.tfrrs.org/results/56990/3718507/2019_Fred_Hardy_Invitational/Long-Jump,TFRRS all_performances
"Barron, Mia",Virginia,ACC,Long Jump,2019,4,,,5.75,m,2019 Fred Hardy Invitational,2019-03-29,,,0.8,Outdoor,https://www.tfrrs.org/results/56990/3718507/2019_Fred_Hardy_Invitational/Long-Jump,TFRRS all_performances
"Abulencia, Mia",Virginia,ACC,Long Jump,2019,1,,,5.50,m,"Virginia v. Maryland, Pitt, West Virginia",2019-04-06,,,-0.3,Outdoor,https://www.tfrrs.org/results/61474/3742052/Virginia_v_Maryland_Pitt_West_Virginia/Long-Jump,TFRRS all_performances
"Barron, Mia",Virginia,ACC,Long Jump,2019,4,,,5.84,m,"Virginia v. Maryland, Pitt, West Virginia",2019-04-06,,,0.1,Outdoor,https://www.tfrrs.org/results/61474/3742052/Virginia_v_Maryland_Pitt_West_Virginia/Long-Jump,TFRRS all_performances
"Caldwell, Khyasia",Virginia,ACC,Long Jump,2019,2,,,6.14,m,"Virginia v. Maryland, Pitt, West Virginia",2019-04-06,,,1.2,Outdoor,https://www.tfrrs.org/results/61474/3742052/Virginia_v_Maryland_Pitt_West_Virginia/Long-Jump,TFRRS all_performances
"Rice, Zoe",Virginia,ACC,Long Jump,2019,1,,,5.49,m,"Virginia v. Maryland, Pitt, West Virginia",2019-04-06,,,0.7,Outdoor,https://www.tfrrs.org/results/61474/3742052/Virginia_v_Maryland_Pitt_West_Virginia/Long-Jump,TFRRS all_performances
"Abulencia, Mia",Virginia,ACC,Long Jump,2019,1,,,5.52,m,Virginia Challenge,2019-04-19,,,1.1,Outdoor,https://www.tfrrs.org/results/62071/3792006/Virginia_Challenge/Long-Jump,TFRRS all_performances
"Caldwell, Khyasia",Virginia,ACC,Long Jump,2019,2,,,6.21,m,Virginia Challenge,2019-04-19,,,2.0,Outdoor,https://www.tfrrs.org/results/62071/3791989/Virginia_Challenge/Long-Jump,TFRRS all_performances
"Abulencia, Mia",Virginia,ACC,Long Jump,2019,1,,,5.31,m,Virginia Grand Prix,2019-04-26,,,-0.9,Outdoor,https://www.tfrrs.org/results/62320/3812605/Virginia_Grand_Prix/Long-Jump,TFRRS all_performances
"Barron, Mia",Virginia,ACC,Long Jump,2019,4,,,5.92,m,Virginia Grand Prix,2019-04-26,,,1.4,Outdoor,https://www.tfrrs.org/results/62320/3812583/Virginia_Grand_Prix/Long-Jump,TFRRS all_performances
"Rice, Zoe",Virginia,ACC,Long Jump,2019,1,,,5.30,m,Virginia Grand Prix,2019-04-26,,,0.9,Outdoor,https://www.tfrrs.org/results/62320/3812605/Virginia_Grand_Prix/Long-Jump,TFRRS all_performances
"Abulencia, Mia",Virginia,ACC,Long Jump,2019,1,,,5.60,m,ACC Championships,2019-05-09,,,0.8,Outdoor,https://www.tfrrs.org/results/62590/3838918/ACC_Championships/Long-Jump,TFRRS all_performances
"Barron, Mia",Virginia,ACC,Long Jump,2019,4,,,6.01,m,ACC Championships,2019-05-09,,,-0.1,Outdoor,https://www.tfrrs.org/results/62590/3838918/ACC_Championships/Long-Jump,TFRRS all_performances
"Caldwell, Khyasia",Virginia,ACC,Long Jump,2019,2,,,6.15,m,ACC Championships,2019-05-09,,,0.1,Outdoor,https://www.tfrrs.org/results/62590/3838918/ACC_Championships/Long-Jump,TFRRS all_performances
"Caldwell, Khyasia",Virginia,ACC,Long Jump,2019,2,,,5.78,m,NCAA Division I East Region Preliminary Rounds,2019-05-23,,,0.5,Outdoor,https://www.tfrrs.org/results/62650/3849029/NCAA_Division_I_East_Region_Preliminary_Rounds/Long-Jump,TFRRS all_performances
"Baxter-Game, Judith",Arizona,Big 12,Long Jump,2019,1,,,5.44,m,2019 Willie Williams Classic College,2019-03-15,,,0.7,Outdoor,https://www.tfrrs.org/results/59265/3679528/2019_Willie_Williams_Classic_College/Long-Jump,TFRRS all_performances
"Hawthorne, Chandra",Arizona,Big 12,Long Jump,2019,3,,,5.59,m,2019 Willie Williams Classic College,2019-03-15,,,-0.2,Outdoor,https://www.tfrrs.org/results/59265/3679528/2019_Willie_Williams_Classic_College/Long-Jump,TFRRS all_performances
"Howard, Neysia",Arizona,Big 12,Long Jump,2019,1,,,5.63,m,2019 Willie Williams Classic College,2019-03-15,,,0.6,Outdoor,https://www.tfrrs.org/results/59265/3679528/2019_Willie_Williams_Classic_College/Long-Jump,TFRRS all_performances
"Poirier-Shelton, Tiana",Arizona,Big 12,Long Jump,2019,2,,,5.96,m,2019 Willie Williams Classic College,2019-03-15,,,+0.0,Outdoor,https://www.tfrrs.org/results/59265/3679528/2019_Willie_Williams_Classic_College/Long-Jump,TFRRS all_performances
"Poirier-Shelton, Tiana",Arizona,Big 12,Long Jump,2019,2,,,5.94,m,41st Annual Aztec Invitational,2019-03-22,,,2.0,Outdoor,https://www.tfrrs.org/results/58498/3701063/41st_Annual_Aztec_Invitational/Long-Jump,TFRRS all_performances
"Baxter-Game, Judith",Arizona,Big 12,Long Jump,2019,1,,,5.57,m,Jim Click Shootout,2019-04-06,,,1.3,Outdoor,https://www.tfrrs.org/results/59968/3745332/Jim_Click_Shootout/Long-Jump,TFRRS all_performances
"Hawthorne, Chandra",Arizona,Big 12,Long Jump,2019,3,,,5.75,m,Jim Click Shootout,2019-04-06,,,0.4,Outdoor,https://www.tfrrs.org/results/59968/3745332/Jim_Click_Shootout/Long-Jump,TFRRS all_performances
"Howard, Neysia",Arizona,Big 12,Long Jump,2019,1,,,6.00,m,Jim Click Shootout,2019-04-06,,,1.1,Outdoor,https://www.tfrrs.org/results/59968/3745332/Jim_Click_Shootout/Long-Jump,TFRRS all_performances
"Poirier-Shelton, Tiana",Arizona,Big 12,Long Jump,2019,2,,,5.65,m,Jim Click Shootout,2019-04-06,,,1.4,Outdoor,https://www.tfrrs.org/results/59968/3745332/Jim_Click_Shootout/Long-Jump,TFRRS all_performances
"Sieben, Skylar",Arizona,Big 12,Long Jump,2019,1,,,5.28,m,Jim Click Shootout,2019-04-06,,,0.3,Outdoor,https://www.tfrrs.org/results/59968/3745267/Jim_Click_Shootout/Long-Jump,TFRRS all_performances
"Hawthorne, Chandra",Arizona,Big 12,Long Jump,2019,3,,,5.72,m,Mt. SAC Relays,2019-04-18,,,-2.1,Outdoor,https://www.tfrrs.org/results/62078/3792830/Mt_SAC_Relays/Long-Jump,TFRRS all_performances
"Howard, Neysia",Arizona,Big 12,Long Jump,2019,1,,,5.68,m,Mt. SAC Relays,2019-04-18,,,-2.3,Outdoor,https://www.tfrrs.org/results/62078/3792830/Mt_SAC_Relays/Long-Jump,TFRRS all_performances
"Sieben, Skylar",Arizona,Big 12,Long Jump,2019,1,,,5.39,m,Mt. SAC Relays,2019-04-18,,,-0.2,Outdoor,https://www.tfrrs.org/results/62078/3792830/Mt_SAC_Relays/Long-Jump,TFRRS all_performances
"Baxter-Game, Judith",Arizona,Big 12,Long Jump,2019,1,,,5.63,m,2019 Desert Heat Classic,2019-04-27,,,1.3,Outdoor,https://www.tfrrs.org/results/61602/3813590/2019_Desert_Heat_Classic/Long-Jump,TFRRS all_performances
"Hawthorne, Chandra",Arizona,Big 12,Long Jump,2019,3,,,5.77,m,2019 Desert Heat Classic,2019-04-27,,,+0.0,Outdoor,https://www.tfrrs.org/results/61602/3813590/2019_Desert_Heat_Classic/Long-Jump,TFRRS all_performances
"Howard, Neysia",Arizona,Big 12,Long Jump,2019,1,,,6.01,m,2019 Desert Heat Classic,2019-04-27,,,1.2,Outdoor,https://www.tfrrs.org/results/61602/3813590/2019_Desert_Heat_Classic/Long-Jump,TFRRS all_performances
"Baxter-Game, Judith",Arizona,Big 12,Long Jump,2019,1,,,5.56,m,2019 Pac-12 Track & Field Championships,2019-05-04,,,+0.0,Outdoor,https://www.tfrrs.org/results/61226/3842482/2019_Pac-12_Track__Field_Championships/Long-Jump,TFRRS all_performances
"Hawthorne, Chandra",Arizona,Big 12,Long Jump,2019,3,,,5.57,m,2019 Pac-12 Track & Field Championships,2019-05-04,,,0.2,Outdoor,https://www.tfrrs.org/results/61226/3842482/2019_Pac-12_Track__Field_Championships/Long-Jump,TFRRS all_performances
"Howard, Neysia",Arizona,Big 12,Long Jump,2019,1,,,5.97,m,2019 Pac-12 Track & Field Championships,2019-05-04,,,+0.0,Outdoor,https://www.tfrrs.org/results/61226/3842482/2019_Pac-12_Track__Field_Championships/Long-Jump,TFRRS all_performances
"Poirier-Shelton, Tiana",Arizona,Big 12,Long Jump,2019,2,,,5.54,m,2019 Pac-12 Track & Field Championships,2019-05-04,,,+0.0,Outdoor,https://www.tfrrs.org/results/61226/3842482/2019_Pac-12_Track__Field_Championships/Long-Jump,TFRRS all_performances
"Sieben, Skylar",Arizona,Big 12,Long Jump,2019,1,,,5.26,m,2019 Pac-12 Track & Field Championships,2019-05-04,,,0.4,Outdoor,https://www.tfrrs.org/results/61226/3842482/2019_Pac-12_Track__Field_Championships/Long-Jump,TFRRS all_performances
"Hall, Janice",BYU,Big 12,Long Jump,2019,1,,,5.35,m,UNLV Invitational and Sheila Tarr Multis,2019-03-14,,,1.7,Outdoor,https://www.tfrrs.org/results/57992/3681119/UNLV_Invitational_and_Sheila_Tarr_Multis/Long-Jump,TFRRS all_performances
"Shirley, Lindsay",BYU,Big 12,Long Jump,2019,3,,,5.31,m,UNLV Invitational and Sheila Tarr Multis,2019-03-14,,,2.0,Outdoor,https://www.tfrrs.org/results/57992/3733393/UNLV_Invitational_and_Sheila_Tarr_Multis/Long-Jump,TFRRS all_performances
"Critchfield, Nicole",BYU,Big 12,Long Jump,2019,1,,,4.96,m,2019 Willie Williams Classic College,2019-03-15,,,0.3,Outdoor,https://www.tfrrs.org/results/59265/3679528/2019_Willie_Williams_Classic_College/Long-Jump,TFRRS all_performances
"Gardner, Jaslyn",BYU,Big 12,Long Jump,2019,1,,,5.24,m,2019 Willie Williams Classic College,2019-03-15,,,1.6,Outdoor,https://www.tfrrs.org/results/59265/3679528/2019_Willie_Williams_Classic_College/Long-Jump,TFRRS all_performances
"Critchfield, Nicole",BYU,Big 12,Long Jump,2019,1,,,4.91,m,41st Annual Aztec Open,2019-03-21,,,-0.5,Outdoor,https://www.tfrrs.org/results/58497/3701095/41st_Annual_Aztec_Open/Long-Jump,TFRRS all_performances
"Gardner, Jaslyn",BYU,Big 12,Long Jump,2019,1,,,5.68,m,41st Annual Aztec Open,2019-03-21,,,1.6,Outdoor,https://www.tfrrs.org/results/58497/3701095/41st_Annual_Aztec_Open/Long-Jump,TFRRS all_performances
"Hall, Janice",BYU,Big 12,Long Jump,2019,1,,,5.52,m,41st Annual Aztec Open,2019-03-21,,,1.6,Outdoor,https://www.tfrrs.org/results/58497/3701095/41st_Annual_Aztec_Open/Long-Jump,TFRRS all_performances
"Hall, Janice",BYU,Big 12,Long Jump,2019,1,,,5.14,m,2019 UVU Collegiate Invitational,2019-03-29,,,1.9,Outdoor,https://www.tfrrs.org/results/61144/3726487/2019_UVU_Collegiate_Invitational/Long-Jump,TFRRS all_performances
"Neeley, Olivia",BYU,Big 12,Long Jump,2019,1,,,4.32,m,2019 UVU Collegiate Invitational,2019-03-29,,,+0.0,Outdoor,https://www.tfrrs.org/results/61144/3726487/2019_UVU_Collegiate_Invitational/Long-Jump,TFRRS all_performances
"Hall, Janice",BYU,Big 12,Long Jump,2019,1,,,5.37,m,40th Sun Angel Track Classic,2019-04-05,,,1.3,Outdoor,https://www.tfrrs.org/results/58689/3746649/40th_Sun_Angel_Track_Classic/Long-Jump,TFRRS all_performances
"Gardner, Jaslyn",BYU,Big 12,Long Jump,2019,1,,,5.60,m,Aggie Iinvitational,2019-04-12,,,+0.0,Outdoor,https://www.tfrrs.org/results/57500/3772888/Aggie_Iinvitational/Long-Jump,TFRRS all_performances
"Hall, Janice",BYU,Big 12,Long Jump,2019,1,,,4.98,m,Aggie Iinvitational,2019-04-12,,,0.8,Outdoor,https://www.tfrrs.org/results/57500/3772888/Aggie_Iinvitational/Long-Jump,TFRRS all_performances
"Neeley, Olivia",BYU,Big 12,Long Jump,2019,1,,,4.30,m,Aggie Iinvitational,2019-04-12,,,-0.1,Outdoor,https://www.tfrrs.org/results/57500/3772888/Aggie_Iinvitational/Long-Jump,TFRRS all_performances
"Perry, Kayla",BYU,Big 12,Long Jump,2019,1,,,5.16,m,Aggie Iinvitational,2019-04-12,,,-1.1,Outdoor,https://www.tfrrs.org/results/57500/3772888/Aggie_Iinvitational/Long-Jump,TFRRS all_performances
"Hall, Janice",BYU,Big 12,Long Jump,2019,1,,,5.17,m,Mt. SAC Relays,2019-04-18,,,+0.0,Outdoor,https://www.tfrrs.org/results/62078/3792830/Mt_SAC_Relays/Long-Jump,TFRRS all_performances
"Perry, Kayla",BYU,Big 12,Long Jump,2019,1,,,5.29,m,Mt. SAC Relays,2019-04-18,,,+0.0,Outdoor,https://www.tfrrs.org/results/62078/3792830/Mt_SAC_Relays/Long-Jump,TFRRS all_performances
"Gardner, Jaslyn",BYU,Big 12,Long Jump,2019,1,,,5.58,m,2019 BYU Robison Invitational,2019-04-25,,,1.6,Outdoor,https://www.tfrrs.org/results/62323/3812864/2019_BYU_Robison_Invitational/Long-Jump,TFRRS all_performances
"Hall, Janice",BYU,Big 12,Long Jump,2019,1,,,5.43,m,2019 BYU Robison Invitational,2019-04-25,,,+0.0,Outdoor,https://www.tfrrs.org/results/62323/3812864/2019_BYU_Robison_Invitational/Long-Jump,TFRRS all_performances
"Daley, Megan",Baylor,Big 12,Long Jump,2019,1,,,5.11,m,USC Trojan Invite,2019-03-15,,,1.0,Outdoor,https://www.tfrrs.org/results/60530/3679842/USC_Trojan_Invite/Long-Jump,TFRRS all_performances
"Madlock, Alex",Baylor,Big 12,Long Jump,2019,2,,,5.76,m,USC Trojan Invite,2019-03-15,,,-1.1,Outdoor,https://www.tfrrs.org/results/60530/3679842/USC_Trojan_Invite/Long-Jump,TFRRS all_performances
"Miller, Alyssa",Baylor,Big 12,Long Jump,2019,1,,,5.34,m,USC Trojan Invite,2019-03-15,,,+0.0,Outdoor,https://www.tfrrs.org/results/60530/3679842/USC_Trojan_Invite/Long-Jump,TFRRS all_performances
"Peacock, Tiffani",Baylor,Big 12,Long Jump,2019,2,,,4.88,m,USC Trojan Invite,2019-03-15,,,+0.0,Outdoor,https://www.tfrrs.org/results/60530/3679842/USC_Trojan_Invite/Long-Jump,TFRRS all_performances
"Pettway, Caira",Baylor,Big 12,Long Jump,2019,3,,,5.65,m,USC Trojan Invite,2019-03-15,,,-1.1,Outdoor,https://www.tfrrs.org/results/60530/3679842/USC_Trojan_Invite/Long-Jump,TFRRS all_performances
"Miller, Alyssa",Baylor,Big 12,Long Jump,2019,1,,,3.76,m,Roadrunner Invitational,2019-03-21,,,+0.0,Outdoor,https://www.tfrrs.org/results/59832/3715690/Roadrunner_Invitational/Long-Jump,TFRRS all_performances
"Pettway, Caira",Baylor,Big 12,Long Jump,2019,3,,,5.79,m,Baylor Invitational,2019-03-23,,,1.5,Outdoor,https://www.tfrrs.org/results/59494/3698415/Baylor_Invitational/Long-Jump,TFRRS all_performances
"Peacock, Tiffani",Baylor,Big 12,Long Jump,2019,2,,,5.02,m,Michael Johnson Invitational,2019-04-19,,,1.5,Outdoor,https://www.tfrrs.org/results/59993/3791605/Michael_Johnson_Invitational/Long-Jump,TFRRS all_performances
"Pettway, Caira",Baylor,Big 12,Long Jump,2019,2,,,6.01,m,Michael Johnson Invitational,2019-04-19,,,1.6,Outdoor,https://www.tfrrs.org/results/59993/3791605/Michael_Johnson_Invitational/Long-Jump,TFRRS all_performances
"Miller, Alyssa",Baylor,Big 12,Long Jump,2019,1,,,5.67,m,National Relay Championships,2019-04-26,,,-1.1,Outdoor,https://www.tfrrs.org/results/59967/3809644/National_Relay_Championships/Long-Jump,TFRRS all_performances
"Peacock, Tiffani",Baylor,Big 12,Long Jump,2019,2,,,4.64,m,National Relay Championships,2019-04-26,,,0.6,Outdoor,https://www.tfrrs.org/results/59967/3809644/National_Relay_Championships/Long-Jump,TFRRS all_performances
"Pettway, Caira",Baylor,Big 12,Long Jump,2019,2,,,5.72,m,National Relay Championships,2019-04-26,,,1.5,Outdoor,https://www.tfrrs.org/results/59967/3809644/National_Relay_Championships/Long-Jump,TFRRS all_performances
"Fisher, Jacinta",Baylor,Big 12,Long Jump,2019,3,,,5.63,m,Big 12 Outdoor Track and Field Championships,2019-05-10,,,-0.4,Outdoor,https://www.tfrrs.org/results/62013/3842354/Big_12_Outdoor_Track_and_Field_Championships/Long-Jump,TFRRS all_performances
"Madlock, Alex",Baylor,Big 12,Long Jump,2019,2,,,6.01,m,Big 12 Outdoor Track and Field Championships,2019-05-10,,,-1.2,Outdoor,https://www.tfrrs.org/results/62013/3842354/Big_12_Outdoor_Track_and_Field_Championships/Long-Jump,TFRRS all_performances
"Pettway, Caira",Baylor,Big 12,Long Jump,2019,2,,,5.91,m,Big 12 Outdoor Track and Field Championships,2019-05-10,,,-0.1,Outdoor,https://www.tfrrs.org/results/62013/3842354/Big_12_Outdoor_Track_and_Field_Championships/Long-Jump,TFRRS all_performances
"Bartley, Jalaiya",Iowa State,Big 12,Long Jump,2019,2,,,5.42,m,40th Sun Angel Track Classic,2019-04-05,,,1.4,Outdoor,https://www.tfrrs.org/results/58689/3746649/40th_Sun_Angel_Track_Classic/Long-Jump,TFRRS all_performances
"Furbeck, Ericka",Iowa State,Big 12,Long Jump,2019,1,,,5.66,m,40th Sun Angel Track Classic,2019-04-05,,,0.3,Outdoor,https://www.tfrrs.org/results/58689/3746745/40th_Sun_Angel_Track_Classic/Long-Jump,TFRRS all_performances
"Stindt, Jessie",Iowa State,Big 12,Long Jump,2019,1,,,5.09,m,40th Sun Angel Track Classic,2019-04-05,,,+0.0,Outdoor,https://www.tfrrs.org/results/58689/3746649/40th_Sun_Angel_Track_Classic/Long-Jump,TFRRS all_performances
"Bartley, Jalaiya",Iowa State,Big 12,Long Jump,2019,2,,,5.32,m,War Eagle Invitational 2019,2019-04-19,,,1.6,Outdoor,https://www.tfrrs.org/results/57198/3790584/War_Eagle_Invitational_2019/Long-Jump,TFRRS all_performances
"Furbeck, Ericka",Iowa State,Big 12,Long Jump,2019,1,,,5.28,m,War Eagle Invitational 2019,2019-04-19,,,+0.0,Outdoor,https://www.tfrrs.org/results/57198/3790584/War_Eagle_Invitational_2019/Long-Jump,TFRRS all_performances
"Cole, Chelsey",Texas Tech,Big 12,Long Jump,2019,2,,,5.95,m,Fearless Champion Open,2019-03-22,,,0.5,Outdoor,https://www.tfrrs.org/results/60862/3699908/Fearless_Champion_Open/Long-Jump,TFRRS all_performances
"Evans, Maya",Texas Tech,Big 12,Long Jump,2019,1,,,5.82,m,Fearless Champion Open,2019-03-22,,,1.8,Outdoor,https://www.tfrrs.org/results/60862/3699908/Fearless_Champion_Open/Long-Jump,TFRRS all_performances
"Johnson, Brianna",Texas Tech,Big 12,Long Jump,2019,2,,,5.26,m,Fearless Champion Open,2019-03-22,,,1.4,Outdoor,https://www.tfrrs.org/results/60862/3699908/Fearless_Champion_Open/Long-Jump,TFRRS all_performances
"Murrell, Talajah",Texas Tech,Big 12,Long Jump,2019,4,,,5.58,m,Fearless Champion Open,2019-03-22,,,1.6,Outdoor,https://www.tfrrs.org/results/60862/3699908/Fearless_Champion_Open/Long-Jump,TFRRS all_performances
"Njoku, Rose",Texas Tech,Big 12,Long Jump,2019,3,,,5.71,m,Fearless Champion Open,2019-03-22,,,-0.1,Outdoor,https://www.tfrrs.org/results/60862/3699908/Fearless_Champion_Open/Long-Jump,TFRRS all_performances
"Willams, Tiara",Texas Tech,Big 12,Long Jump,2019,3,,,5.93,m,Fearless Champion Open,2019-03-22,,,1.0,Outdoor,https://www.tfrrs.org/results/60862/3699908/Fearless_Champion_Open/Long-Jump,TFRRS all_performances
"Cole, Chelsey",Texas Tech,Big 12,Long Jump,2019,2,,,5.99,m,2019 92nd Clyde Littlefield Texas Relays,2019-03-27,,,1.6,Outdoor,https://www.tfrrs.org/results/59286/3721772/2019_92nd_Clyde_Littlefield_Texas_Relays/Long-Jump,TFRRS all_performances
"Evans, Maya",Texas Tech,Big 12,Long Jump,2019,1,,,6.04,m,2019 92nd Clyde Littlefield Texas Relays,2019-03-27,,,1.7,Outdoor,https://www.tfrrs.org/results/59286/3721772/2019_92nd_Clyde_Littlefield_Texas_Relays/Long-Jump,TFRRS all_performances
"Walker, Ivy",Texas Tech,Big 12,Long Jump,2019,3,,,6.06,m,2019 92nd Clyde Littlefield Texas Relays,2019-03-27,,,1.7,Outdoor,https://www.tfrrs.org/results/59286/3721772/2019_92nd_Clyde_Littlefield_Texas_Relays/Long-Jump,TFRRS all_performances
"Cole, Chelsey",Texas Tech,Big 12,Long Jump,2019,2,,,6.23,m,The Reveille Meet,2019-04-06,,,1.7,Outdoor,https://www.tfrrs.org/results/61495/3745174/The_Reveille_Meet/Long-Jump,TFRRS all_performances
"Murrell, Talajah",Texas Tech,Big 12,Long Jump,2019,4,,,5.51,m,The Reveille Meet,2019-04-06,,,1.7,Outdoor,https://www.tfrrs.org/results/61495/3745174/The_Reveille_Meet/Long-Jump,TFRRS all_performances
"Njoku, Rose",Texas Tech,Big 12,Long Jump,2019,3,,,5.52,m,Jim Click Shootout,2019-04-06,,,1.2,Outdoor,https://www.tfrrs.org/results/59968/3745267/Jim_Click_Shootout/Long-Jump,TFRRS all_performances
"Willams, Tiara",Texas Tech,Big 12,Long Jump,2019,3,,,5.72,m,Jim Click Shootout,2019-04-06,,,0.5,Outdoor,https://www.tfrrs.org/results/59968/3745267/Jim_Click_Shootout/Long-Jump,TFRRS all_performances
"Evans, Maya",Texas Tech,Big 12,Long Jump,2019,1,,,5.38,m,Michael Johnson Invitational,2019-04-19,,,1.4,Outdoor,https://www.tfrrs.org/results/59993/3791605/Michael_Johnson_Invitational/Long-Jump,TFRRS all_performances
"Murrell, Talajah",Texas Tech,Big 12,Long Jump,2019,4,,,5.64,m,Michael Johnson Invitational,2019-04-19,,,0.8,Outdoor,https://www.tfrrs.org/results/59993/3791605/Michael_Johnson_Invitational/Long-Jump,TFRRS all_performances
"Evans, Maya",Texas Tech,Big 12,Long Jump,2019,1,,,6.16,m,Corky/Crofoot Shootout,2019-04-26,,,1.8,Outdoor,https://www.tfrrs.org/results/62306/3809147/Corky_Crofoot_Shootout/Long-Jump,TFRRS all_performances
"Johnson, Brianna",Texas Tech,Big 12,Long Jump,2019,2,,,5.69,m,Corky/Crofoot Shootout,2019-04-26,,,0.8,Outdoor,https://www.tfrrs.org/results/62306/3809147/Corky_Crofoot_Shootout/Long-Jump,TFRRS all_performances
"Murrell, Talajah",Texas Tech,Big 12,Long Jump,2019,4,,,5.56,m,Corky/Crofoot Shootout,2019-04-26,,,1.8,Outdoor,https://www.tfrrs.org/results/62306/3809147/Corky_Crofoot_Shootout/Long-Jump,TFRRS all_performances
"Willams, Tiara",Texas Tech,Big 12,Long Jump,2019,3,,,5.82,m,Corky/Crofoot Shootout,2019-04-26,,,2.0,Outdoor,https://www.tfrrs.org/results/62306/3809147/Corky_Crofoot_Shootout/Long-Jump,TFRRS all_performances
"Evans, Maya",Texas Tech,Big 12,Long Jump,2019,1,,,5.98,m,TTU Masked Rider Open,2019-05-04,,,1.3,Outdoor,https://www.tfrrs.org/results/62497/3828714/TTU_Masked_Rider_Open/Long-Jump,TFRRS all_performances
"Cole, Chelsey",Texas Tech,Big 12,Long Jump,2019,2,,,5.93,m,Big 12 Outdoor Track and Field Championships,2019-05-10,,,+0.0,Outdoor,https://www.tfrrs.org/results/62013/3842354/Big_12_Outdoor_Track_and_Field_Championships/Long-Jump,TFRRS all_performances
"Evans, Maya",Texas Tech,Big 12,Long Jump,2019,1,,,5.43,m,Big 12 Outdoor Track and Field Championships,2019-05-10,,,0.2,Outdoor,https://www.tfrrs.org/results/62013/3842354/Big_12_Outdoor_Track_and_Field_Championships/Long-Jump,TFRRS all_performances
"Murrell, Talajah",Texas Tech,Big 12,Long Jump,2019,4,,,5.38,m,Big 12 Outdoor Track and Field Championships,2019-05-10,,,-0.4,Outdoor,https://www.tfrrs.org/results/62013/3842354/Big_12_Outdoor_Track_and_Field_Championships/Long-Jump,TFRRS all_performances
"Okoronkwo, Chinne",Texas Tech,Big 12,Long Jump,2019,3,,,6.04,m,Big 12 Outdoor Track and Field Championships,2019-05-10,,,-1.9,Outdoor,https://www.tfrrs.org/results/62013/3842354/Big_12_Outdoor_Track_and_Field_Championships/Long-Jump,TFRRS all_performances
"Walker, Ivy",Texas Tech,Big 12,Long Jump,2019,3,,,5.97,m,Big 12 Outdoor Track and Field Championships,2019-05-10,,,-0.4,Outdoor,https://www.tfrrs.org/results/62013/3842354/Big_12_Outdoor_Track_and_Field_Championships/Long-Jump,TFRRS all_performances
"Cole, Chelsey",Texas Tech,Big 12,Long Jump,2019,2,,,6.07,m,NCAA Division I West Region Preliminary Rounds,2019-05-23,,,0.9,Outdoor,https://www.tfrrs.org/results/62651/3849069/NCAA_Division_I_West_Region_Preliminary_Rounds/Long-Jump,TFRRS all_performances
"Evans, Maya",Texas Tech,Big 12,Long Jump,2019,1,,,5.56,m,NCAA Division I West Region Preliminary Rounds,2019-05-23,,,-0.4,Outdoor,https://www.tfrrs.org/results/62651/3849069/NCAA_Division_I_West_Region_Preliminary_Rounds/Long-Jump,TFRRS all_performances
"Murrell, Talajah",Texas Tech,Big 12,Long Jump,2019,4,,,5.27,m,NCAA Division I West Region Preliminary Rounds,2019-05-23,,,1.3,Outdoor,https://www.tfrrs.org/results/62651/3849069/NCAA_Division_I_West_Region_Preliminary_Rounds/Long-Jump,TFRRS all_performances
"Walker, Ivy",Texas Tech,Big 12,Long Jump,2019,3,,,5.69,m,NCAA Division I West Region Preliminary Rounds,2019-05-23,,,0.2,Outdoor,https://www.tfrrs.org/results/62651/3849069/NCAA_Division_I_West_Region_Preliminary_Rounds/Long-Jump,TFRRS all_performances
"Oliver, Olivia",Illinois,Big Ten,Long Jump,2019,1,,,4.96,m,SIU Bill Cornell Spring Classic,2019-03-22,,,+0.0,Outdoor,https://www.tfrrs.org/results/60263/3698808/SIU_Bill_Cornell_Spring_Classic/Long-Jump,TFRRS all_performances
"Osborne, Camille",Illinois,Big Ten,Long Jump,2019,1,,,5.52,m,SIU Bill Cornell Spring Classic,2019-03-22,,,0.8,Outdoor,https://www.tfrrs.org/results/60263/3698808/SIU_Bill_Cornell_Spring_Classic/Long-Jump,TFRRS all_performances
"Wormack, Wynda",Illinois,Big Ten,Long Jump,2019,2,,,5.17,m,SIU Bill Cornell Spring Classic,2019-03-22,,,1.6,Outdoor,https://www.tfrrs.org/results/60263/3698808/SIU_Bill_Cornell_Spring_Classic/Long-Jump,TFRRS all_performances
"Driver, Briana",Illinois,Big Ten,Long Jump,2019,4,,,5.92,m,Ole Miss Classic,2019-03-30,,,1.5,Outdoor,https://www.tfrrs.org/results/60311/3718686/Ole_Miss_Classic/Long-Jump,TFRRS all_performances
"Rogers, Janile",Illinois,Big Ten,Long Jump,2019,4,,,5.93,m,Ole Miss Classic,2019-03-30,,,1.5,Outdoor,https://www.tfrrs.org/results/60311/3718686/Ole_Miss_Classic/Long-Jump,TFRRS all_performances
"Wormack, Wynda",Illinois,Big Ten,Long Jump,2019,2,,,5.10,m,Ole Miss Classic,2019-03-30,,,1.7,Outdoor,https://www.tfrrs.org/results/60311/3718686/Ole_Miss_Classic/Long-Jump,TFRRS all_performances
"Driver, Briana",Illinois,Big Ten,Long Jump,2019,4,,,5.69,m,The Reveille Meet,2019-04-06,,,1.3,Outdoor,https://www.tfrrs.org/results/61495/3745174/The_Reveille_Meet/Long-Jump,TFRRS all_performances
"Rogers, Janile",Illinois,Big Ten,Long Jump,2019,4,,,6.18,m,The Reveille Meet,2019-04-06,,,1.5,Outdoor,https://www.tfrrs.org/results/61495/3745174/The_Reveille_Meet/Long-Jump,TFRRS all_performances
"Carr, Nya",Illinois,Big Ten,Long Jump,2019,1,,,5.44,m,Illinois Twilight,2019-04-13,,,0.9,Outdoor,https://www.tfrrs.org/results/61249/3770552/Illinois_Twilight/Long-Jump,TFRRS all_performances
"Driver, Briana",Illinois,Big Ten,Long Jump,2019,4,,,5.86,m,Illinois Twilight,2019-04-13,,,0.6,Outdoor,https://www.tfrrs.org/results/61249/3770552/Illinois_Twilight/Long-Jump,TFRRS all_performances
"Oliver, Olivia",Illinois,Big Ten,Long Jump,2019,1,,,5.31,m,Illinois Twilight,2019-04-13,,,0.7,Outdoor,https://www.tfrrs.org/results/61249/3770552/Illinois_Twilight/Long-Jump,TFRRS all_performances
"Osborne, Camille",Illinois,Big Ten,Long Jump,2019,1,,,5.18,m,Illinois Twilight,2019-04-13,,,0.8,Outdoor,https://www.tfrrs.org/results/61249/3770552/Illinois_Twilight/Long-Jump,TFRRS all_performances
"Wormack, Wynda",Illinois,Big Ten,Long Jump,2019,2,,,5.74,m,Illinois Twilight,2019-04-13,,,0.6,Outdoor,https://www.tfrrs.org/results/61249/3770552/Illinois_Twilight/Long-Jump,TFRRS all_performances
"Driver, Briana",Illinois,Big Ten,Long Jump,2019,4,,,5.49,m,War Eagle Invitational 2019,2019-04-19,,,-1.6,Outdoor,https://www.tfrrs.org/results/57198/3790584/War_Eagle_Invitational_2019/Long-Jump,TFRRS all_performances
"Rogers, Janile",Illinois,Big Ten,Long Jump,2019,4,,,5.84,m,War Eagle Invitational 2019,2019-04-19,,,0.1,Outdoor,https://www.tfrrs.org/results/57198/3790584/War_Eagle_Invitational_2019/Long-Jump,TFRRS all_performances
"Wormack, Wynda",Illinois,Big Ten,Long Jump,2019,2,,,5.42,m,War Eagle Invitational 2019,2019-04-19,,,1.4,Outdoor,https://www.tfrrs.org/results/57198/3790584/War_Eagle_Invitational_2019/Long-Jump,TFRRS all_performances
"Rogers, Janile",Illinois,Big Ten,Long Jump,2019,4,,,6.10,m,Drake Relays presented by Hy-Vee,2019-04-24,,,1.9,Outdoor,https://www.tfrrs.org/results/56830/3810821/Drake_Relays_presented_by_Hy-Vee/Long-Jump,TFRRS all_performances
"Oliver, Olivia",Illinois,Big Ten,Long Jump,2019,1,,,5.20,m,2019 Kip Janvrin Open,2019-04-25,,,0.5,Outdoor,https://www.tfrrs.org/results/62304/3808782/2019_Kip_Janvrin_Open/Long-Jump,TFRRS all_performances
"Osborne, Camille",Illinois,Big Ten,Long Jump,2019,1,,,5.23,m,2019 Kip Janvrin Open,2019-04-25,,,1.5,Outdoor,https://www.tfrrs.org/results/62304/3808782/2019_Kip_Janvrin_Open/Long-Jump,TFRRS all_performances
"Wormack, Wynda",Illinois,Big Ten,Long Jump,2019,2,,,5.78,m,2019 Kip Janvrin Open,2019-04-25,,,1.4,Outdoor,https://www.tfrrs.org/results/62304/3808782/2019_Kip_Janvrin_Open/Long-Jump,TFRRS all_performances
"Driver, Briana",Illinois,Big Ten,Long Jump,2019,4,,,5.94,m,Big Ten Championships,2019-05-10,,,1.6,Outdoor,https://www.tfrrs.org/results/62601/3841982/Big_Ten_Championships/Long-Jump,TFRRS all_performances
"Osborne, Camille",Illinois,Big Ten,Long Jump,2019,1,,,5.19,m,Big Ten Championships,2019-05-10,,,0.3,Outdoor,https://www.tfrrs.org/results/62601/3841982/Big_Ten_Championships/Long-Jump,TFRRS all_performances
"Rogers, Janile",Illinois,Big Ten,Long Jump,2019,4,,,6.13,m,Big Ten Championships,2019-05-10,,,0.6,Outdoor,https://www.tfrrs.org/results/62601/3841982/Big_Ten_Championships/Long-Jump,TFRRS all_performances
"Wormack, Wynda",Illinois,Big Ten,Long Jump,2019,2,,,5.42,m,Big Ten Championships,2019-05-10,,,-1.6,Outdoor,https://www.tfrrs.org/results/62601/3841982/Big_Ten_Championships/Long-Jump,TFRRS all_performances
"Rogers, Janile",Illinois,Big Ten,Long Jump,2019,4,,,5.86,m,NCAA Division I West Region Preliminary Rounds,2019-05-23,,,-0.8,Outdoor,https://www.tfrrs.org/results/62651/3849069/NCAA_Division_I_West_Region_Preliminary_Rounds/Long-Jump,TFRRS all_performances
"Hobson, Kiara",Nebraska,Big Ten,Long Jump,2019,1,,,5.20,m,Wichita State Herm Wilson Invitational,2019-03-21,,,2.0,Outdoor,https://www.tfrrs.org/results/59821/3698256/Wichita_State_Herm_Wilson_Invitational/Long-Jump,TFRRS all_performances
"Pearson, Zionn",Nebraska,Big Ten,Long Jump,2019,1,,,5.50,m,Wichita State Herm Wilson Invitational,2019-03-21,,,1.7,Outdoor,https://www.tfrrs.org/results/59821/3698256/Wichita_State_Herm_Wilson_Invitational/Long-Jump,TFRRS all_performances
"Riley, Shylia",Nebraska,Big Ten,Long Jump,2019,4,,,5.89,m,2019 92nd Clyde Littlefield Texas Relays,2019-03-27,,,1.8,Outdoor,https://www.tfrrs.org/results/59286/3721686/2019_92nd_Clyde_Littlefield_Texas_Relays/Long-Jump,TFRRS all_performances
"Pearson, Zionn",Nebraska,Big Ten,Long Jump,2019,1,,,5.73,m,Florida Relays,2019-03-28,,,0.1,Outdoor,https://www.tfrrs.org/results/59113/3721179/Florida_Relays/Long-Jump,TFRRS all_performances
"Pearson, Zionn",Nebraska,Big Ten,Long Jump,2019,1,,,5.80,m,2019 Husker Spring Invitational,2019-04-05,,,1.0,Outdoor,https://www.tfrrs.org/results/58201/3742874/2019_Husker_Spring_Invitational/Long-Jump,TFRRS all_performances
"Riley, Shylia",Nebraska,Big Ten,Long Jump,2019,4,,,5.96,m,2019 Husker Spring Invitational,2019-04-05,,,1.5,Outdoor,https://www.tfrrs.org/results/58201/3742874/2019_Husker_Spring_Invitational/Long-Jump,TFRRS all_performances
"Pearson, Zionn",Nebraska,Big Ten,Long Jump,2019,1,,,5.72,m,Crimson Tide Invitational,2019-04-11,,,0.8,Outdoor,https://www.tfrrs.org/results/61791/3763779/Crimson_Tide_Invitational/Long-Jump,TFRRS all_performances
"Turke, Ieva",Nebraska,Big Ten,Long Jump,2019,2,,,5.49,m,Crimson Tide Invitational,2019-04-11,,,-0.8,Outdoor,https://www.tfrrs.org/results/61791/3763779/Crimson_Tide_Invitational/Long-Jump,TFRRS all_performances
"Scholl, Madi",Nebraska,Big Ten,Long Jump,2019,1,,,4.95,m,Kansas Relays,2019-04-17,,,1.6,Outdoor,https://www.tfrrs.org/results/62059/3789865/Kansas_Relays/Long-Jump,TFRRS all_performances
"Lehman, Alicia",Nebraska,Big Ten,Long Jump,2019,1,,,5.21,m,2019 Nebraska Invitational,2019-05-04,,,0.3,Outdoor,https://www.tfrrs.org/results/58202/3828657/2019_Nebraska_Invitational/Long-Jump,TFRRS all_performances
"Pearson, Zionn",Nebraska,Big Ten,Long Jump,2019,1,,,5.59,m,2019 Nebraska Invitational,2019-05-04,,,0.6,Outdoor,https://www.tfrrs.org/results/58202/3828657/2019_Nebraska_Invitational/Long-Jump,TFRRS all_performances
"Riley, Shylia",Nebraska,Big Ten,Long Jump,2019,4,,,6.24,m,2019 Nebraska Invitational,2019-05-04,,,1.3,Outdoor,https://www.tfrrs.org/results/58202/3828657/2019_Nebraska_Invitational/Long-Jump,TFRRS all_performances
"Pearson, Zionn",Nebraska,Big Ten,Long Jump,2019,1,,,5.85,m,Big Ten Championships,2019-05-10,,,1.8,Outdoor,https://www.tfrrs.org/results/62601/3841982/Big_Ten_Championships/Long-Jump,TFRRS all_performances
"Riley, Shylia",Nebraska,Big Ten,Long Jump,2019,4,,,6.17,m,Big Ten Championships,2019-05-10,,,1.6,Outdoor,https://www.tfrrs.org/results/62601/3841982/Big_Ten_Championships/Long-Jump,TFRRS all_performances
"Riley, Shylia",Nebraska,Big Ten,Long Jump,2019,4,,,5.89,m,NCAA Division I West Region Preliminary Rounds,2019-05-23,,,1.0,Outdoor,https://www.tfrrs.org/results/62651/3849069/NCAA_Division_I_West_Region_Preliminary_Rounds/Long-Jump,TFRRS all_performances
"Riley, Shylia",Nebraska,Big Ten,Long Jump,2019,4,,,5.97,m,NCAA Division I Outdoor Track & Field Championships,2019-06-05,,,0.8,Outdoor,https://www.tfrrs.org/results/62668/3850652/NCAA_Division_I_Outdoor_Track__Field_Championships/Long-Jump,TFRRS all_performances
"Ellis, Lexi",Oregon,Big Ten,Long Jump,2019,1,,,5.55,m,41st Annual Aztec Invitational,2019-03-22,,,1.4,Outdoor,https://www.tfrrs.org/results/58498/3701063/41st_Annual_Aztec_Invitational/Long-Jump,TFRRS all_performances
"McCarrell, Keira",Oregon,Big Ten,Long Jump,2019,2,,,5.34,m,41st Annual Aztec Invitational,2019-03-22,,,0.1,Outdoor,https://www.tfrrs.org/results/58498/3701063/41st_Annual_Aztec_Invitational/Long-Jump,TFRRS all_performances
"Sloan, Tori",Oregon,Big Ten,Long Jump,2019,1,,,5.39,m,41st Annual Aztec Invitational,2019-03-22,,,-1.4,Outdoor,https://www.tfrrs.org/results/58498/3701063/41st_Annual_Aztec_Invitational/Long-Jump,TFRRS all_performances
"Cook, Chaquinn",Oregon,Big Ten,Long Jump,2019,4,,,5.72,m,40th Sun Angel Track Classic,2019-04-05,,,+0.0,Outdoor,https://www.tfrrs.org/results/58689/3746745/40th_Sun_Angel_Track_Classic/Long-Jump,TFRRS all_performances
"McCarrell, Keira",Oregon,Big Ten,Long Jump,2019,2,,,5.42,m,40th Sun Angel Track Classic,2019-04-05,,,+0.0,Outdoor,https://www.tfrrs.org/results/58689/3746649/40th_Sun_Angel_Track_Classic/Long-Jump,TFRRS all_performances
"Sloan, Tori",Oregon,Big Ten,Long Jump,2019,1,,,5.47,m,40th Sun Angel Track Classic,2019-04-05,,,-0.7,Outdoor,https://www.tfrrs.org/results/58689/3746649/40th_Sun_Angel_Track_Classic/Long-Jump,TFRRS all_performances
"McCarrell, Keira",Oregon,Big Ten,Long Jump,2019,2,,,5.03,m,Bryan Clay Invitational,2019-04-17,,,1.5,Outdoor,https://www.tfrrs.org/results/58368/3818691/Bryan_Clay_Invitational/Long-Jump,TFRRS all_performances
"Foster, Rhesa",Oregon,Big Ten,Long Jump,2019,3,,,6.35,m,Mt. SAC Relays,2019-04-18,,,1.3,Outdoor,https://www.tfrrs.org/results/62078/3792830/Mt_SAC_Relays/Long-Jump,TFRRS all_performances
"Cook, Chaquinn",Oregon,Big Ten,Long Jump,2019,4,,,5.79,m,2019 Pac-12 Track & Field Championships,2019-05-04,,,+0.0,Outdoor,https://www.tfrrs.org/results/61226/3842482/2019_Pac-12_Track__Field_Championships/Long-Jump,TFRRS all_performances
"Duncan, Brianna",Oregon,Big Ten,Long Jump,2019,3,,,5.87,m,2019 Pac-12 Track & Field Championships,2019-05-04,,,0.5,Outdoor,https://www.tfrrs.org/results/61226/3842482/2019_Pac-12_Track__Field_Championships/Long-Jump,TFRRS all_performances
"Foster, Rhesa",Oregon,Big Ten,Long Jump,2019,3,,,6.29,m,2019 Pac-12 Track & Field Championships,2019-05-04,,,+0.0,Outdoor,https://www.tfrrs.org/results/61226/3842482/2019_Pac-12_Track__Field_Championships/Long-Jump,TFRRS all_performances
"McCarrell, Keira",Oregon,Big Ten,Long Jump,2019,2,,,5.00,m,2019 Pac-12 Track & Field Championships,2019-05-04,,,1.0,Outdoor,https://www.tfrrs.org/results/61226/3842857/2019_Pac-12_Track__Field_Championships/Long-Jump,TFRRS all_performances
"Foster, Rhesa",Oregon,Big Ten,Long Jump,2019,3,,,6.26,m,NCAA Division I West Region Preliminary Rounds,2019-05-23,,,0.8,Outdoor,https://www.tfrrs.org/results/62651/3849069/NCAA_Division_I_West_Region_Preliminary_Rounds/Long-Jump,TFRRS all_performances
"Foster, Rhesa",Oregon,Big Ten,Long Jump,2019,3,,,6.43,m,NCAA Division I Outdoor Track & Field Championships,2019-06-05,,,1.2,Outdoor,https://www.tfrrs.org/results/62668/3850652/NCAA_Division_I_Outdoor_Track__Field_Championships/Long-Jump,TFRRS all_performances
"Jones, Margaux",USC,Big Ten,Long Jump,2019,4,,,6.13,m,USC Trojan Invite,2019-03-15,,,1.0,Outdoor,https://www.tfrrs.org/results/60530/3679842/USC_Trojan_Invite/Long-Jump,TFRRS all_performances
"Thomas, Lanae-Tava",USC,Big Ten,Long Jump,2019,1,,,5.92,m,USC Trojan Invite,2019-03-15,,,+0.0,Outdoor,https://www.tfrrs.org/results/60530/3679842/USC_Trojan_Invite/Long-Jump,TFRRS all_performances
"Jones, Margaux",USC,Big Ten,Long Jump,2019,4,,,5.83,m,Miami Power 5 Trailblazer Challenge,2019-03-23,,,1.3,Outdoor,https://www.tfrrs.org/results/58379/3697718/Miami_Power_5_Trailblazer_Challenge/Long-Jump,TFRRS all_performances
"Thomas, Lanae-Tava",USC,Big Ten,Long Jump,2019,1,,,6.02,m,Miami Power 5 Trailblazer Challenge,2019-03-23,,,0.5,Outdoor,https://www.tfrrs.org/results/58379/3697718/Miami_Power_5_Trailblazer_Challenge/Long-Jump,TFRRS all_performances
"Jones, Margaux",USC,Big Ten,Long Jump,2019,4,,,5.94,m,Jim Click Shootout,2019-04-06,,,0.5,Outdoor,https://www.tfrrs.org/results/59968/3745332/Jim_Click_Shootout/Long-Jump,TFRRS all_performances
"Thomas, Lanae-Tava",USC,Big Ten,Long Jump,2019,1,,,6.07,m,Jim Click Shootout,2019-04-06,,,-1.8,Outdoor,https://www.tfrrs.org/results/59968/3745332/Jim_Click_Shootout/Long-Jump,TFRRS all_performances
"Jones, Margaux",USC,Big Ten,Long Jump,2019,4,,,5.94,m,Mt. SAC Relays,2019-04-18,,,1.8,Outdoor,https://www.tfrrs.org/results/62078/3792830/Mt_SAC_Relays/Long-Jump,TFRRS all_performances
"Thomas, Lanae-Tava",USC,Big Ten,Long Jump,2019,1,,,5.84,m,Mt. SAC Relays,2019-04-18,,,-2.3,Outdoor,https://www.tfrrs.org/results/62078/3792830/Mt_SAC_Relays/Long-Jump,TFRRS all_performances
"Harmon-Thomas, Alexa",USC,Big Ten,Long Jump,2019,4,,,5.50,m,USC vs UCLA,2019-04-27,,,-0.6,Outdoor,https://www.tfrrs.org/results/62337/3815355/USC_vs_UCLA/Long-Jump,TFRRS all_performances
"Jones, Margaux",USC,Big Ten,Long Jump,2019,4,,,5.95,m,USC vs UCLA,2019-04-27,,,0.9,Outdoor,https://www.tfrrs.org/results/62337/3815355/USC_vs_UCLA/Long-Jump,TFRRS all_performances
"Marten, Isabella",USC,Big Ten,Long Jump,2019,4,,,6.09,m,USC vs UCLA,2019-04-27,,,0.8,Outdoor,https://www.tfrrs.org/results/62337/3815355/USC_vs_UCLA/Long-Jump,TFRRS all_performances
"Thomas, Lanae-Tava",USC,Big Ten,Long Jump,2019,1,,,5.92,m,USC vs UCLA,2019-04-27,,,0.8,Outdoor,https://www.tfrrs.org/results/62337/3815355/USC_vs_UCLA/Long-Jump,TFRRS all_performances
"Jones, Margaux",USC,Big Ten,Long Jump,2019,4,,,5.95,m,2019 Pac-12 Track & Field Championships,2019-05-04,,,+0.0,Outdoor,https://www.tfrrs.org/results/61226/3842482/2019_Pac-12_Track__Field_Championships/Long-Jump,TFRRS all_performances
"Marten, Isabella",USC,Big Ten,Long Jump,2019,4,,,5.82,m,2019 Pac-12 Track & Field Championships,2019-05-04,,,-1.1,Outdoor,https://www.tfrrs.org/results/61226/3842482/2019_Pac-12_Track__Field_Championships/Long-Jump,TFRRS all_performances
"Thomas, Lanae-Tava",USC,Big Ten,Long Jump,2019,1,,,5.77,m,2019 Pac-12 Track & Field Championships,2019-05-04,,,0.8,Outdoor,https://www.tfrrs.org/results/61226/3842482/2019_Pac-12_Track__Field_Championships/Long-Jump,TFRRS all_performances
"Jones, Margaux",USC,Big Ten,Long Jump,2019,4,,,5.97,m,NCAA Division I Outdoor Track & Field Championships,2019-06-05,,,0.9,Outdoor,https://www.tfrrs.org/results/62668/3850652/NCAA_Division_I_Outdoor_Track__Field_Championships/Long-Jump,TFRRS all_performances
"Jones-Toutant, Elinor",Washington,Big Ten,Long Jump,2019,3,,,4.67,m,4th Annual Doris Heritage Track Festival,2019-03-16,,,-1.5,Outdoor,https://www.tfrrs.org/results/59760/3681363/4th_Annual_Doris_Heritage_Track_Festival/Long-Jump,TFRRS all_performances
"Heath, Jelani",Washington,Big Ten,Long Jump,2019,2,,,5.73,m,Stanford Invitational,2019-03-29,,,-0.1,Outdoor,https://www.tfrrs.org/results/61171/3721534/Stanford_Invitational/Long-Jump,TFRRS all_performances
"Rusnak, Hannah",Washington,Big Ten,Long Jump,2019,2,,,5.76,m,Stanford Invitational,2019-03-29,,,0.2,Outdoor,https://www.tfrrs.org/results/61171/3721577/Stanford_Invitational/Long-Jump,TFRRS all_performances
"Heath, Jelani",Washington,Big Ten,Long Jump,2019,2,,,5.43,m,UW vs WSU Dual,2019-04-06,,,0.9,Outdoor,https://www.tfrrs.org/results/61138/3747435/UW_vs_WSU_Dual/Long-Jump,TFRRS all_performances
"Rusnak, Hannah",Washington,Big Ten,Long Jump,2019,2,,,5.86,m,UW vs WSU Dual,2019-04-06,,,1.5,Outdoor,https://www.tfrrs.org/results/61138/3747435/UW_vs_WSU_Dual/Long-Jump,TFRRS all_performances
"Jones-Toutant, Elinor",Washington,Big Ten,Long Jump,2019,3,,,5.20,m,Bryan Clay Invitational,2019-04-17,,,+0.0,Outdoor,https://www.tfrrs.org/results/58368/3818677/Bryan_Clay_Invitational/Long-Jump,TFRRS all_performances
"Rusnak, Hannah",Washington,Big Ten,Long Jump,2019,2,,,5.86,m,Bryan Clay Invitational,2019-04-17,,,0.9,Outdoor,https://www.tfrrs.org/results/58368/3818691/Bryan_Clay_Invitational/Long-Jump,TFRRS all_performances
"Heath, Jelani",Washington,Big Ten,Long Jump,2019,2,,,5.86,m,Beach Invitational,2019-04-19,,,0.8,Outdoor,https://www.tfrrs.org/results/62051/3791683/Beach_Invitational/Long-Jump,TFRRS all_performances
"Heath, Jelani",Washington,Big Ten,Long Jump,2019,2,,,5.72,m,2019 Pac-12 Track & Field Championships,2019-05-04,,,+0.0,Outdoor,https://www.tfrrs.org/results/61226/3842482/2019_Pac-12_Track__Field_Championships/Long-Jump,TFRRS all_performances
"Jones-Toutant, Elinor",Washington,Big Ten,Long Jump,2019,3,,,4.88,m,2019 Pac-12 Track & Field Championships,2019-05-04,,,-2.3,Outdoor,https://www.tfrrs.org/results/61226/3842482/2019_Pac-12_Track__Field_Championships/Long-Jump,TFRRS all_performances
"Jones-Toutant, Elinor",Washington,Big Ten,Long Jump,2019,3,,,5.11,m,2019 Pac-12 Track & Field Championships,2019-05-04,,,1.1,Outdoor,https://www.tfrrs.org/results/61226/3842857/2019_Pac-12_Track__Field_Championships/Long-Jump,TFRRS all_performances
"Rusnak, Hannah",Washington,Big Ten,Long Jump,2019,2,,,5.81,m,2019 Pac-12 Track & Field Championships,2019-05-04,,,1.1,Outdoor,https://www.tfrrs.org/results/61226/3842482/2019_Pac-12_Track__Field_Championships/Long-Jump,TFRRS all_performances
"Rusnak, Hannah",Washington,Big Ten,Long Jump,2019,2,,,6.02,m,2019 Pac-12 Track & Field Championships,2019-05-04,,,1.8,Outdoor,https://www.tfrrs.org/results/61226/3842857/2019_Pac-12_Track__Field_Championships/Long-Jump,TFRRS all_performances
"Rusnak, Hannah",Washington,Big Ten,Long Jump,2019,2,,,5.98,m,NCAA Division I Outdoor Track & Field Championships,2019-06-05,,,0.1,Outdoor,https://www.tfrrs.org/results/62668/3851135/NCAA_Division_I_Outdoor_Track__Field_Championships/Long-Jump,TFRRS all_performances
"Destin, Stacey",Alabama,SEC,Long Jump,2019,4,,,5.39,m,Florida Relays,2019-03-28,,,0.5,Outdoor,https://www.tfrrs.org/results/59113/3721179/Florida_Relays/Long-Jump,TFRRS all_performances
"Destin, Stacey",Alabama,SEC,Long Jump,2019,4,,,5.40,m,LSU Battle on the Bayou,2019-04-06,,,1.8,Outdoor,https://www.tfrrs.org/results/57941/3741603/LSU_Battle_on_the_Bayou/Long-Jump,TFRRS all_performances
"Williams, Kiara",Alabama,SEC,Long Jump,2019,4,,,6.08,m,Crimson Tide Invitational,2019-04-11,,,0.2,Outdoor,https://www.tfrrs.org/results/61791/3763779/Crimson_Tide_Invitational/Long-Jump,TFRRS all_performances
"Williams, Kiara",Alabama,SEC,Long Jump,2019,4,,,6.29,m,War Eagle Invitational 2019,2019-04-19,,,1.2,Outdoor,https://www.tfrrs.org/results/57198/3790584/War_Eagle_Invitational_2019/Long-Jump,TFRRS all_performances
"Williams, Kiara",Alabama,SEC,Long Jump,2019,4,,,6.48,m,LSU Invitational,2019-04-27,,,1.4,Outdoor,https://www.tfrrs.org/results/57943/3810026/LSU_Invitational/Long-Jump,TFRRS all_performances
"Williams, Kiara",Alabama,SEC,Long Jump,2019,4,,,6.53,m,SEC Outdoor Track & Field Championships,2019-05-09,,,0.6,Outdoor,https://www.tfrrs.org/results/61797/3840910/SEC_Outdoor_Track__Field_Championships/Long-Jump,TFRRS all_performances
"Williams, Kiara",Alabama,SEC,Long Jump,2019,4,,,6.16,m,NCAA Division I East Region Preliminary Rounds,2019-05-23,,,0.1,Outdoor,https://www.tfrrs.org/results/62650/3849029/NCAA_Division_I_East_Region_Preliminary_Rounds/Long-Jump,TFRRS all_performances
"Williams, Kiara",Alabama,SEC,Long Jump,2019,4,,,6.23,m,NCAA Division I Outdoor Track & Field Championships,2019-06-05,,,0.4,Outdoor,https://www.tfrrs.org/results/62668/3850652/NCAA_Division_I_Outdoor_Track__Field_Championships/Long-Jump,TFRRS all_performances
"David, Yanis",Florida,SEC,Long Jump,2019,4,,,6.36,m,FSU Relays (College),2019-03-22,,,+0.0,Outdoor,https://www.tfrrs.org/results/60843/3696027/FSU_Relays_College/Long-Jump,TFRRS all_performances
"Penn, Kala",Florida,SEC,Long Jump,2019,3,,,6.24,m,FSU Relays (College),2019-03-22,,,1.0,Outdoor,https://www.tfrrs.org/results/60843/3696027/FSU_Relays_College/Long-Jump,TFRRS all_performances
"Penn, Kala",Florida,SEC,Long Jump,2019,3,,,6.20,m,Florida Relays,2019-03-28,,,-1.1,Outdoor,https://www.tfrrs.org/results/59113/3716344/Florida_Relays/Long-Jump,TFRRS all_performances
"David, Yanis",Florida,SEC,Long Jump,2019,4,,,6.40,m,LSU Alumni Gold,2019-04-20,,,1.3,Outdoor,https://www.tfrrs.org/results/57942/3790537/LSU_Alumni_Gold/Long-Jump,TFRRS all_performances
"Froeynes, Amanda",Florida,SEC,Long Jump,2019,2,,,5.74,m,LSU Alumni Gold,2019-04-20,,,1.8,Outdoor,https://www.tfrrs.org/results/57942/3790496/LSU_Alumni_Gold/Long-Jump,TFRRS all_performances
"Penn, Kala",Florida,SEC,Long Jump,2019,3,,,6.01,m,LSU Alumni Gold,2019-04-20,,,1.5,Outdoor,https://www.tfrrs.org/results/57942/3790537/LSU_Alumni_Gold/Long-Jump,TFRRS all_performances
"Froeynes, Amanda",Florida,SEC,Long Jump,2019,2,,,6.08,m,UF Tom Jones Memorial,2019-04-26,,,0.2,Outdoor,https://www.tfrrs.org/results/57289/3810336/UF_Tom_Jones_Memorial/Long-Jump,TFRRS all_performances
"Penn, Kala",Florida,SEC,Long Jump,2019,3,,,6.09,m,UF Tom Jones Memorial,2019-04-26,,,0.7,Outdoor,https://www.tfrrs.org/results/57289/3810336/UF_Tom_Jones_Memorial/Long-Jump,TFRRS all_performances
"David, Yanis",Florida,SEC,Long Jump,2019,4,,,6.65,m,SEC Outdoor Track & Field Championships,2019-05-09,,,1.3,Outdoor,https://www.tfrrs.org/results/61797/3840910/SEC_Outdoor_Track__Field_Championships/Long-Jump,TFRRS all_performances
"Froeynes, Amanda",Florida,SEC,Long Jump,2019,2,,,5.93,m,SEC Outdoor Track & Field Championships,2019-05-09,,,1.7,Outdoor,https://www.tfrrs.org/results/61797/3841780/SEC_Outdoor_Track__Field_Championships/Long-Jump,TFRRS all_performances
"Penn, Kala",Florida,SEC,Long Jump,2019,3,,,6.14,m,SEC Outdoor Track & Field Championships,2019-05-09,,,1.8,Outdoor,https://www.tfrrs.org/results/61797/3840910/SEC_Outdoor_Track__Field_Championships/Long-Jump,TFRRS all_performances
"David, Yanis",Florida,SEC,Long Jump,2019,4,,,6.07,m,NCAA Division I East Region Preliminary Rounds,2019-05-23,,,0.2,Outdoor,https://www.tfrrs.org/results/62650/3849029/NCAA_Division_I_East_Region_Preliminary_Rounds/Long-Jump,TFRRS all_performances
"Froeynes, Amanda",Florida,SEC,Long Jump,2019,2,,,5.91,m,NCAA Division I East Region Preliminary Rounds,2019-05-23,,,0.6,Outdoor,https://www.tfrrs.org/results/62650/3849029/NCAA_Division_I_East_Region_Preliminary_Rounds/Long-Jump,TFRRS all_performances
"Penn, Kala",Florida,SEC,Long Jump,2019,3,,,5.91,m,NCAA Division I East Region Preliminary Rounds,2019-05-23,,,0.1,Outdoor,https://www.tfrrs.org/results/62650/3849029/NCAA_Division_I_East_Region_Preliminary_Rounds/Long-Jump,TFRRS all_performances
"David, Yanis",Florida,SEC,Long Jump,2019,4,,,6.84,m,NCAA Division I Outdoor Track & Field Championships,2019-06-05,,,1.5,Outdoor,https://www.tfrrs.org/results/62668/3850652/NCAA_Division_I_Outdoor_Track__Field_Championships/Long-Jump,TFRRS all_performances
"Froeynes, Amanda",Florida,SEC,Long Jump,2019,2,,,5.90,m,NCAA Division I Outdoor Track & Field Championships,2019-06-05,,,-0.6,Outdoor,https://www.tfrrs.org/results/62668/3851135/NCAA_Division_I_Outdoor_Track__Field_Championships/Long-Jump,TFRRS all_performances
"Lester, Sterling",Georgia,SEC,Long Jump,2019,1,,,5.75,m,Spec Towns Invitational,2019-04-05,,,+0.0,Outdoor,https://www.tfrrs.org/results/61468/3741108/Spec_Towns_Invitational/Long-Jump,TFRRS all_performances
"Marsh, Titiana",Georgia,SEC,Long Jump,2019,1,,,6.04,m,Spec Towns Invitational,2019-04-05,,,0.8,Outdoor,https://www.tfrrs.org/results/61468/3741109/Spec_Towns_Invitational/Long-Jump,TFRRS all_performances
"Whisby, Aliyah",Georgia,SEC,Long Jump,2019,2,,,FOUL,meters,Spec Towns Invitational,2019-04-05,Final,,,Outdoor,https://www.tfrrs.org/athletes/7040094/Georgia/Whisby_Aliyah,legacy_source_needs_review
"Whisby, Aliyah",Georgia,SEC,Long Jump,2019,2,,,6.60,m,Mt. SAC Relays,2019-04-18,,,-0.3,Outdoor,https://www.tfrrs.org/results/62078/3792830/Mt_SAC_Relays/Long-Jump,TFRRS all_performances
"Carothers, Imani",Georgia,SEC,Long Jump,2019,1,,,5.99,m,Torrin Lawrence Memorial,2019-04-26,,,0.6,Outdoor,https://www.tfrrs.org/results/62312/3809714/Torrin_Lawrence_Memorial/Long-Jump,TFRRS all_performances
"Lester, Sterling",Georgia,SEC,Long Jump,2019,1,,,5.88,m,Torrin Lawrence Memorial,2019-04-26,,,0.6,Outdoor,https://www.tfrrs.org/results/62312/3809714/Torrin_Lawrence_Memorial/Long-Jump,TFRRS all_performances
"Marsh, Titiana",Georgia,SEC,Long Jump,2019,1,,,5.99,meters,Torrin Lawrence Memorial,2019-04-26,Final,,5.2,Outdoor,https://www.tfrrs.org/athletes/6997737/Georgia/Marsh_Titiana,legacy_source_needs_review
"Whisby, Aliyah",Georgia,SEC,Long Jump,2019,2,,,6.76,m,Torrin Lawrence Memorial,2019-04-26,,,0.6,Outdoor,https://www.tfrrs.org/results/62312/3809714/Torrin_Lawrence_Memorial/Long-Jump,TFRRS all_performances
"Lester, Sterling",Georgia,SEC,Long Jump,2019,1,,,5.79,m,SEC Outdoor Track & Field Championships,2019-05-09,,,0.3,Outdoor,https://www.tfrrs.org/results/61797/3841780/SEC_Outdoor_Track__Field_Championships/Long-Jump,TFRRS all_performances
"Marsh, Titiana",Georgia,SEC,Long Jump,2019,1,,,6.01,m,SEC Outdoor Track & Field Championships,2019-05-09,,,-1.6,Outdoor,https://www.tfrrs.org/results/61797/3840910/SEC_Outdoor_Track__Field_Championships/Long-Jump,TFRRS all_performances
"Whisby, Aliyah",Georgia,SEC,Long Jump,2019,2,,,6.31,m,SEC Outdoor Track & Field Championships,2019-05-09,,,1.4,Outdoor,https://www.tfrrs.org/results/61797/3840910/SEC_Outdoor_Track__Field_Championships/Long-Jump,TFRRS all_performances
"Whisby, Aliyah",Georgia,SEC,Long Jump,2019,2,,,6.08,m,NCAA Division I East Region Preliminary Rounds,2019-05-23,,,-0.1,Outdoor,https://www.tfrrs.org/results/62650/3849029/NCAA_Division_I_East_Region_Preliminary_Rounds/Long-Jump,TFRRS all_performances
"Lester, Sterling",Georgia,SEC,Long Jump,2019,1,,,5.72,m,NCAA Division I Outdoor Track & Field Championships,2019-06-05,,,0.1,Outdoor,https://www.tfrrs.org/results/62668/3851135/NCAA_Division_I_Outdoor_Track__Field_Championships/Long-Jump,TFRRS all_performances
"Whisby, Aliyah",Georgia,SEC,Long Jump,2019,2,,,6.40,m,NCAA Division I Outdoor Track & Field Championships,2019-06-05,,,0.6,Outdoor,https://www.tfrrs.org/results/62668/3850652/NCAA_Division_I_Outdoor_Track__Field_Championships/Long-Jump,TFRRS all_performances
"Aholou, Tatiana",Kentucky,SEC,Long Jump,2019,1,,,5.71,m,Vanderbilt Black & Gold Invitational,2019-03-22,,,1.1,Outdoor,https://www.tfrrs.org/results/60867/3700619/Vanderbilt_Black__Gold_Invitational/Long-Jump,TFRRS all_performances
"Coombs , Latavia",Kentucky,SEC,Long Jump,2019,4,,,5.59,m,Vanderbilt Black & Gold Invitational,2019-03-22,,,-1.2,Outdoor,https://www.tfrrs.org/results/60867/3700619/Vanderbilt_Black__Gold_Invitational/Long-Jump,TFRRS all_performances
"Coombs , Latavia",Kentucky,SEC,Long Jump,2019,4,,,5.65,m,Florida Relays,2019-03-28,,,+0.0,Outdoor,https://www.tfrrs.org/results/59113/3721179/Florida_Relays/Long-Jump,TFRRS all_performances
"Aholou, Tatiana",Kentucky,SEC,Long Jump,2019,1,,,5.98,m,Tennessee Relays,2019-04-11,,,1.9,Outdoor,https://www.tfrrs.org/results/60654/3767484/Tennessee_Relays/Long-Jump,TFRRS all_performances
"Smith, Zhane",Kentucky,SEC,Long Jump,2019,2,,,6.32,m,Tennessee Relays,2019-04-11,,,2.0,Outdoor,https://www.tfrrs.org/results/60654/3767484/Tennessee_Relays/Long-Jump,TFRRS all_performances
"Aholou, Tatiana",Kentucky,SEC,Long Jump,2019,1,,,5.99,m,Kentucky Track & Field Invitational,2019-04-20,,,0.7,Outdoor,https://www.tfrrs.org/results/57306/3790793/Kentucky_Track__Field_Invitational/Long-Jump,TFRRS all_performances
"Ebwea-Excel, Marie-Josee",Kentucky,SEC,Long Jump,2019,4,,,6.21,m,Kentucky Track & Field Invitational,2019-04-20,,,0.7,Outdoor,https://www.tfrrs.org/results/57306/3790793/Kentucky_Track__Field_Invitational/Long-Jump,TFRRS all_performances
"Smith, Zhane",Kentucky,SEC,Long Jump,2019,2,,,6.12,m,Kentucky Track & Field Invitational,2019-04-20,,,+0.0,Outdoor,https://www.tfrrs.org/results/57306/3790793/Kentucky_Track__Field_Invitational/Long-Jump,TFRRS all_performances
"Aholou, Tatiana",Kentucky,SEC,Long Jump,2019,1,,,6.00,m,Drake Relays presented by Hy-Vee,2019-04-24,,,1.8,Outdoor,https://www.tfrrs.org/results/56830/3810821/Drake_Relays_presented_by_Hy-Vee/Long-Jump,TFRRS all_performances
"Smith, Zhane",Kentucky,SEC,Long Jump,2019,2,,,5.91,m,Drake Relays presented by Hy-Vee,2019-04-24,,,0.8,Outdoor,https://www.tfrrs.org/results/56830/3810821/Drake_Relays_presented_by_Hy-Vee/Long-Jump,TFRRS all_performances
"Aholou, Tatiana",Kentucky,SEC,Long Jump,2019,1,,,6.23,m,SEC Outdoor Track & Field Championships,2019-05-09,,,0.8,Outdoor,https://www.tfrrs.org/results/61797/3840910/SEC_Outdoor_Track__Field_Championships/Long-Jump,TFRRS all_performances
"Ebwea-Excel, Marie-Josee",Kentucky,SEC,Long Jump,2019,4,,,5.72,m,SEC Outdoor Track & Field Championships,2019-05-09,,,1.4,Outdoor,https://www.tfrrs.org/results/61797/3840910/SEC_Outdoor_Track__Field_Championships/Long-Jump,TFRRS all_performances
"Smith, Zhane",Kentucky,SEC,Long Jump,2019,2,,,6.10,m,SEC Outdoor Track & Field Championships,2019-05-09,,,1.7,Outdoor,https://www.tfrrs.org/results/61797/3840910/SEC_Outdoor_Track__Field_Championships/Long-Jump,TFRRS all_performances
"Aholou, Tatiana",Kentucky,SEC,Long Jump,2019,1,,,5.95,m,NCAA Division I East Region Preliminary Rounds,2019-05-23,,,0.2,Outdoor,https://www.tfrrs.org/results/62650/3849029/NCAA_Division_I_East_Region_Preliminary_Rounds/Long-Jump,TFRRS all_performances
"Ebwea-Excel, Marie-Josee",Kentucky,SEC,Long Jump,2019,4,,,5.90,m,NCAA Division I East Region Preliminary Rounds,2019-05-23,,,0.7,Outdoor,https://www.tfrrs.org/results/62650/3849029/NCAA_Division_I_East_Region_Preliminary_Rounds/Long-Jump,TFRRS all_performances
"Smith, Zhane",Kentucky,SEC,Long Jump,2019,2,,,5.93,m,NCAA Division I East Region Preliminary Rounds,2019-05-23,,,0.1,Outdoor,https://www.tfrrs.org/results/62650/3849029/NCAA_Division_I_East_Region_Preliminary_Rounds/Long-Jump,TFRRS all_performances
"Stanley, Makyla",South Carolina,SEC,Long Jump,2019,4,,,5.86,m,Black and Gold Challange,2019-03-15,,,+0.0,Outdoor,https://www.tfrrs.org/results/59243/3679301/Black_and_Gold_Challange/Long-Jump,TFRRS all_performances
"Stanley, Makyla",South Carolina,SEC,Long Jump,2019,4,,,5.77,m,Buccaneer Invitational,2019-03-23,,,1.7,Outdoor,https://www.tfrrs.org/results/58507/3701184/Buccaneer_Invitational/Long-Jump,TFRRS all_performances
"Stanley, Makyla",South Carolina,SEC,Long Jump,2019,4,,,5.99,m,Florida Relays,2019-03-28,,,1.7,Outdoor,https://www.tfrrs.org/results/59113/3721179/Florida_Relays/Long-Jump,TFRRS all_performances
"Stanley, Makyla",South Carolina,SEC,Long Jump,2019,4,,,5.88,m,Spec Towns Invitational,2019-04-05,,,0.3,Outdoor,https://www.tfrrs.org/results/61468/3741109/Spec_Towns_Invitational/Long-Jump,TFRRS all_performances
"Stanley, Makyla",South Carolina,SEC,Long Jump,2019,4,,,5.72,m,USC Open Outdoor,2019-04-20,,,0.6,Outdoor,https://www.tfrrs.org/results/57928/3790274/USC_Open_Outdoor_/Long-Jump,TFRRS all_performances
"Stanley, Makyla",South Carolina,SEC,Long Jump,2019,4,,,5.80,m,125th Penn Relays,2019-04-25,,,0.4,Outdoor,https://www.tfrrs.org/results/62328/3813903/125th_Penn_Relays/Long-Jump,TFRRS all_performances
"Coquillaud-Salomon, Mathilde",South Carolina,SEC,Long Jump,2019,1,,,5.70,m,SEC Outdoor Track & Field Championships,2019-05-09,,,1.3,Outdoor,https://www.tfrrs.org/results/61797/3841780/SEC_Outdoor_Track__Field_Championships/Long-Jump,TFRRS all_performances
"Fields, Jacqueline",USC,Big Ten,Long Jump,2020,2,,,5.15,m,Beach Opener,2020-03-07,,,0.2,Outdoor,https://www.tfrrs.org/results/65783/4002915/Beach_Opener/Long-Jump,TFRRS all_performances
"White, Harleigh",Clemson,ACC,Long Jump,2021,3,,,5.61,m,FSU Relays,2021-03-25,,,1.8,Outdoor,https://www.tfrrs.org/results/68747/4145898/FSU_Relays/Long-Jump,TFRRS all_performances
"Johnston, Caroline",Clemson,ACC,Long Jump,2021,2,,,5.43,m,Pepsi Florida Relays,2021-04-02,,,2.0,Outdoor,https://www.tfrrs.org/results/68395/4166915/Pepsi_Florida_Relays/Long-Jump,TFRRS all_performances
"Johnston, Caroline",Clemson,ACC,Long Jump,2021,2,,,5.81,m,Tennessee Relays,2021-04-08,,,1.1,Outdoor,https://www.tfrrs.org/results/68457/4183712/Tennessee_Relays/Long-Jump,TFRRS all_performances
"Campbell, Areya",Clemson,ACC,Long Jump,2021,1,,,5.22,m,USC Open,2021-04-17,,,+0.0,Outdoor,https://www.tfrrs.org/results/67499/4207828/USC_Open/Long-Jump,TFRRS all_performances
"Johnston, Caroline",Clemson,ACC,Long Jump,2021,2,,,5.58,m,Tennessee Challenge,2021-05-01,,,+0.0,Outdoor,https://www.tfrrs.org/results/69735/4242281/Tennessee_Challenge/Long-Jump,TFRRS all_performances
"Brewer, Anna",Clemson,ACC,Long Jump,2021,2,,,4.61,m,ACC Outdoor Track & Field Championships,2021-05-13,,,1.1,Outdoor,https://www.tfrrs.org/results/69885/4265140/ACC_Outdoor_Track__Field_Championships/Long-Jump,TFRRS all_performances
"Campbell, Areya",Clemson,ACC,Long Jump,2021,1,,,5.51,m,ACC Outdoor Track & Field Championships,2021-05-13,,,1.5,Outdoor,https://www.tfrrs.org/results/69885/4265140/ACC_Outdoor_Track__Field_Championships/Long-Jump,TFRRS all_performances
"Johnston, Caroline",Clemson,ACC,Long Jump,2021,2,,,5.58,m,ACC Outdoor Track & Field Championships,2021-05-13,,,1.8,Outdoor,https://www.tfrrs.org/results/69885/4265142/ACC_Outdoor_Track__Field_Championships/Long-Jump,TFRRS all_performances
"Brown-Soler, Elena",Duke,ACC,Long Jump,2021,4,,,5.92,m,Raleigh Relays,2021-03-25,,,-0.1,Outdoor,https://www.tfrrs.org/results/67406/4148329/Raleigh_Relays/Long-Jump,TFRRS all_performances
"Merritt, Nikki",Duke,ACC,Long Jump,2021,2,,,5.85,m,Raleigh Relays,2021-03-25,,,-1.3,Outdoor,https://www.tfrrs.org/results/67406/4148329/Raleigh_Relays/Long-Jump,TFRRS all_performances
"Brown-Soler, Elena",Duke,ACC,Long Jump,2021,4,,,6.09,m,Virginia Invitational,2021-04-02,,,1.3,Outdoor,https://www.tfrrs.org/results/69037/4167640/Virginia_Invitational/Long-Jump,TFRRS all_performances
"Kutzer, Kate",Duke,ACC,Long Jump,2021,3,,,5.55,m,Virginia Invitational,2021-04-02,,,0.5,Outdoor,https://www.tfrrs.org/results/69037/4167640/Virginia_Invitational/Long-Jump,TFRRS all_performances
"Merritt, Nikki",Duke,ACC,Long Jump,2021,2,,,5.79,m,Virginia Invitational,2021-04-02,,,0.4,Outdoor,https://www.tfrrs.org/results/69037/4167640/Virginia_Invitational/Long-Jump,TFRRS all_performances
"Rothwell, Cha'Mia",Duke,ACC,Long Jump,2021,4,,,6.38,m,Virginia Invitational,2021-04-02,,,0.6,Outdoor,https://www.tfrrs.org/results/69037/4167640/Virginia_Invitational/Long-Jump,TFRRS all_performances
"Smith, Brianna",Duke,ACC,Long Jump,2021,1,,,5.68,m,Virginia Invitational,2021-04-02,,,1.3,Outdoor,https://www.tfrrs.org/results/69037/4167640/Virginia_Invitational/Long-Jump,TFRRS all_performances
"Brown-Soler, Elena",Duke,ACC,Long Jump,2021,4,,,6.10,m,Tobacco Road Challenge,2021-04-09,,,0.8,Outdoor,https://www.tfrrs.org/results/69291/4184859/Tobacco_Road_Challenge/Long-Jump,TFRRS all_performances
"Hughes, Zoe",Duke,ACC,Long Jump,2021,3,,,5.26,m,Tobacco Road Challenge,2021-04-09,,,1.3,Outdoor,https://www.tfrrs.org/results/69291/4192016/Tobacco_Road_Challenge/Long-Jump,TFRRS all_performances
"Kutzer, Kate",Duke,ACC,Long Jump,2021,3,,,5.71,m,Tobacco Road Challenge,2021-04-09,,,1.2,Outdoor,https://www.tfrrs.org/results/69291/4192016/Tobacco_Road_Challenge/Long-Jump,TFRRS all_performances
"Marsh, Erin",Duke,ACC,Long Jump,2021,3,,,5.95,m,Tobacco Road Challenge,2021-04-09,,,1.6,Outdoor,https://www.tfrrs.org/results/69291/4192016/Tobacco_Road_Challenge/Long-Jump,TFRRS all_performances
"Merritt, Nikki",Duke,ACC,Long Jump,2021,2,,,5.99,m,Tobacco Road Challenge,2021-04-09,,,1.4,Outdoor,https://www.tfrrs.org/results/69291/4184859/Tobacco_Road_Challenge/Long-Jump,TFRRS all_performances
"Smith, Brianna",Duke,ACC,Long Jump,2021,1,,,5.71,m,Tobacco Road Challenge,2021-04-09,,,1.4,Outdoor,https://www.tfrrs.org/results/69291/4192016/Tobacco_Road_Challenge/Long-Jump,TFRRS all_performances
"Brown-Soler, Elena",Duke,ACC,Long Jump,2021,4,,,5.82,m,Virginia Challenge,2021-04-16,,,-0.1,Outdoor,https://www.tfrrs.org/results/69581/4206752/Virginia_Challenge/Long-Jump,TFRRS all_performances
"Merritt, Nikki",Duke,ACC,Long Jump,2021,2,,,5.32,m,Virginia Challenge,2021-04-16,,,1.5,Outdoor,https://www.tfrrs.org/results/69581/4206752/Virginia_Challenge/Long-Jump,TFRRS all_performances
"Rothwell, Cha'Mia",Duke,ACC,Long Jump,2021,4,,,6.22,m,Virginia Challenge,2021-04-16,,,1.1,Outdoor,https://www.tfrrs.org/results/69581/4206752/Virginia_Challenge/Long-Jump,TFRRS all_performances
"Brown-Soler, Elena",Duke,ACC,Long Jump,2021,4,,,5.98,m,Duke Twilight,2021-05-03,,,1.7,Outdoor,https://www.tfrrs.org/results/70116/4248661/Duke_Twilight/Long-Jump,TFRRS all_performances
"Hughes, Zoe",Duke,ACC,Long Jump,2021,3,,,6.06,m,Duke Twilight,2021-05-03,,,1.3,Outdoor,https://www.tfrrs.org/results/70116/4248661/Duke_Twilight/Long-Jump,TFRRS all_performances
"Kutzer, Kate",Duke,ACC,Long Jump,2021,3,,,5.49,m,Duke Twilight,2021-05-03,,,1.1,Outdoor,https://www.tfrrs.org/results/70116/4248661/Duke_Twilight/Long-Jump,TFRRS all_performances
"Marsh, Erin",Duke,ACC,Long Jump,2021,3,,,6.06,m,Duke Twilight,2021-05-03,,,1.2,Outdoor,https://www.tfrrs.org/results/70116/4248661/Duke_Twilight/Long-Jump,TFRRS all_performances
"Merritt, Nikki",Duke,ACC,Long Jump,2021,2,,,5.77,m,Duke Twilight,2021-05-03,,,0.7,Outdoor,https://www.tfrrs.org/results/70116/4248661/Duke_Twilight/Long-Jump,TFRRS all_performances
"Rothwell, Cha'Mia",Duke,ACC,Long Jump,2021,4,,,5.69,m,Duke Twilight,2021-05-03,,,1.1,Outdoor,https://www.tfrrs.org/results/70116/4248661/Duke_Twilight/Long-Jump,TFRRS all_performances
"Smith, Brianna",Duke,ACC,Long Jump,2021,1,,,5.55,m,Duke Twilight,2021-05-03,,,0.6,Outdoor,https://www.tfrrs.org/results/70116/4248661/Duke_Twilight/Long-Jump,TFRRS all_performances
"Brown-Soler, Elena",Duke,ACC,Long Jump,2021,4,,,5.73,m,ACC Outdoor Track & Field Championships,2021-05-13,,,-0.3,Outdoor,https://www.tfrrs.org/results/69885/4265142/ACC_Outdoor_Track__Field_Championships/Long-Jump,TFRRS all_performances
"Hughes, Zoe",Duke,ACC,Long Jump,2021,3,,,5.72,m,ACC Outdoor Track & Field Championships,2021-05-13,,,0.1,Outdoor,https://www.tfrrs.org/results/69885/4265140/ACC_Outdoor_Track__Field_Championships/Long-Jump,TFRRS all_performances
"Kutzer, Kate",Duke,ACC,Long Jump,2021,3,,,5.54,m,ACC Outdoor Track & Field Championships,2021-05-13,,,-0.8,Outdoor,https://www.tfrrs.org/results/69885/4265140/ACC_Outdoor_Track__Field_Championships/Long-Jump,TFRRS all_performances
"Marsh, Erin",Duke,ACC,Long Jump,2021,3,,,5.94,m,ACC Outdoor Track & Field Championships,2021-05-13,,,0.8,Outdoor,https://www.tfrrs.org/results/69885/4265140/ACC_Outdoor_Track__Field_Championships/Long-Jump,TFRRS all_performances
"Rothwell, Cha'Mia",Duke,ACC,Long Jump,2021,4,,,6.06,m,ACC Outdoor Track & Field Championships,2021-05-13,,,0.6,Outdoor,https://www.tfrrs.org/results/69885/4265142/ACC_Outdoor_Track__Field_Championships/Long-Jump,TFRRS all_performances
"Smith, Brianna",Duke,ACC,Long Jump,2021,1,,,5.52,m,ACC Outdoor Track & Field Championships,2021-05-13,,,-1.9,Outdoor,https://www.tfrrs.org/results/69885/4265140/ACC_Outdoor_Track__Field_Championships/Long-Jump,TFRRS all_performances
"Brown-Soler, Elena",Duke,ACC,Long Jump,2021,4,,,6.06,m,NCAA Division I East Preliminary Round,2021-05-26,,,1.5,Outdoor,https://www.tfrrs.org/results/70390/4273630/NCAA_Division_I_East_Preliminary_Round/Long-Jump,TFRRS all_performances
"Rothwell, Cha'Mia",Duke,ACC,Long Jump,2021,4,,,5.89,m,NCAA Division I East Preliminary Round,2021-05-26,,,+0.0,Outdoor,https://www.tfrrs.org/results/70390/4273630/NCAA_Division_I_East_Preliminary_Round/Long-Jump,TFRRS all_performances
"Brown-Soler, Elena",Duke,ACC,Long Jump,2021,4,,,6.06,m,NCAA East Regional,2021-05-29,,,,Outdoor,https://s3.us-east-2.amazonaws.com/sidearm.nextgen.sites/goduke.com/documents/2022/1/27/2021_22TFXCMediaGuide.pdf,legacy_source_needs_review
"Rothwell, Cha'Mia",Duke,ACC,Long Jump,2021,4,,,5.89,m,NCAA East Regional,2021-05-29,,,,Outdoor,https://s3.us-east-2.amazonaws.com/sidearm.nextgen.sites/goduke.com/documents/2022/1/27/2021_22TFXCMediaGuide.pdf,legacy_source_needs_review
"Hughes, Zoe",Duke,ACC,Long Jump,2021,3,,,5.88,m,NCAA Division I Track & Field Championships,2021-06-09,,,1.4,Outdoor,https://www.tfrrs.org/results/70445/4276699/NCAA_Division_I_Track__Field_Championships/Long-Jump,TFRRS all_performances
"Marsh, Erin",Duke,ACC,Long Jump,2021,3,,,5.81,m,NCAA Division I Track & Field Championships,2021-06-09,,,1.2,Outdoor,https://www.tfrrs.org/results/70445/4276699/NCAA_Division_I_Track__Field_Championships/Long-Jump,TFRRS all_performances
"Madson, Ella",Florida State,ACC,Long Jump,2021,1,,,5.73,m,FSU Relays,2021-03-25,,,0.4,Outdoor,https://www.tfrrs.org/results/68747/4145898/FSU_Relays/Long-Jump,TFRRS all_performances
"Sutton, Alonie",Florida State,ACC,Long Jump,2021,4,,,6.27,m,FSU Relays,2021-03-25,,,1.8,Outdoor,https://www.tfrrs.org/results/68747/4145898/FSU_Relays/Long-Jump,TFRRS all_performances
"Madson, Ella",Florida State,ACC,Long Jump,2021,1,,,5.55,m,Pepsi Florida Relays,2021-04-02,,,0.8,Outdoor,https://www.tfrrs.org/results/68395/4166915/Pepsi_Florida_Relays/Long-Jump,TFRRS all_performances
"Lasmane, Ruta",Florida State,ACC,Long Jump,2021,1,,,FOUL,mark,UF Tom Jones Invitational,2021-04-16,,,,Outdoor,https://tf.tfrrs.org/athletes/7730606/Florida_State/Ruta_Lasmane,legacy_source_needs_review
"Madson, Ella",Florida State,ACC,Long Jump,2021,1,,,5.55,m,UF Tom Jones Invitational,2021-04-16,,,0.5,Outdoor,https://www.tfrrs.org/results/68975/4206599/UF_Tom_Jones_Invitational/Long-Jump,TFRRS all_performances
"Sutton, Alonie",Florida State,ACC,Long Jump,2021,4,,,6.13,m,UF Tom Jones Invitational,2021-04-16,,,1.7,Outdoor,https://www.tfrrs.org/results/68975/4206599/UF_Tom_Jones_Invitational/Long-Jump,TFRRS all_performances
"Lasmane, Ruta",Florida State,ACC,Long Jump,2021,1,,,6.09,m,North Florida Invite,2021-04-29,,,-0.4,Outdoor,https://www.tfrrs.org/results/66066/4238787/North_Florida_Invite/Long-Jump,TFRRS all_performances
"Sutton, Alonie",Florida State,ACC,Long Jump,2021,4,,,6.17,m,North Florida Invite,2021-04-29,,,0.3,Outdoor,https://www.tfrrs.org/results/66066/4238787/North_Florida_Invite/Long-Jump,TFRRS all_performances
"Lasmane, Ruta",Florida State,ACC,Long Jump,2021,1,,,6.17,m,ACC Outdoor Track & Field Championships,2021-05-13,,,2.0,Outdoor,https://www.tfrrs.org/results/69885/4265142/ACC_Outdoor_Track__Field_Championships/Long-Jump,TFRRS all_performances
"Sutton, Alonie",Florida State,ACC,Long Jump,2021,4,,,6.02,m,ACC Outdoor Track & Field Championships,2021-05-13,,,-1.8,Outdoor,https://www.tfrrs.org/results/69885/4265142/ACC_Outdoor_Track__Field_Championships/Long-Jump,TFRRS all_performances
"Sutton, Alonie",Florida State,ACC,Long Jump,2021,4,,,6.19,m,NCAA Division I East Preliminary Round,2021-05-26,,,0.5,Outdoor,https://www.tfrrs.org/results/70390/4273630/NCAA_Division_I_East_Preliminary_Round/Long-Jump,TFRRS all_performances
"Jones, Allie",Stanford,ACC,Long Jump,2021,2,,,5.42,m,Adams-Klein Combined Events,2021-03-25,,,1.5,Outdoor,https://www.tfrrs.org/results/67512/4146490/Adams-Klein_Combined_Events/Long-Jump,TFRRS all_performances
"Braimah, Yinka",Stanford,ACC,Long Jump,2021,2,,,5.24,m,Stanford Invitational,2021-04-02,,,0.2,Outdoor,https://www.tfrrs.org/results/68221/4169830/Stanford_Invitational/Long-Jump,TFRRS all_performances
"Small, Aria",Stanford,ACC,Long Jump,2021,3,,,5.60,m,Stanford Invitational,2021-04-02,,,1.6,Outdoor,https://www.tfrrs.org/results/68221/4169830/Stanford_Invitational/Long-Jump,TFRRS all_performances
"Braimah, Yinka",Stanford,ACC,Long Jump,2021,2,,,5.48,m,2021 West Coast Classic- Arizona,2021-04-17,,,-0.6,Outdoor,https://www.tfrrs.org/results/68926/4209675/2021_West_Coast_Classic-_Arizona/Long-Jump,TFRRS all_performances
"Jones, Allie",Stanford,ACC,Long Jump,2021,2,,,5.62,m,2021 West Coast Classic- Arizona,2021-04-17,,,1.7,Outdoor,https://www.tfrrs.org/results/68926/4209675/2021_West_Coast_Classic-_Arizona/Long-Jump,TFRRS all_performances
"Jones, Allie",Stanford,ACC,Long Jump,2021,2,,,5.96,m,Oregon Relays,2021-04-23,,,0.9,Outdoor,https://www.tfrrs.org/results/69801/4223040/Oregon_Relays/Long-Jump,TFRRS all_performances
"Jones, Allie",Stanford,ACC,Long Jump,2021,2,,,5.77,m,Cal vs. Stanford Big Meet,2021-05-01,,,1.8,Outdoor,https://www.tfrrs.org/results/70038/4242398/Cal_vs_Stanford_Big_Meet/Long-Jump,TFRRS all_performances
"Small, Aria",Stanford,ACC,Long Jump,2021,3,,,5.62,m,Cal vs. Stanford Big Meet,2021-05-01,,,1.4,Outdoor,https://www.tfrrs.org/results/70038/4242398/Cal_vs_Stanford_Big_Meet/Long-Jump,TFRRS all_performances
"Braimah, Yinka",Stanford,ACC,Long Jump,2021,2,,,5.48,m,Pac-12 Track & Field Championships,2021-05-14,,,1.1,Outdoor,https://www.tfrrs.org/results/69474/4267094/Pac-12_Track__Field_Championships/Long-Jump,TFRRS all_performances
"Jones, Allie",Stanford,ACC,Long Jump,2021,2,,,5.96,m,Pac-12 Track & Field Championships,2021-05-14,,,1.4,Outdoor,https://www.tfrrs.org/results/69474/4267124/Pac-12_Track__Field_Championships/Long-Jump,TFRRS all_performances
"Jones, Allie",Stanford,ACC,Long Jump,2021,2,,,5.75,m,NCAA Division I Track & Field Championships,2021-06-09,,,0.6,Outdoor,https://www.tfrrs.org/results/70445/4276699/NCAA_Division_I_Track__Field_Championships/Long-Jump,TFRRS all_performances
"Abulencia, Mia",Virginia,ACC,Long Jump,2021,2,,,5.68,m,UVA Opener,2021-03-20,,,0.3,Outdoor,https://www.tfrrs.org/results/68444/4129640/UVA_Opener/Long-Jump,TFRRS all_performances
"Caldwell, Khyasia",Virginia,ACC,Long Jump,2021,2,,,6.26,m,UVA Opener,2021-03-20,,,1.3,Outdoor,https://www.tfrrs.org/results/68444/4129640/UVA_Opener/Long-Jump,TFRRS all_performances
"Zeni, Tara",Virginia,ACC,Long Jump,2021,1,,,5.91,m,UVA Opener,2021-03-20,,,1.8,Outdoor,https://www.tfrrs.org/results/68444/4129640/UVA_Opener/Long-Jump,TFRRS all_performances
"Caldwell, Khyasia",Virginia,ACC,Long Jump,2021,2,,,6.08,m,Raleigh Relays,2021-03-25,,,-0.9,Outdoor,https://www.tfrrs.org/results/67406/4148329/Raleigh_Relays/Long-Jump,TFRRS all_performances
"Rice, Zoe",Virginia,ACC,Long Jump,2021,2,,,5.55,m,Raleigh Relays,2021-03-25,,,-0.9,Outdoor,https://www.tfrrs.org/results/67406/4148329/Raleigh_Relays/Long-Jump,TFRRS all_performances
"Seaman, Jada",Virginia,ACC,Long Jump,2021,1,,,6.02,m,Raleigh Relays,2021-03-25,,,-0.8,Outdoor,https://www.tfrrs.org/results/67406/4148329/Raleigh_Relays/Long-Jump,TFRRS all_performances
"Caldwell, Khyasia",Virginia,ACC,Long Jump,2021,2,,,6.06,m,Virginia Invitational,2021-04-02,,,0.7,Outdoor,https://www.tfrrs.org/results/69037/4167640/Virginia_Invitational/Long-Jump,TFRRS all_performances
"Rice, Zoe",Virginia,ACC,Long Jump,2021,2,,,5.84,m,Virginia Invitational,2021-04-02,,,1.1,Outdoor,https://www.tfrrs.org/results/69037/4167640/Virginia_Invitational/Long-Jump,TFRRS all_performances
"Saunders, Nadia",Virginia,ACC,Long Jump,2021,1,,,5.35,m,Virginia Invitational,2021-04-02,,,0.7,Outdoor,https://www.tfrrs.org/results/69037/4167640/Virginia_Invitational/Long-Jump,TFRRS all_performances
"Seaman, Jada",Virginia,ACC,Long Jump,2021,1,,,6.13,m,Virginia Invitational,2021-04-02,,,1.1,Outdoor,https://www.tfrrs.org/results/69037/4167640/Virginia_Invitational/Long-Jump,TFRRS all_performances
"Still, Alix",Virginia,ACC,Long Jump,2021,2,,,5.95,m,Virginia Invitational,2021-04-02,,,0.8,Outdoor,https://www.tfrrs.org/results/69037/4167640/Virginia_Invitational/Long-Jump,TFRRS all_performances
"Zeni, Tara",Virginia,ACC,Long Jump,2021,1,,,5.66,m,Virginia Invitational,2021-04-02,,,-0.2,Outdoor,https://www.tfrrs.org/results/69037/4167640/Virginia_Invitational/Long-Jump,TFRRS all_performances
"Abulencia, Mia",Virginia,ACC,Long Jump,2021,2,,,5.54,m,Virginia Challenge,2021-04-16,,,2.0,Outdoor,https://www.tfrrs.org/results/69581/4206752/Virginia_Challenge/Long-Jump,TFRRS all_performances
"Caldwell, Khyasia",Virginia,ACC,Long Jump,2021,2,,,6.23,m,Virginia Challenge,2021-04-16,,,0.1,Outdoor,https://www.tfrrs.org/results/69581/4206752/Virginia_Challenge/Long-Jump,TFRRS all_performances
"Seaman, Jada",Virginia,ACC,Long Jump,2021,1,,,6.26,m,Virginia Challenge,2021-04-16,,,-0.3,Outdoor,https://www.tfrrs.org/results/69581/4206752/Virginia_Challenge/Long-Jump,TFRRS all_performances
"Still, Alix",Virginia,ACC,Long Jump,2021,2,,,5.78,m,Virginia Challenge,2021-04-16,,,0.7,Outdoor,https://www.tfrrs.org/results/69581/4206751/Virginia_Challenge/Long-Jump,TFRRS all_performances
"Zeni, Tara",Virginia,ACC,Long Jump,2021,1,,,4.92,m,Virginia Challenge,2021-04-16,,,0.7,Outdoor,https://www.tfrrs.org/results/69581/4206752/Virginia_Challenge/Long-Jump,TFRRS all_performances
"Abulencia, Mia",Virginia,ACC,Long Jump,2021,2,,,5.82,m,Virginia Grand Prix,2021-05-01,,,-0.2,Outdoor,https://www.tfrrs.org/results/70041/4243924/Virginia_Grand_Prix/Long-Jump,TFRRS all_performances
"Caldwell, Khyasia",Virginia,ACC,Long Jump,2021,2,,,6.23,m,Virginia Grand Prix,2021-05-01,,,0.6,Outdoor,https://www.tfrrs.org/results/70041/4243924/Virginia_Grand_Prix/Long-Jump,TFRRS all_performances
"Rice, Zoe",Virginia,ACC,Long Jump,2021,2,,,5.97,m,Virginia Grand Prix,2021-05-01,,,-0.6,Outdoor,https://www.tfrrs.org/results/70041/4243924/Virginia_Grand_Prix/Long-Jump,TFRRS all_performances
"Seaman, Jada",Virginia,ACC,Long Jump,2021,1,,,5.99,m,Virginia Grand Prix,2021-05-01,,,0.6,Outdoor,https://www.tfrrs.org/results/70041/4243924/Virginia_Grand_Prix/Long-Jump,TFRRS all_performances
"Caldwell, Khyasia",Virginia,ACC,Long Jump,2021,2,,,6.14,m,ACC Outdoor Track & Field Championships,2021-05-13,,,-1.1,Outdoor,https://www.tfrrs.org/results/69885/4265142/ACC_Outdoor_Track__Field_Championships/Long-Jump,TFRRS all_performances
"Rice, Zoe",Virginia,ACC,Long Jump,2021,2,,,5.80,m,ACC Outdoor Track & Field Championships,2021-05-13,,,0.3,Outdoor,https://www.tfrrs.org/results/69885/4265142/ACC_Outdoor_Track__Field_Championships/Long-Jump,TFRRS all_performances
"Seaman, Jada",Virginia,ACC,Long Jump,2021,1,,,6.56,m,ACC Outdoor Track & Field Championships,2021-05-13,,,0.4,Outdoor,https://www.tfrrs.org/results/69885/4265142/ACC_Outdoor_Track__Field_Championships/Long-Jump,TFRRS all_performances
"Still, Alix",Virginia,ACC,Long Jump,2021,2,,,5.54,m,ACC Outdoor Track & Field Championships,2021-05-13,,,0.4,Outdoor,https://www.tfrrs.org/results/69885/4265140/ACC_Outdoor_Track__Field_Championships/Long-Jump,TFRRS all_performances
"Caldwell, Khyasia",Virginia,ACC,Long Jump,2021,2,,,6.26,m,NCAA Division I East Preliminary Round,2021-05-26,,,1.5,Outdoor,https://www.tfrrs.org/results/70390/4273630/NCAA_Division_I_East_Preliminary_Round/Long-Jump,TFRRS all_performances
"Seaman, Jada",Virginia,ACC,Long Jump,2021,1,,,6.23,m,NCAA Division I East Preliminary Round,2021-05-26,,,-0.3,Outdoor,https://www.tfrrs.org/results/70390/4273630/NCAA_Division_I_East_Preliminary_Round/Long-Jump,TFRRS all_performances
"Caldwell, Khyasia",Virginia,ACC,Long Jump,2021,2,,,5.88,m,NCAA Division I Track & Field Championships,2021-06-09,,,0.7,Outdoor,https://www.tfrrs.org/results/70445/4276117/NCAA_Division_I_Track__Field_Championships/Long-Jump,TFRRS all_performances
"Seaman, Jada",Virginia,ACC,Long Jump,2021,1,,,6.36,m,NCAA Division I Track & Field Championships,2021-06-09,,,0.6,Outdoor,https://www.tfrrs.org/results/70445/4276117/NCAA_Division_I_Track__Field_Championships/Long-Jump,TFRRS all_performances
"Poirier-Shelton, Tiana",Arizona,Big 12,Long Jump,2021,3,,,5.82,m,2021 Willie Williams Classic/Dave Murray Distance Carnival,2021-03-19,,,+0.0,Outdoor,https://www.tfrrs.org/results/67898/4129558/2021_Willie_Williams_Classic_Dave_Murray_Distance_Carnival/Long-Jump,TFRRS all_performances
"Holt, Kimarah",Arizona,Big 12,Long Jump,2021,1,,,4.93,m,42nd Aztec Invitational,2021-03-25,,,-1.9,Outdoor,https://www.tfrrs.org/results/67907/4150098/42nd_Aztec_Invitational/Long-Jump,TFRRS all_performances
"Perkins, Rylee",Arizona,Big 12,Long Jump,2021,1,,,5.52,m,42nd Aztec Invitational,2021-03-25,,,-1.2,Outdoor,https://www.tfrrs.org/results/67907/4150098/42nd_Aztec_Invitational/Long-Jump,TFRRS all_performances
"Walls, Abigail",Arizona,Big 12,Long Jump,2021,1,,,4.53,m,42nd Aztec Invitational,2021-03-25,,,-1.1,Outdoor,https://www.tfrrs.org/results/67907/4150098/42nd_Aztec_Invitational/Long-Jump,TFRRS all_performances
"Holt, Kimarah",Arizona,Big 12,Long Jump,2021,1,,,5.97,m,2021 Jim Click Shootout,2021-04-10,,,+0.0,Outdoor,https://www.tfrrs.org/results/68576/4188083/2021_Jim_Click_Shootout/Long-Jump,TFRRS all_performances
"Perkins, Rylee",Arizona,Big 12,Long Jump,2021,1,,,5.71,m,2021 Jim Click Shootout,2021-04-10,,,0.7,Outdoor,https://www.tfrrs.org/results/68576/4188083/2021_Jim_Click_Shootout/Long-Jump,TFRRS all_performances
"Sieben, Skylar",Arizona,Big 12,Long Jump,2021,2,,,5.51,m,2021 Jim Click Shootout,2021-04-10,,,+0.0,Outdoor,https://www.tfrrs.org/results/68576/4217266/2021_Jim_Click_Shootout/Long-Jump,TFRRS all_performances
"Sieben, Skylar",Arizona,Big 12,Long Jump,2021,2,,,5.62,m,2021 Jim Click Shootout,2021-04-10,,,0.7,Outdoor,https://www.tfrrs.org/results/68576/4188083/2021_Jim_Click_Shootout/Long-Jump,TFRRS all_performances
"Walls, Abigail",Arizona,Big 12,Long Jump,2021,1,,,5.60,m,2021 Jim Click Shootout,2021-04-10,,,-1.7,Outdoor,https://www.tfrrs.org/results/68576/4217266/2021_Jim_Click_Shootout/Long-Jump,TFRRS all_performances
"Holt, Kimarah",Arizona,Big 12,Long Jump,2021,1,,,4.98,m,2021 West Coast Classic- Arizona,2021-04-17,,,-1.1,Outdoor,https://www.tfrrs.org/results/68926/4209675/2021_West_Coast_Classic-_Arizona/Long-Jump,TFRRS all_performances
"Perkins, Rylee",Arizona,Big 12,Long Jump,2021,1,,,5.86,m,2021 West Coast Classic- Arizona,2021-04-17,,,1.4,Outdoor,https://www.tfrrs.org/results/68926/4209675/2021_West_Coast_Classic-_Arizona/Long-Jump,TFRRS all_performances
"Poirier-Shelton, Tiana",Arizona,Big 12,Long Jump,2021,3,,,5.76,m,2021 West Coast Classic- Arizona,2021-04-17,,,0.3,Outdoor,https://www.tfrrs.org/results/68926/4209675/2021_West_Coast_Classic-_Arizona/Long-Jump,TFRRS all_performances
"Sieben, Skylar",Arizona,Big 12,Long Jump,2021,2,,,5.73,m,2021 West Coast Classic- Arizona,2021-04-17,,,+0.0,Outdoor,https://www.tfrrs.org/results/68926/4209675/2021_West_Coast_Classic-_Arizona/Long-Jump,TFRRS all_performances
"Walls, Abigail",Arizona,Big 12,Long Jump,2021,1,,,4.81,m,2021 West Coast Classic- Arizona,2021-04-17,,,+0.0,Outdoor,https://www.tfrrs.org/results/68926/4209675/2021_West_Coast_Classic-_Arizona/Long-Jump,TFRRS all_performances
"Holt, Kimarah",Arizona,Big 12,Long Jump,2021,1,,,5.30,m,2021 Desert Heat Classic,2021-05-01,,,0.4,Outdoor,https://www.tfrrs.org/results/69643/4244646/2021_Desert_Heat_Classic/Long-Jump,TFRRS all_performances
"Perkins, Rylee",Arizona,Big 12,Long Jump,2021,1,,,5.70,m,2021 Desert Heat Classic,2021-05-01,,,+0.0,Outdoor,https://www.tfrrs.org/results/69643/4244646/2021_Desert_Heat_Classic/Long-Jump,TFRRS all_performances
"Poirier-Shelton, Tiana",Arizona,Big 12,Long Jump,2021,3,,,6.07,m,2021 Desert Heat Classic,2021-05-01,,,0.4,Outdoor,https://www.tfrrs.org/results/69643/4244646/2021_Desert_Heat_Classic/Long-Jump,TFRRS all_performances
"Walls, Abigail",Arizona,Big 12,Long Jump,2021,1,,,4.85,m,2021 Desert Heat Classic,2021-05-01,,,1.0,Outdoor,https://www.tfrrs.org/results/69643/4244646/2021_Desert_Heat_Classic/Long-Jump,TFRRS all_performances
"Holt, Kimarah",Arizona,Big 12,Long Jump,2021,1,,,5.04,m,Pac-12 Track & Field Championships,2021-05-14,,,+0.0,Outdoor,https://www.tfrrs.org/results/69474/4267094/Pac-12_Track__Field_Championships/Long-Jump,TFRRS all_performances
"Perkins, Rylee",Arizona,Big 12,Long Jump,2021,1,,,5.77,m,Pac-12 Track & Field Championships,2021-05-14,,,1.5,Outdoor,https://www.tfrrs.org/results/69474/4267094/Pac-12_Track__Field_Championships/Long-Jump,TFRRS all_performances
"Poirier-Shelton, Tiana",Arizona,Big 12,Long Jump,2021,3,,,5.60,m,Pac-12 Track & Field Championships,2021-05-14,,,0.1,Outdoor,https://www.tfrrs.org/results/69474/4267094/Pac-12_Track__Field_Championships/Long-Jump,TFRRS all_performances
"Sieben, Skylar",Arizona,Big 12,Long Jump,2021,2,,,5.83,m,Pac-12 Track & Field Championships,2021-05-14,,,-0.6,Outdoor,https://www.tfrrs.org/results/69474/4267124/Pac-12_Track__Field_Championships/Long-Jump,TFRRS all_performances
"Sieben, Skylar",Arizona,Big 12,Long Jump,2021,2,,,5.65,m,NCAA Division I Track & Field Championships,2021-06-09,,,0.4,Outdoor,https://www.tfrrs.org/results/70445/4276699/NCAA_Division_I_Track__Field_Championships/Long-Jump,TFRRS all_performances
"Bird, Cameron",BYU,Big 12,Long Jump,2021,1,,,5.02,m,UNLV Spring Invitational & Sheila Tarr-Smith Multis,2021-03-18,,,0.7,Outdoor,https://www.tfrrs.org/results/68058/4203140/UNLV_Spring_Invitational__Sheila_Tarr-Smith_Multis/Long-Jump,TFRRS all_performances
"Blackmon, Christina",BYU,Big 12,Long Jump,2021,1,,,5.23,m,UNLV Spring Invitational & Sheila Tarr-Smith Multis,2021-03-18,,,+0.0,Outdoor,https://www.tfrrs.org/results/68058/4203140/UNLV_Spring_Invitational__Sheila_Tarr-Smith_Multis/Long-Jump,TFRRS all_performances
"Folsom, Halley",BYU,Big 12,Long Jump,2021,3,,,5.22,m,UNLV Spring Invitational & Sheila Tarr-Smith Multis,2021-03-18,,,+0.0,Outdoor,https://www.tfrrs.org/results/68058/4203140/UNLV_Spring_Invitational__Sheila_Tarr-Smith_Multis/Long-Jump,TFRRS all_performances
"Torgerson, Mayci",BYU,Big 12,Long Jump,2021,1,,,5.55,m,UNLV Spring Invitational & Sheila Tarr-Smith Multis,2021-03-18,,,0.1,Outdoor,https://www.tfrrs.org/results/68058/4203140/UNLV_Spring_Invitational__Sheila_Tarr-Smith_Multis/Long-Jump,TFRRS all_performances
"Andam, Camilla",BYU,Big 12,Long Jump,2021,1,,,5.77,m,2021 UVU Collegiate,2021-04-02,,,-0.2,Outdoor,https://www.tfrrs.org/results/69083/4171592/2021_UVU_Collegiate/Long-Jump,TFRRS all_performances
"Bird, Cameron",BYU,Big 12,Long Jump,2021,1,,,5.26,m,2021 UVU Collegiate,2021-04-02,,,+0.0,Outdoor,https://www.tfrrs.org/results/69083/4171592/2021_UVU_Collegiate/Long-Jump,TFRRS all_performances
"Broin, Erica",BYU,Big 12,Long Jump,2021,1,,,5.10,m,2021 UVU Collegiate,2021-04-02,,,-1.7,Outdoor,https://www.tfrrs.org/results/69083/4171592/2021_UVU_Collegiate/Long-Jump,TFRRS all_performances
"Ford, Lauryn",BYU,Big 12,Long Jump,2021,1,,,5.52,m,2021 UVU Collegiate,2021-04-02,,,1.1,Outdoor,https://www.tfrrs.org/results/69083/4171592/2021_UVU_Collegiate/Long-Jump,TFRRS all_performances
"Johnson, Claire",BYU,Big 12,Long Jump,2021,1,,,4.69,m,2021 UVU Collegiate,2021-04-02,,,+0.0,Outdoor,https://www.tfrrs.org/results/69083/4171592/2021_UVU_Collegiate/Long-Jump,TFRRS all_performances
"Raymond, Taye",BYU,Big 12,Long Jump,2021,1,,,6.10,m,2021 UVU Collegiate,2021-04-02,,,0.4,Outdoor,https://www.tfrrs.org/results/69083/4171592/2021_UVU_Collegiate/Long-Jump,TFRRS all_performances
"Bird, Cameron",BYU,Big 12,Long Jump,2021,1,,,5.33,m,2021 Aggie Invitational,2021-04-09,,,1.4,Outdoor,https://www.tfrrs.org/results/67857/4185187/2021_Aggie_Invitational/Long-Jump,TFRRS all_performances
"Blackmon, Christina",BYU,Big 12,Long Jump,2021,1,,,5.26,m,2021 Aggie Invitational,2021-04-09,,,+0.0,Outdoor,https://www.tfrrs.org/results/67857/4185187/2021_Aggie_Invitational/Long-Jump,TFRRS all_performances
"Ford, Lauryn",BYU,Big 12,Long Jump,2021,1,,,5.28,m,2021 Aggie Invitational,2021-04-09,,,+0.0,Outdoor,https://www.tfrrs.org/results/67857/4185187/2021_Aggie_Invitational/Long-Jump,TFRRS all_performances
"Johnson, Claire",BYU,Big 12,Long Jump,2021,1,,,4.54,m,2021 Aggie Invitational,2021-04-09,,,0.8,Outdoor,https://www.tfrrs.org/results/67857/4185187/2021_Aggie_Invitational/Long-Jump,TFRRS all_performances
"Andam, Camilla",BYU,Big 12,Long Jump,2021,1,,,5.47,m,2021 Jim Click Shootout,2021-04-10,,,1.2,Outdoor,https://www.tfrrs.org/results/68576/4188083/2021_Jim_Click_Shootout/Long-Jump,TFRRS all_performances
"Folsom, Halley",BYU,Big 12,Long Jump,2021,3,,,5.25,m,2021 Jim Click Shootout,2021-04-10,,,-1.0,Outdoor,https://www.tfrrs.org/results/68576/4217266/2021_Jim_Click_Shootout/Long-Jump,TFRRS all_performances
"Raymond, Taye",BYU,Big 12,Long Jump,2021,1,,,6.05,m,2021 Jim Click Shootout,2021-04-10,,,+0.0,Outdoor,https://www.tfrrs.org/results/68576/4188083/2021_Jim_Click_Shootout/Long-Jump,TFRRS all_performances
"Torgerson, Mayci",BYU,Big 12,Long Jump,2021,1,,,5.36,m,2021 Jim Click Shootout,2021-04-10,,,+0.0,Outdoor,https://www.tfrrs.org/results/68576/4217266/2021_Jim_Click_Shootout/Long-Jump,TFRRS all_performances
"Andam, Camilla",BYU,Big 12,Long Jump,2021,1,,,5.16,m,2021 ISU Bengal Invitational,2021-04-16,,,+0.0,Outdoor,https://www.tfrrs.org/results/68301/4207695/2021_ISU_Bengal_Invitational/Long-Jump,TFRRS all_performances
"Ford, Lauryn",BYU,Big 12,Long Jump,2021,1,,,5.75,m,2021 ISU Bengal Invitational,2021-04-16,,,+0.0,Outdoor,https://www.tfrrs.org/results/68301/4207695/2021_ISU_Bengal_Invitational/Long-Jump,TFRRS all_performances
"Andam, Camilla",BYU,Big 12,Long Jump,2021,1,,,5.46,m,2021 BYU Robison Invitational,2021-04-21,,,0.9,Outdoor,https://www.tfrrs.org/results/69827/4228588/2021_BYU_Robison_Invitational/Long-Jump,TFRRS all_performances
"Bird, Cameron",BYU,Big 12,Long Jump,2021,1,,,5.11,m,2021 BYU Robison Invitational,2021-04-21,,,+0.0,Outdoor,https://www.tfrrs.org/results/69827/4258455/2021_BYU_Robison_Invitational/Long-Jump,TFRRS all_performances
"Blackmon, Christina",BYU,Big 12,Long Jump,2021,1,,,5.29,m,2021 BYU Robison Invitational,2021-04-21,,,0.4,Outdoor,https://www.tfrrs.org/results/69827/4258455/2021_BYU_Robison_Invitational/Long-Jump,TFRRS all_performances
"Broin, Erica",BYU,Big 12,Long Jump,2021,1,,,4.77,m,2021 BYU Robison Invitational,2021-04-21,,,2.0,Outdoor,https://www.tfrrs.org/results/69827/4258455/2021_BYU_Robison_Invitational/Long-Jump,TFRRS all_performances
"Ford, Lauryn",BYU,Big 12,Long Jump,2021,1,,,5.26,m,2021 BYU Robison Invitational,2021-04-21,,,-0.1,Outdoor,https://www.tfrrs.org/results/69827/4228588/2021_BYU_Robison_Invitational/Long-Jump,TFRRS all_performances
"Raymond, Taye",BYU,Big 12,Long Jump,2021,1,,,5.87,m,2021 BYU Robison Invitational,2021-04-21,,,1.3,Outdoor,https://www.tfrrs.org/results/69827/4228588/2021_BYU_Robison_Invitational/Long-Jump,TFRRS all_performances
"Torgerson, Mayci",BYU,Big 12,Long Jump,2021,1,,,5.54,m,2021 BYU Robison Invitational,2021-04-21,,,1.1,Outdoor,https://www.tfrrs.org/results/69827/4258455/2021_BYU_Robison_Invitational/Long-Jump,TFRRS all_performances
"Andam, Camilla",BYU,Big 12,Long Jump,2021,1,,,5.46,m,KSU Ward Haylett,2021-05-07,,,0.2,Outdoor,https://www.tfrrs.org/results/69667/4255508/KSU_Ward_Haylett/Long-Jump,TFRRS all_performances
"Ford, Lauryn",BYU,Big 12,Long Jump,2021,1,,,5.50,m,KSU Ward Haylett,2021-05-07,,,2.0,Outdoor,https://www.tfrrs.org/results/69667/4255508/KSU_Ward_Haylett/Long-Jump,TFRRS all_performances
"Raymond, Taye",BYU,Big 12,Long Jump,2021,1,,,5.74,m,KSU Ward Haylett,2021-05-07,,,1.8,Outdoor,https://www.tfrrs.org/results/69667/4255508/KSU_Ward_Haylett/Long-Jump,TFRRS all_performances
"Andam, Camilla",BYU,Big 12,Long Jump,2021,1,,,5.28,m,2021 BYU Cougar Invitational,2021-05-14,,,0.3,Outdoor,https://www.tfrrs.org/results/70274/4264529/2021_BYU_Cougar_Invitational/Long-Jump,TFRRS all_performances
"Bird, Cameron",BYU,Big 12,Long Jump,2021,1,,,5.04,m,2021 BYU Cougar Invitational,2021-05-14,,,0.5,Outdoor,https://www.tfrrs.org/results/70274/4267865/2021_BYU_Cougar_Invitational/Long-Jump,TFRRS all_performances
"Ford, Lauryn",BYU,Big 12,Long Jump,2021,1,,,5.33,m,2021 BYU Cougar Invitational,2021-05-14,,,0.6,Outdoor,https://www.tfrrs.org/results/70274/4264529/2021_BYU_Cougar_Invitational/Long-Jump,TFRRS all_performances
"Raymond, Taye",BYU,Big 12,Long Jump,2021,1,,,5.89,m,2021 BYU Cougar Invitational,2021-05-14,,,1.7,Outdoor,https://www.tfrrs.org/results/70274/4264529/2021_BYU_Cougar_Invitational/Long-Jump,TFRRS all_performances
"Torgerson, Mayci",BYU,Big 12,Long Jump,2021,1,,,5.56,m,2021 BYU Cougar Invitational,2021-05-14,,,-0.3,Outdoor,https://www.tfrrs.org/results/70274/4267865/2021_BYU_Cougar_Invitational/Long-Jump,TFRRS all_performances
"Pettway, Caira",Baylor,Big 12,Long Jump,2021,3,,,6.01,m,UTSA Invitational,2021-03-18,,,-2.2,Outdoor,https://www.tfrrs.org/results/67927/4130729/UTSA_Invitational/Long-Jump,TFRRS all_performances
"Miller, Alyssa",Baylor,Big 12,Long Jump,2021,2,,,5.64,m,93rd Clyde Littlefield Texas Relays,2021-03-25,,,0.9,Outdoor,https://www.tfrrs.org/results/67755/4153621/93rd_Clyde_Littlefield_Texas_Relays/Long-Jump,TFRRS all_performances
"Pettway, Caira",Baylor,Big 12,Long Jump,2021,3,,,6.02,m,93rd Clyde Littlefield Texas Relays,2021-03-25,,,-2.0,Outdoor,https://www.tfrrs.org/results/67755/4149921/93rd_Clyde_Littlefield_Texas_Relays/Long-Jump,TFRRS all_performances
"Daley, Megan",Baylor,Big 12,Long Jump,2021,2,,,4.82,m,Baylor Invitational,2021-04-03,,,0.8,Outdoor,https://www.tfrrs.org/results/67986/4169075/Baylor_Invitational/Long-Jump,TFRRS all_performances
"Madlock, Alex",Baylor,Big 12,Long Jump,2021,3,,,6.13,m,Baylor Invitational,2021-04-03,,,0.1,Outdoor,https://www.tfrrs.org/results/67986/4169075/Baylor_Invitational/Long-Jump,TFRRS all_performances
"Pettway, Caira",Baylor,Big 12,Long Jump,2021,3,,,5.84,m,Baylor Invitational,2021-04-03,,,0.3,Outdoor,https://www.tfrrs.org/results/67986/4169075/Baylor_Invitational/Long-Jump,TFRRS all_performances
"Madlock, Alex",Baylor,Big 12,Long Jump,2021,3,,,5.53,m,LSU Alumni Gold,2021-04-23,,,1.0,Outdoor,https://www.tfrrs.org/results/69204/4225203/LSU_Alumni_Gold/Long-Jump,TFRRS all_performances
"Pettway, Caira",Baylor,Big 12,Long Jump,2021,3,,,6.01,m,LSU Alumni Gold,2021-04-23,,,-2.0,Outdoor,https://www.tfrrs.org/results/69204/4225203/LSU_Alumni_Gold/Long-Jump,TFRRS all_performances
"Fisher, Jacinta",Baylor,Big 12,Long Jump,2021,4,,,5.36,m,Alumni Muster,2021-05-01,,,1.7,Outdoor,https://www.tfrrs.org/results/70045/4244197/Alumni_Muster/Long-Jump,TFRRS all_performances
"Miller, Alyssa",Baylor,Big 12,Long Jump,2021,2,,,5.44,m,Alumni Muster,2021-05-01,,,-0.3,Outdoor,https://www.tfrrs.org/results/70045/4244197/Alumni_Muster/Long-Jump,TFRRS all_performances
"Pettway, Caira",Baylor,Big 12,Long Jump,2021,3,,,5.96,m,Alumni Muster,2021-05-01,,,-0.2,Outdoor,https://www.tfrrs.org/results/70045/4244197/Alumni_Muster/Long-Jump,TFRRS all_performances
"Johnson, Koi",Baylor,Big 12,Long Jump,2021,1,,,5.77,m,Big 12 Championships,2021-05-14,,,-0.1,Outdoor,https://www.tfrrs.org/results/70288/4266368/Big_12_Championships/Long-Jump,TFRRS all_performances
"Madlock, Alex",Baylor,Big 12,Long Jump,2021,3,,,6.30,m,Big 12 Championships,2021-05-14,,,0.4,Outdoor,https://www.tfrrs.org/results/70288/4266368/Big_12_Championships/Long-Jump,TFRRS all_performances
"Miller, Alyssa",Baylor,Big 12,Long Jump,2021,2,,,5.58,m,Big 12 Championships,2021-05-14,,,1.6,Outdoor,https://www.tfrrs.org/results/70288/4266366/Big_12_Championships/Long-Jump,TFRRS all_performances
"Pettway, Caira",Baylor,Big 12,Long Jump,2021,3,,,5.89,m,Big 12 Championships,2021-05-14,,,1.5,Outdoor,https://www.tfrrs.org/results/70288/4266368/Big_12_Championships/Long-Jump,TFRRS all_performances
"Madlock, Alex",Baylor,Big 12,Long Jump,2021,3,,,6.02,m,NCAA Division I Track & Field Championships,2021-06-09,,,0.6,Outdoor,https://www.tfrrs.org/results/70445/4276117/NCAA_Division_I_Track__Field_Championships/Long-Jump,TFRRS all_performances
"Aholou, Tatiana",Iowa State,Big 12,Long Jump,2021,2,,,6.11,m,Pepsi Florida Relays,2021-04-02,,,0.1,Outdoor,https://www.tfrrs.org/results/68395/4166915/Pepsi_Florida_Relays/Long-Jump,TFRRS all_performances
"Furbeck, Erika",Iowa State,Big 12,Long Jump,2021,2,,,5.90,m,Pepsi Florida Relays,2021-04-02,,,1.4,Outdoor,https://www.tfrrs.org/results/68395/4166915/Pepsi_Florida_Relays/Long-Jump,TFRRS all_performances
"Furbeck, Erika",Iowa State,Big 12,Long Jump,2021,2,,,5.50,m,Michael Johnson Invitational,2021-04-16,,,2.0,Outdoor,https://www.tfrrs.org/results/68122/4209457/Michael_Johnson_Invitational/Long-Jump,TFRRS all_performances
"Furbeck, Erika",Iowa State,Big 12,Long Jump,2021,2,,,5.93,m,Big 12 Championships,2021-05-14,,,0.1,Outdoor,https://www.tfrrs.org/results/70288/4266368/Big_12_Championships/Long-Jump,TFRRS all_performances
"Hinton, Kaylee",Texas Tech,Big 12,Long Jump,2021,4,,,5.90,m,93rd Clyde Littlefield Texas Relays,2021-03-25,,,-1.9,Outdoor,https://www.tfrrs.org/results/67755/4149921/93rd_Clyde_Littlefield_Texas_Relays/Long-Jump,TFRRS all_performances
"Kerley, Virginia",Texas Tech,Big 12,Long Jump,2021,3,,,6.20,m,93rd Clyde Littlefield Texas Relays,2021-03-25,,,-2.5,Outdoor,https://www.tfrrs.org/results/67755/4149921/93rd_Clyde_Littlefield_Texas_Relays/Long-Jump,TFRRS all_performances
"Nichols, Monae'",Texas Tech,Big 12,Long Jump,2021,3,,,6.54,m,93rd Clyde Littlefield Texas Relays,2021-03-25,,,1.2,Outdoor,https://www.tfrrs.org/results/67755/4149948/93rd_Clyde_Littlefield_Texas_Relays/Long-Jump,TFRRS all_performances
"Usoro, Ruth",Texas Tech,Big 12,Long Jump,2021,3,,,6.76,m,93rd Clyde Littlefield Texas Relays,2021-03-25,,,0.9,Outdoor,https://www.tfrrs.org/results/67755/4149948/93rd_Clyde_Littlefield_Texas_Relays/Long-Jump,TFRRS all_performances
"Adams, Kennedy",Texas Tech,Big 12,Long Jump,2021,1,,,5.56,m,Baylor Invitational,2021-04-03,,,1.9,Outdoor,https://www.tfrrs.org/results/67986/4169075/Baylor_Invitational/Long-Jump,TFRRS all_performances
"Cole, Chelsey",Texas Tech,Big 12,Long Jump,2021,4,,,5.50,m,Baylor Invitational,2021-04-03,,,1.6,Outdoor,https://www.tfrrs.org/results/67986/4169075/Baylor_Invitational/Long-Jump,TFRRS all_performances
"Hinton, Kaylee",Texas Tech,Big 12,Long Jump,2021,4,,,5.57,m,Baylor Invitational,2021-04-03,,,0.9,Outdoor,https://www.tfrrs.org/results/67986/4169075/Baylor_Invitational/Long-Jump,TFRRS all_performances
"Jones, Callie",Texas Tech,Big 12,Long Jump,2021,3,,,5.75,m,Baylor Invitational,2021-04-03,,,0.7,Outdoor,https://www.tfrrs.org/results/67986/4169075/Baylor_Invitational/Long-Jump,TFRRS all_performances
"Adams, Kennedy",Texas Tech,Big 12,Long Jump,2021,1,,,5.65,m,Masked Rider Open,2021-04-09,,,0.8,Outdoor,https://www.tfrrs.org/results/69306/4187187/Masked_Rider_Open/Long-Jump,TFRRS all_performances
"Cole, Chelsey",Texas Tech,Big 12,Long Jump,2021,4,,,5.88,m,Masked Rider Open,2021-04-09,,,1.4,Outdoor,https://www.tfrrs.org/results/69306/4187187/Masked_Rider_Open/Long-Jump,TFRRS all_performances
"Kerley, Virginia",Texas Tech,Big 12,Long Jump,2021,3,,,6.14,m,Masked Rider Open,2021-04-09,,,1.2,Outdoor,https://www.tfrrs.org/results/69306/4187187/Masked_Rider_Open/Long-Jump,TFRRS all_performances
"Nichols, Monae'",Texas Tech,Big 12,Long Jump,2021,3,,,6.34,m,Masked Rider Open,2021-04-09,,,0.4,Outdoor,https://www.tfrrs.org/results/69306/4187187/Masked_Rider_Open/Long-Jump,TFRRS all_performances
"Usoro, Ruth",Texas Tech,Big 12,Long Jump,2021,3,,,6.61,m,Masked Rider Open,2021-04-09,,,-0.9,Outdoor,https://www.tfrrs.org/results/69306/4187187/Masked_Rider_Open/Long-Jump,TFRRS all_performances
"Hinton, Kaylee",Texas Tech,Big 12,Long Jump,2021,4,,,5.42,m,2021 Jim Click Shootout,2021-04-10,,,+0.0,Outdoor,https://www.tfrrs.org/results/68576/4217266/2021_Jim_Click_Shootout/Long-Jump,TFRRS all_performances
"Jones, Callie",Texas Tech,Big 12,Long Jump,2021,3,,,5.97,m,2021 Jim Click Shootout,2021-04-10,,,-0.2,Outdoor,https://www.tfrrs.org/results/68576/4217266/2021_Jim_Click_Shootout/Long-Jump,TFRRS all_performances
"Adams, Kennedy",Texas Tech,Big 12,Long Jump,2021,1,,,5.78,m,Texas Tech Open,2021-04-23,,,-0.1,Outdoor,https://www.tfrrs.org/results/69830/4226874/Texas_Tech_Open/Long-Jump,TFRRS all_performances
"Cole, Chelsey",Texas Tech,Big 12,Long Jump,2021,3,,,5.74,m,Texas Tech Open,2021-04-23,,,+0.0,Outdoor,https://www.tfrrs.org/results/69830/4226874/Texas_Tech_Open/Long-Jump,TFRRS all_performances
"Hinton, Kaylee",Texas Tech,Big 12,Long Jump,2021,4,,,6.13,m,Texas Tech Open,2021-04-23,,,1.5,Outdoor,https://www.tfrrs.org/results/69830/4226874/Texas_Tech_Open/Long-Jump,TFRRS all_performances
"Kerley, Virginia",Texas Tech,Big 12,Long Jump,2021,3,,,6.05,m,Texas Tech Open,2021-04-23,,,1.0,Outdoor,https://www.tfrrs.org/results/69830/4226874/Texas_Tech_Open/Long-Jump,TFRRS all_performances
"Nichols, Monae'",Texas Tech,Big 12,Long Jump,2021,3,,,6.31,m,Texas Tech Open,2021-04-23,,,+0.0,Outdoor,https://www.tfrrs.org/results/69830/4226874/Texas_Tech_Open/Long-Jump,TFRRS all_performances
"Usoro, Ruth",Texas Tech,Big 12,Long Jump,2021,3,,,6.67,m,Texas Tech Open,2021-04-23,,,0.6,Outdoor,https://www.tfrrs.org/results/69830/4226874/Texas_Tech_Open/Long-Jump,TFRRS all_performances
"Hinton, Kaylee",Texas Tech,Big 12,Long Jump,2021,4,,,6.00,m,Corky/Crofoot Shootout,2021-04-30,,,0.9,Outdoor,https://www.tfrrs.org/results/70044/4246270/Corky_Crofoot_Shootout/Long-Jump,TFRRS all_performances
"Kerley, Virginia",Texas Tech,Big 12,Long Jump,2021,3,,,6.17,m,Corky/Crofoot Shootout,2021-04-30,,,0.8,Outdoor,https://www.tfrrs.org/results/70044/4244108/Corky_Crofoot_Shootout/Long-Jump,TFRRS all_performances
"Nichols, Monae'",Texas Tech,Big 12,Long Jump,2021,3,,,6.14,m,Corky/Crofoot Shootout,2021-04-30,,,+0.0,Outdoor,https://www.tfrrs.org/results/70044/4244108/Corky_Crofoot_Shootout/Long-Jump,TFRRS all_performances
"Cole, Chelsey",Texas Tech,Big 12,Long Jump,2021,3,,,5.73,m,Big 12 Championships,2021-05-14,,,0.5,Outdoor,https://www.tfrrs.org/results/70288/4266368/Big_12_Championships/Long-Jump,TFRRS all_performances
"Hinton, Kaylee",Texas Tech,Big 12,Long Jump,2021,4,,,5.94,m,Big 12 Championships,2021-05-14,,,1.8,Outdoor,https://www.tfrrs.org/results/70288/4266366/Big_12_Championships/Long-Jump,TFRRS all_performances
"Jones, Callie",Texas Tech,Big 12,Long Jump,2021,3,,,5.72,m,Big 12 Championships,2021-05-14,,,0.8,Outdoor,https://www.tfrrs.org/results/70288/4266366/Big_12_Championships/Long-Jump,TFRRS all_performances
"Kerley, Virginia",Texas Tech,Big 12,Long Jump,2021,3,,,6.10,m,Big 12 Championships,2021-05-14,,,0.5,Outdoor,https://www.tfrrs.org/results/70288/4266368/Big_12_Championships/Long-Jump,TFRRS all_performances
"Nichols, Monae'",Texas Tech,Big 12,Long Jump,2021,3,,,6.61,m,Big 12 Championships,2021-05-14,,,1.7,Outdoor,https://www.tfrrs.org/results/70288/4266368/Big_12_Championships/Long-Jump,TFRRS all_performances
"Usoro, Ruth",Texas Tech,Big 12,Long Jump,2021,3,,,6.60,m,Big 12 Championships,2021-05-14,,,1.1,Outdoor,https://www.tfrrs.org/results/70288/4266368/Big_12_Championships/Long-Jump,TFRRS all_performances
"Hinton, Kaylee",Texas Tech,Big 12,Long Jump,2021,4,,,5.84,m,NCAA Division I West Preliminary Round,2021-05-26,,,1.3,Outdoor,https://www.tfrrs.org/results/70371/4272766/NCAA_Division_I_West_Preliminary_Round/Long-Jump,TFRRS all_performances
"Nichols, Monae'",Texas Tech,Big 12,Long Jump,2021,3,,,6.44,m,NCAA Division I West Preliminary Round,2021-05-26,,,1.3,Outdoor,https://www.tfrrs.org/results/70371/4272766/NCAA_Division_I_West_Preliminary_Round/Long-Jump,TFRRS all_performances
"Hinton, Kaylee",Texas Tech,Big 12,Long Jump,2021,4,,,5.48,m,NCAA Division I Track & Field Championships,2021-06-09,,,0.7,Outdoor,https://www.tfrrs.org/results/70445/4276699/NCAA_Division_I_Track__Field_Championships/Long-Jump,TFRRS all_performances
"Jones, Callie",Texas Tech,Big 12,Long Jump,2021,3,,,5.56,m,NCAA Division I Track & Field Championships,2021-06-09,,,0.7,Outdoor,https://www.tfrrs.org/results/70445/4276699/NCAA_Division_I_Track__Field_Championships/Long-Jump,TFRRS all_performances
"Nichols, Monae'",Texas Tech,Big 12,Long Jump,2021,3,,,6.28,m,NCAA Division I Track & Field Championships,2021-06-09,,,0.1,Outdoor,https://www.tfrrs.org/results/70445/4276117/NCAA_Division_I_Track__Field_Championships/Long-Jump,TFRRS all_performances
"Usoro, Ruth",Texas Tech,Big 12,Long Jump,2021,3,,,6.36,m,NCAA Division I Track & Field Championships,2021-06-09,,,0.5,Outdoor,https://www.tfrrs.org/results/70445/4276117/NCAA_Division_I_Track__Field_Championships/Long-Jump,TFRRS all_performances
"Nguyen, Nicole",Illinois,Big Ten,Long Jump,2021,1,,,5.64,m,Big Ten Invite #1,2021-03-26,,,1.5,Outdoor,https://www.tfrrs.org/results/67820/4148904/Big_Ten_Invite_1/Long-Jump,TFRRS all_performances
"Nguyen, Nicole",Illinois,Big Ten,Long Jump,2021,1,,,5.41,m,2021 B1G North Florida Invitational,2021-04-02,,,1.0,Outdoor,https://www.tfrrs.org/results/68310/4169322/2021_B1G_North_Florida_Invitational_/Long-Jump,TFRRS all_performances
"Carr, Nya",Illinois,Big Ten,Long Jump,2021,2,,,5.86,m,Big Ten Invite #2,2021-04-09,,,1.8,Outdoor,https://www.tfrrs.org/results/67821/4183497/Big_Ten_Invite_2/Long-Jump,TFRRS all_performances
"Oliver, Olivia",Illinois,Big Ten,Long Jump,2021,2,,,4.94,m,Big Ten Invite #2,2021-04-09,,,0.5,Outdoor,https://www.tfrrs.org/results/67821/4183497/Big_Ten_Invite_2/Long-Jump,TFRRS all_performances
"Aduma, Amira",Illinois,Big Ten,Long Jump,2021,3,,,5.95,m,Husker Big 10 Invite,2021-04-16,,,+0.0,Outdoor,https://www.tfrrs.org/results/68125/4208811/Husker_Big_10_Invite/Long-Jump,TFRRS all_performances
"Carr, Nya",Illinois,Big Ten,Long Jump,2021,2,,,5.84,m,Husker Big 10 Invite,2021-04-16,,,+0.0,Outdoor,https://www.tfrrs.org/results/68125/4208811/Husker_Big_10_Invite/Long-Jump,TFRRS all_performances
"Franklin, Jessica",Illinois,Big Ten,Long Jump,2021,1,,,5.57,m,Husker Big 10 Invite,2021-04-16,,,0.1,Outdoor,https://www.tfrrs.org/results/68125/4208811/Husker_Big_10_Invite/Long-Jump,TFRRS all_performances
"Osborne, Camille",Illinois,Big Ten,Long Jump,2021,2,,,5.40,m,Husker Big 10 Invite,2021-04-16,,,-0.2,Outdoor,https://www.tfrrs.org/results/68125/4208811/Husker_Big_10_Invite/Long-Jump,TFRRS all_performances
"Carr, Nya",Illinois,Big Ten,Long Jump,2021,2,,,5.42,m,Fighting Illini Big Ten Relays,2021-04-23,,,1.5,Outdoor,https://www.tfrrs.org/results/69823/4225389/Fighting_Illini_Big_Ten_Relays/Long-Jump,TFRRS all_performances
"Franklin, Jessica",Illinois,Big Ten,Long Jump,2021,1,,,5.57,m,Fighting Illini Big Ten Relays,2021-04-23,,,1.8,Outdoor,https://www.tfrrs.org/results/69823/4225394/Fighting_Illini_Big_Ten_Relays/Long-Jump,TFRRS all_performances
"Osborne, Camille",Illinois,Big Ten,Long Jump,2021,2,,,5.22,m,Fighting Illini Big Ten Relays,2021-04-23,,,1.6,Outdoor,https://www.tfrrs.org/results/69823/4225394/Fighting_Illini_Big_Ten_Relays/Long-Jump,TFRRS all_performances
"Aduma, Amira",Illinois,Big Ten,Long Jump,2021,3,,,6.02,m,M City Classic,2021-04-30,,,1.9,Outdoor,https://www.tfrrs.org/results/69500/4241440/M_City_Classic/Long-Jump,TFRRS all_performances
"Nguyen, Nicole",Illinois,Big Ten,Long Jump,2021,1,,,4.98,m,M City Classic,2021-04-30,,,0.1,Outdoor,https://www.tfrrs.org/results/69500/4241440/M_City_Classic/Long-Jump,TFRRS all_performances
"Aduma, Amira",Illinois,Big Ten,Long Jump,2021,3,,,5.92,m,Big Ten Outdoor Track & Field Championships,2021-05-14,,,0.8,Outdoor,https://www.tfrrs.org/results/70289/4266613/Big_Ten_Outdoor_Track__Field_Championships/Long-Jump,TFRRS all_performances
"Carr, Nya",Illinois,Big Ten,Long Jump,2021,2,,,5.67,m,Big Ten Outdoor Track & Field Championships,2021-05-14,,,0.4,Outdoor,https://www.tfrrs.org/results/70289/4266613/Big_Ten_Outdoor_Track__Field_Championships/Long-Jump,TFRRS all_performances
"Franklin, Jessica",Illinois,Big Ten,Long Jump,2021,1,,,5.63,m,Big Ten Outdoor Track & Field Championships,2021-05-14,,,1.5,Outdoor,https://www.tfrrs.org/results/70289/4268591/Big_Ten_Outdoor_Track__Field_Championships/Long-Jump,TFRRS all_performances
"Ilves, Lishanna",Nebraska,Big Ten,Long Jump,2021,1,,,4.84,m,2021 B1G North Florida Invitational,2021-04-02,,,1.4,Outdoor,https://www.tfrrs.org/results/68310/4169329/2021_B1G_North_Florida_Invitational_/Long-Jump,TFRRS all_performances
"Pearson, Zionn",Nebraska,Big Ten,Long Jump,2021,3,,,5.87,m,2021 B1G North Florida Invitational,2021-04-02,,,1.9,Outdoor,https://www.tfrrs.org/results/68310/4169322/2021_B1G_North_Florida_Invitational_/Long-Jump,TFRRS all_performances
"Turke, Ieva",Nebraska,Big Ten,Long Jump,2021,3,,,6.17,m,2021 B1G North Florida Invitational,2021-04-02,,,1.9,Outdoor,https://www.tfrrs.org/results/68310/4169329/2021_B1G_North_Florida_Invitational_/Long-Jump,TFRRS all_performances
"Pearson, Zionn",Nebraska,Big Ten,Long Jump,2021,3,,,6.03,m,Husker Big 10 Invite,2021-04-16,,,0.8,Outdoor,https://www.tfrrs.org/results/68125/4208811/Husker_Big_10_Invite/Long-Jump,TFRRS all_performances
"Thomas, Darby",Nebraska,Big Ten,Long Jump,2021,2,,,6.29,m,Husker Big 10 Invite,2021-04-16,,,+0.0,Outdoor,https://www.tfrrs.org/results/68125/4208811/Husker_Big_10_Invite/Long-Jump,TFRRS all_performances
"Ilves, Lishanna",Nebraska,Big Ten,Long Jump,2021,1,,,6.20,m,Fighting Illini Big Ten Relays,2021-04-23,,,1.3,Outdoor,https://www.tfrrs.org/results/69823/4225389/Fighting_Illini_Big_Ten_Relays/Long-Jump,TFRRS all_performances
"Pearson, Zionn",Nebraska,Big Ten,Long Jump,2021,3,,,5.86,m,Fighting Illini Big Ten Relays,2021-04-23,,,1.4,Outdoor,https://www.tfrrs.org/results/69823/4225389/Fighting_Illini_Big_Ten_Relays/Long-Jump,TFRRS all_performances
"Stepney, LaQwasia",Nebraska,Big Ten,Long Jump,2021,2,,,5.60,m,Fighting Illini Big Ten Relays,2021-04-23,,,2.0,Outdoor,https://www.tfrrs.org/results/69823/4225394/Fighting_Illini_Big_Ten_Relays/Long-Jump,TFRRS all_performances
"Thomas, Darby",Nebraska,Big Ten,Long Jump,2021,2,,,6.15,m,Fighting Illini Big Ten Relays,2021-04-23,,,1.6,Outdoor,https://www.tfrrs.org/results/69823/4225389/Fighting_Illini_Big_Ten_Relays/Long-Jump,TFRRS all_performances
"Turke, Ieva",Nebraska,Big Ten,Long Jump,2021,3,,,6.01,m,Fighting Illini Big Ten Relays,2021-04-23,,,1.4,Outdoor,https://www.tfrrs.org/results/69823/4225389/Fighting_Illini_Big_Ten_Relays/Long-Jump,TFRRS all_performances
"McElmurry, Ashley",Nebraska,Big Ten,Long Jump,2021,2,,,5.75,m,Big Ten Invite #4 - Billy Hayes Invite,2021-05-01,,,0.6,Outdoor,https://www.tfrrs.org/results/65969/4244140/Big_Ten_Invite_4_-_Billy_Hayes_Invite/Long-Jump,TFRRS all_performances
"Ilves, Lishanna",Nebraska,Big Ten,Long Jump,2021,1,,,6.52,m,Big Ten Outdoor Track & Field Championships,2021-05-14,,,0.4,Outdoor,https://www.tfrrs.org/results/70289/4266613/Big_Ten_Outdoor_Track__Field_Championships/Long-Jump,TFRRS all_performances
"Kadrmas, Katherine",Nebraska,Big Ten,Long Jump,2021,1,,,5.24,m,Big Ten Outdoor Track & Field Championships,2021-05-14,,,1.2,Outdoor,https://www.tfrrs.org/results/70289/4268591/Big_Ten_Outdoor_Track__Field_Championships/Long-Jump,TFRRS all_performances
"McElmurry, Ashley",Nebraska,Big Ten,Long Jump,2021,2,,,5.57,m,Big Ten Outdoor Track & Field Championships,2021-05-14,,,0.5,Outdoor,https://www.tfrrs.org/results/70289/4266613/Big_Ten_Outdoor_Track__Field_Championships/Long-Jump,TFRRS all_performances
"Myers, Kerrigan",Nebraska,Big Ten,Long Jump,2021,1,,,5.41,m,Big Ten Outdoor Track & Field Championships,2021-05-14,,,0.7,Outdoor,https://www.tfrrs.org/results/70289/4268591/Big_Ten_Outdoor_Track__Field_Championships/Long-Jump,TFRRS all_performances
"Stepney, LaQwasia",Nebraska,Big Ten,Long Jump,2021,2,,,5.98,m,Big Ten Outdoor Track & Field Championships,2021-05-14,,,0.6,Outdoor,https://www.tfrrs.org/results/70289/4266613/Big_Ten_Outdoor_Track__Field_Championships/Long-Jump,TFRRS all_performances
"Thomas, Darby",Nebraska,Big Ten,Long Jump,2021,2,,,6.06,m,Big Ten Outdoor Track & Field Championships,2021-05-14,,,-0.3,Outdoor,https://www.tfrrs.org/results/70289/4266613/Big_Ten_Outdoor_Track__Field_Championships/Long-Jump,TFRRS all_performances
"Turke, Ieva",Nebraska,Big Ten,Long Jump,2021,3,,,5.78,m,Big Ten Outdoor Track & Field Championships,2021-05-14,,,0.2,Outdoor,https://www.tfrrs.org/results/70289/4266613/Big_Ten_Outdoor_Track__Field_Championships/Long-Jump,TFRRS all_performances
"Zanker, Teri",Nebraska,Big Ten,Long Jump,2021,1,,,5.51,m,Big Ten Outdoor Track & Field Championships,2021-05-14,,,1.5,Outdoor,https://www.tfrrs.org/results/70289/4268591/Big_Ten_Outdoor_Track__Field_Championships/Long-Jump,TFRRS all_performances
"Turke, Ieva",Nebraska,Big Ten,Long Jump,2021,3,,,4.58,m,NCAA Division I West Preliminary Round,2021-05-26,,,1.7,Outdoor,https://www.tfrrs.org/results/70371/4272766/NCAA_Division_I_West_Preliminary_Round/Long-Jump,TFRRS all_performances
"Robinson, Jaimie",Oregon,Big Ten,Long Jump,2021,3,,,5.54,m,42nd Aztec Invitational,2021-03-25,,,+0.0,Outdoor,https://www.tfrrs.org/results/67907/4150098/42nd_Aztec_Invitational/Long-Jump,TFRRS all_performances
"Sloan, Tori",Oregon,Big Ten,Long Jump,2021,2,,,5.78,m,42nd Aztec Invitational,2021-03-25,,,+0.0,Outdoor,https://www.tfrrs.org/results/67907/4150098/42nd_Aztec_Invitational/Long-Jump,TFRRS all_performances
"Chocek, Taylor",Oregon,Big Ten,Long Jump,2021,1,,,5.12,m,Hayward Premiere,2021-04-02,,,1.1,Outdoor,https://www.tfrrs.org/results/67754/4168716/Hayward_Premiere/Long-Jump,TFRRS all_performances
"Robinson, Jaimie",Oregon,Big Ten,Long Jump,2021,3,,,5.61,m,Hayward Premiere,2021-04-02,,,1.7,Outdoor,https://www.tfrrs.org/results/67754/4168716/Hayward_Premiere/Long-Jump,TFRRS all_performances
"Sloan, Tori",Oregon,Big Ten,Long Jump,2021,2,,,5.92,m,Hayward Premiere,2021-04-02,,,0.8,Outdoor,https://www.tfrrs.org/results/67754/4168716/Hayward_Premiere/Long-Jump,TFRRS all_performances
"Foster, Rhesa",Oregon,Big Ten,Long Jump,2021,4,,,6.36,m,2021 West Coast Classic- Arizona,2021-04-17,,,+0.0,Outdoor,https://www.tfrrs.org/results/68926/4209675/2021_West_Coast_Classic-_Arizona/Long-Jump,TFRRS all_performances
"Hickey, Alysah",Oregon,Big Ten,Long Jump,2021,1,,,6.47,m,2021 West Coast Classic- Arizona,2021-04-17,,,2.0,Outdoor,https://www.tfrrs.org/results/68926/4209675/2021_West_Coast_Classic-_Arizona/Long-Jump,TFRRS all_performances
"Chocek, Taylor",Oregon,Big Ten,Long Jump,2021,1,,,5.14,m,Oregon Relays,2021-04-23,,,0.9,Outdoor,https://www.tfrrs.org/results/69801/4223040/Oregon_Relays/Long-Jump,TFRRS all_performances
"Ellis, Lexi",Oregon,Big Ten,Long Jump,2021,2,,,5.46,m,Oregon Relays,2021-04-23,,,0.3,Outdoor,https://www.tfrrs.org/results/69801/4223040/Oregon_Relays/Long-Jump,TFRRS all_performances
"Sloan, Tori",Oregon,Big Ten,Long Jump,2021,2,,,5.75,m,Oregon Relays,2021-04-23,,,1.2,Outdoor,https://www.tfrrs.org/results/69801/4223040/Oregon_Relays/Long-Jump,TFRRS all_performances
"Chocek, Taylor",Oregon,Big Ten,Long Jump,2021,1,,,4.74,m,OSU High Performance Meet,2021-04-30,,,+0.0,Outdoor,https://www.tfrrs.org/results/68375/4243512/OSU_High_Performance_Meet/Long-Jump,TFRRS all_performances
"Sloan, Tori",Oregon,Big Ten,Long Jump,2021,2,,,5.39,m,Oregon Twilight,2021-05-07,,,1.4,Outdoor,https://www.tfrrs.org/results/69460/4254887/Oregon_Twilight/Long-Jump,TFRRS all_performances
"Chocek, Taylor",Oregon,Big Ten,Long Jump,2021,1,,,5.11,m,Pac-12 Track & Field Championships,2021-05-14,,,+0.0,Outdoor,https://www.tfrrs.org/results/69474/4267124/Pac-12_Track__Field_Championships/Long-Jump,TFRRS all_performances
"Foster, Rhesa",Oregon,Big Ten,Long Jump,2021,4,,,6.47,m,Pac-12 Track & Field Championships,2021-05-14,,,0.8,Outdoor,https://www.tfrrs.org/results/69474/4267094/Pac-12_Track__Field_Championships/Long-Jump,TFRRS all_performances
"Hickey, Alysah",Oregon,Big Ten,Long Jump,2021,1,,,6.59,m,Pac-12 Track & Field Championships,2021-05-14,,,0.2,Outdoor,https://www.tfrrs.org/results/69474/4267094/Pac-12_Track__Field_Championships/Long-Jump,TFRRS all_performances
"Foster, Rhesa",Oregon,Big Ten,Long Jump,2021,4,,,6.43,m,NCAA Division I West Preliminary Round,2021-05-26,,,1.0,Outdoor,https://www.tfrrs.org/results/70371/4272766/NCAA_Division_I_West_Preliminary_Round/Long-Jump,TFRRS all_performances
"Foster, Rhesa",Oregon,Big Ten,Long Jump,2021,4,,,6.26,m,NCAA Division I Track & Field Championships,2021-06-09,,,1.1,Outdoor,https://www.tfrrs.org/results/70445/4276117/NCAA_Division_I_Track__Field_Championships/Long-Jump,TFRRS all_performances
"Hickey, Alysah",Oregon,Big Ten,Long Jump,2021,1,,,6.50,m,NCAA Division I Track & Field Championships,2021-06-09,,,0.7,Outdoor,https://www.tfrrs.org/results/70445/4276117/NCAA_Division_I_Track__Field_Championships/Long-Jump,TFRRS all_performances
"Smalls, Morgan",USC,Big Ten,Long Jump,2021,1,,,6.13,m,USC Trojan Invitational,2021-03-19,,,0.4,Outdoor,https://www.tfrrs.org/results/68443/4129428/USC_Trojan_Invitational/Long-Jump,TFRRS all_performances
"Thomas, Lanae-Tava",USC,Big Ten,Long Jump,2021,3,,,6.38,m,USC Trojan Invitational,2021-03-19,,,1.1,Outdoor,https://www.tfrrs.org/results/68443/4129428/USC_Trojan_Invitational/Long-Jump,TFRRS all_performances
"Smalls, Morgan",USC,Big Ten,Long Jump,2021,1,,,6.35,m,Pepsi Florida Relays,2021-04-02,,,0.6,Outdoor,https://www.tfrrs.org/results/68395/4166915/Pepsi_Florida_Relays/Long-Jump,TFRRS all_performances
"Thomas, Lanae-Tava",USC,Big Ten,Long Jump,2021,3,,,6.34,m,Pepsi Florida Relays,2021-04-02,,,1.1,Outdoor,https://www.tfrrs.org/results/68395/4166915/Pepsi_Florida_Relays/Long-Jump,TFRRS all_performances
"Smalls, Morgan",USC,Big Ten,Long Jump,2021,1,,,6.30,m,Long Beach Invitational,2021-04-16,,,+0.0,Outdoor,https://www.tfrrs.org/results/69592/4208760/Long_Beach_Invitational/Long-Jump,TFRRS all_performances
"Thomas, Lanae-Tava",USC,Big Ten,Long Jump,2021,3,,,5.88,m,Long Beach Invitational,2021-04-16,,,+0.0,Outdoor,https://www.tfrrs.org/results/69592/4208760/Long_Beach_Invitational/Long-Jump,TFRRS all_performances
"Ojora, Temitope",USC,Big Ten,Long Jump,2021,1,,,5.95,m,UCLA v. USC Dual Meet,2021-05-02,,,-0.6,Outdoor,https://www.tfrrs.org/results/68254/4245970/UCLA_v_USC_Dual_Meet/Long-Jump,TFRRS all_performances
"Smalls, Morgan",USC,Big Ten,Long Jump,2021,1,,,6.42,m,UCLA v. USC Dual Meet,2021-05-02,,,0.8,Outdoor,https://www.tfrrs.org/results/68254/4245970/UCLA_v_USC_Dual_Meet/Long-Jump,TFRRS all_performances
"Thomas, Lanae-Tava",USC,Big Ten,Long Jump,2021,3,,,6.26,m,UCLA v. USC Dual Meet,2021-05-02,,,+0.0,Outdoor,https://www.tfrrs.org/results/68254/4245970/UCLA_v_USC_Dual_Meet/Long-Jump,TFRRS all_performances
"Smalls, Morgan",USC,Big Ten,Long Jump,2021,1,,,6.53,m,Pac-12 Track & Field Championships,2021-05-14,,,1.6,Outdoor,https://www.tfrrs.org/results/69474/4267094/Pac-12_Track__Field_Championships/Long-Jump,TFRRS all_performances
"Thomas, Lanae-Tava",USC,Big Ten,Long Jump,2021,3,,,6.30,m,Pac-12 Track & Field Championships,2021-05-14,,,0.5,Outdoor,https://www.tfrrs.org/results/69474/4267094/Pac-12_Track__Field_Championships/Long-Jump,TFRRS all_performances
"Thomas, Lanae-Tava",USC,Big Ten,Long Jump,2021,3,,,5.84,m,NCAA Division I West Preliminary Round,2021-05-26,,,1.6,Outdoor,https://www.tfrrs.org/results/70371/4272766/NCAA_Division_I_West_Preliminary_Round/Long-Jump,TFRRS all_performances
"Heath, Jelani",Washington,Big Ten,Long Jump,2021,4,,,5.50,m,5th Annual Doris Heritage Track Festival,2021-03-20,,,0.3,Outdoor,https://www.tfrrs.org/results/67538/4130828/5th_Annual_Doris_Heritage_Track_Festival/Long-Jump,TFRRS all_performances
"Heggen, Lauren",Washington,Big Ten,Long Jump,2021,1,,,5.58,m,5th Annual Doris Heritage Track Festival,2021-03-20,,,0.9,Outdoor,https://www.tfrrs.org/results/67538/4130828/5th_Annual_Doris_Heritage_Track_Festival/Long-Jump,TFRRS all_performances
"Eikeng, Ida",Washington,Big Ten,Long Jump,2021,3,,,5.93,m,Jim Bush Legends,2021-03-24,,,1.7,Outdoor,https://www.tfrrs.org/results/68248/4138979/Jim_Bush_Legends/Long-Jump,TFRRS all_performances
"Heath, Jelani",Washington,Big Ten,Long Jump,2021,4,,,5.78,m,Jim Bush Legends,2021-03-24,,,+0.0,Outdoor,https://www.tfrrs.org/results/68248/4138979/Jim_Bush_Legends/Long-Jump,TFRRS all_performances
"Heggen, Lauren",Washington,Big Ten,Long Jump,2021,1,,,5.72,m,Jim Bush Legends,2021-03-24,,,1.4,Outdoor,https://www.tfrrs.org/results/68248/4138979/Jim_Bush_Legends/Long-Jump,TFRRS all_performances
"Lopes, Lyndsey",Washington,Big Ten,Long Jump,2021,4,,,5.68,m,Jim Bush Legends,2021-03-24,,,-3.2,Outdoor,https://www.tfrrs.org/results/68248/4138979/Jim_Bush_Legends/Long-Jump,TFRRS all_performances
"Rusnak, Hannah",Washington,Big Ten,Long Jump,2021,3,,,5.38,m,Jim Bush Legends,2021-03-24,,,1.5,Outdoor,https://www.tfrrs.org/results/68248/4138979/Jim_Bush_Legends/Long-Jump,TFRRS all_performances
"Eikeng, Ida",Washington,Big Ten,Long Jump,2021,3,,,5.75,m,Stanford Invitational,2021-04-02,,,1.5,Outdoor,https://www.tfrrs.org/results/68221/4169830/Stanford_Invitational/Long-Jump,TFRRS all_performances
"Heggen, Lauren",Washington,Big Ten,Long Jump,2021,1,,,5.50,m,Stanford Invitational,2021-04-02,,,0.7,Outdoor,https://www.tfrrs.org/results/68221/4169830/Stanford_Invitational/Long-Jump,TFRRS all_performances
"Lopes, Lyndsey",Washington,Big Ten,Long Jump,2021,4,,,5.84,m,Stanford Invitational,2021-04-02,,,-0.1,Outdoor,https://www.tfrrs.org/results/68221/4169830/Stanford_Invitational/Long-Jump,TFRRS all_performances
"Rusnak, Hannah",Washington,Big Ten,Long Jump,2021,3,,,5.69,m,Stanford Invitational,2021-04-02,,,0.5,Outdoor,https://www.tfrrs.org/results/68221/4169830/Stanford_Invitational/Long-Jump,TFRRS all_performances
"Heggen, Lauren",Washington,Big Ten,Long Jump,2021,1,,,5.64,m,2021 Jim Click Shootout,2021-04-10,,,-0.4,Outdoor,https://www.tfrrs.org/results/68576/4188083/2021_Jim_Click_Shootout/Long-Jump,TFRRS all_performances
"Rusnak, Hannah",Washington,Big Ten,Long Jump,2021,3,,,5.98,m,2021 Jim Click Shootout,2021-04-10,,,-0.6,Outdoor,https://www.tfrrs.org/results/68576/4217266/2021_Jim_Click_Shootout/Long-Jump,TFRRS all_performances
"Heath, Jelani",Washington,Big Ten,Long Jump,2021,4,,,5.48,m,UW v. WSU Dual,2021-04-21,,,-0.7,Outdoor,https://www.tfrrs.org/results/69230/4217540/UW_v_WSU_Dual_/Long-Jump,TFRRS all_performances
"Heggen, Lauren",Washington,Big Ten,Long Jump,2021,1,,,5.79,m,UW v. WSU Dual,2021-04-21,,,1.7,Outdoor,https://www.tfrrs.org/results/69230/4217540/UW_v_WSU_Dual_/Long-Jump,TFRRS all_performances
"Rusnak, Hannah",Washington,Big Ten,Long Jump,2021,3,,,5.83,m,UW v. WSU Dual,2021-04-21,,,-1.0,Outdoor,https://www.tfrrs.org/results/69230/4217540/UW_v_WSU_Dual_/Long-Jump,TFRRS all_performances
"Lopes, Lyndsey",Washington,Big Ten,Long Jump,2021,4,,,6.01,m,West Coast Relays,2021-04-30,,,0.8,Outdoor,https://www.tfrrs.org/results/68481/4247350/West_Coast_Relays/Long-Jump,TFRRS all_performances
"Lopes, Lyndsey",Washington,Big Ten,Long Jump,2021,4,,,6.01,m,Fresno St. West Coast Relays,2021-04-30,,,0.8,Outdoor,https://www.tfrrs.org/results/70021/4240341/Fresno_St_West_Coast_Relays/Long-Jump,TFRRS all_performances
"Heath, Jelani",Washington,Big Ten,Long Jump,2021,4,,,5.42,m,Ken Shannon Invitational 2021,2021-05-07,,,-0.6,Outdoor,https://www.tfrrs.org/results/69934/4253998/Ken_Shannon_Invitational_2021/Long-Jump,TFRRS all_performances
"Eikeng, Ida",Washington,Big Ten,Long Jump,2021,3,,,5.45,m,Pac-12 Track & Field Championships,2021-05-14,,,+0.0,Outdoor,https://www.tfrrs.org/results/69474/4267124/Pac-12_Track__Field_Championships/Long-Jump,TFRRS all_performances
"Heath, Jelani",Washington,Big Ten,Long Jump,2021,4,,,5.66,m,Pac-12 Track & Field Championships,2021-05-14,,,1.4,Outdoor,https://www.tfrrs.org/results/69474/4267094/Pac-12_Track__Field_Championships/Long-Jump,TFRRS all_performances
"Lopes, Lyndsey",Washington,Big Ten,Long Jump,2021,4,,,6.14,m,Pac-12 Track & Field Championships,2021-05-14,,,1.7,Outdoor,https://www.tfrrs.org/results/69474/4267124/Pac-12_Track__Field_Championships/Long-Jump,TFRRS all_performances
"Eikeng, Ida",Washington,Big Ten,Long Jump,2021,3,,,5.67,m,NCAA Division I Track & Field Championships,2021-06-09,,,0.6,Outdoor,https://www.tfrrs.org/results/70445/4276699/NCAA_Division_I_Track__Field_Championships/Long-Jump,TFRRS all_performances
"Lopes, Lyndsey",Washington,Big Ten,Long Jump,2021,4,,,5.59,m,NCAA Division I Track & Field Championships,2021-06-09,,,0.9,Outdoor,https://www.tfrrs.org/results/70445/4276699/NCAA_Division_I_Track__Field_Championships/Long-Jump,TFRRS all_performances
"Kohtala, Camille",Alabama,SEC,Long Jump,2021,1,,,5.07,m,2021 Al Schmidt Bulldog Relays,2021-03-26,,,+0.0,Outdoor,https://www.tfrrs.org/results/67504/4151466/2021_Al_Schmidt_Bulldog_Relays/Long-Jump,TFRRS all_performances
"Lightfoot, Katie",Alabama,SEC,Long Jump,2021,1,,,4.95,m,2021 Al Schmidt Bulldog Relays,2021-03-26,,,1.8,Outdoor,https://www.tfrrs.org/results/67504/4151466/2021_Al_Schmidt_Bulldog_Relays/Long-Jump,TFRRS all_performances
"Ward, Aysia",Alabama,SEC,Long Jump,2021,1,,,5.62,m,2021 Al Schmidt Bulldog Relays,2021-03-26,,,0.9,Outdoor,https://www.tfrrs.org/results/67504/4151466/2021_Al_Schmidt_Bulldog_Relays/Long-Jump,TFRRS all_performances
"Kohtala, Camille",Alabama,SEC,Long Jump,2021,1,,,4.95,m,Pepsi Florida Relays,2021-04-02,,,1.7,Outdoor,https://www.tfrrs.org/results/68395/4166915/Pepsi_Florida_Relays/Long-Jump,TFRRS all_performances
"Lightfoot, Katie",Alabama,SEC,Long Jump,2021,1,,,4.78,m,Pepsi Florida Relays,2021-04-02,,,1.5,Outdoor,https://www.tfrrs.org/results/68395/4166915/Pepsi_Florida_Relays/Long-Jump,TFRRS all_performances
"Ward, Aysia",Alabama,SEC,Long Jump,2021,1,,,5.79,m,Pepsi Florida Relays,2021-04-02,,,0.4,Outdoor,https://www.tfrrs.org/results/68395/4166915/Pepsi_Florida_Relays/Long-Jump,TFRRS all_performances
"Braxton , Alissa",Florida,SEC,Long Jump,2021,1,,,5.93,m,FSU Relays,2021-03-25,,,1.4,Outdoor,https://www.tfrrs.org/results/68747/4145898/FSU_Relays/Long-Jump,TFRRS all_performances
"Bryant, Claire",Florida,SEC,Long Jump,2021,1,,,6.44,m,FSU Relays,2021-03-25,,,2.0,Outdoor,https://www.tfrrs.org/results/68747/4145898/FSU_Relays/Long-Jump,TFRRS all_performances
"Penn, Kala",Florida,SEC,Long Jump,2021,3,,,5.95,m,FSU Relays,2021-03-25,,,1.8,Outdoor,https://www.tfrrs.org/results/68747/4145898/FSU_Relays/Long-Jump,TFRRS all_performances
"Braxton , Alissa",Florida,SEC,Long Jump,2021,1,,,5.80,m,Pepsi Florida Relays,2021-04-02,,,1.9,Outdoor,https://www.tfrrs.org/results/68395/4166915/Pepsi_Florida_Relays/Long-Jump,TFRRS all_performances
"Bryant, Claire",Florida,SEC,Long Jump,2021,1,,,6.68,m,Pepsi Florida Relays,2021-04-02,,,1.1,Outdoor,https://www.tfrrs.org/results/68395/4166915/Pepsi_Florida_Relays/Long-Jump,TFRRS all_performances
"Braxton , Alissa",Florida,SEC,Long Jump,2021,1,,,5.74,m,UF Tom Jones Invitational,2021-04-16,,,1.7,Outdoor,https://www.tfrrs.org/results/68975/4206599/UF_Tom_Jones_Invitational/Long-Jump,TFRRS all_performances
"Bryant, Claire",Florida,SEC,Long Jump,2021,1,,,6.44,m,UF Tom Jones Invitational,2021-04-16,,,0.6,Outdoor,https://www.tfrrs.org/results/68975/4206599/UF_Tom_Jones_Invitational/Long-Jump,TFRRS all_performances
"Lester, Sterling",Florida,SEC,Long Jump,2021,2,,,5.63,m,UF Tom Jones Invitational,2021-04-16,,,+0.0,Outdoor,https://www.tfrrs.org/results/68975/4206599/UF_Tom_Jones_Invitational/Long-Jump,TFRRS all_performances
"Williams, Nadia",Florida,SEC,Long Jump,2021,4,,,6.02,m,UF Tom Jones Invitational,2021-04-16,,,0.3,Outdoor,https://www.tfrrs.org/results/68975/4206599/UF_Tom_Jones_Invitational/Long-Jump,TFRRS all_performances
"Braxton , Alissa",Florida,SEC,Long Jump,2021,1,,,5.82,m,LSU Invitational,2021-05-01,,,-0.3,Outdoor,https://www.tfrrs.org/results/68974/4241539/LSU_Invitational/Long-Jump,TFRRS all_performances
"Bryant, Claire",Florida,SEC,Long Jump,2021,1,,,6.58,m,LSU Invitational,2021-05-01,,,-0.7,Outdoor,https://www.tfrrs.org/results/68974/4241539/LSU_Invitational/Long-Jump,TFRRS all_performances
"Williams, Nadia",Florida,SEC,Long Jump,2021,4,,,6.28,m,LSU Invitational,2021-05-01,,,1.1,Outdoor,https://www.tfrrs.org/results/68974/4241539/LSU_Invitational/Long-Jump,TFRRS all_performances
"Braxton , Alissa",Florida,SEC,Long Jump,2021,1,,,5.83,m,SEC Outdoor Track & Field Championships,2021-05-13,,,1.2,Outdoor,https://www.tfrrs.org/results/70259/4263449/SEC_Outdoor_Track__Field_Championships/Long-Jump,TFRRS all_performances
"Bryant, Claire",Florida,SEC,Long Jump,2021,1,,,6.39,m,SEC Outdoor Track & Field Championships,2021-05-13,,,1.4,Outdoor,https://www.tfrrs.org/results/70259/4263449/SEC_Outdoor_Track__Field_Championships/Long-Jump,TFRRS all_performances
"Lester, Sterling",Florida,SEC,Long Jump,2021,2,,,5.26,m,SEC Outdoor Track & Field Championships,2021-05-13,,,1.8,Outdoor,https://www.tfrrs.org/results/70259/4265869/SEC_Outdoor_Track__Field_Championships/Long-Jump,TFRRS all_performances
"Bryant, Claire",Florida,SEC,Long Jump,2021,1,,,6.64,m,NCAA Division I East Preliminary Round,2021-05-26,,,1.3,Outdoor,https://www.tfrrs.org/results/70390/4273630/NCAA_Division_I_East_Preliminary_Round/Long-Jump,TFRRS all_performances
"Bryant, Claire",Florida,SEC,Long Jump,2021,1,,,6.45,m,NCAA Division I Track & Field Championships,2021-06-09,,,0.1,Outdoor,https://www.tfrrs.org/results/70445/4276117/NCAA_Division_I_Track__Field_Championships/Long-Jump,TFRRS all_performances
"Hall, Anna",Georgia,SEC,Long Jump,2021,1,,,6.03,m,Spec Towns Invitational,2021-04-09,,,+0.0,Outdoor,https://www.tfrrs.org/results/69294/4253449/Spec_Towns_Invitational/Long-Jump,TFRRS all_performances
"Marsh, Titiana",Georgia,SEC,Long Jump,2021,2,,,6.49,m,Spec Towns Invitational,2021-04-09,,,0.8,Outdoor,https://www.tfrrs.org/results/69294/4185860/Spec_Towns_Invitational/Long-Jump,TFRRS all_performances
"Moore, Jasmine",Georgia,SEC,Long Jump,2021,1,,,6.83,m,Spec Towns Invitational,2021-04-09,,,0.4,Outdoor,https://www.tfrrs.org/results/69294/4185860/Spec_Towns_Invitational/Long-Jump,TFRRS all_performances
"Hall, Anna",Georgia,SEC,Long Jump,2021,1,,,6.09,m,Torrin Lawrence Memorial,2021-04-30,,,-0.5,Outdoor,https://www.tfrrs.org/results/70029/4240887/Torrin_Lawrence_Memorial/Long-Jump,TFRRS all_performances
"Reynolds, Asya",Georgia,SEC,Long Jump,2021,4,,,6.41,m,Torrin Lawrence Memorial,2021-04-30,,,1.8,Outdoor,https://www.tfrrs.org/results/70029/4240887/Torrin_Lawrence_Memorial/Long-Jump,TFRRS all_performances
"Marsh, Titiana",Georgia,SEC,Long Jump,2021,2,,,5.97,m,SEC Outdoor Track & Field Championships,2021-05-13,,,1.6,Outdoor,https://www.tfrrs.org/results/70259/4263449/SEC_Outdoor_Track__Field_Championships/Long-Jump,TFRRS all_performances
"Moore, Jasmine",Georgia,SEC,Long Jump,2021,1,,,6.60,m,SEC Outdoor Track & Field Championships,2021-05-13,,,1.3,Outdoor,https://www.tfrrs.org/results/70259/4263449/SEC_Outdoor_Track__Field_Championships/Long-Jump,TFRRS all_performances
"Hall, Anna",Georgia,SEC,Long Jump,2021,1,,,5.71,m,NCAA Division I East Preliminary Round,2021-05-26,,,-0.6,Outdoor,https://www.tfrrs.org/results/70390/4273630/NCAA_Division_I_East_Preliminary_Round/Long-Jump,TFRRS all_performances
"Marsh, Titiana",Georgia,SEC,Long Jump,2021,2,,,6.32,m,NCAA Division I East Preliminary Round,2021-05-26,,,0.4,Outdoor,https://www.tfrrs.org/results/70390/4273630/NCAA_Division_I_East_Preliminary_Round/Long-Jump,TFRRS all_performances
"Moore, Jasmine",Georgia,SEC,Long Jump,2021,1,,,6.57,m,NCAA Division I East Preliminary Round,2021-05-26,,,1.0,Outdoor,https://www.tfrrs.org/results/70390/4273630/NCAA_Division_I_East_Preliminary_Round/Long-Jump,TFRRS all_performances
"Marsh, Titiana",Georgia,SEC,Long Jump,2021,2,,,6.19,m,NCAA Division I Track & Field Championships,2021-06-09,,,0.3,Outdoor,https://www.tfrrs.org/results/70445/4276117/NCAA_Division_I_Track__Field_Championships/Long-Jump,TFRRS all_performances
"Moore, Jasmine",Georgia,SEC,Long Jump,2021,1,,,6.65,m,NCAA Division I Track & Field Championships,2021-06-09,,,1.5,Outdoor,https://www.tfrrs.org/results/70445/4276117/NCAA_Division_I_Track__Field_Championships/Long-Jump,TFRRS all_performances
"Reynolds, Asya",Georgia,SEC,Long Jump,2021,4,,,6.02,m,NCAA Division I Track & Field Championships,2021-06-09,,,-0.9,Outdoor,https://www.tfrrs.org/results/70445/4276699/NCAA_Division_I_Track__Field_Championships/Long-Jump,TFRRS all_performances
"Williams, Annika",Kentucky,SEC,Long Jump,2021,1,,,6.00,m,93rd Clyde Littlefield Texas Relays,2021-03-25,,,1.9,Outdoor,https://www.tfrrs.org/results/67755/4153621/93rd_Clyde_Littlefield_Texas_Relays/Long-Jump,TFRRS all_performances
"Williams, Annika",Kentucky,SEC,Long Jump,2021,1,,,6.08,m,2021 Kentucky Invtational,2021-04-30,,,0.5,Outdoor,https://www.tfrrs.org/results/66857/4241515/2021_Kentucky_Invtational/Long-Jump,TFRRS all_performances
"Williams, Annika",Kentucky,SEC,Long Jump,2021,1,,,6.12,m,SEC Outdoor Track & Field Championships,2021-05-13,,,1.5,Outdoor,https://www.tfrrs.org/results/70259/4265869/SEC_Outdoor_Track__Field_Championships/Long-Jump,TFRRS all_performances
"Savage, Synclair",South Carolina,SEC,Long Jump,2021,1,,,5.91,m,Auburn Tiger Track Classic 2021,2021-03-19,,,1.0,Outdoor,https://www.tfrrs.org/results/66282/4129166/Auburn_Tiger_Track_Classic_2021/Long-Jump,TFRRS all_performances
"Jeffery , Dymier",South Carolina,SEC,Long Jump,2021,2,,,4.97,m,Weems Baskin Relays,2021-03-26,,,-0.1,Outdoor,https://www.tfrrs.org/results/67496/4148961/Weems_Baskin_Relays/Long-Jump,TFRRS all_performances
"Savage, Synclair",South Carolina,SEC,Long Jump,2021,1,,,5.41,m,Weems Baskin Relays,2021-03-26,,,+0.0,Outdoor,https://www.tfrrs.org/results/67496/4148961/Weems_Baskin_Relays/Long-Jump,TFRRS all_performances
"Savage, Synclair",South Carolina,SEC,Long Jump,2021,1,,,5.98,m,Pepsi Florida Relays,2021-04-02,,,1.8,Outdoor,https://www.tfrrs.org/results/68395/4166915/Pepsi_Florida_Relays/Long-Jump,TFRRS all_performances
"Jeffery , Dymier",South Carolina,SEC,Long Jump,2021,2,,,5.10,m,Gamecock Invitational,2021-04-10,,,1.8,Outdoor,https://www.tfrrs.org/results/67497/4185600/Gamecock_Invitational_/Long-Jump,TFRRS all_performances
"Savage, Synclair",South Carolina,SEC,Long Jump,2021,1,,,5.62,m,Gamecock Invitational,2021-04-10,,,1.7,Outdoor,https://www.tfrrs.org/results/67497/4185600/Gamecock_Invitational_/Long-Jump,TFRRS all_performances
"Jeffery , Dymier",South Carolina,SEC,Long Jump,2021,2,,,4.98,m,USC Open,2021-04-17,,,-0.4,Outdoor,https://www.tfrrs.org/results/67499/4207828/USC_Open/Long-Jump,TFRRS all_performances
"Savage, Synclair",South Carolina,SEC,Long Jump,2021,1,,,5.84,m,USC Open,2021-04-17,,,0.1,Outdoor,https://www.tfrrs.org/results/67499/4207828/USC_Open/Long-Jump,TFRRS all_performances
"Savage, Synclair",South Carolina,SEC,Long Jump,2021,1,,,5.60,m,Charlotte Invitational,2021-04-23,,,-0.1,Outdoor,https://www.tfrrs.org/results/69817/4224103/Charlotte_Invitational/Long-Jump,TFRRS all_performances
"Savage, Synclair",South Carolina,SEC,Long Jump,2021,1,,,5.64,m,North Florida Invite,2021-04-29,,,1.1,Outdoor,https://www.tfrrs.org/results/66066/4238787/North_Florida_Invite/Long-Jump,TFRRS all_performances
"Savage, Synclair",South Carolina,SEC,Long Jump,2021,1,,,5.68,m,SEC Outdoor Track & Field Championships,2021-05-13,,,1.0,Outdoor,https://www.tfrrs.org/results/70259/4263449/SEC_Outdoor_Track__Field_Championships/Long-Jump,TFRRS all_performances
"Brewer, Anna",Clemson,ACC,Long Jump,2022,4,,,4.56,m,Georgia Tech Yellow Jacket Invitational,2022-03-18,,,-0.5,Outdoor,https://www.tfrrs.org/results/73542/4425689/Georgia_Tech_Yellow_Jacket_Invitational/Long-Jump,TFRRS all_performances
"Johnston, Caroline",Clemson,ACC,Long Jump,2022,2,,,5.87,m,Georgia Tech Yellow Jacket Invitational,2022-03-18,,,0.7,Outdoor,https://www.tfrrs.org/results/73542/4425689/Georgia_Tech_Yellow_Jacket_Invitational/Long-Jump,TFRRS all_performances
"Christie, Nia",Clemson,ACC,Long Jump,2022,1,,,5.68,m,Florida Relays,2022-03-31,,,2.0,Outdoor,https://www.tfrrs.org/results/72948/4463897/Florida_Relays/Long-Jump,TFRRS all_performances
"Johnston, Caroline",Clemson,ACC,Long Jump,2022,2,,,5.89,m,Florida Relays,2022-03-31,,,0.5,Outdoor,https://www.tfrrs.org/results/72948/4463897/Florida_Relays/Long-Jump,TFRRS all_performances
"Johnston, Caroline",Clemson,ACC,Long Jump,2022,2,,,5.91,m,Tennessee Relays,2022-04-07,,,1.9,Outdoor,https://www.tfrrs.org/results/73591/4482108/Tennessee_Relays/Long-Jump,TFRRS all_performances
"Christie, Nia",Clemson,ACC,Long Jump,2022,1,,,5.60,m,UF Tom Jones Memorial,2022-04-15,,,1.0,Outdoor,https://www.tfrrs.org/results/73497/4502590/UF_Tom_Jones_Memorial/Long-Jump,TFRRS all_performances
"Johnston, Caroline",Clemson,ACC,Long Jump,2022,2,,,6.01,m,UF Tom Jones Memorial,2022-04-15,,,1.8,Outdoor,https://www.tfrrs.org/results/73497/4502590/UF_Tom_Jones_Memorial/Long-Jump,TFRRS all_performances
"Johnston, Caroline",Clemson,ACC,Long Jump,2022,2,,,5.70,m,Penn Relays,2022-04-28,,,1.4,Outdoor,https://www.tfrrs.org/results/74986/4539294/Penn_Relays/Long-Jump,TFRRS all_performances
"Johnston, Caroline",Clemson,ACC,Long Jump,2022,2,,,5.92,m,ACC Outdoor Track & Field Championships,2022-05-12,,,0.9,Outdoor,https://www.tfrrs.org/results/75142/4556121/ACC_Outdoor_Track__Field_Championships/Long-Jump,TFRRS all_performances
"Blaisdell, Brooke",Duke,ACC,Long Jump,2022,1,,,4.79,m,High Point - Bob Davidson Memorial,2022-03-18,,,1.3,Outdoor,https://www.tfrrs.org/results/73522/4425635/High_Point_-_Bob_Davidson_Memorial/Long-Jump,TFRRS all_performances
"Hughes, Zoe",Duke,ACC,Long Jump,2022,4,,,6.04,m,High Point - Bob Davidson Memorial,2022-03-18,Final,,2.9,Outdoor,https://www.tfrrs.org/athletes/7723651/Duke/Zoe_Hughes.html,legacy_source_needs_review
"Hughes, Zoe",Duke,ACC,Long Jump,2022,4,,,4.50,m,2022 94th Clyde Littlefield Texas Relays,2022-03-23,,,-0.8,Outdoor,https://www.tfrrs.org/results/72503/4452846/2022_94th_Clyde_Littlefield_Texas_Relays/Long-Jump,TFRRS all_performances
"Marsh, Erin",Duke,ACC,Long Jump,2022,4,,,5.99,m,2022 94th Clyde Littlefield Texas Relays,2022-03-23,,,1.9,Outdoor,https://www.tfrrs.org/results/72503/4452846/2022_94th_Clyde_Littlefield_Texas_Relays/Long-Jump,TFRRS all_performances
"Wakefield, Isabel",Duke,ACC,Long Jump,2022,3,,,6.02,m,2022 94th Clyde Littlefield Texas Relays,2022-03-23,,,1.0,Outdoor,https://www.tfrrs.org/results/72503/4452846/2022_94th_Clyde_Littlefield_Texas_Relays/Long-Jump,TFRRS all_performances
"Merritt, Nikki",Duke,ACC,Long Jump,2022,3,,,5.85,m,Raleigh Relays,2022-03-24,Final,5.0,,Outdoor,https://goduke.com/sports/track-and-field/roster/nikki-merritt/17760,legacy_source_needs_review
"Merritt, Nikki",Duke,ACC,Long Jump,2022,3,,,5.79,m,Virginia Invitational,2022-04-03,Final,9.0,,Outdoor,https://goduke.com/sports/track-and-field/roster/nikki-merritt/17760,legacy_source_needs_review
"Smith, Brianna",Duke,ACC,Long Jump,2022,2,,,5.61,m,Duke Invitational,2022-04-07,,,2.0,Outdoor,https://www.tfrrs.org/results/74378/4483051/Duke_Invitational/Long-Jump,TFRRS all_performances
"Merritt, Nikki",Duke,ACC,Long Jump,2022,3,,,5.99,m,Tobacco Road Challenge,2022-04-10,Final,2.0,,Outdoor,https://goduke.com/sports/track-and-field/roster/nikki-merritt/17760,legacy_source_needs_review
"Hughes, Zoe",Duke,ACC,Long Jump,2022,4,,,6.19,m,High Point - Meet of Champions,2022-04-15,Final,2.0,3.4,Outdoor,https://www.tfrrs.org/athletes/7723651/Duke/Zoe_Hughes.html,legacy_source_needs_review
"Marsh, Erin",Duke,ACC,Long Jump,2022,4,,,6.18,m,Virginia Challenge,2022-04-22,,,0.9,Outdoor,https://www.tfrrs.org/results/74753/4516575/Virginia_Challenge/Long-Jump,TFRRS all_performances
"Smith, Brianna",Duke,ACC,Long Jump,2022,2,,,5.90,m,Virginia Challenge,2022-04-22,,,1.5,Outdoor,https://www.tfrrs.org/results/74753/4516575/Virginia_Challenge/Long-Jump,TFRRS all_performances
"Wakefield, Isabel",Duke,ACC,Long Jump,2022,3,,,6.24,m,Virginia Challenge,2022-04-22,,,0.2,Outdoor,https://www.tfrrs.org/results/74753/4516575/Virginia_Challenge/Long-Jump,TFRRS all_performances
"Hughes, Zoe",Duke,ACC,Long Jump,2022,4,,,5.85,m,ACC Outdoor Track & Field Championships,2022-05-12,,,1.2,Outdoor,https://www.tfrrs.org/results/75142/4558659/ACC_Outdoor_Track__Field_Championships/Long-Jump,TFRRS all_performances
"Marsh, Erin",Duke,ACC,Long Jump,2022,4,,,5.92,m,ACC Outdoor Track & Field Championships,2022-05-12,,,1.2,Outdoor,https://www.tfrrs.org/results/75142/4556121/ACC_Outdoor_Track__Field_Championships/Long-Jump,TFRRS all_performances
"Marsh, Erin",Duke,ACC,Long Jump,2022,4,,,6.04,m,ACC Outdoor Track & Field Championships,2022-05-12,,,1.5,Outdoor,https://www.tfrrs.org/results/75142/4558659/ACC_Outdoor_Track__Field_Championships/Long-Jump,TFRRS all_performances
"Smith, Brianna",Duke,ACC,Long Jump,2022,2,,,5.61,m,ACC Outdoor Track & Field Championships,2022-05-12,,,1.5,Outdoor,https://www.tfrrs.org/results/75142/4558659/ACC_Outdoor_Track__Field_Championships/Long-Jump,TFRRS all_performances
"Wakefield, Isabel",Duke,ACC,Long Jump,2022,3,,,6.20,m,ACC Outdoor Track & Field Championships,2022-05-12,,,1.3,Outdoor,https://www.tfrrs.org/results/75142/4556121/ACC_Outdoor_Track__Field_Championships/Long-Jump,TFRRS all_performances
"Hughes, Zoe",Duke,ACC,Long Jump,2022,4,,,6.06,m,NCAA East Preliminary Round,2022-05-25,,,-1.7,Outdoor,https://www.tfrrs.org/results/75213/4566142/NCAA_East_Preliminary_Round/Long-Jump,TFRRS all_performances
"Marsh, Erin",Duke,ACC,Long Jump,2022,4,,,5.62,m,NCAA East Preliminary Round,2022-05-25,,,-1.0,Outdoor,https://www.tfrrs.org/results/75213/4566142/NCAA_East_Preliminary_Round/Long-Jump,TFRRS all_performances
"Marsh, Erin",Duke,ACC,Long Jump,2022,4,,,5.74,m,NCAA Division I Outdoor Track & Field Championships,2022-06-08,,,0.4,Outdoor,https://www.tfrrs.org/results/75224/4567518/NCAA_Division_I_Outdoor_Track__Field_Championships/Long-Jump,TFRRS all_performances
"Zwaanstra, Teagan",Stanford,ACC,Long Jump,2022,1,,,5.77,m,Cardinal Classic,2022-03-19,,,0.8,Outdoor,https://www.tfrrs.org/results/71947/4428348/Cardinal_Classic/Long-Jump,TFRRS all_performances
"Jones, Allie",Stanford,ACC,Long Jump,2022,3,,,5.81,m,Stanford Invitational,2022-04-01,,,1.0,Outdoor,https://www.tfrrs.org/results/71984/4464254/Stanford_Invitational/Long-Jump,TFRRS all_performances
"Zwaanstra, Teagan",Stanford,ACC,Long Jump,2022,1,,,5.62,m,Stanford Invitational,2022-04-01,,,+0.0,Outdoor,https://www.tfrrs.org/results/71984/4464254/Stanford_Invitational/Long-Jump,TFRRS all_performances
"Jones, Allie",Stanford,ACC,Long Jump,2022,3,,,5.74,m,62nd Annual Mt. SAC Relays (Collegiate),2022-04-13,,,1.9,Outdoor,https://www.tfrrs.org/results/72999/4504573/62nd_Annual_Mt_SAC_Relays_Collegiate/Long-Jump,TFRRS all_performances
"Zwaanstra, Teagan",Stanford,ACC,Long Jump,2022,1,,,5.99,m,Bryan Clay Invitational,2022-04-13,,,1.3,Outdoor,https://www.tfrrs.org/results/70993/4501716/Bryan_Clay_Invitational/Long-Jump,TFRRS all_performances
"Jones, Allie",Stanford,ACC,Long Jump,2022,3,,,5.45,m,Stanford vs. Cal Big Meet,2022-04-30,,,1.3,Outdoor,https://www.tfrrs.org/results/72461/4538322/Stanford_vs_Cal_Big_Meet/Long-Jump,TFRRS all_performances
"Stapleton, Tess",Stanford,ACC,Long Jump,2022,1,,,5.67,m,Stanford vs. Cal Big Meet,2022-04-30,,,1.0,Outdoor,https://www.tfrrs.org/results/72461/4538322/Stanford_vs_Cal_Big_Meet/Long-Jump,TFRRS all_performances
"Zwaanstra, Teagan",Stanford,ACC,Long Jump,2022,1,,,5.68,m,Stanford vs. Cal Big Meet,2022-04-30,,,1.7,Outdoor,https://www.tfrrs.org/results/72461/4538322/Stanford_vs_Cal_Big_Meet/Long-Jump,TFRRS all_performances
"Jones, Allie",Stanford,ACC,Long Jump,2022,3,,,5.72,m,Pac-12 Track & Field Championships,2022-05-13,,,-0.4,Outdoor,https://www.tfrrs.org/results/74310/4560216/Pac-12_Track__Field_Championships/Long-Jump,TFRRS all_performances
"Stapleton, Tess",Stanford,ACC,Long Jump,2022,1,,,5.69,m,Pac-12 Track & Field Championships,2022-05-13,,,0.9,Outdoor,https://www.tfrrs.org/results/74310/4560187/Pac-12_Track__Field_Championships/Long-Jump,TFRRS all_performances
"Zwaanstra, Teagan",Stanford,ACC,Long Jump,2022,1,,,5.73,m,Pac-12 Track & Field Championships,2022-05-13,,,-0.1,Outdoor,https://www.tfrrs.org/results/74310/4560187/Pac-12_Track__Field_Championships/Long-Jump,TFRRS all_performances
"Jones, Allie",Stanford,ACC,Long Jump,2022,3,,,5.82,m,NCAA Division I Outdoor Track & Field Championships,2022-06-08,,,-0.1,Outdoor,https://www.tfrrs.org/results/75224/4567518/NCAA_Division_I_Outdoor_Track__Field_Championships/Long-Jump,TFRRS all_performances
"Abulencia, Mia",Virginia,ACC,Long Jump,2022,3,,,5.56,m,Virginia Open,2022-03-19,,,1.4,Outdoor,https://www.tfrrs.org/results/73547/4427672/Virginia_Open/Long-Jump,TFRRS all_performances
"Hardy, Jordan",Virginia,ACC,Long Jump,2022,1,,,5.81,m,Virginia Open,2022-03-19,,,1.4,Outdoor,https://www.tfrrs.org/results/73547/4427672/Virginia_Open/Long-Jump,TFRRS all_performances
"Rice, Zoe",Virginia,ACC,Long Jump,2022,3,,,6.03,m,Virginia Open,2022-03-19,,,1.9,Outdoor,https://www.tfrrs.org/results/73547/4427672/Virginia_Open/Long-Jump,TFRRS all_performances
"Still, Alix",Virginia,ACC,Long Jump,2022,3,,,6.14,m,Virginia Open,2022-03-19,,,1.4,Outdoor,https://www.tfrrs.org/results/73547/4427672/Virginia_Open/Long-Jump,TFRRS all_performances
"Rice, Zoe",Virginia,ACC,Long Jump,2022,3,,,5.68,m,Raleigh Relays,2022-03-24,,,1.2,Outdoor,https://www.tfrrs.org/results/73808/4440994/Raleigh_Relays/Long-Jump,TFRRS all_performances
"Seaman, Jada",Virginia,ACC,Long Jump,2022,2,,,6.02,m,Raleigh Relays,2022-03-24,,,1.9,Outdoor,https://www.tfrrs.org/results/73808/4440994/Raleigh_Relays/Long-Jump,TFRRS all_performances
"Hardy, Jordan",Virginia,ACC,Long Jump,2022,1,,,5.33,m,Duke Invitational,2022-04-07,,,-1.4,Outdoor,https://www.tfrrs.org/results/74378/4483053/Duke_Invitational/Long-Jump,TFRRS all_performances
"Rice, Zoe",Virginia,ACC,Long Jump,2022,3,,,5.66,m,Duke Invitational,2022-04-07,,,0.7,Outdoor,https://www.tfrrs.org/results/74378/4483053/Duke_Invitational/Long-Jump,TFRRS all_performances
"Seaman, Jada",Virginia,ACC,Long Jump,2022,2,,,6.12,m,Duke Invitational,2022-04-07,,,1.6,Outdoor,https://www.tfrrs.org/results/74378/4483053/Duke_Invitational/Long-Jump,TFRRS all_performances
"Still, Alix",Virginia,ACC,Long Jump,2022,3,,,5.77,m,Duke Invitational,2022-04-07,,,1.7,Outdoor,https://www.tfrrs.org/results/74378/4483051/Duke_Invitational/Long-Jump,TFRRS all_performances
"Abulencia, Mia",Virginia,ACC,Long Jump,2022,3,,,5.51,m,Virginia Challenge,2022-04-22,,,1.2,Outdoor,https://www.tfrrs.org/results/74753/4516575/Virginia_Challenge/Long-Jump,TFRRS all_performances
"Rice, Zoe",Virginia,ACC,Long Jump,2022,3,,,5.61,m,Virginia Challenge,2022-04-22,,,2.0,Outdoor,https://www.tfrrs.org/results/74753/4516575/Virginia_Challenge/Long-Jump,TFRRS all_performances
"Seaman, Jada",Virginia,ACC,Long Jump,2022,2,,,5.92,m,Virginia Challenge,2022-04-22,,,1.3,Outdoor,https://www.tfrrs.org/results/74753/4516575/Virginia_Challenge/Long-Jump,TFRRS all_performances
"Still, Alix",Virginia,ACC,Long Jump,2022,3,,,5.79,m,Virginia Challenge,2022-04-22,,,0.5,Outdoor,https://www.tfrrs.org/results/74753/4516575/Virginia_Challenge/Long-Jump,TFRRS all_performances
"Seaman, Jada",Virginia,ACC,Long Jump,2022,2,,,6.07,m,Penn Relays,2022-04-28,,,-0.4,Outdoor,https://www.tfrrs.org/results/74986/4539297/Penn_Relays/Long-Jump,TFRRS all_performances
"Abulencia, Mia",Virginia,ACC,Long Jump,2022,3,,,5.66,m,Virginia High Performance,2022-05-04,,,1.5,Outdoor,https://www.tfrrs.org/results/75048/4543853/Virginia_High_Performance/Long-Jump,TFRRS all_performances
"Hardy, Jordan",Virginia,ACC,Long Jump,2022,1,,,5.83,m,Virginia High Performance,2022-05-04,,,0.5,Outdoor,https://www.tfrrs.org/results/75048/4543853/Virginia_High_Performance/Long-Jump,TFRRS all_performances
"Rice, Zoe",Virginia,ACC,Long Jump,2022,3,,,5.98,m,Virginia High Performance,2022-05-04,,,1.1,Outdoor,https://www.tfrrs.org/results/75048/4543853/Virginia_High_Performance/Long-Jump,TFRRS all_performances
"Still, Alix",Virginia,ACC,Long Jump,2022,3,,,5.65,m,Virginia High Performance,2022-05-04,,,0.8,Outdoor,https://www.tfrrs.org/results/75048/4543853/Virginia_High_Performance/Long-Jump,TFRRS all_performances
"Hardy, Jordan",Virginia,ACC,Long Jump,2022,1,,,6.00,m,ACC Outdoor Track & Field Championships,2022-05-12,,,1.9,Outdoor,https://www.tfrrs.org/results/75142/4556121/ACC_Outdoor_Track__Field_Championships/Long-Jump,TFRRS all_performances
"Rice, Zoe",Virginia,ACC,Long Jump,2022,3,,,5.69,m,ACC Outdoor Track & Field Championships,2022-05-12,,,0.6,Outdoor,https://www.tfrrs.org/results/75142/4556121/ACC_Outdoor_Track__Field_Championships/Long-Jump,TFRRS all_performances
"Seaman, Jada",Virginia,ACC,Long Jump,2022,2,,,6.09,m,ACC Outdoor Track & Field Championships,2022-05-12,,,0.4,Outdoor,https://www.tfrrs.org/results/75142/4556121/ACC_Outdoor_Track__Field_Championships/Long-Jump,TFRRS all_performances
"Still, Alix",Virginia,ACC,Long Jump,2022,3,,,5.70,m,ACC Outdoor Track & Field Championships,2022-05-12,,,1.2,Outdoor,https://www.tfrrs.org/results/75142/4556121/ACC_Outdoor_Track__Field_Championships/Long-Jump,TFRRS all_performances
"Still, Alix",Virginia,ACC,Long Jump,2022,3,,,5.75,m,ACC Outdoor Track & Field Championships,2022-05-12,,,0.7,Outdoor,https://www.tfrrs.org/results/75142/4558659/ACC_Outdoor_Track__Field_Championships/Long-Jump,TFRRS all_performances
"Rice, Zoe",Virginia,ACC,Long Jump,2022,3,,,5.87,m,NCAA East Preliminary Round,2022-05-25,,,0.8,Outdoor,https://www.tfrrs.org/results/75213/4566142/NCAA_East_Preliminary_Round/Long-Jump,TFRRS all_performances
"Seaman, Jada",Virginia,ACC,Long Jump,2022,2,,,5.95,m,NCAA East Preliminary Round,2022-05-25,,,-0.3,Outdoor,https://www.tfrrs.org/results/75213/4566142/NCAA_East_Preliminary_Round/Long-Jump,TFRRS all_performances
"Still, Alix",Virginia,ACC,Long Jump,2022,3,,,5.52,m,NCAA East Preliminary Round,2022-05-25,,,0.7,Outdoor,https://www.tfrrs.org/results/75213/4566142/NCAA_East_Preliminary_Round/Long-Jump,TFRRS all_performances
"Bosko, Jenica",Arizona,Big 12,Long Jump,2022,1,,,5.74,m,2022 Willie Williams Classic/Dave Murray Distance Classic,2022-03-18,,,0.6,Outdoor,https://www.tfrrs.org/results/71096/4425773/2022_Willie_Williams_Classic_Dave_Murray_Distance_Classic/Long-Jump,TFRRS all_performances
"Poirier-Shelton, Tiana",Arizona,Big 12,Long Jump,2022,4,,,5.72,m,2022 Willie Williams Classic/Dave Murray Distance Classic,2022-03-18,,,0.1,Outdoor,https://www.tfrrs.org/results/71096/4425773/2022_Willie_Williams_Classic_Dave_Murray_Distance_Classic/Long-Jump,TFRRS all_performances
"Powers, Hollan",Arizona,Big 12,Long Jump,2022,1,,,5.01,m,2022 ASU Invitational,2022-03-25,,,-0.7,Outdoor,https://www.tfrrs.org/results/72833/4442851/2022_ASU_Invitational/Long-Jump,TFRRS all_performances
"Bosko, Jenica",Arizona,Big 12,Long Jump,2022,1,,,5.90,m,2022 Jim Click Shootout,2022-04-08,,,0.7,Outdoor,https://www.tfrrs.org/results/70958/4485741/2022_Jim_Click_Shootout/Long-Jump,TFRRS all_performances
"Howard, Neysia",Arizona,Big 12,Long Jump,2022,3,,,5.48,m,2022 Jim Click Shootout,2022-04-08,,,1.1,Outdoor,https://www.tfrrs.org/results/70958/4485741/2022_Jim_Click_Shootout/Long-Jump,TFRRS all_performances
"Powers, Hollan",Arizona,Big 12,Long Jump,2022,1,,,5.16,m,2022 Jim Click Shootout,2022-04-08,,,1.1,Outdoor,https://www.tfrrs.org/results/70958/4485712/2022_Jim_Click_Shootout/Long-Jump,TFRRS all_performances
"Sieben, Skylar",Arizona,Big 12,Long Jump,2022,3,,,5.62,m,2022 Jim Click Shootout,2022-04-08,,,0.3,Outdoor,https://www.tfrrs.org/results/70958/4485712/2022_Jim_Click_Shootout/Long-Jump,TFRRS all_performances
"Bosko, Jenica",Arizona,Big 12,Long Jump,2022,1,,,6.10,m,Desert Heat Classic 2022,2022-04-30,,,-1.0,Outdoor,https://www.tfrrs.org/results/71098/4538665/Desert_Heat_Classic_2022/Long-Jump,TFRRS all_performances
"Perkins, Rylee",Arizona,Big 12,Long Jump,2022,2,,,5.63,m,Desert Heat Classic 2022,2022-04-30,,,+0.0,Outdoor,https://www.tfrrs.org/results/71098/4538665/Desert_Heat_Classic_2022/Long-Jump,TFRRS all_performances
"Poirier-Shelton, Tiana",Arizona,Big 12,Long Jump,2022,4,,,5.68,m,Desert Heat Classic 2022,2022-04-30,,,0.7,Outdoor,https://www.tfrrs.org/results/71098/4538665/Desert_Heat_Classic_2022/Long-Jump,TFRRS all_performances
"Bosko, Jenica",Arizona,Big 12,Long Jump,2022,1,,,5.91,m,Pac-12 Track & Field Championships,2022-05-13,,,0.9,Outdoor,https://www.tfrrs.org/results/74310/4560187/Pac-12_Track__Field_Championships/Long-Jump,TFRRS all_performances
"Poirier-Shelton, Tiana",Arizona,Big 12,Long Jump,2022,4,,,5.66,m,Pac-12 Track & Field Championships,2022-05-13,,,1.9,Outdoor,https://www.tfrrs.org/results/74310/4560187/Pac-12_Track__Field_Championships/Long-Jump,TFRRS all_performances
"Powers, Hollan",Arizona,Big 12,Long Jump,2022,1,,,5.33,m,Pac-12 Track & Field Championships,2022-05-13,,,+0.0,Outdoor,https://www.tfrrs.org/results/74310/4560216/Pac-12_Track__Field_Championships/Long-Jump,TFRRS all_performances
"Sieben, Skylar",Arizona,Big 12,Long Jump,2022,3,,,5.74,m,Pac-12 Track & Field Championships,2022-05-13,,,0.3,Outdoor,https://www.tfrrs.org/results/74310/4560216/Pac-12_Track__Field_Championships/Long-Jump,TFRRS all_performances
"Bosko, Jenica",Arizona,Big 12,Long Jump,2022,1,,,5.73,m,NCAA West Preliminary Round,2022-05-25,,,-0.4,Outdoor,https://www.tfrrs.org/results/75211/4565975/NCAA_West_Preliminary_Round/Long-Jump,TFRRS all_performances
"Raymond, Taye",BYU,Big 12,Long Jump,2022,2,,,5.77,m,Trojan Invite,2022-03-18,,,1.4,Outdoor,https://www.tfrrs.org/results/72420/4425991/Trojan_Invite/Long-Jump,TFRRS all_performances
"Folsom, Halley",BYU,Big 12,Long Jump,2022,4,,,5.40,m,2022 94th Clyde Littlefield Texas Relays,2022-03-23,,,1.2,Outdoor,https://www.tfrrs.org/results/72503/4452846/2022_94th_Clyde_Littlefield_Texas_Relays/Long-Jump,TFRRS all_performances
"Raymond, Taye",BYU,Big 12,Long Jump,2022,2,,,5.74,m,Texas State Bobcat Invitational,2022-03-24,,,2.0,Outdoor,https://www.tfrrs.org/results/72944/4442512/Texas_State_Bobcat_Invitational/Long-Jump,TFRRS all_performances
"Andam, Camilla",BYU,Big 12,Long Jump,2022,2,,,5.33,m,2022 UVU Collegiate Invitational,2022-03-31,,,+0.0,Outdoor,https://www.tfrrs.org/results/74121/4464549/2022_UVU_Collegiate_Invitational/Long-Jump,TFRRS all_performances
"Raymond, Taye",BYU,Big 12,Long Jump,2022,2,,,5.61,m,2022 UVU Collegiate Invitational,2022-03-31,,,0.5,Outdoor,https://www.tfrrs.org/results/74121/4464549/2022_UVU_Collegiate_Invitational/Long-Jump,TFRRS all_performances
"Raymond, Taye",BYU,Big 12,Long Jump,2022,2,,,5.31,m,John McDonnell Invitational,2022-04-07,,,1.0,Outdoor,https://www.tfrrs.org/results/73448/4480933/John_McDonnell_Invitational/Long-Jump,TFRRS all_performances
"Torgerson, Mayci",BYU,Big 12,Long Jump,2022,2,,,4.86,m,John McDonnell Invitational,2022-04-07,,,1.1,Outdoor,https://www.tfrrs.org/results/73448/4480933/John_McDonnell_Invitational/Long-Jump,TFRRS all_performances
"Andam, Camilla",BYU,Big 12,Long Jump,2022,2,,,5.37,m,2022 Aggie Invitational,2022-04-08,,,0.6,Outdoor,https://www.tfrrs.org/results/72750/4484234/2022_Aggie_Invitational/Long-Jump,TFRRS all_performances
"Folsom, Halley",BYU,Big 12,Long Jump,2022,4,,,5.78,m,Bryan Clay Invitational,2022-04-13,,,1.5,Outdoor,https://www.tfrrs.org/results/70993/4515139/Bryan_Clay_Invitational/Long-Jump,TFRRS all_performances
"Ford, Lauryn",BYU,Big 12,Long Jump,2022,2,,,5.64,m,2022 BYU Robison Invitational,2022-04-20,,,1.2,Outdoor,https://www.tfrrs.org/results/74719/4522345/2022_BYU_Robison_Invitational/Long-Jump,TFRRS all_performances
"Ford, Lauryn",BYU,Big 12,Long Jump,2022,2,,,5.55,m,Desert Heat Classic 2022,2022-04-30,,,-1.8,Outdoor,https://www.tfrrs.org/results/71098/4538665/Desert_Heat_Classic_2022/Long-Jump,TFRRS all_performances
"Raymond, Taye",BYU,Big 12,Long Jump,2022,2,,,5.91,m,Desert Heat Classic 2022,2022-04-30,,,-0.8,Outdoor,https://www.tfrrs.org/results/71098/4538665/Desert_Heat_Classic_2022/Long-Jump,TFRRS all_performances
"Andam, Camilla",BYU,Big 12,Long Jump,2022,2,,,5.35,m,2022 BYU Cougar Invitational,2022-05-06,,,+0.0,Outdoor,https://www.tfrrs.org/results/75150/4558084/2022_BYU_Cougar_Invitational/Long-Jump,TFRRS all_performances
"Folsom, Halley",BYU,Big 12,Long Jump,2022,4,,,5.27,m,2022 BYU Cougar Invitational,2022-05-06,,,-1.3,Outdoor,https://www.tfrrs.org/results/75150/4558084/2022_BYU_Cougar_Invitational/Long-Jump,TFRRS all_performances
"Ford, Lauryn",BYU,Big 12,Long Jump,2022,2,,,5.48,m,2022 BYU Cougar Invitational,2022-05-06,,,+0.0,Outdoor,https://www.tfrrs.org/results/75150/4558084/2022_BYU_Cougar_Invitational/Long-Jump,TFRRS all_performances
"Raymond, Taye",BYU,Big 12,Long Jump,2022,2,,,5.93,m,2022 BYU Cougar Invitational,2022-05-06,,,-1.1,Outdoor,https://www.tfrrs.org/results/75150/4558084/2022_BYU_Cougar_Invitational/Long-Jump,TFRRS all_performances
"Folsom, Halley",BYU,Big 12,Long Jump,2022,4,,,5.40,m,NCAA Division I Outdoor Track & Field Championships,2022-06-08,,,-0.4,Outdoor,https://www.tfrrs.org/results/75224/4567518/NCAA_Division_I_Outdoor_Track__Field_Championships/Long-Jump,TFRRS all_performances
"Clark, Kayla",Baylor,Big 12,Long Jump,2022,2,,,5.22,m,TCU Invitational,2022-03-18,,,-2.3,Outdoor,https://www.tfrrs.org/results/71303/4426280/TCU_Invitational/Long-Jump,TFRRS all_performances
"Johnson, Koi",Baylor,Big 12,Long Jump,2022,2,,,5.87,m,TCU Invitational,2022-03-18,,,0.1,Outdoor,https://www.tfrrs.org/results/71303/4426280/TCU_Invitational/Long-Jump,TFRRS all_performances
"Madlock, Alex",Baylor,Big 12,Long Jump,2022,4,,,6.20,m,TCU Invitational,2022-03-18,,,0.7,Outdoor,https://www.tfrrs.org/results/71303/4426280/TCU_Invitational/Long-Jump,TFRRS all_performances
"Pettway, Caira",Baylor,Big 12,Long Jump,2022,4,,,6.36,m,TCU Invitational,2022-03-18,,,1.5,Outdoor,https://www.tfrrs.org/results/71303/4426280/TCU_Invitational/Long-Jump,TFRRS all_performances
"Rutenis, Alexandra",Baylor,Big 12,Long Jump,2022,1,,,5.52,m,TCU Invitational,2022-03-18,,,1.3,Outdoor,https://www.tfrrs.org/results/71303/4426280/TCU_Invitational/Long-Jump,TFRRS all_performances
"Madlock, Alex",Baylor,Big 12,Long Jump,2022,4,,,6.38,m,2022 94th Clyde Littlefield Texas Relays,2022-03-23,,,0.9,Outdoor,https://www.tfrrs.org/results/72503/4440691/2022_94th_Clyde_Littlefield_Texas_Relays/Long-Jump,TFRRS all_performances
"Pettway, Caira",Baylor,Big 12,Long Jump,2022,4,,,6.32,m,2022 94th Clyde Littlefield Texas Relays,2022-03-23,,,0.9,Outdoor,https://www.tfrrs.org/results/72503/4440691/2022_94th_Clyde_Littlefield_Texas_Relays/Long-Jump,TFRRS all_performances
"Clark, Kayla",Baylor,Big 12,Long Jump,2022,2,,,5.61,m,Baylor Invitational,2022-04-02,,,1.8,Outdoor,https://www.tfrrs.org/results/71445/4461524/Baylor_Invitational/Long-Jump,TFRRS all_performances
"Rutenis, Alexandra",Baylor,Big 12,Long Jump,2022,1,,,5.79,m,Baylor Invitational,2022-04-02,,,1.5,Outdoor,https://www.tfrrs.org/results/71445/4461524/Baylor_Invitational/Long-Jump,TFRRS all_performances
"Madlock, Alex",Baylor,Big 12,Long Jump,2022,4,,,6.24,m,44 Farms Team Invitational,2022-04-08,,,2.0,Outdoor,https://www.tfrrs.org/results/74390/4485837/44_Farms_Team_Invitational/Long-Jump,TFRRS all_performances
"Miller, Alyssa",Baylor,Big 12,Long Jump,2022,3,,,5.54,m,44 Farms Team Invitational,2022-04-08,,,0.5,Outdoor,https://www.tfrrs.org/results/74390/4486617/44_Farms_Team_Invitational/Long-Jump,TFRRS all_performances
"Pettway, Caira",Baylor,Big 12,Long Jump,2022,4,,,6.28,m,44 Farms Team Invitational,2022-04-08,,,1.8,Outdoor,https://www.tfrrs.org/results/74390/4485837/44_Farms_Team_Invitational/Long-Jump,TFRRS all_performances
"Rhodes, Kiara",Baylor,Big 12,Long Jump,2022,4,,,5.18,m,44 Farms Team Invitational,2022-04-08,,,0.6,Outdoor,https://www.tfrrs.org/results/74390/4486617/44_Farms_Team_Invitational/Long-Jump,TFRRS all_performances
"Rutenis, Alexandra",Baylor,Big 12,Long Jump,2022,1,,,5.56,m,44 Farms Team Invitational,2022-04-08,,,1.4,Outdoor,https://www.tfrrs.org/results/74390/4485837/44_Farms_Team_Invitational/Long-Jump,TFRRS all_performances
"Clark, Kayla",Baylor,Big 12,Long Jump,2022,2,,,5.13,m,Michael Johnson Invitational,2022-04-22,,,1.6,Outdoor,https://www.tfrrs.org/results/71446/4517813/Michael_Johnson_Invitational/Long-Jump,TFRRS all_performances
"Johnson, Koi",Baylor,Big 12,Long Jump,2022,2,,,5.94,m,Michael Johnson Invitational,2022-04-22,,,1.6,Outdoor,https://www.tfrrs.org/results/71446/4517813/Michael_Johnson_Invitational/Long-Jump,TFRRS all_performances
"Madlock, Alex",Baylor,Big 12,Long Jump,2022,4,,,6.12,m,Michael Johnson Invitational,2022-04-22,,,1.3,Outdoor,https://www.tfrrs.org/results/71446/4517813/Michael_Johnson_Invitational/Long-Jump,TFRRS all_performances
"Miller, Alyssa",Baylor,Big 12,Long Jump,2022,3,,,5.63,m,Michael Johnson Invitational,2022-04-22,,,1.8,Outdoor,https://www.tfrrs.org/results/71446/4517813/Michael_Johnson_Invitational/Long-Jump,TFRRS all_performances
"Pettway, Caira",Baylor,Big 12,Long Jump,2022,4,,,5.91,m,Michael Johnson Invitational,2022-04-22,,,1.6,Outdoor,https://www.tfrrs.org/results/71446/4517813/Michael_Johnson_Invitational/Long-Jump,TFRRS all_performances
"Rutenis, Alexandra",Baylor,Big 12,Long Jump,2022,1,,,5.14,m,Michael Johnson Invitational,2022-04-22,,,1.2,Outdoor,https://www.tfrrs.org/results/71446/4517813/Michael_Johnson_Invitational/Long-Jump,TFRRS all_performances
"Pettway, Caira",Baylor,Big 12,Long Jump,2022,4,,,6.29,m,LSU Invitational,2022-04-30,,,0.5,Outdoor,https://www.tfrrs.org/results/74135/4536414/LSU_Invitational/Long-Jump,TFRRS all_performances
"Rutenis, Alexandra",Baylor,Big 12,Long Jump,2022,1,,,5.63,m,LSU Invitational,2022-04-30,,,0.7,Outdoor,https://www.tfrrs.org/results/74135/4536414/LSU_Invitational/Long-Jump,TFRRS all_performances
"Johnson, Koi",Baylor,Big 12,Long Jump,2022,2,,,6.27,m,Big 12 Championships,2022-05-13,,,1.2,Outdoor,https://www.tfrrs.org/results/75162/4560552/Big_12_Championships/Long-Jump,TFRRS all_performances
"Madlock, Alex",Baylor,Big 12,Long Jump,2022,4,,,6.33,m,Big 12 Championships,2022-05-13,,,1.5,Outdoor,https://www.tfrrs.org/results/75162/4560552/Big_12_Championships/Long-Jump,TFRRS all_performances
"Miller, Alyssa",Baylor,Big 12,Long Jump,2022,3,,,5.73,m,Big 12 Championships,2022-05-13,,,1.9,Outdoor,https://www.tfrrs.org/results/75162/4560551/Big_12_Championships/Long-Jump,TFRRS all_performances
"Pettway, Caira",Baylor,Big 12,Long Jump,2022,4,,,6.29,m,Big 12 Championships,2022-05-13,,,0.8,Outdoor,https://www.tfrrs.org/results/75162/4560552/Big_12_Championships/Long-Jump,TFRRS all_performances
"Johnson, Koi",Baylor,Big 12,Long Jump,2022,2,,,5.72,m,NCAA West Preliminary Round,2022-05-25,,,0.8,Outdoor,https://www.tfrrs.org/results/75211/4565975/NCAA_West_Preliminary_Round/Long-Jump,TFRRS all_performances
"Madlock, Alex",Baylor,Big 12,Long Jump,2022,4,,,6.33,m,NCAA West Preliminary Round,2022-05-25,,,-0.5,Outdoor,https://www.tfrrs.org/results/75211/4565975/NCAA_West_Preliminary_Round/Long-Jump,TFRRS all_performances
"Pettway, Caira",Baylor,Big 12,Long Jump,2022,4,,,6.27,m,NCAA West Preliminary Round,2022-05-25,,,1.2,Outdoor,https://www.tfrrs.org/results/75211/4565975/NCAA_West_Preliminary_Round/Long-Jump,TFRRS all_performances
"Madlock, Alex",Baylor,Big 12,Long Jump,2022,4,,,5.88,m,NCAA Division I Outdoor Track & Field Championships,2022-06-08,,,0.3,Outdoor,https://www.tfrrs.org/results/75224/4567509/NCAA_Division_I_Outdoor_Track__Field_Championships/Long-Jump,TFRRS all_performances
"Pettway, Caira",Baylor,Big 12,Long Jump,2022,4,,,6.41,m,NCAA Division I Outdoor Track & Field Championships,2022-06-08,,,-0.6,Outdoor,https://www.tfrrs.org/results/75224/4567509/NCAA_Division_I_Outdoor_Track__Field_Championships/Long-Jump,TFRRS all_performances
"Willits, Sydney",Iowa State,Big 12,Long Jump,2022,1,,,5.84,m,Texas State Bobcat Invitational,2022-03-24,,,1.3,Outdoor,https://www.tfrrs.org/results/72944/4442512/Texas_State_Bobcat_Invitational/Long-Jump,TFRRS all_performances
"Willits, Sydney",Iowa State,Big 12,Long Jump,2022,1,,,6.05,m,Bryan Clay Invitational,2022-04-13,,,1.8,Outdoor,https://www.tfrrs.org/results/70993/4515163/Bryan_Clay_Invitational/Long-Jump,TFRRS all_performances
"Willits, Sydney",Iowa State,Big 12,Long Jump,2022,1,,,6.13,m,Musco Twilight XXI,2022-04-22,,,0.2,Outdoor,https://www.tfrrs.org/results/70940/4518155/Musco_Twilight_XXI/Long-Jump,TFRRS all_performances
"Willits, Sydney",Iowa State,Big 12,Long Jump,2022,1,,,5.73,m,Drake Relays,2022-04-27,,,1.7,Outdoor,https://www.tfrrs.org/results/74970/4536849/Drake_Relays/Long-Jump,TFRRS all_performances
"Willits, Sydney",Iowa State,Big 12,Long Jump,2022,1,,,6.07,m,Big 12 Championships,2022-05-13,,,1.1,Outdoor,https://www.tfrrs.org/results/75162/4560552/Big_12_Championships/Long-Jump,TFRRS all_performances
"Willits, Sydney",Iowa State,Big 12,Long Jump,2022,1,,,5.94,m,NCAA West Preliminary Round,2022-05-25,,,-0.5,Outdoor,https://www.tfrrs.org/results/75211/4565975/NCAA_West_Preliminary_Round/Long-Jump,TFRRS all_performances
"Kerley, Virginia",Texas Tech,Big 12,Long Jump,2022,4,,,5.86,m,2022 94th Clyde Littlefield Texas Relays,2022-03-23,,,+0.0,Outdoor,https://www.tfrrs.org/results/72503/4440691/2022_94th_Clyde_Littlefield_Texas_Relays/Long-Jump,TFRRS all_performances
"Nichols, Monae'",Texas Tech,Big 12,Long Jump,2022,4,,,6.80,m,2022 94th Clyde Littlefield Texas Relays,2022-03-23,,,1.5,Outdoor,https://www.tfrrs.org/results/72503/4440624/2022_94th_Clyde_Littlefield_Texas_Relays/Long-Jump,TFRRS all_performances
"Jones, Callie",Texas Tech,Big 12,Long Jump,2022,4,,,5.82,m,TTU Masked Rider Open,2022-04-01,,,1.1,Outdoor,https://www.tfrrs.org/results/74109/4462906/TTU_Masked_Rider_Open/Long-Jump,TFRRS all_performances
"Kerley, Virginia",Texas Tech,Big 12,Long Jump,2022,4,,,5.64,m,TTU Masked Rider Open,2022-04-01,,,1.0,Outdoor,https://www.tfrrs.org/results/74109/4462906/TTU_Masked_Rider_Open/Long-Jump,TFRRS all_performances
"Jones, Callie",Texas Tech,Big 12,Long Jump,2022,4,,,5.70,m,62nd Annual Mt. SAC Relays (Collegiate),2022-04-13,,,0.4,Outdoor,https://www.tfrrs.org/results/72999/4504573/62nd_Annual_Mt_SAC_Relays_Collegiate/Long-Jump,TFRRS all_performances
"Nichols, Monae'",Texas Tech,Big 12,Long Jump,2022,4,,,6.86,m,62nd Annual Mt. SAC Relays (Elite),2022-04-13,,,1.7,Outdoor,https://www.tfrrs.org/results/72997/4504270/62nd_Annual_Mt_SAC_Relays_Elite/Long-Jump,TFRRS all_performances
"Tate, Aria",Texas Tech,Big 12,Long Jump,2022,3,,,5.96,m,62nd Annual Mt. SAC Relays (Collegiate),2022-04-13,,,0.8,Outdoor,https://www.tfrrs.org/results/72999/4504573/62nd_Annual_Mt_SAC_Relays_Collegiate/Long-Jump,TFRRS all_performances
"Jones, Callie",Texas Tech,Big 12,Long Jump,2022,4,,,5.55,m,Michael Johnson Invitational,2022-04-22,,,1.6,Outdoor,https://www.tfrrs.org/results/71446/4517813/Michael_Johnson_Invitational/Long-Jump,TFRRS all_performances
"Obamuwagun, Onaara",Texas Tech,Big 12,Long Jump,2022,2,,,5.62,m,Michael Johnson Invitational,2022-04-22,,,1.8,Outdoor,https://www.tfrrs.org/results/71446/4517813/Michael_Johnson_Invitational/Long-Jump,TFRRS all_performances
"Usoro, Ruth",Texas Tech,Big 12,Long Jump,2022,4,,,6.51,m,Michael Johnson Invitational,2022-04-22,,,1.1,Outdoor,https://www.tfrrs.org/results/71446/4517813/Michael_Johnson_Invitational/Long-Jump,TFRRS all_performances
"Kerley, Virginia",Texas Tech,Big 12,Long Jump,2022,4,,,5.81,m,TTU Corky Classic,2022-04-29,,,2.0,Outdoor,https://www.tfrrs.org/results/74975/4538278/TTU_Corky_Classic/Long-Jump,TFRRS all_performances
"Lasmane, Ruta",Texas Tech,Big 12,Long Jump,2022,2,,,6.11,m,TTU Corky Classic,2022-04-29,,,-1.1,Outdoor,https://www.tfrrs.org/results/74975/4538278/TTU_Corky_Classic/Long-Jump,TFRRS all_performances
"Nichols, Monae'",Texas Tech,Big 12,Long Jump,2022,4,,,6.74,m,TTU Corky Classic,2022-04-29,,,-1.5,Outdoor,https://www.tfrrs.org/results/74975/4538278/TTU_Corky_Classic/Long-Jump,TFRRS all_performances
"Usoro, Ruth",Texas Tech,Big 12,Long Jump,2022,4,,,6.49,m,TTU Corky Classic,2022-04-29,,,-1.8,Outdoor,https://www.tfrrs.org/results/74975/4538278/TTU_Corky_Classic/Long-Jump,TFRRS all_performances
"Jones, Callie",Texas Tech,Big 12,Long Jump,2022,4,,,6.03,m,Big 12 Championships,2022-05-13,,,1.2,Outdoor,https://www.tfrrs.org/results/75162/4560551/Big_12_Championships/Long-Jump,TFRRS all_performances
"Kerley, Virginia",Texas Tech,Big 12,Long Jump,2022,4,,,6.05,m,Big 12 Championships,2022-05-13,,,0.4,Outdoor,https://www.tfrrs.org/results/75162/4560552/Big_12_Championships/Long-Jump,TFRRS all_performances
"Lasmane, Ruta",Texas Tech,Big 12,Long Jump,2022,2,,,6.42,m,Big 12 Championships,2022-05-13,,,0.9,Outdoor,https://www.tfrrs.org/results/75162/4560552/Big_12_Championships/Long-Jump,TFRRS all_performances
"Nichols, Monae'",Texas Tech,Big 12,Long Jump,2022,4,,,6.97,m,Big 12 Championships,2022-05-13,,,1.0,Outdoor,https://www.tfrrs.org/results/75162/4560552/Big_12_Championships/Long-Jump,TFRRS all_performances
"Tate, Aria",Texas Tech,Big 12,Long Jump,2022,3,,,5.86,m,Big 12 Championships,2022-05-13,,,1.7,Outdoor,https://www.tfrrs.org/results/75162/4560551/Big_12_Championships/Long-Jump,TFRRS all_performances
"Usoro, Ruth",Texas Tech,Big 12,Long Jump,2022,4,,,6.78,m,Big 12 Championships,2022-05-13,,,0.8,Outdoor,https://www.tfrrs.org/results/75162/4560552/Big_12_Championships/Long-Jump,TFRRS all_performances
"Jones, Callie",Texas Tech,Big 12,Long Jump,2022,4,,,5.81,m,NCAA West Preliminary Round,2022-05-25,,,-0.8,Outdoor,https://www.tfrrs.org/results/75211/4565975/NCAA_West_Preliminary_Round/Long-Jump,TFRRS all_performances
"Lasmane, Ruta",Texas Tech,Big 12,Long Jump,2022,2,,,6.31,m,NCAA West Preliminary Round,2022-05-25,,,1.7,Outdoor,https://www.tfrrs.org/results/75211/4565975/NCAA_West_Preliminary_Round/Long-Jump,TFRRS all_performances
"Nichols, Monae'",Texas Tech,Big 12,Long Jump,2022,4,,,6.59,m,NCAA West Preliminary Round,2022-05-25,,,0.5,Outdoor,https://www.tfrrs.org/results/75211/4565975/NCAA_West_Preliminary_Round/Long-Jump,TFRRS all_performances
"Usoro, Ruth",Texas Tech,Big 12,Long Jump,2022,4,,,6.47,m,NCAA West Preliminary Round,2022-05-25,,,0.5,Outdoor,https://www.tfrrs.org/results/75211/4565975/NCAA_West_Preliminary_Round/Long-Jump,TFRRS all_performances
"Jones, Callie",Texas Tech,Big 12,Long Jump,2022,4,,,5.64,m,NCAA Division I Outdoor Track & Field Championships,2022-06-08,,,0.1,Outdoor,https://www.tfrrs.org/results/75224/4567518/NCAA_Division_I_Outdoor_Track__Field_Championships/Long-Jump,TFRRS all_performances
"Lasmane, Ruta",Texas Tech,Big 12,Long Jump,2022,2,,,6.17,m,NCAA Division I Outdoor Track & Field Championships,2022-06-08,,,1.0,Outdoor,https://www.tfrrs.org/results/75224/4567509/NCAA_Division_I_Outdoor_Track__Field_Championships/Long-Jump,TFRRS all_performances
"Nichols, Monae'",Texas Tech,Big 12,Long Jump,2022,4,,,6.54,m,NCAA Division I Outdoor Track & Field Championships,2022-06-08,,,0.2,Outdoor,https://www.tfrrs.org/results/75224/4567509/NCAA_Division_I_Outdoor_Track__Field_Championships/Long-Jump,TFRRS all_performances
"Abraham, Mia",Illinois,Big Ten,Long Jump,2022,1,,,5.30,m,Ole Miss Classic,2022-03-25,,,1.2,Outdoor,https://www.tfrrs.org/results/71559/4443806/Ole_Miss_Classic/Long-Jump,TFRRS all_performances
"Nguyen, Nicole",Illinois,Big Ten,Long Jump,2022,2,,,5.12,m,Ole Miss Classic,2022-03-25,,,-0.4,Outdoor,https://www.tfrrs.org/results/71559/4443806/Ole_Miss_Classic/Long-Jump,TFRRS all_performances
"Abraham, Mia",Illinois,Big Ten,Long Jump,2022,1,,,5.18,m,Illini Classic,2022-04-09,,,1.3,Outdoor,https://www.tfrrs.org/results/73327/4485757/Illini_Classic/Long-Jump,TFRRS all_performances
"Abraham, Mia",Illinois,Big Ten,Long Jump,2022,1,,,5.56,m,Bryan Clay Invitational,2022-04-13,,,+0.0,Outdoor,https://www.tfrrs.org/results/70993/4501716/Bryan_Clay_Invitational/Long-Jump,TFRRS all_performances
"Abraham, Mia",Illinois,Big Ten,Long Jump,2022,1,,,5.42,m,Big Ten Outdoor Track & Field Championships,2022-05-13,,,1.5,Outdoor,https://www.tfrrs.org/results/75158/4559898/Big_Ten_Outdoor_Track__Field_Championships/Long-Jump,TFRRS all_performances
"Nettles, Kenli",Illinois,Big Ten,Long Jump,2022,1,,,5.28,m,Big Ten Outdoor Track & Field Championships,2022-05-13,,,1.6,Outdoor,https://www.tfrrs.org/results/75158/4559981/Big_Ten_Outdoor_Track__Field_Championships/Long-Jump,TFRRS all_performances
"Pearson, Zionn",Nebraska,Big Ten,Long Jump,2022,3,,,5.90,m,Florida Relays,2022-03-31,,,-0.2,Outdoor,https://www.tfrrs.org/results/72948/4463897/Florida_Relays/Long-Jump,TFRRS all_performances
"Stepney, LaQwasia",Nebraska,Big Ten,Long Jump,2022,2,,,6.01,m,Florida Relays,2022-03-31,,,0.1,Outdoor,https://www.tfrrs.org/results/72948/4463900/Florida_Relays/Long-Jump,TFRRS all_performances
"Ilves, Lishanna",Nebraska,Big Ten,Long Jump,2022,2,,,6.15,m,John McDonnell Invitational,2022-04-07,,,2.0,Outdoor,https://www.tfrrs.org/results/73448/4480933/John_McDonnell_Invitational/Long-Jump,TFRRS all_performances
"McElmurry, Ashley",Nebraska,Big Ten,Long Jump,2022,2,,,6.06,m,John McDonnell Invitational,2022-04-07,,,1.2,Outdoor,https://www.tfrrs.org/results/73448/4480933/John_McDonnell_Invitational/Long-Jump,TFRRS all_performances
"Pearson, Zionn",Nebraska,Big Ten,Long Jump,2022,3,,,5.96,m,John McDonnell Invitational,2022-04-07,,,0.5,Outdoor,https://www.tfrrs.org/results/73448/4480933/John_McDonnell_Invitational/Long-Jump,TFRRS all_performances
"Stepney, LaQwasia",Nebraska,Big Ten,Long Jump,2022,2,,,5.88,m,John McDonnell Invitational,2022-04-07,,,0.9,Outdoor,https://www.tfrrs.org/results/73448/4480933/John_McDonnell_Invitational/Long-Jump,TFRRS all_performances
"Thomas, Darby",Nebraska,Big Ten,Long Jump,2022,2,,,5.96,m,John McDonnell Invitational,2022-04-07,,,0.4,Outdoor,https://www.tfrrs.org/results/73448/4480933/John_McDonnell_Invitational/Long-Jump,TFRRS all_performances
"Wanjoku, Favour",Nebraska,Big Ten,Long Jump,2022,1,,,4.41,m,John McDonnell Invitational,2022-04-07,,,1.5,Outdoor,https://www.tfrrs.org/results/73448/4480933/John_McDonnell_Invitational/Long-Jump,TFRRS all_performances
"Ilves, Lishanna",Nebraska,Big Ten,Long Jump,2022,2,,,6.04,m,Michael Johnson Invitational,2022-04-22,,,0.6,Outdoor,https://www.tfrrs.org/results/71446/4517813/Michael_Johnson_Invitational/Long-Jump,TFRRS all_performances
"McElmurry, Ashley",Nebraska,Big Ten,Long Jump,2022,2,,,6.17,m,Michael Johnson Invitational,2022-04-22,,,1.8,Outdoor,https://www.tfrrs.org/results/71446/4517813/Michael_Johnson_Invitational/Long-Jump,TFRRS all_performances
"Pearson, Zionn",Nebraska,Big Ten,Long Jump,2022,3,,,6.09,m,Michael Johnson Invitational,2022-04-22,,,1.9,Outdoor,https://www.tfrrs.org/results/71446/4517813/Michael_Johnson_Invitational/Long-Jump,TFRRS all_performances
"Stepney, LaQwasia",Nebraska,Big Ten,Long Jump,2022,2,,,6.25,m,Michael Johnson Invitational,2022-04-22,,,1.8,Outdoor,https://www.tfrrs.org/results/71446/4517813/Michael_Johnson_Invitational/Long-Jump,TFRRS all_performances
"Wanjoku, Favour",Nebraska,Big Ten,Long Jump,2022,1,,,5.79,m,Michael Johnson Invitational,2022-04-22,,,1.9,Outdoor,https://www.tfrrs.org/results/71446/4517813/Michael_Johnson_Invitational/Long-Jump,TFRRS all_performances
"Ilves, Lishanna",Nebraska,Big Ten,Long Jump,2022,2,,,6.29,m,Drake Relays,2022-04-27,,,+0.0,Outdoor,https://www.tfrrs.org/results/74970/4536849/Drake_Relays/Long-Jump,TFRRS all_performances
"McElmurry, Ashley",Nebraska,Big Ten,Long Jump,2022,2,,,5.84,m,Drake Relays,2022-04-27,,,+0.0,Outdoor,https://www.tfrrs.org/results/74970/4536849/Drake_Relays/Long-Jump,TFRRS all_performances
"Pearson, Zionn",Nebraska,Big Ten,Long Jump,2022,3,,,6.00,m,Drake Relays,2022-04-27,,,-0.1,Outdoor,https://www.tfrrs.org/results/74970/4536849/Drake_Relays/Long-Jump,TFRRS all_performances
"Stepney, LaQwasia",Nebraska,Big Ten,Long Jump,2022,2,,,5.72,m,Drake Relays,2022-04-27,,,+0.0,Outdoor,https://www.tfrrs.org/results/74970/4536849/Drake_Relays/Long-Jump,TFRRS all_performances
"Turke, Ieva",Nebraska,Big Ten,Long Jump,2022,4,,,6.04,m,KSU Ward Haylett Invitational,2022-05-06,,,1.1,Outdoor,https://www.tfrrs.org/results/74692/4547623/KSU_Ward_Haylett_Invitational/Long-Jump,TFRRS all_performances
"McElmurry, Ashley",Nebraska,Big Ten,Long Jump,2022,2,,,5.60,m,Big Ten Outdoor Track & Field Championships,2022-05-13,,,1.4,Outdoor,https://www.tfrrs.org/results/75158/4559898/Big_Ten_Outdoor_Track__Field_Championships/Long-Jump,TFRRS all_performances
"Myers, Kerrigan",Nebraska,Big Ten,Long Jump,2022,2,,,5.34,m,Big Ten Outdoor Track & Field Championships,2022-05-13,,,1.5,Outdoor,https://www.tfrrs.org/results/75158/4559981/Big_Ten_Outdoor_Track__Field_Championships/Long-Jump,TFRRS all_performances
"Pearson, Zionn",Nebraska,Big Ten,Long Jump,2022,3,,,5.71,m,Big Ten Outdoor Track & Field Championships,2022-05-13,,,0.3,Outdoor,https://www.tfrrs.org/results/75158/4559898/Big_Ten_Outdoor_Track__Field_Championships/Long-Jump,TFRRS all_performances
"Stepney, LaQwasia",Nebraska,Big Ten,Long Jump,2022,2,,,6.21,m,Big Ten Outdoor Track & Field Championships,2022-05-13,,,-0.1,Outdoor,https://www.tfrrs.org/results/75158/4559898/Big_Ten_Outdoor_Track__Field_Championships/Long-Jump,TFRRS all_performances
"Turke, Ieva",Nebraska,Big Ten,Long Jump,2022,4,,,5.63,m,Big Ten Outdoor Track & Field Championships,2022-05-13,,,1.7,Outdoor,https://www.tfrrs.org/results/75158/4559898/Big_Ten_Outdoor_Track__Field_Championships/Long-Jump,TFRRS all_performances
"Ilves, Lishanna",Nebraska,Big Ten,Long Jump,2022,2,,,6.14,m,NCAA West Preliminary Round,2022-05-25,,,-0.2,Outdoor,https://www.tfrrs.org/results/75211/4565975/NCAA_West_Preliminary_Round/Long-Jump,TFRRS all_performances
"McElmurry, Ashley",Nebraska,Big Ten,Long Jump,2022,2,,,6.03,m,NCAA West Preliminary Round,2022-05-25,,,1.0,Outdoor,https://www.tfrrs.org/results/75211/4565975/NCAA_West_Preliminary_Round/Long-Jump,TFRRS all_performances
"Stepney, LaQwasia",Nebraska,Big Ten,Long Jump,2022,2,,,6.23,m,NCAA West Preliminary Round,2022-05-25,,,0.9,Outdoor,https://www.tfrrs.org/results/75211/4565975/NCAA_West_Preliminary_Round/Long-Jump,TFRRS all_performances
"Stepney, LaQwasia",Nebraska,Big Ten,Long Jump,2022,2,,,6.22,m,NCAA Division I Outdoor Track & Field Championships,2022-06-08,,,0.8,Outdoor,https://www.tfrrs.org/results/75224/4567509/NCAA_Division_I_Outdoor_Track__Field_Championships/Long-Jump,TFRRS all_performances
"Bullock, Gianna",Oregon,Big Ten,Long Jump,2022,1,,,5.22,m,43rd Aztec Invitational,2022-03-24,,,0.5,Outdoor,https://www.tfrrs.org/results/72993/4442348/43rd_Aztec_Invitational/Long-Jump,TFRRS all_performances
"Chocek, Taylor",Oregon,Big Ten,Long Jump,2022,2,,,5.40,m,43rd Aztec Invitational,2022-03-24,,,+0.0,Outdoor,https://www.tfrrs.org/results/72993/4442348/43rd_Aztec_Invitational/Long-Jump,TFRRS all_performances
"Ellis, Lexi",Oregon,Big Ten,Long Jump,2022,3,,,5.27,m,43rd Aztec Invitational,2022-03-24,,,0.5,Outdoor,https://www.tfrrs.org/results/72993/4442348/43rd_Aztec_Invitational/Long-Jump,TFRRS all_performances
"Uzoekwe, Colleen",Oregon,Big Ten,Long Jump,2022,1,,,6.02,m,43rd Aztec Invitational,2022-03-24,,,0.2,Outdoor,https://www.tfrrs.org/results/72993/4442348/43rd_Aztec_Invitational/Long-Jump,TFRRS all_performances
"Bullock, Gianna",Oregon,Big Ten,Long Jump,2022,1,,,5.61,m,Hayward Premiere,2022-04-01,,,0.6,Outdoor,https://www.tfrrs.org/results/73106/4462800/Hayward_Premiere/Long-Jump,TFRRS all_performances
"Chocek, Taylor",Oregon,Big Ten,Long Jump,2022,2,,,5.41,m,Hayward Premiere,2022-04-01,,,-0.4,Outdoor,https://www.tfrrs.org/results/73106/4462800/Hayward_Premiere/Long-Jump,TFRRS all_performances
"Ellis, Lexi",Oregon,Big Ten,Long Jump,2022,3,,,5.51,m,Hayward Premiere,2022-04-01,,,-0.5,Outdoor,https://www.tfrrs.org/results/73106/4462800/Hayward_Premiere/Long-Jump,TFRRS all_performances
"Ganashamoorthy, Hannah",Oregon,Big Ten,Long Jump,2022,1,,,4.91,m,Hayward Premiere,2022-04-01,,,0.3,Outdoor,https://www.tfrrs.org/results/73106/4462800/Hayward_Premiere/Long-Jump,TFRRS all_performances
"Ruotolo, Dominique",Oregon,Big Ten,Long Jump,2022,2,,,5.85,m,Hayward Premiere,2022-04-01,,,0.1,Outdoor,https://www.tfrrs.org/results/73106/4462800/Hayward_Premiere/Long-Jump,TFRRS all_performances
"Sloan, Tori",Oregon,Big Ten,Long Jump,2022,3,,,5.50,m,Hayward Premiere,2022-04-01,,,+0.0,Outdoor,https://www.tfrrs.org/results/73106/4462800/Hayward_Premiere/Long-Jump,TFRRS all_performances
"Uzoekwe, Colleen",Oregon,Big Ten,Long Jump,2022,1,,,5.84,m,Hayward Premiere,2022-04-01,,,0.2,Outdoor,https://www.tfrrs.org/results/73106/4462800/Hayward_Premiere/Long-Jump,TFRRS all_performances
"Bullock, Gianna",Oregon,Big Ten,Long Jump,2022,1,,,5.63,m,Bryan Clay Invitational,2022-04-13,,,1.2,Outdoor,https://www.tfrrs.org/results/70993/4515163/Bryan_Clay_Invitational/Long-Jump,TFRRS all_performances
"Chocek, Taylor",Oregon,Big Ten,Long Jump,2022,2,,,5.67,m,Bryan Clay Invitational,2022-04-13,,,+0.0,Outdoor,https://www.tfrrs.org/results/70993/4515163/Bryan_Clay_Invitational/Long-Jump,TFRRS all_performances
"Hickey, Alysah",Oregon,Big Ten,Long Jump,2022,2,,,6.60,m,62nd Annual Mt. SAC Relays (Collegiate),2022-04-13,,,0.9,Outdoor,https://www.tfrrs.org/results/72999/4504246/62nd_Annual_Mt_SAC_Relays_Collegiate/Long-Jump,TFRRS all_performances
"Uzoekwe, Colleen",Oregon,Big Ten,Long Jump,2022,1,,,5.35,m,Bryan Clay Invitational,2022-04-13,,,+0.0,Outdoor,https://www.tfrrs.org/results/70993/4515163/Bryan_Clay_Invitational/Long-Jump,TFRRS all_performances
"Bullock, Gianna",Oregon,Big Ten,Long Jump,2022,1,,,5.47,m,Oregon Relays (College/Pro/Una),2022-04-22,,,0.3,Outdoor,https://www.tfrrs.org/results/73107/4520369/Oregon_Relays_College_Pro_Una/Long-Jump,TFRRS all_performances
"Ellis, Lexi",Oregon,Big Ten,Long Jump,2022,3,,,5.63,m,Oregon Relays (College/Pro/Una),2022-04-22,,,1.4,Outdoor,https://www.tfrrs.org/results/73107/4520369/Oregon_Relays_College_Pro_Una/Long-Jump,TFRRS all_performances
"Uzoekwe, Colleen",Oregon,Big Ten,Long Jump,2022,1,,,5.65,m,Oregon Relays (College/Pro/Una),2022-04-22,,,1.3,Outdoor,https://www.tfrrs.org/results/73107/4520369/Oregon_Relays_College_Pro_Una/Long-Jump,TFRRS all_performances
"Bullock, Gianna",Oregon,Big Ten,Long Jump,2022,1,,,5.44,m,OSU High Performance Meet,2022-04-29,,,1.0,Outdoor,https://www.tfrrs.org/results/70818/4537900/OSU_High_Performance_Meet/Long-Jump,TFRRS all_performances
"Uzoekwe, Colleen",Oregon,Big Ten,Long Jump,2022,1,,,5.27,m,OSU High Performance Meet,2022-04-29,,,-2.2,Outdoor,https://www.tfrrs.org/results/70818/4537900/OSU_High_Performance_Meet/Long-Jump,TFRRS all_performances
"Bullock, Gianna",Oregon,Big Ten,Long Jump,2022,1,,,5.54,m,Oregon Twilight,2022-05-06,,,-0.2,Outdoor,https://www.tfrrs.org/results/73108/4547274/Oregon_Twilight/Long-Jump,TFRRS all_performances
"Kiefer, Meagan",Oregon,Big Ten,Long Jump,2022,2,,,4.92,m,Oregon Twilight,2022-05-06,,,+0.0,Outdoor,https://www.tfrrs.org/results/73108/4547274/Oregon_Twilight/Long-Jump,TFRRS all_performances
"Uzoekwe, Colleen",Oregon,Big Ten,Long Jump,2022,1,,,5.66,m,Oregon Twilight,2022-05-06,,,1.6,Outdoor,https://www.tfrrs.org/results/73108/4547274/Oregon_Twilight/Long-Jump,TFRRS all_performances
"Chocek, Taylor",Oregon,Big Ten,Long Jump,2022,2,,,5.70,m,Pac-12 Track & Field Championships,2022-05-13,,,0.4,Outdoor,https://www.tfrrs.org/results/74310/4560216/Pac-12_Track__Field_Championships/Long-Jump,TFRRS all_performances
"Hickey, Alysah",Oregon,Big Ten,Long Jump,2022,2,,,6.41,m,Pac-12 Track & Field Championships,2022-05-13,,,0.4,Outdoor,https://www.tfrrs.org/results/74310/4560187/Pac-12_Track__Field_Championships/Long-Jump,TFRRS all_performances
"Ruotolo, Dominique",Oregon,Big Ten,Long Jump,2022,2,,,6.24,m,Pac-12 Track & Field Championships,2022-05-13,,,0.3,Outdoor,https://www.tfrrs.org/results/74310/4560187/Pac-12_Track__Field_Championships/Long-Jump,TFRRS all_performances
"Ruotolo, Dominique",Oregon,Big Ten,Long Jump,2022,2,,,6.15,m,NCAA West Preliminary Round,2022-05-25,,,0.1,Outdoor,https://www.tfrrs.org/results/75211/4565975/NCAA_West_Preliminary_Round/Long-Jump,TFRRS all_performances
"Harris, Kimberly",USC,Big Ten,Long Jump,2022,2,,,5.28,m,USC vs. UCLA,2022-04-30,,,0.7,Outdoor,https://www.tfrrs.org/results/73574/4539739/USC_vs_UCLA_/Long-Jump,TFRRS all_performances
"Jones, Jasmine",USC,Big Ten,Long Jump,2022,2,,,6.10,m,USC vs. UCLA,2022-04-30,,,1.4,Outdoor,https://www.tfrrs.org/results/73574/4539739/USC_vs_UCLA_/Long-Jump,TFRRS all_performances
"Ojora, Temitope",USC,Big Ten,Long Jump,2022,3,,,6.16,m,USC vs. UCLA,2022-04-30,,,0.2,Outdoor,https://www.tfrrs.org/results/73574/4539739/USC_vs_UCLA_/Long-Jump,TFRRS all_performances
"Ojora, Temitope",USC,Big Ten,Long Jump,2022,3,,,6.12,m,Pac-12 Track & Field Championships,2022-05-13,,,1.7,Outdoor,https://www.tfrrs.org/results/74310/4560187/Pac-12_Track__Field_Championships/Long-Jump,TFRRS all_performances
"Heath, Jelani",Washington,Big Ten,Long Jump,2022,4,,,5.74,m,Doris Heritage Track Festival,2022-03-19,,,+0.0,Outdoor,https://www.tfrrs.org/results/72996/4427481/Doris_Heritage_Track_Festival/Long-Jump,TFRRS all_performances
"Heath, Jelani",Washington,Big Ten,Long Jump,2022,4,,,5.86,m,Raleigh Relays,2022-03-24,,,1.5,Outdoor,https://www.tfrrs.org/results/73808/4440994/Raleigh_Relays/Long-Jump,TFRRS all_performances
"Rusnak, Hannah",Washington,Big Ten,Long Jump,2022,4,,,5.53,m,Raleigh Relays,2022-03-24,,,1.1,Outdoor,https://www.tfrrs.org/results/73808/4440994/Raleigh_Relays/Long-Jump,TFRRS all_performances
"Eikeng, Ida",Washington,Big Ten,Long Jump,2022,3,,,5.77,m,West Coast Relays,2022-03-31,,,-0.7,Outdoor,https://www.tfrrs.org/results/72319/4459101/West_Coast_Relays/Long-Jump,TFRRS all_performances
"Heath, Jelani",Washington,Big Ten,Long Jump,2022,4,,,5.78,m,West Coast Relays,2022-03-31,,,1.4,Outdoor,https://www.tfrrs.org/results/72319/4459101/West_Coast_Relays/Long-Jump,TFRRS all_performances
"Rusnak, Hannah",Washington,Big Ten,Long Jump,2022,4,,,5.96,m,West Coast Relays,2022-03-31,,,1.7,Outdoor,https://www.tfrrs.org/results/72319/4459101/West_Coast_Relays/Long-Jump,TFRRS all_performances
"Eikeng, Ida",Washington,Big Ten,Long Jump,2022,3,,,5.45,m,62nd Annual Mt. SAC Relays (Collegiate),2022-04-13,,,0.4,Outdoor,https://www.tfrrs.org/results/72999/4504573/62nd_Annual_Mt_SAC_Relays_Collegiate/Long-Jump,TFRRS all_performances
"Rusnak, Hannah",Washington,Big Ten,Long Jump,2022,4,,,5.82,m,62nd Annual Mt. SAC Relays (Collegiate),2022-04-13,,,1.2,Outdoor,https://www.tfrrs.org/results/72999/4504573/62nd_Annual_Mt_SAC_Relays_Collegiate/Long-Jump,TFRRS all_performances
"Duckett, Camille",Washington,Big Ten,Long Jump,2022,1,,,5.33,m,WSU-UW Dual,2022-04-22,,,1.7,Outdoor,https://www.tfrrs.org/results/74635/4514273/WSU-UW_Dual/Long-Jump,TFRRS all_performances
"Eikeng, Ida",Washington,Big Ten,Long Jump,2022,3,,,6.01,m,WSU-UW Dual,2022-04-22,,,1.0,Outdoor,https://www.tfrrs.org/results/74635/4514273/WSU-UW_Dual/Long-Jump,TFRRS all_performances
"Heath, Jelani",Washington,Big Ten,Long Jump,2022,4,,,5.91,m,WSU-UW Dual,2022-04-22,,,2.0,Outdoor,https://www.tfrrs.org/results/74635/4514273/WSU-UW_Dual/Long-Jump,TFRRS all_performances
"Heath, Jelani",Washington,Big Ten,Long Jump,2022,4,,,5.83,m,Fresno State Invitational,2022-04-29,,,1.2,Outdoor,https://www.tfrrs.org/results/72321/4538734/Fresno_State_Invitational/Long-Jump,TFRRS all_performances
"Heath, Jelani",Washington,Big Ten,Long Jump,2022,4,,,5.93,m,Pac-12 Track & Field Championships,2022-05-13,,,0.8,Outdoor,https://www.tfrrs.org/results/74310/4560187/Pac-12_Track__Field_Championships/Long-Jump,TFRRS all_performances
"Rusnak, Hannah",Washington,Big Ten,Long Jump,2022,4,,,5.53,m,Pac-12 Track & Field Championships,2022-05-13,,,0.7,Outdoor,https://www.tfrrs.org/results/74310/4560216/Pac-12_Track__Field_Championships/Long-Jump,TFRRS all_performances
"Eikeng, Ida",Washington,Big Ten,Long Jump,2022,3,,,5.96,m,NCAA Division I Outdoor Track & Field Championships,2022-06-08,,,0.5,Outdoor,https://www.tfrrs.org/results/75224/4567518/NCAA_Division_I_Outdoor_Track__Field_Championships/Long-Jump,TFRRS all_performances
"Kohtala, Camille",Alabama,SEC,Long Jump,2022,2,,,5.43,m,LSU Joe May Invitational,2022-04-09,,,0.9,Outdoor,https://www.tfrrs.org/results/74133/4482439/LSU_Joe_May_Invitational/Long-Jump,TFRRS all_performances
"Ward, Aysia",Alabama,SEC,Long Jump,2022,2,,,5.30,m,LSU Joe May Invitational,2022-04-09,,,-2.1,Outdoor,https://www.tfrrs.org/results/74133/4482439/LSU_Joe_May_Invitational/Long-Jump,TFRRS all_performances
"Kohtala, Camille",Alabama,SEC,Long Jump,2022,2,,,5.43,m,Crimson Tide Invitational,2022-04-22,,,0.5,Outdoor,https://www.tfrrs.org/results/74765/4519349/Crimson_Tide_Invitational/Long-Jump,TFRRS all_performances
"Ward, Aysia",Alabama,SEC,Long Jump,2022,2,,,5.29,m,Crimson Tide Invitational,2022-04-22,,,-1.0,Outdoor,https://www.tfrrs.org/results/74765/4519349/Crimson_Tide_Invitational/Long-Jump,TFRRS all_performances
"Ward, Aysia",Alabama,SEC,Long Jump,2022,2,,,5.66,m,LSU Invitational,2022-04-30,,,0.9,Outdoor,https://www.tfrrs.org/results/74135/4536414/LSU_Invitational/Long-Jump,TFRRS all_performances
"Bryant, Claire",Florida,SEC,Long Jump,2022,2,,,6.73,m,2022 94th Clyde Littlefield Texas Relays,2022-03-23,,,1.9,Outdoor,https://www.tfrrs.org/results/72503/4440624/2022_94th_Clyde_Littlefield_Texas_Relays/Long-Jump,TFRRS all_performances
"Hall, Anna",Florida,SEC,Long Jump,2022,2,,,6.23,m,2022 94th Clyde Littlefield Texas Relays,2022-03-23,,,0.9,Outdoor,https://www.tfrrs.org/results/72503/4452846/2022_94th_Clyde_Littlefield_Texas_Relays/Long-Jump,TFRRS all_performances
"Lester, Sterling",Florida,SEC,Long Jump,2022,3,,,5.93,m,2022 94th Clyde Littlefield Texas Relays,2022-03-23,,,1.2,Outdoor,https://www.tfrrs.org/results/72503/4452846/2022_94th_Clyde_Littlefield_Texas_Relays/Long-Jump,TFRRS all_performances
"Moore, Jasmine",Florida,SEC,Long Jump,2022,2,,,6.75,m,2022 94th Clyde Littlefield Texas Relays,2022-03-23,,,1.7,Outdoor,https://www.tfrrs.org/results/72503/4440624/2022_94th_Clyde_Littlefield_Texas_Relays/Long-Jump,TFRRS all_performances
"Braxton , Alissa",Florida,SEC,Long Jump,2022,2,,,5.85,m,Florida Relays,2022-03-31,,,1.6,Outdoor,https://www.tfrrs.org/results/72948/4463897/Florida_Relays/Long-Jump,TFRRS all_performances
"Bryant, Claire",Florida,SEC,Long Jump,2022,2,,,6.47,m,Florida Relays,2022-03-31,,,-0.6,Outdoor,https://www.tfrrs.org/results/72948/4463900/Florida_Relays/Long-Jump,TFRRS all_performances
"Moore, Jasmine",Florida,SEC,Long Jump,2022,2,,,6.52,m,Florida Relays,2022-03-31,,,+0.0,Outdoor,https://www.tfrrs.org/results/72948/4463900/Florida_Relays/Long-Jump,TFRRS all_performances
"Braxton , Alissa",Florida,SEC,Long Jump,2022,2,,,5.83,m,UF Tom Jones Memorial,2022-04-15,,,2.0,Outdoor,https://www.tfrrs.org/results/73497/4502590/UF_Tom_Jones_Memorial/Long-Jump,TFRRS all_performances
"Bryant, Claire",Florida,SEC,Long Jump,2022,2,,,6.46,m,UF Tom Jones Memorial,2022-04-15,,,1.9,Outdoor,https://www.tfrrs.org/results/73497/4502560/UF_Tom_Jones_Memorial/Long-Jump,TFRRS all_performances
"Lester, Sterling",Florida,SEC,Long Jump,2022,3,,,5.80,m,UF Tom Jones Memorial,2022-04-15,,,1.4,Outdoor,https://www.tfrrs.org/results/73497/4502590/UF_Tom_Jones_Memorial/Long-Jump,TFRRS all_performances
"Bryant, Claire",Florida,SEC,Long Jump,2022,2,,,6.67,m,LSU Invitational,2022-04-30,,,1.9,Outdoor,https://www.tfrrs.org/results/74135/4536414/LSU_Invitational/Long-Jump,TFRRS all_performances
"Hall, Anna",Florida,SEC,Long Jump,2022,2,,,6.33,m,LSU Invitational,2022-04-30,,,0.9,Outdoor,https://www.tfrrs.org/results/74135/4536414/LSU_Invitational/Long-Jump,TFRRS all_performances
"Moore, Jasmine",Florida,SEC,Long Jump,2022,2,,,6.82,m,LSU Invitational,2022-04-30,,,2.0,Outdoor,https://www.tfrrs.org/results/74135/4536414/LSU_Invitational/Long-Jump,TFRRS all_performances
"Hall, Anna",Florida,SEC,Long Jump,2022,2,,,6.39,m,USATF Combined Events Championships,2022-05-06,,,0.9,Outdoor,https://www.tfrrs.org/results/75082/4566684/USATF_Combined_Events_Championships/Long-Jump,TFRRS all_performances
"Bryant, Claire",Florida,SEC,Long Jump,2022,2,,,6.56,m,SEC Outdoor Track & Field Championships,2022-05-12,,,0.4,Outdoor,https://www.tfrrs.org/results/74844/4557129/SEC_Outdoor_Track__Field_Championships/Long-Jump,TFRRS all_performances
"Hall, Anna",Florida,SEC,Long Jump,2022,2,,,6.42,m,SEC Outdoor Track & Field Championships,2022-05-12,,,0.6,Outdoor,https://www.tfrrs.org/results/74844/4557129/SEC_Outdoor_Track__Field_Championships/Long-Jump,TFRRS all_performances
"Lester, Sterling",Florida,SEC,Long Jump,2022,3,,,5.86,m,SEC Outdoor Track & Field Championships,2022-05-12,,,0.6,Outdoor,https://www.tfrrs.org/results/74844/4559075/SEC_Outdoor_Track__Field_Championships/Long-Jump,TFRRS all_performances
"Moore, Jasmine",Florida,SEC,Long Jump,2022,2,,,6.73,m,SEC Outdoor Track & Field Championships,2022-05-12,,,0.4,Outdoor,https://www.tfrrs.org/results/74844/4557129/SEC_Outdoor_Track__Field_Championships/Long-Jump,TFRRS all_performances
"Bryant, Claire",Florida,SEC,Long Jump,2022,2,,,6.32,m,NCAA East Preliminary Round,2022-05-25,,,-1.2,Outdoor,https://www.tfrrs.org/results/75213/4566142/NCAA_East_Preliminary_Round/Long-Jump,TFRRS all_performances
"Moore, Jasmine",Florida,SEC,Long Jump,2022,2,,,6.57,m,NCAA East Preliminary Round,2022-05-25,,,-1.4,Outdoor,https://www.tfrrs.org/results/75213/4566142/NCAA_East_Preliminary_Round/Long-Jump,TFRRS all_performances
"Bryant, Claire",Florida,SEC,Long Jump,2022,2,,,6.51,m,NCAA Division I Outdoor Track & Field Championships,2022-06-08,,,1.4,Outdoor,https://www.tfrrs.org/results/75224/4567509/NCAA_Division_I_Outdoor_Track__Field_Championships/Long-Jump,TFRRS all_performances
"Hall, Anna",Florida,SEC,Long Jump,2022,2,,,6.27,m,NCAA Division I Outdoor Track & Field Championships,2022-06-08,,,0.9,Outdoor,https://www.tfrrs.org/results/75224/4567518/NCAA_Division_I_Outdoor_Track__Field_Championships/Long-Jump,TFRRS all_performances
"Lester, Sterling",Florida,SEC,Long Jump,2022,3,,,5.66,m,NCAA Division I Outdoor Track & Field Championships,2022-06-08,,,0.9,Outdoor,https://www.tfrrs.org/results/75224/4567518/NCAA_Division_I_Outdoor_Track__Field_Championships/Long-Jump,TFRRS all_performances
"Moore, Jasmine",Florida,SEC,Long Jump,2022,2,,,6.72,m,NCAA Division I Outdoor Track & Field Championships,2022-06-08,,,0.2,Outdoor,https://www.tfrrs.org/results/75224/4567509/NCAA_Division_I_Outdoor_Track__Field_Championships/Long-Jump,TFRRS all_performances
"Marsh, Titiana",Georgia,SEC,Long Jump,2022,3,,,6.32,m,Florida Relays,2022-03-31,,,0.2,Outdoor,https://www.tfrrs.org/results/72948/4463900/Florida_Relays/Long-Jump,TFRRS all_performances
"Frye, Eddiyah",Georgia,SEC,Long Jump,2022,1,,,5.78,m,UF Tom Jones Memorial,2022-04-15,,,1.2,Outdoor,https://www.tfrrs.org/results/73497/4502590/UF_Tom_Jones_Memorial/Long-Jump,TFRRS all_performances
"Marsh, Titiana",Georgia,SEC,Long Jump,2022,3,,,6.23,m,UF Tom Jones Memorial,2022-04-15,,,1.5,Outdoor,https://www.tfrrs.org/results/73497/4502560/UF_Tom_Jones_Memorial/Long-Jump,TFRRS all_performances
"Frye, Eddiyah",Georgia,SEC,Long Jump,2022,1,,,5.65,m,Georgia Tech Invitational,2022-04-22,,,-0.3,Outdoor,https://www.tfrrs.org/results/74751/4516399/Georgia_Tech_Invitational/Long-Jump,TFRRS all_performances
"Frye, Eddiyah",Georgia,SEC,Long Jump,2022,1,,,5.53,m,Torrin Lawrence Memorial Invite,2022-04-29,,,-0.6,Outdoor,https://www.tfrrs.org/results/74967/4535936/Torrin_Lawrence_Memorial_Invite/Long-Jump,TFRRS all_performances
"Marsh, Titiana",Georgia,SEC,Long Jump,2022,3,,,6.38,m,Torrin Lawrence Memorial Invite,2022-04-29,,,-1.8,Outdoor,https://www.tfrrs.org/results/74967/4535936/Torrin_Lawrence_Memorial_Invite/Long-Jump,TFRRS all_performances
"Marsh, Titiana",Georgia,SEC,Long Jump,2022,3,,,6.24,m,SEC Outdoor Track & Field Championships,2022-05-12,,,0.4,Outdoor,https://www.tfrrs.org/results/74844/4557129/SEC_Outdoor_Track__Field_Championships/Long-Jump,TFRRS all_performances
"Marsh, Titiana",Georgia,SEC,Long Jump,2022,3,,,6.37,m,NCAA East Preliminary Round,2022-05-25,,,-1.7,Outdoor,https://www.tfrrs.org/results/75213/4566142/NCAA_East_Preliminary_Round/Long-Jump,TFRRS all_performances
"Marsh, Titiana",Georgia,SEC,Long Jump,2022,3,,,6.26,m,NCAA Division I Outdoor Track & Field Championships,2022-06-08,,,0.1,Outdoor,https://www.tfrrs.org/results/75224/4567509/NCAA_Division_I_Outdoor_Track__Field_Championships/Long-Jump,TFRRS all_performances
"Jordan, Kendall",Kentucky,SEC,Long Jump,2022,1,,,5.37,m,Black and Gold Invite,2022-03-18,,,1.4,Outdoor,https://www.tfrrs.org/results/72780/4425388/Black_and_Gold_Invite/Long-Jump,TFRRS all_performances
"Galloway, Sophie",Kentucky,SEC,Long Jump,2022,1,,,5.65,m,2022 94th Clyde Littlefield Texas Relays,2022-03-23,,,1.2,Outdoor,https://www.tfrrs.org/results/72503/4452846/2022_94th_Clyde_Littlefield_Texas_Relays/Long-Jump,TFRRS all_performances
"Galloway, Sophie",Kentucky,SEC,Long Jump,2022,1,,,5.50,m,Florida Relays,2022-03-31,,,0.1,Outdoor,https://www.tfrrs.org/results/72948/4463897/Florida_Relays/Long-Jump,TFRRS all_performances
"Wilson, Meg",Kentucky,SEC,Long Jump,2022,1,,,5.18,m,2022 Oliver Nikoloff Invitational,2022-04-01,,,+0.0,Outdoor,https://www.tfrrs.org/results/73312/4461619/2022_Oliver_Nikoloff_Invitational_/Long-Jump,TFRRS all_performances
"Williams, Annika",Kentucky,SEC,Long Jump,2022,2,,,6.10,m,LSU Joe May Invitational,2022-04-09,,,0.5,Outdoor,https://www.tfrrs.org/results/74133/4482439/LSU_Joe_May_Invitational/Long-Jump,TFRRS all_performances
"Galloway, Sophie",Kentucky,SEC,Long Jump,2022,1,,,5.86,m,2022 Kentucky Track & Field Invitational,2022-04-22,,,+0.0,Outdoor,https://www.tfrrs.org/results/70609/4514297/2022_Kentucky_Track__Field_Invitational/Long-Jump,TFRRS all_performances
"Jordan, Kendall",Kentucky,SEC,Long Jump,2022,1,,,5.66,m,2022 Kentucky Track & Field Invitational,2022-04-22,,,0.9,Outdoor,https://www.tfrrs.org/results/70609/4514297/2022_Kentucky_Track__Field_Invitational/Long-Jump,TFRRS all_performances
"Williams, Annika",Kentucky,SEC,Long Jump,2022,2,,,6.27,m,2022 Kentucky Track & Field Invitational,2022-04-22,,,0.1,Outdoor,https://www.tfrrs.org/results/70609/4514297/2022_Kentucky_Track__Field_Invitational/Long-Jump,TFRRS all_performances
"Wilson, Meg",Kentucky,SEC,Long Jump,2022,1,,,5.82,m,2022 Kentucky Track & Field Invitational,2022-04-22,,,0.1,Outdoor,https://www.tfrrs.org/results/70609/4514297/2022_Kentucky_Track__Field_Invitational/Long-Jump,TFRRS all_performances
"Wilson, Meg",Kentucky,SEC,Long Jump,2022,1,,,5.89,m,SEC Outdoor Track & Field Championships,2022-05-12,,,-0.2,Outdoor,https://www.tfrrs.org/results/74844/4557129/SEC_Outdoor_Track__Field_Championships/Long-Jump,TFRRS all_performances
"Williams, Annika",Kentucky,SEC,Long Jump,2022,2,,,6.02,m,NCAA East Preliminary Round,2022-05-25,,,-1.1,Outdoor,https://www.tfrrs.org/results/75213/4566142/NCAA_East_Preliminary_Round/Long-Jump,TFRRS all_performances
"Christie, Nia",Clemson,ACC,Long Jump,2023,2,,,5.33,m,Yellow Jacket Invitational,2023-03-17,,,+0.0,Outdoor,https://www.tfrrs.org/results/78633/4769216/Yellow_Jacket_Invitational/Long-Jump,TFRRS all_performances
"Johnston, Caroline",Clemson,ACC,Long Jump,2023,4,,,5.62,m,Yellow Jacket Invitational,2023-03-17,,,1.0,Outdoor,https://www.tfrrs.org/results/78633/4769216/Yellow_Jacket_Invitational/Long-Jump,TFRRS all_performances
"Christie, Nia",Clemson,ACC,Long Jump,2023,2,,,5.73,m,Knights Invite,2023-03-24,,,1.4,Outdoor,https://www.tfrrs.org/results/77633/4746343/Knights_Invite/Long-Jump,TFRRS all_performances
"Johnston, Caroline",Clemson,ACC,Long Jump,2023,4,,,5.83,m,Knights Invite,2023-03-24,,,1.1,Outdoor,https://www.tfrrs.org/results/77633/4746343/Knights_Invite/Long-Jump,TFRRS all_performances
"Klett, Isabelle",Clemson,ACC,Long Jump,2023,2,,,5.53,m,Knights Invite,2023-03-24,,,1.4,Outdoor,https://www.tfrrs.org/results/77633/4746343/Knights_Invite/Long-Jump,TFRRS all_performances
"Foreman, Shantae",Clemson,ACC,Long Jump,2023,1,,,5.94,m,2023 95th Clyde Littlefield Texas Relays,2023-03-29,Final,,2.8,Outdoor,https://www.tfrrs.org/athletes/7974393/Clemson/Shantae_Foreman,legacy_source_needs_review
"Kapoor, Isabelle",Clemson,ACC,Long Jump,2023,1,,,5.05,m,Spec Towns - Torrin Lawrence Invitational,2023-04-06,,,0.8,Outdoor,https://www.tfrrs.org/results/79636/4805240/Spec_Towns_-_Torrin_Lawrence_Invitational/Long-Jump,TFRRS all_performances
"Klett, Isabelle",Clemson,ACC,Long Jump,2023,2,,,5.53,m,Spec Towns - Torrin Lawrence Invitational,2023-04-06,,,0.4,Outdoor,https://www.tfrrs.org/results/79636/4805203/Spec_Towns_-_Torrin_Lawrence_Invitational/Long-Jump,TFRRS all_performances
"Roemer, Kassandra",Clemson,ACC,Long Jump,2023,4,,,5.40,m,Spec Towns - Torrin Lawrence Invitational,2023-04-06,,,-0.3,Outdoor,https://www.tfrrs.org/results/79636/4805203/Spec_Towns_-_Torrin_Lawrence_Invitational/Long-Jump,TFRRS all_performances
"Foreman, Shantae",Clemson,ACC,Long Jump,2023,1,,,5.63,m,UF Tom Jones Memorial,2023-04-14,,,1.0,Outdoor,https://www.tfrrs.org/results/78102/4824400/UF_Tom_Jones_Memorial/Long-Jump,TFRRS all_performances
"Johnston, Caroline",Clemson,ACC,Long Jump,2023,4,,,5.68,m,UF Tom Jones Memorial,2023-04-14,,,0.9,Outdoor,https://www.tfrrs.org/results/78102/4824431/UF_Tom_Jones_Memorial/Long-Jump,TFRRS all_performances
"Johnston, Caroline",Clemson,ACC,Long Jump,2023,4,,,5.65,m,USC Open Outdoor 2023,2023-04-22,,,-2.3,Outdoor,https://www.tfrrs.org/results/76412/4855766/USC_Open_Outdoor_2023/Long-Jump,TFRRS all_performances
"Roemer, Kassandra",Clemson,ACC,Long Jump,2023,4,,,5.53,m,USC Open Outdoor 2023,2023-04-22,,,1.3,Outdoor,https://www.tfrrs.org/results/76412/4855762/USC_Open_Outdoor_2023/Long-Jump,TFRRS all_performances
"Johnston, Caroline",Clemson,ACC,Long Jump,2023,4,,,5.54,m,Penn Relays,2023-04-27,,,-0.7,Outdoor,https://www.tfrrs.org/results/80814/4891292/Penn_Relays/Long-Jump,TFRRS all_performances
"Foreman, Shantae",Clemson,ACC,Long Jump,2023,1,,,6.12,m,ACC Outdoor Track & Field Championships,2023-05-11,,,-0.2,Outdoor,https://www.tfrrs.org/results/81191/4928833/ACC_Outdoor_Track__Field_Championships/Long-Jump,TFRRS all_performances
"Kapoor, Isabelle",Clemson,ACC,Long Jump,2023,1,,,4.74,m,ACC Outdoor Track & Field Championships,2023-05-11,,,-1.0,Outdoor,https://www.tfrrs.org/results/81191/4928975/ACC_Outdoor_Track__Field_Championships/Long-Jump,TFRRS all_performances
"Roemer, Kassandra",Clemson,ACC,Long Jump,2023,4,,,5.27,m,ACC Outdoor Track & Field Championships,2023-05-11,,,-0.2,Outdoor,https://www.tfrrs.org/results/81191/4928975/ACC_Outdoor_Track__Field_Championships/Long-Jump,TFRRS all_performances
"Krafian, Anoush",Duke,ACC,Long Jump,2023,4,,,5.38,m,Alan Connie Shamrock Invitational,2023-03-16,,,+0.0,Outdoor,https://www.tfrrs.org/results/75548/4733575/Alan_Connie_Shamrock_Invitational/Long-Jump,TFRRS all_performances
"Wakefield, Isabel",Duke,ACC,Long Jump,2023,4,,,5.76,m,Alan Connie Shamrock Invitational,2023-03-16,,,1.8,Outdoor,https://www.tfrrs.org/results/75548/4733583/Alan_Connie_Shamrock_Invitational/Long-Jump,TFRRS all_performances
"Locci, Gianna",Duke,ACC,Long Jump,2023,1,,,5.29,m,Raleigh Relays,2023-03-23,,,-1.0,Outdoor,https://www.tfrrs.org/results/78810/4756256/Raleigh_Relays/Long-Jump,TFRRS all_performances
"Wakefield, Isabel",Duke,ACC,Long Jump,2023,4,,,6.16,m,Raleigh Relays,2023-03-23,,,-0.6,Outdoor,https://www.tfrrs.org/results/78810/4756256/Raleigh_Relays/Long-Jump,TFRRS all_performances
"Absten, Sara",Duke,ACC,Long Jump,2023,4,,,5.46,m,Vertklasse,2023-03-31,,,1.1,Outdoor,https://www.tfrrs.org/results/77636/4763665/Vertklasse/Long-Jump,TFRRS all_performances
"Smith, Brianna",Duke,ACC,Long Jump,2023,3,,,5.74,m,Vertklasse,2023-03-31,,,0.3,Outdoor,https://www.tfrrs.org/results/77636/4763665/Vertklasse/Long-Jump,TFRRS all_performances
"Wakefield, Isabel",Duke,ACC,Long Jump,2023,4,,,5.79,m,63rd Annual Mt. SAC Relays,2023-04-12,,,0.5,Outdoor,https://www.tfrrs.org/results/77931/4827056/63rd_Annual_Mt_SAC_Relays/Long-Jump,TFRRS all_performances
"Absten, Sara",Duke,ACC,Long Jump,2023,4,,,5.60,m,2023 Bryan Clay Invitational,2023-04-13,,,0.1,Outdoor,https://www.tfrrs.org/results/76221/4898445/2023_Bryan_Clay_Invitational/Long-Jump,TFRRS all_performances
"Rizek, Haley",Duke,ACC,Long Jump,2023,4,,,5.61,m,2023 Bryan Clay Invitational,2023-04-13,,,1.5,Outdoor,https://www.tfrrs.org/results/76221/4898445/2023_Bryan_Clay_Invitational/Long-Jump,TFRRS all_performances
"Krafian, Anoush",Duke,ACC,Long Jump,2023,4,,,5.30,m,Wake Forest Invitational,2023-04-21,,,0.5,Outdoor,https://www.tfrrs.org/results/80368/4901705/Wake_Forest_Invitational/Long-Jump,TFRRS all_performances
"Locci, Gianna",Duke,ACC,Long Jump,2023,1,,,5.98,m,Wake Forest Invitational,2023-04-21,,,0.6,Outdoor,https://www.tfrrs.org/results/80368/4901705/Wake_Forest_Invitational/Long-Jump,TFRRS all_performances
"Wakefield, Isabel",Duke,ACC,Long Jump,2023,4,,,6.39,m,Wake Forest Invitational,2023-04-21,,,1.0,Outdoor,https://www.tfrrs.org/results/80368/4901705/Wake_Forest_Invitational/Long-Jump,TFRRS all_performances
"Absten, Sara",Duke,ACC,Long Jump,2023,4,,,5.59,m,Charlotte Invitational 2023,2023-04-28,,,+0.0,Outdoor,https://www.tfrrs.org/results/79037/4881272/Charlotte_Invitational_2023/Long-Jump,TFRRS all_performances
"Krafian, Anoush",Duke,ACC,Long Jump,2023,4,,,5.40,m,Charlotte Invitational 2023,2023-04-28,,,+0.0,Outdoor,https://www.tfrrs.org/results/79037/4881272/Charlotte_Invitational_2023/Long-Jump,TFRRS all_performances
"Locci, Gianna",Duke,ACC,Long Jump,2023,1,,,5.55,m,Charlotte Invitational 2023,2023-04-28,,,+0.0,Outdoor,https://www.tfrrs.org/results/79037/4881272/Charlotte_Invitational_2023/Long-Jump,TFRRS all_performances
"Absten, Sara",Duke,ACC,Long Jump,2023,4,,,5.42,m,ACC Outdoor Track & Field Championships,2023-05-11,,,-0.4,Outdoor,https://www.tfrrs.org/results/81191/4928975/ACC_Outdoor_Track__Field_Championships/Long-Jump,TFRRS all_performances
"Krafian, Anoush",Duke,ACC,Long Jump,2023,4,,,5.17,m,ACC Outdoor Track & Field Championships,2023-05-11,,,-0.9,Outdoor,https://www.tfrrs.org/results/81191/4928975/ACC_Outdoor_Track__Field_Championships/Long-Jump,TFRRS all_performances
"Locci, Gianna",Duke,ACC,Long Jump,2023,1,,,5.62,m,ACC Outdoor Track & Field Championships,2023-05-11,,,1.7,Outdoor,https://www.tfrrs.org/results/81191/4928833/ACC_Outdoor_Track__Field_Championships/Long-Jump,TFRRS all_performances
"Rizek, Haley",Duke,ACC,Long Jump,2023,4,,,5.15,m,ACC Outdoor Track & Field Championships,2023-05-11,,,-0.1,Outdoor,https://www.tfrrs.org/results/81191/4928975/ACC_Outdoor_Track__Field_Championships/Long-Jump,TFRRS all_performances
"Smith, Brianna",Duke,ACC,Long Jump,2023,3,,,6.02,m,ACC Outdoor Track & Field Championships,2023-05-11,,,-1.4,Outdoor,https://www.tfrrs.org/results/81191/4928975/ACC_Outdoor_Track__Field_Championships/Long-Jump,TFRRS all_performances
"Wakefield, Isabel",Duke,ACC,Long Jump,2023,4,,,6.26,m,ACC Outdoor Track & Field Championships,2023-05-11,,,-0.1,Outdoor,https://www.tfrrs.org/results/81191/4928833/ACC_Outdoor_Track__Field_Championships/Long-Jump,TFRRS all_performances
"Wakefield, Isabel",Duke,ACC,Long Jump,2023,4,,,6.33,m,NCAA East Preliminary Round,2023-05-25,,,1.8,Outdoor,https://www.tfrrs.org/results/81274/4936791/NCAA_East_Preliminary_Round/Long-Jump,TFRRS all_performances
"Wakefield, Isabel",Duke,ACC,Long Jump,2023,4,,,6.07,m,NCAA Division I Outdoor Track & Field Championships,2023-06-07,,,-0.7,Outdoor,https://www.tfrrs.org/results/81300/4938104/NCAA_Division_I_Outdoor_Track__Field_Championships/Long-Jump,TFRRS all_performances
"Madson, Ella",Florida State,ACC,Long Jump,2023,2,,,5.26,m,ACC Outdoor Track & Field Championships,2023-05-11,,,-2.4,Outdoor,https://www.tfrrs.org/results/81191/4928975/ACC_Outdoor_Track__Field_Championships/Long-Jump,TFRRS all_performances
"Oakes, Alaysia",Stanford,ACC,Long Jump,2023,1,,,5.76,m,Cardinal Classic,2023-03-18,,,1.0,Outdoor,https://www.tfrrs.org/results/77088/4735174/Cardinal_Classic/Long-Jump,TFRRS all_performances
"Jones, Alyssa",Stanford,ACC,Long Jump,2023,1,,,6.41,m,Stanford Invitational,2023-03-31,,,-0.1,Outdoor,https://www.tfrrs.org/results/77089/4767555/Stanford_Invitational/Long-Jump,TFRRS all_performances
"Oakes, Alaysia",Stanford,ACC,Long Jump,2023,1,,,5.96,m,Stanford Invitational,2023-03-31,,,1.5,Outdoor,https://www.tfrrs.org/results/77089/4767605/Stanford_Invitational/Long-Jump,TFRRS all_performances
"Stapleton, Tess",Stanford,ACC,Long Jump,2023,2,,,5.69,m,Stanford Invitational,2023-03-31,,,1.0,Outdoor,https://www.tfrrs.org/results/77089/4767605/Stanford_Invitational/Long-Jump,TFRRS all_performances
"Oakes, Alaysia",Stanford,ACC,Long Jump,2023,1,,,5.87,m,2023 Brutus Hamilton,2023-04-08,,,0.9,Outdoor,https://www.tfrrs.org/results/77969/4799093/2023_Brutus_Hamilton/Long-Jump,TFRRS all_performances
"Zwaanstra, Teagan",Stanford,ACC,Long Jump,2023,2,,,5.63,m,2023 Brutus Hamilton,2023-04-08,,,-0.1,Outdoor,https://www.tfrrs.org/results/77969/4799093/2023_Brutus_Hamilton/Long-Jump,TFRRS all_performances
"Jones, Alyssa",Stanford,ACC,Long Jump,2023,1,,,6.40,m,63rd Annual Mt. SAC Relays,2023-04-12,,,+0.0,Outdoor,https://www.tfrrs.org/results/77931/4827056/63rd_Annual_Mt_SAC_Relays/Long-Jump,TFRRS all_performances
"Oakes, Alaysia",Stanford,ACC,Long Jump,2023,1,,,5.76,m,63rd Annual Mt. SAC Relays,2023-04-12,,,0.2,Outdoor,https://www.tfrrs.org/results/77931/4827056/63rd_Annual_Mt_SAC_Relays/Long-Jump,TFRRS all_performances
"Stapleton, Tess",Stanford,ACC,Long Jump,2023,2,,,5.71,m,63rd Annual Mt. SAC Relays,2023-04-12,,,-0.5,Outdoor,https://www.tfrrs.org/results/77931/4827056/63rd_Annual_Mt_SAC_Relays/Long-Jump,TFRRS all_performances
"Kern, Kelly",Stanford,ACC,Long Jump,2023,3,,,5.05,m,Payton Jordan Invitational,2023-04-21,,,1.9,Outdoor,https://www.tfrrs.org/results/77607/4850059/Payton_Jordan_Invitational/Long-Jump,TFRRS all_performances
"Kistler, Lianne",Stanford,ACC,Long Jump,2023,2,,,5.19,m,Payton Jordan Invitational,2023-04-21,,,1.3,Outdoor,https://www.tfrrs.org/results/77607/4850059/Payton_Jordan_Invitational/Long-Jump,TFRRS all_performances
"Stapleton, Tess",Stanford,ACC,Long Jump,2023,2,,,5.99,m,Payton Jordan Invitational,2023-04-21,,,0.5,Outdoor,https://www.tfrrs.org/results/77607/4850059/Payton_Jordan_Invitational/Long-Jump,TFRRS all_performances
"Wong, Laurel",Stanford,ACC,Long Jump,2023,3,,,5.22,m,Payton Jordan Invitational,2023-04-21,,,1.1,Outdoor,https://www.tfrrs.org/results/77607/4850059/Payton_Jordan_Invitational/Long-Jump,TFRRS all_performances
"Zwaanstra, Teagan",Stanford,ACC,Long Jump,2023,2,,,5.30,m,Payton Jordan Invitational,2023-04-21,,,0.1,Outdoor,https://www.tfrrs.org/results/77607/4850059/Payton_Jordan_Invitational/Long-Jump,TFRRS all_performances
"Jones, Alyssa",Stanford,ACC,Long Jump,2023,1,,,6.12,m,The 128th Big Meet,2023-04-29,,,-1.5,Outdoor,https://www.tfrrs.org/results/77976/4880256/The_128th_Big_Meet/Long-Jump,TFRRS all_performances
"Oakes, Alaysia",Stanford,ACC,Long Jump,2023,1,,,5.84,m,The 128th Big Meet,2023-04-29,,,-1.0,Outdoor,https://www.tfrrs.org/results/77976/4880256/The_128th_Big_Meet/Long-Jump,TFRRS all_performances
"Stapleton, Tess",Stanford,ACC,Long Jump,2023,2,,,5.80,m,The 128th Big Meet,2023-04-29,,,1.0,Outdoor,https://www.tfrrs.org/results/77976/4880256/The_128th_Big_Meet/Long-Jump,TFRRS all_performances
"Zwaanstra, Teagan",Stanford,ACC,Long Jump,2023,2,,,5.68,m,The 128th Big Meet,2023-04-29,,,0.6,Outdoor,https://www.tfrrs.org/results/77976/4880256/The_128th_Big_Meet/Long-Jump,TFRRS all_performances
"Jones, Alyssa",Stanford,ACC,Long Jump,2023,1,,,6.74,m,Pac-12 Track & Field Championships,2023-05-12,,,1.8,Outdoor,https://www.tfrrs.org/results/79702/4929145/Pac-12_Track__Field_Championships/Long-Jump,TFRRS all_performances
"Oakes, Alaysia",Stanford,ACC,Long Jump,2023,1,,,5.78,m,Pac-12 Track & Field Championships,2023-05-13,Final,18.0,wind-aided,Outdoor,https://gostanford.com/news/2023/05/14/jones-wins-pac-12-title-1,legacy_source_needs_review
"Stapleton, Tess",Stanford,ACC,Long Jump,2023,2,,,5.90,m,Pac-12 Track & Field Championships,2023-05-13,Final,12.0,wind-aided,Outdoor,https://gostanford.com/news/2023/05/14/jones-wins-pac-12-title-1,legacy_source_needs_review
"Zwaanstra, Teagan",Stanford,ACC,Long Jump,2023,2,,,5.86,m,Pac-12 Track & Field Championships,2023-05-13,Final,14.0,wind-aided,Outdoor,https://gostanford.com/news/2023/05/14/jones-wins-pac-12-title-1,legacy_source_needs_review
"Jones, Alyssa",Stanford,ACC,Long Jump,2023,1,,,6.43,m,NCAA West Preliminary Round,2023-05-24,,,2.0,Outdoor,https://www.tfrrs.org/results/81275/4936740/NCAA_West_Preliminary_Round/Long-Jump,TFRRS all_performances
"Jones, Alyssa",Stanford,ACC,Long Jump,2023,1,,,6.86,m,NCAA Division I Outdoor Track & Field Championships,2023-06-07,,,0.1,Outdoor,https://www.tfrrs.org/results/81300/4938104/NCAA_Division_I_Outdoor_Track__Field_Championships/Long-Jump,TFRRS all_performances
"Seaman, Jada",Virginia,ACC,Long Jump,2023,3,,,6.26,m,2023 Outdoor Season,2023,,,,Outdoor,https://virginiasports.com/news/2023/05/23/cavaliers-set-for-ncaa-east-preliminaries,legacy_source_needs_review
"Still, Alix",Virginia,ACC,Long Jump,2023,3,,,6.17,m,2023 Outdoor Season,2023,,,,Outdoor,https://virginiasports.com/news/2023/05/23/cavaliers-set-for-ncaa-east-preliminaries,legacy_source_needs_review
"Still, Alix",Virginia,ACC,Long Jump,2023,3,,,5.75,m,2023 95th Clyde Littlefield Texas Relays,2023-03-29,,,1.2,Outdoor,https://www.tfrrs.org/results/77369/4784803/2023_95th_Clyde_Littlefield_Texas_Relays/Long-Jump,TFRRS all_performances
"Zeni, Tara",Virginia,ACC,Long Jump,2023,2,,,5.61,m,Virginia Quadrangular,2023-04-01,,,1.8,Outdoor,https://www.tfrrs.org/results/79185/4766977/Virginia_Quadrangular/Long-Jump,TFRRS all_performances
"Hardy, Jordan",Virginia,ACC,Long Jump,2023,2,,,6.04,m,Virginia Grand Prix,2023-04-15,,,-0.3,Outdoor,https://www.tfrrs.org/results/80039/4825751/Virginia_Grand_Prix/Long-Jump,TFRRS all_performances
"Seaman, Jada",Virginia,ACC,Long Jump,2023,3,,,6.26,m,Virginia Grand Prix,2023-04-15,,,0.4,Outdoor,https://www.tfrrs.org/results/80039/4825751/Virginia_Grand_Prix/Long-Jump,TFRRS all_performances
"Still, Alix",Virginia,ACC,Long Jump,2023,3,,,6.17,m,Virginia Grand Prix,2023-04-15,,,1.3,Outdoor,https://www.tfrrs.org/results/80039/4825751/Virginia_Grand_Prix/Long-Jump,TFRRS all_performances
"Zeni, Tara",Virginia,ACC,Long Jump,2023,2,,,5.57,m,Virginia Grand Prix,2023-04-15,,,0.2,Outdoor,https://www.tfrrs.org/results/80039/4825751/Virginia_Grand_Prix/Long-Jump,TFRRS all_performances
"Hardy, Jordan",Virginia,ACC,Long Jump,2023,2,,,6.01,m,Virginia Challenge,2023-04-20,,,1.7,Outdoor,https://www.tfrrs.org/results/80367/4855141/Virginia_Challenge/Long-Jump,TFRRS all_performances
"Still, Alix",Virginia,ACC,Long Jump,2023,3,,,6.04,m,Virginia Challenge,2023-04-20,,,-0.3,Outdoor,https://www.tfrrs.org/results/80367/4855165/Virginia_Challenge/Long-Jump,TFRRS all_performances
"Zeni, Tara",Virginia,ACC,Long Jump,2023,2,,,5.62,m,Virginia Challenge,2023-04-20,,,0.4,Outdoor,https://www.tfrrs.org/results/80367/4855141/Virginia_Challenge/Long-Jump,TFRRS all_performances
"Zeni, Tara",Virginia,ACC,Long Jump,2023,2,,,5.67,m,Virginia High Performance,2023-04-30,,,1.7,Outdoor,https://www.tfrrs.org/results/80832/4889491/Virginia_High_Performance/Long-Jump,TFRRS all_performances
"Hardy, Jordan",Virginia,ACC,Long Jump,2023,2,,,5.80,m,ACC Outdoor Track & Field Championships,2023-05-11,,,1.8,Outdoor,https://www.tfrrs.org/results/81191/4928833/ACC_Outdoor_Track__Field_Championships/Long-Jump,TFRRS all_performances
"Seaman, Jada",Virginia,ACC,Long Jump,2023,3,,,6.08,m,ACC Outdoor Track & Field Championships,2023-05-11,,,0.7,Outdoor,https://www.tfrrs.org/results/81191/4928833/ACC_Outdoor_Track__Field_Championships/Long-Jump,TFRRS all_performances
"Still, Alix",Virginia,ACC,Long Jump,2023,3,,,5.38,m,ACC Outdoor Track & Field Championships,2023-05-11,,,1.1,Outdoor,https://www.tfrrs.org/results/81191/4928833/ACC_Outdoor_Track__Field_Championships/Long-Jump,TFRRS all_performances
"Still, Alix",Virginia,ACC,Long Jump,2023,3,,,5.65,m,ACC Outdoor Track & Field Championships,2023-05-11,,,-1.5,Outdoor,https://www.tfrrs.org/results/81191/4928975/ACC_Outdoor_Track__Field_Championships/Long-Jump,TFRRS all_performances
"Still, Alix",Virginia,ACC,Long Jump,2023,3,,,5.79,m,NCAA East Preliminary Round,2023-05-25,,,1.6,Outdoor,https://www.tfrrs.org/results/81274/4936791/NCAA_East_Preliminary_Round/Long-Jump,TFRRS all_performances
"Still, Alix",Virginia,ACC,Long Jump,2023,3,,,5.70,m,NCAA Division I Outdoor Track & Field Championships,2023-06-07,,,1.5,Outdoor,https://www.tfrrs.org/results/81300/4938151/NCAA_Division_I_Outdoor_Track__Field_Championships/Long-Jump,TFRRS all_performances
"Akinlosotu, Esther",Arizona,Big 12,Long Jump,2023,1,,,5.46,m,2023 Willie Williams Classic/Dave Murray Distance Carnival,2023-03-24,,,+0.0,Outdoor,https://www.tfrrs.org/results/76355/4747870/_2023_Willie_Williams_Classic_Dave_Murray_Distance_Carnival/Long-Jump,TFRRS all_performances
"Bosko, Jenica",Arizona,Big 12,Long Jump,2023,2,,,5.49,m,2023 Willie Williams Classic/Dave Murray Distance Carnival,2023-03-24,,,0.1,Outdoor,https://www.tfrrs.org/results/76355/4747870/_2023_Willie_Williams_Classic_Dave_Murray_Distance_Carnival/Long-Jump,TFRRS all_performances
"Mikinski, Paris",Arizona,Big 12,Long Jump,2023,1,,,5.17,m,2023 Willie Williams Classic/Dave Murray Distance Carnival,2023-03-24,,,0.4,Outdoor,https://www.tfrrs.org/results/76355/4747870/_2023_Willie_Williams_Classic_Dave_Murray_Distance_Carnival/Long-Jump,TFRRS all_performances
"Perkins, Rylee",Arizona,Big 12,Long Jump,2023,3,,,5.24,m,2023 Willie Williams Classic/Dave Murray Distance Carnival,2023-03-24,,,0.1,Outdoor,https://www.tfrrs.org/results/76355/4747870/_2023_Willie_Williams_Classic_Dave_Murray_Distance_Carnival/Long-Jump,TFRRS all_performances
"Wise, Taylen",Arizona,Big 12,Long Jump,2023,1,,,5.76,m,2023 Willie Williams Classic/Dave Murray Distance Carnival,2023-03-24,,,0.2,Outdoor,https://www.tfrrs.org/results/76355/4747870/_2023_Willie_Williams_Classic_Dave_Murray_Distance_Carnival/Long-Jump,TFRRS all_performances
"Bosko, Jenica",Arizona,Big 12,Long Jump,2023,2,,,6.50,m,Jim Click Shootout 2023 Multi,2023-04-06,,,-1.2,Outdoor,https://www.tfrrs.org/results/76356/4799504/_Jim_Click_Shootout_2023_Multi/Long-Jump,TFRRS all_performances
"Ford, Lauryn",Arizona,Big 12,Long Jump,2023,3,,,6.07,m,Jim Click Shootout 2023 Multi,2023-04-06,,,1.9,Outdoor,https://www.tfrrs.org/results/76356/4799504/_Jim_Click_Shootout_2023_Multi/Long-Jump,TFRRS all_performances
"Howard, Neysia",Arizona,Big 12,Long Jump,2023,4,,,5.79,m,Jim Click Shootout 2023 Multi,2023-04-06,,,+0.0,Outdoor,https://www.tfrrs.org/results/76356/4799504/_Jim_Click_Shootout_2023_Multi/Long-Jump,TFRRS all_performances
"Powers, Hollan",Arizona,Big 12,Long Jump,2023,2,,,5.46,m,Jim Click Shootout 2023 Multi,2023-04-06,,,+0.0,Outdoor,https://www.tfrrs.org/results/76356/4799475/_Jim_Click_Shootout_2023_Multi/Long-Jump,TFRRS all_performances
"Sieben, Skylar",Arizona,Big 12,Long Jump,2023,4,,,5.71,m,Jim Click Shootout 2023 Multi,2023-04-06,,,+0.0,Outdoor,https://www.tfrrs.org/results/76356/4799475/_Jim_Click_Shootout_2023_Multi/Long-Jump,TFRRS all_performances
"Wise, Taylen",Arizona,Big 12,Long Jump,2023,1,,,6.14,m,Jim Click Shootout 2023 Multi,2023-04-06,,,-0.1,Outdoor,https://www.tfrrs.org/results/76356/4799504/_Jim_Click_Shootout_2023_Multi/Long-Jump,TFRRS all_performances
"Bosko, Jenica",Arizona,Big 12,Long Jump,2023,,,,6.33,m,63rd Annual Mt. SAC Relays,2023-04-12,,,-1.3,Outdoor,https://www.tfrrs.org/results/77931/4827056/63rd_Annual_Mt_SAC_Relays/Long-Jump,TFRRS all_performances
"Ford, Lauryn",Arizona,Big 12,Long Jump,2023,,,,5.66,m,63rd Annual Mt. SAC Relays,2023-04-12,,,1.2,Outdoor,https://www.tfrrs.org/results/77931/4827056/63rd_Annual_Mt_SAC_Relays/Long-Jump,TFRRS all_performances
"Powers, Hollan",Arizona,Big 12,Long Jump,2023,,,,5.53,m,63rd Annual Mt. SAC Relays,2023-04-12,,,0.1,Outdoor,https://www.tfrrs.org/results/77931/4827056/63rd_Annual_Mt_SAC_Relays/Long-Jump,TFRRS all_performances
"Bosko, Jenica",Arizona,Big 12,Long Jump,2023,2,,,6.45,m,Desert Heat Classic 2023,2023-04-29,,,+0.0,Outdoor,https://www.tfrrs.org/results/76358/4881922/_Desert_Heat_Classic_2023/Long-Jump,TFRRS all_performances
"Ford, Lauryn",Arizona,Big 12,Long Jump,2023,3,,,5.90,m,Desert Heat Classic 2023,2023-04-29,,,+0.0,Outdoor,https://www.tfrrs.org/results/76358/4881922/_Desert_Heat_Classic_2023/Long-Jump,TFRRS all_performances
"Wise, Taylen",Arizona,Big 12,Long Jump,2023,1,,,6.02,m,Desert Heat Classic 2023,2023-04-29,,,+0.0,Outdoor,https://www.tfrrs.org/results/76358/4881922/_Desert_Heat_Classic_2023/Long-Jump,TFRRS all_performances
"Ford, Lauryn",Arizona,Big 12,Long Jump,2023,3,,,5.73,m,Pac-12 Track & Field Championships,2023-05-12,,,1.8,Outdoor,https://www.tfrrs.org/results/79702/4929145/Pac-12_Track__Field_Championships/Long-Jump,TFRRS all_performances
"Powers, Hollan",Arizona,Big 12,Long Jump,2023,2,,,5.30,m,Pac-12 Track & Field Championships,2023-05-12,,,1.7,Outdoor,https://www.tfrrs.org/results/79702/4929174/Pac-12_Track__Field_Championships/Long-Jump,TFRRS all_performances
"Sieben, Skylar",Arizona,Big 12,Long Jump,2023,4,,,5.46,m,Pac-12 Track & Field Championships,2023-05-12,,,1.6,Outdoor,https://www.tfrrs.org/results/79702/4929174/Pac-12_Track__Field_Championships/Long-Jump,TFRRS all_performances
"Wise, Taylen",Arizona,Big 12,Long Jump,2023,1,,,5.84,m,Pac-12 Track & Field Championships,2023-05-12,,,2.0,Outdoor,https://www.tfrrs.org/results/79702/4929145/Pac-12_Track__Field_Championships/Long-Jump,TFRRS all_performances
"Bosko, Jenica",Arizona,Big 12,Long Jump,2023,2,,,5.96,m,NCAA West Preliminary Round,2023-05-24,,,1.6,Outdoor,https://www.tfrrs.org/results/81275/4936740/NCAA_West_Preliminary_Round/Long-Jump,TFRRS all_performances
"Passmore, Madeleine",BYU,Big 12,Long Jump,2023,1,,,5.68,m,Cardinal Classic,2023-03-18,,,1.3,Outdoor,https://www.tfrrs.org/results/77088/4735174/Cardinal_Classic/Long-Jump,TFRRS all_performances
"Bonds, Zoey",BYU,Big 12,Long Jump,2023,1,,,5.02,m,44th Aztec Invitational,2023-03-23,,,0.5,Outdoor,https://www.tfrrs.org/results/77705/4749102/44th_Aztec_Invitational/Long-Jump,TFRRS all_performances
"Eaton , Madelyn",BYU,Big 12,Long Jump,2023,3,,,5.00,m,44th Aztec Invitational,2023-03-23,,,+0.0,Outdoor,https://www.tfrrs.org/results/77705/4749102/44th_Aztec_Invitational/Long-Jump,TFRRS all_performances
"Bonds, Zoey",BYU,Big 12,Long Jump,2023,1,,,5.19,m,Pacific Coast Invitational (Open/Unattached),2023-04-13,,,+0.0,Outdoor,https://www.tfrrs.org/results/77074/4937753/Pacific_Coast_Invitational_Open_Unattached/Long-Jump,TFRRS all_performances
"Bonds, Zoey",BYU,Big 12,Long Jump,2023,1,,,5.19,m,Pacific Coast Invitational 2023,2023-04-13,,,+0.0,Outdoor,https://www.tfrrs.org/results/77075/4818012/Pacific_Coast_Invitational_2023/Long-Jump,TFRRS all_performances
"Boggess, Meredith",BYU,Big 12,Long Jump,2023,1,,,5.15,m,Beach Invitational 2023,2023-04-14,,,1.8,Outdoor,https://www.tfrrs.org/results/77073/4826819/Beach_Invitational_2023/Long-Jump,TFRRS all_performances
"Eaton , Madelyn",BYU,Big 12,Long Jump,2023,3,,,5.12,m,Beach Invitational 2023,2023-04-14,,,1.6,Outdoor,https://www.tfrrs.org/results/77073/4826819/Beach_Invitational_2023/Long-Jump,TFRRS all_performances
"Lord, Tori",BYU,Big 12,Long Jump,2023,1,,,4.65,m,Beach Invitational 2023,2023-04-14,,,1.2,Outdoor,https://www.tfrrs.org/results/77073/4826819/Beach_Invitational_2023/Long-Jump,TFRRS all_performances
"Chenn, Eva",BYU,Big 12,Long Jump,2023,1,,,4.49,m,Desert Heat Classic 2023,2023-04-29,,,+0.0,Outdoor,https://www.tfrrs.org/results/76358/4881922/_Desert_Heat_Classic_2023/Long-Jump,TFRRS all_performances
"Lord, Tori",BYU,Big 12,Long Jump,2023,1,,,4.70,m,Desert Heat Classic 2023,2023-04-29,,,+0.0,Outdoor,https://www.tfrrs.org/results/76358/4881922/_Desert_Heat_Classic_2023/Long-Jump,TFRRS all_performances
"Chenn, Eva",BYU,Big 12,Long Jump,2023,,,,4.53,m,BYU Cougar Invitational,2023-05-12,,,0.3,Outdoor,https://www.tfrrs.org/results/81215/4928575/BYU_Cougar_Invitational/Long-Jump,TFRRS all_performances
"Lord, Tori",BYU,Big 12,Long Jump,2023,,,,4.91,m,BYU Cougar Invitational,2023-05-12,,,1.6,Outdoor,https://www.tfrrs.org/results/81215/4928575/BYU_Cougar_Invitational/Long-Jump,TFRRS all_performances
"Ealy, Keviah",Baylor,Big 12,Long Jump,2023,1,,,5.85,m,Clyde Hart Classic,2023-03-24,,,1.2,Outdoor,https://www.tfrrs.org/results/75340/4747642/Clyde_Hart_Classic/Long-Jump,TFRRS all_performances
"Fitzgerald, Nikayla",Baylor,Big 12,Long Jump,2023,2,,,5.85,m,Clyde Hart Classic,2023-03-24,,,-2.0,Outdoor,https://www.tfrrs.org/results/75340/4747642/Clyde_Hart_Classic/Long-Jump,TFRRS all_performances
"Johnson, Koi",Baylor,Big 12,Long Jump,2023,3,,,6.02,m,Clyde Hart Classic,2023-03-24,,,-0.4,Outdoor,https://www.tfrrs.org/results/75340/4747642/Clyde_Hart_Classic/Long-Jump,TFRRS all_performances
"Rutenis, Alexandra",Baylor,Big 12,Long Jump,2023,2,,,5.41,m,Clyde Hart Classic,2023-03-24,,,0.2,Outdoor,https://www.tfrrs.org/results/75340/4747642/Clyde_Hart_Classic/Long-Jump,TFRRS all_performances
"Johnson, Koi",Baylor,Big 12,Long Jump,2023,3,,,6.10,m,2023 95th Clyde Littlefield Texas Relays,2023-03-29,,,2.0,Outdoor,https://www.tfrrs.org/results/77369/4767288/2023_95th_Clyde_Littlefield_Texas_Relays/Long-Jump,TFRRS all_performances
"Fitzgerald, Nikayla",Baylor,Big 12,Long Jump,2023,2,,,5.76,m,2023 North Texas Classic,2023-04-08,,,0.4,Outdoor,https://www.tfrrs.org/results/78270/4798778/2023_North_Texas_Classic/Long-Jump,TFRRS all_performances
"Rutenis, Alexandra",Baylor,Big 12,Long Jump,2023,2,,,5.36,m,2023 North Texas Classic,2023-04-08,,,-0.6,Outdoor,https://www.tfrrs.org/results/78270/4798778/2023_North_Texas_Classic/Long-Jump,TFRRS all_performances
"Fitzgerald, Nikayla",Baylor,Big 12,Long Jump,2023,2,,,5.00,m,UF Tom Jones Memorial,2023-04-14,,,-2.0,Outdoor,https://www.tfrrs.org/results/78102/4824431/UF_Tom_Jones_Memorial/Long-Jump,TFRRS all_performances
"Johnson, Koi",Baylor,Big 12,Long Jump,2023,3,,,5.21,m,UF Tom Jones Memorial,2023-04-14,,,-0.9,Outdoor,https://www.tfrrs.org/results/78102/4824431/UF_Tom_Jones_Memorial/Long-Jump,TFRRS all_performances
"Johnson, Koi",Baylor,Big 12,Long Jump,2023,3,,,6.11,m,Michael Johnson Invitational,2023-04-21,,,1.8,Outdoor,https://www.tfrrs.org/results/75342/4853607/Michael_Johnson_Invitational/Long-Jump,TFRRS all_performances
"Rutenis, Alexandra",Baylor,Big 12,Long Jump,2023,2,,,5.48,m,Michael Johnson Invitational,2023-04-21,,,0.6,Outdoor,https://www.tfrrs.org/results/75342/4853607/Michael_Johnson_Invitational/Long-Jump,TFRRS all_performances
"Ealy, Keviah",Baylor,Big 12,Long Jump,2023,1,,,5.49,m,LSU Invitational,2023-04-29,,,-0.5,Outdoor,https://www.tfrrs.org/results/78407/4880371/LSU_Invitational/Long-Jump,TFRRS all_performances
"Fitzgerald, Nikayla",Baylor,Big 12,Long Jump,2023,2,,,5.65,m,LSU Invitational,2023-04-29,,,1.3,Outdoor,https://www.tfrrs.org/results/78407/4880371/LSU_Invitational/Long-Jump,TFRRS all_performances
"Ealy, Keviah",Baylor,Big 12,Long Jump,2023,1,,,6.10,m,Big 12 Outdoor Track & Field Championships,2023-05-12,,,-0.4,Outdoor,https://www.tfrrs.org/results/79703/4926684/Big_12_Outdoor_Track__Field_Championships/Long-Jump,TFRRS all_performances
"Fitzgerald, Nikayla",Baylor,Big 12,Long Jump,2023,2,,,5.56,m,Big 12 Outdoor Track & Field Championships,2023-05-12,,,+0.0,Outdoor,https://www.tfrrs.org/results/79703/4926684/Big_12_Outdoor_Track__Field_Championships/Long-Jump,TFRRS all_performances
"Johnson, Koi",Baylor,Big 12,Long Jump,2023,3,,,5.78,m,Big 12 Outdoor Track & Field Championships,2023-05-12,,,0.8,Outdoor,https://www.tfrrs.org/results/79703/4926684/Big_12_Outdoor_Track__Field_Championships/Long-Jump,TFRRS all_performances
"Johnson, Koi",Baylor,Big 12,Long Jump,2023,3,,,5.86,m,NCAA West Preliminary Round,2023-05-24,,,1.7,Outdoor,https://www.tfrrs.org/results/81275/4936740/NCAA_West_Preliminary_Round/Long-Jump,TFRRS all_performances
"Cinnamo, Ava",Iowa State,Big 12,Long Jump,2023,1,,,5.71,m,44th Aztec Invitational,2023-03-23,,,0.7,Outdoor,https://www.tfrrs.org/results/77705/4759771/44th_Aztec_Invitational/Long-Jump,TFRRS all_performances
"Fisher, Kiersten",Iowa State,Big 12,Long Jump,2023,1,,,5.55,m,44th Aztec Invitational,2023-03-23,,,0.7,Outdoor,https://www.tfrrs.org/results/77705/4759771/44th_Aztec_Invitational/Long-Jump,TFRRS all_performances
"Willits, Sydney",Iowa State,Big 12,Long Jump,2023,2,,,5.75,m,44th Aztec Invitational,2023-03-23,,,1.2,Outdoor,https://www.tfrrs.org/results/77705/4759771/44th_Aztec_Invitational/Long-Jump,TFRRS all_performances
"Willits, Sydney",Iowa State,Big 12,Long Jump,2023,2,,,6.21,m,Dutch Invitational 2023,2023-04-07,,,1.7,Outdoor,https://www.tfrrs.org/results/78498/4794634/Dutch_Invitational_2023/Long-Jump,TFRRS all_performances
"Fisher, Kiersten",Iowa State,Big 12,Long Jump,2023,1,,,5.62,m,2023 Bryan Clay Invitational,2023-04-13,,,0.3,Outdoor,https://www.tfrrs.org/results/76221/4898414/2023_Bryan_Clay_Invitational/Long-Jump,TFRRS all_performances
"Gubbels, Kailynn",Iowa State,Big 12,Long Jump,2023,1,,,5.24,m,2023 Bryan Clay Invitational,2023-04-13,,,0.5,Outdoor,https://www.tfrrs.org/results/76221/4898414/2023_Bryan_Clay_Invitational/Long-Jump,TFRRS all_performances
"Willits, Sydney",Iowa State,Big 12,Long Jump,2023,2,,,5.85,m,2023 Bryan Clay Invitational,2023-04-13,,,-0.3,Outdoor,https://www.tfrrs.org/results/76221/4898414/2023_Bryan_Clay_Invitational/Long-Jump,TFRRS all_performances
"Fisher, Kiersten",Iowa State,Big 12,Long Jump,2023,1,,,5.60,m,Drake Relays,2023-04-26,,,1.7,Outdoor,https://www.tfrrs.org/results/80800/4890222/Drake_Relays/Long-Jump,TFRRS all_performances
"Gubbels, Kailynn",Iowa State,Big 12,Long Jump,2023,1,,,5.45,m,Drake Relays,2023-04-26,,,1.0,Outdoor,https://www.tfrrs.org/results/80800/4890222/Drake_Relays/Long-Jump,TFRRS all_performances
"Naughton, Brooke",Iowa State,Big 12,Long Jump,2023,1,,,5.27,m,Drake Relays,2023-04-26,,,1.2,Outdoor,https://www.tfrrs.org/results/80800/4890222/Drake_Relays/Long-Jump,TFRRS all_performances
"Willits, Sydney",Iowa State,Big 12,Long Jump,2023,2,,,5.52,m,Drake Relays,2023-04-26,,,0.6,Outdoor,https://www.tfrrs.org/results/80800/4890222/Drake_Relays/Long-Jump,TFRRS all_performances
"Fisher, Kiersten",Iowa State,Big 12,Long Jump,2023,1,,,5.86,m,Big 12 Outdoor Track & Field Championships,2023-05-12,,,0.3,Outdoor,https://www.tfrrs.org/results/79703/4928897/Big_12_Outdoor_Track__Field_Championships/Long-Jump,TFRRS all_performances
"Gubbels, Kailynn",Iowa State,Big 12,Long Jump,2023,1,,,5.30,m,Big 12 Outdoor Track & Field Championships,2023-05-12,,,0.3,Outdoor,https://www.tfrrs.org/results/79703/4928897/Big_12_Outdoor_Track__Field_Championships/Long-Jump,TFRRS all_performances
"Willits, Sydney",Iowa State,Big 12,Long Jump,2023,2,,,5.95,m,Big 12 Outdoor Track & Field Championships,2023-05-12,,,0.7,Outdoor,https://www.tfrrs.org/results/79703/4928897/Big_12_Outdoor_Track__Field_Championships/Long-Jump,TFRRS all_performances
"Willits, Sydney",Iowa State,Big 12,Long Jump,2023,2,,,6.14,m,Big 12 Outdoor Track & Field Championships,2023-05-12,,,1.4,Outdoor,https://www.tfrrs.org/results/79703/4926684/Big_12_Outdoor_Track__Field_Championships/Long-Jump,TFRRS all_performances
"Willits, Sydney",Iowa State,Big 12,Long Jump,2023,2,,,6.42,m,NCAA West Preliminary Round,2023-05-24,,,2.0,Outdoor,https://www.tfrrs.org/results/81275/4936740/NCAA_West_Preliminary_Round/Long-Jump,TFRRS all_performances
"Willits, Sydney",Iowa State,Big 12,Long Jump,2023,2,,,6.01,m,NCAA Division I Outdoor Track & Field Championships,2023-06-07,,,-0.8,Outdoor,https://www.tfrrs.org/results/81300/4938104/NCAA_Division_I_Outdoor_Track__Field_Championships/Long-Jump,TFRRS all_performances
"Humphrey, Tacoria",Illinois,Big Ten,Long Jump,2023,3,,,6.39,m,RaferJohnson/Jackie Joyner-Kersee Collegiate,2023-03-25,,,1.6,Outdoor,https://www.tfrrs.org/results/78348/4749342/RaferJohnson_Jackie_Joyner-Kersee_Collegiate/Long-Jump,TFRRS all_performances
"Humphrey, Tacoria",Illinois,Big Ten,Long Jump,2023,2,,,6.55,m,Fighting Illini Challenge,2023-04-08,,,-1.9,Outdoor,https://www.tfrrs.org/results/77863/4798897/Fighting_Illini_Challenge/Long-Jump,TFRRS all_performances
"Stoughton, Danni",Illinois,Big Ten,Long Jump,2023,3,,,5.39,m,2023 Bryan Clay Invitational,2023-04-13,,,0.1,Outdoor,https://www.tfrrs.org/results/76221/4898414/2023_Bryan_Clay_Invitational/Long-Jump,TFRRS all_performances
"Humphrey, Tacoria",Illinois,Big Ten,Long Jump,2023,2,,,6.04,m,UNF East Coast Relays,2023-04-28,,,1.3,Outdoor,https://www.tfrrs.org/results/75449/4878618/UNF_East_Coast_Relays/Long-Jump,TFRRS all_performances
"Humphrey, Tacoria",Illinois,Big Ten,Long Jump,2023,2,,,6.32,m,Big Ten Outdoor Championships,2023-05-12,,,0.8,Outdoor,https://www.tfrrs.org/results/81218/4928764/Big_Ten_Outdoor_Championships/Long-Jump,TFRRS all_performances
"Stoughton, Danni",Illinois,Big Ten,Long Jump,2023,3,,,5.55,m,Big Ten Outdoor Championships,2023-05-12,,,0.7,Outdoor,https://www.tfrrs.org/results/81218/4928808/Big_Ten_Outdoor_Championships/Long-Jump,TFRRS all_performances
"Humphrey, Tacoria",Illinois,Big Ten,Long Jump,2023,2,,,6.11,m,NCAA West Preliminary Round,2023-05-24,,,0.8,Outdoor,https://www.tfrrs.org/results/81275/4936740/NCAA_West_Preliminary_Round/Long-Jump,TFRRS all_performances
"Williams, Velecia",Nebraska,Big Ten,Long Jump,2023,2,,,6.02,m,2023 95th Clyde Littlefield Texas Relays,2023-03-29,,,1.3,Outdoor,https://www.tfrrs.org/results/77369/4767322/2023_95th_Clyde_Littlefield_Texas_Relays/Long-Jump,TFRRS all_performances
"Pearson, Zionn",Nebraska,Big Ten,Long Jump,2023,4,,,6.29,m,Bobcat Invitational 2023,2023-03-30,,,0.9,Outdoor,https://www.tfrrs.org/results/75304/4766816/Bobcat_Invitational_2023/Long-Jump,TFRRS all_performances
"Myers, Kerrigan",Nebraska,Big Ten,Long Jump,2023,3,,,5.42,m,Jim Click Shootout 2023 Multi,2023-04-06,,,+0.0,Outdoor,https://www.tfrrs.org/results/76356/4799475/_Jim_Click_Shootout_2023_Multi/Long-Jump,TFRRS all_performances
"Phipps, Rhianna",Nebraska,Big Ten,Long Jump,2023,2,,,5.83,m,Jim Click Shootout 2023 Multi,2023-04-06,,,0.6,Outdoor,https://www.tfrrs.org/results/76356/4799504/_Jim_Click_Shootout_2023_Multi/Long-Jump,TFRRS all_performances
"Scholl, Madi",Nebraska,Big Ten,Long Jump,2023,4,,,5.40,m,Jim Click Shootout 2023 Multi,2023-04-06,,,-0.3,Outdoor,https://www.tfrrs.org/results/76356/4799475/_Jim_Click_Shootout_2023_Multi/Long-Jump,TFRRS all_performances
"Wanjoku, Favour",Nebraska,Big Ten,Long Jump,2023,2,,,5.70,m,Jim Click Shootout 2023 Multi,2023-04-06,,,-1.5,Outdoor,https://www.tfrrs.org/results/76356/4799475/_Jim_Click_Shootout_2023_Multi/Long-Jump,TFRRS all_performances
"Wanjoku, Favour",Nebraska,Big Ten,Long Jump,2023,2,,,5.56,m,Jim Click Shootout 2023 Multi,2023-04-06,,,1.1,Outdoor,https://www.tfrrs.org/results/76356/4799504/_Jim_Click_Shootout_2023_Multi/Long-Jump,TFRRS all_performances
"Williams, Velecia",Nebraska,Big Ten,Long Jump,2023,2,,,6.36,m,Jim Click Shootout 2023 Multi,2023-04-06,,,-0.2,Outdoor,https://www.tfrrs.org/results/76356/4799504/_Jim_Click_Shootout_2023_Multi/Long-Jump,TFRRS all_performances
"McElmurry, Ashley",Nebraska,Big Ten,Long Jump,2023,3,,,5.80,m,Michael Johnson Invitational,2023-04-21,,,0.4,Outdoor,https://www.tfrrs.org/results/75342/4853607/Michael_Johnson_Invitational/Long-Jump,TFRRS all_performances
"Pearson, Zionn",Nebraska,Big Ten,Long Jump,2023,4,,,6.14,m,Michael Johnson Invitational,2023-04-21,,,1.6,Outdoor,https://www.tfrrs.org/results/75342/4853607/Michael_Johnson_Invitational/Long-Jump,TFRRS all_performances
"Wanjoku, Favour",Nebraska,Big Ten,Long Jump,2023,2,,,5.49,m,Michael Johnson Invitational,2023-04-21,,,2.0,Outdoor,https://www.tfrrs.org/results/75342/4853607/Michael_Johnson_Invitational/Long-Jump,TFRRS all_performances
"Phipps, Rhianna",Nebraska,Big Ten,Long Jump,2023,2,,,5.66,m,Drake Relays,2023-04-26,,,1.8,Outdoor,https://www.tfrrs.org/results/80800/4890136/Drake_Relays/Long-Jump,TFRRS all_performances
"Myers, Kerrigan",Nebraska,Big Ten,Long Jump,2023,3,,,5.47,m,2023 Prairie Wolf Invite,2023-04-28,,,1.7,Outdoor,https://www.tfrrs.org/results/80799/4897527/2023_Prairie_Wolf_Invite/Long-Jump,TFRRS all_performances
"Wanjoku, Favour",Nebraska,Big Ten,Long Jump,2023,2,,,4.04,m,2023 Prairie Wolf Invite,2023-04-28,,,1.1,Outdoor,https://www.tfrrs.org/results/80799/4897527/2023_Prairie_Wolf_Invite/Long-Jump,TFRRS all_performances
"Phipps, Rhianna",Nebraska,Big Ten,Long Jump,2023,2,,,5.67,m,KSU Ward Haylett,2023-05-06,,,1.7,Outdoor,https://www.tfrrs.org/results/80148/4907674/KSU_Ward_Haylett/Long-Jump,TFRRS all_performances
"Wanjoku, Favour",Nebraska,Big Ten,Long Jump,2023,2,,,5.68,m,KSU Ward Haylett,2023-05-06,,,1.7,Outdoor,https://www.tfrrs.org/results/80148/4907674/KSU_Ward_Haylett/Long-Jump,TFRRS all_performances
"McElmurry, Ashley",Nebraska,Big Ten,Long Jump,2023,3,,,6.12,m,Big Ten Outdoor Championships,2023-05-12,,,0.7,Outdoor,https://www.tfrrs.org/results/81218/4928764/Big_Ten_Outdoor_Championships/Long-Jump,TFRRS all_performances
"Myers, Kerrigan",Nebraska,Big Ten,Long Jump,2023,3,,,5.23,m,Big Ten Outdoor Championships,2023-05-12,,,0.3,Outdoor,https://www.tfrrs.org/results/81218/4928808/Big_Ten_Outdoor_Championships/Long-Jump,TFRRS all_performances
"Pearson, Zionn",Nebraska,Big Ten,Long Jump,2023,4,,,5.71,m,Big Ten Outdoor Championships,2023-05-12,,,0.3,Outdoor,https://www.tfrrs.org/results/81218/4928764/Big_Ten_Outdoor_Championships/Long-Jump,TFRRS all_performances
"Phipps, Rhianna",Nebraska,Big Ten,Long Jump,2023,2,,,5.63,m,Big Ten Outdoor Championships,2023-05-12,,,1.5,Outdoor,https://www.tfrrs.org/results/81218/4928764/Big_Ten_Outdoor_Championships/Long-Jump,TFRRS all_performances
"Scholl, Madi",Nebraska,Big Ten,Long Jump,2023,4,,,5.42,m,Big Ten Outdoor Championships,2023-05-12,,,0.5,Outdoor,https://www.tfrrs.org/results/81218/4928808/Big_Ten_Outdoor_Championships/Long-Jump,TFRRS all_performances
"Williams, Velecia",Nebraska,Big Ten,Long Jump,2023,2,,,5.84,m,Big Ten Outdoor Championships,2023-05-12,,,2.0,Outdoor,https://www.tfrrs.org/results/81218/4928764/Big_Ten_Outdoor_Championships/Long-Jump,TFRRS all_performances
"McElmurry, Ashley",Nebraska,Big Ten,Long Jump,2023,3,,,6.04,m,NCAA West Preliminary Round,2023-05-24,,,0.3,Outdoor,https://www.tfrrs.org/results/81275/4936740/NCAA_West_Preliminary_Round/Long-Jump,TFRRS all_performances
"Pearson, Zionn",Nebraska,Big Ten,Long Jump,2023,4,,,5.89,m,NCAA West Preliminary Round,2023-05-24,,,0.7,Outdoor,https://www.tfrrs.org/results/81275/4936740/NCAA_West_Preliminary_Round/Long-Jump,TFRRS all_performances
"Williams, Velecia",Nebraska,Big Ten,Long Jump,2023,2,,,6.37,m,NCAA West Preliminary Round,2023-05-24,,,1.2,Outdoor,https://www.tfrrs.org/results/81275/4936740/NCAA_West_Preliminary_Round/Long-Jump,TFRRS all_performances
"Williams, Velecia",Nebraska,Big Ten,Long Jump,2023,2,,,6.15,m,NCAA Division I Outdoor Track & Field Championships,2023-06-07,,,-0.9,Outdoor,https://www.tfrrs.org/results/81300/4938104/NCAA_Division_I_Outdoor_Track__Field_Championships/Long-Jump,TFRRS all_performances
"Ganashamoorthy, Hannah",Oregon,Big Ten,Long Jump,2023,2,,,5.78,m,Oregon Preview,2023-03-17,,,-0.5,Outdoor,https://www.tfrrs.org/results/76598/4734905/Oregon_Preview/Long-Jump,TFRRS all_performances
"Bullock, Gianna",Oregon,Big Ten,Long Jump,2023,2,,,5.13,m,44th Aztec Invitational,2023-03-23,,,1.3,Outdoor,https://www.tfrrs.org/results/77705/4749102/44th_Aztec_Invitational/Long-Jump,TFRRS all_performances
"Ellis, Lexi",Oregon,Big Ten,Long Jump,2023,4,,,5.56,m,44th Aztec Invitational,2023-03-23,,,1.4,Outdoor,https://www.tfrrs.org/results/77705/4749102/44th_Aztec_Invitational/Long-Jump,TFRRS all_performances
"Ganashamoorthy, Hannah",Oregon,Big Ten,Long Jump,2023,2,,,5.79,m,44th Aztec Invitational,2023-03-23,,,+0.0,Outdoor,https://www.tfrrs.org/results/77705/4749102/44th_Aztec_Invitational/Long-Jump,TFRRS all_performances
"Bullock, Gianna",Oregon,Big Ten,Long Jump,2023,2,,,5.46,m,2023 Brutus Hamilton Multis,2023-04-06,,,1.2,Outdoor,https://www.tfrrs.org/results/77975/4794522/2023_Brutus_Hamilton_Multis/Long-Jump,TFRRS all_performances
"Uzoekwe, Colleen",Oregon,Big Ten,Long Jump,2023,2,,,5.80,m,2023 Brutus Hamilton Multis,2023-04-06,,,1.2,Outdoor,https://www.tfrrs.org/results/77975/4794522/2023_Brutus_Hamilton_Multis/Long-Jump,TFRRS all_performances
"Chocek, Taylor",Oregon,Big Ten,Long Jump,2023,,,,5.94,m,63rd Annual Mt. SAC Relays,2023-04-12,,,1.7,Outdoor,https://www.tfrrs.org/results/77931/4948120/63rd_Annual_Mt_SAC_Relays/Long-Jump,TFRRS all_performances
"Ganashamoorthy, Hannah",Oregon,Big Ten,Long Jump,2023,,,,5.71,m,63rd Annual Mt. SAC Relays,2023-04-12,,,+0.0,Outdoor,https://www.tfrrs.org/results/77931/4827056/63rd_Annual_Mt_SAC_Relays/Long-Jump,TFRRS all_performances
"Hickey, Alysah",Oregon,Big Ten,Long Jump,2023,,,,6.71,m,63rd Annual Mt. SAC Relays,2023-04-12,,,1.5,Outdoor,https://www.tfrrs.org/results/77931/4826995/63rd_Annual_Mt_SAC_Relays/Long-Jump,TFRRS all_performances
"Bullock, Gianna",Oregon,Big Ten,Long Jump,2023,2,,,5.68,m,Desert Heat Classic 2023,2023-04-29,,,+0.0,Outdoor,https://www.tfrrs.org/results/76358/4881922/_Desert_Heat_Classic_2023/Long-Jump,TFRRS all_performances
"Ganashamoorthy, Hannah",Oregon,Big Ten,Long Jump,2023,2,,,6.01,m,Desert Heat Classic 2023,2023-04-29,,,+0.0,Outdoor,https://www.tfrrs.org/results/76358/4881922/_Desert_Heat_Classic_2023/Long-Jump,TFRRS all_performances
"Hickey, Alysah",Oregon,Big Ten,Long Jump,2023,3,,,6.58,m,Desert Heat Classic 2023,2023-04-29,,,-0.7,Outdoor,https://www.tfrrs.org/results/76358/4881922/_Desert_Heat_Classic_2023/Long-Jump,TFRRS all_performances
"Uzoekwe, Colleen",Oregon,Big Ten,Long Jump,2023,2,,,5.60,m,Desert Heat Classic 2023,2023-04-29,,,1.5,Outdoor,https://www.tfrrs.org/results/76358/4881922/_Desert_Heat_Classic_2023/Long-Jump,TFRRS all_performances
"Ganashamoorthy, Hannah",Oregon,Big Ten,Long Jump,2023,2,,,5.61,m,Oregon Twilight,2023-05-05,,,1.4,Outdoor,https://www.tfrrs.org/results/78671/4906647/Oregon_Twilight/Long-Jump,TFRRS all_performances
"Bullock, Gianna",Oregon,Big Ten,Long Jump,2023,2,,,5.84,m,Pac-12 Track & Field Championships,2023-05-12,,,1.8,Outdoor,https://www.tfrrs.org/results/79702/4929174/Pac-12_Track__Field_Championships/Long-Jump,TFRRS all_performances
"Hickey, Alysah",Oregon,Big Ten,Long Jump,2023,3,,,6.45,m,Pac-12 Track & Field Championships,2023-05-12,,,1.9,Outdoor,https://www.tfrrs.org/results/79702/4929145/Pac-12_Track__Field_Championships/Long-Jump,TFRRS all_performances
"Uzoekwe, Colleen",Oregon,Big Ten,Long Jump,2023,2,,,5.46,m,Pac-12 Track & Field Championships,2023-05-12,,,2.0,Outdoor,https://www.tfrrs.org/results/79702/4929174/Pac-12_Track__Field_Championships/Long-Jump,TFRRS all_performances
"Hickey, Alysah",Oregon,Big Ten,Long Jump,2023,3,,,6.63,m,NCAA West Preliminary Round,2023-05-24,,,1.5,Outdoor,https://www.tfrrs.org/results/81275/4936740/NCAA_West_Preliminary_Round/Long-Jump,TFRRS all_performances
"Chocek, Taylor",Oregon,Big Ten,Long Jump,2023,3,,,5.36,m,NCAA Division I Outdoor Track & Field Championships,2023-06-07,,,1.1,Outdoor,https://www.tfrrs.org/results/81300/4938151/NCAA_Division_I_Outdoor_Track__Field_Championships/Long-Jump,TFRRS all_performances
"Hickey, Alysah",Oregon,Big Ten,Long Jump,2023,3,,,6.48,m,NCAA Division I Outdoor Track & Field Championships,2023-06-07,,,0.3,Outdoor,https://www.tfrrs.org/results/81300/4938104/NCAA_Division_I_Outdoor_Track__Field_Championships/Long-Jump,TFRRS all_performances
"Foreman, Jada",USC,Big Ten,Long Jump,2023,1,,,5.58,m,44th Aztec Invitational,2023-03-23,,,0.3,Outdoor,https://www.tfrrs.org/results/77705/4749102/44th_Aztec_Invitational/Long-Jump,TFRRS all_performances
"Reed, Lauren",USC,Big Ten,Long Jump,2023,1,,,5.81,m,44th Aztec Invitational,2023-03-23,,,0.4,Outdoor,https://www.tfrrs.org/results/77705/4749102/44th_Aztec_Invitational/Long-Jump,TFRRS all_performances
"Jones, Allie",USC,Big Ten,Long Jump,2023,4,,,5.91,m,Pepsi Florida Relays,2023-03-31,,,1.0,Outdoor,https://www.tfrrs.org/results/77662/4765409/Pepsi_Florida_Relays/Long-Jump,TFRRS all_performances
"Ojora, Temitope",USC,Big Ten,Long Jump,2023,3,,,6.37,m,Pepsi Florida Relays,2023-03-31,,,1.7,Outdoor,https://www.tfrrs.org/results/77662/4765409/Pepsi_Florida_Relays/Long-Jump,TFRRS all_performances
"Ruotolo, Dominique",USC,Big Ten,Long Jump,2023,3,,,6.16,m,Pepsi Florida Relays,2023-03-31,,,1.6,Outdoor,https://www.tfrrs.org/results/77662/4765409/Pepsi_Florida_Relays/Long-Jump,TFRRS all_performances
"Foreman, Jada",USC,Big Ten,Long Jump,2023,1,,,5.72,m,Trojan Invite,2023-04-07,,,0.8,Outdoor,https://www.tfrrs.org/results/76990/4797070/Trojan_Invite/Long-Jump,TFRRS all_performances
"Ojora, Temitope",USC,Big Ten,Long Jump,2023,3,,,6.13,m,Trojan Invite,2023-04-07,,,+0.0,Outdoor,https://www.tfrrs.org/results/76990/4797070/Trojan_Invite/Long-Jump,TFRRS all_performances
"Reed, Lauren",USC,Big Ten,Long Jump,2023,1,,,5.97,m,Trojan Invite,2023-04-07,,,-2.1,Outdoor,https://www.tfrrs.org/results/76990/4797070/Trojan_Invite/Long-Jump,TFRRS all_performances
"Ruotolo, Dominique",USC,Big Ten,Long Jump,2023,3,,,6.03,m,Trojan Invite,2023-04-07,,,+0.0,Outdoor,https://www.tfrrs.org/results/76990/4797070/Trojan_Invite/Long-Jump,TFRRS all_performances
"Jones, Allie",USC,Big Ten,Long Jump,2023,,,,6.11,m,63rd Annual Mt. SAC Relays,2023-04-12,,,1.0,Outdoor,https://www.tfrrs.org/results/77931/4948120/63rd_Annual_Mt_SAC_Relays/Long-Jump,TFRRS all_performances
"Reed, Lauren",USC,Big Ten,Long Jump,2023,,,,6.02,m,63rd Annual Mt. SAC Relays,2023-04-12,,,1.2,Outdoor,https://www.tfrrs.org/results/77931/4827056/63rd_Annual_Mt_SAC_Relays/Long-Jump,TFRRS all_performances
"Foreman, Jada",USC,Big Ten,Long Jump,2023,1,,,5.38,m,UCLA v USC Dual Meet,2023-04-30,,,+0.0,Outdoor,https://www.tfrrs.org/results/78670/4889458/UCLA_v_USC_Dual_Meet/Long-Jump,TFRRS all_performances
"Jones, Allie",USC,Big Ten,Long Jump,2023,4,,,5.93,m,UCLA v USC Dual Meet,2023-04-30,,,+0.0,Outdoor,https://www.tfrrs.org/results/78670/4889458/UCLA_v_USC_Dual_Meet/Long-Jump,TFRRS all_performances
"Ojora, Temitope",USC,Big Ten,Long Jump,2023,3,,,6.17,m,UCLA v USC Dual Meet,2023-04-30,,,0.6,Outdoor,https://www.tfrrs.org/results/78670/4889458/UCLA_v_USC_Dual_Meet/Long-Jump,TFRRS all_performances
"Reed, Lauren",USC,Big Ten,Long Jump,2023,1,,,6.09,m,UCLA v USC Dual Meet,2023-04-30,,,0.5,Outdoor,https://www.tfrrs.org/results/78670/4889458/UCLA_v_USC_Dual_Meet/Long-Jump,TFRRS all_performances
"Jones, Allie",USC,Big Ten,Long Jump,2023,4,,,6.23,m,Pac-12 Track & Field Championships,2023-05-12,,,1.7,Outdoor,https://www.tfrrs.org/results/79702/4929174/Pac-12_Track__Field_Championships/Long-Jump,TFRRS all_performances
"Ojora, Temitope",USC,Big Ten,Long Jump,2023,3,,,6.25,m,Pac-12 Track & Field Championships,2023-05-12,,,1.7,Outdoor,https://www.tfrrs.org/results/79702/4929145/Pac-12_Track__Field_Championships/Long-Jump,TFRRS all_performances
"Reed, Lauren",USC,Big Ten,Long Jump,2023,1,,,5.88,m,Pac-12 Track & Field Championships,2023-05-12,,,1.9,Outdoor,https://www.tfrrs.org/results/79702/4929145/Pac-12_Track__Field_Championships/Long-Jump,TFRRS all_performances
"Ruotolo, Dominique",USC,Big Ten,Long Jump,2023,3,,,6.14,m,Pac-12 Track & Field Championships,2023-05-12,,,1.9,Outdoor,https://www.tfrrs.org/results/79702/4929145/Pac-12_Track__Field_Championships/Long-Jump,TFRRS all_performances
"Ojora, Temitope",USC,Big Ten,Long Jump,2023,3,,,5.97,m,NCAA West Preliminary Round,2023-05-24,,,0.9,Outdoor,https://www.tfrrs.org/results/81275/4936740/NCAA_West_Preliminary_Round/Long-Jump,TFRRS all_performances
"Jones, Allie",USC,Big Ten,Long Jump,2023,4,,,5.87,m,NCAA Division I Outdoor Track & Field Championships,2023-06-07,,,1.3,Outdoor,https://www.tfrrs.org/results/81300/4938151/NCAA_Division_I_Outdoor_Track__Field_Championships/Long-Jump,TFRRS all_performances
"Heggen, Lauren",Washington,Big Ten,Long Jump,2023,1,,,5.58,m,44th Aztec Invitational,2023-03-23,,,1.2,Outdoor,https://www.tfrrs.org/results/77705/4749102/44th_Aztec_Invitational/Long-Jump,TFRRS all_performances
"Heggen, Lauren",Washington,Big Ten,Long Jump,2023,1,,,5.54,m,Stanford Invitational,2023-03-31,,,+0.0,Outdoor,https://www.tfrrs.org/results/77089/4767605/Stanford_Invitational/Long-Jump,TFRRS all_performances
"Eikeng, Ida",Washington,Big Ten,Long Jump,2023,,,,5.89,m,63rd Annual Mt. SAC Relays,2023-04-12,,,1.3,Outdoor,https://www.tfrrs.org/results/77931/4948120/63rd_Annual_Mt_SAC_Relays/Long-Jump,TFRRS all_performances
"Heggen, Lauren",Washington,Big Ten,Long Jump,2023,,,,5.19,m,63rd Annual Mt. SAC Relays,2023-04-12,,,0.3,Outdoor,https://www.tfrrs.org/results/77931/4827056/63rd_Annual_Mt_SAC_Relays/Long-Jump,TFRRS all_performances
"Duckett, Camille",Washington,Big Ten,Long Jump,2023,2,,,5.11,m,Fresno St Invite,2023-04-28,,,0.1,Outdoor,https://www.tfrrs.org/results/76717/4881877/Fresno_St_Invite/Long-Jump,TFRRS all_performances
"Heggen, Lauren",Washington,Big Ten,Long Jump,2023,1,,,5.69,m,Fresno St Invite,2023-04-28,,,+0.0,Outdoor,https://www.tfrrs.org/results/76717/4881877/Fresno_St_Invite/Long-Jump,TFRRS all_performances
"Eikeng, Ida",Washington,Big Ten,Long Jump,2023,3,,,5.78,m,Pac-12 Track & Field Championships,2023-05-12,,,0.3,Outdoor,https://www.tfrrs.org/results/79702/4929174/Pac-12_Track__Field_Championships/Long-Jump,TFRRS all_performances
"Harris, Caelyn",Alabama,SEC,Long Jump,2023,1,,,6.00,m,Joe Walker Invitational 2023,2023-04-07,,,1.3,Outdoor,https://www.tfrrs.org/results/77698/4797639/Joe_Walker_Invitational_2023/Long-Jump,TFRRS all_performances
"Harris, Caelyn",Alabama,SEC,Long Jump,2023,1,,,5.67,m,UF Tom Jones Memorial,2023-04-14,,,1.2,Outdoor,https://www.tfrrs.org/results/78102/4824431/UF_Tom_Jones_Memorial/Long-Jump,TFRRS all_performances
"Harris, Caelyn",Alabama,SEC,Long Jump,2023,1,,,6.01,m,Crimson Tide Invitational,2023-04-21,,,-0.6,Outdoor,https://www.tfrrs.org/results/80387/4854820/Crimson_Tide_Invitational/Long-Jump,TFRRS all_performances
"Harris, Caelyn",Alabama,SEC,Long Jump,2023,1,,,5.79,m,LSU Invitational,2023-04-29,,,-1.4,Outdoor,https://www.tfrrs.org/results/78407/4880371/LSU_Invitational/Long-Jump,TFRRS all_performances
"Harris, Caelyn",Alabama,SEC,Long Jump,2023,1,,,6.27,m,SEC Outdoor Track & Field Championships,2023-05-11,,,1.2,Outdoor,https://www.tfrrs.org/results/80833/4923386/SEC_Outdoor_Track__Field_Championships/Long-Jump,TFRRS all_performances
"Harris, Caelyn",Alabama,SEC,Long Jump,2023,1,,,6.41,m,NCAA East Preliminary Round,2023-05-25,,,1.4,Outdoor,https://www.tfrrs.org/results/81274/4936791/NCAA_East_Preliminary_Round/Long-Jump,TFRRS all_performances
"Harris, Caelyn",Alabama,SEC,Long Jump,2023,1,,,6.00,m,NCAA Division I Outdoor Track & Field Championships,2023-06-07,,,-0.7,Outdoor,https://www.tfrrs.org/results/81300/4938104/NCAA_Division_I_Outdoor_Track__Field_Championships/Long-Jump,TFRRS all_performances
"Lester, Sterling",Florida,SEC,Long Jump,2023,4,,,5.70,m,2023 95th Clyde Littlefield Texas Relays,2023-03-29,,,1.5,Outdoor,https://www.tfrrs.org/results/77369/4784803/2023_95th_Clyde_Littlefield_Texas_Relays/Long-Jump,TFRRS all_performances
"Bryant, Claire",Florida,SEC,Long Jump,2023,3,,,6.56,m,Pepsi Florida Relays,2023-03-31,,,+0.0,Outdoor,https://www.tfrrs.org/results/77662/4765413/Pepsi_Florida_Relays/Long-Jump,TFRRS all_performances
"Bryant, Claire",Florida,SEC,Long Jump,2023,3,,,6.75,m,UF Tom Jones Memorial,2023-04-14,,,1.7,Outdoor,https://www.tfrrs.org/results/78102/4824400/UF_Tom_Jones_Memorial/Long-Jump,TFRRS all_performances
"Lester, Sterling",Florida,SEC,Long Jump,2023,4,,,5.81,m,UF Tom Jones Memorial,2023-04-14,,,-1.6,Outdoor,https://www.tfrrs.org/results/78102/4824400/UF_Tom_Jones_Memorial/Long-Jump,TFRRS all_performances
"Moore, Jasmine",Florida,SEC,Long Jump,2023,3,,,6.57,m,UF Tom Jones Memorial,2023-04-14,,,1.9,Outdoor,https://www.tfrrs.org/results/78102/4824400/UF_Tom_Jones_Memorial/Long-Jump,TFRRS all_performances
"Bryant, Claire",Florida,SEC,Long Jump,2023,3,,,6.52,m,LSU Invitational,2023-04-29,,,+0.0,Outdoor,https://www.tfrrs.org/results/78407/4880371/LSU_Invitational/Long-Jump,TFRRS all_performances
"Bryant, Claire",Florida,SEC,Long Jump,2023,3,,,6.68,m,SEC Outdoor Track & Field Championships,2023-05-11,,,0.3,Outdoor,https://www.tfrrs.org/results/80833/4923386/SEC_Outdoor_Track__Field_Championships/Long-Jump,TFRRS all_performances
"Lester, Sterling",Florida,SEC,Long Jump,2023,4,,,5.92,m,SEC Outdoor Track & Field Championships,2023-05-11,,,0.9,Outdoor,https://www.tfrrs.org/results/80833/4927336/SEC_Outdoor_Track__Field_Championships/Long-Jump,TFRRS all_performances
"Moore, Jasmine",Florida,SEC,Long Jump,2023,3,,,6.88,m,SEC Outdoor Track & Field Championships,2023-05-11,,,0.3,Outdoor,https://www.tfrrs.org/results/80833/4923386/SEC_Outdoor_Track__Field_Championships/Long-Jump,TFRRS all_performances
"Bryant, Claire",Florida,SEC,Long Jump,2023,3,,,6.58,m,NCAA East Preliminary Round,2023-05-25,,,0.7,Outdoor,https://www.tfrrs.org/results/81274/4936791/NCAA_East_Preliminary_Round/Long-Jump,TFRRS all_performances
"Moore, Jasmine",Florida,SEC,Long Jump,2023,3,,,6.43,m,NCAA East Preliminary Round,2023-05-25,,,0.5,Outdoor,https://www.tfrrs.org/results/81274/4936791/NCAA_East_Preliminary_Round/Long-Jump,TFRRS all_performances
"Bryant, Claire",Florida,SEC,Long Jump,2023,3,,,6.44,m,NCAA Division I Outdoor Track & Field Championships,2023-06-07,,,-1.1,Outdoor,https://www.tfrrs.org/results/81300/4938104/NCAA_Division_I_Outdoor_Track__Field_Championships/Long-Jump,TFRRS all_performances
"Moore, Jasmine",Florida,SEC,Long Jump,2023,3,,,6.66,m,NCAA Division I Outdoor Track & Field Championships,2023-06-07,,,0.3,Outdoor,https://www.tfrrs.org/results/81300/4938104/NCAA_Division_I_Outdoor_Track__Field_Championships/Long-Jump,TFRRS all_performances
"Marsh, Titiana",Georgia,SEC,Long Jump,2023,4,,,6.06,m,2023 95th Clyde Littlefield Texas Relays,2023-03-29,,,2.0,Outdoor,https://www.tfrrs.org/results/77369/4767322/2023_95th_Clyde_Littlefield_Texas_Relays/Long-Jump,TFRRS all_performances
"Marsh, Titiana",Georgia,SEC,Long Jump,2023,4,,,6.12,meters,Texas Relays,2023-03-30/2023-04-01,,7th,,Outdoor,https://georgiadogs.com/documents/download/2023/3/28/2023_Women_Outdoor_Results.pdf,legacy_source_needs_review
"Rush, Ella",Georgia,SEC,Long Jump,2023,1,,,5.95,meters,Texas Relays,2023-03-30/2023-04-01,,10th,,Outdoor,https://georgiadogs.com/documents/download/2023/3/28/2023_Women_Outdoor_Results.pdf,legacy_source_needs_review
"Marsh, Titiana",Georgia,SEC,Long Jump,2023,4,,,6.25,m,Spec Towns - Torrin Lawrence Invitational,2023-04-06,,,-2.7,Outdoor,https://www.tfrrs.org/results/79636/4805203/Spec_Towns_-_Torrin_Lawrence_Invitational/Long-Jump,TFRRS all_performances
"Marsh, Titiana",Georgia,SEC,Long Jump,2023,4,,,6.25,meters,Spec/Torrin Inv.,2023-04-06/2023-04-07,,2nd,,Outdoor,https://georgiadogs.com/documents/download/2023/3/28/2023_Women_Outdoor_Results.pdf,legacy_source_needs_review
"Anderson, Leah",Georgia,SEC,Long Jump,2023,2,,,5.47,m,63rd Annual Mt. SAC Relays,2023-04-12,,,0.3,Outdoor,https://www.tfrrs.org/results/77931/4827056/63rd_Annual_Mt_SAC_Relays/Long-Jump,TFRRS all_performances
"Marsh, Titiana",Georgia,SEC,Long Jump,2023,4,,,6.10,m,63rd Annual Mt. SAC Relays,2023-04-12,,,+0.0,Outdoor,https://www.tfrrs.org/results/77931/4827056/63rd_Annual_Mt_SAC_Relays/Long-Jump,TFRRS all_performances
"Rush, Ella",Georgia,SEC,Long Jump,2023,2,,,5.96,m,63rd Annual Mt. SAC Relays,2023-04-12,,,1.3,Outdoor,https://www.tfrrs.org/results/77931/4948120/63rd_Annual_Mt_SAC_Relays/Long-Jump,TFRRS all_performances
"Anderson, Leah",Georgia,SEC,Long Jump,2023,1,,,5.47,meters,Mt. SAC Relays,2023-04-13/2023-04-15,,34th,,Outdoor,https://georgiadogs.com/documents/download/2023/3/28/2023_Women_Outdoor_Results.pdf,legacy_source_needs_review
"Marsh, Titiana",Georgia,SEC,Long Jump,2023,4,,,6.1,meters,Mt. SAC Relays,2023-04-13/2023-04-15,,5th,,Outdoor,https://georgiadogs.com/documents/download/2023/3/28/2023_Women_Outdoor_Results.pdf,legacy_source_needs_review
"Rush, Ella",Georgia,SEC,Long Jump,2023,1,,,5.96,meters,Mt. SAC Relays,2023-04-13/2023-04-15,H,7th,,Outdoor,https://georgiadogs.com/documents/download/2023/3/28/2023_Women_Outdoor_Results.pdf,legacy_source_needs_review
"Marsh, Titiana",Georgia,SEC,Long Jump,2023,4,,,6.24,m,Georgia Tech Invitational,2023-04-21,,,+0.0,Outdoor,https://www.tfrrs.org/results/80375/4852090/Georgia_Tech_Invitational/Long-Jump,TFRRS all_performances
"McConico, Madison",Georgia,SEC,Long Jump,2023,1,,,5.06,m,Georgia Tech Invitational,2023-04-21,,,1.1,Outdoor,https://www.tfrrs.org/results/80375/4852090/Georgia_Tech_Invitational/Long-Jump,TFRRS all_performances
"Marsh, Titiana",Georgia,SEC,Long Jump,2023,4,,,6.24,meters,GT Invite,2023-04-21/2023-04-22,,2nd,,Outdoor,https://georgiadogs.com/documents/download/2023/3/28/2023_Women_Outdoor_Results.pdf,legacy_source_needs_review
"McConico, Madison",Georgia,SEC,Long Jump,2023,1,,,5.34,meters,GT Invite,2023-04-21/2023-04-22,,20th,,Outdoor,https://georgiadogs.com/documents/download/2023/3/28/2023_Women_Outdoor_Results.pdf,legacy_source_needs_review
"Marsh, Titiana",Georgia,SEC,Long Jump,2023,4,,,6.35,m,SEC Outdoor Track & Field Championships,2023-05-11,,,0.1,Outdoor,https://www.tfrrs.org/results/80833/4923386/SEC_Outdoor_Track__Field_Championships/Long-Jump,TFRRS all_performances
"Marsh, Titiana",Georgia,SEC,Long Jump,2023,4,,,6.35,meters,SEC Champs.,2023-05-11/2023-05-13,,6th,,Outdoor,https://georgiadogs.com/documents/download/2023/3/28/2023_Women_Outdoor_Results.pdf,legacy_source_needs_review
"Marsh, Titiana",Georgia,SEC,Long Jump,2023,4,,,6.24,meters,NCAA East Prelims,2023-05-24/2023-05-27,FR,10th,,Outdoor,https://georgiadogs.com/documents/download/2023/3/28/2023_Women_Outdoor_Results.pdf,legacy_source_needs_review
"Marsh, Titiana",Georgia,SEC,Long Jump,2023,4,,,6.24,m,NCAA East Preliminary Round,2023-05-25,,,0.3,Outdoor,https://www.tfrrs.org/results/81274/4936791/NCAA_East_Preliminary_Round/Long-Jump,TFRRS all_performances
"Marsh, Titiana",Georgia,SEC,Long Jump,2023,4,,,6.12,m,NCAA Division I Outdoor Track & Field Championships,2023-06-07,,,-0.8,Outdoor,https://www.tfrrs.org/results/81300/4938104/NCAA_Division_I_Outdoor_Track__Field_Championships/Long-Jump,TFRRS all_performances
"Marsh, Titiana",Georgia,SEC,Long Jump,2023,4,,,6.12,meters,NCAA Champs.,2023-06-07/2023-06-10,,11th,,Outdoor,https://georgiadogs.com/documents/download/2023/3/28/2023_Women_Outdoor_Results.pdf,legacy_source_needs_review
"Charlton, Anthaya",Kentucky,SEC,Long Jump,2023,1,,,6.40,m,UCF Black and Gold Invite,2023-03-17,,,1.0,Outdoor,https://www.tfrrs.org/results/77632/4732629/UCF_Black_and_Gold_Invite/Long-Jump,TFRRS all_performances
"Galloway, Sophie",Kentucky,SEC,Long Jump,2023,2,,,5.58,m,UCF Black and Gold Invite,2023-03-17,,,1.4,Outdoor,https://www.tfrrs.org/results/77632/4732629/UCF_Black_and_Gold_Invite/Long-Jump,TFRRS all_performances
"Wilson, Meg",Kentucky,SEC,Long Jump,2023,2,,,5.68,m,UCF Black and Gold Invite,2023-03-17,,,1.4,Outdoor,https://www.tfrrs.org/results/77632/4732629/UCF_Black_and_Gold_Invite/Long-Jump,TFRRS all_performances
"Charlton, Anthaya",Kentucky,SEC,Long Jump,2023,1,,,6.33,m,2023 95th Clyde Littlefield Texas Relays,2023-03-29,,,1.9,Outdoor,https://www.tfrrs.org/results/77369/4767322/2023_95th_Clyde_Littlefield_Texas_Relays/Long-Jump,TFRRS all_performances
"Wilson, Meg",Kentucky,SEC,Long Jump,2023,2,,,5.52,m,UF Tom Jones Memorial,2023-04-14,,,0.9,Outdoor,https://www.tfrrs.org/results/78102/4824431/UF_Tom_Jones_Memorial/Long-Jump,TFRRS all_performances
"Charlton, Anthaya",Kentucky,SEC,Long Jump,2023,1,,,5.99,m,Michael Johnson Invitational,2023-04-21,,,1.7,Outdoor,https://www.tfrrs.org/results/75342/4853607/Michael_Johnson_Invitational/Long-Jump,TFRRS all_performances
"Wilson, Meg",Kentucky,SEC,Long Jump,2023,2,,,5.57,m,2023 Jim Green Track & Field Invitational,2023-04-28,,,0.6,Outdoor,https://www.tfrrs.org/results/78802/4889077/2023_Jim_Green_Track__Field_Invitational/Long-Jump,TFRRS all_performances
"Charlton, Anthaya",Kentucky,SEC,Long Jump,2023,1,,,6.74,m,SEC Outdoor Track & Field Championships,2023-05-11,,,-0.1,Outdoor,https://www.tfrrs.org/results/80833/4923386/SEC_Outdoor_Track__Field_Championships/Long-Jump,TFRRS all_performances
"Wilson, Meg",Kentucky,SEC,Long Jump,2023,2,,,5.62,m,SEC Outdoor Track & Field Championships,2023-05-11,,,1.7,Outdoor,https://www.tfrrs.org/results/80833/4923386/SEC_Outdoor_Track__Field_Championships/Long-Jump,TFRRS all_performances
"Charlton, Anthaya",Kentucky,SEC,Long Jump,2023,1,,,5.74,meters,NCAA East Preliminary Round,2023-05-25,Preliminary,40,4.2,Outdoor,https://www.tfrrs.org/athletes/7987480/Kentucky/Anthaya_Charlton.html,legacy_source_needs_review
"Buller, Sophia",Clemson,ACC,Long Jump,2024,1,,,4.54,m,Charlotte 49er Classic,2024-03-14,,,1.6,Outdoor,https://www.tfrrs.org/results/84671/5119630/Charlotte_49er_Classic/Long-Jump,TFRRS all_performances
"Kapoor, Isabelle",Clemson,ACC,Long Jump,2024,3,,,5.13,m,Charlotte 49er Classic,2024-03-14,,,2.0,Outdoor,https://www.tfrrs.org/results/84671/5119630/Charlotte_49er_Classic/Long-Jump,TFRRS all_performances
"Johnston, Caroline",Clemson,ACC,Long Jump,2024,4,,,5.87,m,UCF Black & Gold Invite,2024-03-15,,,-1.5,Outdoor,https://www.tfrrs.org/results/81397/5112750/UCF_Black__Gold_Invite/Long-Jump,TFRRS all_performances
"Johnston, Caroline",Clemson,ACC,Long Jump,2024,4,,,5.96,m,UCF Knights Invite,2024-03-22,,,1.4,Outdoor,https://www.tfrrs.org/results/81665/5127807/UCF_Knights_Invite/Long-Jump,TFRRS all_performances
"Johnston, Caroline",Clemson,ACC,Long Jump,2024,4,,,5.79,m,Tom Jones Memorial Invitational,2024-04-12,,,0.7,Outdoor,https://www.tfrrs.org/results/85961/5198998/Tom_Jones_Memorial_Invitational/Long-Jump,TFRRS all_performances
"Johnston, Caroline",Clemson,ACC,Long Jump,2024,4,,,5.92,m,USC Outdoor Open,2024-04-20,,,0.7,Outdoor,https://www.tfrrs.org/results/85539/5220054/USC_Outdoor_Open/Long-Jump,TFRRS all_performances
"Johnston, Caroline",Clemson,ACC,Long Jump,2024,4,,,6.20,m,Penn Relays,2024-04-25,,,-0.1,Outdoor,https://www.tfrrs.org/results/86574/5277025/Penn_Relays/Long-Jump,TFRRS all_performances
"Foreman, Shantae",Clemson,ACC,Long Jump,2024,3,,,5.67,m,ACC Outdoor Track & Field Championships,2024-05-09,,,-0.8,Outdoor,https://www.tfrrs.org/results/86920/5278894/ACC_Outdoor_Track__Field_Championships/Long-Jump,TFRRS all_performances
"Johnston, Caroline",Clemson,ACC,Long Jump,2024,4,,,5.96,m,ACC Outdoor Track & Field Championships,2024-05-09,,,0.8,Outdoor,https://www.tfrrs.org/results/86920/5278894/ACC_Outdoor_Track__Field_Championships/Long-Jump,TFRRS all_performances
"Kapoor, Isabelle",Clemson,ACC,Long Jump,2024,2,,,5.32,m,ACC Outdoor Track & Field Championships,2024-05-09,,,-0.2,Outdoor,https://www.tfrrs.org/results/86920/5278925/ACC_Outdoor_Track__Field_Championships/Long-Jump,TFRRS all_performances
"Johnston, Caroline",Clemson,ACC,Long Jump,2024,4,,,5.86,m,NCAA East First Round,2024-05-22,,,1.2,Outdoor,https://www.tfrrs.org/results/86997/5284563/NCAA_East_First_Round/Long-Jump,TFRRS all_performances
"Locci, Gianna",Duke,ACC,Long Jump,2024,2,,,6.05,m,Hurricane Collegiate Invite,2024-03-23,,,+0.0,Outdoor,https://www.tfrrs.org/results/84947/5225212/Hurricane_Collegiate_Invite_/Long-Jump,TFRRS all_performances
"Rozario, Tia",Duke,ACC,Long Jump,2024,4,,,5.91,m,Hurricane Collegiate Invite,2024-03-23,,,0.1,Outdoor,https://www.tfrrs.org/results/84947/5225212/Hurricane_Collegiate_Invite_/Long-Jump,TFRRS all_performances
"Smith, Brianna",Duke,ACC,Long Jump,2024,4,,,5.83,m,Hurricane Collegiate Invite,2024-03-23,,,+0.0,Outdoor,https://www.tfrrs.org/results/84947/5225212/Hurricane_Collegiate_Invite_/Long-Jump,TFRRS all_performances
"Locci, Gianna",Duke,ACC,Long Jump,2024,2,,,5.85,m,Raleigh Relays,2024-03-28,,,-0.2,Outdoor,https://www.tfrrs.org/results/85174/5146942/Raleigh_Relays/Long-Jump,TFRRS all_performances
"Rozario, Tia",Duke,ACC,Long Jump,2024,4,,,5.82,m,Raleigh Relays,2024-03-28,,,0.3,Outdoor,https://www.tfrrs.org/results/85174/5146942/Raleigh_Relays/Long-Jump,TFRRS all_performances
"Locci, Gianna",Duke,ACC,Long Jump,2024,2,,,6.03,m,VertKlasse Meeting,2024-04-05,,,1.8,Outdoor,https://www.tfrrs.org/results/85654/5173129/VertKlasse_Meeting/Long-Jump,TFRRS all_performances
"Locci, Gianna",Duke,ACC,Long Jump,2024,2,,,5.77,m,Duke Invitational,2024-04-11,,,0.8,Outdoor,https://www.tfrrs.org/results/81886/5192042/Duke_Invitational/Long-Jump,TFRRS all_performances
"Rozario, Tia",Duke,ACC,Long Jump,2024,4,,,5.88,m,Duke Invitational,2024-04-11,,,-2.8,Outdoor,https://www.tfrrs.org/results/81886/5192042/Duke_Invitational/Long-Jump,TFRRS all_performances
"Smith, Brianna",Duke,ACC,Long Jump,2024,4,,,5.57,m,Duke Invitational,2024-04-11,,,1.0,Outdoor,https://www.tfrrs.org/results/81886/5206865/Duke_Invitational/Long-Jump,TFRRS all_performances
"Locci, Gianna",Duke,ACC,Long Jump,2024,2,,,6.09,m,Wake Forest Invitational,2024-04-19,,,0.5,Outdoor,https://www.tfrrs.org/results/86254/5223282/Wake_Forest_Invitational/Long-Jump,TFRRS all_performances
"Locci, Gianna",Duke,ACC,Long Jump,2024,2,,,5.96,m,2024 Charlotte Invitational,2024-04-26,,,1.6,Outdoor,https://www.tfrrs.org/results/85877/5240230/2024_Charlotte_Invitational/Long-Jump,TFRRS all_performances
"Smith, Brianna",Duke,ACC,Long Jump,2024,4,,,5.57,m,NCAA Division I Outdoor Track & Field Championships,2024-05-05,,,0.9,Outdoor,https://www.tfrrs.org/results/87017/5286222/NCAA_Division_I_Outdoor_Track__Field_Championships/Long-Jump,TFRRS all_performances
"Locci, Gianna",Duke,ACC,Long Jump,2024,2,,,6.00,m,ACC Outdoor Track & Field Championships,2024-05-09,,,-1.3,Outdoor,https://www.tfrrs.org/results/86920/5278894/ACC_Outdoor_Track__Field_Championships/Long-Jump,TFRRS all_performances
"Rozario, Tia",Duke,ACC,Long Jump,2024,4,,,5.65,m,ACC Outdoor Track & Field Championships,2024-05-09,,,0.5,Outdoor,https://www.tfrrs.org/results/86920/5278894/ACC_Outdoor_Track__Field_Championships/Long-Jump,TFRRS all_performances
"Smith, Brianna",Duke,ACC,Long Jump,2024,4,,,5.63,m,ACC Outdoor Track & Field Championships,2024-05-09,,,-1.7,Outdoor,https://www.tfrrs.org/results/86920/5278925/ACC_Outdoor_Track__Field_Championships/Long-Jump,TFRRS all_performances
"Carroll, Tori",Florida State,ACC,Long Jump,2024,4,,,5.95,m,Hurricane Invitational,2024-03-15,,,1.8,Outdoor,https://www.tfrrs.org/results/84682/5114846/Hurricane_Invitational/Long-Jump,TFRRS all_performances
"Jackson, Adina",Florida State,ACC,Long Jump,2024,1,,,5.71,m,Hurricane Invitational,2024-03-15,,,0.5,Outdoor,https://www.tfrrs.org/results/84682/5114846/Hurricane_Invitational/Long-Jump,TFRRS all_performances
"Reynolds, Skyler",Florida State,ACC,Long Jump,2024,3,,,5.86,m,Hurricane Invitational,2024-03-15,,,+0.0,Outdoor,https://www.tfrrs.org/results/84682/5114846/Hurricane_Invitational/Long-Jump,TFRRS all_performances
"Carroll, Tori",Florida State,ACC,Long Jump,2024,4,,,5.97,m,FSU Relays,2024-03-21,,,0.3,Outdoor,https://www.tfrrs.org/results/84936/5126537/FSU_Relays/Long-Jump,TFRRS all_performances
"Jackson, Adina",Florida State,ACC,Long Jump,2024,1,,,5.49,m,FSU Relays,2024-03-21,,,0.7,Outdoor,https://www.tfrrs.org/results/84936/5126537/FSU_Relays/Long-Jump,TFRRS all_performances
"Reynolds, Skyler",Florida State,ACC,Long Jump,2024,3,,,5.83,m,FSU Relays,2024-03-21,,,0.3,Outdoor,https://www.tfrrs.org/results/84936/5126537/FSU_Relays/Long-Jump,TFRRS all_performances
"Carroll, Tori",Florida State,ACC,Long Jump,2024,4,,,5.85,m,Pepsi Florida Relays,2024-03-29,,,+0.0,Outdoor,https://www.tfrrs.org/results/83593/5148539/Pepsi_Florida_Relays/Long-Jump,TFRRS all_performances
"Jackson, Adina",Florida State,ACC,Long Jump,2024,1,,,5.67,m,Crimson Tide Invitational,2024-04-05,,,1.2,Outdoor,https://www.tfrrs.org/results/85658/5171076/Crimson_Tide_Invitational/Long-Jump,TFRRS all_performances
"Reynolds, Skyler",Florida State,ACC,Long Jump,2024,3,,,5.85,m,Crimson Tide Invitational,2024-04-05,,,0.2,Outdoor,https://www.tfrrs.org/results/85658/5171076/Crimson_Tide_Invitational/Long-Jump,TFRRS all_performances
"Carroll, Tori",Florida State,ACC,Long Jump,2024,4,,,6.14,m,Tom Jones Memorial Invitational,2024-04-12,,,0.7,Outdoor,https://www.tfrrs.org/results/85961/5198998/Tom_Jones_Memorial_Invitational/Long-Jump,TFRRS all_performances
"Reynolds, Skyler",Florida State,ACC,Long Jump,2024,3,,,5.84,m,Tom Jones Memorial Invitational,2024-04-12,,,0.6,Outdoor,https://www.tfrrs.org/results/85961/5198998/Tom_Jones_Memorial_Invitational/Long-Jump,TFRRS all_performances
"Jackson, Adina",Florida State,ACC,Long Jump,2024,1,,,5.38,m,2024 Tiger Track Classic,2024-04-20,,,1.8,Outdoor,https://www.tfrrs.org/results/85707/5220157/2024_Tiger_Track_Classic/Long-Jump,TFRRS all_performances
"Carroll, Tori",Florida State,ACC,Long Jump,2024,4,,,6.08,m,LSU Invitational,2024-04-27,,,1.8,Outdoor,https://www.tfrrs.org/results/84133/5240896/LSU_Invitational/Long-Jump,TFRRS all_performances
"Carroll, Tori",Florida State,ACC,Long Jump,2024,4,,,5.89,m,ACC Outdoor Track & Field Championships,2024-05-09,,,-0.8,Outdoor,https://www.tfrrs.org/results/86920/5278894/ACC_Outdoor_Track__Field_Championships/Long-Jump,TFRRS all_performances
"Reynolds, Skyler",Florida State,ACC,Long Jump,2024,3,,,5.72,m,ACC Outdoor Track & Field Championships,2024-05-09,,,1.1,Outdoor,https://www.tfrrs.org/results/86920/5278894/ACC_Outdoor_Track__Field_Championships/Long-Jump,TFRRS all_performances
"Carroll, Tori",Florida State,ACC,Long Jump,2024,4,,,6.11,m,NCAA East First Round,2024-05-22,,,1.0,Outdoor,https://www.tfrrs.org/results/86997/5284563/NCAA_East_First_Round/Long-Jump,TFRRS all_performances
"Reynolds, Skyler",Florida State,ACC,Long Jump,2024,3,,,5.61,m,NCAA East First Round,2024-05-22,,,0.6,Outdoor,https://www.tfrrs.org/results/86997/5284563/NCAA_East_First_Round/Long-Jump,TFRRS all_performances
"Oakes, Alaysia",Stanford,ACC,Long Jump,2024,2,,,5.58,m,2024 Hornet Invite,2024-03-15,,,-1.2,Outdoor,https://www.tfrrs.org/results/83555/5115048/2024_Hornet_Invite/Long-Jump,TFRRS all_performances
"Stapleton, Tess",Stanford,ACC,Long Jump,2024,3,,,5.93,m,2024 Hornet Invite,2024-03-15,,,-1.1,Outdoor,https://www.tfrrs.org/results/83555/5115048/2024_Hornet_Invite/Long-Jump,TFRRS all_performances
"Zwaanstra, Teagan",Stanford,ACC,Long Jump,2024,3,,,5.82,m,2024 Hornet Invite,2024-03-15,,,+0.0,Outdoor,https://www.tfrrs.org/results/83555/5115048/2024_Hornet_Invite/Long-Jump,TFRRS all_performances
"Jones, Alyssa",Stanford,ACC,Long Jump,2024,2,,,6.21,m,Stanford Invitational,2024-03-29,,,1.1,Outdoor,https://www.tfrrs.org/results/83461/5148864/Stanford_Invitational/Long-Jump,TFRRS all_performances
"Oakes, Alaysia",Stanford,ACC,Long Jump,2024,2,,,5.75,m,Stanford Invitational,2024-03-29,,,1.2,Outdoor,https://www.tfrrs.org/results/83461/5148864/Stanford_Invitational/Long-Jump,TFRRS all_performances
"Stapleton, Tess",Stanford,ACC,Long Jump,2024,3,,,5.77,m,Stanford Invitational,2024-03-29,,,1.2,Outdoor,https://www.tfrrs.org/results/83461/5148864/Stanford_Invitational/Long-Jump,TFRRS all_performances
"Zwaanstra, Teagan",Stanford,ACC,Long Jump,2024,3,,,5.54,m,Stanford Invitational,2024-03-29,,,-3.1,Outdoor,https://www.tfrrs.org/results/83461/5148920/Stanford_Invitational/Long-Jump,TFRRS all_performances
"Zwaanstra, Teagan",Stanford,ACC,Long Jump,2024,3,,,5.99,m,Brutus Hamilton 2024,2024-04-06,,,-1.9,Outdoor,https://www.tfrrs.org/results/81521/5172163/Brutus_Hamilton_2024/Long-Jump,TFRRS all_performances
"Jones, Alyssa",Stanford,ACC,Long Jump,2024,2,,,6.25,m,64th Annual Mt. SAC Relays,2024-04-17,,,1.4,Outdoor,https://www.tfrrs.org/results/84352/5221451/64th_Annual_Mt_SAC_Relays/Long-Jump,TFRRS all_performances
"Oakes, Alaysia",Stanford,ACC,Long Jump,2024,2,,,5.19,m,64th Annual Mt. SAC Relays,2024-04-17,,,-1.3,Outdoor,https://www.tfrrs.org/results/84352/5221407/64th_Annual_Mt_SAC_Relays/Long-Jump,TFRRS all_performances
"Stapleton, Tess",Stanford,ACC,Long Jump,2024,3,,,6.19,m,64th Annual Mt. SAC Relays,2024-04-17,,,-0.2,Outdoor,https://www.tfrrs.org/results/84352/5221407/64th_Annual_Mt_SAC_Relays/Long-Jump,TFRRS all_performances
"Zwaanstra, Teagan",Stanford,ACC,Long Jump,2024,3,,,5.85,m,64th Annual Mt. SAC Relays,2024-04-17,,,1.4,Outdoor,https://www.tfrrs.org/results/84352/5221407/64th_Annual_Mt_SAC_Relays/Long-Jump,TFRRS all_performances
"Oakes, Alaysia",Stanford,ACC,Long Jump,2024,2,,,5.79,m,Payton Jordan Invitational,2024-04-26,,,1.4,Outdoor,https://www.tfrrs.org/results/83818/5238629/Payton_Jordan_Invitational/Long-Jump,TFRRS all_performances
"Zwaanstra, Teagan",Stanford,ACC,Long Jump,2024,3,,,6.00,m,Payton Jordan Invitational,2024-04-26,,,-0.2,Outdoor,https://www.tfrrs.org/results/83818/5238629/Payton_Jordan_Invitational/Long-Jump,TFRRS all_performances
"Jones, Alyssa",Stanford,ACC,Long Jump,2024,2,,,6.18,m,Stanford vs Cal Big Meet,2024-04-30,,,-0.3,Outdoor,https://www.tfrrs.org/results/86314/5253409/Stanford_vs_Cal_Big_Meet/Long-Jump,TFRRS all_performances
"Oakes, Alaysia",Stanford,ACC,Long Jump,2024,2,,,6.13,m,Stanford vs Cal Big Meet,2024-04-30,,,-2.1,Outdoor,https://www.tfrrs.org/results/86314/5253409/Stanford_vs_Cal_Big_Meet/Long-Jump,TFRRS all_performances
"Stapleton, Tess",Stanford,ACC,Long Jump,2024,3,,,6.28,m,Stanford vs Cal Big Meet,2024-04-30,,,0.1,Outdoor,https://www.tfrrs.org/results/86314/5253409/Stanford_vs_Cal_Big_Meet/Long-Jump,TFRRS all_performances
"Zwaanstra, Teagan",Stanford,ACC,Long Jump,2024,3,,,5.74,m,Stanford vs Cal Big Meet,2024-04-30,,,0.6,Outdoor,https://www.tfrrs.org/results/86314/5253409/Stanford_vs_Cal_Big_Meet/Long-Jump,TFRRS all_performances
"Jones, Alyssa",Stanford,ACC,Long Jump,2024,2,,,6.64,m,NCAA Division I Outdoor Track & Field Championships,2024-05-05,,,1.2,Outdoor,https://www.tfrrs.org/results/87017/5286183/NCAA_Division_I_Outdoor_Track__Field_Championships/Long-Jump,TFRRS all_performances
"Jones, Alyssa",Stanford,ACC,Long Jump,2024,2,,,6.49,m,PAC-12 Track and Field Championships,2024-05-10,,,-0.7,Outdoor,https://www.tfrrs.org/results/83706/5277517/PAC-12_Track_and_Field_Championships/Long-Jump,TFRRS all_performances
"Oakes, Alaysia",Stanford,ACC,Long Jump,2024,2,,,5.94,m,PAC-12 Track and Field Championships,2024-05-10,,,-0.4,Outdoor,https://www.tfrrs.org/results/83706/5277517/PAC-12_Track_and_Field_Championships/Long-Jump,TFRRS all_performances
"Stapleton, Tess",Stanford,ACC,Long Jump,2024,3,,,5.96,m,PAC-12 Track and Field Championships,2024-05-10,,,0.4,Outdoor,https://www.tfrrs.org/results/83706/5277517/PAC-12_Track_and_Field_Championships/Long-Jump,TFRRS all_performances
"Zwaanstra, Teagan",Stanford,ACC,Long Jump,2024,3,,,5.66,m,PAC-12 Track and Field Championships,2024-05-10,,,0.5,Outdoor,https://www.tfrrs.org/results/83706/5277517/PAC-12_Track_and_Field_Championships/Long-Jump,TFRRS all_performances
"Hardy, Jordan",Virginia,ACC,Long Jump,2024,3,,,5.90,m,Virginia Opener,2024-03-23,,,1.8,Outdoor,https://www.tfrrs.org/results/84945/5129853/Virginia_Opener/Long-Jump,TFRRS all_performances
"Lee, Mahkaia",Virginia,ACC,Long Jump,2024,3,,,6.09,m,Virginia Opener,2024-03-23,,,1.2,Outdoor,https://www.tfrrs.org/results/84945/5129853/Virginia_Opener/Long-Jump,TFRRS all_performances
"Recce, Gabriella",Virginia,ACC,Long Jump,2024,4,,,5.58,m,Virginia Opener,2024-03-23,,,1.6,Outdoor,https://www.tfrrs.org/results/84945/5129853/Virginia_Opener/Long-Jump,TFRRS all_performances
"White, Libby",Virginia,ACC,Long Jump,2024,1,,,4.93,m,Virginia Opener,2024-03-23,,,1.5,Outdoor,https://www.tfrrs.org/results/84945/5129853/Virginia_Opener/Long-Jump,TFRRS all_performances
"Hardy, Jordan",Virginia,ACC,Long Jump,2024,3,,,6.03,m,Raleigh Relays,2024-03-28,,,1.0,Outdoor,https://www.tfrrs.org/results/85174/5146942/Raleigh_Relays/Long-Jump,TFRRS all_performances
"Lee, Mahkaia",Virginia,ACC,Long Jump,2024,3,,,6.03,m,VertKlasse Meeting,2024-04-05,,,1.7,Outdoor,https://www.tfrrs.org/results/85654/5173129/VertKlasse_Meeting/Long-Jump,TFRRS all_performances
"Hardy, Jordan",Virginia,ACC,Long Jump,2024,3,,,5.99,m,Virginia Grand Prix,2024-04-12,,,0.3,Outdoor,https://www.tfrrs.org/results/85958/5192107/Virginia_Grand_Prix/Long-Jump,TFRRS all_performances
"Lee, Mahkaia",Virginia,ACC,Long Jump,2024,3,,,5.71,m,Virginia Grand Prix,2024-04-12,,,1.8,Outdoor,https://www.tfrrs.org/results/85958/5192107/Virginia_Grand_Prix/Long-Jump,TFRRS all_performances
"Recce, Gabriella",Virginia,ACC,Long Jump,2024,4,,,5.57,m,Virginia Grand Prix,2024-04-12,,,1.8,Outdoor,https://www.tfrrs.org/results/85958/5192107/Virginia_Grand_Prix/Long-Jump,TFRRS all_performances
"Spoor, Elsa",Virginia,ACC,Long Jump,2024,1,,,4.55,m,Virginia Grand Prix,2024-04-12,,,1.1,Outdoor,https://www.tfrrs.org/results/85958/5192130/Virginia_Grand_Prix/Long-Jump,TFRRS all_performances
"Hardy, Jordan",Virginia,ACC,Long Jump,2024,3,,,6.14,m,Virginia Challenge,2024-04-19,,,1.3,Outdoor,https://www.tfrrs.org/results/86255/5218665/Virginia_Challenge/Long-Jump,TFRRS all_performances
"Lee, Mahkaia",Virginia,ACC,Long Jump,2024,3,,,6.21,m,Virginia Challenge,2024-04-19,,,+0.0,Outdoor,https://www.tfrrs.org/results/86255/5218665/Virginia_Challenge/Long-Jump,TFRRS all_performances
"Recce, Gabriella",Virginia,ACC,Long Jump,2024,4,,,5.66,m,Virginia Challenge,2024-04-19,,,+0.0,Outdoor,https://www.tfrrs.org/results/86255/5218665/Virginia_Challenge/Long-Jump,TFRRS all_performances
"Spoor, Elsa",Virginia,ACC,Long Jump,2024,1,,,4.44,m,Virginia Challenge,2024-04-19,,,1.4,Outdoor,https://www.tfrrs.org/results/86255/5218665/Virginia_Challenge/Long-Jump,TFRRS all_performances
"Lee, Mahkaia",Virginia,ACC,Long Jump,2024,3,,,5.84,m,Penn Relays,2024-04-25,,,0.5,Outdoor,https://www.tfrrs.org/results/86574/5277025/Penn_Relays/Long-Jump,TFRRS all_performances
"Lee, Mahkaia",Virginia,ACC,Long Jump,2024,3,,,5.60,m,Virginia High Performance,2024-04-28,,,0.5,Outdoor,https://www.tfrrs.org/results/84590/5245431/Virginia_High_Performance/Long-Jump,TFRRS all_performances
"Hardy, Jordan",Virginia,ACC,Long Jump,2024,3,,,5.85,m,ACC Outdoor Track & Field Championships,2024-05-09,,,-0.5,Outdoor,https://www.tfrrs.org/results/86920/5278894/ACC_Outdoor_Track__Field_Championships/Long-Jump,TFRRS all_performances
"Lee, Mahkaia",Virginia,ACC,Long Jump,2024,3,,,5.95,m,ACC Outdoor Track & Field Championships,2024-05-09,,,0.8,Outdoor,https://www.tfrrs.org/results/86920/5278894/ACC_Outdoor_Track__Field_Championships/Long-Jump,TFRRS all_performances
"Spoor, Elsa",Virginia,ACC,Long Jump,2024,1,,,5.16,m,ACC Outdoor Track & Field Championships,2024-05-09,,,-1.0,Outdoor,https://www.tfrrs.org/results/86920/5278925/ACC_Outdoor_Track__Field_Championships/Long-Jump,TFRRS all_performances
"Lee, Mahkaia",Virginia,ACC,Long Jump,2024,3,,,5.96,m,NCAA East First Round,2024-05-22,,,-0.2,Outdoor,https://www.tfrrs.org/results/86997/5284563/NCAA_East_First_Round/Long-Jump,TFRRS all_performances
"Ford, Lauryn",Arizona,Big 12,Long Jump,2024,4,,,5.83,m,2024 Arizona Spring Break Fiesta,2024-03-16,,,+0.0,Outdoor,https://www.tfrrs.org/results/81574/5113959/2024_Arizona_Spring_Break_Fiesta/Long-Jump,TFRRS all_performances
"Bosko, Jenica",Arizona,Big 12,Long Jump,2024,3,,,6.50,m,2024 Willie Williams Classic,2024-03-22,,,+0.0,Outdoor,https://www.tfrrs.org/results/81575/5128181/_2024_Willie_Williams_Classic/Long-Jump,TFRRS all_performances
"Ford, Lauryn",Arizona,Big 12,Long Jump,2024,4,,,6.08,m,2024 Willie Williams Classic,2024-03-22,,,0.3,Outdoor,https://www.tfrrs.org/results/81575/5128181/_2024_Willie_Williams_Classic/Long-Jump,TFRRS all_performances
"Vanek, Sydnie",Arizona,Big 12,Long Jump,2024,1,,,6.16,m,2024 Willie Williams Classic,2024-03-22,,,0.8,Outdoor,https://www.tfrrs.org/results/81575/5128181/_2024_Willie_Williams_Classic/Long-Jump,TFRRS all_performances
"Bosko, Jenica",Arizona,Big 12,Long Jump,2024,3,,,6.27,m,2024 Jim Click Shootout,2024-04-05,,,-1.0,Outdoor,https://www.tfrrs.org/results/81577/5171512/_2024_Jim_Click_Shootout/Long-Jump,TFRRS all_performances
"Powers, Hollan",Arizona,Big 12,Long Jump,2024,3,,,5.72,m,2024 Jim Click Shootout,2024-04-05,,,-1.3,Outdoor,https://www.tfrrs.org/results/81577/5175663/_2024_Jim_Click_Shootout/Long-Jump,TFRRS all_performances
"Vanek, Sydnie",Arizona,Big 12,Long Jump,2024,1,,,6.22,m,2024 Jim Click Shootout,2024-04-05,,,1.3,Outdoor,https://www.tfrrs.org/results/81577/5171512/_2024_Jim_Click_Shootout/Long-Jump,TFRRS all_performances
"Bosko, Jenica",Arizona,Big 12,Long Jump,2024,3,,,6.15,m,64th Annual Mt. SAC Relays,2024-04-17,,,0.2,Outdoor,https://www.tfrrs.org/results/84352/5221451/64th_Annual_Mt_SAC_Relays/Long-Jump,TFRRS all_performances
"Vanek, Sydnie",Arizona,Big 12,Long Jump,2024,1,,,5.85,m,64th Annual Mt. SAC Relays,2024-04-17,,,-2.6,Outdoor,https://www.tfrrs.org/results/84352/5221407/64th_Annual_Mt_SAC_Relays/Long-Jump,TFRRS all_performances
"Wise, Taylen",Arizona,Big 12,Long Jump,2024,2,,,5.95,m,64th Annual Mt. SAC Relays,2024-04-17,,,0.4,Outdoor,https://www.tfrrs.org/results/84352/5221407/64th_Annual_Mt_SAC_Relays/Long-Jump,TFRRS all_performances
"Ford, Lauryn",Arizona,Big 12,Long Jump,2024,4,,,5.74,m,Desert Heat Classic 2024,2024-04-27,,,+0.0,Outdoor,https://www.tfrrs.org/results/81578/5242993/_Desert_Heat_Classic_2024/Long-Jump,TFRRS all_performances
"Vanek, Sydnie",Arizona,Big 12,Long Jump,2024,1,,,6.54,m,Desert Heat Classic 2024,2024-04-27,,,-0.1,Outdoor,https://www.tfrrs.org/results/81578/5242993/_Desert_Heat_Classic_2024/Long-Jump,TFRRS all_performances
"Wise, Taylen",Arizona,Big 12,Long Jump,2024,2,,,6.11,m,Desert Heat Classic 2024,2024-04-27,,,+0.0,Outdoor,https://www.tfrrs.org/results/81578/5242993/_Desert_Heat_Classic_2024/Long-Jump,TFRRS all_performances
"Bosko, Jenica",Arizona,Big 12,Long Jump,2024,3,,,5.88,m,PAC-12 Track and Field Championships,2024-05-10,,,-0.7,Outdoor,https://www.tfrrs.org/results/83706/5277517/PAC-12_Track_and_Field_Championships/Long-Jump,TFRRS all_performances
"Ford, Lauryn",Arizona,Big 12,Long Jump,2024,4,,,6.05,m,PAC-12 Track and Field Championships,2024-05-10,,,1.7,Outdoor,https://www.tfrrs.org/results/83706/5277517/PAC-12_Track_and_Field_Championships/Long-Jump,TFRRS all_performances
"Powers, Hollan",Arizona,Big 12,Long Jump,2024,3,,,5.81,m,PAC-12 Track and Field Championships,2024-05-10,,,2.0,Outdoor,https://www.tfrrs.org/results/83706/5277510/PAC-12_Track_and_Field_Championships/Long-Jump,TFRRS all_performances
"Psarras, Emily",Arizona,Big 12,Long Jump,2024,1,,,5.19,m,PAC-12 Track and Field Championships,2024-05-10,,,1.5,Outdoor,https://www.tfrrs.org/results/83706/5277510/PAC-12_Track_and_Field_Championships/Long-Jump,TFRRS all_performances
"Vanek, Sydnie",Arizona,Big 12,Long Jump,2024,1,,,6.23,m,PAC-12 Track and Field Championships,2024-05-10,,,-0.7,Outdoor,https://www.tfrrs.org/results/83706/5277517/PAC-12_Track_and_Field_Championships/Long-Jump,TFRRS all_performances
"Wise, Taylen",Arizona,Big 12,Long Jump,2024,2,,,5.94,m,PAC-12 Track and Field Championships,2024-05-10,,,-0.4,Outdoor,https://www.tfrrs.org/results/83706/5277517/PAC-12_Track_and_Field_Championships/Long-Jump,TFRRS all_performances
"Bonds, Zoey",BYU,Big 12,Long Jump,2024,2,,,5.55,m,2024 Arizona Spring Break Fiesta,2024-03-16,,,-1.4,Outdoor,https://www.tfrrs.org/results/81574/5113959/2024_Arizona_Spring_Break_Fiesta/Long-Jump,TFRRS all_performances
"Passmore, Madeleine",BYU,Big 12,Long Jump,2024,2,,,6.02,m,2024 Arizona Spring Break Fiesta,2024-03-16,,,-0.5,Outdoor,https://www.tfrrs.org/results/81574/5113959/2024_Arizona_Spring_Break_Fiesta/Long-Jump,TFRRS all_performances
"Wilde, Brinnlee",BYU,Big 12,Long Jump,2024,1,,,5.05,m,2024 Arizona Spring Break Fiesta,2024-03-16,,,-0.3,Outdoor,https://www.tfrrs.org/results/81574/5113959/2024_Arizona_Spring_Break_Fiesta/Long-Jump,TFRRS all_performances
"Bird, Cameron",BYU,Big 12,Long Jump,2024,2,,,5.09,m,45th Aztec Invitational,2024-03-22,,,+0.0,Outdoor,https://www.tfrrs.org/results/83606/5227668/45th_Aztec_Invitational/Long-Jump,TFRRS all_performances
"Bonds, Zoey",BYU,Big 12,Long Jump,2024,2,,,5.33,m,45th Aztec Invitational,2024-03-22,,,+0.0,Outdoor,https://www.tfrrs.org/results/83606/5227668/45th_Aztec_Invitational/Long-Jump,TFRRS all_performances
"Wilde, Brinnlee",BYU,Big 12,Long Jump,2024,1,,,4.93,m,45th Aztec Invitational,2024-03-22,,,+0.0,Outdoor,https://www.tfrrs.org/results/83606/5227668/45th_Aztec_Invitational/Long-Jump,TFRRS all_performances
"Taylor, Mayci",BYU,Big 12,Long Jump,2024,3,,,5.51,m,2024 96th Clyde Littlefield Texas Relays,2024-03-27,,,1.7,Outdoor,https://www.tfrrs.org/results/83393/5229779/2024_96th_Clyde_Littlefield_Texas_Relays/Long-Jump,TFRRS all_performances
"Bird, Cameron",BYU,Big 12,Long Jump,2024,2,,,5.14,m,Weber State Spring Classic,2024-04-05,,,+0.0,Outdoor,https://www.tfrrs.org/results/84593/5166406/Weber_State_Spring_Classic/Long-Jump,TFRRS all_performances
"Bonds, Zoey",BYU,Big 12,Long Jump,2024,2,,,5.48,m,Weber State Spring Classic,2024-04-05,,,+0.0,Outdoor,https://www.tfrrs.org/results/84593/5166406/Weber_State_Spring_Classic/Long-Jump,TFRRS all_performances
"Eaton , Madelyn",BYU,Big 12,Long Jump,2024,3,,,5.14,m,Weber State Spring Classic,2024-04-05,,,+0.0,Outdoor,https://www.tfrrs.org/results/84593/5166406/Weber_State_Spring_Classic/Long-Jump,TFRRS all_performances
"Passmore, Madeleine",BYU,Big 12,Long Jump,2024,2,,,5.56,m,Weber State Spring Classic,2024-04-05,,,+0.0,Outdoor,https://www.tfrrs.org/results/84593/5166406/Weber_State_Spring_Classic/Long-Jump,TFRRS all_performances
"Wilde, Brinnlee",BYU,Big 12,Long Jump,2024,1,,,5.14,m,Weber State Spring Classic,2024-04-05,,,+0.0,Outdoor,https://www.tfrrs.org/results/84593/5166406/Weber_State_Spring_Classic/Long-Jump,TFRRS all_performances
"Bonds, Zoey",BYU,Big 12,Long Jump,2024,2,,,5.35,m,Pacific Coast Invitational 2024,2024-04-11,,,+0.0,Outdoor,https://www.tfrrs.org/results/81677/5186397/Pacific_Coast_Invitational_2024/Long-Jump,TFRRS all_performances
"Passmore, Madeleine",BYU,Big 12,Long Jump,2024,2,,,5.87,m,Pacific Coast Invitational 2024,2024-04-11,,,1.9,Outdoor,https://www.tfrrs.org/results/81677/5186397/Pacific_Coast_Invitational_2024/Long-Jump,TFRRS all_performances
"Taylor, Mayci",BYU,Big 12,Long Jump,2024,3,,,5.53,m,Pacific Coast Invitational 2024,2024-04-11,,,1.0,Outdoor,https://www.tfrrs.org/results/81677/5186397/Pacific_Coast_Invitational_2024/Long-Jump,TFRRS all_performances
"Bird, Cameron",BYU,Big 12,Long Jump,2024,2,,,5.06,m,Beach Invitational 2024,2024-04-12,,,0.5,Outdoor,https://www.tfrrs.org/results/81678/5194173/Beach_Invitational_2024/Long-Jump,TFRRS all_performances
"Bonds, Zoey",BYU,Big 12,Long Jump,2024,2,,,5.42,m,Beach Invitational 2024,2024-04-12,,,1.7,Outdoor,https://www.tfrrs.org/results/81678/5194173/Beach_Invitational_2024/Long-Jump,TFRRS all_performances
"Eaton , Madelyn",BYU,Big 12,Long Jump,2024,3,,,5.26,m,Beach Invitational 2024,2024-04-12,,,+0.0,Outdoor,https://www.tfrrs.org/results/81678/5194173/Beach_Invitational_2024/Long-Jump,TFRRS all_performances
"Passmore, Madeleine",BYU,Big 12,Long Jump,2024,2,,,5.92,m,Beach Invitational 2024,2024-04-12,,,1.0,Outdoor,https://www.tfrrs.org/results/81678/5194173/Beach_Invitational_2024/Long-Jump,TFRRS all_performances
"Taylor, Mayci",BYU,Big 12,Long Jump,2024,3,,,5.39,m,Beach Invitational 2024,2024-04-12,,,1.7,Outdoor,https://www.tfrrs.org/results/81678/5194173/Beach_Invitational_2024/Long-Jump,TFRRS all_performances
"Wilde, Brinnlee",BYU,Big 12,Long Jump,2024,1,,,4.94,m,Beach Invitational 2024,2024-04-12,,,+0.0,Outdoor,https://www.tfrrs.org/results/81678/5194173/Beach_Invitational_2024/Long-Jump,TFRRS all_performances
"Bird, Cameron",BYU,Big 12,Long Jump,2024,2,,,5.37,m,2024 BYU Robison Invitational,2024-04-25,,,+0.0,Outdoor,https://www.tfrrs.org/results/84592/5242852/2024_BYU_Robison_Invitational/Long-Jump,TFRRS all_performances
"Bonds, Zoey",BYU,Big 12,Long Jump,2024,2,,,5.44,m,2024 BYU Robison Invitational,2024-04-25,,,+0.0,Outdoor,https://www.tfrrs.org/results/84592/5242852/2024_BYU_Robison_Invitational/Long-Jump,TFRRS all_performances
"Eaton , Madelyn",BYU,Big 12,Long Jump,2024,3,,,5.08,m,2024 BYU Robison Invitational,2024-04-25,,,1.3,Outdoor,https://www.tfrrs.org/results/84592/5242873/2024_BYU_Robison_Invitational/Long-Jump,TFRRS all_performances
"Passmore, Madeleine",BYU,Big 12,Long Jump,2024,2,,,6.03,m,2024 BYU Robison Invitational,2024-04-25,,,0.5,Outdoor,https://www.tfrrs.org/results/84592/5242873/2024_BYU_Robison_Invitational/Long-Jump,TFRRS all_performances
"Taylor, Mayci",BYU,Big 12,Long Jump,2024,3,,,4.94,m,2024 BYU Robison Invitational,2024-04-25,,,+0.0,Outdoor,https://www.tfrrs.org/results/84592/5242852/2024_BYU_Robison_Invitational/Long-Jump,TFRRS all_performances
"Wilde, Brinnlee",BYU,Big 12,Long Jump,2024,1,,,5.26,m,2024 BYU Robison Invitational,2024-04-25,,,+0.0,Outdoor,https://www.tfrrs.org/results/84592/5242852/2024_BYU_Robison_Invitational/Long-Jump,TFRRS all_performances
"Passmore, Madeleine",BYU,Big 12,Long Jump,2024,2,,,5.82,m,Big 12 Outdoor Track & Field Championship,2024-05-09,,,0.8,Outdoor,https://www.tfrrs.org/results/82314/5274168/Big_12_Outdoor_Track__Field_Championship/Long-Jump,TFRRS all_performances
"Taylor, Mayci",BYU,Big 12,Long Jump,2024,3,,,5.69,m,Big 12 Outdoor Track & Field Championship,2024-05-09,,,1.9,Outdoor,https://www.tfrrs.org/results/82314/5276142/Big_12_Outdoor_Track__Field_Championship/Long-Jump,TFRRS all_performances
"Brown, Alexis",Baylor,Big 12,Long Jump,2024,4,,,6.68,m,Clyde Hart Classic,2024-03-22,,,1.6,Outdoor,https://www.tfrrs.org/results/81450/5128988/Clyde_Hart_Classic/Long-Jump,TFRRS all_performances
"Copeland, Isabella",Baylor,Big 12,Long Jump,2024,1,,,5.50,m,Clyde Hart Classic,2024-03-22,,,1.2,Outdoor,https://www.tfrrs.org/results/81450/5128988/Clyde_Hart_Classic/Long-Jump,TFRRS all_performances
"Fitzgerald, Nikayla",Baylor,Big 12,Long Jump,2024,3,,,5.62,m,Clyde Hart Classic,2024-03-22,,,1.3,Outdoor,https://www.tfrrs.org/results/81450/5128988/Clyde_Hart_Classic/Long-Jump,TFRRS all_performances
"Johnson, Koi",Baylor,Big 12,Long Jump,2024,4,,,4.42,m,Clyde Hart Classic,2024-03-22,,,0.9,Outdoor,https://www.tfrrs.org/results/81450/5128988/Clyde_Hart_Classic/Long-Jump,TFRRS all_performances
"Rutenis, Alexandra",Baylor,Big 12,Long Jump,2024,4,,,5.55,m,Clyde Hart Classic,2024-03-22,,,1.7,Outdoor,https://www.tfrrs.org/results/81450/5128988/Clyde_Hart_Classic/Long-Jump,TFRRS all_performances
"Copeland, Isabella",Baylor,Big 12,Long Jump,2024,1,,,5.43,m,LSU Battle on the Bayou,2024-03-29,,,1.9,Outdoor,https://www.tfrrs.org/results/84130/5145875/LSU_Battle_on_the_Bayou/Long-Jump,TFRRS all_performances
"Rutenis, Alexandra",Baylor,Big 12,Long Jump,2024,4,,,5.80,m,LSU Battle on the Bayou,2024-03-29,,,1.7,Outdoor,https://www.tfrrs.org/results/84130/5145875/LSU_Battle_on_the_Bayou/Long-Jump,TFRRS all_performances
"Brown, Alexis",Baylor,Big 12,Long Jump,2024,4,,,6.46,m,Tom Jones Memorial Invitational,2024-04-12,,,-0.7,Outdoor,https://www.tfrrs.org/results/85961/5198983/Tom_Jones_Memorial_Invitational/Long-Jump,TFRRS all_performances
"Fitzgerald, Nikayla",Baylor,Big 12,Long Jump,2024,3,,,5.62,m,Tom Jones Memorial Invitational,2024-04-12,,,-1.7,Outdoor,https://www.tfrrs.org/results/85961/5198998/Tom_Jones_Memorial_Invitational/Long-Jump,TFRRS all_performances
"Rutenis, Alexandra",Baylor,Big 12,Long Jump,2024,4,,,5.51,m,Tom Jones Memorial Invitational,2024-04-12,,,0.9,Outdoor,https://www.tfrrs.org/results/85961/5198998/Tom_Jones_Memorial_Invitational/Long-Jump,TFRRS all_performances
"Brown, Alexis",Baylor,Big 12,Long Jump,2024,4,,,6.40,m,Michael Johnson Invitational,2024-04-19,,,2.0,Outdoor,https://www.tfrrs.org/results/81449/5219274/Michael_Johnson_Invitational/Long-Jump,TFRRS all_performances
"Fitzgerald, Nikayla",Baylor,Big 12,Long Jump,2024,3,,,5.85,m,Desert Heat Classic 2024,2024-04-27,,,1.7,Outdoor,https://www.tfrrs.org/results/81578/5242993/_Desert_Heat_Classic_2024/Long-Jump,TFRRS all_performances
"Johnson, Koi",Baylor,Big 12,Long Jump,2024,4,,,5.85,m,Desert Heat Classic 2024,2024-04-27,,,1.9,Outdoor,https://www.tfrrs.org/results/81578/5242993/_Desert_Heat_Classic_2024/Long-Jump,TFRRS all_performances
"Brown, Alexis",Baylor,Big 12,Long Jump,2024,4,,,6.51,m,NCAA Division I Outdoor Track & Field Championships,2024-05-05,,,0.6,Outdoor,https://www.tfrrs.org/results/87017/5286183/NCAA_Division_I_Outdoor_Track__Field_Championships/Long-Jump,TFRRS all_performances
"Brown, Alexis",Baylor,Big 12,Long Jump,2024,4,,,6.83,m,Big 12 Outdoor Track & Field Championship,2024-05-09,,,1.1,Outdoor,https://www.tfrrs.org/results/82314/5274168/Big_12_Outdoor_Track__Field_Championship/Long-Jump,TFRRS all_performances
"Copeland, Isabella",Baylor,Big 12,Long Jump,2024,1,,,5.45,m,Big 12 Outdoor Track & Field Championship,2024-05-09,,,0.7,Outdoor,https://www.tfrrs.org/results/82314/5274168/Big_12_Outdoor_Track__Field_Championship/Long-Jump,TFRRS all_performances
"Fitzgerald, Nikayla",Baylor,Big 12,Long Jump,2024,3,,,5.66,m,Big 12 Outdoor Track & Field Championship,2024-05-09,,,1.4,Outdoor,https://www.tfrrs.org/results/82314/5274168/Big_12_Outdoor_Track__Field_Championship/Long-Jump,TFRRS all_performances
"Johnson, Koi",Baylor,Big 12,Long Jump,2024,4,,,5.47,m,Big 12 Outdoor Track & Field Championship,2024-05-09,,,1.6,Outdoor,https://www.tfrrs.org/results/82314/5274168/Big_12_Outdoor_Track__Field_Championship/Long-Jump,TFRRS all_performances
"Rutenis, Alexandra",Baylor,Big 12,Long Jump,2024,4,,,5.23,m,Big 12 Outdoor Track & Field Championship,2024-05-09,,,1.4,Outdoor,https://www.tfrrs.org/results/82314/5274168/Big_12_Outdoor_Track__Field_Championship/Long-Jump,TFRRS all_performances
"Fisher, Kiersten",Iowa State,Big 12,Long Jump,2024,3,,,5.79,m,Hurricane Alumni Invitational,2024-04-05,,,-0.5,Outdoor,https://www.tfrrs.org/results/85657/5225117/Hurricane_Alumni_Invitational/Long-Jump,TFRRS all_performances
"Gubbels, Kailynn",Iowa State,Big 12,Long Jump,2024,2,,,5.56,m,Hurricane Alumni Invitational,2024-04-05,,,-0.3,Outdoor,https://www.tfrrs.org/results/85657/5225117/Hurricane_Alumni_Invitational/Long-Jump,TFRRS all_performances
"Willits, Sydney",Iowa State,Big 12,Long Jump,2024,3,,,6.11,m,Hurricane Alumni Invitational,2024-04-05,,,1.1,Outdoor,https://www.tfrrs.org/results/85657/5225097/Hurricane_Alumni_Invitational/Long-Jump,TFRRS all_performances
"Fisher, Kiersten",Iowa State,Big 12,Long Jump,2024,3,,,5.66,m,114th Drake Relays,2024-04-24,,,-1.1,Outdoor,https://www.tfrrs.org/results/84215/5266235/114th_Drake_Relays/Long-Jump,TFRRS all_performances
"Willits, Sydney",Iowa State,Big 12,Long Jump,2024,3,,,6.04,m,114th Drake Relays,2024-04-24,,,0.6,Outdoor,https://www.tfrrs.org/results/84215/5266235/114th_Drake_Relays/Long-Jump,TFRRS all_performances
"Laing, Amari",Iowa State,Big 12,Long Jump,2024,1,,,5.63,m,ISU Alumni Invitational,2024-05-03,,,1.8,Outdoor,https://www.tfrrs.org/results/86824/5259953/ISU_Alumni_Invitational/Long-Jump,TFRRS all_performances
"Willits, Sydney",Iowa State,Big 12,Long Jump,2024,3,,,6.17,m,NCAA Division I Outdoor Track & Field Championships,2024-05-05,,,0.6,Outdoor,https://www.tfrrs.org/results/87017/5286183/NCAA_Division_I_Outdoor_Track__Field_Championships/Long-Jump,TFRRS all_performances
"Fisher, Kiersten",Iowa State,Big 12,Long Jump,2024,3,,,5.51,m,Big 12 Outdoor Track & Field Championship,2024-05-09,,,1.2,Outdoor,https://www.tfrrs.org/results/82314/5276142/Big_12_Outdoor_Track__Field_Championship/Long-Jump,TFRRS all_performances
"Gubbels, Kailynn",Iowa State,Big 12,Long Jump,2024,2,,,5.44,m,Big 12 Outdoor Track & Field Championship,2024-05-09,,,1.7,Outdoor,https://www.tfrrs.org/results/82314/5276142/Big_12_Outdoor_Track__Field_Championship/Long-Jump,TFRRS all_performances
"Willits, Sydney",Iowa State,Big 12,Long Jump,2024,3,,,6.48,m,Big 12 Outdoor Track & Field Championship,2024-05-09,,,1.4,Outdoor,https://www.tfrrs.org/results/82314/5274168/Big_12_Outdoor_Track__Field_Championship/Long-Jump,TFRRS all_performances
"Jones, Ayanna",Texas Tech,Big 12,Long Jump,2024,1,,,6.18,m,Masked Rider Open,2024-03-22,,,1.9,Outdoor,https://www.tfrrs.org/results/84946/5137053/Masked_Rider_Open/Long-Jump,TFRRS all_performances
"Oshiokpu, Grace",Texas Tech,Big 12,Long Jump,2024,1,,,5.70,m,Masked Rider Open,2024-03-22,,,1.9,Outdoor,https://www.tfrrs.org/results/84946/5137053/Masked_Rider_Open/Long-Jump,TFRRS all_performances
"Jones, Ayanna",Texas Tech,Big 12,Long Jump,2024,1,,,5.60,m,Tom Jones Memorial Invitational,2024-04-12,,,-2.0,Outdoor,https://www.tfrrs.org/results/85961/5198998/Tom_Jones_Memorial_Invitational/Long-Jump,TFRRS all_performances
"Oshiokpu, Grace",Texas Tech,Big 12,Long Jump,2024,1,,,5.88,m,Tom Jones Memorial Invitational,2024-04-12,,,-1.0,Outdoor,https://www.tfrrs.org/results/85961/5198998/Tom_Jones_Memorial_Invitational/Long-Jump,TFRRS all_performances
"Washington, Tamiah",Texas Tech,Big 12,Long Jump,2024,1,,,5.82,m,Tom Jones Memorial Invitational,2024-04-12,,,0.7,Outdoor,https://www.tfrrs.org/results/85961/5198998/Tom_Jones_Memorial_Invitational/Long-Jump,TFRRS all_performances
"Oshiokpu, Grace",Texas Tech,Big 12,Long Jump,2024,1,,,5.46,m,Corky/Crofoot Shootout,2024-04-26,,,1.0,Outdoor,https://www.tfrrs.org/results/86553/5246673/Corky_Crofoot_Shootout/Long-Jump,TFRRS all_performances
"Washington, Tamiah",Texas Tech,Big 12,Long Jump,2024,1,,,5.94,m,Corky/Crofoot Shootout,2024-04-26,,,1.9,Outdoor,https://www.tfrrs.org/results/86553/5246673/Corky_Crofoot_Shootout/Long-Jump,TFRRS all_performances
"Fosther-Katta, Anne-Suzanna",Texas Tech,Big 12,Long Jump,2024,4,,,5.85,m,Big 12 Outdoor Track & Field Championship,2024-05-09,,,1.0,Outdoor,https://www.tfrrs.org/results/82314/5274168/Big_12_Outdoor_Track__Field_Championship/Long-Jump,TFRRS all_performances
"Jones, Ayanna",Texas Tech,Big 12,Long Jump,2024,1,,,5.73,m,Big 12 Outdoor Track & Field Championship,2024-05-09,,,0.6,Outdoor,https://www.tfrrs.org/results/82314/5274168/Big_12_Outdoor_Track__Field_Championship/Long-Jump,TFRRS all_performances
"Oshiokpu, Grace",Texas Tech,Big 12,Long Jump,2024,1,,,5.91,m,Big 12 Outdoor Track & Field Championship,2024-05-09,,,0.5,Outdoor,https://www.tfrrs.org/results/82314/5274168/Big_12_Outdoor_Track__Field_Championship/Long-Jump,TFRRS all_performances
"Jones, Ayanna",Texas Tech,Big 12,Long Jump,2024,1,,,5.98,m,NCAA West First Round,2024-05-22,,,1.9,Outdoor,https://www.tfrrs.org/results/86989/5284395/NCAA_West_First_Round/Long-Jump,TFRRS all_performances
"Humphrey, Tacoria",Illinois,Big Ten,Long Jump,2024,3,,,6.71,m,Gary Wieneke Memorial,2024-04-13,,,1.7,Outdoor,https://www.tfrrs.org/results/84503/5193603/Gary_Wieneke_Memorial_/Long-Jump,TFRRS all_performances
"Ndudi, Elizabeth",Illinois,Big Ten,Long Jump,2024,1,,,6.68,m,Gary Wieneke Memorial,2024-04-13,,,1.9,Outdoor,https://www.tfrrs.org/results/84503/5193603/Gary_Wieneke_Memorial_/Long-Jump,TFRRS all_performances
"Sopova, Darja",Illinois,Big Ten,Long Jump,2024,3,,,6.64,m,Gary Wieneke Memorial,2024-04-13,,,1.9,Outdoor,https://www.tfrrs.org/results/84503/5193603/Gary_Wieneke_Memorial_/Long-Jump,TFRRS all_performances
"Humphrey, Tacoria",Illinois,Big Ten,Long Jump,2024,3,,,6.07,m,64th Annual Mt. SAC Relays,2024-04-17,,,0.3,Outdoor,https://www.tfrrs.org/results/84352/5221451/64th_Annual_Mt_SAC_Relays/Long-Jump,TFRRS all_performances
"Ndudi, Elizabeth",Illinois,Big Ten,Long Jump,2024,1,,,6.39,m,64th Annual Mt. SAC Relays,2024-04-17,,,1.0,Outdoor,https://www.tfrrs.org/results/84352/5221451/64th_Annual_Mt_SAC_Relays/Long-Jump,TFRRS all_performances
"Beckmon, Sophia",Illinois,Big Ten,Long Jump,2024,1,,,6.86,m,Fighting Illini Tune-Up,2024-05-04,,,1.0,Outdoor,https://www.tfrrs.org/results/86077/5262355/Fighting_Illini_Tune-Up_/Long-Jump,TFRRS all_performances
"Humphrey, Tacoria",Illinois,Big Ten,Long Jump,2024,3,,,6.80,m,Fighting Illini Tune-Up,2024-05-04,,,+0.0,Outdoor,https://www.tfrrs.org/results/86077/5262355/Fighting_Illini_Tune-Up_/Long-Jump,TFRRS all_performances
"Beckmon, Sophia",Illinois,Big Ten,Long Jump,2024,1,,,6.21,m,Big Ten Outdoor Championships,2024-05-10,,,0.9,Outdoor,https://www.tfrrs.org/results/86945/5277341/Big_Ten_Outdoor_Championships/Long-Jump,TFRRS all_performances
"Humphrey, Tacoria",Illinois,Big Ten,Long Jump,2024,3,,,6.42,m,Big Ten Outdoor Championships,2024-05-10,,,1.4,Outdoor,https://www.tfrrs.org/results/86945/5277341/Big_Ten_Outdoor_Championships/Long-Jump,TFRRS all_performances
"Ndudi, Elizabeth",Illinois,Big Ten,Long Jump,2024,1,,,5.81,m,Big Ten Outdoor Championships,2024-05-10,,,1.7,Outdoor,https://www.tfrrs.org/results/86945/5277341/Big_Ten_Outdoor_Championships/Long-Jump,TFRRS all_performances
"Sopova, Darja",Illinois,Big Ten,Long Jump,2024,3,,,6.09,m,Big Ten Outdoor Championships,2024-05-10,,,0.6,Outdoor,https://www.tfrrs.org/results/86945/5277341/Big_Ten_Outdoor_Championships/Long-Jump,TFRRS all_performances
"Humphrey, Tacoria",Illinois,Big Ten,Long Jump,2024,3,,,6.48,m,NCAA West First Round,2024-05-22,,,1.7,Outdoor,https://www.tfrrs.org/results/86989/5284395/NCAA_West_First_Round/Long-Jump,TFRRS all_performances
"Ndudi, Elizabeth",Illinois,Big Ten,Long Jump,2024,1,,,6.52,m,NCAA West First Round,2024-05-22,,,0.9,Outdoor,https://www.tfrrs.org/results/86989/5284395/NCAA_West_First_Round/Long-Jump,TFRRS all_performances
"Sopova, Darja",Illinois,Big Ten,Long Jump,2024,3,,,6.35,m,NCAA West First Round,2024-05-22,,,2.0,Outdoor,https://www.tfrrs.org/results/86989/5284395/NCAA_West_First_Round/Long-Jump,TFRRS all_performances
"Ilves, Lishanna",Nebraska,Big Ten,Long Jump,2024,3,,,6.38,m,Pepsi Florida Relays,2024-03-29,,,0.7,Outdoor,https://www.tfrrs.org/results/83593/5148543/Pepsi_Florida_Relays/Long-Jump,TFRRS all_performances
"McElmurry, Ashley",Nebraska,Big Ten,Long Jump,2024,4,,,6.23,m,Pepsi Florida Relays,2024-03-29,,,+0.0,Outdoor,https://www.tfrrs.org/results/83593/5148543/Pepsi_Florida_Relays/Long-Jump,TFRRS all_performances
"Deebom, Bariborve",Nebraska,Big Ten,Long Jump,2024,1,,,5.86,m,2024 Jim Click Shootout,2024-04-05,,,-1.3,Outdoor,https://www.tfrrs.org/results/81577/5171512/_2024_Jim_Click_Shootout/Long-Jump,TFRRS all_performances
"Ilves, Lishanna",Nebraska,Big Ten,Long Jump,2024,3,,,6.40,m,2024 Jim Click Shootout,2024-04-05,,,0.3,Outdoor,https://www.tfrrs.org/results/81577/5171512/_2024_Jim_Click_Shootout/Long-Jump,TFRRS all_performances
"Pecora, Rebecca",Nebraska,Big Ten,Long Jump,2024,3,,,5.63,m,2024 Jim Click Shootout,2024-04-05,,,-1.5,Outdoor,https://www.tfrrs.org/results/81577/5175663/_2024_Jim_Click_Shootout/Long-Jump,TFRRS all_performances
"Phipps, Rhianna",Nebraska,Big Ten,Long Jump,2024,3,,,5.83,m,2024 Jim Click Shootout,2024-04-05,,,1.9,Outdoor,https://www.tfrrs.org/results/81577/5171512/_2024_Jim_Click_Shootout/Long-Jump,TFRRS all_performances
"Stepney, LaQwasia",Nebraska,Big Ten,Long Jump,2024,4,,,5.57,m,2024 Jim Click Shootout,2024-04-05,,,-0.3,Outdoor,https://www.tfrrs.org/results/81577/5171512/_2024_Jim_Click_Shootout/Long-Jump,TFRRS all_performances
"Thomas, Darby",Nebraska,Big Ten,Long Jump,2024,4,,,5.98,m,2024 Jim Click Shootout,2024-04-05,,,0.2,Outdoor,https://www.tfrrs.org/results/81577/5171512/_2024_Jim_Click_Shootout/Long-Jump,TFRRS all_performances
"Wanjoku, Favour",Nebraska,Big Ten,Long Jump,2024,3,,,5.68,m,2024 Jim Click Shootout,2024-04-05,,,+0.0,Outdoor,https://www.tfrrs.org/results/81577/5175663/_2024_Jim_Click_Shootout/Long-Jump,TFRRS all_performances
"Williams, Velecia",Nebraska,Big Ten,Long Jump,2024,3,,,6.33,m,2024 Jim Click Shootout,2024-04-05,,,0.2,Outdoor,https://www.tfrrs.org/results/81577/5171512/_2024_Jim_Click_Shootout/Long-Jump,TFRRS all_performances
"Ilves, Lishanna",Nebraska,Big Ten,Long Jump,2024,3,,,6.18,m,Michael Johnson Invitational,2024-04-19,,,0.9,Outdoor,https://www.tfrrs.org/results/81449/5219274/Michael_Johnson_Invitational/Long-Jump,TFRRS all_performances
"McElmurry, Ashley",Nebraska,Big Ten,Long Jump,2024,4,,,5.97,m,Michael Johnson Invitational,2024-04-19,,,1.5,Outdoor,https://www.tfrrs.org/results/81449/5219274/Michael_Johnson_Invitational/Long-Jump,TFRRS all_performances
"Williams, Velecia",Nebraska,Big Ten,Long Jump,2024,3,,,5.97,m,Michael Johnson Invitational,2024-04-19,,,1.7,Outdoor,https://www.tfrrs.org/results/81449/5219274/Michael_Johnson_Invitational/Long-Jump,TFRRS all_performances
"Deebom, Bariborve",Nebraska,Big Ten,Long Jump,2024,1,,,6.20,m,114th Drake Relays,2024-04-24,,,0.8,Outdoor,https://www.tfrrs.org/results/84215/5243257/114th_Drake_Relays/Long-Jump,TFRRS all_performances
"Ilves, Lishanna",Nebraska,Big Ten,Long Jump,2024,3,,,6.25,m,114th Drake Relays,2024-04-24,,,0.7,Outdoor,https://www.tfrrs.org/results/84215/5243215/114th_Drake_Relays/Long-Jump,TFRRS all_performances
"McElmurry, Ashley",Nebraska,Big Ten,Long Jump,2024,4,,,6.03,m,114th Drake Relays,2024-04-24,,,1.5,Outdoor,https://www.tfrrs.org/results/84215/5243215/114th_Drake_Relays/Long-Jump,TFRRS all_performances
"Stepney, LaQwasia",Nebraska,Big Ten,Long Jump,2024,4,,,5.64,m,Wichita State Shocker Open,2024-05-03,,,1.5,Outdoor,https://www.tfrrs.org/results/84237/5259773/Wichita_State_Shocker_Open/Long-Jump,TFRRS all_performances
"Wanjoku, Favour",Nebraska,Big Ten,Long Jump,2024,3,,,5.73,m,Wichita State Shocker Open,2024-05-03,,,0.1,Outdoor,https://www.tfrrs.org/results/84237/5259773/Wichita_State_Shocker_Open/Long-Jump,TFRRS all_performances
"Williams, Velecia",Nebraska,Big Ten,Long Jump,2024,3,,,6.41,m,NCAA Division I Outdoor Track & Field Championships,2024-05-05,,,0.9,Outdoor,https://www.tfrrs.org/results/87017/5286183/NCAA_Division_I_Outdoor_Track__Field_Championships/Long-Jump,TFRRS all_performances
"Deebom, Bariborve",Nebraska,Big Ten,Long Jump,2024,1,,,5.49,m,Big Ten Outdoor Championships,2024-05-10,,,1.6,Outdoor,https://www.tfrrs.org/results/86945/5277341/Big_Ten_Outdoor_Championships/Long-Jump,TFRRS all_performances
"Ilves, Lishanna",Nebraska,Big Ten,Long Jump,2024,3,,,6.23,m,Big Ten Outdoor Championships,2024-05-10,,,1.8,Outdoor,https://www.tfrrs.org/results/86945/5277341/Big_Ten_Outdoor_Championships/Long-Jump,TFRRS all_performances
"McElmurry, Ashley",Nebraska,Big Ten,Long Jump,2024,4,,,5.81,m,Big Ten Outdoor Championships,2024-05-10,,,1.6,Outdoor,https://www.tfrrs.org/results/86945/5277341/Big_Ten_Outdoor_Championships/Long-Jump,TFRRS all_performances
"Wanjoku, Favour",Nebraska,Big Ten,Long Jump,2024,3,,,5.53,m,Big Ten Outdoor Championships,2024-05-10,,,0.2,Outdoor,https://www.tfrrs.org/results/86945/5277392/Big_Ten_Outdoor_Championships/Long-Jump,TFRRS all_performances
"Williams, Velecia",Nebraska,Big Ten,Long Jump,2024,3,,,6.14,m,Big Ten Outdoor Championships,2024-05-10,,,1.7,Outdoor,https://www.tfrrs.org/results/86945/5277341/Big_Ten_Outdoor_Championships/Long-Jump,TFRRS all_performances
"Deebom, Bariborve",Nebraska,Big Ten,Long Jump,2024,1,,,6.16,m,NCAA West First Round,2024-05-22,,,1.6,Outdoor,https://www.tfrrs.org/results/86989/5284395/NCAA_West_First_Round/Long-Jump,TFRRS all_performances
"Ilves, Lishanna",Nebraska,Big Ten,Long Jump,2024,3,,,6.09,m,NCAA West First Round,2024-05-22,,,1.0,Outdoor,https://www.tfrrs.org/results/86989/5284395/NCAA_West_First_Round/Long-Jump,TFRRS all_performances
"McElmurry, Ashley",Nebraska,Big Ten,Long Jump,2024,4,,,6.18,m,NCAA West First Round,2024-05-22,,,1.3,Outdoor,https://www.tfrrs.org/results/86989/5284395/NCAA_West_First_Round/Long-Jump,TFRRS all_performances
"Williams, Velecia",Nebraska,Big Ten,Long Jump,2024,3,,,6.56,m,NCAA West First Round,2024-05-22,,,1.6,Outdoor,https://www.tfrrs.org/results/86989/5284395/NCAA_West_First_Round/Long-Jump,TFRRS all_performances
"Bullock, Gianna",Oregon,Big Ten,Long Jump,2024,3,,,5.27,m,Stanford Invitational,2024-03-29,,,+0.0,Outdoor,https://www.tfrrs.org/results/83461/5148920/Stanford_Invitational/Long-Jump,TFRRS all_performances
"Chocek, Taylor",Oregon,Big Ten,Long Jump,2024,4,,,5.31,m,Stanford Invitational,2024-03-29,,,0.3,Outdoor,https://www.tfrrs.org/results/83461/5148920/Stanford_Invitational/Long-Jump,TFRRS all_performances
"Uzoekwe, Colleen",Oregon,Big Ten,Long Jump,2024,4,,,5.51,m,Stanford Invitational,2024-03-29,,,-0.9,Outdoor,https://www.tfrrs.org/results/83461/5148920/Stanford_Invitational/Long-Jump,TFRRS all_performances
"Bullock, Gianna",Oregon,Big Ten,Long Jump,2024,3,,,5.50,m,2024 Bryan Clay Invitational,2024-04-11,,,0.7,Outdoor,https://www.tfrrs.org/results/82236/5233077/2024_Bryan_Clay_Invitational/Long-Jump,TFRRS all_performances
"Uzoekwe, Colleen",Oregon,Big Ten,Long Jump,2024,4,,,5.32,m,2024 Bryan Clay Invitational,2024-04-11,,,0.9,Outdoor,https://www.tfrrs.org/results/82236/5233104/2024_Bryan_Clay_Invitational/Long-Jump,TFRRS all_performances
"Chocek, Taylor",Oregon,Big Ten,Long Jump,2024,4,,,5.58,m,64th Annual Mt. SAC Relays,2024-04-17,,,-1.3,Outdoor,https://www.tfrrs.org/results/84352/5247045/64th_Annual_Mt_SAC_Relays/Long-Jump,TFRRS all_performances
"Hickey, Alysah",Oregon,Big Ten,Long Jump,2024,4,,,6.43,m,64th Annual Mt. SAC Relays,2024-04-17,,,1.5,Outdoor,https://www.tfrrs.org/results/84352/5221451/64th_Annual_Mt_SAC_Relays/Long-Jump,TFRRS all_performances
"Bullock, Gianna",Oregon,Big Ten,Long Jump,2024,3,,,5.65,m,Desert Heat Classic 2024,2024-04-27,,,0.8,Outdoor,https://www.tfrrs.org/results/81578/5242993/_Desert_Heat_Classic_2024/Long-Jump,TFRRS all_performances
"Chocek, Taylor",Oregon,Big Ten,Long Jump,2024,4,,,5.59,m,NCAA Division I Outdoor Track & Field Championships,2024-05-05,,,-0.1,Outdoor,https://www.tfrrs.org/results/87017/5286222/NCAA_Division_I_Outdoor_Track__Field_Championships/Long-Jump,TFRRS all_performances
"Williams, Annika",Oregon,Big Ten,Long Jump,2024,3,,,5.98,m,NCAA Division I Outdoor Track & Field Championships,2024-05-05,,,-0.1,Outdoor,https://www.tfrrs.org/results/87017/5286222/NCAA_Division_I_Outdoor_Track__Field_Championships/Long-Jump,TFRRS all_performances
"Bullock, Gianna",Oregon,Big Ten,Long Jump,2024,3,,,5.61,m,PAC-12 Track and Field Championships,2024-05-10,,,-1.6,Outdoor,https://www.tfrrs.org/results/83706/5277510/PAC-12_Track_and_Field_Championships/Long-Jump,TFRRS all_performances
"Chocek, Taylor",Oregon,Big Ten,Long Jump,2024,4,,,5.97,m,PAC-12 Track and Field Championships,2024-05-10,,,0.8,Outdoor,https://www.tfrrs.org/results/83706/5277510/PAC-12_Track_and_Field_Championships/Long-Jump,TFRRS all_performances
"Hickey, Alysah",Oregon,Big Ten,Long Jump,2024,4,,,5.61,m,PAC-12 Track and Field Championships,2024-05-10,,,-1.3,Outdoor,https://www.tfrrs.org/results/83706/5277517/PAC-12_Track_and_Field_Championships/Long-Jump,TFRRS all_performances
"Uzoekwe, Colleen",Oregon,Big Ten,Long Jump,2024,4,,,5.40,m,PAC-12 Track and Field Championships,2024-05-10,,,0.5,Outdoor,https://www.tfrrs.org/results/83706/5277510/PAC-12_Track_and_Field_Championships/Long-Jump,TFRRS all_performances
"Williams, Annika",Oregon,Big Ten,Long Jump,2024,3,,,6.10,m,PAC-12 Track and Field Championships,2024-05-10,,,0.1,Outdoor,https://www.tfrrs.org/results/83706/5277510/PAC-12_Track_and_Field_Championships/Long-Jump,TFRRS all_performances
"Hickey, Alysah",Oregon,Big Ten,Long Jump,2024,4,,,6.41,m,NCAA West First Round,2024-05-22,,,1.5,Outdoor,https://www.tfrrs.org/results/86989/5284395/NCAA_West_First_Round/Long-Jump,TFRRS all_performances
"Bush, Ahnyx",USC,Big Ten,Long Jump,2024,3,,,5.38,m,Beach Opener 2024,2024-03-01,,,0.7,Outdoor,https://www.tfrrs.org/results/81676/5089217/Beach_Opener_2024/Long-Jump,TFRRS all_performances
"Hope, Alyssa",USC,Big Ten,Long Jump,2024,1,,,5.82,m,Beach Opener 2024,2024-03-01,,,1.2,Outdoor,https://www.tfrrs.org/results/81676/5089217/Beach_Opener_2024/Long-Jump,TFRRS all_performances
"Strayhorn, Kiara",USC,Big Ten,Long Jump,2024,2,,,5.76,m,Beach Opener 2024,2024-03-01,,,0.2,Outdoor,https://www.tfrrs.org/results/81676/5089217/Beach_Opener_2024/Long-Jump,TFRRS all_performances
"Bush, Ahnyx",USC,Big Ten,Long Jump,2024,3,,,5.89,m,Trojan Invite,2024-03-22,,,2.0,Outdoor,https://www.tfrrs.org/results/83310/5128035/Trojan_Invite/Long-Jump,TFRRS all_performances
"Foreman, Jada",USC,Big Ten,Long Jump,2024,2,,,5.05,m,Trojan Invite,2024-03-22,,,+0.0,Outdoor,https://www.tfrrs.org/results/83310/5128035/Trojan_Invite/Long-Jump,TFRRS all_performances
"Gatlin, Jada",USC,Big Ten,Long Jump,2024,1,,,4.77,m,Trojan Invite,2024-03-22,,,1.6,Outdoor,https://www.tfrrs.org/results/83310/5128035/Trojan_Invite/Long-Jump,TFRRS all_performances
"Hope, Alyssa",USC,Big Ten,Long Jump,2024,1,,,5.91,m,Trojan Invite,2024-03-22,,,+0.0,Outdoor,https://www.tfrrs.org/results/83310/5128035/Trojan_Invite/Long-Jump,TFRRS all_performances
"Hope, Alyssa",USC,Big Ten,Long Jump,2024,1,,,6.34,m,Pepsi Florida Relays,2024-03-29,,,+0.0,Outdoor,https://www.tfrrs.org/results/83593/5148543/Pepsi_Florida_Relays/Long-Jump,TFRRS all_performances
"Foreman, Jada",USC,Big Ten,Long Jump,2024,2,,,5.86,m,44 Farms Team Invitational,2024-04-05,,,1.4,Outdoor,https://www.tfrrs.org/results/85635/5177693/44_Farms_Team_Invitational/Long-Jump,TFRRS all_performances
"Reed, Lauren",USC,Big Ten,Long Jump,2024,2,,,5.80,m,44 Farms Team Invitational,2024-04-05,,,1.2,Outdoor,https://www.tfrrs.org/results/85635/5177693/44_Farms_Team_Invitational/Long-Jump,TFRRS all_performances
"Reed, Lauren",USC,Big Ten,Long Jump,2024,2,,,5.87,m,64th Annual Mt. SAC Relays,2024-04-17,,,1.9,Outdoor,https://www.tfrrs.org/results/84352/5221407/64th_Annual_Mt_SAC_Relays/Long-Jump,TFRRS all_performances
"Bush, Ahnyx",USC,Big Ten,Long Jump,2024,3,,,5.45,m,UCLA vs. USC Dual 2024,2024-04-27,,,-1.2,Outdoor,https://www.tfrrs.org/results/85649/5244819/UCLA_vs_USC_Dual_2024/Long-Jump,TFRRS all_performances
"Foreman, Jada",USC,Big Ten,Long Jump,2024,2,,,5.91,m,UCLA vs. USC Dual 2024,2024-04-27,,,0.5,Outdoor,https://www.tfrrs.org/results/85649/5244819/UCLA_vs_USC_Dual_2024/Long-Jump,TFRRS all_performances
"Hope, Alyssa",USC,Big Ten,Long Jump,2024,1,,,6.14,m,UCLA vs. USC Dual 2024,2024-04-27,,,1.0,Outdoor,https://www.tfrrs.org/results/85649/5244819/UCLA_vs_USC_Dual_2024/Long-Jump,TFRRS all_performances
"Ojora, Temitope",USC,Big Ten,Long Jump,2024,4,,,6.29,m,UCLA vs. USC Dual 2024,2024-04-27,,,1.4,Outdoor,https://www.tfrrs.org/results/85649/5244819/UCLA_vs_USC_Dual_2024/Long-Jump,TFRRS all_performances
"Reed, Lauren",USC,Big Ten,Long Jump,2024,2,,,5.86,m,UCLA vs. USC Dual 2024,2024-04-27,,,0.5,Outdoor,https://www.tfrrs.org/results/85649/5244819/UCLA_vs_USC_Dual_2024/Long-Jump,TFRRS all_performances
"Strayhorn, Kiara",USC,Big Ten,Long Jump,2024,2,,,5.94,m,UCLA vs. USC Dual 2024,2024-04-27,,,0.8,Outdoor,https://www.tfrrs.org/results/85649/5244819/UCLA_vs_USC_Dual_2024/Long-Jump,TFRRS all_performances
"Hope, Alyssa",USC,Big Ten,Long Jump,2024,1,,,6.26,m,PAC-12 Track and Field Championships,2024-05-10,,,-1.7,Outdoor,https://www.tfrrs.org/results/83706/5277517/PAC-12_Track_and_Field_Championships/Long-Jump,TFRRS all_performances
"Ojora, Temitope",USC,Big Ten,Long Jump,2024,4,,,5.56,m,PAC-12 Track and Field Championships,2024-05-10,,,-2.4,Outdoor,https://www.tfrrs.org/results/83706/5277517/PAC-12_Track_and_Field_Championships/Long-Jump,TFRRS all_performances
"Washburn, Ava",Washington,Big Ten,Long Jump,2024,1,,,5.52,m,Stanford Invitational,2024-03-29,,,+0.0,Outdoor,https://www.tfrrs.org/results/83461/5148920/Stanford_Invitational/Long-Jump,TFRRS all_performances
"Washburn, Ava",Washington,Big Ten,Long Jump,2024,1,,,5.57,m,Brutus Hamilton 2024,2024-04-06,,,-1.9,Outdoor,https://www.tfrrs.org/results/81521/5172163/Brutus_Hamilton_2024/Long-Jump,TFRRS all_performances
"Ailes, Miracle",Alabama,SEC,Long Jump,2024,3,,,6.16,m,Crimson Tide Invitational,2024-04-05,,,-0.5,Outdoor,https://www.tfrrs.org/results/85658/5171076/Crimson_Tide_Invitational/Long-Jump,TFRRS all_performances
"Harris, Caelyn",Alabama,SEC,Long Jump,2024,2,,,6.41,m,Crimson Tide Invitational,2024-04-05,,,-1.5,Outdoor,https://www.tfrrs.org/results/85658/5171076/Crimson_Tide_Invitational/Long-Jump,TFRRS all_performances
"Ailes, Miracle",Alabama,SEC,Long Jump,2024,3,,,6.13,m,Tom Jones Memorial Invitational,2024-04-12,,,0.2,Outdoor,https://www.tfrrs.org/results/85961/5198998/Tom_Jones_Memorial_Invitational/Long-Jump,TFRRS all_performances
"Harris, Caelyn",Alabama,SEC,Long Jump,2024,2,,,6.26,m,Tom Jones Memorial Invitational,2024-04-12,,,1.4,Outdoor,https://www.tfrrs.org/results/85961/5198998/Tom_Jones_Memorial_Invitational/Long-Jump,TFRRS all_performances
"Harris, Caelyn",Alabama,SEC,Long Jump,2024,2,,,6.35,m,Desert Heat Classic 2024,2024-04-27,,,1.7,Outdoor,https://www.tfrrs.org/results/81578/5242993/_Desert_Heat_Classic_2024/Long-Jump,TFRRS all_performances
"Ailes, Miracle",Alabama,SEC,Long Jump,2024,3,,,6.15,m,SEC Outdoor Track & Field Championships,2024-05-09,,,-0.6,Outdoor,https://www.tfrrs.org/results/85812/5273708/SEC_Outdoor_Track__Field_Championships/Long-Jump,TFRRS all_performances
"Harris, Caelyn",Alabama,SEC,Long Jump,2024,2,,,6.27,m,SEC Outdoor Track & Field Championships,2024-05-09,,,+0.0,Outdoor,https://www.tfrrs.org/results/85812/5273708/SEC_Outdoor_Track__Field_Championships/Long-Jump,TFRRS all_performances
"Ailes, Miracle",Alabama,SEC,Long Jump,2024,3,,,6.00,m,NCAA East First Round,2024-05-22,,,0.2,Outdoor,https://www.tfrrs.org/results/86997/5284563/NCAA_East_First_Round/Long-Jump,TFRRS all_performances
"Harris, Caelyn",Alabama,SEC,Long Jump,2024,2,,,6.09,m,NCAA East First Round,2024-05-22,,,1.4,Outdoor,https://www.tfrrs.org/results/86997/5284563/NCAA_East_First_Round/Long-Jump,TFRRS all_performances
"Alix, India",Florida,SEC,Long Jump,2024,1,,,5.77,m,FSU Relays,2024-03-21,,,1.3,Outdoor,https://www.tfrrs.org/results/84936/5126537/FSU_Relays/Long-Jump,TFRRS all_performances
"Brown, Kendall",Florida,SEC,Long Jump,2024,1,,,5.72,m,FSU Relays,2024-03-21,,,1.2,Outdoor,https://www.tfrrs.org/results/84936/5126537/FSU_Relays/Long-Jump,TFRRS all_performances
"Charlton, Anthaya",Florida,SEC,Long Jump,2024,2,,,6.38,m,FSU Relays,2024-03-21,,,0.4,Outdoor,https://www.tfrrs.org/results/84936/5126537/FSU_Relays/Long-Jump,TFRRS all_performances
"Welsing, Melanie",Florida,SEC,Long Jump,2024,4,,,5.57,m,FSU Relays,2024-03-21,,,2.0,Outdoor,https://www.tfrrs.org/results/84936/5126537/FSU_Relays/Long-Jump,TFRRS all_performances
"Alix, India",Florida,SEC,Long Jump,2024,1,,,5.71,m,Pepsi Florida Relays,2024-03-29,,,0.7,Outdoor,https://www.tfrrs.org/results/83593/5148539/Pepsi_Florida_Relays/Long-Jump,TFRRS all_performances
"Brown, Kendall",Florida,SEC,Long Jump,2024,1,,,6.18,m,Pepsi Florida Relays,2024-03-29,,,1.4,Outdoor,https://www.tfrrs.org/results/83593/5148539/Pepsi_Florida_Relays/Long-Jump,TFRRS all_performances
"Welsing, Melanie",Florida,SEC,Long Jump,2024,4,,,5.34,m,Hurricane Alumni Invitational,2024-04-05,,,-1.8,Outdoor,https://www.tfrrs.org/results/85657/5225117/Hurricane_Alumni_Invitational/Long-Jump,TFRRS all_performances
"Alix, India",Florida,SEC,Long Jump,2024,1,,,5.46,m,Tom Jones Memorial Invitational,2024-04-12,,,-0.3,Outdoor,https://www.tfrrs.org/results/85961/5198998/Tom_Jones_Memorial_Invitational/Long-Jump,TFRRS all_performances
"Brown, Kendall",Florida,SEC,Long Jump,2024,1,,,5.30,m,Tom Jones Memorial Invitational,2024-04-12,,,0.7,Outdoor,https://www.tfrrs.org/results/85961/5198998/Tom_Jones_Memorial_Invitational/Long-Jump,TFRRS all_performances
"Bryant, Claire",Florida,SEC,Long Jump,2024,4,,,6.34,m,Tom Jones Memorial Invitational,2024-04-12,,,-3.1,Outdoor,https://www.tfrrs.org/results/85961/5198983/Tom_Jones_Memorial_Invitational/Long-Jump,TFRRS all_performances
"Charlton, Anthaya",Florida,SEC,Long Jump,2024,2,,,6.60,m,Tom Jones Memorial Invitational,2024-04-12,,,-2.3,Outdoor,https://www.tfrrs.org/results/85961/5198983/Tom_Jones_Memorial_Invitational/Long-Jump,TFRRS all_performances
"Brown, Kendall",Florida,SEC,Long Jump,2024,1,,,5.64,m,LSU Invitational,2024-04-27,,,1.3,Outdoor,https://www.tfrrs.org/results/84133/5240896/LSU_Invitational/Long-Jump,TFRRS all_performances
"Bryant, Claire",Florida,SEC,Long Jump,2024,4,,,6.29,m,LSU Invitational,2024-04-27,,,0.9,Outdoor,https://www.tfrrs.org/results/84133/5240896/LSU_Invitational/Long-Jump,TFRRS all_performances
"Charlton, Anthaya",Florida,SEC,Long Jump,2024,2,,,6.74,meters,LSU Invitational,2024-04-27,Final,1,4.4,Outdoor,https://www.tfrrs.org/athletes/8679347/Florida/Anthaya_Charlton,legacy_source_needs_review
"Bryant, Claire",Florida,SEC,Long Jump,2024,4,,,6.74,m,NCAA Division I Outdoor Track & Field Championships,2024-05-05,,,0.6,Outdoor,https://www.tfrrs.org/results/87017/5286183/NCAA_Division_I_Outdoor_Track__Field_Championships/Long-Jump,TFRRS all_performances
"Charlton, Anthaya",Florida,SEC,Long Jump,2024,2,,,6.59,m,NCAA Division I Outdoor Track & Field Championships,2024-05-05,,,0.8,Outdoor,https://www.tfrrs.org/results/87017/5286183/NCAA_Division_I_Outdoor_Track__Field_Championships/Long-Jump,TFRRS all_performances
"Brown, Kendall",Florida,SEC,Long Jump,2024,1,,,5.49,m,SEC Outdoor Track & Field Championships,2024-05-09,,,+0.0,Outdoor,https://www.tfrrs.org/results/85812/5273708/SEC_Outdoor_Track__Field_Championships/Long-Jump,TFRRS all_performances
"Bryant, Claire",Florida,SEC,Long Jump,2024,4,,,6.72,m,SEC Outdoor Track & Field Championships,2024-05-09,,,1.5,Outdoor,https://www.tfrrs.org/results/85812/5273708/SEC_Outdoor_Track__Field_Championships/Long-Jump,TFRRS all_performances
"Charlton, Anthaya",Florida,SEC,Long Jump,2024,2,,,6.59,m,SEC Outdoor Track & Field Championships,2024-05-09,,,+0.0,Outdoor,https://www.tfrrs.org/results/85812/5273708/SEC_Outdoor_Track__Field_Championships/Long-Jump,TFRRS all_performances
"Brown, Kendall",Florida,SEC,Long Jump,2024,1,,,5.72,m,NCAA East First Round,2024-05-22,,,0.7,Outdoor,https://www.tfrrs.org/results/86997/5284563/NCAA_East_First_Round/Long-Jump,TFRRS all_performances
"Bryant, Claire",Florida,SEC,Long Jump,2024,4,,,6.53,m,NCAA East First Round,2024-05-22,,,1.5,Outdoor,https://www.tfrrs.org/results/86997/5284563/NCAA_East_First_Round/Long-Jump,TFRRS all_performances
"Charlton, Anthaya",Florida,SEC,Long Jump,2024,2,,,6.44,m,NCAA East First Round,2024-05-22,,,-0.1,Outdoor,https://www.tfrrs.org/results/86997/5284563/NCAA_East_First_Round/Long-Jump,TFRRS all_performances
"Bryant, Claire",Florida,SEC,Long Jump,2024,4,,,6.74,meters,NCAA Division I Outdoor Track & Field Championships,2024-06-06,Final,2,0.6,Outdoor,https://www.tfrrs.org/athletes/7732041/Florida/Claire__Bryant.html,legacy_source_needs_review
"Charlton, Anthaya",Florida,SEC,Long Jump,2024,2,,,6.59,meters,NCAA Division I Outdoor Track & Field Championships,2024-06-06,Final,4,0.8,Outdoor,https://www.tfrrs.org/athletes/8679347/Florida/Anthaya_Charlton,legacy_source_needs_review
"Rush, Ella",Georgia,SEC,Long Jump,2024,2,,,6.03,m,Hurricane Alumni Invitational,2024-04-05,,,-1.4,Outdoor,https://www.tfrrs.org/results/85657/5225117/Hurricane_Alumni_Invitational/Long-Jump,TFRRS all_performances
"Rush, Ella",Georgia,SEC,Long Jump,2024,2,,,5.92,m,Georgia Tech Invitational,2024-04-19,,,+0.0,Outdoor,https://www.tfrrs.org/results/86277/5219591/Georgia_Tech_Invitational/Long-Jump,TFRRS all_performances
"Rush, Ella",Georgia,SEC,Long Jump,2024,2,,,5.94,m,NCAA Division I Outdoor Track & Field Championships,2024-05-05,,,0.5,Outdoor,https://www.tfrrs.org/results/87017/5286222/NCAA_Division_I_Outdoor_Track__Field_Championships/Long-Jump,TFRRS all_performances
"Rush, Ella",Georgia,SEC,Long Jump,2024,2,,,6.20,m,SEC Outdoor Track & Field Championships,2024-05-09,,,1.7,Outdoor,https://www.tfrrs.org/results/85812/5277335/SEC_Outdoor_Track__Field_Championships/Long-Jump,TFRRS all_performances
"Rush, Ella",Georgia,SEC,Long Jump,2024,2,,,5.78,m,NCAA East First Round,2024-05-22,,,0.2,Outdoor,https://www.tfrrs.org/results/86997/5284563/NCAA_East_First_Round/Long-Jump,TFRRS all_performances
"Rush, Ella",Georgia,SEC,Long Jump,2024,2,,,5.94,meters,NCAA Division I Outdoor Track & Field Championships,2024-06-05,Heptathlon,11,0.5,Outdoor,https://www.tfrrs.org/athletes/8235205/Georgia/Ella_Rush.html,legacy_source_needs_review
"Davis, Morgan",Kentucky,SEC,Long Jump,2024,1,,,6.07,m,USF Bulls Alumni Invitational,2024-03-15,,,1.6,Outdoor,https://www.tfrrs.org/results/82252/5112634/USF_Bulls_Alumni_Invitational/Long-Jump,TFRRS all_performances
"Gunnell, Julia",Kentucky,SEC,Long Jump,2024,1,,,4.80,m,EKU spring invitational,2024-03-22,,,1.0,Outdoor,https://www.tfrrs.org/results/84100/5130371/EKU_spring_invitational/Long-Jump,TFRRS all_performances
"Hufnagel, Charity",Kentucky,SEC,Long Jump,2024,4,,,5.67,m,2024 96th Clyde Littlefield Texas Relays,2024-03-27,,,0.8,Outdoor,https://www.tfrrs.org/results/83393/5229779/2024_96th_Clyde_Littlefield_Texas_Relays/Long-Jump,TFRRS all_performances
"Davis, Morgan",Kentucky,SEC,Long Jump,2024,1,,,FOUL,meters,LSU Battle on the Bayou,2024-03-29,Final,,,Outdoor,https://www.tfrrs.org/athletes/8680442/Kentucky/Morgan_Davis.html,legacy_source_needs_review
"Pedigo, Ariel",Kentucky,SEC,Long Jump,2024,3,,,3.86,m,LSU Battle on the Bayou,2024-03-29,,,1.5,Outdoor,https://www.tfrrs.org/results/84130/5145875/LSU_Battle_on_the_Bayou/Long-Jump,TFRRS all_performances
"Davis, Morgan",Kentucky,SEC,Long Jump,2024,1,,,5.79,m,Tom Jones Memorial Invitational,2024-04-12,,,0.7,Outdoor,https://www.tfrrs.org/results/85961/5198998/Tom_Jones_Memorial_Invitational/Long-Jump,TFRRS all_performances
"Hufnagel, Charity",Kentucky,SEC,Long Jump,2024,4,,,5.57,m,Tom Jones Memorial Invitational,2024-04-12,,,-3.0,Outdoor,https://www.tfrrs.org/results/85961/5198998/Tom_Jones_Memorial_Invitational/Long-Jump,TFRRS all_performances
"Davis, Morgan",Kentucky,SEC,Long Jump,2024,1,,,5.71,m,2024 Jim Green Invitational,2024-04-19,,,1.0,Outdoor,https://www.tfrrs.org/results/81771/5219351/2024_Jim_Green_Invitational/Long-Jump,TFRRS all_performances
"Gunnell, Julia",Kentucky,SEC,Long Jump,2024,1,,,4.85,m,2024 Jim Green Invitational,2024-04-19,,,+0.0,Outdoor,https://www.tfrrs.org/results/81771/5220721/2024_Jim_Green_Invitational/Long-Jump,TFRRS all_performances
"Pedigo, Ariel",Kentucky,SEC,Long Jump,2024,3,,,5.28,m,2024 Jim Green Invitational,2024-04-19,,,+0.0,Outdoor,https://www.tfrrs.org/results/81771/5220721/2024_Jim_Green_Invitational/Long-Jump,TFRRS all_performances
"Wilson, Meg",Kentucky,SEC,Long Jump,2024,3,,,5.42,m,2024 Jim Green Invitational,2024-04-19,,,1.2,Outdoor,https://www.tfrrs.org/results/81771/5219351/2024_Jim_Green_Invitational/Long-Jump,TFRRS all_performances
"Hufnagel, Charity",Kentucky,SEC,Long Jump,2024,4,,,5.79,m,NCAA Division I Outdoor Track & Field Championships,2024-05-05,,,1.0,Outdoor,https://www.tfrrs.org/results/87017/5286222/NCAA_Division_I_Outdoor_Track__Field_Championships/Long-Jump,TFRRS all_performances
"Davis, Morgan",Kentucky,SEC,Long Jump,2024,1,,,6.16,m,SEC Outdoor Track & Field Championships,2024-05-09,,,0.2,Outdoor,https://www.tfrrs.org/results/85812/5273708/SEC_Outdoor_Track__Field_Championships/Long-Jump,TFRRS all_performances
"Hufnagel, Charity",Kentucky,SEC,Long Jump,2024,4,,,5.82,m,SEC Outdoor Track & Field Championships,2024-05-09,,,0.1,Outdoor,https://www.tfrrs.org/results/85812/5277335/SEC_Outdoor_Track__Field_Championships/Long-Jump,TFRRS all_performances
"Pedigo, Ariel",Kentucky,SEC,Long Jump,2024,3,,,5.23,m,SEC Outdoor Track & Field Championships,2024-05-09,,,+0.0,Outdoor,https://www.tfrrs.org/results/85812/5277335/SEC_Outdoor_Track__Field_Championships/Long-Jump,TFRRS all_performances
"Davis, Morgan",Kentucky,SEC,Long Jump,2024,1,,,5.80,m,NCAA East First Round,2024-05-22,,,0.9,Outdoor,https://www.tfrrs.org/results/86997/5284563/NCAA_East_First_Round/Long-Jump,TFRRS all_performances
"Hufnagel, Charity",Kentucky,SEC,Long Jump,2024,4,,,5.79,meters,NCAA Division I Outdoor Track & Field Championships,2024-06-05,Heptathlon,14,1.0,Outdoor,https://www.tfrrs.org/athletes/8581453/Kentucky/Charity_Hufnagel,legacy_source_needs_review
"Childress, Madison",South Carolina,SEC,Long Jump,2024,1,,,4.89,m,Weems Baskin Invitational 24,2024-03-22,,,+0.0,Outdoor,https://www.tfrrs.org/results/84349/5128085/Weems_Baskin_Invitational_24/Long-Jump,TFRRS all_performances
"Hoosier, Prommyse",South Carolina,SEC,Long Jump,2024,3,,,5.88,m,Weems Baskin Invitational 24,2024-03-22,,,0.8,Outdoor,https://www.tfrrs.org/results/84349/5128085/Weems_Baskin_Invitational_24/Long-Jump,TFRRS all_performances
"Hoosier, Prommyse",South Carolina,SEC,Long Jump,2024,3,,,5.98,m,Pepsi Florida Relays,2024-03-29,,,0.5,Outdoor,https://www.tfrrs.org/results/83593/5148539/Pepsi_Florida_Relays/Long-Jump,TFRRS all_performances
"Childress, Madison",South Carolina,SEC,Long Jump,2024,1,,,5.40,m,Gamecock Invitational 2024,2024-04-06,,,2.0,Outdoor,https://www.tfrrs.org/results/84888/5169647/Gamecock_Invitational_2024/Long-Jump,TFRRS all_performances
"Hoosier, Prommyse",South Carolina,SEC,Long Jump,2024,3,,,6.13,m,Gamecock Invitational 2024,2024-04-06,,,1.5,Outdoor,https://www.tfrrs.org/results/84888/5169647/Gamecock_Invitational_2024/Long-Jump,TFRRS all_performances
"Hoosier, Prommyse",South Carolina,SEC,Long Jump,2024,3,,,6.06,m,Tom Jones Memorial Invitational,2024-04-12,,,1.7,Outdoor,https://www.tfrrs.org/results/85961/5198998/Tom_Jones_Memorial_Invitational/Long-Jump,TFRRS all_performances
"Childress, Madison",South Carolina,SEC,Long Jump,2024,1,,,5.58,m,USC Outdoor Open,2024-04-20,,,-0.1,Outdoor,https://www.tfrrs.org/results/85539/5220054/USC_Outdoor_Open/Long-Jump,TFRRS all_performances
"Childress, Madison",South Carolina,SEC,Long Jump,2024,1,,,5.94,m,2024 Charlotte Invitational,2024-04-26,,,0.9,Outdoor,https://www.tfrrs.org/results/85877/5240230/2024_Charlotte_Invitational/Long-Jump,TFRRS all_performances
"Hoosier, Prommyse",South Carolina,SEC,Long Jump,2024,3,,,5.86,m,2024 Charlotte Invitational,2024-04-26,,,2.0,Outdoor,https://www.tfrrs.org/results/85877/5240230/2024_Charlotte_Invitational/Long-Jump,TFRRS all_performances
"Childress, Madison",South Carolina,SEC,Long Jump,2024,1,,,5.56,m,SEC Outdoor Track & Field Championships,2024-05-09,,,+0.0,Outdoor,https://www.tfrrs.org/results/85812/5273708/SEC_Outdoor_Track__Field_Championships/Long-Jump,TFRRS all_performances
"Hoosier, Prommyse",South Carolina,SEC,Long Jump,2024,3,,,5.94,m,SEC Outdoor Track & Field Championships,2024-05-09,,,-0.3,Outdoor,https://www.tfrrs.org/results/85812/5273708/SEC_Outdoor_Track__Field_Championships/Long-Jump,TFRRS all_performances
"Stapleton, Tia",Clemson,ACC,Long Jump,2025,2,,,5.79,m,UCF Black & Gold Challenge,2025-03-21,,,-1.1,Outdoor,https://www.tfrrs.org/results/87054/5462811/UCF_Black__Gold_Challenge/Long-Jump,TFRRS all_performances
"Foreman, Shantae",Clemson,ACC,Long Jump,2025,3,,,5.52,m,2025 97th Clyde Littlefield Texas Relays,2025-03-26,,,-0.5,Outdoor,https://www.tfrrs.org/results/89183/5483917/2025_97th_Clyde_Littlefield_Texas_Relays/Long-Jump,TFRRS all_performances
"Stapleton, Tia",Clemson,ACC,Long Jump,2025,2,,,5.77,m,2025 97th Clyde Littlefield Texas Relays,2025-03-26,,,-1.0,Outdoor,https://www.tfrrs.org/results/89183/5483892/2025_97th_Clyde_Littlefield_Texas_Relays/Long-Jump,TFRRS all_performances
"Kapoor, Isabelle",Clemson,ACC,Long Jump,2025,3,,,5.17,m,Raleigh Relays,2025-03-27,,,0.2,Outdoor,https://www.tfrrs.org/results/88921/5481365/Raleigh_Relays/Long-Jump,TFRRS all_performances
"Foreman, Shantae",Clemson,ACC,Long Jump,2025,3,,,6.04,m,Duke Invitational,2025-04-10,,,0.1,Outdoor,https://www.tfrrs.org/results/87447/5540772/Duke_Invitational/Long-Jump,TFRRS all_performances
"Fortuna, Emma",Clemson,ACC,Long Jump,2025,2,,,5.00,m,Duke Invitational,2025-04-10,,,-0.2,Outdoor,https://www.tfrrs.org/results/87447/5544717/Duke_Invitational/Long-Jump,TFRRS all_performances
"Kapoor, Isabelle",Clemson,ACC,Long Jump,2025,3,,,5.25,m,Duke Invitational,2025-04-10,,,0.2,Outdoor,https://www.tfrrs.org/results/87447/5544717/Duke_Invitational/Long-Jump,TFRRS all_performances
"Stapleton, Tia",Clemson,ACC,Long Jump,2025,2,,,5.81,m,Duke Invitational,2025-04-10,,,-0.1,Outdoor,https://www.tfrrs.org/results/87447/5540772/Duke_Invitational/Long-Jump,TFRRS all_performances
"Foreman, Shantae",Clemson,ACC,Long Jump,2025,3,,,6.12,m,Tom Jones Invitational,2025-04-18,,,0.2,Outdoor,https://www.tfrrs.org/results/91823/5651963/Tom_Jones_Invitational/Long-Jump,TFRRS all_performances
"Stapleton, Tia",Clemson,ACC,Long Jump,2025,2,,,5.70,m,Tom Jones Invitational,2025-04-18,,,-0.5,Outdoor,https://www.tfrrs.org/results/91823/5651963/Tom_Jones_Invitational/Long-Jump,TFRRS all_performances
"Stapleton, Tia",Clemson,ACC,Long Jump,2025,2,,,5.58,m,Penn Relays,2025-04-24,,,-0.3,Outdoor,https://www.tfrrs.org/results/92108/5610674/Penn_Relays/Long-Jump,TFRRS all_performances
"Stapleton, Tia",Clemson,ACC,Long Jump,2025,2,,,6.00,m,Duke Twilight,2025-05-04,,,1.0,Outdoor,https://www.tfrrs.org/results/87449/5626889/Duke_Twilight/Long-Jump,TFRRS all_performances
"Foreman, Shantae",Clemson,ACC,Long Jump,2025,3,,,5.97,m,ACC Outdoor Track & Field Championships,2025-05-15,,,-0.2,Outdoor,https://www.tfrrs.org/results/91057/5659293/ACC_Outdoor_Track__Field_Championships/Long-Jump,TFRRS all_performances
"Fortuna, Emma",Clemson,ACC,Long Jump,2025,2,,,4.85,m,ACC Outdoor Track & Field Championships,2025-05-15,,,1.2,Outdoor,https://www.tfrrs.org/results/91057/5660849/ACC_Outdoor_Track__Field_Championships/Long-Jump,TFRRS all_performances
"Kapoor, Isabelle",Clemson,ACC,Long Jump,2025,3,,,5.01,m,ACC Outdoor Track & Field Championships,2025-05-15,,,-0.1,Outdoor,https://www.tfrrs.org/results/91057/5660849/ACC_Outdoor_Track__Field_Championships/Long-Jump,TFRRS all_performances
"Stapleton, Tia",Clemson,ACC,Long Jump,2025,2,,,5.56,m,ACC Outdoor Track & Field Championships,2025-05-15,,,0.1,Outdoor,https://www.tfrrs.org/results/91057/5659293/ACC_Outdoor_Track__Field_Championships/Long-Jump,TFRRS all_performances
"Jirak, Valerie",Duke,ACC,Long Jump,2025,1,,,5.72,m,Raleigh Relays,2025-03-27,,,0.9,Outdoor,https://www.tfrrs.org/results/88921/5481365/Raleigh_Relays/Long-Jump,TFRRS all_performances
"Locci, Gianna",Duke,ACC,Long Jump,2025,3,,,5.62,m,Raleigh Relays,2025-03-27,,,1.1,Outdoor,https://www.tfrrs.org/results/88921/5481365/Raleigh_Relays/Long-Jump,TFRRS all_performances
"Jirak, Valerie",Duke,ACC,Long Jump,2025,1,,,5.53,m,2025 Jim Click Shootout & Multis,2025-04-04,,,0.2,Outdoor,https://www.tfrrs.org/results/89574/5511336/_2025_Jim_Click_Shootout__Multis/Long-Jump,TFRRS all_performances
"Jirak, Valerie",Duke,ACC,Long Jump,2025,1,,,5.52,m,Duke Invitational,2025-04-10,,,0.6,Outdoor,https://www.tfrrs.org/results/87447/5540772/Duke_Invitational/Long-Jump,TFRRS all_performances
"Jirak, Valerie",Duke,ACC,Long Jump,2025,1,,,5.71,m,Duke Twilight,2025-05-04,,,+0.0,Outdoor,https://www.tfrrs.org/results/87449/5626889/Duke_Twilight/Long-Jump,TFRRS all_performances
"Heddens, Elise",Duke,ACC,Long Jump,2025,4,,,5.37,m,ACC Outdoor Track & Field Championships,2025-05-15,,,0.6,Outdoor,https://www.tfrrs.org/results/91057/5660849/ACC_Outdoor_Track__Field_Championships/Long-Jump,TFRRS all_performances
"Jirak, Valerie",Duke,ACC,Long Jump,2025,1,,,5.88,m,ACC Outdoor Track & Field Championships,2025-05-15,,,1.0,Outdoor,https://www.tfrrs.org/results/91057/5660849/ACC_Outdoor_Track__Field_Championships/Long-Jump,TFRRS all_performances
"Jones, Azharia",Florida State,ACC,Long Jump,2025,1,,,6.19,m,Terry Long FSU Relays,2025-03-27,,,0.1,Outdoor,https://www.tfrrs.org/results/90740/5483750/Terry_Long_FSU_Relays/Long-Jump,TFRRS all_performances
"Jones, Azharia",Florida State,ACC,Long Jump,2025,1,,,5.65,m,Florida Relays,2025-04-04,,,0.6,Outdoor,https://www.tfrrs.org/results/91170/5650378/Florida_Relays/Long-Jump,TFRRS all_performances
"Jones, Azharia",Florida State,ACC,Long Jump,2025,1,,,6.09,m,LSU Alumni Gold,2025-04-26,,,1.2,Outdoor,https://www.tfrrs.org/results/89964/5598056/LSU_Alumni_Gold/Long-Jump,TFRRS all_performances
"Jones, Azharia",Florida State,ACC,Long Jump,2025,1,,,5.85,m,East Coast Relays,2025-05-02,,,0.6,Outdoor,https://www.tfrrs.org/results/87164/5621803/East_Coast_Relays/Long-Jump,TFRRS all_performances
"Peoples, Me'Yauney",Florida State,ACC,Long Jump,2025,1,,,5.22,m,East Coast Relays,2025-05-02,,,0.8,Outdoor,https://www.tfrrs.org/results/87164/5621803/East_Coast_Relays/Long-Jump,TFRRS all_performances
"Soremi, Oluwadara",Florida State,ACC,Long Jump,2025,1,,,5.89,m,East Coast Relays,2025-05-02,,,2.6,Outdoor,https://www.tfrrs.org/results/87164/5621803/East_Coast_Relays/Long-Jump,TFRRS all_performances
"Jones, Azharia",Florida State,ACC,Long Jump,2025,1,,,5.64,m,ACC Outdoor Track & Field Championships,2025-05-15,,,1.3,Outdoor,https://www.tfrrs.org/results/91057/5659293/ACC_Outdoor_Track__Field_Championships/Long-Jump,TFRRS all_performances
"Jones, Azharia",Florida State,ACC,Long Jump,2025,1,,,5.55,m,NCAA Division I East First Round,2025-05-28,,,1.0,Outdoor,https://www.tfrrs.org/results/92620/5669379/NCAA_Division_I_East_First_Round/Long-Jump,TFRRS all_performances
"Zwaanstra, Teagan",Stanford,ACC,Long Jump,2025,4,,,5.81,m,Sacramento State Hornet Invite,2025-03-21,,,1.1,Outdoor,https://www.tfrrs.org/results/89297/5465109/Sacramento_State_Hornet_Invite/Long-Jump,TFRRS all_performances
"Jones, Alyssa",Stanford,ACC,Long Jump,2025,3,,,6.81,m,Stanford Invitational,2025-04-04,,,1.6,Outdoor,https://www.tfrrs.org/results/89628/5515899/Stanford_Invitational/Long-Jump,TFRRS all_performances
"Oakes, Alaysia",Stanford,ACC,Long Jump,2025,3,,,6.04,m,Stanford Invitational,2025-04-04,,,1.5,Outdoor,https://www.tfrrs.org/results/89628/5515899/Stanford_Invitational/Long-Jump,TFRRS all_performances
"Zwaanstra, Teagan",Stanford,ACC,Long Jump,2025,4,,,6.25,m,Stanford Invitational,2025-04-04,,,2.1,Outdoor,https://www.tfrrs.org/results/89628/5515899/Stanford_Invitational/Long-Jump,TFRRS all_performances
"Jones, Alyssa",Stanford,ACC,Long Jump,2025,3,,,6.42,m,65th Annual Mt. SAC Relays,2025-04-18,,,1.7,Outdoor,https://www.tfrrs.org/results/89926/5573902/65th_Annual_Mt_SAC_Relays/Long-Jump,TFRRS all_performances
"Oakes, Alaysia",Stanford,ACC,Long Jump,2025,3,,,5.78,m,65th Annual Mt. SAC Relays,2025-04-18,,,1.1,Outdoor,https://www.tfrrs.org/results/89926/5573852/65th_Annual_Mt_SAC_Relays/Long-Jump,TFRRS all_performances
"Zwaanstra, Teagan",Stanford,ACC,Long Jump,2025,4,,,5.97,m,65th Annual Mt. SAC Relays,2025-04-18,,,1.9,Outdoor,https://www.tfrrs.org/results/89926/5573852/65th_Annual_Mt_SAC_Relays/Long-Jump,TFRRS all_performances
"Guerrero, Arianna",Stanford,ACC,Long Jump,2025,2,,,5.90,m,Payton Jordan Invitational,2025-04-25,,,0.5,Outdoor,https://www.tfrrs.org/results/89850/5596379/Payton_Jordan_Invitational/Long-Jump,TFRRS all_performances
"Oakes, Alaysia",Stanford,ACC,Long Jump,2025,3,,,5.72,m,Payton Jordan Invitational,2025-04-25,,,1.0,Outdoor,https://www.tfrrs.org/results/89850/5596379/Payton_Jordan_Invitational/Long-Jump,TFRRS all_performances
"Zwaanstra, Teagan",Stanford,ACC,Long Jump,2025,4,,,5.87,m,Payton Jordan Invitational,2025-04-25,,,1.1,Outdoor,https://www.tfrrs.org/results/89850/5596379/Payton_Jordan_Invitational/Long-Jump,TFRRS all_performances
Ariana Guerrero,Stanford,ACC,Long Jump,2025,2,,,5.85,m,Big Meet,2025-05-03,Final,2,,Outdoor,https://gostanford.com/news/2025/05/3/three-straight-for-card-women-at-big-meet,legacy_source_needs_review
"Guerrero, Arianna",Stanford,ACC,Long Jump,2025,2,,,5.85,m,The 130th Big Meet,2025-05-03,,,0.3,Outdoor,https://www.tfrrs.org/results/87405/5623401/The_130th_Big_Meet/Long-Jump,TFRRS all_performances
"Jones, Alyssa",Stanford,ACC,Long Jump,2025,3,,,6.26,m,The 130th Big Meet,2025-05-03,,,0.1,Outdoor,https://www.tfrrs.org/results/87405/5623401/The_130th_Big_Meet/Long-Jump,TFRRS all_performances
"Oakes, Alaysia",Stanford,ACC,Long Jump,2025,3,,,5.56,m,The 130th Big Meet,2025-05-03,,,-0.7,Outdoor,https://www.tfrrs.org/results/87405/5623401/The_130th_Big_Meet/Long-Jump,TFRRS all_performances
"Zwaanstra, Teagan",Stanford,ACC,Long Jump,2025,4,,,5.81,m,The 130th Big Meet,2025-05-03,,,-0.6,Outdoor,https://www.tfrrs.org/results/87405/5623401/The_130th_Big_Meet/Long-Jump,TFRRS all_performances
"Guerrero, Arianna",Stanford,ACC,Long Jump,2025,2,,,5.68,m,ACC Outdoor Track & Field Championships,2025-05-15,,,-0.1,Outdoor,https://www.tfrrs.org/results/91057/5659293/ACC_Outdoor_Track__Field_Championships/Long-Jump,TFRRS all_performances
"Jones, Alyssa",Stanford,ACC,Long Jump,2025,3,,,6.54,m,ACC Outdoor Track & Field Championships,2025-05-15,,,0.5,Outdoor,https://www.tfrrs.org/results/91057/5659293/ACC_Outdoor_Track__Field_Championships/Long-Jump,TFRRS all_performances
"Oakes, Alaysia",Stanford,ACC,Long Jump,2025,3,,,5.96,m,ACC Outdoor Track & Field Championships,2025-05-15,,,1.3,Outdoor,https://www.tfrrs.org/results/91057/5659293/ACC_Outdoor_Track__Field_Championships/Long-Jump,TFRRS all_performances
"Zwaanstra, Teagan",Stanford,ACC,Long Jump,2025,4,,,6.26,m,ACC Outdoor Track & Field Championships,2025-05-15,,,1.6,Outdoor,https://www.tfrrs.org/results/91057/5659293/ACC_Outdoor_Track__Field_Championships/Long-Jump,TFRRS all_performances
"Jones, Alyssa",Stanford,ACC,Long Jump,2025,3,,,6.65,m,NCAA Division I West First Round,2025-05-28,,,1.5,Outdoor,https://www.tfrrs.org/results/92621/5669907/NCAA_Division_I_West_First_Round/Long-Jump,TFRRS all_performances
"Zwaanstra, Teagan",Stanford,ACC,Long Jump,2025,4,,,6.18,m,NCAA Division I West First Round,2025-05-28,,,0.3,Outdoor,https://www.tfrrs.org/results/92621/5669907/NCAA_Division_I_West_First_Round/Long-Jump,TFRRS all_performances
"Jones, Alyssa",Stanford,ACC,Long Jump,2025,3,,,6.70,m,NCAA Division I Outdoor Track & Field Championships,2025-06-11,,,1.4,Outdoor,https://www.tfrrs.org/results/92668/5672519/NCAA_Division_I_Outdoor_Track__Field_Championships/Long-Jump,TFRRS all_performances
"Lee, Mahkaia",Virginia,ACC,Long Jump,2025,4,,,5.31,m,Virginia Opener,2025-03-22,,,2.1,Outdoor,https://www.tfrrs.org/results/89679/5463228/Virginia_Opener/Long-Jump,TFRRS all_performances
"Yeboah-Kodie, Lauren",Virginia,ACC,Long Jump,2025,4,,,5.84,m,Virginia Opener,2025-03-22,,,2.2,Outdoor,https://www.tfrrs.org/results/89679/5463228/Virginia_Opener/Long-Jump,TFRRS all_performances
"Yeboah-Kodie, Lauren",Virginia,ACC,Long Jump,2025,4,,,5.84,m,Raleigh Relays,2025-03-27,,,-0.1,Outdoor,https://www.tfrrs.org/results/88921/5481365/Raleigh_Relays/Long-Jump,TFRRS all_performances
"Lee, Mahkaia",Virginia,ACC,Long Jump,2025,4,,,5.66,m,2025 Colonial Relays,2025-04-03,,,1.8,Outdoor,https://www.tfrrs.org/results/89414/5509536/2025_Colonial_Relays/Long-Jump,TFRRS all_performances
"Lee, Mahkaia",Virginia,ACC,Long Jump,2025,4,,,5.47,m,Virginia Challenge,2025-04-18,,,2.7,Outdoor,https://www.tfrrs.org/results/89685/5568972/Virginia_Challenge/Long-Jump,TFRRS all_performances
"Hulland, Lily",Virginia,ACC,Long Jump,2025,4,,,5.35,m,Duke Twilight,2025-05-04,,,1.9,Outdoor,https://www.tfrrs.org/results/87449/5626889/Duke_Twilight/Long-Jump,TFRRS all_performances
"Yeboah-Kodie, Lauren",Virginia,ACC,Long Jump,2025,4,,,5.68,m,ACC Outdoor Track & Field Championships,2025-05-15,,,-0.5,Outdoor,https://www.tfrrs.org/results/91057/5659293/ACC_Outdoor_Track__Field_Championships/Long-Jump,TFRRS all_performances
"Bosko, Jenica",Arizona,Big 12,Long Jump,2025,4,,,5.95,m,2025 Jim Click Shootout & Multis,2025-04-04,,,0.2,Outdoor,https://www.tfrrs.org/results/89574/5511363/_2025_Jim_Click_Shootout__Multis/Long-Jump,TFRRS all_performances
"Wise, Taylen",Arizona,Big 12,Long Jump,2025,3,,,6.23,m,2025 Jim Click Shootout & Multis,2025-04-04,,,1.9,Outdoor,https://www.tfrrs.org/results/89574/5511363/_2025_Jim_Click_Shootout__Multis/Long-Jump,TFRRS all_performances
"Bosko, Jenica",Arizona,Big 12,Long Jump,2025,4,,,5.94,m,65th Annual Mt. SAC Relays,2025-04-18,,,+0.0,Outdoor,https://www.tfrrs.org/results/89926/5573902/65th_Annual_Mt_SAC_Relays/Long-Jump,TFRRS all_performances
"Bosko, Jenica",Arizona,Big 12,Long Jump,2025,4,,,6.34,m,2025 Desert Heat Classic,2025-05-03,,,+0.0,Outdoor,https://www.tfrrs.org/results/89575/5624842/2025_Desert_Heat_Classic_/Long-Jump,TFRRS all_performances
"Wise, Taylen",Arizona,Big 12,Long Jump,2025,3,,,5.91,m,2025 Desert Heat Classic,2025-05-03,,,2.4,Outdoor,https://www.tfrrs.org/results/89575/5624842/2025_Desert_Heat_Classic_/Long-Jump,TFRRS all_performances
"Bosko, Jenica",Arizona,Big 12,Long Jump,2025,4,,,6.36,m,Big 12 Outdoor Track & Field Championships,2025-05-15,,,3.8,Outdoor,https://www.tfrrs.org/results/92590/5661306/Big_12_Outdoor_Track__Field_Championships/Long-Jump,TFRRS all_performances
"Bosko, Jenica",Arizona,Big 12,Long Jump,2025,4,,,6.42,m,NCAA Division I West First Round,2025-05-28,,,2.1,Outdoor,https://www.tfrrs.org/results/92621/5669907/NCAA_Division_I_West_First_Round/Long-Jump,TFRRS all_performances
"Bosko, Jenica",Arizona,Big 12,Long Jump,2025,4,,,6.29,m,NCAA Division I Outdoor Track & Field Championships,2025-06-11,,,1.1,Outdoor,https://www.tfrrs.org/results/92668/5672519/NCAA_Division_I_Outdoor_Track__Field_Championships/Long-Jump,TFRRS all_performances
"Naatjes, Mikki",BYU,Big 12,Long Jump,2025,3,,,4.74,m,46th Aztec Track & Field Invitational,2025-03-22,,,0.9,Outdoor,https://www.tfrrs.org/results/89229/5464213/46th_Aztec_Track__Field_Invitational/Long-Jump,TFRRS all_performances
"Bird, Cameron",BYU,Big 12,Long Jump,2025,3,,,5.43,m,Bobcat Invitational 2025,2025-03-27,,,NWI,Outdoor,https://www.tfrrs.org/results/87679/5640844/_Bobcat_Invitational_2025/Long-Jump,TFRRS all_performances
"Bonds, Zoey",BYU,Big 12,Long Jump,2025,3,,,5.57,m,Bobcat Invitational 2025,2025-03-27,,,NWI,Outdoor,https://www.tfrrs.org/results/87679/5640844/_Bobcat_Invitational_2025/Long-Jump,TFRRS all_performances
"Passmore, Madeleine",BYU,Big 12,Long Jump,2025,3,,,5.53,m,Bobcat Invitational 2025,2025-03-27,,,-0.8,Outdoor,https://www.tfrrs.org/results/87679/5486183/_Bobcat_Invitational_2025/Long-Jump,TFRRS all_performances
"Young, Summer",BYU,Big 12,Long Jump,2025,1,,,5.23,m,Bobcat Invitational 2025,2025-03-27,,,NWI,Outdoor,https://www.tfrrs.org/results/87679/5640844/_Bobcat_Invitational_2025/Long-Jump,TFRRS all_performances
"Naatjes, Mikki",BYU,Big 12,Long Jump,2025,3,,,5.08,m,2025 Utah Valley Collegiate,2025-03-28,,,+0.0,Outdoor,https://www.tfrrs.org/results/90233/5484310/2025_Utah_Valley_Collegiate/Long-Jump,TFRRS all_performances
"Passmore, Madeleine",BYU,Big 12,Long Jump,2025,3,,,5.60,m,Pacific Coast Intercollegiate,2025-04-17,,,0.2,Outdoor,https://www.tfrrs.org/results/89905/5564934/Pacific_Coast_Intercollegiate/Long-Jump,TFRRS all_performances
"Bird, Cameron",BYU,Big 12,Long Jump,2025,3,,,5.64,m,2025 BYU Robison Invitational,2025-04-30,,,+0.0,Outdoor,https://www.tfrrs.org/results/89706/5649839/2025_BYU_Robison_Invitational/Long-Jump,TFRRS all_performances
"Bonds, Zoey",BYU,Big 12,Long Jump,2025,3,,,5.49,m,2025 BYU Robison Invitational,2025-04-30,,,-0.7,Outdoor,https://www.tfrrs.org/results/89706/5649839/2025_BYU_Robison_Invitational/Long-Jump,TFRRS all_performances
"Naatjes, Mikki",BYU,Big 12,Long Jump,2025,3,,,5.20,m,2025 BYU Robison Invitational,2025-04-30,,,1.3,Outdoor,https://www.tfrrs.org/results/89706/5625241/2025_BYU_Robison_Invitational/Long-Jump,TFRRS all_performances
"Passmore, Madeleine",BYU,Big 12,Long Jump,2025,3,,,5.91,m,2025 BYU Robison Invitational,2025-04-30,,,NWI,Outdoor,https://www.tfrrs.org/results/89706/5625241/2025_BYU_Robison_Invitational/Long-Jump,TFRRS all_performances
"Bird, Cameron",BYU,Big 12,Long Jump,2025,3,,,5.54,m,Big 12 Outdoor Track & Field Championships,2025-05-15,,,-3.6,Outdoor,https://www.tfrrs.org/results/92590/5661349/Big_12_Outdoor_Track__Field_Championships/Long-Jump,TFRRS all_performances
"De Gannes, Janae",Baylor,Big 12,Long Jump,2025,1,,,6.51,m,Clyde Hart Classic,2025-03-22,,,3.6,Outdoor,https://www.tfrrs.org/results/88269/5464171/Clyde_Hart_Classic/Long-Jump,TFRRS all_performances
"Feely, Shaye",Baylor,Big 12,Long Jump,2025,1,,,5.01,m,Clyde Hart Classic,2025-03-22,,,4.0,Outdoor,https://www.tfrrs.org/results/88269/5464171/Clyde_Hart_Classic/Long-Jump,TFRRS all_performances
"Hanner, Annemarie",Baylor,Big 12,Long Jump,2025,1,,,4.65,m,Clyde Hart Classic,2025-03-22,,,1.7,Outdoor,https://www.tfrrs.org/results/88269/5464171/Clyde_Hart_Classic/Long-Jump,TFRRS all_performances
"Wells, Joy",Baylor,Big 12,Long Jump,2025,3,,,5.02,m,Clyde Hart Classic,2025-03-22,,,2.7,Outdoor,https://www.tfrrs.org/results/88269/5464171/Clyde_Hart_Classic/Long-Jump,TFRRS all_performances
"Copeland, Isabella",Baylor,Big 12,Long Jump,2025,2,,,5.44,m,LSU Battle on the Bayou,2025-03-28,,,6.9,Outdoor,https://www.tfrrs.org/results/89962/5486955/LSU_Battle_on_the_Bayou/Long-Jump,TFRRS all_performances
"De Gannes, Janae",Baylor,Big 12,Long Jump,2025,1,,,6.57,m,LSU Battle on the Bayou,2025-03-28,,,2.3,Outdoor,https://www.tfrrs.org/results/89962/5486955/LSU_Battle_on_the_Bayou/Long-Jump,TFRRS all_performances
"Webb, Iyanna",Baylor,Big 12,Long Jump,2025,1,,,5.85,m,LSU Battle on the Bayou,2025-03-28,,,2.6,Outdoor,https://www.tfrrs.org/results/89962/5486955/LSU_Battle_on_the_Bayou/Long-Jump,TFRRS all_performances
"Brown, Alexis",Baylor,Big 12,Long Jump,2025,4,,,7.00,m,Florida Relays,2025-04-04,,,2.8,Outdoor,https://www.tfrrs.org/results/91170/5650424/Florida_Relays/Long-Jump,TFRRS all_performances
"De Gannes, Janae",Baylor,Big 12,Long Jump,2025,1,,,6.24,m,Florida Relays,2025-04-04,,,2.8,Outdoor,https://www.tfrrs.org/results/91170/5650424/Florida_Relays/Long-Jump,TFRRS all_performances
"Feely, Shaye",Baylor,Big 12,Long Jump,2025,1,,,5.30,m,2025 Texas A&M 44 Farms Team Invitational,2025-04-11,,,2.5,Outdoor,https://www.tfrrs.org/results/87412/5554299/2025_Texas_AM_44_Farms_Team_Invitational/Long-Jump,TFRRS all_performances
"Todorovich, Logan",Baylor,Big 12,Long Jump,2025,1,,,6.15,m,2025 Texas A&M 44 Farms Team Invitational,2025-04-11,,,2.5,Outdoor,https://www.tfrrs.org/results/87412/5554299/2025_Texas_AM_44_Farms_Team_Invitational/Long-Jump,TFRRS all_performances
"Wesseh, Kiara",Baylor,Big 12,Long Jump,2025,1,,,5.31,m,2025 Texas A&M 44 Farms Team Invitational,2025-04-11,,,1.2,Outdoor,https://www.tfrrs.org/results/87412/5554299/2025_Texas_AM_44_Farms_Team_Invitational/Long-Jump,TFRRS all_performances
"Brown, Alexis",Baylor,Big 12,Long Jump,2025,4,,,6.92,m,Michael Johnson Invitational,2025-04-18,,,2.4,Outdoor,https://www.tfrrs.org/results/88270/5572613/Michael_Johnson_Invitational/Long-Jump,TFRRS all_performances
"Hanner, Annemarie",Baylor,Big 12,Long Jump,2025,1,,,4.83,m,Michael Johnson Invitational,2025-04-18,,,4.2,Outdoor,https://www.tfrrs.org/results/88270/5572613/Michael_Johnson_Invitational/Long-Jump,TFRRS all_performances
"Webb, Iyanna",Baylor,Big 12,Long Jump,2025,1,,,6.10,m,Michael Johnson Invitational,2025-04-18,,,4.6,Outdoor,https://www.tfrrs.org/results/88270/5572613/Michael_Johnson_Invitational/Long-Jump,TFRRS all_performances
"Wells, Joy",Baylor,Big 12,Long Jump,2025,3,,,5.16,m,Michael Johnson Invitational,2025-04-18,,,3.6,Outdoor,https://www.tfrrs.org/results/88270/5572613/Michael_Johnson_Invitational/Long-Jump,TFRRS all_performances
"Copeland, Isabella",Baylor,Big 12,Long Jump,2025,2,,,5.37,m,UCF Knights Invite,2025-04-25,,,-2.1,Outdoor,https://www.tfrrs.org/results/87082/5597506/UCF_Knights_Invite/Long-Jump,TFRRS all_performances
"Webb, Iyanna",Baylor,Big 12,Long Jump,2025,1,,,6.10,m,UCF Knights Invite,2025-04-25,,,-1.5,Outdoor,https://www.tfrrs.org/results/87082/5597506/UCF_Knights_Invite/Long-Jump,TFRRS all_performances
"Wesseh, Kiara",Baylor,Big 12,Long Jump,2025,1,,,5.30,m,UCF Knights Invite,2025-04-25,,,1.6,Outdoor,https://www.tfrrs.org/results/87082/5597506/UCF_Knights_Invite/Long-Jump,TFRRS all_performances
"Brown, Alexis",Baylor,Big 12,Long Jump,2025,4,,,6.89,m,2025 Texas A&M Alumni Muster Invitational,2025-05-03,,,0.7,Outdoor,https://www.tfrrs.org/results/87414/5623576/2025_Texas_AM_Alumni_Muster_Invitational/Long-Jump,TFRRS all_performances
"De Gannes, Janae",Baylor,Big 12,Long Jump,2025,1,,,6.72,m,2025 Texas A&M Alumni Muster Invitational,2025-05-03,,,2.2,Outdoor,https://www.tfrrs.org/results/87414/5623576/2025_Texas_AM_Alumni_Muster_Invitational/Long-Jump,TFRRS all_performances
"Todorovich, Logan",Baylor,Big 12,Long Jump,2025,1,,,6.09,m,2025 Texas A&M Alumni Muster Invitational,2025-05-03,,,0.9,Outdoor,https://www.tfrrs.org/results/87414/5623576/2025_Texas_AM_Alumni_Muster_Invitational/Long-Jump,TFRRS all_performances
"Wesseh, Kiara",Baylor,Big 12,Long Jump,2025,1,,,5.35,m,2025 Texas A&M Alumni Muster Invitational,2025-05-03,,,2.4,Outdoor,https://www.tfrrs.org/results/87414/5623576/2025_Texas_AM_Alumni_Muster_Invitational/Long-Jump,TFRRS all_performances
"Brown, Alexis",Baylor,Big 12,Long Jump,2025,4,,,7.03,m,Big 12 Outdoor Track & Field Championships,2025-05-15,,,0.4,Outdoor,https://www.tfrrs.org/results/92590/5661306/Big_12_Outdoor_Track__Field_Championships/Long-Jump,TFRRS all_performances
"Copeland, Isabella",Baylor,Big 12,Long Jump,2025,2,,,5.17,m,Big 12 Outdoor Track & Field Championships,2025-05-15,,,0.2,Outdoor,https://www.tfrrs.org/results/92590/5661306/Big_12_Outdoor_Track__Field_Championships/Long-Jump,TFRRS all_performances
"De Gannes, Janae",Baylor,Big 12,Long Jump,2025,1,,,6.49,m,Big 12 Outdoor Track & Field Championships,2025-05-15,,,0.7,Outdoor,https://www.tfrrs.org/results/92590/5661306/Big_12_Outdoor_Track__Field_Championships/Long-Jump,TFRRS all_performances
"Todorovich, Logan",Baylor,Big 12,Long Jump,2025,1,,,5.89,m,Big 12 Outdoor Track & Field Championships,2025-05-15,,,-2.2,Outdoor,https://www.tfrrs.org/results/92590/5661349/Big_12_Outdoor_Track__Field_Championships/Long-Jump,TFRRS all_performances
"Todorovich, Logan",Baylor,Big 12,Long Jump,2025,1,,,6.27,m,Big 12 Outdoor Track & Field Championships,2025-05-15,,,-0.8,Outdoor,https://www.tfrrs.org/results/92590/5661306/Big_12_Outdoor_Track__Field_Championships/Long-Jump,TFRRS all_performances
"Webb, Iyanna",Baylor,Big 12,Long Jump,2025,1,,,5.75,m,Big 12 Outdoor Track & Field Championships,2025-05-15,,,3.6,Outdoor,https://www.tfrrs.org/results/92590/5661306/Big_12_Outdoor_Track__Field_Championships/Long-Jump,TFRRS all_performances
"Wesseh, Kiara",Baylor,Big 12,Long Jump,2025,1,,,4.93,m,Big 12 Outdoor Track & Field Championships,2025-05-15,,,-2.5,Outdoor,https://www.tfrrs.org/results/92590/5661349/Big_12_Outdoor_Track__Field_Championships/Long-Jump,TFRRS all_performances
"Brown, Alexis",Baylor,Big 12,Long Jump,2025,4,,,6.94,m,NCAA Division I West First Round,2025-05-28,,,0.1,Outdoor,https://www.tfrrs.org/results/92621/5669907/NCAA_Division_I_West_First_Round/Long-Jump,TFRRS all_performances
"De Gannes, Janae",Baylor,Big 12,Long Jump,2025,1,,,6.58,m,NCAA Division I West First Round,2025-05-28,,,1.0,Outdoor,https://www.tfrrs.org/results/92621/5669907/NCAA_Division_I_West_First_Round/Long-Jump,TFRRS all_performances
"Todorovich, Logan",Baylor,Big 12,Long Jump,2025,1,,,5.89,m,NCAA Division I West First Round,2025-05-28,,,-0.5,Outdoor,https://www.tfrrs.org/results/92621/5669907/NCAA_Division_I_West_First_Round/Long-Jump,TFRRS all_performances
"Brown, Alexis",Baylor,Big 12,Long Jump,2025,4,,,6.63,m,NCAA Division I Outdoor Track & Field Championships,2025-06-11,,,0.7,Outdoor,https://www.tfrrs.org/results/92668/5672519/NCAA_Division_I_Outdoor_Track__Field_Championships/Long-Jump,TFRRS all_performances
"De Gannes, Janae",Baylor,Big 12,Long Jump,2025,1,,,6.18,m,NCAA Division I Outdoor Track & Field Championships,2025-06-11,,,0.2,Outdoor,https://www.tfrrs.org/results/92668/5672519/NCAA_Division_I_Outdoor_Track__Field_Championships/Long-Jump,TFRRS all_performances
"Fisher, Kiersten",Iowa State,Big 12,Long Jump,2025,4,,,5.67,m,Terry Long FSU Relays,2025-03-27,,,0.6,Outdoor,https://www.tfrrs.org/results/90740/5483750/Terry_Long_FSU_Relays/Long-Jump,TFRRS all_performances
"Cinnamo, Ava",Iowa State,Big 12,Long Jump,2025,3,,,5.41,m,2025 Texas A&M 44 Farms Team Invitational,2025-04-11,,,0.5,Outdoor,https://www.tfrrs.org/results/87412/5537755/2025_Texas_AM_44_Farms_Team_Invitational/Long-Jump,TFRRS all_performances
"Denge-Hagen, Maia",Iowa State,Big 12,Long Jump,2025,1,,,5.53,m,Jim Duncan Invitational,2025-04-11,,,2.4,Outdoor,https://www.tfrrs.org/results/91467/5538184/Jim_Duncan_Invitational/Long-Jump,TFRRS all_performances
"Fisher, Kiersten",Iowa State,Big 12,Long Jump,2025,4,,,5.67,m,2025 Texas A&M 44 Farms Team Invitational,2025-04-11,,,0.9,Outdoor,https://www.tfrrs.org/results/87412/5554299/2025_Texas_AM_44_Farms_Team_Invitational/Long-Jump,TFRRS all_performances
"Laing, Amari",Iowa State,Big 12,Long Jump,2025,2,,,5.63,m,Jim Duncan Invitational,2025-04-11,,,2.4,Outdoor,https://www.tfrrs.org/results/91467/5538184/Jim_Duncan_Invitational/Long-Jump,TFRRS all_performances
"Laing, Amari",Iowa State,Big 12,Long Jump,2025,2,,,5.78,m,Kansas Relays,2025-04-17,,,0.7,Outdoor,https://www.tfrrs.org/results/91820/5571355/Kansas_Relays/Long-Jump,TFRRS all_performances
"Fisher, Kiersten",Iowa State,Big 12,Long Jump,2025,4,,,5.81,m,Drake Relays,2025-04-23,,,1.2,Outdoor,https://www.tfrrs.org/results/92096/5650910/Drake_Relays/Long-Jump,TFRRS all_performances
"Laing, Amari",Iowa State,Big 12,Long Jump,2025,2,,,5.93,m,Drake Relays,2025-04-23,,,2.8,Outdoor,https://www.tfrrs.org/results/92096/5650910/Drake_Relays/Long-Jump,TFRRS all_performances
"Laing, Amari",Iowa State,Big 12,Long Jump,2025,2,,,6.16,m,Cyclone Twilight,2025-05-09,,,0.1,Outdoor,https://www.tfrrs.org/results/92434/5646067/Cyclone_Twilight/Long-Jump,TFRRS all_performances
"Fisher, Kiersten",Iowa State,Big 12,Long Jump,2025,4,,,5.78,m,Big 12 Outdoor Track & Field Championships,2025-05-15,,,-0.2,Outdoor,https://www.tfrrs.org/results/92590/5661349/Big_12_Outdoor_Track__Field_Championships/Long-Jump,TFRRS all_performances
"Laing, Amari",Iowa State,Big 12,Long Jump,2025,2,,,6.01,m,Big 12 Outdoor Track & Field Championships,2025-05-15,,,-0.2,Outdoor,https://www.tfrrs.org/results/92590/5661306/Big_12_Outdoor_Track__Field_Championships/Long-Jump,TFRRS all_performances
"Laing, Amari",Iowa State,Big 12,Long Jump,2025,2,,,5.93,m,NCAA Division I West First Round,2025-05-28,,,0.3,Outdoor,https://www.tfrrs.org/results/92621/5669907/NCAA_Division_I_West_First_Round/Long-Jump,TFRRS all_performances
"Jones, Ayanna",Texas Tech,Big 12,Long Jump,2025,2,,,5.50,m,2025 97th Clyde Littlefield Texas Relays,2025-03-26,,,-0.4,Outdoor,https://www.tfrrs.org/results/89183/5483917/2025_97th_Clyde_Littlefield_Texas_Relays/Long-Jump,TFRRS all_performances
"Jones, Ayanna",Texas Tech,Big 12,Long Jump,2025,2,,,6.11,m,Texas Tech Masked Rider,2025-04-03,,,0.3,Outdoor,https://www.tfrrs.org/results/91113/5557567/Texas_Tech_Masked_Rider/Long-Jump,TFRRS all_performances
"Akinduro, Busola",Texas Tech,Big 12,Long Jump,2025,4,,,5.66,m,2025 Texas A&M 44 Farms Team Invitational,2025-04-11,,,-1.8,Outdoor,https://www.tfrrs.org/results/87412/5537755/2025_Texas_AM_44_Farms_Team_Invitational/Long-Jump,TFRRS all_performances
"Jones, Ayanna",Texas Tech,Big 12,Long Jump,2025,2,,,5.63,m,2025 Texas A&M 44 Farms Team Invitational,2025-04-11,,,-1.0,Outdoor,https://www.tfrrs.org/results/87412/5537755/2025_Texas_AM_44_Farms_Team_Invitational/Long-Jump,TFRRS all_performances
"Washington, Tamiah",Texas Tech,Big 12,Long Jump,2025,2,,,6.13,m,2025 Texas A&M 44 Farms Team Invitational,2025-04-11,,,-0.3,Outdoor,https://www.tfrrs.org/results/87412/5537755/2025_Texas_AM_44_Farms_Team_Invitational/Long-Jump,TFRRS all_performances
"Gorlova, Victoria",Texas Tech,Big 12,Long Jump,2025,4,,,6.35,m,65th Annual Mt. SAC Relays,2025-04-18,,,1.8,Outdoor,https://www.tfrrs.org/results/89926/5573902/65th_Annual_Mt_SAC_Relays/Long-Jump,TFRRS all_performances
"Jones, Ayanna",Texas Tech,Big 12,Long Jump,2025,2,,,5.71,m,2025 Texas Invitational,2025-04-24,,,1.6,Outdoor,https://www.tfrrs.org/results/91283/5593310/2025_Texas_Invitational/Long-Jump,TFRRS all_performances
"Akinduro, Busola",Texas Tech,Big 12,Long Jump,2025,4,,,5.68,m,Texas Tech Corky/Crofoot Shootout,2025-05-01,,,-0.8,Outdoor,https://www.tfrrs.org/results/92291/5626606/Texas_Tech_Corky_Crofoot_Shootout/Long-Jump,TFRRS all_performances
"Jones, Ayanna",Texas Tech,Big 12,Long Jump,2025,2,,,5.80,m,Texas Tech Corky/Crofoot Shootout,2025-05-01,,,-0.1,Outdoor,https://www.tfrrs.org/results/92291/5626606/Texas_Tech_Corky_Crofoot_Shootout/Long-Jump,TFRRS all_performances
"Gorlova, Victoria",Texas Tech,Big 12,Long Jump,2025,4,,,6.40,m,Big 12 Outdoor Track & Field Championships,2025-05-15,,,4.2,Outdoor,https://www.tfrrs.org/results/92590/5661306/Big_12_Outdoor_Track__Field_Championships/Long-Jump,TFRRS all_performances
"Jones, Ayanna",Texas Tech,Big 12,Long Jump,2025,2,,,5.88,m,Big 12 Outdoor Track & Field Championships,2025-05-15,,,-2.4,Outdoor,https://www.tfrrs.org/results/92590/5661306/Big_12_Outdoor_Track__Field_Championships/Long-Jump,TFRRS all_performances
"Washington, Tamiah",Texas Tech,Big 12,Long Jump,2025,2,,,5.97,m,Big 12 Outdoor Track & Field Championships,2025-05-15,,,1.1,Outdoor,https://www.tfrrs.org/results/92590/5661306/Big_12_Outdoor_Track__Field_Championships/Long-Jump,TFRRS all_performances
"Beckmon, Sophia",Illinois,Big Ten,Long Jump,2025,2,,,6.41,m,Tom Jones Invitational,2025-04-18,,,-0.3,Outdoor,https://www.tfrrs.org/results/91823/5651965/Tom_Jones_Invitational/Long-Jump,TFRRS all_performances
"Humphrey, Tacoria",Illinois,Big Ten,Long Jump,2025,4,,,6.73,m,Tom Jones Invitational,2025-04-18,,,-1.7,Outdoor,https://www.tfrrs.org/results/91823/5651965/Tom_Jones_Invitational/Long-Jump,TFRRS all_performances
"Wullschleger, Melissa",Illinois,Big Ten,Long Jump,2025,1,,,5.76,m,Fighting Illini Twilight,2025-04-26,,,1.5,Outdoor,https://www.tfrrs.org/results/90131/5599234/Fighting_Illini_Twilight/Long-Jump,TFRRS all_performances
"Beckmon, Sophia",Illinois,Big Ten,Long Jump,2025,2,,,6.33,m,Gary Wieneke Memorial,2025-05-02,,,1.1,Outdoor,https://www.tfrrs.org/results/90337/5619169/Gary_Wieneke_Memorial/Long-Jump,TFRRS all_performances
"Ndudi, Elizabeth",Illinois,Big Ten,Long Jump,2025,2,,,6.16,m,Gary Wieneke Memorial,2025-05-02,,,0.3,Outdoor,https://www.tfrrs.org/results/90337/5619169/Gary_Wieneke_Memorial/Long-Jump,TFRRS all_performances
"Beckmon, Sophia",Illinois,Big Ten,Long Jump,2025,2,,,6.16,m,Big Ten Outdoor Track & Field Championships,2025-05-16,,,0.1,Outdoor,https://www.tfrrs.org/results/92594/5664494/Big_Ten_Outdoor_Track__Field_Championships/Long-Jump,TFRRS all_performances
"Humphrey, Tacoria",Illinois,Big Ten,Long Jump,2025,4,,,6.59,m,Big Ten Outdoor Track & Field Championships,2025-05-16,,,1.0,Outdoor,https://www.tfrrs.org/results/92594/5664494/Big_Ten_Outdoor_Track__Field_Championships/Long-Jump,TFRRS all_performances
"Kienast, Lucie",Illinois,Big Ten,Long Jump,2025,1,,,5.95,m,Big Ten Outdoor Track & Field Championships,2025-05-16,,,1.0,Outdoor,https://www.tfrrs.org/results/92594/5664537/Big_Ten_Outdoor_Track__Field_Championships/Long-Jump,TFRRS all_performances
"Ndudi, Elizabeth",Illinois,Big Ten,Long Jump,2025,2,,,5.80,m,Big Ten Outdoor Track & Field Championships,2025-05-16,,,0.9,Outdoor,https://www.tfrrs.org/results/92594/5664494/Big_Ten_Outdoor_Track__Field_Championships/Long-Jump,TFRRS all_performances
"Wullschleger, Melissa",Illinois,Big Ten,Long Jump,2025,1,,,5.70,m,Big Ten Outdoor Track & Field Championships,2025-05-16,,,0.3,Outdoor,https://www.tfrrs.org/results/92594/5664537/Big_Ten_Outdoor_Track__Field_Championships/Long-Jump,TFRRS all_performances
"Beckmon, Sophia",Illinois,Big Ten,Long Jump,2025,2,,,6.56,m,NCAA Division I West First Round,2025-05-28,,,-0.2,Outdoor,https://www.tfrrs.org/results/92621/5669907/NCAA_Division_I_West_First_Round/Long-Jump,TFRRS all_performances
"Humphrey, Tacoria",Illinois,Big Ten,Long Jump,2025,4,,,6.63,m,NCAA Division I West First Round,2025-05-28,,,1.8,Outdoor,https://www.tfrrs.org/results/92621/5669907/NCAA_Division_I_West_First_Round/Long-Jump,TFRRS all_performances
"Ndudi, Elizabeth",Illinois,Big Ten,Long Jump,2025,2,,,6.33,m,NCAA Division I West First Round,2025-05-28,,,0.8,Outdoor,https://www.tfrrs.org/results/92621/5669907/NCAA_Division_I_West_First_Round/Long-Jump,TFRRS all_performances
"Beckmon, Sophia",Illinois,Big Ten,Long Jump,2025,2,,,6.49,m,NCAA Division I Outdoor Track & Field Championships,2025-06-11,,,1.9,Outdoor,https://www.tfrrs.org/results/92668/5672519/NCAA_Division_I_Outdoor_Track__Field_Championships/Long-Jump,TFRRS all_performances
"Humphrey, Tacoria",Illinois,Big Ten,Long Jump,2025,4,,,6.62,m,NCAA Division I Outdoor Track & Field Championships,2025-06-11,,,0.1,Outdoor,https://www.tfrrs.org/results/92668/5672519/NCAA_Division_I_Outdoor_Track__Field_Championships/Long-Jump,TFRRS all_performances
"Wullschleger, Melissa",Illinois,Big Ten,Long Jump,2025,1,,,5.96,m,NCAA Division I Outdoor Track & Field Championships,2025-06-11,,,-0.5,Outdoor,https://www.tfrrs.org/results/92668/5672567/NCAA_Division_I_Outdoor_Track__Field_Championships/Long-Jump,TFRRS all_performances
"Ilves, Lishanna",Nebraska,Big Ten,Long Jump,2025,4,,,5.87,m,Florida Relays,2025-04-04,,,1.7,Outdoor,https://www.tfrrs.org/results/91170/5650424/Florida_Relays/Long-Jump,TFRRS all_performances
"Williams, Velecia",Nebraska,Big Ten,Long Jump,2025,4,,,6.13,m,Florida Relays,2025-04-04,,,0.9,Outdoor,https://www.tfrrs.org/results/91170/5650424/Florida_Relays/Long-Jump,TFRRS all_performances
"Brown, Lotavia",Nebraska,Big Ten,Long Jump,2025,4,,,5.49,m,2025 Texas A&M 44 Farms Team Invitational,2025-04-11,,,0.2,Outdoor,https://www.tfrrs.org/results/87412/5537755/2025_Texas_AM_44_Farms_Team_Invitational/Long-Jump,TFRRS all_performances
"Coetzee, Timeke-Jade",Nebraska,Big Ten,Long Jump,2025,1,,,5.40,m,2025 Texas A&M 44 Farms Team Invitational,2025-04-11,,,-0.4,Outdoor,https://www.tfrrs.org/results/87412/5537755/2025_Texas_AM_44_Farms_Team_Invitational/Long-Jump,TFRRS all_performances
"Deebom, Bariborve",Nebraska,Big Ten,Long Jump,2025,2,,,5.75,m,2025 Texas A&M 44 Farms Team Invitational,2025-04-11,,,1.1,Outdoor,https://www.tfrrs.org/results/87412/5537755/2025_Texas_AM_44_Farms_Team_Invitational/Long-Jump,TFRRS all_performances
"Ilves, Lishanna",Nebraska,Big Ten,Long Jump,2025,4,,,5.94,m,2025 Texas A&M 44 Farms Team Invitational,2025-04-11,,,-0.3,Outdoor,https://www.tfrrs.org/results/87412/5537755/2025_Texas_AM_44_Farms_Team_Invitational/Long-Jump,TFRRS all_performances
"Parsons, Grace",Nebraska,Big Ten,Long Jump,2025,1,,,5.08,m,2025 Texas A&M 44 Farms Team Invitational,2025-04-11,,,1.8,Outdoor,https://www.tfrrs.org/results/87412/5554299/2025_Texas_AM_44_Farms_Team_Invitational/Long-Jump,TFRRS all_performances
"Thomas, Darby",Nebraska,Big Ten,Long Jump,2025,4,,,5.89,m,2025 Texas A&M 44 Farms Team Invitational,2025-04-11,,,-0.5,Outdoor,https://www.tfrrs.org/results/87412/5537755/2025_Texas_AM_44_Farms_Team_Invitational/Long-Jump,TFRRS all_performances
"Wanjoku, Favour",Nebraska,Big Ten,Long Jump,2025,4,,,5.76,m,2025 Texas A&M 44 Farms Team Invitational,2025-04-11,,,1.7,Outdoor,https://www.tfrrs.org/results/87412/5554299/2025_Texas_AM_44_Farms_Team_Invitational/Long-Jump,TFRRS all_performances
"Williams, Velecia",Nebraska,Big Ten,Long Jump,2025,4,,,6.07,m,2025 Texas A&M 44 Farms Team Invitational,2025-04-11,,,+0.0,Outdoor,https://www.tfrrs.org/results/87412/5537755/2025_Texas_AM_44_Farms_Team_Invitational/Long-Jump,TFRRS all_performances
"Coetzee, Timeke-Jade",Nebraska,Big Ten,Long Jump,2025,1,,,5.80,m,Michael Johnson Invitational,2025-04-18,,,3.7,Outdoor,https://www.tfrrs.org/results/88270/5572613/Michael_Johnson_Invitational/Long-Jump,TFRRS all_performances
"Deebom, Bariborve",Nebraska,Big Ten,Long Jump,2025,2,,,5.92,m,Michael Johnson Invitational,2025-04-18,,,3.0,Outdoor,https://www.tfrrs.org/results/88270/5572613/Michael_Johnson_Invitational/Long-Jump,TFRRS all_performances
"Thomas, Darby",Nebraska,Big Ten,Long Jump,2025,4,,,5.69,m,Michael Johnson Invitational,2025-04-18,,,2.1,Outdoor,https://www.tfrrs.org/results/88270/5572613/Michael_Johnson_Invitational/Long-Jump,TFRRS all_performances
"Ilves, Lishanna",Nebraska,Big Ten,Long Jump,2025,4,,,6.34,m,Drake Relays,2025-04-23,,,3.1,Outdoor,https://www.tfrrs.org/results/92096/5650912/Drake_Relays/Long-Jump,TFRRS all_performances
"Wanjoku, Favour",Nebraska,Big Ten,Long Jump,2025,4,,,5.34,m,Drake Relays,2025-04-23,,,2.2,Outdoor,https://www.tfrrs.org/results/92096/5650910/Drake_Relays/Long-Jump,TFRRS all_performances
"Coetzee, Timeke-Jade",Nebraska,Big Ten,Long Jump,2025,1,,,5.66,m,2025 Desert Heat Classic,2025-05-03,,,0.7,Outdoor,https://www.tfrrs.org/results/89575/5624842/2025_Desert_Heat_Classic_/Long-Jump,TFRRS all_performances
"Deebom, Bariborve",Nebraska,Big Ten,Long Jump,2025,2,,,5.54,m,2025 Desert Heat Classic,2025-05-03,,,3.3,Outdoor,https://www.tfrrs.org/results/89575/5624842/2025_Desert_Heat_Classic_/Long-Jump,TFRRS all_performances
"Ilves, Lishanna",Nebraska,Big Ten,Long Jump,2025,4,,,6.34,m,2025 Desert Heat Classic,2025-05-03,,,1.5,Outdoor,https://www.tfrrs.org/results/89575/5624842/2025_Desert_Heat_Classic_/Long-Jump,TFRRS all_performances
"Thomas, Darby",Nebraska,Big Ten,Long Jump,2025,4,,,6.11,m,2025 Desert Heat Classic,2025-05-03,,,1.6,Outdoor,https://www.tfrrs.org/results/89575/5624842/2025_Desert_Heat_Classic_/Long-Jump,TFRRS all_performances
"Wanjoku, Favour",Nebraska,Big Ten,Long Jump,2025,4,,,6.04,m,2025 Desert Heat Classic,2025-05-03,,,3.4,Outdoor,https://www.tfrrs.org/results/89575/5624842/2025_Desert_Heat_Classic_/Long-Jump,TFRRS all_performances
"Williams, Velecia",Nebraska,Big Ten,Long Jump,2025,4,,,6.28,m,2025 Desert Heat Classic,2025-05-03,,,2.8,Outdoor,https://www.tfrrs.org/results/89575/5624842/2025_Desert_Heat_Classic_/Long-Jump,TFRRS all_performances
"Coetzee, Timeke-Jade",Nebraska,Big Ten,Long Jump,2025,1,,,5.67,m,Ward Haylett Invitational,2025-05-09,,,0.5,Outdoor,https://www.tfrrs.org/results/87880/5641946/Ward_Haylett_Invitational/Long-Jump,TFRRS all_performances
"Deebom, Bariborve",Nebraska,Big Ten,Long Jump,2025,2,,,5.50,m,Ward Haylett Invitational,2025-05-09,,,0.4,Outdoor,https://www.tfrrs.org/results/87880/5641946/Ward_Haylett_Invitational/Long-Jump,TFRRS all_performances
"Parsons, Grace",Nebraska,Big Ten,Long Jump,2025,1,,,5.33,m,Ward Haylett Invitational,2025-05-09,,,0.3,Outdoor,https://www.tfrrs.org/results/87880/5641946/Ward_Haylett_Invitational/Long-Jump,TFRRS all_performances
"Williams, Velecia",Nebraska,Big Ten,Long Jump,2025,4,,,6.14,m,Ward Haylett Invitational,2025-05-09,,,+0.0,Outdoor,https://www.tfrrs.org/results/87880/5641946/Ward_Haylett_Invitational/Long-Jump,TFRRS all_performances
"Deebom, Bariborve",Nebraska,Big Ten,Long Jump,2025,2,,,5.69,m,Big Ten Outdoor Track & Field Championships,2025-05-16,,,+0.0,Outdoor,https://www.tfrrs.org/results/92594/5664494/Big_Ten_Outdoor_Track__Field_Championships/Long-Jump,TFRRS all_performances
"Ilves, Lishanna",Nebraska,Big Ten,Long Jump,2025,4,,,6.14,m,Big Ten Outdoor Track & Field Championships,2025-05-16,,,1.0,Outdoor,https://www.tfrrs.org/results/92594/5664494/Big_Ten_Outdoor_Track__Field_Championships/Long-Jump,TFRRS all_performances
"Parsons, Grace",Nebraska,Big Ten,Long Jump,2025,1,,,5.28,m,Big Ten Outdoor Track & Field Championships,2025-05-16,,,1.4,Outdoor,https://www.tfrrs.org/results/92594/5664537/Big_Ten_Outdoor_Track__Field_Championships/Long-Jump,TFRRS all_performances
"Thomas, Darby",Nebraska,Big Ten,Long Jump,2025,4,,,6.10,m,Big Ten Outdoor Track & Field Championships,2025-05-16,,,0.5,Outdoor,https://www.tfrrs.org/results/92594/5664494/Big_Ten_Outdoor_Track__Field_Championships/Long-Jump,TFRRS all_performances
"Wanjoku, Favour",Nebraska,Big Ten,Long Jump,2025,4,,,5.77,m,Big Ten Outdoor Track & Field Championships,2025-05-16,,,0.4,Outdoor,https://www.tfrrs.org/results/92594/5664537/Big_Ten_Outdoor_Track__Field_Championships/Long-Jump,TFRRS all_performances
"Williams, Velecia",Nebraska,Big Ten,Long Jump,2025,4,,,6.12,m,Big Ten Outdoor Track & Field Championships,2025-05-16,,,0.9,Outdoor,https://www.tfrrs.org/results/92594/5664494/Big_Ten_Outdoor_Track__Field_Championships/Long-Jump,TFRRS all_performances
"Ilves, Lishanna",Nebraska,Big Ten,Long Jump,2025,4,,,6.35,m,NCAA Division I West First Round,2025-05-28,,,1.6,Outdoor,https://www.tfrrs.org/results/92621/5669907/NCAA_Division_I_West_First_Round/Long-Jump,TFRRS all_performances
"Williams, Velecia",Nebraska,Big Ten,Long Jump,2025,4,,,6.11,m,NCAA Division I West First Round,2025-05-28,,,0.6,Outdoor,https://www.tfrrs.org/results/92621/5669907/NCAA_Division_I_West_First_Round/Long-Jump,TFRRS all_performances
"Ganashamoorthy, Hannah",Oregon,Big Ten,Long Jump,2025,3,,,5.71,m,2025 Oregon Preview,2025-03-21,,,0.1,Outdoor,https://www.tfrrs.org/results/89521/5464969/2025_Oregon_Preview/Long-Jump,TFRRS all_performances
"Ganashamoorthy, Hannah",Oregon,Big Ten,Long Jump,2025,3,,,5.86,m,Battle at the Beach,2025-04-04,,,0.5,Outdoor,https://www.tfrrs.org/results/89904/5506935/Battle_at_the_Beach/Long-Jump,TFRRS all_performances
"Atkins, Cassandra",Oregon,Big Ten,Long Jump,2025,1,,,5.75,m,2025 Oregon Team Invite,2025-04-18,,,1.4,Outdoor,https://www.tfrrs.org/results/89637/5573638/2025_Oregon_Team_Invite/Long-Jump,TFRRS all_performances
"Ganashamoorthy, Hannah",Oregon,Big Ten,Long Jump,2025,3,,,5.37,m,2025 Oregon Open,2025-04-18,,,0.3,Outdoor,https://www.tfrrs.org/results/89548/5573610/2025_Oregon_Open/Long-Jump,TFRRS all_performances
"Ganashamoorthy, Hannah",Oregon,Big Ten,Long Jump,2025,3,,,5.52,m,2025 Oregon Team Invite,2025-04-18,,,1.6,Outdoor,https://www.tfrrs.org/results/89637/5573638/2025_Oregon_Team_Invite/Long-Jump,TFRRS all_performances
"Ganashamoorthy, Hannah",Oregon,Big Ten,Long Jump,2025,3,,,6.03,m,2025 Desert Heat Classic,2025-05-03,,,3.7,Outdoor,https://www.tfrrs.org/results/89575/5624842/2025_Desert_Heat_Classic_/Long-Jump,TFRRS all_performances
"Porter, Ryann",Oregon,Big Ten,Long Jump,2025,4,,,5.98,m,2025 Desert Heat Classic,2025-05-03,,,1.1,Outdoor,https://www.tfrrs.org/results/89575/5624842/2025_Desert_Heat_Classic_/Long-Jump,TFRRS all_performances
"Williams, Annika",Oregon,Big Ten,Long Jump,2025,4,,,6.06,m,2025 Desert Heat Classic,2025-05-03,,,3.1,Outdoor,https://www.tfrrs.org/results/89575/5624842/2025_Desert_Heat_Classic_/Long-Jump,TFRRS all_performances
"Atkins, Cassandra",Oregon,Big Ten,Long Jump,2025,1,,,5.95,m,Big Ten Outdoor Track & Field Championships,2025-05-16,,,0.5,Outdoor,https://www.tfrrs.org/results/92594/5664494/Big_Ten_Outdoor_Track__Field_Championships/Long-Jump,TFRRS all_performances
"Ganashamoorthy, Hannah",Oregon,Big Ten,Long Jump,2025,3,,,5.50,m,Big Ten Outdoor Track & Field Championships,2025-05-16,,,-0.1,Outdoor,https://www.tfrrs.org/results/92594/5664494/Big_Ten_Outdoor_Track__Field_Championships/Long-Jump,TFRRS all_performances
"Porter, Ryann",Oregon,Big Ten,Long Jump,2025,4,,,5.81,m,Big Ten Outdoor Track & Field Championships,2025-05-16,,,-0.1,Outdoor,https://www.tfrrs.org/results/92594/5664494/Big_Ten_Outdoor_Track__Field_Championships/Long-Jump,TFRRS all_performances
"Williams, Annika",Oregon,Big Ten,Long Jump,2025,4,,,6.00,m,Big Ten Outdoor Track & Field Championships,2025-05-16,,,-0.1,Outdoor,https://www.tfrrs.org/results/92594/5664537/Big_Ten_Outdoor_Track__Field_Championships/Long-Jump,TFRRS all_performances
"Bush, Ahnyx",USC,Big Ten,Long Jump,2025,3,,,6.06,m,Trojan Invite,2025-03-21,,,0.3,Outdoor,https://www.tfrrs.org/results/89833/5463103/Trojan_Invite/Long-Jump,TFRRS all_performances
"Gatlin, Jada",USC,Big Ten,Long Jump,2025,2,,,5.85,m,Trojan Invite,2025-03-21,,,-0.2,Outdoor,https://www.tfrrs.org/results/89833/5463103/Trojan_Invite/Long-Jump,TFRRS all_performances
"Hope, Alyssa",USC,Big Ten,Long Jump,2025,2,,,6.03,m,Trojan Invite,2025-03-21,,,NWI,Outdoor,https://www.tfrrs.org/results/89833/5463103/Trojan_Invite/Long-Jump,TFRRS all_performances
"Lott, Falyn",USC,Big Ten,Long Jump,2025,1,,,6.23,m,Trojan Invite,2025-03-21,,,0.6,Outdoor,https://www.tfrrs.org/results/89833/5463103/Trojan_Invite/Long-Jump,TFRRS all_performances
"Reed, Lauren",USC,Big Ten,Long Jump,2025,3,,,5.87,m,Trojan Invite,2025-03-21,,,1.6,Outdoor,https://www.tfrrs.org/results/89833/5463103/Trojan_Invite/Long-Jump,TFRRS all_performances
"Smith, Grace",USC,Big Ten,Long Jump,2025,1,,,6.07,m,Trojan Invite,2025-03-21,,,0.8,Outdoor,https://www.tfrrs.org/results/89833/5463103/Trojan_Invite/Long-Jump,TFRRS all_performances
"Lewis, Avery",USC,Big Ten,Long Jump,2025,1,,,5.91,m,LSU Battle on the Bayou,2025-03-28,,,4.7,Outdoor,https://www.tfrrs.org/results/89962/5486955/LSU_Battle_on_the_Bayou/Long-Jump,TFRRS all_performances
"Lott, Falyn",USC,Big Ten,Long Jump,2025,1,,,6.04,m,LSU Battle on the Bayou,2025-03-28,,,6.4,Outdoor,https://www.tfrrs.org/results/89962/5486955/LSU_Battle_on_the_Bayou/Long-Jump,TFRRS all_performances
"Bush, Ahnyx",USC,Big Ten,Long Jump,2025,3,,,5.53,m,Battle at the Beach,2025-04-04,,,+0.0,Outdoor,https://www.tfrrs.org/results/89904/5506935/Battle_at_the_Beach/Long-Jump,TFRRS all_performances
"Hope, Alyssa",USC,Big Ten,Long Jump,2025,2,,,5.99,m,Battle at the Beach,2025-04-04,,,1.7,Outdoor,https://www.tfrrs.org/results/89904/5506935/Battle_at_the_Beach/Long-Jump,TFRRS all_performances
"Lewis, Avery",USC,Big Ten,Long Jump,2025,1,,,6.01,m,Battle at the Beach,2025-04-04,,,2.5,Outdoor,https://www.tfrrs.org/results/89904/5506935/Battle_at_the_Beach/Long-Jump,TFRRS all_performances
"Lott, Falyn",USC,Big Ten,Long Jump,2025,1,,,6.11,m,Battle at the Beach,2025-04-04,,,1.5,Outdoor,https://www.tfrrs.org/results/89904/5506935/Battle_at_the_Beach/Long-Jump,TFRRS all_performances
"Lewis, Avery",USC,Big Ten,Long Jump,2025,1,,,5.97,m,2025 Texas A&M 44 Farms Team Invitational,2025-04-11,,,0.5,Outdoor,https://www.tfrrs.org/results/87412/5537755/2025_Texas_AM_44_Farms_Team_Invitational/Long-Jump,TFRRS all_performances
"Bush, Ahnyx",USC,Big Ten,Long Jump,2025,3,,,5.60,m,65th Annual Mt. SAC Relays,2025-04-18,,,2.0,Outdoor,https://www.tfrrs.org/results/89926/5573852/65th_Annual_Mt_SAC_Relays/Long-Jump,TFRRS all_performances
"Hope, Alyssa",USC,Big Ten,Long Jump,2025,2,,,6.09,m,65th Annual Mt. SAC Relays,2025-04-18,,,1.9,Outdoor,https://www.tfrrs.org/results/89926/5573902/65th_Annual_Mt_SAC_Relays/Long-Jump,TFRRS all_performances
"Foreman, Jada",USC,Big Ten,Long Jump,2025,3,,,5.86,m,USC vs UCLA,2025-05-04,,,+0.0,Outdoor,https://www.tfrrs.org/results/89912/5626173/USC_vs_UCLA/Long-Jump,TFRRS all_performances
"Hope, Alyssa",USC,Big Ten,Long Jump,2025,2,,,5.97,m,USC vs UCLA,2025-05-04,,,+0.0,Outdoor,https://www.tfrrs.org/results/89912/5626173/USC_vs_UCLA/Long-Jump,TFRRS all_performances
"Lott, Falyn",USC,Big Ten,Long Jump,2025,1,,,5.66,m,USC vs UCLA,2025-05-04,,,+0.0,Outdoor,https://www.tfrrs.org/results/89912/5626173/USC_vs_UCLA/Long-Jump,TFRRS all_performances
"Reed, Lauren",USC,Big Ten,Long Jump,2025,3,,,5.79,m,USC vs UCLA,2025-05-04,,,0.2,Outdoor,https://www.tfrrs.org/results/89912/5626173/USC_vs_UCLA/Long-Jump,TFRRS all_performances
"Hope, Alyssa",USC,Big Ten,Long Jump,2025,2,,,6.07,m,Big Ten Outdoor Track & Field Championships,2025-05-16,,,0.8,Outdoor,https://www.tfrrs.org/results/92594/5664494/Big_Ten_Outdoor_Track__Field_Championships/Long-Jump,TFRRS all_performances
"Lewis, Avery",USC,Big Ten,Long Jump,2025,1,,,5.53,m,Big Ten Outdoor Track & Field Championships,2025-05-16,,,2.0,Outdoor,https://www.tfrrs.org/results/92594/5664494/Big_Ten_Outdoor_Track__Field_Championships/Long-Jump,TFRRS all_performances
"Lott, Falyn",USC,Big Ten,Long Jump,2025,1,,,5.72,m,Big Ten Outdoor Track & Field Championships,2025-05-16,,,-0.3,Outdoor,https://www.tfrrs.org/results/92594/5664537/Big_Ten_Outdoor_Track__Field_Championships/Long-Jump,TFRRS all_performances
"Lott, Falyn",USC,Big Ten,Long Jump,2025,1,,,6.07,m,NCAA Division I West First Round,2025-05-28,,,0.2,Outdoor,https://www.tfrrs.org/results/92621/5669907/NCAA_Division_I_West_First_Round/Long-Jump,TFRRS all_performances
"Cosculluela, Sofia",Washington,Big Ten,Long Jump,2025,1,,,6.15,m,Stanford Invitational,2025-04-04,,,0.6,Outdoor,https://www.tfrrs.org/results/89628/5515899/Stanford_Invitational/Long-Jump,TFRRS all_performances
"Washburn, Ava",Washington,Big Ten,Long Jump,2025,2,,,5.42,m,Stanford Invitational,2025-04-04,,,-0.2,Outdoor,https://www.tfrrs.org/results/89628/5515860/Stanford_Invitational/Long-Jump,TFRRS all_performances
"Cosculluela, Sofia",Washington,Big Ten,Long Jump,2025,1,,,5.93,m,65th Annual Mt. SAC Relays,2025-04-18,,,2.1,Outdoor,https://www.tfrrs.org/results/89926/5656743/65th_Annual_Mt_SAC_Relays/Long-Jump,TFRRS all_performances
"Washburn, Ava",Washington,Big Ten,Long Jump,2025,2,,,5.82,m,65th Annual Mt. SAC Relays,2025-04-18,,,2.0,Outdoor,https://www.tfrrs.org/results/89926/5573852/65th_Annual_Mt_SAC_Relays/Long-Jump,TFRRS all_performances
"Washburn, Ava",Washington,Big Ten,Long Jump,2025,2,,,5.98,m,2025 Desert Heat Classic,2025-05-03,,,1.3,Outdoor,https://www.tfrrs.org/results/89575/5624842/2025_Desert_Heat_Classic_/Long-Jump,TFRRS all_performances
"Cosculluela, Sofia",Washington,Big Ten,Long Jump,2025,1,,,5.99,m,Big Ten Outdoor Track & Field Championships,2025-05-16,,,1.5,Outdoor,https://www.tfrrs.org/results/92594/5664494/Big_Ten_Outdoor_Track__Field_Championships/Long-Jump,TFRRS all_performances
"Cosculluela, Sofia",Washington,Big Ten,Long Jump,2025,1,,,5.96,m,NCAA Division I Outdoor Track & Field Championships,2025-06-11,,,0.2,Outdoor,https://www.tfrrs.org/results/92668/5672567/NCAA_Division_I_Outdoor_Track__Field_Championships/Long-Jump,TFRRS all_performances
"Adel, Katelyn",Alabama,SEC,Long Jump,2025,1,,,5.79,m,2025 97th Clyde Littlefield Texas Relays,2025-03-26,,,-1.2,Outdoor,https://www.tfrrs.org/results/89183/5640861/2025_97th_Clyde_Littlefield_Texas_Relays/Long-Jump,TFRRS all_performances
"Harris, Caelyn",Alabama,SEC,Long Jump,2025,3,,,6.11,m,Crimson Tide Invitational,2025-04-11,,,0.1,Outdoor,https://www.tfrrs.org/results/91482/5551915/Crimson_Tide_Invitational/Long-Jump,TFRRS all_performances
"Horielova, Mariia",Alabama,SEC,Long Jump,2025,2,,,6.18,m,Crimson Tide Invitational,2025-04-11,,,0.5,Outdoor,https://www.tfrrs.org/results/91482/5551915/Crimson_Tide_Invitational/Long-Jump,TFRRS all_performances
"Ailes, Miracle",Alabama,SEC,Long Jump,2025,4,,,5.83,m,Tom Jones Invitational,2025-04-18,,,-0.7,Outdoor,https://www.tfrrs.org/results/91823/5651963/Tom_Jones_Invitational/Long-Jump,TFRRS all_performances
"Harris, Caelyn",Alabama,SEC,Long Jump,2025,3,,,5.83,m,Tom Jones Invitational,2025-04-18,,,-2.2,Outdoor,https://www.tfrrs.org/results/91823/5651963/Tom_Jones_Invitational/Long-Jump,TFRRS all_performances
"Horielova, Mariia",Alabama,SEC,Long Jump,2025,2,,,6.30,m,Tom Jones Invitational,2025-04-18,,,0.6,Outdoor,https://www.tfrrs.org/results/91823/5651963/Tom_Jones_Invitational/Long-Jump,TFRRS all_performances
"Ailes, Miracle",Alabama,SEC,Long Jump,2025,4,,,6.40,m,2025 Tiger Track Classic,2025-04-26,,,+0.0,Outdoor,https://www.tfrrs.org/results/91230/5598528/2025_Tiger_Track_Classic/Long-Jump,TFRRS all_performances
"Adel, Katelyn",Alabama,SEC,Long Jump,2025,1,,,FOUL,meters,LSU Invitational,2025-05-03,Final,,,Outdoor,https://www.tfrrs.org/athletes/9006134/Alabama/Katelyn_Adel.html,legacy_source_needs_review
"Horielova, Mariia",Alabama,SEC,Long Jump,2025,2,,,6.48,m,LSU Invitational,2025-05-03,,,2.9,Outdoor,https://www.tfrrs.org/results/89969/5621974/LSU_Invitational/Long-Jump,TFRRS all_performances
"Adel, Katelyn",Alabama,SEC,Long Jump,2025,1,,,5.90,m,SEC Outdoor Track & Field Championships,2025-05-15,,,+0.0,Outdoor,https://www.tfrrs.org/results/92589/5664596/SEC_Outdoor_Track__Field_Championships/Long-Jump,TFRRS all_performances
"Ailes, Miracle",Alabama,SEC,Long Jump,2025,4,,,5.83,m,SEC Outdoor Track & Field Championships,2025-05-15,,,-0.2,Outdoor,https://www.tfrrs.org/results/92589/5664552/SEC_Outdoor_Track__Field_Championships/Long-Jump,TFRRS all_performances
"Horielova, Mariia",Alabama,SEC,Long Jump,2025,2,,,6.37,m,SEC Outdoor Track & Field Championships,2025-05-15,,,-0.4,Outdoor,https://www.tfrrs.org/results/92589/5664552/SEC_Outdoor_Track__Field_Championships/Long-Jump,TFRRS all_performances
"Harris, Caelyn",Alabama,SEC,Long Jump,2025,3,,,FOUL,meters,NCAA Division I East First Round,2025-05-28,Preliminary,,,Outdoor,https://www.tfrrs.org/athletes/8325798/Alabama/Caelyn_Harris,legacy_source_needs_review
"Horielova, Mariia",Alabama,SEC,Long Jump,2025,2,,,6.43,m,NCAA Division I East First Round,2025-05-28,,,0.6,Outdoor,https://www.tfrrs.org/results/92620/5669379/NCAA_Division_I_East_First_Round/Long-Jump,TFRRS all_performances
"Adel, Katelyn",Alabama,SEC,Long Jump,2025,1,,,6.18,m,NCAA Division I Outdoor Track & Field Championships,2025-06-11,,,0.8,Outdoor,https://www.tfrrs.org/results/92668/5672567/NCAA_Division_I_Outdoor_Track__Field_Championships/Long-Jump,TFRRS all_performances
"Horielova, Mariia",Alabama,SEC,Long Jump,2025,2,,,6.39,m,NCAA Division I Outdoor Track & Field Championships,2025-06-11,,,1.6,Outdoor,https://www.tfrrs.org/results/92668/5672519/NCAA_Division_I_Outdoor_Track__Field_Championships/Long-Jump,TFRRS all_performances
"Banales, Alyssa",Florida,SEC,Long Jump,2025,1,,,6.20,m,Terry Long FSU Relays,2025-03-27,,,0.3,Outdoor,https://www.tfrrs.org/results/90740/5483750/Terry_Long_FSU_Relays/Long-Jump,TFRRS all_performances
"Brown, Kendall",Florida,SEC,Long Jump,2025,2,,,5.83,m,Terry Long FSU Relays,2025-03-27,,,0.9,Outdoor,https://www.tfrrs.org/results/90740/5483750/Terry_Long_FSU_Relays/Long-Jump,TFRRS all_performances
"Banales, Alyssa",Florida,SEC,Long Jump,2025,1,,,6.15,m,Florida Relays,2025-04-04,,,2.0,Outdoor,https://www.tfrrs.org/results/91170/5650424/Florida_Relays/Long-Jump,TFRRS all_performances
"Brown, Kendall",Florida,SEC,Long Jump,2025,2,,,5.63,m,Florida Relays,2025-04-04,,,-0.1,Outdoor,https://www.tfrrs.org/results/91170/5650378/Florida_Relays/Long-Jump,TFRRS all_performances
"Banales, Alyssa",Florida,SEC,Long Jump,2025,1,,,6.19,m,Tom Jones Invitational,2025-04-18,,,-2.2,Outdoor,https://www.tfrrs.org/results/91823/5651963/Tom_Jones_Invitational/Long-Jump,TFRRS all_performances
"Brown, Kendall",Florida,SEC,Long Jump,2025,2,,,5.69,m,Tom Jones Invitational,2025-04-18,,,-0.7,Outdoor,https://www.tfrrs.org/results/91823/5651963/Tom_Jones_Invitational/Long-Jump,TFRRS all_performances
"Charlton, Anthaya",Florida,SEC,Long Jump,2025,3,,,6.82,m,Tom Jones Invitational,2025-04-18,,,0.6,Outdoor,https://www.tfrrs.org/results/91823/5651965/Tom_Jones_Invitational/Long-Jump,TFRRS all_performances
"Banales, Alyssa",Florida,SEC,Long Jump,2025,1,,,6.08,m,SEC Outdoor Track & Field Championships,2025-05-15,,,-1.8,Outdoor,https://www.tfrrs.org/results/92589/5664552/SEC_Outdoor_Track__Field_Championships/Long-Jump,TFRRS all_performances
"Charlton, Anthaya",Florida,SEC,Long Jump,2025,3,,,6.47,m,SEC Outdoor Track & Field Championships,2025-05-15,,,-2.9,Outdoor,https://www.tfrrs.org/results/92589/5664552/SEC_Outdoor_Track__Field_Championships/Long-Jump,TFRRS all_performances
"Banales, Alyssa",Florida,SEC,Long Jump,2025,1,,,6.41,m,NCAA Division I East First Round,2025-05-28,,,0.2,Outdoor,https://www.tfrrs.org/results/92620/5669379/NCAA_Division_I_East_First_Round/Long-Jump,TFRRS all_performances
"Charlton, Anthaya",Florida,SEC,Long Jump,2025,3,,,6.52,m,NCAA Division I East First Round,2025-05-28,,,-1.2,Outdoor,https://www.tfrrs.org/results/92620/5669379/NCAA_Division_I_East_First_Round/Long-Jump,TFRRS all_performances
"Banales, Alyssa",Florida,SEC,Long Jump,2025,1,,,6.10,m,NCAA Division I Outdoor Track & Field Championships,2025-06-11,,,0.3,Outdoor,https://www.tfrrs.org/results/92668/5672519/NCAA_Division_I_Outdoor_Track__Field_Championships/Long-Jump,TFRRS all_performances
"Charlton, Anthaya",Florida,SEC,Long Jump,2025,3,,,6.58,m,NCAA Division I Outdoor Track & Field Championships,2025-06-11,,,1.8,Outdoor,https://www.tfrrs.org/results/92668/5672519/NCAA_Division_I_Outdoor_Track__Field_Championships/Long-Jump,TFRRS all_performances
"Birden, Toni",Georgia,SEC,Long Jump,2025,4,,,6.04,m,UCF Black & Gold Challenge,2025-03-21,,,1.6,Outdoor,https://www.tfrrs.org/results/87054/5462811/UCF_Black__Gold_Challenge/Long-Jump,TFRRS all_performances
"Gordon, Alisa",Georgia,SEC,Long Jump,2025,1,,,6.05,m,UCF Black & Gold Challenge,2025-03-21,,,0.9,Outdoor,https://www.tfrrs.org/results/87054/5462811/UCF_Black__Gold_Challenge/Long-Jump,TFRRS all_performances
"Nembhard, Danah",Georgia,SEC,Long Jump,2025,1,,,5.64,m,UCF Black & Gold Challenge,2025-03-21,,,3.1,Outdoor,https://www.tfrrs.org/results/87054/5462811/UCF_Black__Gold_Challenge/Long-Jump,TFRRS all_performances
"Townsend, Skylynn",Georgia,SEC,Long Jump,2025,1,,,6.02,m,UCF Black & Gold Challenge,2025-03-21,,,2.6,Outdoor,https://www.tfrrs.org/results/87054/5462811/UCF_Black__Gold_Challenge/Long-Jump,TFRRS all_performances
"Nembhard, Danah",Georgia,SEC,Long Jump,2025,1,,,5.95,m,Florida Relays,2025-04-04,,,0.6,Outdoor,https://www.tfrrs.org/results/91170/5650378/Florida_Relays/Long-Jump,TFRRS all_performances
"Townsend, Skylynn",Georgia,SEC,Long Jump,2025,1,,,6.07,m,Florida Relays,2025-04-04,,,0.6,Outdoor,https://www.tfrrs.org/results/91170/5650424/Florida_Relays/Long-Jump,TFRRS all_performances
"Rush, Ella",Georgia,SEC,Long Jump,2025,3,,,5.73,m,2025 Texas A&M 44 Farms Team Invitational,2025-04-11,,,3.1,Outdoor,https://www.tfrrs.org/results/87412/5554299/2025_Texas_AM_44_Farms_Team_Invitational/Long-Jump,TFRRS all_performances
"Birden, Toni",Georgia,SEC,Long Jump,2025,4,,,5.81,m,Tom Jones Invitational,2025-04-18,,,-0.4,Outdoor,https://www.tfrrs.org/results/91823/5651963/Tom_Jones_Invitational/Long-Jump,TFRRS all_performances
"Birden, Toni",Georgia,SEC,Long Jump,2025,4,,,5.97,m,2025 Tiger Track Classic,2025-04-26,,,+0.0,Outdoor,https://www.tfrrs.org/results/91230/5598528/2025_Tiger_Track_Classic/Long-Jump,TFRRS all_performances
"Rush, Ella",Georgia,SEC,Long Jump,2025,3,,,5.93,m,2025 Tiger Track Classic,2025-04-26,,,+0.0,Outdoor,https://www.tfrrs.org/results/91230/5598528/2025_Tiger_Track_Classic/Long-Jump,TFRRS all_performances
"Birden, Toni",Georgia,SEC,Long Jump,2025,4,,,5.97,m,SEC Outdoor Track & Field Championships,2025-05-15,,,-0.7,Outdoor,https://www.tfrrs.org/results/92589/5664552/SEC_Outdoor_Track__Field_Championships/Long-Jump,TFRRS all_performances
"Nembhard, Danah",Georgia,SEC,Long Jump,2025,1,,,5.61,m,SEC Outdoor Track & Field Championships,2025-05-15,,,-2.1,Outdoor,https://www.tfrrs.org/results/92589/5664552/SEC_Outdoor_Track__Field_Championships/Long-Jump,TFRRS all_performances
"Rush, Ella",Georgia,SEC,Long Jump,2025,3,,,6.08,m,SEC Outdoor Track & Field Championships,2025-05-15,,,-1.2,Outdoor,https://www.tfrrs.org/results/92589/5664596/SEC_Outdoor_Track__Field_Championships/Long-Jump,TFRRS all_performances
"Adams, Aliyah",Kentucky,SEC,Long Jump,2025,3,,,5.34,m,UCF Black & Gold Challenge,2025-03-21,,,1.6,Outdoor,https://www.tfrrs.org/results/87054/5462811/UCF_Black__Gold_Challenge/Long-Jump,TFRRS all_performances
"Davis, Morgan",Kentucky,SEC,Long Jump,2025,2,,,6.00,m,UCF Black & Gold Challenge,2025-03-21,,,0.8,Outdoor,https://www.tfrrs.org/results/87054/5462811/UCF_Black__Gold_Challenge/Long-Jump,TFRRS all_performances
"Galloway, Sophie",Kentucky,SEC,Long Jump,2025,3,,,5.50,m,UCF Black & Gold Challenge,2025-03-21,,,1.6,Outdoor,https://www.tfrrs.org/results/87054/5462811/UCF_Black__Gold_Challenge/Long-Jump,TFRRS all_performances
"Davis, Morgan",Kentucky,SEC,Long Jump,2025,2,,,5.82,m,2025 97th Clyde Littlefield Texas Relays,2025-03-26,,,-0.5,Outdoor,https://www.tfrrs.org/results/89183/5483917/2025_97th_Clyde_Littlefield_Texas_Relays/Long-Jump,TFRRS all_performances
"Adams, Aliyah",Kentucky,SEC,Long Jump,2025,3,,,5.56,m,2025 Jim Click Shootout & Multis,2025-04-04,,,1.7,Outdoor,https://www.tfrrs.org/results/89574/5511363/_2025_Jim_Click_Shootout__Multis/Long-Jump,TFRRS all_performances
"Davis, Morgan",Kentucky,SEC,Long Jump,2025,2,,,5.88,m,2025 Jim Click Shootout & Multis,2025-04-04,,,+0.0,Outdoor,https://www.tfrrs.org/results/89574/5511363/_2025_Jim_Click_Shootout__Multis/Long-Jump,TFRRS all_performances
"Gunnell, Julia",Kentucky,SEC,Long Jump,2025,2,,,5.14,m,2025 Jim Click Shootout & Multis,2025-04-04,,,-0.3,Outdoor,https://www.tfrrs.org/results/89574/5511336/_2025_Jim_Click_Shootout__Multis/Long-Jump,TFRRS all_performances
"Davis, Morgan",Kentucky,SEC,Long Jump,2025,2,,,6.39,m,Jim Green Invitational,2025-05-02,,,-1.6,Outdoor,https://www.tfrrs.org/results/92296/5630346/Jim_Green_Invitational/Long-Jump,TFRRS all_performances
"Davis, Morgan",Kentucky,SEC,Long Jump,2025,2,,,5.93,m,SEC Outdoor Track & Field Championships,2025-05-15,,,-1.7,Outdoor,https://www.tfrrs.org/results/92589/5664552/SEC_Outdoor_Track__Field_Championships/Long-Jump,TFRRS all_performances
"Gunnell, Julia",Kentucky,SEC,Long Jump,2025,2,,,5.55,m,SEC Outdoor Track & Field Championships,2025-05-15,,,-1.8,Outdoor,https://www.tfrrs.org/results/92589/5664596/SEC_Outdoor_Track__Field_Championships/Long-Jump,TFRRS all_performances
"Davis, Morgan",Kentucky,SEC,Long Jump,2025,2,,,6.10,m,NCAA Division I East First Round,2025-05-28,,,-0.3,Outdoor,https://www.tfrrs.org/results/92620/5669379/NCAA_Division_I_East_First_Round/Long-Jump,TFRRS all_performances
"Childress, Madison",South Carolina,SEC,Long Jump,2025,2,,,5.51,m,Weems Baskin Invitational 2025,2025-03-22,,,1.3,Outdoor,https://www.tfrrs.org/results/89580/5463385/Weems_Baskin_Invitational_2025/Long-Jump,TFRRS all_performances
"Gist, Cameran",South Carolina,SEC,Long Jump,2025,1,,,5.83,m,Weems Baskin Invitational 2025,2025-03-22,,,1.9,Outdoor,https://www.tfrrs.org/results/89580/5463385/Weems_Baskin_Invitational_2025/Long-Jump,TFRRS all_performances
"Kinard, Maliya",South Carolina,SEC,Long Jump,2025,1,,,5.68,m,Weems Baskin Invitational 2025,2025-03-22,,,0.9,Outdoor,https://www.tfrrs.org/results/89580/5463385/Weems_Baskin_Invitational_2025/Long-Jump,TFRRS all_performances
"Tidwell, Maleah",South Carolina,SEC,Long Jump,2025,2,,,5.32,m,Weems Baskin Invitational 2025,2025-03-22,,,2.4,Outdoor,https://www.tfrrs.org/results/89580/5463385/Weems_Baskin_Invitational_2025/Long-Jump,TFRRS all_performances
"Childress, Madison",South Carolina,SEC,Long Jump,2025,2,,,5.29,m,Gamecock Invite 2025,2025-04-12,,,+0.0,Outdoor,https://www.tfrrs.org/results/89590/5541101/Gamecock_Invite_2025/Long-Jump,TFRRS all_performances
"Gist, Cameran",South Carolina,SEC,Long Jump,2025,1,,,6.08,m,Gamecock Invite 2025,2025-04-12,,,1.2,Outdoor,https://www.tfrrs.org/results/89590/5541101/Gamecock_Invite_2025/Long-Jump,TFRRS all_performances
"Kinard, Maliya",South Carolina,SEC,Long Jump,2025,1,,,6.04,m,Gamecock Invite 2025,2025-04-12,,,1.6,Outdoor,https://www.tfrrs.org/results/89590/5541101/Gamecock_Invite_2025/Long-Jump,TFRRS all_performances
"Gist, Cameran",South Carolina,SEC,Long Jump,2025,1,,,6.11,m,Michael Johnson Invitational,2025-04-18,,,1.6,Outdoor,https://www.tfrrs.org/results/88270/5572613/Michael_Johnson_Invitational/Long-Jump,TFRRS all_performances
"Childress, Madison",South Carolina,SEC,Long Jump,2025,2,,,5.91,m,2025 Charlotte Invitational,2025-04-25,,,-1.5,Outdoor,https://www.tfrrs.org/results/90756/5605918/2025_Charlotte_Invitational/Long-Jump,TFRRS all_performances
"Kinard, Maliya",South Carolina,SEC,Long Jump,2025,1,,,5.97,m,2025 Charlotte Invitational,2025-04-25,,,0.4,Outdoor,https://www.tfrrs.org/results/90756/5605918/2025_Charlotte_Invitational/Long-Jump,TFRRS all_performances
"Childress, Madison",South Carolina,SEC,Long Jump,2025,2,,,5.95,m,East Coast Relays,2025-05-02,,,0.5,Outdoor,https://www.tfrrs.org/results/87164/5621803/East_Coast_Relays/Long-Jump,TFRRS all_performances
"Kinard, Maliya",South Carolina,SEC,Long Jump,2025,1,,,5.85,m,East Coast Relays,2025-05-02,,,1.6,Outdoor,https://www.tfrrs.org/results/87164/5621803/East_Coast_Relays/Long-Jump,TFRRS all_performances
"Childress, Madison",South Carolina,SEC,Long Jump,2025,2,,,5.85,m,SEC Outdoor Track & Field Championships,2025-05-15,,,+0.0,Outdoor,https://www.tfrrs.org/results/92589/5664552/SEC_Outdoor_Track__Field_Championships/Long-Jump,TFRRS all_performances
"Gist, Cameran",South Carolina,SEC,Long Jump,2025,1,,,5.66,m,SEC Outdoor Track & Field Championships,2025-05-15,,,-2.8,Outdoor,https://www.tfrrs.org/results/92589/5664552/SEC_Outdoor_Track__Field_Championships/Long-Jump,TFRRS all_performances
"Kinard, Maliya",South Carolina,SEC,Long Jump,2025,1,,,5.60,m,SEC Outdoor Track & Field Championships,2025-05-15,,,-2.1,Outdoor,https://www.tfrrs.org/results/92589/5664552/SEC_Outdoor_Track__Field_Championships/Long-Jump,TFRRS all_performances
"Fortuna, Emma",Clemson,ACC,Long Jump,2026,3,,,5.15,m,UCF Black & Gold Challenge,2026-03-20,,,2.4,Outdoor,https://www.tfrrs.org/results/92770/5856930/UCF_Black__Gold_Challenge/Long-Jump,TFRRS all_performances
"Spoor, Danya",Clemson,ACC,Long Jump,2026,1,,,5.26,m,UCF Black & Gold Challenge,2026-03-20,,,5.3,Outdoor,https://www.tfrrs.org/results/92770/5856930/UCF_Black__Gold_Challenge/Long-Jump,TFRRS all_performances
"Stapleton, Tia",Clemson,ACC,Long Jump,2026,3,,,5.96,m,UCF Black & Gold Challenge,2026-03-20,,,2.0,Outdoor,https://www.tfrrs.org/results/92770/5856930/UCF_Black__Gold_Challenge/Long-Jump,TFRRS all_performances
"Fortuna, Emma",Clemson,ACC,Long Jump,2026,3,,,5.10,m,Emory Thrills in the Hills 2026,2026-03-26,,,+0.0,Outdoor,https://www.tfrrs.org/results/93861/5903365/Emory_Thrills_in_the_Hills_2026/Long-Jump,TFRRS all_performances
"Spoor, Danya",Clemson,ACC,Long Jump,2026,1,,,4.85,m,Emory Thrills in the Hills 2026,2026-03-26,,,+0.0,Outdoor,https://www.tfrrs.org/results/93861/5903365/Emory_Thrills_in_the_Hills_2026/Long-Jump,TFRRS all_performances
"Stapleton, Tia",Clemson,ACC,Long Jump,2026,3,,,5.94,m,2026 98th Clyde Littlefield Texas Relays (Univ/College),2026-04-01,,,3.3,Outdoor,https://www.tfrrs.org/results/94985/5911824/2026_98th_Clyde_Littlefield_Texas_Relays_Univ_College/Long-Jump,TFRRS all_performances
"Webb, Aiya",Clemson,ACC,Long Jump,2026,1,,,5.99,m,2026 98th Clyde Littlefield Texas Relays (Univ/College),2026-04-01,,,2.0,Outdoor,https://www.tfrrs.org/results/94985/5911835/2026_98th_Clyde_Littlefield_Texas_Relays_Univ_College/Long-Jump,TFRRS all_performances
"Foreman, Shantae",Clemson,ACC,Long Jump,2026,4,,,4.08,m,Tom Jones Memorial,2026-04-16,,,2.0,Outdoor,https://www.tfrrs.org/results/96536/5940591/Tom_Jones_Memorial/Long-Jump,TFRRS all_performances
"Fortuna, Emma",Clemson,ACC,Long Jump,2026,3,,,4.80,m,Tom Jones Memorial,2026-04-16,,,0.8,Outdoor,https://www.tfrrs.org/results/96536/5940621/Tom_Jones_Memorial/Long-Jump,TFRRS all_performances
"Spoor, Danya",Clemson,ACC,Long Jump,2026,1,,,5.10,m,Tom Jones Memorial,2026-04-16,,,2.9,Outdoor,https://www.tfrrs.org/results/96536/5940621/Tom_Jones_Memorial/Long-Jump,TFRRS all_performances
"Stapleton, Tia",Clemson,ACC,Long Jump,2026,3,,,5.81,m,Tom Jones Memorial,2026-04-16,,,+0.0,Outdoor,https://www.tfrrs.org/results/96536/5940591/Tom_Jones_Memorial/Long-Jump,TFRRS all_performances
"Stapleton, Tia",Clemson,ACC,Long Jump,2026,3,,,5.67,m,Penn Relays,2026-04-23,,,-0.7,Outdoor,https://www.tfrrs.org/results/96652/5961356/Penn_Relays/Long-Jump,TFRRS all_performances
"Webb, Aiya",Clemson,ACC,Long Jump,2026,1,,,5.53,m,Penn Relays,2026-04-23,,,1.3,Outdoor,https://www.tfrrs.org/results/96652/5961351/Penn_Relays/Long-Jump,TFRRS all_performances
"Foreman, Shantae",Clemson,ACC,Long Jump,2026,4,,,5.76,m,Duke Twilight,2026-05-03,,,0.3,Outdoor,https://www.tfrrs.org/results/94718/5980833/Duke_Twilight/Long-Jump,TFRRS all_performances
"Spoor, Danya",Clemson,ACC,Long Jump,2026,1,,,4.75,m,Duke Twilight,2026-05-03,,,-1.0,Outdoor,https://www.tfrrs.org/results/94718/5980833/Duke_Twilight/Long-Jump,TFRRS all_performances
"Stapleton, Tia",Clemson,ACC,Long Jump,2026,3,,,5.91,m,Duke Twilight,2026-05-03,,,2.7,Outdoor,https://www.tfrrs.org/results/94718/5980833/Duke_Twilight/Long-Jump,TFRRS all_performances
"Webb, Aiya",Clemson,ACC,Long Jump,2026,1,,,5.89,m,Duke Twilight,2026-05-03,,,-0.4,Outdoor,https://www.tfrrs.org/results/94718/5980833/Duke_Twilight/Long-Jump,TFRRS all_performances
"Foreman, Shantae",Clemson,ACC,Long Jump,2026,4,,,6.59,m,2026 ACC Outdoor Track & Field Championships,2026-05-14,,,2.1,Outdoor,https://www.tfrrs.org/results/95975/5999300/2026_ACC_Outdoor_Track__Field_Championships/Long-Jump,TFRRS all_performances
"Spoor, Danya",Clemson,ACC,Long Jump,2026,1,,,5.32,m,2026 ACC Outdoor Track & Field Championships,2026-05-14,,,2.7,Outdoor,https://www.tfrrs.org/results/95975/5999335/2026_ACC_Outdoor_Track__Field_Championships/Long-Jump,TFRRS all_performances
"Stapleton, Tia",Clemson,ACC,Long Jump,2026,3,,,5.93,m,2026 ACC Outdoor Track & Field Championships,2026-05-14,,,3.6,Outdoor,https://www.tfrrs.org/results/95975/5999300/2026_ACC_Outdoor_Track__Field_Championships/Long-Jump,TFRRS all_performances
"Webb, Aiya",Clemson,ACC,Long Jump,2026,1,,,5.66,m,2026 ACC Outdoor Track & Field Championships,2026-05-14,,,1.1,Outdoor,https://www.tfrrs.org/results/95975/5999300/2026_ACC_Outdoor_Track__Field_Championships/Long-Jump,TFRRS all_performances
"Foreman, Shantae",Clemson,ACC,Long Jump,2026,4,,,6.47,m,NCAA Division I East First Rounds,2026-05-27,,,-0.5,Outdoor,https://www.tfrrs.org/results/96716/6004550/NCAA_Division_I_East_First_Rounds/Long-Jump,TFRRS all_performances
"Foreman, Shantae",Clemson,ACC,Long Jump,2026,4,,,6.69,m,NCAA Division I Outdoor Track & Field Championships,2026-06-10,,,0.2,Outdoor,https://www.tfrrs.org/results/96875/6005690/NCAA_Division_I_Outdoor_Track__Field_Championships/Long-Jump,TFRRS all_performances
"Heddens, Elise",Duke,ACC,Long Jump,2026,4,,,5.37,m,Bob Davidson Team Challenge presented by Norris Woody,2026-03-20,,,1.0,Outdoor,https://www.tfrrs.org/results/94247/5860338/Bob_Davidson_Team_Challenge_presented_by_Norris_Woody/Long-Jump,TFRRS all_performances
"Hughes, Olivia",Duke,ACC,Long Jump,2026,2,,,5.42,m,Bob Davidson Team Challenge presented by Norris Woody,2026-03-20,,,0.6,Outdoor,https://www.tfrrs.org/results/94247/5860338/Bob_Davidson_Team_Challenge_presented_by_Norris_Woody/Long-Jump,TFRRS all_performances
"Locci, Gianna",Duke,ACC,Long Jump,2026,4,,,6.22,m,Bob Davidson Team Challenge presented by Norris Woody,2026-03-20,,,0.4,Outdoor,https://www.tfrrs.org/results/94247/5860338/Bob_Davidson_Team_Challenge_presented_by_Norris_Woody/Long-Jump,TFRRS all_performances
"Locci, Gianna",Duke,ACC,Long Jump,2026,4,,,6.20,m,Raleigh Relays,2026-03-26,,,3.6,Outdoor,https://www.tfrrs.org/results/94354/5877094/Raleigh_Relays/Long-Jump,TFRRS all_performances
"Heddens, Elise",Duke,ACC,Long Jump,2026,4,,,5.43,m,Duke Invitational,2026-04-10,,,-0.4,Outdoor,https://www.tfrrs.org/results/94715/5980728/Duke_Invitational/Long-Jump,TFRRS all_performances
"Hughes, Olivia",Duke,ACC,Long Jump,2026,2,,,5.41,m,Duke Invitational,2026-04-10,,,0.2,Outdoor,https://www.tfrrs.org/results/94715/5980728/Duke_Invitational/Long-Jump,TFRRS all_performances
"Locci, Gianna",Duke,ACC,Long Jump,2026,4,,,6.25,m,Duke Invitational,2026-04-10,,,1.3,Outdoor,https://www.tfrrs.org/results/94715/5980705/Duke_Invitational/Long-Jump,TFRRS all_performances
"Scott, Rhianna",Duke,ACC,Long Jump,2026,1,,,5.34,m,Duke Invitational,2026-04-10,,,-0.1,Outdoor,https://www.tfrrs.org/results/94715/5980705/Duke_Invitational/Long-Jump,TFRRS all_performances
"Locci, Gianna",Duke,ACC,Long Jump,2026,4,,,6.22,m,Tom Jones Memorial,2026-04-16,,,2.4,Outdoor,https://www.tfrrs.org/results/96536/5940591/Tom_Jones_Memorial/Long-Jump,TFRRS all_performances
"Scott, Rhianna",Duke,ACC,Long Jump,2026,1,,,5.43,m,Wake Forest Invitational,2026-04-16,,,0.7,Outdoor,https://www.tfrrs.org/results/92801/5980995/Wake_Forest_Invitational/Long-Jump,TFRRS all_performances
"Heddens, Elise",Duke,ACC,Long Jump,2026,4,,,5.20,m,Duke Twilight,2026-05-03,,,0.5,Outdoor,https://www.tfrrs.org/results/94718/5980833/Duke_Twilight/Long-Jump,TFRRS all_performances
"Locci, Gianna",Duke,ACC,Long Jump,2026,4,,,6.11,m,Duke Twilight,2026-05-03,,,0.5,Outdoor,https://www.tfrrs.org/results/94718/5980833/Duke_Twilight/Long-Jump,TFRRS all_performances
"Scott, Rhianna",Duke,ACC,Long Jump,2026,1,,,5.31,m,Duke Twilight,2026-05-03,,,-0.8,Outdoor,https://www.tfrrs.org/results/94718/5980833/Duke_Twilight/Long-Jump,TFRRS all_performances
"Heddens, Elise",Duke,ACC,Long Jump,2026,4,,,5.47,m,2026 ACC Outdoor Track & Field Championships,2026-05-14,,,1.3,Outdoor,https://www.tfrrs.org/results/95975/5999335/2026_ACC_Outdoor_Track__Field_Championships/Long-Jump,TFRRS all_performances
"Hughes, Olivia",Duke,ACC,Long Jump,2026,2,,,5.54,m,2026 ACC Outdoor Track & Field Championships,2026-05-14,,,1.6,Outdoor,https://www.tfrrs.org/results/95975/5999335/2026_ACC_Outdoor_Track__Field_Championships/Long-Jump,TFRRS all_performances
"Jirak, Valerie",Duke,ACC,Long Jump,2026,2,,,5.82,m,2026 ACC Outdoor Track & Field Championships,2026-05-14,,,2.5,Outdoor,https://www.tfrrs.org/results/95975/5999335/2026_ACC_Outdoor_Track__Field_Championships/Long-Jump,TFRRS all_performances
"Locci, Gianna",Duke,ACC,Long Jump,2026,4,,,6.38,m,2026 ACC Outdoor Track & Field Championships,2026-05-14,,,0.9,Outdoor,https://www.tfrrs.org/results/95975/5999300/2026_ACC_Outdoor_Track__Field_Championships/Long-Jump,TFRRS all_performances
"Locci, Gianna",Duke,ACC,Long Jump,2026,4,,,6.03,m,NCAA Division I East First Rounds,2026-05-27,,,-0.4,Outdoor,https://www.tfrrs.org/results/96716/6004550/NCAA_Division_I_East_First_Rounds/Long-Jump,TFRRS all_performances
"Peoples, Me'Yauney",Florida State,ACC,Long Jump,2026,2,,,6.03,m,Terry Long Florida State Relays,2026-03-20,,,,Outdoor,https://www.tfrrs.org/all_performances/FL_college_f_Florida_State.html?list_hnd=5771&season_hnd=730,legacy_source_needs_review
"Jones, Azharia",Florida State,ACC,Long Jump,2026,2,,,5.65,m,Terry Long Florida State Relays,2026-03-26,,,-0.4,Outdoor,https://www.tfrrs.org/results/96024/5869198/Terry_Long_Florida_State_Relays/Long-Jump,TFRRS all_performances
"Peoples, Me'Yauney",Florida State,ACC,Long Jump,2026,2,,,6.03,m,Terry Long Florida State Relays,2026-03-26,,,1.3,Outdoor,https://www.tfrrs.org/results/96024/5869198/Terry_Long_Florida_State_Relays/Long-Jump,TFRRS all_performances
"Jones, Azharia",Florida State,ACC,Long Jump,2026,2,,,5.32,m,2026 Pepsi Florida Relays,2026-04-03,,,NWI,Outdoor,https://www.tfrrs.org/results/95329/6002585/2026_Pepsi_Florida_Relays/Long-Jump,TFRRS all_performances
"Soremi, Oluwadara",Florida State,ACC,Long Jump,2026,2,,,5.98,m,2026 Pepsi Florida Relays,2026-04-03,,,1.7,Outdoor,https://www.tfrrs.org/results/95329/6002585/2026_Pepsi_Florida_Relays/Long-Jump,TFRRS all_performances
"Jones, Azharia",Florida State,ACC,Long Jump,2026,2,,,5.52,m,Dick Roberts Seminole Invitational,2026-04-10,,,+0.0,Outdoor,https://www.tfrrs.org/results/95245/5917423/Dick_Roberts_Seminole_Invitational/Long-Jump,TFRRS all_performances
"Peoples, Me'Yauney",Florida State,ACC,Long Jump,2026,2,,,5.70,m,Dick Roberts Seminole Invitational,2026-04-10,,,-0.4,Outdoor,https://www.tfrrs.org/results/95245/5917423/Dick_Roberts_Seminole_Invitational/Long-Jump,TFRRS all_performances
"Jones, Azharia",Florida State,ACC,Long Jump,2026,2,,,3.29,m,Tom Jones Memorial,2026-04-16,,,1.0,Outdoor,https://www.tfrrs.org/results/96536/5940591/Tom_Jones_Memorial/Long-Jump,TFRRS all_performances
"Soremi, Oluwadara",Florida State,ACC,Long Jump,2026,2,,,5.55,m,Tom Jones Memorial,2026-04-16,,,0.9,Outdoor,https://www.tfrrs.org/results/96536/5940591/Tom_Jones_Memorial/Long-Jump,TFRRS all_performances
"Jones, Azharia",Florida State,ACC,Long Jump,2026,2,,,5.56,m,LSU Invitational,2026-05-02,,,3.2,Outdoor,https://www.tfrrs.org/results/93388/5979428/LSU_Invitational/Long-Jump,TFRRS all_performances
"Peoples, Me'Yauney",Florida State,ACC,Long Jump,2026,2,,,5.55,m,LSU Invitational,2026-05-02,,,2.8,Outdoor,https://www.tfrrs.org/results/93388/5979428/LSU_Invitational/Long-Jump,TFRRS all_performances
"Soremi, Oluwadara",Florida State,ACC,Long Jump,2026,2,,,5.71,m,LSU Invitational,2026-05-02,,,5.3,Outdoor,https://www.tfrrs.org/results/93388/5979428/LSU_Invitational/Long-Jump,TFRRS all_performances
"Peoples, Me'Yauney",Florida State,ACC,Long Jump,2026,2,,,5.62,m,2026 ACC Outdoor Track & Field Championships,2026-05-14,,,0.6,Outdoor,https://www.tfrrs.org/results/95975/5999300/2026_ACC_Outdoor_Track__Field_Championships/Long-Jump,TFRRS all_performances
"Soremi, Oluwadara",Florida State,ACC,Long Jump,2026,2,,,6.08,m,2026 ACC Outdoor Track & Field Championships,2026-05-14,,,2.2,Outdoor,https://www.tfrrs.org/results/95975/5999300/2026_ACC_Outdoor_Track__Field_Championships/Long-Jump,TFRRS all_performances
"Guerrero, Ariana",Stanford,ACC,Long Jump,2026,2,,,5.96,m,Stanford Invitational,2026-04-03,,,1.0,Outdoor,https://www.tfrrs.org/results/95354/5900582/Stanford_Invitational/Long-Jump,TFRRS all_performances
"Jones, Alyssa",Stanford,ACC,Long Jump,2026,4,,,6.83,m,Stanford Invitational,2026-04-03,,,2.4,Outdoor,https://www.tfrrs.org/results/95354/5900627/Stanford_Invitational/Long-Jump,TFRRS all_performances
"Littlewood, Catherine",Stanford,ACC,Long Jump,2026,2,,,5.22,m,Stanford Invitational,2026-04-03,,,1.0,Outdoor,https://www.tfrrs.org/results/95354/5900582/Stanford_Invitational/Long-Jump,TFRRS all_performances
"Oakes, Alaysia",Stanford,ACC,Long Jump,2026,4,,,5.99,m,Stanford Invitational,2026-04-03,,,1.0,Outdoor,https://www.tfrrs.org/results/95354/5900627/Stanford_Invitational/Long-Jump,TFRRS all_performances
"Cooper, Elena",Stanford,ACC,Long Jump,2026,1,,,5.99,m,The 131st Big Meet,2026-04-11,,,1.5,Outdoor,https://www.tfrrs.org/results/95706/5929114/The_131st_Big_Meet/Long-Jump,TFRRS all_performances
"Ennin, Samantha",Stanford,ACC,Long Jump,2026,1,,,6.11,m,The 131st Big Meet,2026-04-11,,,3.6,Outdoor,https://www.tfrrs.org/results/95706/5929114/The_131st_Big_Meet/Long-Jump,TFRRS all_performances
"Oakes, Alaysia",Stanford,ACC,Long Jump,2026,4,,,5.99,m,The 131st Big Meet,2026-04-11,,,1.9,Outdoor,https://www.tfrrs.org/results/95706/5929114/The_131st_Big_Meet/Long-Jump,TFRRS all_performances
"Cooper, Elena",Stanford,ACC,Long Jump,2026,1,,,5.84,m,66th Annual Mt. SAC Relays,2026-04-15,,,+0.0,Outdoor,https://www.tfrrs.org/results/95455/5966569/66th_Annual_Mt_SAC_Relays/Long-Jump,TFRRS all_performances
"Ennin, Samantha",Stanford,ACC,Long Jump,2026,1,,,5.93,m,66th Annual Mt. SAC Relays,2026-04-15,,,0.9,Outdoor,https://www.tfrrs.org/results/95455/5966569/66th_Annual_Mt_SAC_Relays/Long-Jump,TFRRS all_performances
"Guerrero, Ariana",Stanford,ACC,Long Jump,2026,2,,,5.32,m,66th Annual Mt. SAC Relays,2026-04-15,,,0.1,Outdoor,https://www.tfrrs.org/results/95455/5966569/66th_Annual_Mt_SAC_Relays/Long-Jump,TFRRS all_performances
"Jones, Alyssa",Stanford,ACC,Long Jump,2026,4,,,6.60,m,66th Annual Mt. SAC Relays,2026-04-15,,,3.2,Outdoor,https://www.tfrrs.org/results/95455/5966569/66th_Annual_Mt_SAC_Relays/Long-Jump,TFRRS all_performances
"Oakes, Alaysia",Stanford,ACC,Long Jump,2026,4,,,5.63,m,66th Annual Mt. SAC Relays,2026-04-15,,,1.2,Outdoor,https://www.tfrrs.org/results/95455/5966569/66th_Annual_Mt_SAC_Relays/Long-Jump,TFRRS all_performances
"Ennin, Samantha",Stanford,ACC,Long Jump,2026,1,,,5.98,m,Penn Relays,2026-04-23,,,2.1,Outdoor,https://www.tfrrs.org/results/96652/5961351/Penn_Relays/Long-Jump,TFRRS all_performances
"Oakes, Alaysia",Stanford,ACC,Long Jump,2026,4,,,5.84,m,Penn Relays,2026-04-23,,,1.6,Outdoor,https://www.tfrrs.org/results/96652/5961351/Penn_Relays/Long-Jump,TFRRS all_performances
"Guerrero, Ariana",Stanford,ACC,Long Jump,2026,2,,,5.84,m,Payton Jordan Invitational,2026-05-01,,,3.1,Outdoor,https://www.tfrrs.org/results/95567/5984675/Payton_Jordan_Invitational/Long-Jump,TFRRS all_performances
"Cooper, Elena",Stanford,ACC,Long Jump,2026,1,,,5.97,m,2026 ACC Outdoor Track & Field Championships,2026-05-14,,,2.2,Outdoor,https://www.tfrrs.org/results/95975/5999300/2026_ACC_Outdoor_Track__Field_Championships/Long-Jump,TFRRS all_performances
"Ennin, Samantha",Stanford,ACC,Long Jump,2026,1,,,6.07,m,2026 ACC Outdoor Track & Field Championships,2026-05-14,,,1.5,Outdoor,https://www.tfrrs.org/results/95975/5999300/2026_ACC_Outdoor_Track__Field_Championships/Long-Jump,TFRRS all_performances
"Guerrero, Ariana",Stanford,ACC,Long Jump,2026,2,,,5.43,m,2026 ACC Outdoor Track & Field Championships,2026-05-14,,,2.5,Outdoor,https://www.tfrrs.org/results/95975/5999300/2026_ACC_Outdoor_Track__Field_Championships/Long-Jump,TFRRS all_performances
"Jones, Alyssa",Stanford,ACC,Long Jump,2026,4,,,6.92,m,2026 ACC Outdoor Track & Field Championships,2026-05-14,,,0.8,Outdoor,https://www.tfrrs.org/results/95975/5999300/2026_ACC_Outdoor_Track__Field_Championships/Long-Jump,TFRRS all_performances
"Littlewood, Catherine",Stanford,ACC,Long Jump,2026,2,,,5.56,m,2026 ACC Outdoor Track & Field Championships,2026-05-14,,,1.7,Outdoor,https://www.tfrrs.org/results/95975/5999335/2026_ACC_Outdoor_Track__Field_Championships/Long-Jump,TFRRS all_performances
"Oakes, Alaysia",Stanford,ACC,Long Jump,2026,4,,,6.52,m,2026 ACC Outdoor Track & Field Championships,2026-05-14,,,1.7,Outdoor,https://www.tfrrs.org/results/95975/5999300/2026_ACC_Outdoor_Track__Field_Championships/Long-Jump,TFRRS all_performances
"Jones, Alyssa",Stanford,ACC,Long Jump,2026,4,,,7.09,m,NCAA Division I West First Rounds,2026-05-27,,,-0.2,Outdoor,https://www.tfrrs.org/results/96717/6004604/NCAA_Division_I_West_First_Rounds/Long-Jump,TFRRS all_performances
"Oakes, Alaysia",Stanford,ACC,Long Jump,2026,4,,,6.26,m,NCAA Division I West First Rounds,2026-05-27,,,0.4,Outdoor,https://www.tfrrs.org/results/96717/6004604/NCAA_Division_I_West_First_Rounds/Long-Jump,TFRRS all_performances
"Jones, Alyssa",Stanford,ACC,Long Jump,2026,4,,,7.06,m,NCAA Division I Outdoor Track & Field Championships,2026-06-10,,,0.2,Outdoor,https://www.tfrrs.org/results/96875/6005690/NCAA_Division_I_Outdoor_Track__Field_Championships/Long-Jump,TFRRS all_performances
"Callis, Cassie",Virginia,ACC,Long Jump,2026,1,,,5.87,m,Virginia Opener,2026-03-21,,,1.7,Outdoor,https://www.tfrrs.org/results/95485/5857654/Virginia_Opener/Long-Jump,TFRRS all_performances
"Smith, Grace",Virginia,ACC,Long Jump,2026,2,,,6.22,m,Virginia Opener,2026-03-21,,,1.4,Outdoor,https://www.tfrrs.org/results/95485/5857654/Virginia_Opener/Long-Jump,TFRRS all_performances
"Spoor, Elsa",Virginia,ACC,Long Jump,2026,2,,,5.42,m,Virginia Opener,2026-03-21,,,-1.5,Outdoor,https://www.tfrrs.org/results/95485/5857654/Virginia_Opener/Long-Jump,TFRRS all_performances
"Smith, Grace",Virginia,ACC,Long Jump,2026,2,,,6.07,m,Virginia Grand Prix,2026-04-03,,,2.9,Outdoor,https://www.tfrrs.org/results/95486/5893355/Virginia_Grand_Prix/Long-Jump,TFRRS all_performances
"Callis, Cassie",Virginia,ACC,Long Jump,2026,1,,,5.60,m,Duke Invitational,2026-04-10,,,-0.5,Outdoor,https://www.tfrrs.org/results/94715/5980728/Duke_Invitational/Long-Jump,TFRRS all_performances
"Smith, Grace",Virginia,ACC,Long Jump,2026,2,,,6.12,m,Duke Invitational,2026-04-10,,,1.0,Outdoor,https://www.tfrrs.org/results/94715/5980705/Duke_Invitational/Long-Jump,TFRRS all_performances
"Spoor, Elsa",Virginia,ACC,Long Jump,2026,2,,,4.68,m,Duke Invitational,2026-04-10,,,-1.4,Outdoor,https://www.tfrrs.org/results/94715/5980728/Duke_Invitational/Long-Jump,TFRRS all_performances
"Callis, Cassie",Virginia,ACC,Long Jump,2026,1,,,5.81,m,Virginia Challenge,2026-04-17,,,-0.1,Outdoor,https://www.tfrrs.org/results/95487/5942942/Virginia_Challenge/Long-Jump,TFRRS all_performances
"Flynn, Grace",Virginia,ACC,Long Jump,2026,3,,,4.92,m,Virginia Challenge,2026-04-17,,,-1.0,Outdoor,https://www.tfrrs.org/results/95487/5942942/Virginia_Challenge/Long-Jump,TFRRS all_performances
"Smith, Grace",Virginia,ACC,Long Jump,2026,2,,,5.97,m,Virginia Challenge,2026-04-17,,,-0.8,Outdoor,https://www.tfrrs.org/results/95487/5942942/Virginia_Challenge/Long-Jump,TFRRS all_performances
"Smith, Grace",Virginia,ACC,Long Jump,2026,2,,,6.05,m,Penn Relays,2026-04-23,,,1.4,Outdoor,https://www.tfrrs.org/results/96652/5961351/Penn_Relays/Long-Jump,TFRRS all_performances
"Callis, Cassie",Virginia,ACC,Long Jump,2026,1,,,5.35,m,2026 Liberty Twilight,2026-05-06,,,2.2,Outdoor,https://www.tfrrs.org/results/92680/5987063/2026_Liberty_Twilight/Long-Jump,TFRRS all_performances
"Smith, Grace",Virginia,ACC,Long Jump,2026,2,,,6.00,m,2026 Liberty Twilight,2026-05-06,,,2.1,Outdoor,https://www.tfrrs.org/results/92680/5987063/2026_Liberty_Twilight/Long-Jump,TFRRS all_performances
"Spoor, Elsa",Virginia,ACC,Long Jump,2026,2,,,4.82,m,2026 Liberty Twilight,2026-05-06,,,2.6,Outdoor,https://www.tfrrs.org/results/92680/5987063/2026_Liberty_Twilight/Long-Jump,TFRRS all_performances
"Callis, Cassie",Virginia,ACC,Long Jump,2026,1,,,5.87,m,2026 ACC Outdoor Track & Field Championships,2026-05-14,,,3.7,Outdoor,https://www.tfrrs.org/results/95975/5999335/2026_ACC_Outdoor_Track__Field_Championships/Long-Jump,TFRRS all_performances
"Smith, Grace",Virginia,ACC,Long Jump,2026,2,,,6.24,m,2026 ACC Outdoor Track & Field Championships,2026-05-14,,,2.3,Outdoor,https://www.tfrrs.org/results/95975/5999300/2026_ACC_Outdoor_Track__Field_Championships/Long-Jump,TFRRS all_performances
"Spoor, Elsa",Virginia,ACC,Long Jump,2026,2,,,5.51,m,2026 ACC Outdoor Track & Field Championships,2026-05-14,,,1.8,Outdoor,https://www.tfrrs.org/results/95975/5999335/2026_ACC_Outdoor_Track__Field_Championships/Long-Jump,TFRRS all_performances
"Smith, Grace",Virginia,ACC,Long Jump,2026,2,,,5.84,m,NCAA Division I East First Rounds,2026-05-27,,,0.2,Outdoor,https://www.tfrrs.org/results/96716/6004550/NCAA_Division_I_East_First_Rounds/Long-Jump,TFRRS all_performances
"Koseoglu, Charli",Arizona,Big 12,Long Jump,2026,3,,,5.34,m,2026 Bryan Clay Multi Event,2026-04-09,,,+0.0,Outdoor,https://www.tfrrs.org/results/94627/5915538/2026_Bryan_Clay_Multi_Event/Long-Jump,TFRRS all_performances
"Powers, Hollan",Arizona,Big 12,Long Jump,2026,4,,,5.95,m,2026 Bryan Clay Multi Event,2026-04-09,,,1.0,Outdoor,https://www.tfrrs.org/results/94627/5915524/2026_Bryan_Clay_Multi_Event/Long-Jump,TFRRS all_performances
"Maraz, Anja",Arizona,Big 12,Long Jump,2026,1,,,5.81,m,Dual In the Desert,2026-04-11,,,NWI,Outdoor,https://www.tfrrs.org/results/96197/5937193/Dual_In_the_Desert/Long-Jump,TFRRS all_performances
"Vanek, Sydnie",Arizona,Big 12,Long Jump,2026,3,,,6.30,m,Dual In the Desert,2026-04-11,,,NWI,Outdoor,https://www.tfrrs.org/results/96197/5937193/Dual_In_the_Desert/Long-Jump,TFRRS all_performances
"White, KENNEDY",Arizona,Big 12,Long Jump,2026,2,,,5.64,m,Dual In the Desert,2026-04-11,,,NWI,Outdoor,https://www.tfrrs.org/results/96197/5937193/Dual_In_the_Desert/Long-Jump,TFRRS all_performances
"Vanek, Sydnie",Arizona,Big 12,Long Jump,2026,2,,,6.41,m,66th Annual Mt. SAC Relays,2026-04-15,,,2.3,Outdoor,https://www.tfrrs.org/results/95455/5966549/66th_Annual_Mt_SAC_Relays/Long-Jump,TFRRS all_performances
"Koseoglu, Charli",Arizona,Big 12,Long Jump,2026,1,,,5.41,m,Big 12 Outdoor Track & Field Championships,2026-05-14,,,-1.2,Outdoor,https://www.tfrrs.org/results/94673/5999886/Big_12_Outdoor_Track__Field_Championships/Long-Jump,TFRRS all_performances
"Vanek, Sydnie",Arizona,Big 12,Long Jump,2026,2,,,6.50,m,Big 12 Outdoor Track & Field Championships,2026-05-14,,,0.2,Outdoor,https://www.tfrrs.org/results/94673/5999871/Big_12_Outdoor_Track__Field_Championships/Long-Jump,TFRRS all_performances
"Vanek, Sydnie",Arizona,Big 12,Long Jump,2026,2,,,6.63,m,NCAA Division I West First Rounds,2026-05-27,,,1.4,Outdoor,https://www.tfrrs.org/results/96717/6004604/NCAA_Division_I_West_First_Rounds/Long-Jump,TFRRS all_performances
"Powers, Hollan",Arizona,Big 12,Long Jump,2026,4,,,5.98,m,NCAA Division I Outdoor Track & Field Championships,2026-06-10,,,0.4,Outdoor,https://www.tfrrs.org/results/96875/6005734/NCAA_Division_I_Outdoor_Track__Field_Championships/Long-Jump,TFRRS all_performances
"Vanek, Sydnie",Arizona,Big 12,Long Jump,2026,2,,,6.31,m,NCAA Division I Outdoor Track & Field Championships,2026-06-10,,,0.9,Outdoor,https://www.tfrrs.org/results/96875/6005690/NCAA_Division_I_Outdoor_Track__Field_Championships/Long-Jump,TFRRS all_performances
"Mackley, Sarena",BYU,Big 12,Long Jump,2026,2,,,5.16,m,Utah Tech Invitational,2026-03-21,,,NWI,Outdoor,https://www.tfrrs.org/results/94597/5862666/Utah_Tech_Invitational/Long-Jump,TFRRS all_performances
"Bonds, Zoey",BYU,Big 12,Long Jump,2026,4,,,5.79,m,2026 Bryan Clay Multi Event,2026-04-09,,,+0.0,Outdoor,https://www.tfrrs.org/results/94627/5915524/2026_Bryan_Clay_Multi_Event/Long-Jump,TFRRS all_performances
"Brown, Tia",BYU,Big 12,Long Jump,2026,1,,,5.52,m,2026 Bryan Clay Multi Event,2026-04-09,,,1.1,Outdoor,https://www.tfrrs.org/results/94627/5915517/2026_Bryan_Clay_Multi_Event/Long-Jump,TFRRS all_performances
"Mackley, Sarena",BYU,Big 12,Long Jump,2026,2,,,5.22,m,2026 Weber State Spring Classic,2026-04-10,,,NWI,Outdoor,https://www.tfrrs.org/results/95920/5917916/2026_Weber_State_Spring_Classic/Long-Jump,TFRRS all_performances
"Mackley, Sarena",BYU,Big 12,Long Jump,2026,2,,,4.75,m,Beach Invitational,2026-04-17,,,1.3,Outdoor,https://www.tfrrs.org/results/95723/5946314/Beach_Invitational_/Long-Jump,TFRRS all_performances
"Brown, Tia",BYU,Big 12,Long Jump,2026,1,,,5.84,m,2026 BYU Robison Invitational,2026-04-29,,,+0.0,Outdoor,https://www.tfrrs.org/results/95275/5977356/2026_BYU_Robison_Invitational/Long-Jump,TFRRS all_performances
"Mackley, Sarena",BYU,Big 12,Long Jump,2026,2,,,5.13,m,2026 BYU Robison Invitational,2026-04-29,,,+0.0,Outdoor,https://www.tfrrs.org/results/95275/5977356/2026_BYU_Robison_Invitational/Long-Jump,TFRRS all_performances
"Bonds, Zoey",BYU,Big 12,Long Jump,2026,4,,,5.83,m,Big 12 Outdoor Track & Field Championships,2026-05-14,,,0.3,Outdoor,https://www.tfrrs.org/results/94673/5999886/Big_12_Outdoor_Track__Field_Championships/Long-Jump,TFRRS all_performances
"Brown, Tia",BYU,Big 12,Long Jump,2026,1,,,5.52,m,Big 12 Outdoor Track & Field Championships,2026-05-14,,,0.9,Outdoor,https://www.tfrrs.org/results/94673/5999886/Big_12_Outdoor_Track__Field_Championships/Long-Jump,TFRRS all_performances
"Bonds, Zoey",BYU,Big 12,Long Jump,2026,4,,,5.99,m,NCAA Division I Outdoor Track & Field Championships,2026-06-10,,,1.8,Outdoor,https://www.tfrrs.org/results/96875/6005734/NCAA_Division_I_Outdoor_Track__Field_Championships/Long-Jump,TFRRS all_performances
"De Gannes, Janae",Baylor,Big 12,Long Jump,2026,2,,,6.47,m,Clyde Hart Classic,2026-03-27,,,1.5,Outdoor,https://www.tfrrs.org/results/92784/5903950/Clyde_Hart_Classic/Long-Jump,TFRRS all_performances
"Todorovich, Madilyn",Baylor,Big 12,Long Jump,2026,1,,,5.60,m,Clyde Hart Classic,2026-03-27,,,1.1,Outdoor,https://www.tfrrs.org/results/92784/5903950/Clyde_Hart_Classic/Long-Jump,TFRRS all_performances
"Wells, Joy",Baylor,Big 12,Long Jump,2026,4,,,5.14,m,Clyde Hart Classic,2026-03-27,,,1.2,Outdoor,https://www.tfrrs.org/results/92784/5903950/Clyde_Hart_Classic/Long-Jump,TFRRS all_performances
"Wesseh, Kiara",Baylor,Big 12,Long Jump,2026,2,,,5.20,m,Clyde Hart Classic,2026-03-27,,,0.6,Outdoor,https://www.tfrrs.org/results/92784/5903950/Clyde_Hart_Classic/Long-Jump,TFRRS all_performances
"De Gannes, Janae",Baylor,Big 12,Long Jump,2026,2,,,6.23,m,2026 98th Clyde Littlefield Texas Relays (Univ/College),2026-04-01,,,1.9,Outdoor,https://www.tfrrs.org/results/94985/5911835/2026_98th_Clyde_Littlefield_Texas_Relays_Univ_College/Long-Jump,TFRRS all_performances
"Todorovich, Logan",Baylor,Big 12,Long Jump,2026,2,,,5.68,m,2026 98th Clyde Littlefield Texas Relays (Univ/College),2026-04-01,,,-0.2,Outdoor,https://www.tfrrs.org/results/94985/5911892/2026_98th_Clyde_Littlefield_Texas_Relays_Univ_College/Long-Jump,TFRRS all_performances
"Todorovich, Madilyn",Baylor,Big 12,Long Jump,2026,1,,,5.28,m,2026 98th Clyde Littlefield Texas Relays (Univ/College),2026-04-01,,,-0.5,Outdoor,https://www.tfrrs.org/results/94985/5911892/2026_98th_Clyde_Littlefield_Texas_Relays_Univ_College/Long-Jump,TFRRS all_performances
"Wesseh, Kiara",Baylor,Big 12,Long Jump,2026,2,,,5.10,m,2026 98th Clyde Littlefield Texas Relays (Univ/College),2026-04-01,,,-0.6,Outdoor,https://www.tfrrs.org/results/94985/5911892/2026_98th_Clyde_Littlefield_Texas_Relays_Univ_College/Long-Jump,TFRRS all_performances
"Copeland, Isabella",Baylor,Big 12,Long Jump,2026,3,,,5.52,m,Baylor Invitational,2026-04-10,,,+0.0,Outdoor,https://www.tfrrs.org/results/92815/5913100/Baylor_Invitational/Long-Jump,TFRRS all_performances
"Todorovich, Logan",Baylor,Big 12,Long Jump,2026,2,,,5.76,m,Baylor Invitational,2026-04-10,,,2.0,Outdoor,https://www.tfrrs.org/results/92815/5913100/Baylor_Invitational/Long-Jump,TFRRS all_performances
"Todorovich, Madilyn",Baylor,Big 12,Long Jump,2026,1,,,5.39,m,Baylor Invitational,2026-04-10,,,1.4,Outdoor,https://www.tfrrs.org/results/92815/5913100/Baylor_Invitational/Long-Jump,TFRRS all_performances
"Webb, Iyanna",Baylor,Big 12,Long Jump,2026,2,,,5.87,m,Baylor Invitational,2026-04-10,,,1.3,Outdoor,https://www.tfrrs.org/results/92815/5913100/Baylor_Invitational/Long-Jump,TFRRS all_performances
"Wells, Joy",Baylor,Big 12,Long Jump,2026,4,,,5.06,m,Baylor Invitational,2026-04-10,,,0.7,Outdoor,https://www.tfrrs.org/results/92815/5913100/Baylor_Invitational/Long-Jump,TFRRS all_performances
"Wesseh, Kiara",Baylor,Big 12,Long Jump,2026,2,,,5.39,m,Baylor Invitational,2026-04-10,,,0.5,Outdoor,https://www.tfrrs.org/results/92815/5913100/Baylor_Invitational/Long-Jump,TFRRS all_performances
"De Gannes, Janae",Baylor,Big 12,Long Jump,2026,2,,,6.19,m,Tom Jones Memorial,2026-04-16,,,1.4,Outdoor,https://www.tfrrs.org/results/96536/5940593/Tom_Jones_Memorial/Long-Jump,TFRRS all_performances
"Todorovich, Logan",Baylor,Big 12,Long Jump,2026,2,,,6.02,m,2026 Jim Freeman / Clark Wood Open,2026-04-23,,,2.2,Outdoor,https://www.tfrrs.org/results/93931/6002087/2026_Jim_Freeman___Clark_Wood_Open/Long-Jump,TFRRS all_performances
"Wesseh, Kiara",Baylor,Big 12,Long Jump,2026,2,,,5.29,m,2026 Jim Freeman / Clark Wood Open,2026-04-23,,,1.1,Outdoor,https://www.tfrrs.org/results/93931/6002087/2026_Jim_Freeman___Clark_Wood_Open/Long-Jump,TFRRS all_performances
"De Gannes, Janae",Baylor,Big 12,Long Jump,2026,2,,,6.51,m,Michael Johnson Invitational,2026-04-24,,,2.6,Outdoor,https://www.tfrrs.org/results/92814/5961986/Michael_Johnson_Invitational/Long-Jump,TFRRS all_performances
"De Gannes, Janae",Baylor,Big 12,Long Jump,2026,2,,,6.33,m,Big 12 Outdoor Track & Field Championships,2026-05-14,,,+0.0,Outdoor,https://www.tfrrs.org/results/94673/5999871/Big_12_Outdoor_Track__Field_Championships/Long-Jump,TFRRS all_performances
"Todorovich, Logan",Baylor,Big 12,Long Jump,2026,2,,,5.98,m,Big 12 Outdoor Track & Field Championships,2026-05-14,,,0.3,Outdoor,https://www.tfrrs.org/results/94673/5999886/Big_12_Outdoor_Track__Field_Championships/Long-Jump,TFRRS all_performances
"Todorovich, Logan",Baylor,Big 12,Long Jump,2026,2,,,5.94,m,Big 12 Outdoor Track & Field Championships,2026-05-14,,,0.5,Outdoor,https://www.tfrrs.org/results/94673/5999871/Big_12_Outdoor_Track__Field_Championships/Long-Jump,TFRRS all_performances
"Todorovich, Madilyn",Baylor,Big 12,Long Jump,2026,1,,,5.58,m,Big 12 Outdoor Track & Field Championships,2026-05-14,,,2.2,Outdoor,https://www.tfrrs.org/results/94673/5999886/Big_12_Outdoor_Track__Field_Championships/Long-Jump,TFRRS all_performances
"Wesseh, Kiara",Baylor,Big 12,Long Jump,2026,2,,,5.28,m,Big 12 Outdoor Track & Field Championships,2026-05-14,,,-1.0,Outdoor,https://www.tfrrs.org/results/94673/5999886/Big_12_Outdoor_Track__Field_Championships/Long-Jump,TFRRS all_performances
"De Gannes, Janae",Baylor,Big 12,Long Jump,2026,2,,,6.41,m,NCAA Division I West First Rounds,2026-05-27,,,0.6,Outdoor,https://www.tfrrs.org/results/96717/6004604/NCAA_Division_I_West_First_Rounds/Long-Jump,TFRRS all_performances
"De Gannes, Janae",Baylor,Big 12,Long Jump,2026,2,,,6.39,m,NCAA Division I Outdoor Track & Field Championships,2026-06-10,,,1.0,Outdoor,https://www.tfrrs.org/results/96875/6005690/NCAA_Division_I_Outdoor_Track__Field_Championships/Long-Jump,TFRRS all_performances
"Todorovich, Logan",Baylor,Big 12,Long Jump,2026,2,,,6.03,m,NCAA Division I Outdoor Track & Field Championships,2026-06-10,,,-0.6,Outdoor,https://www.tfrrs.org/results/96875/6005734/NCAA_Division_I_Outdoor_Track__Field_Championships/Long-Jump,TFRRS all_performances
"Cinnamo, Ava",Iowa State,Big 12,Long Jump,2026,4,,,5.64,m,Clyde Hart Classic,2026-03-27,,,0.9,Outdoor,https://www.tfrrs.org/results/92784/5903950/Clyde_Hart_Classic/Long-Jump,TFRRS all_performances
"Willits, Sydney",Iowa State,Big 12,Long Jump,2026,4,,,6.33,m,Clyde Hart Classic,2026-03-27,,,2.4,Outdoor,https://www.tfrrs.org/results/92784/5903950/Clyde_Hart_Classic/Long-Jump,TFRRS all_performances
"Denge-Hagen, Maia",Iowa State,Big 12,Long Jump,2026,2,,,5.76,m,Bobcat Invitational 2026,2026-04-02,,,3.5,Outdoor,https://www.tfrrs.org/results/93729/5895077/Bobcat_Invitational_2026/Long-Jump,TFRRS all_performances
"N'Douma-Mona, Zola",Iowa State,Big 12,Long Jump,2026,1,,,6.07,m,Bobcat Invitational 2026,2026-04-02,,,4.2,Outdoor,https://www.tfrrs.org/results/93729/5895077/Bobcat_Invitational_2026/Long-Jump,TFRRS all_performances
"Cinnamo, Ava",Iowa State,Big 12,Long Jump,2026,4,,,5.75,m,Jim Duncan Invitational,2026-04-10,,,1.6,Outdoor,https://www.tfrrs.org/results/96367/5924680/Jim_Duncan_Invitational/Long-Jump,TFRRS all_performances
"Laing, Amari",Iowa State,Big 12,Long Jump,2026,3,,,5.78,m,Jim Duncan Invitational,2026-04-10,,,1.3,Outdoor,https://www.tfrrs.org/results/96367/5924680/Jim_Duncan_Invitational/Long-Jump,TFRRS all_performances
"Willits, Sydney",Iowa State,Big 12,Long Jump,2026,4,,,6.03,m,Jim Duncan Invitational,2026-04-10,,,3.2,Outdoor,https://www.tfrrs.org/results/96367/5924680/Jim_Duncan_Invitational/Long-Jump,TFRRS all_performances
"Willits, Sydney",Iowa State,Big 12,Long Jump,2026,4,,,6.36,m,66th Annual Mt. SAC Relays,2026-04-15,,,1.9,Outdoor,https://www.tfrrs.org/results/95455/5966549/66th_Annual_Mt_SAC_Relays/Long-Jump,TFRRS all_performances
"Denge-Hagen, Maia",Iowa State,Big 12,Long Jump,2026,2,,,5.33,m,116th Drake Relays,2026-04-22,,,1.5,Outdoor,https://www.tfrrs.org/results/95611/5987036/116th_Drake_Relays/Long-Jump,TFRRS all_performances
"Laing, Amari",Iowa State,Big 12,Long Jump,2026,3,,,5.86,m,116th Drake Relays,2026-04-22,,,1.1,Outdoor,https://www.tfrrs.org/results/95611/5986952/116th_Drake_Relays/Long-Jump,TFRRS all_performances
"N'Douma-Mona, Zola",Iowa State,Big 12,Long Jump,2026,1,,,4.09,m,116th Drake Relays,2026-04-22,,,7.7,Outdoor,https://www.tfrrs.org/results/95611/5987036/116th_Drake_Relays/Long-Jump,TFRRS all_performances
"Willits, Sydney",Iowa State,Big 12,Long Jump,2026,4,,,6.43,m,116th Drake Relays,2026-04-22,,,1.2,Outdoor,https://www.tfrrs.org/results/95611/5986952/116th_Drake_Relays/Long-Jump,TFRRS all_performances
"Cinnamo, Ava",Iowa State,Big 12,Long Jump,2026,4,,,5.70,m,2026 Alumni Muster,2026-05-01,,,1.5,Outdoor,https://www.tfrrs.org/results/95784/5977279/2026_Alumni_Muster/Long-Jump,TFRRS all_performances
"Laing, Amari",Iowa State,Big 12,Long Jump,2026,3,,,5.97,m,2026 Alumni Muster,2026-05-01,,,3.2,Outdoor,https://www.tfrrs.org/results/95784/5977279/2026_Alumni_Muster/Long-Jump,TFRRS all_performances
"N'Douma-Mona, Zola",Iowa State,Big 12,Long Jump,2026,1,,,6.15,m,2026 Alumni Muster,2026-05-01,,,2.7,Outdoor,https://www.tfrrs.org/results/95784/5977279/2026_Alumni_Muster/Long-Jump,TFRRS all_performances
"Willits, Sydney",Iowa State,Big 12,Long Jump,2026,4,,,6.13,m,2026 Alumni Muster,2026-05-01,,,1.0,Outdoor,https://www.tfrrs.org/results/95784/5977279/2026_Alumni_Muster/Long-Jump,TFRRS all_performances
"Laing, Amari",Iowa State,Big 12,Long Jump,2026,3,,,6.10,m,Cyclone Twilight 2026,2026-05-08,,,0.3,Outdoor,https://www.tfrrs.org/results/96810/5992358/Cyclone_Twilight_2026/Long-Jump,TFRRS all_performances
"Denge-Hagen, Maia",Iowa State,Big 12,Long Jump,2026,2,,,5.88,m,Big 12 Outdoor Track & Field Championships,2026-05-14,,,1.3,Outdoor,https://www.tfrrs.org/results/94673/5999886/Big_12_Outdoor_Track__Field_Championships/Long-Jump,TFRRS all_performances
"Laing, Amari",Iowa State,Big 12,Long Jump,2026,3,,,5.49,m,Big 12 Outdoor Track & Field Championships,2026-05-14,,,-0.1,Outdoor,https://www.tfrrs.org/results/94673/5999871/Big_12_Outdoor_Track__Field_Championships/Long-Jump,TFRRS all_performances
"N'Douma-Mona, Zola",Iowa State,Big 12,Long Jump,2026,1,,,5.59,m,Big 12 Outdoor Track & Field Championships,2026-05-14,,,0.6,Outdoor,https://www.tfrrs.org/results/94673/5999886/Big_12_Outdoor_Track__Field_Championships/Long-Jump,TFRRS all_performances
"Willits, Sydney",Iowa State,Big 12,Long Jump,2026,4,,,6.26,m,Big 12 Outdoor Track & Field Championships,2026-05-14,,,+0.0,Outdoor,https://www.tfrrs.org/results/94673/5999871/Big_12_Outdoor_Track__Field_Championships/Long-Jump,TFRRS all_performances
"Willits, Sydney",Iowa State,Big 12,Long Jump,2026,4,,,6.35,m,NCAA Division I West First Rounds,2026-05-27,,,-0.1,Outdoor,https://www.tfrrs.org/results/96717/6004604/NCAA_Division_I_West_First_Rounds/Long-Jump,TFRRS all_performances
"Willits, Sydney",Iowa State,Big 12,Long Jump,2026,4,,,6.08,m,NCAA Division I Outdoor Track & Field Championships,2026-06-10,,,1.2,Outdoor,https://www.tfrrs.org/results/96875/6005690/NCAA_Division_I_Outdoor_Track__Field_Championships/Long-Jump,TFRRS all_performances
"Szlachta, Olga",Texas Tech,Big 12,Long Jump,2026,1,,,6.01,m,Masked Rider Open,2026-03-26,,,4.0,Outdoor,https://www.tfrrs.org/results/96010/5868320/Masked_Rider_Open/Long-Jump,TFRRS all_performances
"Vodnyanszka, Renata",Texas Tech,Big 12,Long Jump,2026,1,,,6.09,m,Masked Rider Open,2026-03-26,,,4.3,Outdoor,https://www.tfrrs.org/results/96010/5868320/Masked_Rider_Open/Long-Jump,TFRRS all_performances
"Vodnyanszka, Renata",Texas Tech,Big 12,Long Jump,2026,1,,,5.91,m,2026 98th Clyde Littlefield Texas Relays (Univ/College),2026-04-01,,,2.2,Outdoor,https://www.tfrrs.org/results/94985/5911835/2026_98th_Clyde_Littlefield_Texas_Relays_Univ_College/Long-Jump,TFRRS all_performances
"Washington, Tamiah",Texas Tech,Big 12,Long Jump,2026,3,,,6.38,m,2026 98th Clyde Littlefield Texas Relays (Univ/College),2026-04-01,,,2.9,Outdoor,https://www.tfrrs.org/results/94985/5911835/2026_98th_Clyde_Littlefield_Texas_Relays_Univ_College/Long-Jump,TFRRS all_performances
"Oshiokpu, Grace",Texas Tech,Big 12,Long Jump,2026,3,,,5.97,m,66th Annual Mt. SAC Relays,2026-04-15,,,+0.0,Outdoor,https://www.tfrrs.org/results/95455/5966569/66th_Annual_Mt_SAC_Relays/Long-Jump,TFRRS all_performances
"Szlachta, Olga",Texas Tech,Big 12,Long Jump,2026,1,,,6.04,m,66th Annual Mt. SAC Relays,2026-04-15,,,3.2,Outdoor,https://www.tfrrs.org/results/95455/5966569/66th_Annual_Mt_SAC_Relays/Long-Jump,TFRRS all_performances
"Vodnyanszka, Renata",Texas Tech,Big 12,Long Jump,2026,1,,,6.08,m,66th Annual Mt. SAC Relays,2026-04-15,,,2.1,Outdoor,https://www.tfrrs.org/results/95455/5966569/66th_Annual_Mt_SAC_Relays/Long-Jump,TFRRS all_performances
"Washington, Tamiah",Texas Tech,Big 12,Long Jump,2026,3,,,6.33,m,66th Annual Mt. SAC Relays,2026-04-15,,,+0.0,Outdoor,https://www.tfrrs.org/results/95455/5966569/66th_Annual_Mt_SAC_Relays/Long-Jump,TFRRS all_performances
"Vodnyanszka, Renata",Texas Tech,Big 12,Long Jump,2026,1,,,6.16,m,Corky/Crofoot Shootout,2026-04-30,,,1.3,Outdoor,https://www.tfrrs.org/results/96729/5971283/Corky_Crofoot_Shootout/Long-Jump,TFRRS all_performances
"Oshiokpu, Grace",Texas Tech,Big 12,Long Jump,2026,3,,,6.16,m,Big 12 Outdoor Track & Field Championships,2026-05-14,,,0.4,Outdoor,https://www.tfrrs.org/results/94673/5999871/Big_12_Outdoor_Track__Field_Championships/Long-Jump,TFRRS all_performances
"Szlachta, Olga",Texas Tech,Big 12,Long Jump,2026,1,,,6.21,m,Big 12 Outdoor Track & Field Championships,2026-05-14,,,0.6,Outdoor,https://www.tfrrs.org/results/94673/5999871/Big_12_Outdoor_Track__Field_Championships/Long-Jump,TFRRS all_performances
"Vodnyanszka, Renata",Texas Tech,Big 12,Long Jump,2026,1,,,6.06,m,Big 12 Outdoor Track & Field Championships,2026-05-14,,,-0.1,Outdoor,https://www.tfrrs.org/results/94673/5999871/Big_12_Outdoor_Track__Field_Championships/Long-Jump,TFRRS all_performances
"Washington, Tamiah",Texas Tech,Big 12,Long Jump,2026,3,,,6.25,m,Big 12 Outdoor Track & Field Championships,2026-05-14,,,-0.2,Outdoor,https://www.tfrrs.org/results/94673/5999871/Big_12_Outdoor_Track__Field_Championships/Long-Jump,TFRRS all_performances
"Washington, Tamiah",Texas Tech,Big 12,Long Jump,2026,3,,,6.33,m,NCAA Division I West First Rounds,2026-05-27,,,1.6,Outdoor,https://www.tfrrs.org/results/96717/6004604/NCAA_Division_I_West_First_Rounds/Long-Jump,TFRRS all_performances
"Emmons, Sherrie",Illinois,Big Ten,Long Jump,2026,1,,,5.86,m,2026 Pepsi Florida Relays,2026-04-03,,,-0.1,Outdoor,https://www.tfrrs.org/results/95329/6002585/2026_Pepsi_Florida_Relays/Long-Jump,TFRRS all_performances
"Tamir, Romi",Illinois,Big Ten,Long Jump,2026,3,,,6.34,m,2026 Pepsi Florida Relays,2026-04-03,,,0.7,Outdoor,https://www.tfrrs.org/results/95329/6002587/2026_Pepsi_Florida_Relays/Long-Jump,TFRRS all_performances
"Emmons, Sherrie",Illinois,Big Ten,Long Jump,2026,1,,,6.05,m,Illini Deca-Jam,2026-04-09,,,1.8,Outdoor,https://www.tfrrs.org/results/95951/5919742/Illini_Deca-Jam/Long-Jump,TFRRS all_performances
"Beckmon, Sophia",Illinois,Big Ten,Long Jump,2026,3,,,6.79,m,Tom Jones Memorial,2026-04-16,,,-0.2,Outdoor,https://www.tfrrs.org/results/96536/5940593/Tom_Jones_Memorial/Long-Jump,TFRRS all_performances
"Gero-Holt, JaiCieonna",Illinois,Big Ten,Long Jump,2026,1,,,5.81,m,Tom Jones Memorial,2026-04-16,,,2.8,Outdoor,https://www.tfrrs.org/results/96536/5940621/Tom_Jones_Memorial/Long-Jump,TFRRS all_performances
"Humphries, Meagan",Illinois,Big Ten,Long Jump,2026,2,,,6.27,m,Tom Jones Memorial,2026-04-16,,,1.1,Outdoor,https://www.tfrrs.org/results/96536/5940621/Tom_Jones_Memorial/Long-Jump,TFRRS all_performances
"Emmons, Sherrie",Illinois,Big Ten,Long Jump,2026,1,,,6.11,m,Gary Wieneke Memorial,2026-05-01,,,1.3,Outdoor,https://www.tfrrs.org/results/96393/6001288/Gary_Wieneke_Memorial/Long-Jump,TFRRS all_performances
"Gero-Holt, JaiCieonna",Illinois,Big Ten,Long Jump,2026,1,,,5.72,m,Gary Wieneke Memorial,2026-05-01,,,2.4,Outdoor,https://www.tfrrs.org/results/96393/6001288/Gary_Wieneke_Memorial/Long-Jump,TFRRS all_performances
"Graman, Katharina",Illinois,Big Ten,Long Jump,2026,3,,,6.39,m,Gary Wieneke Memorial,2026-05-01,,,3.2,Outdoor,https://www.tfrrs.org/results/96393/6001288/Gary_Wieneke_Memorial/Long-Jump,TFRRS all_performances
"Humphries, Meagan",Illinois,Big Ten,Long Jump,2026,2,,,6.24,m,Gary Wieneke Memorial,2026-05-01,,,2.1,Outdoor,https://www.tfrrs.org/results/96393/6001288/Gary_Wieneke_Memorial/Long-Jump,TFRRS all_performances
"Ndudi, Elizabeth",Illinois,Big Ten,Long Jump,2026,3,,,6.11,m,Gary Wieneke Memorial,2026-05-01,,,1.9,Outdoor,https://www.tfrrs.org/results/96393/6001288/Gary_Wieneke_Memorial/Long-Jump,TFRRS all_performances
"Tamir, Romi",Illinois,Big Ten,Long Jump,2026,3,,,6.08,m,Gary Wieneke Memorial,2026-05-01,,,2.4,Outdoor,https://www.tfrrs.org/results/96393/6001288/Gary_Wieneke_Memorial/Long-Jump,TFRRS all_performances
"Beckmon, Sophia",Illinois,Big Ten,Long Jump,2026,3,,,6.36,m,Illini Tune-Up,2026-05-08,,,NWI,Outdoor,https://www.tfrrs.org/results/96684/5988662/Illini_Tune-Up/Long-Jump,TFRRS all_performances
"Emmons, Sherrie",Illinois,Big Ten,Long Jump,2026,1,,,5.90,m,Illini Tune-Up,2026-05-08,,,NWI,Outdoor,https://www.tfrrs.org/results/96684/5988662/Illini_Tune-Up/Long-Jump,TFRRS all_performances
"Graman, Katharina",Illinois,Big Ten,Long Jump,2026,3,,,5.83,m,Illini Tune-Up,2026-05-08,,,NWI,Outdoor,https://www.tfrrs.org/results/96684/5988662/Illini_Tune-Up/Long-Jump,TFRRS all_performances
"Ndudi, Elizabeth",Illinois,Big Ten,Long Jump,2026,3,,,5.97,m,Illini Tune-Up,2026-05-08,,,NWI,Outdoor,https://www.tfrrs.org/results/96684/5988662/Illini_Tune-Up/Long-Jump,TFRRS all_performances
"Tamir, Romi",Illinois,Big Ten,Long Jump,2026,3,,,6.17,m,Illini Tune-Up,2026-05-08,,,NWI,Outdoor,https://www.tfrrs.org/results/96684/5988662/Illini_Tune-Up/Long-Jump,TFRRS all_performances
"Beckmon, Sophia",Illinois,Big Ten,Long Jump,2026,3,,,6.36,m,2026 Big Ten Outdoor Track & Field Championships,2026-05-15,,,-2.1,Outdoor,https://www.tfrrs.org/results/96121/6000044/2026_Big_Ten_Outdoor_Track__Field_Championships/Long-Jump,TFRRS all_performances
"Emmons, Sherrie",Illinois,Big Ten,Long Jump,2026,1,,,5.91,m,2026 Big Ten Outdoor Track & Field Championships,2026-05-15,,,-1.5,Outdoor,https://www.tfrrs.org/results/96121/6000044/2026_Big_Ten_Outdoor_Track__Field_Championships/Long-Jump,TFRRS all_performances
"Gero-Holt, JaiCieonna",Illinois,Big Ten,Long Jump,2026,1,,,5.77,m,2026 Big Ten Outdoor Track & Field Championships,2026-05-15,,,-2.2,Outdoor,https://www.tfrrs.org/results/96121/6000086/2026_Big_Ten_Outdoor_Track__Field_Championships/Long-Jump,TFRRS all_performances
"Graman, Katharina",Illinois,Big Ten,Long Jump,2026,3,,,6.34,m,2026 Big Ten Outdoor Track & Field Championships,2026-05-15,,,-0.6,Outdoor,https://www.tfrrs.org/results/96121/6000044/2026_Big_Ten_Outdoor_Track__Field_Championships/Long-Jump,TFRRS all_performances
"Humphries, Meagan",Illinois,Big Ten,Long Jump,2026,2,,,6.09,m,2026 Big Ten Outdoor Track & Field Championships,2026-05-15,,,-1.3,Outdoor,https://www.tfrrs.org/results/96121/6000086/2026_Big_Ten_Outdoor_Track__Field_Championships/Long-Jump,TFRRS all_performances
"Ndudi, Elizabeth",Illinois,Big Ten,Long Jump,2026,3,,,6.47,m,2026 Big Ten Outdoor Track & Field Championships,2026-05-15,,,-1.1,Outdoor,https://www.tfrrs.org/results/96121/6000044/2026_Big_Ten_Outdoor_Track__Field_Championships/Long-Jump,TFRRS all_performances
"Tamir, Romi",Illinois,Big Ten,Long Jump,2026,3,,,5.76,m,2026 Big Ten Outdoor Track & Field Championships,2026-05-15,,,-1.8,Outdoor,https://www.tfrrs.org/results/96121/6000044/2026_Big_Ten_Outdoor_Track__Field_Championships/Long-Jump,TFRRS all_performances
"Beckmon, Sophia",Illinois,Big Ten,Long Jump,2026,3,,,6.76,m,NCAA Division I West First Rounds,2026-05-27,,,0.5,Outdoor,https://www.tfrrs.org/results/96717/6004604/NCAA_Division_I_West_First_Rounds/Long-Jump,TFRRS all_performances
"Graman, Katharina",Illinois,Big Ten,Long Jump,2026,3,,,6.37,m,NCAA Division I West First Rounds,2026-05-27,,,0.6,Outdoor,https://www.tfrrs.org/results/96717/6004604/NCAA_Division_I_West_First_Rounds/Long-Jump,TFRRS all_performances
"Ndudi, Elizabeth",Illinois,Big Ten,Long Jump,2026,3,,,6.36,m,NCAA Division I West First Rounds,2026-05-27,,,0.8,Outdoor,https://www.tfrrs.org/results/96717/6004604/NCAA_Division_I_West_First_Rounds/Long-Jump,TFRRS all_performances
"Tamir, Romi",Illinois,Big Ten,Long Jump,2026,3,,,6.08,m,NCAA Division I West First Rounds,2026-05-27,,,0.9,Outdoor,https://www.tfrrs.org/results/96717/6004604/NCAA_Division_I_West_First_Rounds/Long-Jump,TFRRS all_performances
"Beckmon, Sophia",Illinois,Big Ten,Long Jump,2026,3,,,6.57,m,NCAA Division I Outdoor Track & Field Championships,2026-06-10,,,0.5,Outdoor,https://www.tfrrs.org/results/96875/6005690/NCAA_Division_I_Outdoor_Track__Field_Championships/Long-Jump,TFRRS all_performances
"Gero-Holt, JaiCieonna",Illinois,Big Ten,Long Jump,2026,1,,,5.93,m,NCAA Division I Outdoor Track & Field Championships,2026-06-10,,,0.9,Outdoor,https://www.tfrrs.org/results/96875/6005734/NCAA_Division_I_Outdoor_Track__Field_Championships/Long-Jump,TFRRS all_performances
"Graman, Katharina",Illinois,Big Ten,Long Jump,2026,3,,,6.44,m,NCAA Division I Outdoor Track & Field Championships,2026-06-10,,,1.6,Outdoor,https://www.tfrrs.org/results/96875/6005690/NCAA_Division_I_Outdoor_Track__Field_Championships/Long-Jump,TFRRS all_performances
"Humphries, Meagan",Illinois,Big Ten,Long Jump,2026,2,,,6.24,m,NCAA Division I Outdoor Track & Field Championships,2026-06-10,,,1.4,Outdoor,https://www.tfrrs.org/results/96875/6005734/NCAA_Division_I_Outdoor_Track__Field_Championships/Long-Jump,TFRRS all_performances
"Ndudi, Elizabeth",Illinois,Big Ten,Long Jump,2026,3,,,6.35,m,NCAA Division I Outdoor Track & Field Championships,2026-06-10,,,0.5,Outdoor,https://www.tfrrs.org/results/96875/6005690/NCAA_Division_I_Outdoor_Track__Field_Championships/Long-Jump,TFRRS all_performances
"Coetzee, Timeke-Jade",Nebraska,Big Ten,Long Jump,2026,2,,,6.08,m,Hurricane Collegiate Invitational,2026-03-27,,,0.7,Outdoor,https://www.tfrrs.org/results/96094/5876082/Hurricane_Collegiate_Invitational/Long-Jump,TFRRS all_performances
"Coetzee, Timeke-Jade",Nebraska,Big Ten,Long Jump,2026,2,,,5.76,m,Spec Towns Invitational,2026-04-09,,,1.8,Outdoor,https://www.tfrrs.org/results/96380/5924756/Spec_Towns_Invitational/Long-Jump,TFRRS all_performances
"Goetz, Ava",Nebraska,Big Ten,Long Jump,2026,2,,,5.97,m,Spec Towns Invitational,2026-04-09,,,0.7,Outdoor,https://www.tfrrs.org/results/96380/5924783/Spec_Towns_Invitational/Long-Jump,TFRRS all_performances
"Parsons, Grace",Nebraska,Big Ten,Long Jump,2026,2,,,5.31,m,Spec Towns Invitational,2026-04-09,,,1.7,Outdoor,https://www.tfrrs.org/results/96380/5924783/Spec_Towns_Invitational/Long-Jump,TFRRS all_performances
"Coetzee, Timeke-Jade",Nebraska,Big Ten,Long Jump,2026,2,,,5.85,m,Big Red Classic,2026-04-17,,,6.8,Outdoor,https://www.tfrrs.org/results/95768/5947423/Big_Red_Classic/Long-Jump,TFRRS all_performances
"Goetz, Ava",Nebraska,Big Ten,Long Jump,2026,2,,,5.36,m,Big Red Classic,2026-04-17,,,3.1,Outdoor,https://www.tfrrs.org/results/95768/5947423/Big_Red_Classic/Long-Jump,TFRRS all_performances
"Parsons, Grace",Nebraska,Big Ten,Long Jump,2026,2,,,5.44,m,Big Red Classic,2026-04-17,,,6.1,Outdoor,https://www.tfrrs.org/results/95768/5947423/Big_Red_Classic/Long-Jump,TFRRS all_performances
"Coetzee, Timeke-Jade",Nebraska,Big Ten,Long Jump,2026,2,,,5.64,m,116th Drake Relays,2026-04-22,,,1.9,Outdoor,https://www.tfrrs.org/results/95611/5986952/116th_Drake_Relays/Long-Jump,TFRRS all_performances
"Coetzee, Timeke-Jade",Nebraska,Big Ten,Long Jump,2026,2,,,5.83,m,Desert Heat Classic,2026-05-02,,,2.2,Outdoor,https://www.tfrrs.org/results/96521/5999935/Desert_Heat_Classic/Long-Jump,TFRRS all_performances
"Coetzee, Timeke-Jade",Nebraska,Big Ten,Long Jump,2026,2,,,5.88,m,2026 Big Ten Outdoor Track & Field Championships,2026-05-15,,,-2.1,Outdoor,https://www.tfrrs.org/results/96121/6000044/2026_Big_Ten_Outdoor_Track__Field_Championships/Long-Jump,TFRRS all_performances
"Goetz, Ava",Nebraska,Big Ten,Long Jump,2026,2,,,5.47,m,2026 Big Ten Outdoor Track & Field Championships,2026-05-15,,,-0.2,Outdoor,https://www.tfrrs.org/results/96121/6000086/2026_Big_Ten_Outdoor_Track__Field_Championships/Long-Jump,TFRRS all_performances
"Parsons, Grace",Nebraska,Big Ten,Long Jump,2026,2,,,5.19,m,2026 Big Ten Outdoor Track & Field Championships,2026-05-15,,,-0.7,Outdoor,https://www.tfrrs.org/results/96121/6000086/2026_Big_Ten_Outdoor_Track__Field_Championships/Long-Jump,TFRRS all_performances
"Webster, Loren",Oregon,Big Ten,Long Jump,2026,1,,,5.59,m,Stanford Invitational,2026-04-03,,,-1.5,Outdoor,https://www.tfrrs.org/results/95354/5900627/Stanford_Invitational/Long-Jump,TFRRS all_performances
"Atkins, Cassandra",Oregon,Big Ten,Long Jump,2026,2,,,5.54,m,Oregon Team Invitational,2026-04-17,,,1.0,Outdoor,https://www.tfrrs.org/results/96113/5993752/Oregon_Team_Invitational/Long-Jump,TFRRS all_performances
"Canaday-Elliott, Maleigha",Oregon,Big Ten,Long Jump,2026,1,,,5.73,m,Oregon Team Invitational,2026-04-17,,,-0.7,Outdoor,https://www.tfrrs.org/results/96113/5993752/Oregon_Team_Invitational/Long-Jump,TFRRS all_performances
"Webster, Loren",Oregon,Big Ten,Long Jump,2026,1,,,5.73,m,Oregon Team Invitational,2026-04-17,,,0.7,Outdoor,https://www.tfrrs.org/results/96113/5993752/Oregon_Team_Invitational/Long-Jump,TFRRS all_performances
"Atkins, Cassandra",Oregon,Big Ten,Long Jump,2026,2,,,6.21,m,Desert Heat Classic,2026-05-02,,,+0.0,Outdoor,https://www.tfrrs.org/results/96521/5999935/Desert_Heat_Classic/Long-Jump,TFRRS all_performances
"Lusti, Liisa-Maria",Oregon,Big Ten,Long Jump,2026,1,,,6.40,m,Desert Heat Classic,2026-05-02,,,1.0,Outdoor,https://www.tfrrs.org/results/96521/5999935/Desert_Heat_Classic/Long-Jump,TFRRS all_performances
"Atkins, Cassandra",Oregon,Big Ten,Long Jump,2026,2,,,6.02,m,2026 Big Ten Outdoor Track & Field Championships,2026-05-15,,,-1.4,Outdoor,https://www.tfrrs.org/results/96121/6000044/2026_Big_Ten_Outdoor_Track__Field_Championships/Long-Jump,TFRRS all_performances
"Davronova, Sharifa",Oregon,Big Ten,Long Jump,2026,2,,,5.84,m,2026 Big Ten Outdoor Track & Field Championships,2026-05-15,,,0.1,Outdoor,https://www.tfrrs.org/results/96121/6000044/2026_Big_Ten_Outdoor_Track__Field_Championships/Long-Jump,TFRRS all_performances
"Lusti, Liisa-Maria",Oregon,Big Ten,Long Jump,2026,1,,,6.16,m,2026 Big Ten Outdoor Track & Field Championships,2026-05-15,,,0.6,Outdoor,https://www.tfrrs.org/results/96121/6000044/2026_Big_Ten_Outdoor_Track__Field_Championships/Long-Jump,TFRRS all_performances
"Lusti, Liisa-Maria",Oregon,Big Ten,Long Jump,2026,1,,,6.06,m,2026 Big Ten Outdoor Track & Field Championships,2026-05-15,,,0.9,Outdoor,https://www.tfrrs.org/results/96121/6000086/2026_Big_Ten_Outdoor_Track__Field_Championships/Long-Jump,TFRRS all_performances
"Lusti, Liisa-Maria",Oregon,Big Ten,Long Jump,2026,2,,,6.17,m,NCAA Division I West First Rounds,2026-05-27,,,0.9,Outdoor,https://www.tfrrs.org/results/96717/6004604/NCAA_Division_I_West_First_Rounds/Long-Jump,TFRRS all_performances
"Bush, Ahnyx",USC,Big Ten,Long Jump,2026,4,,,5.93,m,Trojan Invite,2026-03-27,,,-1.1,Outdoor,https://www.tfrrs.org/results/95520/5875991/Trojan_Invite/Long-Jump,TFRRS all_performances
"Foreman, Jada",USC,Big Ten,Long Jump,2026,4,,,6.17,m,Trojan Invite,2026-03-27,,,+0.0,Outdoor,https://www.tfrrs.org/results/95520/5875991/Trojan_Invite/Long-Jump,TFRRS all_performances
"Gatlin, Jada",USC,Big Ten,Long Jump,2026,3,,,6.11,m,Trojan Invite,2026-03-27,,,1.7,Outdoor,https://www.tfrrs.org/results/95520/5875991/Trojan_Invite/Long-Jump,TFRRS all_performances
"Hope, Alyssa",USC,Big Ten,Long Jump,2026,3,,,6.35,m,Trojan Invite,2026-03-27,,,+0.0,Outdoor,https://www.tfrrs.org/results/95520/5875991/Trojan_Invite/Long-Jump,TFRRS all_performances
"Reed, Lauren",USC,Big Ten,Long Jump,2026,4,,,6.27,m,Trojan Invite,2026-03-27,,,-0.8,Outdoor,https://www.tfrrs.org/results/95520/5875991/Trojan_Invite/Long-Jump,TFRRS all_performances
"Foreman, Jada",USC,Big Ten,Long Jump,2026,4,,,5.79,m,LSU Battle on the Bayou,2026-04-03,,,0.1,Outdoor,https://www.tfrrs.org/results/93386/5904437/_LSU_Battle_on_the_Bayou/Long-Jump,TFRRS all_performances
"Gatlin, Jada",USC,Big Ten,Long Jump,2026,3,,,5.39,m,LSU Battle on the Bayou,2026-04-03,,,+0.0,Outdoor,https://www.tfrrs.org/results/93386/5904437/_LSU_Battle_on_the_Bayou/Long-Jump,TFRRS all_performances
"Hope, Alyssa",USC,Big Ten,Long Jump,2026,3,,,6.15,m,LSU Battle on the Bayou,2026-04-03,,,0.8,Outdoor,https://www.tfrrs.org/results/93386/5904437/_LSU_Battle_on_the_Bayou/Long-Jump,TFRRS all_performances
"Reed, Lauren",USC,Big Ten,Long Jump,2026,4,,,6.17,m,LSU Battle on the Bayou,2026-04-03,,,1.3,Outdoor,https://www.tfrrs.org/results/93386/5904437/_LSU_Battle_on_the_Bayou/Long-Jump,TFRRS all_performances
"Bush, Ahnyx",USC,Big Ten,Long Jump,2026,4,,,5.51,m,66th Annual Mt. SAC Relays,2026-04-15,,,0.4,Outdoor,https://www.tfrrs.org/results/95455/5966569/66th_Annual_Mt_SAC_Relays/Long-Jump,TFRRS all_performances
"Hope, Alyssa",USC,Big Ten,Long Jump,2026,3,,,6.04,m,66th Annual Mt. SAC Relays,2026-04-15,,,0.6,Outdoor,https://www.tfrrs.org/results/95455/5966549/66th_Annual_Mt_SAC_Relays/Long-Jump,TFRRS all_performances
"Lott, Falyn",USC,Big Ten,Long Jump,2026,2,,,5.16,m,66th Annual Mt. SAC Relays,2026-04-15,,,1.1,Outdoor,https://www.tfrrs.org/results/95455/5966569/66th_Annual_Mt_SAC_Relays/Long-Jump,TFRRS all_performances
"Reed, Lauren",USC,Big Ten,Long Jump,2026,4,,,6.13,m,66th Annual Mt. SAC Relays,2026-04-15,,,1.1,Outdoor,https://www.tfrrs.org/results/95455/5966569/66th_Annual_Mt_SAC_Relays/Long-Jump,TFRRS all_performances
"Bush, Ahnyx",USC,Big Ten,Long Jump,2026,4,,,5.84,m,USC v. UCLA Dual Meet,2026-05-02,,,+0.0,Outdoor,https://www.tfrrs.org/results/96454/5980197/USC_v_UCLA_Dual_Meet/Long-Jump,TFRRS all_performances
"Foreman, Jada",USC,Big Ten,Long Jump,2026,4,,,5.66,m,USC v. UCLA Dual Meet,2026-05-02,,,+0.0,Outdoor,https://www.tfrrs.org/results/96454/5980197/USC_v_UCLA_Dual_Meet/Long-Jump,TFRRS all_performances
"Gatlin, Jada",USC,Big Ten,Long Jump,2026,3,,,5.67,m,USC v. UCLA Dual Meet,2026-05-02,,,+0.0,Outdoor,https://www.tfrrs.org/results/96454/5980197/USC_v_UCLA_Dual_Meet/Long-Jump,TFRRS all_performances
"Hope, Alyssa",USC,Big Ten,Long Jump,2026,3,,,6.30,m,USC v. UCLA Dual Meet,2026-05-02,,,+0.0,Outdoor,https://www.tfrrs.org/results/96454/5980197/USC_v_UCLA_Dual_Meet/Long-Jump,TFRRS all_performances
"Reed, Lauren",USC,Big Ten,Long Jump,2026,4,,,6.09,m,USC v. UCLA Dual Meet,2026-05-02,,,0.7,Outdoor,https://www.tfrrs.org/results/96454/5980197/USC_v_UCLA_Dual_Meet/Long-Jump,TFRRS all_performances
"Foreman, Jada",USC,Big Ten,Long Jump,2026,4,,,5.56,m,2026 Big Ten Outdoor Track & Field Championships,2026-05-15,,,-1.3,Outdoor,https://www.tfrrs.org/results/96121/6000044/2026_Big_Ten_Outdoor_Track__Field_Championships/Long-Jump,TFRRS all_performances
"Hope, Alyssa",USC,Big Ten,Long Jump,2026,3,,,5.98,m,2026 Big Ten Outdoor Track & Field Championships,2026-05-15,,,-0.6,Outdoor,https://www.tfrrs.org/results/96121/6000044/2026_Big_Ten_Outdoor_Track__Field_Championships/Long-Jump,TFRRS all_performances
"Reed, Lauren",USC,Big Ten,Long Jump,2026,4,,,6.29,m,2026 Big Ten Outdoor Track & Field Championships,2026-05-15,,,-3.0,Outdoor,https://www.tfrrs.org/results/96121/6000044/2026_Big_Ten_Outdoor_Track__Field_Championships/Long-Jump,TFRRS all_performances
"Hope, Alyssa",USC,Big Ten,Long Jump,2026,3,,,5.93,m,NCAA Division I West First Rounds,2026-05-27,,,0.1,Outdoor,https://www.tfrrs.org/results/96717/6004604/NCAA_Division_I_West_First_Rounds/Long-Jump,TFRRS all_performances
"Reed, Lauren",USC,Big Ten,Long Jump,2026,4,,,5.54,m,NCAA Division I West First Rounds,2026-05-27,,,0.4,Outdoor,https://www.tfrrs.org/results/96717/6004604/NCAA_Division_I_West_First_Rounds/Long-Jump,TFRRS all_performances
"Edwards, Adrienne",Washington,Big Ten,Long Jump,2026,1,,,5.32,m,2026 Peyton-Shotwell Invitational,2026-03-28,,,0.7,Outdoor,https://www.tfrrs.org/results/95008/5880967/2026_Peyton-Shotwell_Invitational/Long-Jump,TFRRS all_performances
"Kelly, Addison",Washington,Big Ten,Long Jump,2026,1,,,5.48,m,2026 Peyton-Shotwell Invitational,2026-03-28,,,+0.0,Outdoor,https://www.tfrrs.org/results/95008/5880967/2026_Peyton-Shotwell_Invitational/Long-Jump,TFRRS all_performances
"Washburn, Ava",Washington,Big Ten,Long Jump,2026,2,,,6.19,m,2026 Peyton-Shotwell Invitational,2026-03-28,,,+0.0,Outdoor,https://www.tfrrs.org/results/95008/5880967/2026_Peyton-Shotwell_Invitational/Long-Jump,TFRRS all_performances
"Cosculluela, Sofia",Washington,Big Ten,Long Jump,2026,2,,,6.07,m,Stanford Invitational,2026-04-03,,,0.8,Outdoor,https://www.tfrrs.org/results/95354/5900627/Stanford_Invitational/Long-Jump,TFRRS all_performances
"Washburn, Ava",Washington,Big Ten,Long Jump,2026,2,,,5.97,m,Stanford Invitational,2026-04-03,,,0.7,Outdoor,https://www.tfrrs.org/results/95354/5900627/Stanford_Invitational/Long-Jump,TFRRS all_performances
"Cosculluela, Sofia",Washington,Big Ten,Long Jump,2026,2,,,6.22,m,66th Annual Mt. SAC Relays,2026-04-15,,,2.0,Outdoor,https://www.tfrrs.org/results/95455/5966618/66th_Annual_Mt_SAC_Relays/Long-Jump,TFRRS all_performances
"Washburn, Ava",Washington,Big Ten,Long Jump,2026,2,,,5.75,m,66th Annual Mt. SAC Relays,2026-04-15,,,1.3,Outdoor,https://www.tfrrs.org/results/95455/5966569/66th_Annual_Mt_SAC_Relays/Long-Jump,TFRRS all_performances
"Edwards, Adrienne",Washington,Big Ten,Long Jump,2026,1,,,5.42,m,Desert Heat Classic,2026-05-02,,,2.5,Outdoor,https://www.tfrrs.org/results/96521/5999935/Desert_Heat_Classic/Long-Jump,TFRRS all_performances
"Washburn, Ava",Washington,Big Ten,Long Jump,2026,2,,,6.30,m,Desert Heat Classic,2026-05-02,,,0.1,Outdoor,https://www.tfrrs.org/results/96521/5999935/Desert_Heat_Classic/Long-Jump,TFRRS all_performances
"Cosculluela, Sofia",Washington,Big Ten,Long Jump,2026,2,,,6.44,m,2026 Big Ten Outdoor Track & Field Championships,2026-05-15,,,-3.2,Outdoor,https://www.tfrrs.org/results/96121/6000044/2026_Big_Ten_Outdoor_Track__Field_Championships/Long-Jump,TFRRS all_performances
"Washburn, Ava",Washington,Big Ten,Long Jump,2026,2,,,5.91,m,2026 Big Ten Outdoor Track & Field Championships,2026-05-15,,,-1.5,Outdoor,https://www.tfrrs.org/results/96121/6000044/2026_Big_Ten_Outdoor_Track__Field_Championships/Long-Jump,TFRRS all_performances
"Washburn, Ava",Washington,Big Ten,Long Jump,2026,2,,,6.03,m,NCAA Division I West First Rounds,2026-05-27,,,1.0,Outdoor,https://www.tfrrs.org/results/96717/6004604/NCAA_Division_I_West_First_Rounds/Long-Jump,TFRRS all_performances
"Cosculluela, Sofia",Washington,Big Ten,Long Jump,2026,2,,,6.52,m,NCAA Division I Outdoor Track & Field Championships,2026-06-10,,,-0.9,Outdoor,https://www.tfrrs.org/results/96875/6005734/NCAA_Division_I_Outdoor_Track__Field_Championships/Long-Jump,TFRRS all_performances
"Balous, Ryhan",Alabama,SEC,Long Jump,2026,1,,,6.22,m,Crimson Tide Invitational,2026-04-10,,,0.5,Outdoor,https://www.tfrrs.org/results/96368/5914693/Crimson_Tide_Invitational/Long-Jump,TFRRS all_performances
"Horielova, Mariia",Alabama,SEC,Long Jump,2026,3,,,5.98,m,Crimson Tide Invitational,2026-04-10,,,3.6,Outdoor,https://www.tfrrs.org/results/96368/5914693/Crimson_Tide_Invitational/Long-Jump,TFRRS all_performances
"Horielova, Mariia",Alabama,SEC,Long Jump,2026,3,,,5.99,m,Tom Jones Memorial,2026-04-16,,,1.3,Outdoor,https://www.tfrrs.org/results/96536/5940591/Tom_Jones_Memorial/Long-Jump,TFRRS all_performances
"Ailes, Miracle",Alabama,SEC,Long Jump,2026,4,,,6.39,m,2026 Tiger Track Classic,2026-04-25,,,1.8,Outdoor,https://www.tfrrs.org/results/95835/5958596/2026_Tiger_Track_Classic/Long-Jump,TFRRS all_performances
"Balous, Ryhan",Alabama,SEC,Long Jump,2026,1,,,6.07,m,Torrin Lawrence Memorial,2026-05-01,,,-0.3,Outdoor,https://www.tfrrs.org/results/96742/5983452/Torrin_Lawrence_Memorial/Long-Jump,TFRRS all_performances
"Horielova, Mariia",Alabama,SEC,Long Jump,2026,3,,,6.30,m,Torrin Lawrence Memorial,2026-05-01,,,1.6,Outdoor,https://www.tfrrs.org/results/96742/5983452/Torrin_Lawrence_Memorial/Long-Jump,TFRRS all_performances
"Ailes, Miracle",Alabama,SEC,Long Jump,2026,4,,,6.45,m,SEC Outdoor T&F Championships 2026,2026-05-14,,,0.8,Outdoor,https://www.tfrrs.org/results/96148/6005998/SEC_Outdoor_TF_Championships_2026/Long-Jump,TFRRS all_performances
"Harris, Caelyn",Alabama,SEC,Long Jump,2026,4,,,6.27,m,SEC Outdoor T&F Championships 2026,2026-05-14,,,0.7,Outdoor,https://www.tfrrs.org/results/96148/6005998/SEC_Outdoor_TF_Championships_2026/Long-Jump,TFRRS all_performances
"Horielova, Mariia",Alabama,SEC,Long Jump,2026,3,,,6.34,m,SEC Outdoor T&F Championships 2026,2026-05-14,,,0.1,Outdoor,https://www.tfrrs.org/results/96148/6005998/SEC_Outdoor_TF_Championships_2026/Long-Jump,TFRRS all_performances
"Ailes, Miracle",Alabama,SEC,Long Jump,2026,4,,,5.96,m,NCAA Division I East First Rounds,2026-05-27,,,0.4,Outdoor,https://www.tfrrs.org/results/96716/6004550/NCAA_Division_I_East_First_Rounds/Long-Jump,TFRRS all_performances
"Balous, Ryhan",Alabama,SEC,Long Jump,2026,1,,,6.01,m,NCAA Division I East First Rounds,2026-05-27,,,0.6,Outdoor,https://www.tfrrs.org/results/96716/6004550/NCAA_Division_I_East_First_Rounds/Long-Jump,TFRRS all_performances
"Harris, Caelyn",Alabama,SEC,Long Jump,2026,4,,,6.46,m,NCAA Division I East First Rounds,2026-05-27,,,0.5,Outdoor,https://www.tfrrs.org/results/96716/6004550/NCAA_Division_I_East_First_Rounds/Long-Jump,TFRRS all_performances
"Horielova, Mariia",Alabama,SEC,Long Jump,2026,3,,,6.31,m,NCAA Division I East First Rounds,2026-05-27,,,1.1,Outdoor,https://www.tfrrs.org/results/96716/6004550/NCAA_Division_I_East_First_Rounds/Long-Jump,TFRRS all_performances
"Harris, Caelyn",Alabama,SEC,Long Jump,2026,4,,,6.65,m,NCAA Division I Outdoor Track & Field Championships,2026-06-10,,,0.2,Outdoor,https://www.tfrrs.org/results/96875/6005690/NCAA_Division_I_Outdoor_Track__Field_Championships/Long-Jump,TFRRS all_performances
"Horielova, Mariia",Alabama,SEC,Long Jump,2026,3,,,5.88,m,NCAA Division I Outdoor Track & Field Championships,2026-06-10,,,-0.3,Outdoor,https://www.tfrrs.org/results/96875/6005690/NCAA_Division_I_Outdoor_Track__Field_Championships/Long-Jump,TFRRS all_performances
"Alix, India",Florida,SEC,Long Jump,2026,3,,,6.09,m,Tom Jones Memorial,2026-04-16,,,0.9,Outdoor,https://www.tfrrs.org/results/96536/5940591/Tom_Jones_Memorial/Long-Jump,TFRRS all_performances
"Phillips, Asia",Florida,SEC,Long Jump,2026,2,,,6.26,m,Tom Jones Memorial,2026-04-16,,,4.0,Outdoor,https://www.tfrrs.org/results/96536/5940591/Tom_Jones_Memorial/Long-Jump,TFRRS all_performances
"Bikembo, Pauline",Florida,SEC,Long Jump,2026,3,,,6.02,m,2026 East Coast Relays,2026-05-01,,,2.1,Outdoor,https://www.tfrrs.org/results/93606/5982306/2026_East_Coast_Relays/Long-Jump,TFRRS all_performances
"Phillips, Asia",Florida,SEC,Long Jump,2026,2,,,6.23,m,2026 East Coast Relays,2026-05-01,,,2.5,Outdoor,https://www.tfrrs.org/results/93606/5982306/2026_East_Coast_Relays/Long-Jump,TFRRS all_performances
"Alix, India",Florida,SEC,Long Jump,2026,3,,,6.17,m,SEC Outdoor T&F Championships 2026,2026-05-14,,,1.2,Outdoor,https://www.tfrrs.org/results/96148/6005998/SEC_Outdoor_TF_Championships_2026/Long-Jump,TFRRS all_performances
"Bikembo, Pauline",Florida,SEC,Long Jump,2026,3,,,5.96,m,SEC Outdoor T&F Championships 2026,2026-05-14,,,0.1,Outdoor,https://www.tfrrs.org/results/96148/6006053/SEC_Outdoor_TF_Championships_2026/Long-Jump,TFRRS all_performances
"Robinson, Eden",Florida,SEC,Long Jump,2026,1,,,5.58,m,SEC Outdoor T&F Championships 2026,2026-05-14,,,3.3,Outdoor,https://www.tfrrs.org/results/96148/6006053/SEC_Outdoor_TF_Championships_2026/Long-Jump,TFRRS all_performances
"Bikembo, Pauline",Florida,SEC,Long Jump,2026,3,,,6.08,m,NCAA Division I Outdoor Track & Field Championships,2026-06-10,,,0.2,Outdoor,https://www.tfrrs.org/results/96875/6005734/NCAA_Division_I_Outdoor_Track__Field_Championships/Long-Jump,TFRRS all_performances
"Birden, Toni",Georgia,SEC,Long Jump,2026,4,,,6.09,m,Hurricane Collegiate Invitational,2026-03-27,,,0.5,Outdoor,https://www.tfrrs.org/results/96094/5876082/Hurricane_Collegiate_Invitational/Long-Jump,TFRRS all_performances
"Rush, Ella",Georgia,SEC,Long Jump,2026,4,,,6.19,m,Hurricane Collegiate Invitational,2026-03-27,,,0.5,Outdoor,https://www.tfrrs.org/results/96094/5876082/Hurricane_Collegiate_Invitational/Long-Jump,TFRRS all_performances
"Williams, Chelsi",Georgia,SEC,Long Jump,2026,1,,,6.43,m,Hurricane Collegiate Invitational,2026-03-27,,,0.5,Outdoor,https://www.tfrrs.org/results/96094/5876082/Hurricane_Collegiate_Invitational/Long-Jump,TFRRS all_performances
"Kitchings, Ava",Georgia,SEC,Long Jump,2026,1,,,6.26,m,LSU Battle on the Bayou,2026-04-03,,,2.0,Outdoor,https://www.tfrrs.org/results/93386/5904437/_LSU_Battle_on_the_Bayou/Long-Jump,TFRRS all_performances
"Kitchings, Ava",Georgia,SEC,Long Jump,2026,1,,,6.17,m,Spec Towns Invitational,2026-04-09,,,+0.0,Outdoor,https://www.tfrrs.org/results/96380/5924756/Spec_Towns_Invitational/Long-Jump,TFRRS all_performances
"Rush, Ella",Georgia,SEC,Long Jump,2026,4,,,6.26,m,Spec Towns Invitational,2026-04-09,,,0.1,Outdoor,https://www.tfrrs.org/results/96380/5924783/Spec_Towns_Invitational/Long-Jump,TFRRS all_performances
"Kitchings, Ava",Georgia,SEC,Long Jump,2026,1,,,6.32,m,Tom Jones Memorial,2026-04-16,,,0.7,Outdoor,https://www.tfrrs.org/results/96536/5940591/Tom_Jones_Memorial/Long-Jump,TFRRS all_performances
"Birden, Toni",Georgia,SEC,Long Jump,2026,4,,,5.96,m,Torrin Lawrence Memorial,2026-05-01,,,0.7,Outdoor,https://www.tfrrs.org/results/96742/5983452/Torrin_Lawrence_Memorial/Long-Jump,TFRRS all_performances
"Rush, Ella",Georgia,SEC,Long Jump,2026,4,,,6.22,m,Torrin Lawrence Memorial,2026-05-01,,,2.1,Outdoor,https://www.tfrrs.org/results/96742/5983452/Torrin_Lawrence_Memorial/Long-Jump,TFRRS all_performances
"Williams, Chelsi",Georgia,SEC,Long Jump,2026,1,,,6.35,m,Torrin Lawrence Memorial,2026-05-01,,,1.4,Outdoor,https://www.tfrrs.org/results/96742/5983452/Torrin_Lawrence_Memorial/Long-Jump,TFRRS all_performances
"Rush, Ella",Georgia,SEC,Long Jump,2026,4,,,6.32,m,SEC Outdoor T&F Championships 2026,2026-05-14,,,-0.8,Outdoor,https://www.tfrrs.org/results/96148/6006053/SEC_Outdoor_TF_Championships_2026/Long-Jump,TFRRS all_performances
"Williams, Chelsi",Georgia,SEC,Long Jump,2026,1,,,6.05,m,SEC Outdoor T&F Championships 2026,2026-05-14,,,-0.2,Outdoor,https://www.tfrrs.org/results/96148/6005998/SEC_Outdoor_TF_Championships_2026/Long-Jump,TFRRS all_performances
"Kitchings, Ava",Georgia,SEC,Long Jump,2026,1,,,6.11,m,NCAA Division I East First Rounds,2026-05-27,,,-0.1,Outdoor,https://www.tfrrs.org/results/96716/6004550/NCAA_Division_I_East_First_Rounds/Long-Jump,TFRRS all_performances
"Rush, Ella",Georgia,SEC,Long Jump,2026,4,,,5.94,m,NCAA Division I East First Rounds,2026-05-27,,,0.6,Outdoor,https://www.tfrrs.org/results/96716/6004550/NCAA_Division_I_East_First_Rounds/Long-Jump,TFRRS all_performances
"Rush, Ella",Georgia,SEC,Long Jump,2026,4,,,6.29,m,NCAA Division I Outdoor Track & Field Championships,2026-06-10,,,2.3,Outdoor,https://www.tfrrs.org/results/96875/6005734/NCAA_Division_I_Outdoor_Track__Field_Championships/Long-Jump,TFRRS all_performances
"Reynolds, Skyler",Kentucky,SEC,Long Jump,2026,4,,,5.77,m,UCF Black & Gold Challenge,2026-03-20,,,2.7,Outdoor,https://www.tfrrs.org/results/92770/5856930/UCF_Black__Gold_Challenge/Long-Jump,TFRRS all_performances
"Reynolds, Skyler",Kentucky,SEC,Long Jump,2026,4,,,5.94,m,Bellarmine Univ. Jim Vargo Invitational 2026,2026-03-28,,,0.1,Outdoor,https://www.tfrrs.org/results/95042/5876033/Bellarmine_Univ_Jim_Vargo_Invitational_2026/Long-Jump,TFRRS all_performances
"Beasley, Dahlia",Kentucky,SEC,Long Jump,2026,2,,,5.62,m,2026 98th Clyde Littlefield Texas Relays (Univ/College),2026-04-01,,,-0.7,Outdoor,https://www.tfrrs.org/results/94985/5911892/2026_98th_Clyde_Littlefield_Texas_Relays_Univ_College/Long-Jump,TFRRS all_performances
"Gunnell, Julia",Kentucky,SEC,Long Jump,2026,3,,,5.53,m,2026 98th Clyde Littlefield Texas Relays (Univ/College),2026-04-01,,,-0.9,Outdoor,https://www.tfrrs.org/results/94985/5911892/2026_98th_Clyde_Littlefield_Texas_Relays_Univ_College/Long-Jump,TFRRS all_performances
"Reynolds, Skyler",Kentucky,SEC,Long Jump,2026,4,,,5.73,m,Tennessee Invite,2026-04-10,,,+0.0,Outdoor,https://www.tfrrs.org/results/95672/5932040/Tennessee_Invite/Long-Jump,TFRRS all_performances
"Beasley, Dahlia",Kentucky,SEC,Long Jump,2026,2,,,5.67,m,Tom Jones Memorial,2026-04-16,,,0.7,Outdoor,https://www.tfrrs.org/results/96536/5940621/Tom_Jones_Memorial/Long-Jump,TFRRS all_performances
"Gunnell, Julia",Kentucky,SEC,Long Jump,2026,3,,,5.68,m,Tom Jones Memorial,2026-04-16,,,1.7,Outdoor,https://www.tfrrs.org/results/96536/5940621/Tom_Jones_Memorial/Long-Jump,TFRRS all_performances
"Reynolds, Skyler",Kentucky,SEC,Long Jump,2026,4,,,5.96,m,Jim Green Invitational,2026-05-01,,,1.2,Outdoor,https://www.tfrrs.org/results/96741/5975308/Jim_Green_Invitational/Long-Jump,TFRRS all_performances
"Beasley, Dahlia",Kentucky,SEC,Long Jump,2026,2,,,5.88,m,SEC Outdoor T&F Championships 2026,2026-05-14,,,0.8,Outdoor,https://www.tfrrs.org/results/96148/6006053/SEC_Outdoor_TF_Championships_2026/Long-Jump,TFRRS all_performances
"Gunnell, Julia",Kentucky,SEC,Long Jump,2026,3,,,5.69,m,SEC Outdoor T&F Championships 2026,2026-05-14,,,1.5,Outdoor,https://www.tfrrs.org/results/96148/6006053/SEC_Outdoor_TF_Championships_2026/Long-Jump,TFRRS all_performances
"Gunnell, Julia",Kentucky,SEC,Long Jump,2026,3,,,5.65,m,NCAA Division I Outdoor Track & Field Championships,2026-06-10,,,0.2,Outdoor,https://www.tfrrs.org/results/96875/6005734/NCAA_Division_I_Outdoor_Track__Field_Championships/Long-Jump,TFRRS all_performances
"Gist, Cameran",South Carolina,SEC,Long Jump,2026,4,,,6.26,m,Alan Connie Shamrock Invitational (Roster Registration),2026-03-19,,,+0.0,Outdoor,https://www.tfrrs.org/results/95049/5912051/Alan_Connie_Shamrock_Invitational_Roster_Registration/Long-Jump,TFRRS all_performances
"Childress, Madison",South Carolina,SEC,Long Jump,2026,3,,,5.64,m,Raleigh Relays,2026-03-26,,,1.5,Outdoor,https://www.tfrrs.org/results/94354/5877094/Raleigh_Relays/Long-Jump,TFRRS all_performances
"Harris, Tristen",South Carolina,SEC,Long Jump,2026,1,,,6.34,m,2026 Pepsi Florida Relays,2026-04-03,,,1.3,Outdoor,https://www.tfrrs.org/results/95329/6002587/2026_Pepsi_Florida_Relays/Long-Jump,TFRRS all_performances
"Harris, Tristen",South Carolina,SEC,Long Jump,2026,1,,,6.34,m,Tom Jones Memorial,2026-04-16,,,0.4,Outdoor,https://www.tfrrs.org/results/96536/5940591/Tom_Jones_Memorial/Long-Jump,TFRRS all_performances
"Childress, Madison",South Carolina,SEC,Long Jump,2026,3,,,5.83,m,2026 Tiger Track Classic,2026-04-25,,,0.7,Outdoor,https://www.tfrrs.org/results/95835/5958596/2026_Tiger_Track_Classic/Long-Jump,TFRRS all_performances
"Kinard, Maliya",South Carolina,SEC,Long Jump,2026,2,,,5.94,m,2026 Tiger Track Classic,2026-04-25,,,0.8,Outdoor,https://www.tfrrs.org/results/95835/5958596/2026_Tiger_Track_Classic/Long-Jump,TFRRS all_performances
"Childress, Madison",South Carolina,SEC,Long Jump,2026,3,,,5.80,m,2026 East Coast Relays,2026-05-01,,,0.9,Outdoor,https://www.tfrrs.org/results/93606/5982306/2026_East_Coast_Relays/Long-Jump,TFRRS all_performances
"Childress, Madison",South Carolina,SEC,Long Jump,2026,3,,,5.61,m,SEC Outdoor T&F Championships 2026,2026-05-14,,,1.2,Outdoor,https://www.tfrrs.org/results/96148/6005998/SEC_Outdoor_TF_Championships_2026/Long-Jump,TFRRS all_performances
"Harris, Tristen",South Carolina,SEC,Long Jump,2026,1,,,6.49,m,SEC Outdoor T&F Championships 2026,2026-05-14,,,0.9,Outdoor,https://www.tfrrs.org/results/96148/6005998/SEC_Outdoor_TF_Championships_2026/Long-Jump,TFRRS all_performances
"Harris, Tristen",South Carolina,SEC,Long Jump,2026,1,,,6.33,m,NCAA Division I East First Rounds,2026-05-27,,,0.2,Outdoor,https://www.tfrrs.org/results/96716/6004550/NCAA_Division_I_East_First_Rounds/Long-Jump,TFRRS all_performances
"Harris, Tristen",South Carolina,SEC,Long Jump,2026,1,,,6.43,m,NCAA Division I Outdoor Track & Field Championships,2026-06-10,,,1.0,Outdoor,https://www.tfrrs.org/results/96875/6005690/NCAA_Division_I_Outdoor_Track__Field_Championships/Long-Jump,TFRRS all_performances
